v 0.06020188331604004 -0.015344677492976189 -0.03127099573612213
v 0.06377692520618439 -0.016425691545009613 -0.03013603389263153
v 0.0642993375658989 -0.014997247606515884 -0.029492195695638657
v 0.06076965481042862 -0.014386237598955631 -0.030822210013866425
v 0.07093247771263123 -0.013842804357409477 -0.03916039690375328
v 0.07213941961526871 -0.01103906612843275 -0.034072939306497574
v 0.07167033106088638 -0.008792365901172161 -0.03272306174039841
v 0.07116489112377167 -0.008313257247209549 -0.03559316694736481
v 0.02243760973215103 -0.044305469840765 -0.09812639653682709
v 0.007476842496544123 -0.044054701924324036 -0.1021549329161644
v 0.007892237976193428 -0.055311545729637146 -0.10154242813587189
v 0.02188272401690483 -0.0584588497877121 -0.09682177007198334
v 0.04331936687231064 -0.08364430069923401 -0.08208900690078735
v 0.03743034973740578 -0.07513823360204697 -0.08615992963314056
v 0.035471417009830475 -0.08668531477451324 -0.09167221188545227
v 0.04519297927618027 -0.09128473699092865 -0.08286482095718384
v 0.032978639006614685 0.02828405797481537 0.06680896878242493
v 0.04032505303621292 0.027924837544560432 0.06130612641572952
v 0.03929843381047249 0.02192019671201706 0.06379641592502594
v -0.06914030015468597 -0.01962490752339363 -0.032378196716308594
v -0.07263384759426117 -0.020956989377737045 -0.031188171356916428
v -0.0732729434967041 -0.019577374681830406 -0.030662966892123222
v -0.06972800940275192 -0.018672268837690353 -0.032021209597587585
v -0.08032937347888947 -0.018632519990205765 -0.04065726697444916
v -0.08188118785619736 -0.015928294509649277 -0.035610638558864594
v -0.08135998249053955 -0.013643215410411358 -0.03432716801762581
v -0.08092989772558212 -0.013122688047587872 -0.037247300148010254
v 0.032154202461242676 0.021925490349531174 0.06783095747232437
v 0.08706342428922653 0.009961649775505066 -0.043475955724716187
v 0.08724047988653183 0.007666260004043579 -0.045175038278102875
v 0.08807554095983505 0.005592534318566322 -0.04377606883645058
v 0.08775635063648224 0.007433942519128323 -0.041909392923116684
v 0.08399606496095657 -0.007264649961143732 -0.04633641988039017
v 0.0841885358095169 -9.935349225997925e-05 -0.04596198350191116
v 0.08531618863344193 0.002461870200932026 -0.04600448161363602
v 0.08553566038608551 0.0001480504870414734 -0.04574409872293472
v 0.08388952165842056 -0.018067151308059692 -0.0455656424164772
v 0.08252419531345367 -0.0174116138368845 -0.04527091234922409
v 0.0838737040758133 -0.012654569931328297 -0.04605124890804291
v 0.085512176156044 -0.012951352633535862 -0.046635229140520096
v 0.07074903696775436 -0.04287281259894371 -0.02593805082142353
v 0.07320854067802429 -0.03940962627530098 -0.02800724469125271
v 0.07346446812152863 -0.0424167737364769 -0.029933372512459755
v 0.06921178102493286 -0.044654689729213715 -0.02835279330611229
v 0.06604232639074326 -0.042264413088560104 -0.029224500060081482
v 0.07026631385087967 -0.04218920320272446 -0.03369051218032837
v 0.0697145015001297 -0.038400113582611084 -0.034255608916282654
v 0.06623485684394836 -0.03882578760385513 -0.031034929677844048
v 0.08223113417625427 0.01680421642959118 -0.029096294194459915
v 0.08289574831724167 0.013033641502261162 -0.029000625014305115
v 0.08176445960998535 0.011606572195887566 -0.027170564979314804
v 0.08087176084518433 0.01522385235875845 -0.02698519639670849
v 0.06769943982362747 -0.012987835332751274 -0.04486127197742462
v 0.06613361090421677 -0.019451076164841652 -0.044568099081516266
v 0.07222266495227814 -0.014392768032848835 -0.04609408229589462
v 0.07276297360658646 -0.01171874813735485 -0.04562532156705856
v 0.0825037881731987 0.008172756060957909 -0.036407772451639175
v 0.08243191242218018 0.009269196540117264 -0.03933695703744888
v 0.0828934907913208 0.0074508944526314735 -0.04102411866188049
v 0.08243901282548904 0.005846764892339706 -0.03901215270161629
v 0.08390522748231888 0.011547133326530457 -0.0441066175699234
v 0.08409635722637177 0.008965193293988705 -0.046007536351680756
v 0.06900176405906677 -0.03262631595134735 -0.023699412122368813
v 0.06809918582439423 -0.02912881411612034 -0.0221981443464756
v 0.06849122047424316 -0.02750580385327339 -0.02324570156633854
v 0.06863380968570709 -0.028470434248447418 -0.02513100951910019
v 0.07060188055038452 -0.014360629953444004 -0.03598815202713013
v 0.07221334427595139 -0.010229283012449741 -0.03250803053379059
v 0.08072522282600403 -0.02976376563310623 -0.04305315017700195
v 0.08032052218914032 -0.027858417481184006 -0.04167314991354942
v 0.08252362906932831 -0.023175150156021118 -0.04388805478811264
v 0.08267546445131302 -0.024398401379585266 -0.04560167342424393
v 0.07702410966157913 -0.02592303417623043 -0.03939979895949364
v 0.07932165265083313 -0.022373633459210396 -0.04195481538772583
v 0.08028598874807358 -0.02134169265627861 -0.04353012517094612
v 0.07946327328681946 -0.02393750473856926 -0.04200097173452377
v 0.0835610032081604 0.010781175456941128 -0.037296853959560394
v 0.08228519558906555 0.012224805541336536 -0.032089266926050186
v 0.08372120559215546 0.011021101847290993 -0.031057391315698624
v 0.08542127162218094 0.009585845284163952 -0.03550513833761215
v 0.07465662062168121 -0.00025942362844944 -0.04267861321568489
v 0.0730656236410141 0.0042762672528624535 -0.039674386382102966
v 0.07193554192781448 0.0035092290490865707 -0.039806611835956573
v 0.0731494277715683 -0.0004183473065495491 -0.04255085438489914
v 0.08417212963104248 0.008838146924972534 -0.04227003455162048
v 0.08461102843284607 0.006894654594361782 -0.04393240064382553
v 0.08334554731845856 0.005401358008384705 -0.04291493445634842
v 0.0742885023355484 0.003496800549328327 -0.02597881853580475
v 0.07591377943754196 0.005064377561211586 -0.02778845839202404
v 0.07602982968091965 0.003625298850238323 -0.028981123119592667
v 0.07573307305574417 0.002336319535970688 -0.028477417305111885
v 0.07320632040500641 -0.04281212389469147 -0.033577680587768555
v 0.06533372402191162 -0.029033135622739792 -0.0397995188832283
v 0.06707233935594559 -0.02841571904718876 -0.04147382080554962
v 0.06961123645305634 -0.023759260773658752 -0.04352543503046036
v 0.06781294196844101 -0.022482600063085556 -0.04362760856747627
v 0.06623677909374237 -0.04076813906431198 -0.023409077897667885
v 0.06939772516489029 -0.040507346391677856 -0.023771602660417557
v 0.06994656473398209 -0.04170861840248108 -0.024957766756415367
v 0.0669616311788559 -0.04310235753655434 -0.02533133700489998
v 0.07669778168201447 0.008314637467265129 -0.027325067669153214
v 0.07875175774097443 0.00790136493742466 -0.02918943762779236
v 0.07701274752616882 0.007003528065979481 -0.028879975900053978
v 0.07577184587717056 0.007214994169771671 -0.027421656996011734
v 0.08309615403413773 -0.0021169083192944527 -0.044787921011447906
v 0.08259470760822296 0.0036414936184883118 -0.04127265885472298
v 0.082302987575531 -0.011852891184389591 -0.04182128608226776
v 0.082418292760849 -0.011034049093723297 -0.04450071603059769
v 0.08199593424797058 -0.015364564955234528 -0.043770939111709595
v -0.03326351195573807 -0.046339381486177444 -0.09770488739013672
v -0.018514148890972137 -0.044961605221033096 -0.10194644331932068
v -0.017992403358221054 -0.056293487548828125 -0.10134600847959518
v -0.03151664882898331 -0.060540080070495605 -0.09639965742826462
v 0.08138593286275864 -0.015954338014125824 -0.041376594454050064
v 0.08247461169958115 -0.004103688523173332 -0.04002845659852028
v 0.08260997384786606 -0.003468831069767475 -0.04322873800992966
v 0.08595583587884903 0.004633509553968906 -0.04256850481033325
v 0.08613401651382446 -0.0008443184196949005 -0.044733330607414246
v 0.08536237478256226 0.005491301417350769 -0.043276671320199966
v 0.07111557573080063 0.006624795496463776 -0.03653133288025856
v 0.07135830074548721 0.010253619402647018 -0.0398905873298645
v 0.0699976235628128 0.004441020078957081 -0.04302426055073738
v 0.0710643082857132 0.004500862210988998 -0.03874583542346954
v 0.06917542964220047 -0.02351156622171402 -0.022686224430799484
v 0.07020813971757889 -0.021052293479442596 -0.02362542785704136
v 0.06854076683521271 -0.022983908653259277 -0.025898294523358345
v 0.06761337071657181 -0.025721941143274307 -0.025856027379631996
v 0.0705568864941597 -0.026148827746510506 -0.04280494153499603
v 0.06801075488328934 -0.02961972914636135 -0.04093620553612709
v 0.06870126724243164 -0.030413374304771423 -0.040414854884147644
v 0.07127877324819565 -0.028065374121069908 -0.0417175218462944
v 0.0808199793100357 0.008926629088819027 -0.030877459794282913
v 0.08118654787540436 0.004983910359442234 -0.03291516751050949
v 0.07963045686483383 0.004765699617564678 -0.03171127662062645
v 0.0726943165063858 -0.02641071379184723 -0.03237340226769447
v 0.07289630174636841 -0.02479415386915207 -0.0341794416308403
v 0.07449474185705185 -0.027289610356092453 -0.03572641685605049
v 0.07438609004020691 -0.029684288427233696 -0.03421181067824364
v 0.07728484272956848 -0.03755569085478783 -0.03850942105054855
v 0.07450589537620544 -0.03764919936656952 -0.03937842696905136
v 0.0724133774638176 -0.04031827300786972 -0.03637309372425079
v 0.07534844428300858 -0.04052906483411789 -0.03611794859170914
v 0.06836500763893127 -0.02694711834192276 -0.0255283210426569
v 0.06858190894126892 -0.0260339193046093 -0.02316400222480297
v 0.0767955482006073 0.00038161687552928925 -0.04428870230913162
v 0.07553912699222565 0.0057410066947340965 -0.04054868221282959
v 0.08228057622909546 0.004153888672590256 -0.03724221885204315
v 0.08249857276678085 0.0021880436688661575 -0.03934149816632271
v 0.0711941346526146 -0.010169142857193947 -0.025212492793798447
v 0.0695096030831337 -0.009576786309480667 -0.026946604251861572
v 0.06982684880495071 -0.010403248481452465 -0.027047958225011826
v 0.07194017618894577 -0.0115896575152874 -0.02526654303073883
v 0.07122296839952469 -0.0107301389798522 -0.02378888614475727
v 0.07175718992948532 -0.012295912019908428 -0.02398926205933094
v 0.07106568664312363 -0.012462912127375603 -0.023181814700365067
v 0.0706975907087326 -0.011676091700792313 -0.0228388961404562
v 0.06875018030405045 -0.00939087849110365 -0.027438374236226082
v 0.0691826120018959 -0.009661230258643627 -0.027222543954849243
v 0.06934135407209396 -0.009139243513345718 -0.027138246223330498
v 0.07315140217542648 -0.005392787978053093 -0.0370560847222805
v 0.07263939082622528 -0.01208935584872961 -0.04035692662000656
v 0.0717950314283371 -0.013326715677976608 -0.04097037389874458
v 0.07353927195072174 -0.008027524687349796 -0.03739866986870766
v 0.08295460790395737 -0.009762600064277649 -0.04578498378396034
v 0.07859018445014954 0.01120684202760458 -0.023706579580903053
v 0.07759947329759598 0.013935455121099949 -0.023027773946523666
v 0.07986541837453842 0.017133399844169617 -0.026398494839668274
v 0.06714341044425964 -0.022811610251665115 -0.036185264587402344
v 0.07059110701084137 -0.022929128259420395 -0.03380325064063072
v 0.07024091482162476 -0.023270081728696823 -0.03213537856936455
v 0.0677245631814003 -0.02316427417099476 -0.03441416472196579
v 0.06931201368570328 -0.018526794388890266 -0.028024038299918175
v 0.06703154742717743 -0.021679574623703957 -0.02852093055844307
v 0.07056151330471039 -0.020326176658272743 -0.02613116428256035
v 0.07130592316389084 -0.005156634375452995 -0.022296175360679626
v 0.07070478796958923 -0.008492058143019676 -0.02578040398657322
v 0.0707578957080841 -0.009494928643107414 -0.024680912494659424
v 0.07079380005598068 -0.009342741221189499 -0.02328137680888176
v 0.08388581871986389 -0.018559545278549194 -0.047079697251319885
v 0.08503790944814682 -0.012890545651316643 -0.04820498451590538
v 0.08326176553964615 -0.012752777896821499 -0.04955977946519852
v 0.0822281539440155 -0.018827345222234726 -0.04853421077132225
v 0.06746823340654373 -0.03670496493577957 -0.021829526871442795
v 0.06281322985887527 -0.03820449858903885 -0.025439130142331123
v 0.06620877981185913 -0.03314248099923134 -0.02135453373193741
v 0.08547057211399078 0.015452153980731964 -0.03739256411790848
v 0.08332107216119766 0.017166489735245705 -0.03737471625208855
v 0.08361095190048218 0.015613289549946785 -0.03987974300980568
v 0.08620505779981613 0.01394189428538084 -0.03971267491579056
v 0.07117372006177902 -0.0032099569216370583 -0.029653580859303474
v 0.07083337008953094 -0.0051657697185873985 -0.029929589480161667
v 0.07133188843727112 -0.004264215938746929 -0.02837805449962616
v 0.07110659033060074 -0.002073420211672783 -0.027949698269367218
v 0.04659262299537659 -0.031934648752212524 -0.07890347391366959
v 0.055026356130838394 -0.03420853614807129 -0.06055090203881264
v 0.0586051419377327 -0.019468914717435837 -0.06627596914768219
v 0.05124521628022194 -0.017717955633997917 -0.08169156312942505
v 0.07768658548593521 -0.03443298488855362 -0.03712623938918114
v 0.0770440399646759 -0.03709734231233597 -0.03506716713309288
v 0.07302863895893097 0.002132236957550049 -0.01948884129524231
v 0.07209466397762299 0.003798476420342922 -0.018383760005235672
v 0.07240188121795654 0.009543517604470253 -0.01924990862607956
v 0.07374952733516693 0.0063557811081409454 -0.019799349829554558
v 0.08498091995716095 0.0018703676760196686 -0.048996277153491974
v 0.0875350758433342 0.0010241763666272163 -0.04794236272573471
v 0.07620717585086823 0.00811936054378748 -0.02578798681497574
v 0.07827277481555939 0.01130655873566866 -0.028111137449741364
v 0.07693488150835037 0.009034077636897564 -0.02740241214632988
v 0.07568129897117615 0.007481498643755913 -0.026120835915207863
v 0.07603893429040909 -0.0003259461373090744 -0.02444901131093502
v 0.07670336216688156 0.0009073903784155846 -0.02415749616920948
v 0.07486977428197861 0.0017736190930008888 -0.02427838183939457
v 0.07389700412750244 0.0005075577646493912 -0.024754738435149193
v 0.0711258202791214 0.008757172152400017 -0.016657013446092606
v 0.07185179740190506 0.014252955093979836 -0.019128985702991486
v 0.06317464262247086 -0.029324810951948166 -0.039300158619880676
v 0.07525620609521866 0.0012130923569202423 -0.021420568227767944
v 0.07584980130195618 0.0038669034838676453 -0.021282438188791275
v 0.0772295817732811 0.0026593655347824097 -0.02368863672018051
v -0.05031139403581619 -0.08768488466739655 -0.08147279918193817
v -0.045185960829257965 -0.07872908562421799 -0.08552323281764984
v -0.04269057512283325 -0.0900249183177948 -0.09114697575569153
v -0.05156632885336876 -0.09545744955539703 -0.08235469460487366
v 0.06716746091842651 -0.02828722447156906 -0.019999071955680847
v 0.0682356059551239 -0.02656073123216629 -0.021640097722411156
v 0.07529982924461365 0.007122687064111233 -0.025995595380663872
v 0.07466284930706024 0.005930614657700062 -0.026103461161255836
v 0.07350191473960876 0.0017606569454073906 -0.02525550313293934
v 0.07428969442844391 0.001197640784084797 -0.027731776237487793
v 0.07801210135221481 -0.0041696857661008835 -0.03586920350790024
v 0.07882071286439896 -0.011965199373662472 -0.038772981613874435
v 0.06200078874826431 -0.020818300545215607 -0.0524677149951458
v 0.05918806791305542 -0.03569716960191727 -0.0407932810485363
v 0.07374223321676254 0.002200962044298649 -0.024488376453518867
v 0.0739300400018692 0.002734159119427204 -0.02451908029615879
v 0.07337892800569534 0.001968483440577984 -0.024411646649241447
v 0.07288259267807007 0.0011686896905303001 -0.025070857256650925
v 0.07591215521097183 -0.03944991156458855 -0.03297656029462814
v 0.07803157716989517 0.00158596970140934 -0.03267576918005943
v 0.07533378154039383 -0.0008164895698428154 -0.031068256124854088
v 0.07691974937915802 0.001240324229001999 -0.03070487454533577
v 0.08581031858921051 -0.008525669574737549 -0.045859672129154205
v 0.0872308686375618 -0.001161094754934311 -0.04465072229504585
v 0.08858811855316162 -0.0006969859823584557 -0.046046286821365356
v 0.08710866421461105 -0.008450111374258995 -0.047061920166015625
v 0.0642436221241951 -0.04093993827700615 -0.02759692259132862
v 0.07067059725522995 -0.005727017298340797 -0.031380899250507355
v 0.07173781841993332 -0.007061920128762722 -0.031039254739880562
v 0.07285741716623306 -0.00027337484061717987 -0.02839064784348011
v 0.07225275039672852 0.0003421381115913391 -0.025532076135277748
v 0.06840313971042633 -0.02364659309387207 -0.020596802234649658
v 0.083197683095932 0.01186207216233015 -0.038844361901283264
v 0.08382153511047363 0.010528435930609703 -0.04048886150121689
v 0.0823482871055603 0.010559197515249252 -0.03782803565263748
v 0.08215897530317307 0.01138538122177124 -0.03614448755979538
v 0.08154763281345367 0.013474442064762115 -0.034075476229190826
v 0.08086688816547394 0.013906928710639477 -0.03358648344874382
v 0.08264618366956711 0.013092754408717155 -0.036913033574819565
v 0.0750262439250946 0.00047502201050519943 -0.02911253646016121
v 0.07626064121723175 0.0015937434509396553 -0.029604850336909294
v 0.07289252430200577 -0.027852598577737808 -0.030924620106816292
v 0.07409664243459702 -0.03349977731704712 -0.03184622898697853
v 0.0808148980140686 -0.019254449754953384 -0.04245088994503021
v 0.07966290414333344 -0.019098257645964622 -0.03996581584215164
v 0.08049239218235016 -0.007180198095738888 -0.04927205294370651
v 0.08029067516326904 0.0014102291315793991 -0.047621726989746094
v 0.07852634787559509 0.0007844213396310806 -0.04572758823633194
v 0.07916224747896194 -0.007305873557925224 -0.04795079305768013
v 0.07280517369508743 -0.0062009962275624275 -0.04452953487634659
v 0.06917379796504974 -0.0055997660383582115 -0.04415193200111389
v 0.0703779011964798 -0.010901464149355888 -0.02213519997894764
v 0.06979764252901077 -0.00745729636400938 -0.019368695095181465
v 0.07157990336418152 -0.0013452684506773949 -0.027776656672358513
v 0.07173986732959747 0.00015542004257440567 -0.02602252922952175
v 0.0743626281619072 -0.02320222556591034 -0.044893547892570496
v 0.07111611217260361 -0.0314338356256485 -0.038675472140312195
v 0.07478705048561096 -0.025574885308742523 -0.04339633136987686
v 0.06701069325208664 -0.03222963213920593 -0.036760926246643066
v 0.06690400838851929 -0.03356781601905823 -0.03463881462812424
v 0.06945060938596725 -0.033473607152700424 -0.03621003404259682
v 0.07668031752109528 -0.024135544896125793 -0.03829564154148102
v 0.07884528487920761 -0.02233124151825905 -0.040365543216466904
v 0.06936879456043243 -0.009735453873872757 -0.028106966987252235
v 0.06825999170541763 -0.011071556247770786 -0.03010726161301136
v 0.0674901232123375 -0.009860522113740444 -0.027951447293162346
v 0.08102715760469437 -0.004305745474994183 -0.03790701925754547
v 0.08148732036352158 -0.011925792321562767 -0.03996797651052475
v 0.07627931237220764 0.003152902238070965 -0.024416696280241013
v 0.0734560489654541 -0.006108884699642658 -0.02594434842467308
v 0.07417329400777817 -0.003078053705394268 -0.0233309343457222
v 0.078945592045784 0.006176751106977463 -0.024137791246175766
v 0.07789215445518494 0.004759371280670166 -0.024729950353503227
v 0.07721388339996338 0.00385234784334898 -0.02457081526517868
v 0.0779743641614914 0.004290218465030193 -0.023615611717104912
v 0.06291154026985168 -0.01839323528110981 -0.0315297394990921
v 0.06516377627849579 -0.02034921385347843 -0.029992038384079933
v 0.0668032243847847 -0.017409585416316986 -0.028803223744034767
v 0.08058786392211914 0.0127621004357934 -0.031231366097927094
v 0.08126544952392578 0.011226444505155087 -0.03249745815992355
v 0.07739214599132538 0.00661170668900013 -0.0418739840388298
v 0.0764828771352768 0.0054727233946323395 -0.02859394997358322
v 0.07652071863412857 0.0042535774409770966 -0.029923003166913986
v 0.07426406443119049 0.01773814857006073 -0.03270503878593445
v 0.0748383030295372 0.014814975671470165 -0.029739119112491608
v 0.07457991689443588 0.014983300119638443 -0.02842629700899124
v 0.07409866154193878 0.019653694704174995 -0.027774348855018616
v 0.06649331748485565 -0.03691764920949936 -0.03188279643654823
v 0.06909196823835373 -0.036195721477270126 -0.03450885787606239
v 0.06868191063404083 -0.03481123596429825 -0.03475942090153694
v 0.06683561950922012 -0.035152368247509 -0.03292790800333023
v 0.06973063945770264 -0.023454910144209862 -0.03148037940263748
v 0.06776522099971771 -0.023472152650356293 -0.03341134637594223
v 0.08147095888853073 -0.017331434413790703 -0.04501545429229736
v 0.0810203030705452 -0.01841784454882145 -0.04413667321205139
v 0.08219990879297256 -0.014074631966650486 -0.045341797173023224
v 0.08231034874916077 -0.012484301812946796 -0.04603051394224167
v 0.07197030633687973 -0.0018936265259981155 -0.032738879323005676
v 0.07165598124265671 -0.003267279826104641 -0.0317300409078598
v 0.07334823906421661 0.010220756754279137 -0.032330773770809174
v 0.07575184106826782 0.012343287467956543 -0.03326890617609024
v 0.07581548392772675 0.013972831889986992 -0.02972497045993805
v 0.07389169931411743 0.012370719574391842 -0.029992803931236267
v 0.07918332517147064 0.007752378471195698 -0.04370541125535965
v 0.07650033384561539 0.0027502896264195442 -0.030231980606913567
v 0.0768408253788948 0.003046223893761635 -0.031036289408802986
v 0.07635299861431122 0.003067759796977043 -0.029580196365714073
v 0.07304856181144714 -0.0003424510359764099 -0.02525295689702034
v 0.07519801706075668 -0.0013871174305677414 -0.025462334975600243
v 0.07884090393781662 0.006622668355703354 -0.025416607037186623
v 0.08123624324798584 0.010275410488247871 -0.02743634581565857
v 0.0804378017783165 0.011081180535256863 -0.028576407581567764
v 0.07834458351135254 0.007525242865085602 -0.025447357445955276
v 0.07462142407894135 0.004484145902097225 -0.024698982015252113
v 0.008376490324735641 -0.031171925365924835 -0.10627815127372742
v 0.009782755747437477 -0.01994984969496727 -0.11154645681381226
v -0.04257119074463844 0.025410257279872894 0.06628654897212982
v -0.050191041082143784 0.02439919486641884 0.06106789782643318
v -0.04867762327194214 0.0185661893337965 0.06343268603086472
v -0.04117575287818909 0.019284233450889587 0.06710297614336014
v 0.07637612521648407 0.013657741248607635 -0.022626161575317383
v 0.07634289562702179 0.015540992841124535 -0.025688884779810905
v 0.07738015055656433 0.016482379287481308 -0.02607347071170807
v 0.07693255692720413 0.014430977404117584 -0.023026643320918083
v 0.08218881487846375 0.010211211629211903 -0.03592792898416519
v 0.08470805734395981 0.00774554256349802 -0.04176205396652222
v 0.0728243738412857 -0.009030867367982864 -0.03031630627810955
v 0.07010132074356079 -0.01172212976962328 -0.03169669955968857
v 0.06050236150622368 -0.01274183765053749 -0.030981669202446938
v 0.06083187088370323 -0.01162898913025856 -0.03051375411450863
v 0.061466947197914124 -0.011768944561481476 -0.03158913552761078
v 0.06139042228460312 -0.012585820630192757 -0.03218206763267517
v 0.06465799361467361 -0.01759122684597969 -0.03401908278465271
v 0.06683873385190964 -0.018454700708389282 -0.03336372971534729
v 0.06597959250211716 -0.020123926922678947 -0.0320897102355957
v 0.06411544978618622 -0.018950818106532097 -0.033508703112602234
v 0.06003439426422119 -0.015283127315342426 -0.03193290904164314
v 0.06027613580226898 -0.013895568437874317 -0.031385425478219986
v 0.06101932004094124 -0.014106529764831066 -0.03292272239923477
v 0.06071893870830536 -0.015529010444879532 -0.033861927688121796
v 0.07982708513736725 0.013012053444981575 -0.029517998918890953
v 0.08135286718606949 0.013133238069713116 -0.031722541898489
v 0.08673171699047089 0.006170595996081829 -0.040814146399497986
v 0.08700364828109741 0.0043515972793102264 -0.04242900386452675
v 0.08413930982351303 0.011032073758542538 -0.0382499098777771
v 0.08453454077243805 0.009466676041483879 -0.03992225229740143
v 0.07034049928188324 -0.018407326191663742 -0.022866951301693916
v 0.07130882889032364 -0.017979903146624565 -0.02447235770523548
v 0.07104206085205078 -0.019566837698221207 -0.02480495721101761
v 0.08773496747016907 0.00866748858243227 -0.04008231312036514
v 0.08673130720853806 0.011875269003212452 -0.04153206944465637
v 0.06973057240247726 -0.0362587496638298 -0.023544183000922203
v 0.06880290061235428 -0.03816688060760498 -0.022712260484695435
v 0.04722799360752106 -0.1129082441329956 -0.01812245510518551
v 0.055391982197761536 -0.10412313044071198 -0.030308958142995834
v 0.05454974249005318 -0.11451591551303864 -0.031181275844573975
v 0.04617534205317497 -0.12291312217712402 -0.019621944054961205
v 0.0775897428393364 0.009181354194879532 -0.02258213423192501
v 0.075857974588871 0.011950724758207798 -0.02216806635260582
v 0.06012554466724396 -0.017201755195856094 -0.03267915919423103
v 0.06010901927947998 -0.01732032746076584 -0.032731544226408005
v 0.0627535879611969 -0.018987596035003662 -0.03278038650751114
v 0.0647525042295456 -0.013569129630923271 -0.029183298349380493
v 0.06113656237721443 -0.013120083138346672 -0.03034198470413685
v 0.06527803838253021 -0.016120826825499535 -0.03356689214706421
v 0.06486598402261734 -0.011233977973461151 -0.030981598421931267
v 0.0645994022488594 -0.010321502573788166 -0.029542991891503334
v 0.06565932929515839 -0.023317836225032806 -0.0298866368830204
v 0.06649868935346603 -0.024049773812294006 -0.03191565349698067
v 0.0681789442896843 -0.02491341158747673 -0.028960509225726128
v 0.06109952926635742 -0.017510943114757538 -0.03427458181977272
v 0.07285773009061813 -0.00063304603099823 -0.030659684911370277
v 0.0680130124092102 -0.015754614025354385 -0.03322168067097664
v 0.06912125647068024 -0.017606817185878754 -0.03564876317977905
v 0.06835688650608063 -0.01947319507598877 -0.03517766296863556
v 0.0673656016588211 -0.017486386001110077 -0.033572904765605927
v 0.07537675648927689 -0.027411457151174545 -0.03710373491048813
v 0.07514961063861847 -0.025603001937270164 -0.03689401596784592
v 0.06733392179012299 -0.02166195772588253 -0.03812076151371002
v 0.07050023972988129 -0.022337011992931366 -0.0365646630525589
v 0.07298348844051361 -0.006394697353243828 -0.02976168692111969
v 0.07432189583778381 -0.0038359351456165314 -0.026896728202700615
v 0.07012481242418289 -0.009532332420349121 -0.02861340530216694
v 0.06813798099756241 -0.013736542314291 -0.03190060704946518
v 0.06977620720863342 -0.01566404476761818 -0.03460036963224411
v 0.06486836820840836 -0.012444952502846718 -0.02911248244345188
v 0.0680563896894455 -0.012160721234977245 -0.027640191838145256
v 0.06777158379554749 -0.011117471382021904 -0.027738085016608238
v 0.06482047587633133 -0.011482654139399529 -0.029169172048568726
v 0.07818453758955002 0.004622455686330795 -0.0310862734913826
v 0.07461794465780258 0.00972752459347248 -0.020752284675836563
v 0.07682264596223831 0.006571867503225803 -0.021743375808000565
v 0.07421597093343735 0.02382764220237732 -0.04367365688085556
v 0.07189211994409561 0.01630769483745098 -0.05003895238041878
v 0.07347654551267624 0.015059536322951317 -0.03702433407306671
v 0.06605322659015656 -0.014506085775792599 -0.03306538239121437
v 0.061078377068042755 -0.011156413704156876 -0.03051115572452545
v 0.06170398369431496 -0.011731765232980251 -0.030344709753990173
v 0.08135129511356354 -0.022007770836353302 -0.043643660843372345
v 0.06870047003030777 -0.025770127773284912 -0.0287183728069067
v 0.07203593105077744 -0.0021647075191140175 -0.02610803209245205
v 0.07982473075389862 -0.012400741688907146 -0.049107782542705536
v 0.07902486622333527 -0.01817181333899498 -0.048192985355854034
v 0.07171250134706497 -0.0007614251226186752 -0.02602991834282875
v 0.07191319763660431 0.000261601060628891 -0.025852762162685394
v 0.06726258993148804 -0.023891931399703026 -0.032901614904403687
v 0.06932331621646881 -0.024218210950493813 -0.030377790331840515
v 0.07224670052528381 0.0004953714087605476 -0.025517961010336876
v 0.07147189229726791 -0.01823471114039421 -0.025981150567531586
v 0.08232695609331131 0.005338895134627819 -0.035694580525159836
v 0.07282689958810806 -0.03482493385672569 -0.039264462888240814
v 0.07106415182352066 -0.03678985685110092 -0.03661990910768509
v 0.06157232075929642 -0.012160241603851318 -0.030013130977749825
v 0.06478240340948105 -0.020035160705447197 -0.031366512179374695
v 0.06518769264221191 -0.01281644869595766 -0.031721122562885284
v 0.07026814669370651 -0.014271300286054611 -0.02711806260049343
v 0.06995387375354767 -0.01647777110338211 -0.02732689306139946
v 0.0715700015425682 -0.01600436493754387 -0.025314293801784515
v 0.07145723700523376 -0.021437183022499084 -0.03803953900933266
v 0.06792949140071869 -0.019155655056238174 -0.039615415036678314
v 0.06906865537166595 -0.017954126000404358 -0.041395969688892365
v 0.07339554280042648 -0.020039282739162445 -0.038942404091358185
v 0.07793274521827698 -0.023626629263162613 -0.0468163900077343
v 0.07632801681756973 -0.028686892241239548 -0.04453272745013237
v 0.0787733942270279 -0.03057153895497322 -0.04493176192045212
v 0.08099152892827988 -0.0249920766800642 -0.047170549631118774
v 0.07411561906337738 0.04111364483833313 -0.04954953119158745
v 0.07479642331600189 0.0285973958671093 -0.0358605794608593
v 0.07469253242015839 0.04591510444879532 -0.037175316363573074
v 0.07855521142482758 0.014662359841167927 -0.03776569664478302
v 0.0784277692437172 0.012639779597520828 -0.03967289626598358
v 0.08375396579504013 0.013765937648713589 -0.042031217366456985
v 0.07367581129074097 0.017215492203831673 -0.023214561864733696
v 0.07432612776756287 0.014930738136172295 -0.02702968940138817
v 0.07621615380048752 0.014752949588000774 -0.025562211871147156
v 0.08416406065225601 -0.007400833070278168 -0.0499584898352623
v 0.07237689942121506 -0.0016072718426585197 -0.020254643633961678
v 0.0744931548833847 -0.001148279756307602 -0.022082768380641937
v 0.07320733368396759 -0.021810540929436684 -0.04554855078458786
v 0.07486027479171753 -0.022362567484378815 -0.036822423338890076
v 0.0773799866437912 -0.021163934841752052 -0.038211241364479065
v 0.08430971205234528 0.013493530452251434 -0.03127396106719971
v 0.08236071467399597 0.011029663495719433 -0.02920025773346424
v 0.012338364496827126 -0.13331195712089539 0.009704616852104664
v 0.01169358566403389 -0.13899260759353638 0.005299530923366547
v 0.0042371079325675964 -0.02907557412981987 0.07748892158269882
v 0.005145707167685032 -0.02895735576748848 0.07629366219043732
v 0.0037228581495583057 -0.02737172693014145 0.07551024854183197
v 0.003410761710256338 -0.027494078502058983 0.07607249170541763
v 0.0050613232888281345 -0.03720276802778244 0.07541824132204056
v 0.004432318732142448 -0.03585612028837204 0.07502098381519318
v 0.005630079191178083 -0.035602401942014694 0.0741393193602562
v 0.006718435790389776 -0.03680476173758507 0.07465795427560806
v 0.002507616300135851 -0.027412984520196915 0.0758097842335701
v 0.0016345055773854256 -0.02958887815475464 0.07791842520236969
v 0.0025825672782957554 -0.029538460075855255 0.07863803207874298
v 0.002852665726095438 -0.027466818690299988 0.07604551315307617
v 0.08435280621051788 0.01667880266904831 -0.03154942765831947
v 0.009032558649778366 -0.03623870387673378 0.07545512914657593
v 0.007724209688603878 -0.034635040909051895 0.07514825463294983
v 0.007991920225322247 -0.034325771033763885 0.07689408212900162
v 0.010167337954044342 -0.035271793603897095 0.07744594663381577
v 0.0015833242796361446 -0.03670506179332733 0.08363932371139526
v 0.002588666509836912 -0.034676507115364075 0.08393598347902298
v 0.001588671002537012 -0.03543583303689957 0.08156487345695496
v 0.001575531903654337 -0.03726940229535103 0.08092358708381653
v 0.004479479975998402 -0.03400197625160217 0.08328264951705933
v 0.006384990643709898 -0.03407745063304901 0.08521296083927155
v 0.008027773350477219 -0.03380870074033737 0.08325424790382385
v 0.005966858007013798 -0.034043602645397186 0.08161094039678574
v 0.0018041091971099377 -0.033153221011161804 0.07747472822666168
v 0.0027590207755565643 -0.03528003394603729 0.0782918632030487
v 0.001124576199799776 -0.032996825873851776 0.0804913267493248
v 0.007368739694356918 -0.03221578150987625 0.07585689425468445
v 0.007141923066228628 -0.03293316066265106 0.07464338093996048
v 0.0053262002766132355 -0.029783857986330986 0.07501976191997528
v 0.00554667366668582 -0.029480580240488052 0.07504159212112427
v 0.04993049427866936 -0.09552381932735443 -0.015435542911291122
v 0.056283507496118546 -0.08969605714082718 -0.029687995091080666
v 0.030368102714419365 -0.009901117533445358 0.059544529765844345
v 0.0295137707144022 -0.01283089630305767 0.06028372794389725
v 0.025458643212914467 -0.01198736485093832 0.061064839363098145
v 0.02644927054643631 -0.009304581210017204 0.06029295548796654
v 0.07186215370893478 -0.014099612832069397 -0.024069052189588547
v 0.07106354832649231 -0.013526259921491146 -0.022939901798963547
v 0.07844427973031998 0.010303975082933903 -0.041609201580286026
v 0.0828450620174408 0.01213627029210329 -0.03755123168230057
v 0.07885671406984329 0.015932127833366394 -0.035621628165245056
v 0.07834318280220032 0.016742035746574402 -0.03075776994228363
v 0.07689951360225677 0.015290291048586369 -0.03018273413181305
v 0.07700823992490768 0.014159169048070908 -0.03435283154249191
v 0.08631352335214615 0.011719590984284878 -0.03628089278936386
v 0.0697900727391243 -0.02728065848350525 -0.028824491426348686
v 0.07970386743545532 0.0011306405067443848 -0.03470584750175476
v 0.07786691188812256 0.016804689541459084 -0.028227629140019417
v 0.08095544576644897 0.018116671591997147 -0.02857045643031597
v 0.08410466462373734 -0.008107299916446209 -0.045671433210372925
v 0.08694081753492355 0.010665648616850376 -0.03827155381441116
v 0.08583012223243713 0.00884547084569931 -0.03737657517194748
v 0.07982680946588516 0.008290424011647701 -0.024635912850499153
v 0.07156684994697571 -0.015065926127135754 -0.0416913703083992
v 0.0774347111582756 -0.01537411380559206 -0.039303649216890335
v 0.07556957751512527 -0.018234143033623695 -0.03930201381444931
v -0.09775815904140472 0.003952170722186565 -0.044566959142684937
v -0.09788719564676285 0.0016393139958381653 -0.04622618108987808
v -0.09837813675403595 -0.0005205944180488586 -0.04466857761144638
v -0.09821771830320358 0.001362931914627552 -0.04292512685060501
v -0.09359763562679291 -0.013187682256102562 -0.04737897962331772
v -0.09418786317110062 -0.006062809377908707 -0.047188807278871536
v -0.09532018005847931 -0.003478902392089367 -0.04726772755384445
v -0.0956939235329628 -0.0058724284172058105 -0.04692019522190094
v 0.07076308131217957 -0.01710190251469612 -0.04198332875967026
v 0.07130211591720581 -0.004401929676532745 -0.03168690949678421
v 0.06819742918014526 -0.023148726671934128 -0.01832820288836956
v 0.07552031427621841 -0.03244365006685257 -0.035094935446977615
v -0.09300948679447174 -0.023978862911462784 -0.046079255640506744
v -0.09174938499927521 -0.023328732699155807 -0.046032316982746124
v -0.09333598613739014 -0.018596995621919632 -0.04669831693172455
v -0.09501703828573227 -0.018997296690940857 -0.04699186235666275
v 0.07639041543006897 -0.03081578016281128 -0.037188440561294556
v 0.024755090475082397 -0.030872181057929993 -0.10061526298522949
v 0.02799668163061142 -0.018889516592025757 -0.10500586777925491
v 0.08629433810710907 -0.007927573285996914 -0.04875319451093674
v 0.08042050898075104 0.013577555306255817 -0.03075752779841423
v 0.0716462954878807 -0.02766149304807186 -0.03004787676036358
v 0.07221727073192596 -0.033339641988277435 -0.028699912130832672
v 0.07077163457870483 -0.032696682959795 -0.02695724368095398
v 0.07669109851121902 0.003490537405014038 -0.030706273391842842
v 0.07230731844902039 -0.020427120849490166 -0.04516817629337311
v 0.07201068103313446 -0.01799498125910759 -0.04595233500003815
v 0.06165694817900658 -0.01119888387620449 -0.031216179952025414
v 0.07535682618618011 -0.027048755437135696 -0.04371751844882965
v 0.0721416100859642 -0.033001549541950226 -0.03883327916264534
v 0.05801824480295181 -0.08412489295005798 -0.043186433613300323
v 0.05384049564599991 -0.07862839102745056 -0.058637216687202454
v -0.07817617803812027 -0.047618068754673004 -0.025829240679740906
v -0.08071534335613251 -0.044359952211380005 -0.02800929918885231
v -0.08084941655397415 -0.04718256741762161 -0.029797539114952087
v -0.07648170739412308 -0.048883065581321716 -0.028376325964927673
v 0.05532226711511612 -0.09066051989793777 -0.05808344483375549
v 0.05847979336977005 -0.09690342843532562 -0.04363253712654114
v 0.06857062876224518 -0.00944370124489069 -0.016631629317998886
v 0.06932614743709564 -0.01611737720668316 -0.02023700624704361
v 0.06894157826900482 -0.017482168972492218 -0.01881861872971058
v 0.02675437740981579 -0.12163663655519485 0.004432708024978638
v 0.023162227123975754 -0.13274267315864563 -0.0002755299210548401
v 0.06762223690748215 -0.022786825895309448 -0.01457410678267479
v 0.06705151498317719 -0.024442158639431 -0.003036677837371826
v 0.06811801344156265 -0.009062260389328003 -0.0004349537193775177
v 0.06759592890739441 -0.013047657907009125 -0.01195349171757698
v 0.054035793989896774 0.01586778834462166 0.04056088998913765
v 0.05572422593832016 0.017587006092071533 0.03584091737866402
v 0.05695433169603348 0.00843068864196539 0.03476879373192787
v 0.05482206866145134 0.008918181993067265 0.03881941735744476
v 0.013212662190198898 0.06778387725353241 0.06442888081073761
v 0.0033503854647278786 0.06813013553619385 0.06655798852443695
v 0.0029477430507540703 0.07574187219142914 0.06218637526035309
v 0.01313017588108778 0.07510808110237122 0.05984184890985489
v 0.02963569574058056 -0.010019906796514988 -0.10723504424095154
v 0.031159725040197372 0.0011086100712418556 -0.10959069430828094
v 0.011298281140625477 -0.0013413531705737114 -0.11708106100559235
v 0.010517306625843048 -0.011754516512155533 -0.11409997195005417
v 0.012562140822410583 0.0948459655046463 0.042367123067379
v 0.0021196631714701653 0.09571273624897003 0.044935327023267746
v 0.0019795559346675873 0.10212729126214981 0.03642016649246216
v -0.07355371862649918 -0.04701020196080208 -0.029208648949861526
v -0.0774335116147995 -0.046793967485427856 -0.03369435295462608
v -0.07714422047138214 -0.043279677629470825 -0.03439247980713844
v -0.07402704656124115 -0.04382689669728279 -0.031080855056643486
v 0.012626033276319504 0.10100148618221283 0.03410102427005768
v 0.048927947878837585 -0.01232410129159689 0.05054976046085358
v 0.05127020925283432 -0.018583254888653755 0.04949150234460831
v 0.04748878255486488 -0.019368428736925125 0.05308055877685547
v 0.045551612973213196 -0.012826818972826004 0.0534108504652977
v 0.0723530575633049 -0.038326196372509 -0.026613187044858932
v 0.07127504795789719 -0.037271834909915924 -0.025259841233491898
v -0.09308796375989914 0.010916611179709435 -0.030099283903837204
v -0.0934755876660347 0.007145669311285019 -0.030061867088079453
v -0.09221290796995163 0.005775424651801586 -0.028274845331907272
v -0.09158813953399658 0.009416595101356506 -0.027916649356484413
v -0.0790271908044815 -0.01845167949795723 -0.045487094670534134
v -0.07709638774394989 -0.025105401873588562 -0.045073673129081726
v -0.08329371362924576 -0.02016199566423893 -0.04667745530605316
v -0.08383776247501373 -0.017305361106991768 -0.04645300656557083
v 0.0019030282273888588 0.10813245177268982 0.026042431592941284
v 0.01282567624002695 0.10681292414665222 0.0240375604480505
v 0.007926121354103088 -0.00429234653711319 0.06725113093852997
v -0.09178225696086884 0.0024942848831415176 -0.03822169080376625
v -0.09233598411083221 0.0035012029111385345 -0.04096087068319321
v -0.09282463043928146 0.0016679847612977028 -0.042481012642383575
v -0.09200724214315414 8.443556725978851e-05 -0.040515780448913574
v -0.09476510435342789 0.00568399578332901 -0.045216724276542664
v -0.094862200319767 0.0031184926629066467 -0.047128044068813324
v -0.07721760123968124 -0.038177475333213806 -0.023767216131091118
v -0.07633794844150543 -0.03465184569358826 -0.022421900182962418
v -0.07679786533117294 -0.03286956995725632 -0.02362935245037079
v -0.07723905891180038 -0.03379073366522789 -0.025332791730761528
v -0.07975310832262039 -0.01908366195857525 -0.037480033934116364
v -0.08160127699375153 -0.01510687731206417 -0.034065235406160355
v -0.08861535787582397 -0.03507077693939209 -0.043324075639247894
v -0.08871183544397354 -0.03340248763561249 -0.042050592601299286
v -0.09122861921787262 -0.028895076364278793 -0.04431454837322235
v -0.09106268733739853 -0.029996242374181747 -0.04601993411779404
v 0.00810447707772255 -0.002036482095718384 0.06469646096229553
v 0.01177220232784748 -0.005200863815844059 0.0631113052368164
v 0.01156521961092949 -0.0076285069808363914 0.06516635417938232
v 0.002301931381225586 0.04028024524450302 0.0736139565706253
v 0.0028471662662923336 0.04833323135972023 0.07170682400465012
v 0.01155874039977789 0.04878794401884079 0.07046615332365036
v 0.010537000373005867 0.04078592360019684 0.07296174019575119
v 0.016514025628566742 -0.007382878568023443 0.061631448566913605
v 0.015696246176958084 -0.009698916226625443 0.06297744810581207
v 0.002633354626595974 0.08278348296880722 0.05725422501564026
v 0.012979377061128616 0.08211787045001984 0.05470069870352745
v 0.01155899278819561 0.12036503851413727 -0.023508669808506966
v -0.08571385592222214 -0.03137548640370369 -0.04005032032728195
v -0.08833898603916168 -0.028012588620185852 -0.04267728328704834
v -0.08929275721311569 -0.027055751532316208 -0.04427133500576019
v -0.08835837990045547 -0.02960599586367607 -0.04270260035991669
v 0.012103090062737465 0.11930127441883087 -0.015271302312612534
v 0.0008368664421141148 0.12159258872270584 -0.015210375189781189
v -0.09354782104492188 0.005077308043837547 -0.03877212852239609
v -0.09228457510471344 0.006581471301615238 -0.0336042195558548
v -0.09383904933929443 0.005218714475631714 -0.03239629417657852
v -0.0954493060708046 0.0037522707134485245 -0.03683708608150482
v 0.001772258896380663 0.12267936021089554 -0.027580074965953827
v 0.06359434872865677 -0.00025443825870752335 -0.07007656991481781
v 0.06693072617053986 -0.003920619376003742 -0.054985411465168
v 0.06963127106428146 0.008162340149283409 -0.05424635857343674
v 0.06735223531723022 0.016550082713365555 -0.06962054967880249
v 0.037829406559467316 -0.1115756630897522 -0.004252273589372635
v 0.03510792925953865 -0.12351824343204498 -0.008399419486522675
v -0.08567599207162857 -0.005780327133834362 -0.0435456745326519
v -0.08421231061220169 -0.0012023206800222397 -0.04044613242149353
v -0.08355274796485901 -0.0019715996459126472 -0.04049355909228325
v -0.08474195003509521 -0.00590902753174305 -0.043423525989055634
v -0.09434378892183304 0.0029846634715795517 -0.043673448264598846
v -0.09477077424526215 0.0010019661858677864 -0.04527004063129425
v -0.09326538443565369 -0.00042525772005319595 -0.044263966381549835
v -0.08400320261716843 -0.0018306011334061623 -0.02780882455408573
v -0.08582291007041931 -0.0004957504570484161 -0.029670868068933487
v -0.08554602414369583 -0.0017646746709942818 -0.030826112255454063
v -0.08537471294403076 -0.003122997470200062 -0.03032429702579975
v -0.08036451041698456 -0.04734368994832039 -0.03356831520795822
v -0.07517951726913452 -0.03466419875621796 -0.040065109729766846
v -0.07676037400960922 -0.03395368903875351 -0.04177361726760864
v -0.07970722019672394 -0.02943527139723301 -0.04393377900123596
v -0.07829663157463074 -0.02824118360877037 -0.04404488950967789
v 0.046859756112098694 0.0356861911714077 0.05079638957977295
v 0.04865847900509834 0.04198510944843292 0.04768626391887665
v 0.05196455493569374 0.035719845443964005 0.04268958792090416
v 0.05001986771821976 0.030288919806480408 0.04657939448952675
v 0.0011883014813065529 0.027608145028352737 0.07538536190986633
v 0.008347027003765106 0.02775474824011326 0.07513908296823502
v 0.006632548291236162 0.02222447842359543 0.07407934963703156
v 0.0006333109922707081 0.022180890664458275 0.07478097081184387
v -0.07375018298625946 -0.04590308666229248 -0.02333369106054306
v -0.07690662145614624 -0.04570550471544266 -0.023594630882143974
v -0.07741145044565201 -0.046693090349435806 -0.024873832240700722
v -0.0743580311536789 -0.047767940908670425 -0.025341685861349106
v 0.05538089945912361 0.0018154829740524292 0.03873997926712036
v 0.05794680863618851 -0.0005870144814252853 0.035512931644916534
v 0.0573999360203743 -0.008910087868571281 0.03930647298693657
v 0.05442984774708748 -0.005365140736103058 0.0418999046087265
v 0.05149133875966072 -0.010719949379563332 0.04749908298254013
v -0.08669573068618774 0.0027647819370031357 -0.029277347028255463
v -0.08846739679574966 0.002356170676648617 -0.03118978999555111
v -0.08679600059986115 0.0015361029654741287 -0.03082987666130066
v -0.08577673137187958 0.001715005375444889 -0.02934846840798855
v 0.054060500115156174 -0.016459884122014046 0.046290263533592224
v -0.09295879304409027 -0.008038860745728016 -0.04592912271618843
v -0.09232833236455917 -0.0021435199305415154 -0.04259171336889267
v 0.012672142125666142 0.05823129042983055 0.06840874254703522
v 0.003208776470273733 0.058192141354084015 0.06989163160324097
v 0.054268840700387955 0.027234992012381554 0.03823874145746231
v 0.05240589380264282 0.023396186530590057 0.042883485555648804
v 0.005323200952261686 -0.0014506597071886063 0.07021987438201904
v 0.005771007854491472 0.00044935569167137146 0.06673027575016022
v 0.0035105817951261997 0.004670863971114159 0.06973272562026978
v -0.0916723981499672 -0.017668569460511208 -0.042671822011470795
v -0.09166918694972992 -0.016868773847818375 -0.04542507231235504
v -0.09117382764816284 -0.02114420011639595 -0.04459398239850998
v -0.09059099853038788 -0.02164526656270027 -0.04206600785255432
v 0.0004503256641328335 0.0034814681857824326 0.07597024738788605
v 9.713321924209595e-05 0.007531638257205486 0.07450110465288162
v 0.002907922025769949 0.008005260489881039 0.07058174908161163
v 0.02744940295815468 0.04127776622772217 0.06645306944847107
v 0.028779182583093643 0.04888411611318588 0.06373964250087738
v 0.036350976675748825 0.04837367683649063 0.058731578290462494
v 0.03492725268006325 0.04102998971939087 0.061395760625600815
v 0.012754018418490887 0.08854344487190247 0.049034781754016876
v -0.09205444157123566 -0.009960188530385494 -0.04108329862356186
v -0.0922754555940628 -0.009355316869914532 -0.04429956525564194
v 0.002336324192583561 0.08927983790636063 0.05164037272334099
v 0.0001577679067850113 0.015620646066963673 0.07395241409540176
v 0.003972863312810659 0.01622037962079048 0.07148034870624542
v 0.003261591773480177 0.013256880454719067 0.0706724300980568
v -0.09614365547895432 -0.001299113966524601 -0.04372280836105347
v -0.0963066816329956 -0.0068809278309345245 -0.04575558006763458
v -0.09556368738412857 -0.00041462667286396027 -0.04452909529209137
v -0.08252279460430145 0.0011414801701903343 -0.037044283002614975
v -0.08305586129426956 0.0047587743028998375 -0.04019467160105705
v -0.08220311254262924 -0.0008833883330225945 -0.04340404272079468
v -0.08274980634450912 -0.0009089792147278786 -0.039258312433958054
v 0.00021954718977212906 0.012854017317295074 0.07371266186237335
v 0.020502103492617607 -0.011081796139478683 0.061821356415748596
v 0.021398067474365234 -0.008623871020972729 0.060942791402339935
v 0.06295986473560333 -0.0363629125058651 -0.03154052793979645
v 0.06472273916006088 -0.03802318125963211 -0.03060486726462841
v 0.0696786642074585 0.008148465305566788 -0.010426027700304985
v 0.06833561509847641 -0.002502170391380787 -0.010719267651438713
v 0.06870122998952866 0.004125644452869892 0.0008087344467639923
v 0.06850121170282364 0.01687029004096985 0.0006071086972951889
v 0.0700213760137558 0.02918146178126335 -0.0007902104407548904
v 0.07029681652784348 0.03797716647386551 -0.004575112834572792
v 0.07234108448028564 0.023277701810002327 -0.014080116525292397
v 0.07118813693523407 0.01735922321677208 -0.011193044483661652
v 0.05031038820743561 -0.0861220508813858 -0.07104743272066116
v 0.047166138887405396 -0.07541317492723465 -0.07296309620141983
v 0.0006241160444915295 0.00019057095050811768 0.07883913815021515
v 0.0006373445503413677 -0.0031007109209895134 0.08114136010408401
v 0.012387139722704887 0.04216790571808815 -0.1199459582567215
v -0.07719768583774567 -0.028688011690974236 -0.023478271439671516
v -0.07843687385320663 -0.026238825172185898 -0.024575652554631233
v -0.07671964168548584 -0.02802714705467224 -0.026730971410870552
v -0.07603590190410614 -0.030914347618818283 -0.026491312310099602
v 0.012155883945524693 0.028361987322568893 -0.12075579166412354
v 0.032725702971220016 0.03180572763085365 -0.11172864586114883
v 0.03270846977829933 0.04491684213280678 -0.11057403683662415
v 0.060659654438495636 -0.01133771613240242 -0.06841696798801422
v -0.08028052002191544 -0.03172622621059418 -0.043104223906993866
v -0.07738789916038513 -0.03508914262056351 -0.04115883260965347
v -0.0778154507279396 -0.03583059832453728 -0.04062692075967789
v -0.08052705228328705 -0.033549655228853226 -0.04199858754873276
v 0.06438371539115906 -0.012872905470430851 -0.05416344851255417
v 0.0064344401471316814 -0.031685322523117065 0.07771355658769608
v 0.003580132033675909 -0.027179818600416183 0.07482998818159103
v 0.004329249728471041 -0.030105039477348328 0.07529427111148834
v 0.003682108595967293 -0.027313023805618286 0.07482265681028366
v 0.00729121919721365 -0.03414004668593407 0.0794515386223793
v 0.009682483971118927 -0.03404582664370537 0.08082547038793564
v 0.004898000508546829 -0.033805713057518005 0.07402670383453369
v 0.003930509556084871 -0.033915795385837555 0.07444901764392853
v 0.003631072584539652 -0.029918227344751358 0.07557860016822815
v 0.0038807359524071217 -0.027213074266910553 0.07497644424438477
v -0.0008108173497021198 -0.03865900635719299 0.08568321168422699
v -0.0001828051172196865 -0.03761481121182442 0.0890212431550026
v 0.003364571835845709 -0.03594057261943817 0.0881594642996788
v 0.0018519978038966656 -0.03720267489552498 0.08577293157577515
v 0.0027046864852309227 -0.027308104559779167 0.07570114731788635
v 0.001958233769983053 -0.029935456812381744 0.07668904215097427
v 0.0018993774428963661 -0.03256481513381004 0.08206012099981308
v 0.0033807512372732162 -0.029276587069034576 0.07838337123394012
v 0.0031359149143099785 -0.027479294687509537 0.07612782716751099
v 0.0036544580943882465 -0.03195102512836456 0.08123838156461716
v 0.0027017025277018547 -0.03732776641845703 0.07834088802337646
v 0.005088812671601772 -0.031731318682432175 0.07969212532043457
v -0.09009619057178497 0.0033695753663778305 -0.03292787820100784
v -0.09048725664615631 -0.0006732754409313202 -0.0348074734210968
v -0.08909595757722855 -0.0008157994598150253 -0.0336146354675293
v -0.0815553218126297 -0.03165249153971672 -0.03281446173787117
v -0.08210401982069016 -0.030043959617614746 -0.034624457359313965
v -0.08315393328666687 -0.032580774277448654 -0.03622811660170555
v -0.0826697051525116 -0.03493492305278778 -0.03465943783521652
v 0.07339437305927277 -0.023573430255055428 -0.035689856857061386
v 0.05639031156897545 -0.07222297042608261 -0.022077651694417
v 0.058389537036418915 -0.055753886699676514 -0.027501476928591728
v 0.05792860686779022 -0.056221164762973785 -0.03306464105844498
v -0.08444003015756607 -0.04242707043886185 -0.038607850670814514
v -0.08192821592092514 -0.04273110628128052 -0.03970500826835632
v -0.0798320472240448 -0.04524369537830353 -0.036564379930496216
v -0.082451730966568 -0.045249443501234055 -0.03618597984313965
v -0.07707669585943222 -0.032239433377981186 -0.025927722454071045
v -0.07676871865987778 -0.03132520988583565 -0.02373996376991272
v -0.08747158199548721 -0.005168456584215164 -0.04532407224178314
v -0.08690911531448364 0.00010563060641288757 -0.04148832708597183
v 0.05726656690239906 -0.07239008694887161 -0.031404007226228714
v 0.07818688452243805 0.0032081641256809235 -0.03196358680725098
v 0.06057489663362503 0.04474674165248871 0.026052987203001976
v 0.06096892058849335 0.057345546782016754 0.01926622912287712
v 0.06673644483089447 0.04809191823005676 0.006033416837453842
v -0.09161253273487091 -0.0016248375177383423 -0.03880752623081207
v -0.09191974252462387 -0.0036127157509326935 -0.04064323753118515
v 0.06732387840747833 0.037295978516340256 0.009266432374715805
v 0.06123717501759529 0.06798990070819855 0.013217129744589329
v 0.06675304472446442 0.05955399572849274 0.001000385731458664
v 0.07052722573280334 0.04939725622534752 -0.010460453107953072
v 0.07385695725679398 0.030989861115813255 -0.027090180665254593
v 0.03764763101935387 0.00216489564627409 0.05603204667568207
v 0.03787574544548988 0.0019749999046325684 0.05623640865087509
v 0.03633321821689606 0.0015423307195305824 0.057428546249866486
v -0.08036843687295914 -0.015242405235767365 -0.026646753773093224
v -0.0787685215473175 -0.014494579285383224 -0.028431978076696396
v -0.07901246100664139 -0.01534799113869667 -0.02845880202949047
v -0.08100777864456177 -0.01674378290772438 -0.026600385084748268
v 0.03642101585865021 0.0017104949802160263 0.05713123828172684
v 0.03708953410387039 0.002627466805279255 0.0554417222738266
v 0.035723794251680374 0.0020429175347089767 0.05652227625250816
v -0.08033011108636856 -0.015900466591119766 -0.025150559842586517
v -0.08077386021614075 -0.017504766583442688 -0.025272445753216743
v -0.08006928116083145 -0.017655454576015472 -0.024432472884655
v -0.07975534349679947 -0.016860265284776688 -0.024113813415169716
v 0.03804612532258034 0.0030530430376529694 0.05453883484005928
v 0.03864768519997597 0.0025811390951275826 0.055007703602313995
v 0.038937680423259735 0.002348322421312332 0.0552169531583786
v 0.020095303654670715 0.002516651526093483 0.059169426560401917
v 0.021101798862218857 0.002874488942325115 0.058774903416633606
v 0.023790597915649414 0.0021137818694114685 0.05876384302973747
v 0.02273186296224594 0.0018385238945484161 0.05963652953505516
v 0.019943751394748688 0.0021403133869171143 0.059641942381858826
v 0.0229669027030468 0.001400095410645008 0.06014849245548248
v -0.07805296778678894 -0.014170832931995392 -0.02895120158791542
v -0.07844026386737823 -0.014515345916152 -0.028711704537272453
v -0.07865085452795029 -0.013994312845170498 -0.02866176888346672
v -0.08278566598892212 -0.00998046062886715 -0.039352621883153915
v -0.08258666843175888 -0.0171329565346241 -0.042144887149333954
v -0.08144799619913101 -0.018290050327777863 -0.042491041123867035
v -0.08296602219343185 -0.012886731885373592 -0.0392816960811615
v 0.023791471496224403 0.005052904598414898 0.054325252771377563
v 0.023100320249795914 0.005299540236592293 0.05421493947505951
v -0.09236308932304382 -0.015627365559339523 -0.04677174985408783
v 0.02481321431696415 0.004761473275721073 0.05438237637281418
v 0.01849830523133278 0.004102320410311222 0.05705030634999275
v 0.01862971857190132 0.004932308569550514 0.057090871036052704
v -0.0893402099609375 0.005417085252702236 -0.02460556849837303
v -0.08853623270988464 0.008091200143098831 -0.023816756904125214
v -0.09101547300815582 0.011180931702256203 -0.02724938839673996
v 0.02281714789569378 0.0059845540672540665 0.05420755222439766
v 0.02266344614326954 0.005435052327811718 0.054132722318172455
v 0.019085228443145752 0.004023194313049316 0.05725787580013275
v -0.07623609155416489 -0.027805661782622337 -0.037048861384391785
v -0.07977926731109619 -0.028107043355703354 -0.034435272216796875
v -0.07899528741836548 -0.028312861919403076 -0.03274035453796387
v -0.07676699757575989 -0.028187226504087448 -0.03518317639827728
v -0.07789712399244308 -0.023532390594482422 -0.028999822214245796
v -0.07541092485189438 -0.026570389047265053 -0.02938065491616726
v -0.07895279675722122 -0.025475669652223587 -0.02707400545477867
v -0.08058696240186691 -0.010263640433549881 -0.023883096873760223
v -0.07990600913763046 -0.013444926589727402 -0.027287613600492477
v -0.07996153831481934 -0.01459044311195612 -0.02613181248307228
v -0.07996030896902084 -0.014494100585579872 -0.024713430553674698
v -0.09287452697753906 -0.024398788809776306 -0.047620974481105804
v -0.09447232633829117 -0.018891585990786552 -0.04879901185631752
v -0.09287457913160324 -0.018705205991864204 -0.05048871412873268
v -0.091312937438488 -0.024651354178786278 -0.049375344067811966
v 0.017249206081032753 0.0035330699756741524 0.05762091279029846
v 0.016143569722771645 0.0036226576194167137 0.05731577426195145
v -0.0751737579703331 -0.04214224964380264 -0.021731272339820862
v -0.07054804265499115 -0.043556198477745056 -0.025331713259220123
v -0.07438670843839645 -0.0388312004506588 -0.021324370056390762
v -0.09638165682554245 0.009422734379768372 -0.038457587361335754
v -0.09439714252948761 0.011170606128871441 -0.03836363926529884
v -0.09465300291776657 0.009652706794440746 -0.04091530293226242
v -0.09707621484994888 0.007931513711810112 -0.04082126170396805
v -0.08086268603801727 -0.00818004459142685 -0.03143124282360077
v -0.08039028942584991 -0.010081672109663486 -0.031688690185546875
v -0.08083540946245193 -0.009277580305933952 -0.030117690563201904
v -0.08080966770648956 -0.007152306381613016 -0.02970033884048462
v 0.016183629631996155 0.00487471092492342 0.05753783881664276
v 0.028154734522104263 0.0004830779507756233 0.0601176992058754
v 0.028495129197835922 -0.00024015922099351883 0.059996459633111954
v 0.023851901292800903 3.9186328649520874e-05 0.06021057069301605
v 0.02339155599474907 0.0008004782721400261 0.0602724626660347
v 0.027786701917648315 0.0009815739467740059 0.06003323942422867
v 0.03125063702464104 0.0012006266042590141 0.05926714837551117
v 0.031435322016477585 0.0006756111979484558 0.05931690335273743
v 0.03171299770474434 -5.1048584282398224e-05 0.059118106961250305
v -0.057476215064525604 -0.035831108689308167 -0.07840889692306519
v -0.06506146490573883 -0.038892898708581924 -0.060069307684898376
v -0.06993243098258972 -0.024230187758803368 -0.06599220633506775
v -0.06308890134096146 -0.021872496232390404 -0.08134995400905609
v -0.08542511612176895 -0.03959839418530464 -0.03737043961882591
v -0.08450929075479507 -0.0421171709895134 -0.03521282225847244
v -0.08293601870536804 -0.0033034589141607285 -0.020961729809641838
v -0.08229478448629379 -0.001795153133571148 -0.019313514232635498
v -0.08311862498521805 0.003879910334944725 -0.019827451556921005
v -0.08400322496891022 0.0008281664922833443 -0.02070138417184353
v 0.020550929009914398 0.0008582621812820435 0.06012769043445587
v 0.020348720252513885 0.0016710367053747177 0.05999862030148506
v 0.03183292597532272 -0.0006881840527057648 0.058878589421510696
v 0.028888430446386337 -0.000853806734085083 0.0597505196928978
v -0.09540365636348724 -0.0040209731087088585 -0.05017188936471939
v -0.09775112569332123 -0.0050380639731884 -0.04890415072441101
v 0.024114541709423065 -0.0005485266447067261 0.060031481087207794
v 0.020455706864595413 0.00047900713980197906 0.060112617909908295
v 0.01747611165046692 0.0016566542908549309 0.05963486433029175
v 0.018694579601287842 0.001835538074374199 0.059798531234264374
v 0.029032934457063675 -0.0014617154374718666 0.059179097414016724
v 0.028848130255937576 -0.002078942023217678 0.059083983302116394
v 0.0241235438734293 -0.0017959140241146088 0.059709593653678894
v 0.02419714629650116 -0.0011691665276885033 0.05972486734390259
v -0.08613412827253342 0.002622741274535656 -0.027744578197598457
v -0.08797121793031693 0.0058010779321193695 -0.0301118865609169
v -0.08666644245386124 0.0035914303734898567 -0.029418298974633217
v -0.08561671525239944 0.001997733488678932 -0.02806960418820381
v -0.08561064302921295 -0.00570344366133213 -0.026296300813555717
v -0.08627551794052124 -0.004489244893193245 -0.026019146665930748
v -0.08448553830385208 -0.0035717757418751717 -0.02612738311290741
v -0.08351922035217285 -0.004776483401656151 -0.026590343564748764
v 0.03190501034259796 -0.0012741219252347946 0.05822278931736946
v 0.03186976537108421 -0.0019497107714414597 0.05796549469232559
v -0.08193357288837433 0.0029513007029891014 -0.017264002934098244
v -0.08284086734056473 0.008329453878104687 -0.019602438434958458
v 0.04009757936000824 0.002554182894527912 0.05355191230773926
v 0.04065519943833351 0.0030995653942227364 0.05279800295829773
v 0.04058701917529106 0.0025080787017941475 0.05276265740394592
v -0.07301882654428482 -0.03487669304013252 -0.039430174976587296
v 0.04017825797200203 0.002084796316921711 0.05313961207866669
v 0.04293302074074745 0.00025916192680597305 0.04996148496866226
v 0.04409273713827133 0.0015041735023260117 0.049426689743995667
v 0.04588186740875244 0.0009042797610163689 0.04788863658905029
v -0.08483491837978363 -0.004171428270637989 -0.023270657286047935
v -0.08567269891500473 -0.0016213031485676765 -0.02287757210433483
v -0.08683168888092041 -0.0027789147570729256 -0.025492394343018532
v -0.0752660408616066 -0.03391839563846588 -0.02032962068915367
v -0.07629186660051346 -0.032004520297050476 -0.022144759073853493
v -0.08527218550443649 0.0016266163438558578 -0.027935530990362167
v -0.08461643010377884 0.00048073194921016693 -0.027997814118862152
v -0.08313749730587006 -0.003545069135725498 -0.027085119858384132
v -0.08396193385124207 -0.004231653176248074 -0.029516000300645828
v 0.04455512762069702 -0.0005796486511826515 0.04897378757596016
v -0.08795086294412613 -0.009664978832006454 -0.03732629120349884
v -0.08833922445774078 -0.01743469573557377 -0.03990412876009941
v 0.053312867879867554 -0.008513175882399082 0.044405367225408554
v 0.04710382968187332 -0.003196057863533497 0.04807534068822861
v 0.048526909202337265 -0.0015417169779539108 0.04621873050928116
v 0.03953174501657486 0.0022940905764698982 0.05430567264556885
v 0.038873594254255295 0.0019413670524954796 0.05517231673002243
v 0.03957574814558029 0.0026532644405961037 0.05434052273631096
v 0.04009716957807541 0.0030523939058184624 0.053503960371017456
v 0.039623551070690155 0.00168547872453928 0.053857043385505676
v 0.03888532146811485 0.001341729424893856 0.054825134575366974
v 0.037856221199035645 0.0016316082328557968 0.056161459535360336
v 0.03777441009879112 0.000977158546447754 0.055913448333740234
v 0.0362260527908802 0.0005116956308484077 0.057121384888887405
v 0.03621780872344971 0.0012113135308027267 0.05738278850913048
v 0.03417656570672989 0.0009258314967155457 0.05843464285135269
v -0.07283765077590942 -0.02596927247941494 -0.052445173263549805
v -0.0682971328496933 -0.041074253618717194 -0.040404029190540314
v 0.03446250408887863 0.001388254575431347 0.058341801166534424
v 0.03435027599334717 0.00017977599054574966 0.05812980979681015
v 0.03629821166396141 -7.541757076978683e-05 0.05670105665922165
v 0.03438520058989525 -0.00043350178748369217 0.057816606014966965
v 0.037815436720848083 0.0003595249727368355 0.05537254363298416
v 0.038967933505773544 0.0008013127371668816 0.05427683889865875
v 0.03975896164774895 0.0012582633644342422 0.053307391703128815
v 0.04048357531428337 0.0017003146931529045 0.052605219185352325
v 0.04102548211812973 0.0022971350699663162 0.05218249931931496
v 0.040110111236572266 0.0008274540305137634 0.052657388150691986
v 0.04080910235643387 0.00026984140276908875 0.051865555346012115
v 0.03950408846139908 -0.00032083410769701004 0.05302625894546509
v 0.03914833813905716 0.00030510127544403076 0.05367971956729889
v 0.04108542948961258 0.0013951919972896576 0.0519290491938591
v 0.04193047806620598 0.0009103761985898018 0.05096530169248581
v -0.08336223661899567 -0.003080444410443306 -0.026334740221500397
v -0.08354314416646957 -0.002562309615314007 -0.026360182091593742
v -0.08302891999483109 -0.003336823545396328 -0.026210181415081024
v -0.08252397179603577 -0.00407275278121233 -0.02690240927040577
v 0.03801097720861435 -0.00010827649384737015 0.05477922782301903
v 0.0381469801068306 -0.0007316721603274345 0.054293736815452576
v 0.03640500456094742 -0.0012214845046401024 0.05560997128486633
v 0.036323823034763336 -0.0005990155041217804 0.05611433833837509
v -0.08332204073667526 -0.04436858743429184 -0.03303965926170349
v -0.08760029077529907 -0.0038806581869721413 -0.03428921476006508
v -0.08523428440093994 -0.0062364814803004265 -0.03269030153751373
v -0.08656808733940125 -0.004234884865581989 -0.032373007386922836
v 0.03442399203777313 -0.0009732162579894066 0.057207830250263214
v 0.034622617065906525 -0.0016817227005958557 0.0567469596862793
v -0.09536603838205338 -0.014496962539851665 -0.046424783766269684
v -0.09742041677236557 -0.007267803885042667 -0.045355647802352905
v -0.09875734895467758 -0.006895394995808601 -0.04664480686187744
v -0.09661729633808136 -0.014470375142991543 -0.04749557748436928
v 0.027554934844374657 0.0012353826314210892 0.059609778225421906
v 0.027124306187033653 0.0018194131553173065 0.058567121624946594
v 0.03032832406461239 0.0017019286751747131 0.05816976726055145
v 0.0314706526696682 0.0013259267434477806 0.058820296078920364
v 0.03459573909640312 0.0014796881005167961 0.05799365043640137
v -0.0718315839767456 -0.04593222588300705 -0.027540307492017746
v -0.08023588359355927 -0.010556591674685478 -0.03313712030649185
v -0.08132841438055038 -0.011990226805210114 -0.032756462693214417
v 0.03338557109236717 0.0019387146458029747 0.05737769231200218
v 0.030507005751132965 0.0021213041618466377 0.05678877979516983
v 0.028859421610832214 0.0042901113629341125 0.05388105288147926
v 0.030253592878580093 0.00431285984814167 0.05356227606534958
v 0.032888270914554596 0.0022819489240646362 0.05605246126651764
v -0.0825156420469284 -0.005705913528800011 -0.030142012983560562
v -0.08187934011220932 -0.004928295500576496 -0.027296092361211777
v 0.027580713853240013 0.0023421328514814377 0.05718815326690674
v 0.027463814243674278 0.004432010464370251 0.05394526571035385
v 0.02463134564459324 0.0027697719633579254 0.05751647427678108
v -0.07664366066455841 -0.029043180868029594 -0.02131931111216545
v 0.02611481584608555 0.004526546224951744 0.05427565425634384
v 0.022120371460914612 0.003244202584028244 0.05779697746038437
v 0.028539050370454788 0.011249067261815071 0.06269901990890503
v 0.02882232330739498 0.011858419515192509 0.06294656544923782
v 0.034194719046354294 0.011466034688055515 0.06197535619139671
v 0.03328310698270798 0.010943835601210594 0.06176130846142769
v 0.044254228472709656 0.003342641517519951 -0.0985535979270935
v 0.04536757245659828 0.018981192260980606 -0.10125800967216492
v 0.03261386230587959 0.01549066137522459 -0.11163996905088425
v 0.03640624135732651 0.008120793849229813 0.06004023179411888
v 0.03636514022946358 0.009593305177986622 0.06009388715028763
v 0.03881971538066864 0.008935644291341305 0.058072179555892944
v 0.038758784532547 0.007612848654389381 0.05800730362534523
v 0.03634725138545036 0.006739194504916668 0.059789471328258514
v -0.09318656474351883 0.006099424324929714 -0.04044416546821594
v -0.09392678737640381 0.004700103774666786 -0.04198016971349716
v -0.09210923314094543 0.004855971783399582 -0.039532165974378586
v -0.09195353090763092 0.00569275114685297 -0.03787261247634888
v -0.09141114354133606 0.007789785973727703 -0.035776712000370026
v -0.09084062278270721 0.008324585855007172 -0.03525392711162567
v -0.09261111170053482 0.007371530868113041 -0.03859701752662659
v -0.08481024950742722 -0.005036649294197559 -0.030794788151979446
v -0.08580391854047775 -0.003837086260318756 -0.03135885298252106
v 0.03852791711688042 0.00625490490347147 0.05769164860248566
v 0.03355714678764343 0.007242672145366669 0.06170908361673355
v -0.08159702271223068 -0.03311532363295555 -0.03128704056143761
v -0.08197478204965591 -0.03862922266125679 -0.0321364551782608
v -0.08988963067531586 -0.024910923093557358 -0.043156787753105164
v -0.08915639668703079 -0.02480841614305973 -0.04052115976810455
v -0.09053531289100647 -0.012955859303474426 -0.050105415284633636
v -0.0910118892788887 -0.0043903011828660965 -0.048553209751844406
v -0.08928569406270981 -0.0049141207709908485 -0.04670587554574013
v -0.08929043263196945 -0.013005046173930168 -0.04880990460515022
v 0.033610232174396515 0.008778218179941177 0.06192750483751297
v 0.03353574126958847 0.010198374278843403 0.061811160296201706
v 0.03698002174496651 0.006928221322596073 0.05320652946829796
v 0.03622768819332123 0.007088994607329369 0.05398176610469818
v -0.08406729996204376 -0.011653530411422253 -0.04543856531381607
v -0.08095372468233109 -0.010830122977495193 -0.044979535043239594
v -0.07950954139232635 -0.016124168410897255 -0.023374686017632484
v -0.07904913276433945 -0.012710101902484894 -0.020571675151586533
v -0.08132341504096985 -0.006541002541780472 -0.02952677384018898
v -0.08151614665985107 -0.005102933384478092 -0.027777312323451042
v -0.08410802483558655 -0.028910687193274498 -0.045322056859731674
v -0.07990427315235138 -0.03689466044306755 -0.03903460502624512
v -0.08411133289337158 -0.03127024695277214 -0.04392436519265175
v -0.0758911520242691 -0.037653855979442596 -0.036982737481594086
v -0.075496144592762 -0.038936592638492584 -0.034854162484407425
v -0.07793622463941574 -0.038849133998155594 -0.03652731329202652
v 0.037214621901512146 0.006453250534832478 0.055425241589546204
v 0.03828129917383194 0.006305035203695297 0.05408984795212746
v 0.037463556975126266 0.006670006550848484 0.052528999745845795
v 0.03877785801887512 0.006308910436928272 0.05309923738241196
v 0.03328321501612663 0.006763770245015621 0.05153803527355194
v 0.03290747478604317 0.006869007833302021 0.05191725492477417
v 0.03229069337248802 0.006927787326276302 0.0524207204580307
v -0.08574674278497696 -0.029607225209474564 -0.03876407444477081
v -0.08782949298620224 -0.027867872267961502 -0.0409722700715065
v 0.033534422516822815 0.0065584005787968636 0.051304399967193604
v -0.07867491990327835 -0.014532296918332577 -0.029640760272741318
v -0.07745277881622314 -0.01567886397242546 -0.03169570490717888
v -0.07678717374801636 -0.014522528275847435 -0.029445242136716843
v -0.09071929007768631 -0.010072126984596252 -0.03903380036354065
v -0.09085969626903534 -0.01766340062022209 -0.04087227210402489
v -0.08592119812965393 -0.0022148732095956802 -0.026273434981703758
v 0.03374694660305977 0.006274864077568054 0.05120040103793144
v -0.08281317353248596 -0.011223629117012024 -0.027676621451973915
v -0.08358527719974518 -0.008298992179334164 -0.025158315896987915
v -0.0889926627278328 0.0005660969763994217 -0.025645308196544647
v -0.08770866692066193 -0.0007267091423273087 -0.026450078934431076
v -0.08684246242046356 -0.0015358682721853256 -0.026361871510744095
v -0.08766551315784454 -0.0011764178052544594 -0.025286512449383736
v -0.07166557759046555 -0.022877162322402 -0.032505907118320465
v -0.07376475632190704 -0.02499689906835556 -0.030945103615522385
v -0.07555511593818665 -0.022156406193971634 -0.029843611642718315
v 0.033991362899541855 0.005920993164181709 0.05120094120502472
v 0.03365086764097214 0.005662217736244202 0.05126752331852913
v 0.05632653832435608 -0.024468712508678436 0.04202888160943985
v 0.05604888126254082 -0.013499096967279911 0.04276040941476822
v -0.09039280563592911 0.007178874686360359 -0.03304266929626465
v -0.0908888652920723 0.005588216707110405 -0.03434469923377037
v -0.08819908648729324 0.001059836708009243 -0.04298556223511696
v 0.0584704726934433 -0.020932495594024658 0.03816119581460953
v 0.03927547112107277 0.002976774238049984 0.05409771203994751
v -0.08641762286424637 -0.00012012291699647903 -0.030477920547127724
v -0.08607421070337296 -0.001153438352048397 -0.03177517652511597
v 0.03980100899934769 0.0034266971051692963 0.05329257622361183
v -0.08511702716350555 0.011770319193601608 -0.03281419351696968
v -0.0854962021112442 0.008838795125484467 -0.030059900134801865
v -0.08518663048744202 0.009065876714885235 -0.028889771550893784
v -0.08489745855331421 0.013605943880975246 -0.02806135080754757
v 0.0386199876666069 0.0033512338995933533 0.05374537408351898
v -0.07452341914176941 -0.042072925716638565 -0.03199082985520363
v -0.07714470475912094 -0.04144277423620224 -0.034759704023599625
v -0.07699231803417206 -0.04012959077954292 -0.03502510488033295
v -0.07510947436094284 -0.040407512336969376 -0.0330820232629776
v -0.07839451730251312 -0.02849545329809189 -0.03211896866559982
v -0.07675938308238983 -0.028504837304353714 -0.034137677401304245
v 0.039064161479473114 0.003817281685769558 0.05302354693412781
v -0.0907735526561737 -0.023183267563581467 -0.04582792520523071
v -0.0902014672756195 -0.024190910160541534 -0.04492175579071045
v -0.09149345755577087 -0.019910339266061783 -0.046204157173633575
v -0.0918830931186676 -0.018409330397844315 -0.046905517578125
v 0.04031338915228844 0.003954312764108181 0.052557751536369324
v 0.040757808834314346 0.0036866627633571625 0.05261299014091492
v 0.03623335435986519 0.0030269352719187737 0.054590292274951935
v 0.03233197703957558 0.004615871235728264 0.05274095758795738
v 0.03305017948150635 0.00479945819824934 0.05229584127664566
v -0.0816722884774208 -0.006959168240427971 -0.03457865118980408
v -0.08130522072315216 -0.008138913661241531 -0.03363117575645447
v -0.08421419560909271 0.0046152034774422646 -0.03304349631071091
v -0.08645424991846085 0.006692899391055107 -0.034060485661029816
v -0.08640206605195999 0.008315175771713257 -0.030488379299640656
v -0.08469538390636444 0.006665960885584354 -0.030665919184684753
v -0.08997176587581635 0.002118564210832119 -0.044792190194129944
v 0.03710007295012474 0.003420528955757618 0.053914718329906464
v 0.03483935073018074 0.0025101881474256516 0.055446233600378036
v 0.031404800713062286 0.004437160678207874 0.053167082369327545
v 0.03289647400379181 0.005204200744628906 0.0517595000565052
v 0.03333872929215431 0.005378083325922489 0.05147774517536163
v -0.08612129837274551 -0.0026790471747517586 -0.03197872266173363
v -0.08648747950792313 -0.0024028830230236053 -0.03275749832391739
v 0.03715912997722626 0.0038879290223121643 0.053137172013521194
v -0.08591250330209732 -0.0023432811722159386 -0.031380098313093185
v 0.03772664815187454 0.0043601347133517265 0.052503056824207306
v 0.03935936465859413 0.004402489401400089 0.0525224469602108
v -0.08271549642086029 -0.0055665550753474236 -0.027064112946391106
v -0.08480638265609741 -0.006678299978375435 -0.02730160765349865
v -0.08866603672504425 0.0011292770504951477 -0.02707950957119465
v -0.09118635207414627 0.0046911174431443214 -0.02894139289855957
v -0.0903293713927269 0.0055307988077402115 -0.030273083597421646
v -0.0882144421339035 0.0019847098737955093 -0.027217604219913483
v 0.038471728563308716 0.005241097882390022 0.05199180543422699
v 0.03825291618704796 0.005728708580136299 0.052033282816410065
v 0.03974408283829689 0.004783403128385544 0.05237019062042236
v -0.08436544984579086 -0.0009034527465701103 -0.02655048295855522
v 0.03973695635795593 0.005325513891875744 0.05239954590797424
v 0.03814370930194855 0.004878002218902111 0.05208693444728851
v -0.020285714417696 -0.03218967840075493 -0.10608413070440292
v -0.022434405982494354 -0.021080270409584045 -0.11136205494403839
v 0.03795540705323219 0.0062093473970890045 0.0522080697119236
v 0.03944481909275055 0.005738971754908562 0.05269557982683182
v 0.04097401350736618 0.003180667757987976 0.052403390407562256
v 0.04112032428383827 0.004033532924950123 0.0522506907582283
v 0.04162350669503212 0.004659814760088921 0.0518268421292305
v 0.041391659528017044 0.0030901236459612846 0.05191899836063385
v -0.0872286930680275 0.007804336957633495 -0.023345762863755226
v -0.08727817237377167 0.009712792001664639 -0.026442812755703926
v -0.08842633664608002 0.010632349178195 -0.026885133236646652
v -0.08784179389476776 0.00858739111572504 -0.02379499562084675
v -0.0917297750711441 0.0045669423416256905 -0.037709832191467285
v 0.04209975525736809 0.0031716525554656982 0.05126321688294411
v 0.0417218841612339 0.0021132025867700577 0.051438070833683014
v 0.042462293058633804 0.005318750627338886 0.05166032165288925
v 0.04381164535880089 0.0060567958280444145 0.05085223913192749
v -0.09492932260036469 0.0019202474504709244 -0.04311014711856842
v -0.08217499405145645 -0.014027259312570095 -0.03196423128247261
v -0.0793013945221901 -0.01646234467625618 -0.033270061016082764
v 0.043355558067560196 0.0032471055164933205 0.05037232115864754
v 0.042653605341911316 0.0019272780045866966 0.05049917846918106
v 0.04081887751817703 0.004502413794398308 0.05229567736387253
v -0.06956803798675537 -0.017007574439048767 -0.03227631375193596
v -0.06995517015457153 -0.015891458839178085 -0.03190883249044418
v -0.070598304271698 -0.01608014479279518 -0.03295866400003433
v -0.07048216462135315 -0.016894809901714325 -0.033488791435956955
v 0.04081714525818825 0.004879793152213097 0.052165839821100235
v 0.04192257672548294 0.0061336178332567215 0.05297139659523964
v -0.0735025480389595 -0.022108174860477448 -0.03488662838935852
v -0.07564780116081238 -0.023158326745033264 -0.034319959580898285
v -0.07464045286178589 -0.024808838963508606 -0.033026210963726044
v -0.07287845015525818 -0.02347293496131897 -0.03439861536026001
v 0.04256940260529518 0.007074323482811451 0.052796486765146255
v 0.04127566143870354 0.0054299719631671906 0.05286703258752823
v 0.040760982781648636 0.0058342469856143 0.054127100855112076
v 0.04132428765296936 0.006648681126534939 0.05440535396337509
v -0.06896931678056717 -0.019540365785360336 -0.03301391005516052
v -0.0692780390381813 -0.01816733181476593 -0.03259784355759621
v -0.07003726065158844 -0.018424466252326965 -0.034084077924489975
v -0.06960881501436234 -0.01985500380396843 -0.034779034554958344
v 0.041682422161102295 0.007630865089595318 0.054283007979393005
v 0.040341347455978394 0.007002830505371094 0.05613833665847778
v -0.08969372510910034 0.007477114908397198 -0.03134392201900482
v -0.09125212579965591 0.0075578829273581505 -0.03339087590575218
v 0.04054799675941467 0.00822532456368208 0.05609182268381119
v 0.03990136831998825 0.005980495363473892 0.05569341033697128
v 0.04051877558231354 0.0053384797647595406 0.052752282470464706
v -0.09696109592914581 0.00020375289022922516 -0.04193510115146637
v -0.09720415621995926 -0.0016662878915667534 -0.04335721954703331
v -0.09421123564243317 0.005264841020107269 -0.03976111859083176
v -0.09472064673900604 0.003644960932433605 -0.04135069623589516
v 0.04002465307712555 0.005711657926440239 0.05365848168730736
v 0.03926656395196915 0.005833231844007969 0.05502159148454666
v 0.038040656596422195 0.005869952030479908 0.05676409974694252
v -0.07884014397859573 -0.02363463304936886 -0.023907605558633804
v -0.07984893023967743 -0.023189570754766464 -0.025542575865983963
v -0.07944464683532715 -0.02477579563856125 -0.025818146765232086
v -0.09819257259368896 0.0026114238426089287 -0.04117361083626747
v -0.09749414026737213 0.005872683599591255 -0.04264722764492035
v -0.07743092626333237 -0.04165002703666687 -0.02356080897152424
v -0.07640516757965088 -0.043526288121938705 -0.02252286858856678
v -0.048206228762865067 -0.1173136830329895 -0.01773187518119812
v -0.05786992236971855 -0.10929995775222778 -0.029679257422685623
v -0.0567505769431591 -0.1196671575307846 -0.030739709734916687
v -0.046937212347984314 -0.12716053426265717 -0.019175367429852486
v -0.08815296739339828 0.003481152467429638 -0.023561149835586548
v -0.08675926178693771 0.006200587376952171 -0.02286696247756481
v 0.0360945463180542 0.006212811917066574 0.05878562107682228
v 0.03528312221169472 0.006656172685325146 0.05708663910627365
v 0.033310700207948685 0.006662219762802124 0.06064046919345856
v -0.06897980719804764 -0.021484635770320892 -0.03370269387960434
v -0.06897632777690887 -0.021596668288111687 -0.033697061240673065
v -0.07150819152593613 -0.023435112088918686 -0.03370126709342003
v -0.07381556183099747 -0.018163418397307396 -0.030450744554400444
v -0.07024287432432175 -0.01746414415538311 -0.031630802899599075
v 0.032614804804325104 0.006744619458913803 0.058481886982917786
v 0.029249675571918488 0.012977764941751957 0.06388174742460251
v 0.034993186593055725 0.012854618951678276 0.06247275322675705
v 0.03205915540456772 0.007439007051289082 0.05644203722476959
v 0.029844334349036217 0.0069689033553004265 0.053684838116168976
v 0.028379706665873528 0.006990631110966206 0.0539521723985672
v 0.029194554314017296 0.007120946422219276 0.057324156165122986
v -0.07421528548002243 -0.02063186839222908 -0.034688062965869904
v 0.01939425989985466 0.005714240483939648 0.0575791597366333
v 0.020435137674212456 0.006304358132183552 0.05820365622639656
v -0.07405975461006165 -0.015627233311533928 -0.032536908984184265
v -0.07389809191226959 -0.014769809320569038 -0.03107691928744316
v -0.07434049993753433 -0.028305187821388245 -0.0306435264647007
v -0.07530951499938965 -0.02901821956038475 -0.03262235224246979
v -0.07688824087381363 -0.030067596584558487 -0.02959701046347618
v -0.0698784664273262 -0.021804265677928925 -0.03507982939481735
v -0.08251749724149704 -0.005878333933651447 -0.03247040510177612
v 0.023882802575826645 0.00640456285327673 0.054689522832632065
v 0.02326989360153675 0.006253981962800026 0.05444315820932388
v 0.017557550221681595 0.005510895512998104 0.05844167619943619
v 0.01900392398238182 0.006275231018662453 0.05934027209877968
v -0.07701323926448822 -0.020404841750860214 -0.03448990732431412
v -0.07808014005422592 -0.022394496947526932 -0.03680044412612915
v -0.07718326151371002 -0.024292320013046265 -0.036192767322063446
v -0.07625837624073029 -0.02214621752500534 -0.03464575484395027
v -0.08389781415462494 -0.032762136310338974 -0.03772347420454025
v -0.08400017768144608 -0.030955838039517403 -0.03740468993782997
v -0.07605348527431488 -0.02651069685816765 -0.03926148638129234
v -0.0795600414276123 -0.027393143624067307 -0.03736186772584915
v -0.0825146958231926 -0.011398447677493095 -0.031569186598062515
v -0.08391991257667542 -0.009033739566802979 -0.02870079316198826
v -0.07943633198738098 -0.014391293749213219 -0.03017496131360531
v -0.07724297046661377 -0.018337184563279152 -0.03333128243684769
v -0.07886675000190735 -0.020405612885951996 -0.03594081848859787
v -0.07399553060531616 -0.017011158168315887 -0.03047855570912361
v -0.07717239111661911 -0.016941770911216736 -0.028990093618631363
v -0.07696942239999771 -0.015839532017707825 -0.029159236699342728
v -0.07402318716049194 -0.01600043475627899 -0.030623024329543114
v -0.08770866692066193 -0.0008525792509317398 -0.03296259045600891
v -0.08515588939189911 0.00415546540170908 -0.021337928250432014
v -0.0867265984416008 0.00106866005808115 -0.022951293736696243
v -0.08630823343992233 0.018073679879307747 -0.04351918026804924
v -0.08423616737127304 0.010842539370059967 -0.04997480660676956
v -0.0846131443977356 0.009304978884756565 -0.03718538582324982
v -0.07507997751235962 -0.01897674798965454 -0.03438371419906616
v -0.07025665044784546 -0.015385089442133904 -0.031959839165210724
v -0.0709102675318718 -0.01606328785419464 -0.031790800392627716
v -0.09015495330095291 -0.0278084147721529 -0.04440027475357056
v -0.07749632745981216 -0.03098762221634388 -0.02921448089182377
v -0.08167222887277603 -0.007308168336749077 -0.02786874584853649
v -0.08973367512226105 -0.018229737877845764 -0.04993067681789398
v -0.08845964074134827 -0.02393433451652527 -0.04903343319892883
v -0.08144756406545639 -0.005932362750172615 -0.027805907651782036
v -0.08165303617715836 -0.004934299737215042 -0.02764718234539032
v -0.0761609897017479 -0.02891104482114315 -0.03363073617219925
v -0.07788142561912537 -0.029260924085974693 -0.030995719134807587
v -0.08194159716367722 -0.004727178253233433 -0.027336176484823227
v -0.08001360297203064 -0.023405320942401886 -0.027014166116714478
v -0.0916614755988121 -0.00042870454490184784 -0.03742636740207672
v 0.023943113163113594 0.006706266663968563 0.058420922607183456
v 0.025775305926799774 0.006624341942369938 0.05478471517562866
v -0.08071399480104446 -0.040061015635728836 -0.03971102088689804
v -0.07881493121385574 -0.041928716003894806 -0.03694245219230652
v 0.024681447073817253 0.00650445744395256 0.05481158196926117
v -0.07073290646076202 -0.016516312956809998 -0.03137926012277603
v 0.022175954654812813 0.006528587080538273 0.05834340304136276
v -0.07345017790794373 -0.02462782710790634 -0.032303329557180405
v -0.07429585605859756 -0.01729596219956875 -0.033091962337493896
v 0.023102276027202606 0.006769439205527306 0.0603710412979126
v 0.020792940631508827 0.006660717539489269 0.059942521154880524
v 0.029240736737847328 0.006850694306194782 0.05966166406869888
v -0.07919371128082275 -0.019321708008646965 -0.028327438980340958
v -0.07867546379566193 -0.021502237766981125 -0.028417618945240974
v -0.08032258599996567 -0.021189019083976746 -0.026457959786057472
v 0.012923294678330421 0.0772232785820961 -0.11043906956911087
v 0.012822292745113373 0.062205687165260315 -0.11650963872671127
v -0.08079779148101807 -0.02651798725128174 -0.03879924863576889
v -0.07730094343423843 -0.024159539490938187 -0.04075530171394348
v -0.07890838384628296 -0.02305920422077179 -0.042393844574689865
v -0.08291883766651154 -0.0251665897667408 -0.03958795219659805
v -0.08682947605848312 -0.029275886714458466 -0.04758492857217789
v -0.08482584357261658 -0.03421109914779663 -0.04509894177317619
v -0.08662061393260956 -0.0359419584274292 -0.04540807008743286
v -0.08938850462436676 -0.030586253851652145 -0.04778154939413071
v 0.03258748725056648 0.06342195719480515 -0.10737951844930649
v 0.032205730676651 0.07648187130689621 -0.10227420181035995
v -0.08748915791511536 0.03531741723418236 -0.049199264496564865
v -0.08676299452781677 0.02268253266811371 -0.03574672341346741
v -0.08795762062072754 0.03997012600302696 -0.036893755197525024
v -0.08955877274274826 0.008892851881682873 -0.03870198875665665
v -0.08939137309789658 0.0069534387439489365 -0.04067002236843109
v -0.09473040699958801 0.007851246744394302 -0.043145738542079926
v -0.08449015766382217 0.01123154629021883 -0.023712629452347755
v -0.08496440201997757 0.00909433700144291 -0.027637725695967674
v -0.08694926649332047 0.008865985088050365 -0.02623140625655651
v -0.09401299059391022 -0.01332819927483797 -0.051011357456445694
v 0.03443989157676697 0.007325330749154091 0.05534893274307251
v 0.03121344745159149 0.00696635153144598 0.053085777908563614
v 0.042363863438367844 0.07678692787885666 -0.09438275545835495
v 0.04131338372826576 0.08482591062784195 -0.08998532593250275
v 0.032403554767370224 0.0872490406036377 -0.09517954289913177
v 0.03222087770700455 -0.061070140451192856 -0.08835650980472565
v 0.022607842460274696 -0.0717293918132782 -0.09692670404911041
v -0.08185476809740067 -0.006840354762971401 -0.022004179656505585
v -0.08396968990564346 -0.00644032284617424 -0.02396877482533455
v 0.015458405949175358 0.005109846591949463 0.059526219964027405
v -0.0833083912730217 -0.027546215802431107 -0.045950353145599365
v 0.017341986298561096 0.005819685757160187 0.060238830745220184
v -0.08411362767219543 -0.027668483555316925 -0.037238482385873795
v -0.08662198483943939 -0.026606101542711258 -0.03865421563386917
v -0.09491680562496185 0.007532328367233276 -0.03234732896089554
v -0.0924169272184372 0.005286814644932747 -0.03056894987821579
v 0.014124942943453789 0.0044449735432863235 0.05895455926656723
v 0.013152067549526691 0.004407783038914204 0.05896955728530884
v 0.014562821015715599 0.0052414098754525185 0.05965091288089752
v 0.016248654574155807 0.006083467043936253 0.06037987396121025
v 0.019672788679599762 0.0064003923907876015 0.06092660874128342
v 0.018772976472973824 0.006704343482851982 0.06142856925725937
v 0.022321483120322227 0.007160332053899765 0.06256662309169769
v 0.02235761657357216 0.006631824187934399 0.06166614592075348
v 0.02956021949648857 0.00687500461935997 0.061830632388591766
v 0.029648512601852417 0.0075342124328017235 0.0627780556678772
v 0.02171236462891102 0.00833132490515709 0.06252475827932358
v 0.018089042976498604 0.0076232850551605225 0.0611252635717392
v 0.020885663107037544 0.009797432459890842 0.06242780387401581
v 0.017889592796564102 0.008970201015472412 0.06115799397230148
v 0.02929363213479519 0.010427779518067837 0.06278421729803085
v 0.029828209429979324 0.009054345078766346 0.062946617603302
v 0.01714096963405609 0.0025851894170045853 0.05931885540485382
v 0.014842970296740532 0.002814873121678829 0.05908704549074173
v 0.017795594409108162 0.0029615387320518494 0.05904586613178253
v 0.01553675252944231 0.0031831851229071617 0.05874336510896683
v 0.018984554335474968 0.0034043798223137856 0.058379337191581726
v 0.014404387213289738 0.0035804128274321556 0.058604903519153595
v 0.01342003047466278 0.0033858204260468483 0.058859653770923615
v -0.010121788829565048 -0.13438783586025238 0.00995998177677393
v -0.009979631751775742 -0.13993994891643524 0.005476132035255432
v 0.02020157128572464 0.003726695664227009 0.05764714628458023
v 0.013619700446724892 0.005433214828372002 0.05918557941913605
v 0.012198767624795437 0.004418923519551754 0.05883609130978584
v 0.012418786995112896 0.006590073928236961 0.058589257299900055
v 0.011405806988477707 0.004814213141798973 0.05867111682891846
v 0.015106277540326118 0.008481329306960106 0.05966681241989136
v 0.015341359190642834 0.006743588484823704 0.05976187437772751
v 0.012416730634868145 0.0032780077308416367 0.05878354609012604
v 0.013283533975481987 0.0027042441070079803 0.058998242020606995
v 0.011728901416063309 0.0034806644544005394 0.05869127810001373
v 0.012583286501467228 0.002753285691142082 0.05891156196594238
v 0.02019946090877056 -0.00010227784514427185 0.06003003194928169
v 0.02000974304974079 -0.000511419028043747 0.059912413358688354
v 0.016681205481290817 0.0011663101613521576 0.05961005762219429
v 0.016053032130002975 0.001029190607368946 0.05946645513176918
v 0.028586409986019135 -0.0026769666001200676 0.05884517729282379
v 0.031653229147195816 -0.0026346230879426003 0.05789712816476822
v 0.02831251733005047 -0.0036978768184781075 0.05888527259230614
v -0.010292370803654194 -0.02961585484445095 0.07728005945682526
v -0.011234361678361893 -0.02954847738146782 0.07603113353252411
v -0.00988682173192501 -0.027876537293195724 0.07524498552083969
v -0.009564663283526897 -0.027988344430923462 0.07584099471569061
v 0.031551651656627655 -0.0036606676876544952 0.05784237012267113
v 0.023300904780626297 -0.003364221192896366 0.0597347617149353
v 0.02379526011645794 -0.0024565644562244415 0.05965016037225723
v 0.03435271233320236 -0.13123270869255066 -0.010549917817115784
v 0.041653215885162354 -0.0005654171109199524 0.0511673241853714
v 0.0428837351500988 -0.0016982685774564743 0.05054783076047897
v 0.04112693667411804 -0.0024349242448806763 0.05204036831855774
v 0.040119607001543045 -0.0010966844856739044 0.05243381857872009
v 0.0383874736726284 -0.0015585152432322502 0.05377070605754852
v -0.010655706748366356 -0.037749502807855606 0.07529181241989136
v -0.010130248963832855 -0.0363522544503212 0.0748719871044159
v -0.011334127746522427 -0.036166489124298096 0.0739985853433609
v -0.012294578365981579 -0.03740363195538521 0.0745406523346901
v 0.03899949789047241 -0.002904116176068783 0.053582414984703064
v 0.03665585443377495 -0.0032393597066402435 0.05512751266360283
v 0.036332063376903534 -0.0020297346636652946 0.055228836834430695
v 0.03451986610889435 -0.0023822467774152756 0.05651935562491417
v 0.03443863242864609 -0.00357910618185997 0.05653741955757141
v 0.0451115146279335 0.003050972707569599 0.04898446053266525
v 0.0458824597299099 0.006437753327190876 0.04882197082042694
v 0.0468110553920269 0.0026302263140678406 0.047291141003370285
v 0.048068322241306305 0.0062554385513067245 0.04673527926206589
v 0.010365132242441177 0.007807002402842045 0.058610424399375916
v -0.008709670044481754 -0.02785915695130825 0.07560118287801743
v -0.0077070859260857105 -0.02999195270240307 0.07771231234073639
v -0.00864887610077858 -0.029985718429088593 0.07844565808773041
v -0.009032189846038818 -0.027934622019529343 0.07583359628915787
v 0.010133697651326656 0.005387716926634312 0.05826472491025925
v 0.008726837113499641 0.00884357001632452 0.059646472334861755
v 0.008677897974848747 0.006166487000882626 0.05904185771942139
v 0.010053392499685287 0.011657169088721275 0.06093306839466095
v 0.01208579819649458 0.01037635002285242 0.059700384736061096
v 0.010868353769183159 0.0037258658558130264 0.05870730057358742
v 0.01189531572163105 0.0026956740766763687 0.05874336510896683
v 0.009788733907043934 0.0036717569455504417 0.059015773236751556
v 0.01107838749885559 0.0022225268185138702 0.059108901768922806
v 0.019443996250629425 -0.001110948622226715 0.05979323387145996
v 0.018933886662125587 -0.001977977342903614 0.059835564345121384
v 0.015471452847123146 0.0006066970527172089 0.059541359543800354
v 0.014647962525486946 -0.00016483664512634277 0.05956928804516792
v 0.0427556037902832 -0.008377634920179844 -0.0959177017211914
v 0.04572823643684387 0.035076409578323364 -0.10095962882041931
v 0.04185270518064499 0.01684235781431198 0.06027309596538544
v 0.03968470171093941 0.01437092199921608 0.06054360046982765
v 0.03617188334465027 0.015200505033135414 0.06298546493053436
v 0.037696659564971924 0.017963705584406853 0.06361998617649078
v 0.04441069811582565 0.020294681191444397 0.058738090097904205
v 0.046889856457710266 0.017571527510881424 0.05520148575305939
v 0.04471047222614288 0.015084772370755672 0.056868232786655426
v 0.04247385263442993 0.01309353206306696 0.057810768485069275
v 0.04649350419640541 0.009063868783414364 0.0498371385037899
v 0.04476136714220047 0.008791239000856876 0.05136534571647644
v 0.044688813388347626 0.01034380029886961 0.05289491266012192
v 0.04633878543972969 0.011006328277289867 0.05160442367196083
v 0.04858662560582161 0.00918517168611288 0.04780657961964607
v 0.048693250864744186 0.011774946004152298 0.049881771206855774
v 0.04571123793721199 0.012841470539569855 0.05404655635356903
v 0.04382654279470444 0.011679667048156261 0.05511839687824249
v 0.048158854246139526 0.01431420911103487 0.05253548547625542
v 0.018285315483808517 0.01548841129988432 0.06405612081289291
v 0.018850794062018394 0.013784599490463734 0.06301486492156982
v 0.016061438247561455 0.011869948357343674 0.06136127561330795
v 0.01457882858812809 0.01302696205675602 0.06178119778633118
v 0.01665007323026657 0.016620010137557983 0.06487677991390228
v 0.01233929768204689 0.014136901125311852 0.06249581277370453
v 0.03092755191028118 0.018043722957372665 0.06617701798677444
v 0.030205324292182922 0.01573457010090351 0.06486180424690247
v 0.020595578476786613 0.01095580030232668 0.06240539625287056
v 0.01865646429359913 0.010022168047726154 0.0617450475692749
v 0.01987459696829319 0.011374586261808872 0.06215783208608627
v 0.017690999433398247 0.010164236649870872 0.06129506975412369
v 0.05005202814936638 0.0932997539639473 -0.07070013880729675
v 0.05223225802183151 0.09740123152732849 -0.05752251297235489
v 0.03528843820095062 0.10846313089132309 -0.061942920088768005
v 0.034455858170986176 0.10291539877653122 -0.07521583884954453
v 0.036228857934474945 0.01021458487957716 0.06043180823326111
v 0.037071287631988525 0.010763761587440968 0.06024990975856781
v 0.039551302790641785 0.01020780485123396 0.05812861770391464
v 0.03879325091838837 0.00969764869660139 0.05847553908824921
v 0.04077006131410599 0.009135385975241661 0.056304000318050385
v 0.0414666049182415 0.009755141101777554 0.05603471398353577
v 0.042593423277139664 0.009057759307324886 0.05413959175348282
v 0.042013902217149734 0.00861924234777689 0.054466187953948975
v 0.04266204684972763 0.008096099831163883 0.05315328389406204
v 0.043214209377765656 0.008207416161894798 0.05258307605981827
v 0.01777256652712822 0.011285522021353245 0.06174477934837341
v 0.019725259393453598 0.012162528000772 0.06264495104551315
v 0.044075146317481995 0.06526459753513336 -0.09775642305612564
v 0.038188137114048004 0.05628552287817001 0.055266667157411575
v 0.045164935290813446 0.05384614318609238 0.048675596714019775
v 0.04322078824043274 0.04688536748290062 0.05302473157644272
v 0.0379469096660614 0.01210520975291729 0.0605744831264019
v 0.04061741754412651 0.01131548173725605 0.05815574899315834
v 0.04240301996469498 0.010566595010459423 0.05577189102768898
v 0.04347064346075058 0.009691170416772366 0.05379364639520645
v 0.043886274099349976 0.008948391303420067 0.05253658816218376
v 0.06882092356681824 -0.020300252363085747 -0.019370991736650467
v 0.06901434808969498 -0.020082492381334305 -0.02105994150042534
v 0.07467525452375412 -0.006705129519104958 -0.04473170265555382
v 0.07222937047481537 -0.0006346702575683594 -0.0425286740064621
v 0.07098297774791718 0.002504538744688034 -0.04051852971315384
v 0.07680948078632355 0.008301963098347187 -0.02542630396783352
v 0.0786738246679306 0.011865061707794666 -0.027733957394957542
v 0.07954476028680801 -0.02590273693203926 -0.04139717295765877
v 0.0762026384472847 -0.028562527149915695 -0.03807219862937927
v -0.09530822187662125 0.010684997774660587 -0.03254631906747818
v 0.07928606867790222 -0.02485361509025097 -0.041725918650627136
v 0.0850493386387825 0.009326844476163387 -0.03758322075009346
v 0.08545301854610443 0.007955457083880901 -0.03926011919975281
v 0.08638228476047516 0.00755468662828207 -0.0390021875500679
v 0.03641334921121597 -0.031186256557703018 -0.09056614339351654
v 0.04057230427861214 -0.017676159739494324 -0.09403502941131592
v 0.08567462116479874 0.006449542939662933 -0.040958061814308167
v 0.07050565630197525 -0.015138208866119385 -0.02254115603864193
v 0.07595361024141312 -0.007045367266982794 -0.045009419322013855
v 0.07770201563835144 -0.007189428433775902 -0.04686068743467331
v 0.07873952388763428 -0.012132028117775917 -0.04807019233703613
v 0.07786781340837479 -0.01178430113941431 -0.0473242849111557
v 0.07814419269561768 -0.017512798309326172 -0.047220632433891296
v 0.0773225724697113 -0.016826406121253967 -0.04661328345537186
v 0.08079042285680771 -0.021484065800905228 -0.04369228333234787
v 0.08088449388742447 -0.016647912561893463 -0.04562971740961075
v 0.07968306541442871 0.012497697956860065 -0.02904701605439186
v 0.07960587739944458 0.011644643731415272 -0.028442760929465294
v 0.08042527735233307 0.012559432536363602 -0.02947917766869068
v 0.07134557515382767 -0.016040952876210213 -0.02416142262518406
v 0.07511947304010391 0.0060616759583354 -0.025829579681158066
v 0.07493887096643448 0.004015671089291573 -0.0244149137288332
v 0.07463201880455017 0.004537234082818031 -0.024819539859890938
v 0.06912373751401901 -0.01079513505101204 -0.02731800079345703
v 0.06888528168201447 -0.009977638721466064 -0.027317089959979057
v 0.07036157697439194 -0.01221386343240738 -0.027174700051546097
v 0.07212194055318832 -0.013701701536774635 -0.02524794265627861
v 0.066472128033638 -0.021142303943634033 -0.02899445779621601
v 0.06605293601751328 -0.021699318662285805 -0.03064064122736454
v 0.06554793566465378 -0.022505659610033035 -0.030146438628435135
v 0.08198028802871704 0.0186049435287714 -0.0315295085310936
v 0.0750807672739029 0.0029981452971696854 -0.024171264842152596
v 0.07625352591276169 0.004069335758686066 -0.024360312148928642
v 0.0768241286277771 0.005231878720223904 -0.02450668253004551
v 0.08114483952522278 0.011875040829181671 -0.029740072786808014
v 0.07731916010379791 0.0061559006571769714 -0.024582013487815857
v 0.07627096027135849 0.006250995211303234 -0.024776548147201538
v 0.07756828516721725 0.00798781868070364 -0.025337200611829758
v 0.07561090588569641 0.0064050741493701935 -0.025138212367892265
v 0.07112204283475876 -0.016380971297621727 -0.041854128241539
v 0.07010001689195633 -0.016808398067951202 -0.039962273091077805
v 0.06980008631944656 -0.00018029939383268356 -0.015983358025550842
v 0.07055407017469406 -0.002072621136903763 -0.018284766003489494
v 0.0751417949795723 -0.029739312827587128 -0.0361146554350853
v 0.07178445905447006 0.0074805039912462234 -0.0337425097823143
v 0.07286345958709717 0.010825635865330696 -0.03506185859441757
v 0.08260102570056915 -0.012338439002633095 -0.0461694598197937
v 0.07548950612545013 -0.020400643348693848 -0.03809472918510437
v 0.0733017697930336 -0.0216852817684412 -0.03715413063764572
v 0.07782121747732162 -0.018676165491342545 -0.03906354308128357
v 0.07994876801967621 -0.01579459011554718 -0.03995291143655777
v 0.071702741086483 -0.0022448012605309486 -0.029562031850218773
v 0.08093332499265671 0.003140777349472046 -0.034453995525836945
v 0.08127837628126144 0.0011787470430135727 -0.03612376004457474
v 0.07950249314308167 0.00309657771140337 -0.033125098794698715
v 0.07402577996253967 0.01399148441851139 -0.03285401687026024
v 0.07427537441253662 0.01344076357781887 -0.03047282062470913
v 0.07127153128385544 0.010291676968336105 -0.03238014876842499
v 0.07410386949777603 0.011550446040928364 -0.03032134659588337
v 0.0683392807841301 -0.01782304234802723 -0.028000837191939354
v 0.06586340069770813 -0.022893011569976807 -0.03277106583118439
v 0.06796061992645264 -0.02136441320180893 -0.03396192193031311
v 0.06686363369226456 -0.023346329107880592 -0.0339435450732708
v 0.06840147823095322 -0.022184252738952637 -0.035433508455753326
v 0.0685955211520195 -0.020740341395139694 -0.0366687998175621
v 0.06908027827739716 -0.018836017698049545 -0.03748410940170288
v 0.07047665119171143 -0.01681472919881344 -0.03705085068941116
v 0.06798842549324036 -0.013701599091291428 -0.027792731299996376
v 0.07367082685232162 0.013026906177401543 -0.021467121317982674
v 0.067533940076828 -0.015496589243412018 -0.02819719910621643
v 0.06944029778242111 -0.012084562331438065 -0.027316411957144737
v 0.06940731406211853 -0.013828692957758904 -0.027306510135531425
v 0.06894475966691971 -0.015747452154755592 -0.027466466650366783
v 0.07163823395967484 -0.025518197566270828 -0.031753331422805786
v 0.07167275995016098 -0.023669540882110596 -0.03392626345157623
v 0.07071113586425781 -0.024961572140455246 -0.030934538692235947
v 0.07210971415042877 -0.022833622992038727 -0.035933464765548706
v 0.0697510838508606 -0.02456079050898552 -0.0303751640021801
v 0.07338634133338928 0.008375105448067188 -0.03288158029317856
v 0.07416961342096329 0.011332827620208263 -0.03219292685389519
v 0.06851300597190857 -0.017038775607943535 -0.017053676769137383
v 0.060213569551706314 -0.014977376908063889 0.033896900713443756
v 0.061318859457969666 -0.004978964105248451 0.029904115945100784
v 0.026963504031300545 -0.07050216943025589 0.03992577642202377
v 0.02635577693581581 -0.0737648755311966 0.03941618651151657
v 0.05337169021368027 -0.027702780440449715 0.04581780731678009
v 0.04902833327651024 -0.03151894733309746 0.049860868602991104
v 0.025342365726828575 -0.0669415146112442 0.05318126827478409
v 0.024462152272462845 -0.06828425824642181 0.05297362059354782
v 0.02366647683084011 -0.06783916056156158 0.05335073545575142
v 0.024492215365171432 -0.06714431196451187 0.05320601537823677
v 0.022938184440135956 -0.06748443841934204 0.05096801742911339
v 0.023715488612651825 -0.06699316203594208 0.05045095458626747
v 0.023733284324407578 -0.0671173632144928 0.051939912140369415
v 0.022943165153265 -0.06755624711513519 0.05255836993455887
v 0.026924971491098404 -0.04950380697846413 0.06053498387336731
v 0.03035501204431057 -0.04513222351670265 0.06099178269505501
v 0.033686403185129166 -0.049935441464185715 0.05814972147345543
v 0.030589424073696136 -0.053731583058834076 0.05792219564318657
v 0.02520715445280075 -0.0676097571849823 0.04322628676891327
v 0.02486507222056389 -0.06574873626232147 0.044229768216609955
v 0.02409891039133072 -0.06585164368152618 0.047109801322221756
v 0.024321990087628365 -0.0669531524181366 0.0463423952460289
v 0.025251289829611778 -0.06904543936252594 0.04268302023410797
v 0.024279292672872543 -0.06765154004096985 0.046022139489650726
v 0.02681255340576172 -0.0684381052851677 0.04056724160909653
v 0.026389596983790398 -0.06561730802059174 0.041632335633039474
v 0.034326255321502686 -0.0734780952334404 0.048775169998407364
v 0.030740275979042053 -0.07126481086015701 0.050365086644887924
v 0.03139819949865341 -0.06737365573644638 0.05181301385164261
v 0.034853726625442505 -0.06806433200836182 0.05056306719779968
v 0.022417839616537094 -0.036149922758340836 0.06403030455112457
v 0.026615597307682037 -0.040325045585632324 0.0629451796412468
v 0.024118786677718163 -0.04510580748319626 0.06209251657128334
v 0.01969148777425289 -0.040122922509908676 0.06348192691802979
v 0.015592433512210846 -0.03526049107313156 0.0652686357498169
v 0.01816248521208763 -0.03150464594364166 0.06516978144645691
v 0.013077883049845695 -0.027263615280389786 0.07046928256750107
v 0.013959042727947235 -0.030972477048635483 0.07103040814399719
v 0.013499334454536438 -0.03253832459449768 0.07433664053678513
v 0.013616140931844711 -0.030019372701644897 0.07355460524559021
v 0.012045854702591896 -0.03654230386018753 0.0720989853143692
v 0.014149075374007225 -0.03304275870323181 0.06928780674934387
v 0.00835636630654335 -0.03856335207819939 0.07226209342479706
v -0.01466726791113615 -0.0369860902428627 0.07530998438596725
v -0.013451319187879562 -0.035333484411239624 0.07499678432941437
v -0.013750312849879265 -0.03503069281578064 0.07676014304161072
v -0.01584819331765175 -0.0360955186188221 0.07732345163822174
v 0.008084336295723915 -0.03812157362699509 0.07343335449695587
v 0.012185970321297646 -0.03687923774123192 0.07018370926380157
v -0.007164608687162399 -0.0370333306491375 0.0835573673248291
v -0.00825987383723259 -0.03507304564118385 0.08380500972270966
v -0.007318456657230854 -0.03581652417778969 0.08146581053733826
v -0.007214380428195 -0.037652354687452316 0.08086627721786499
v 0.012531118467450142 -0.03778987377882004 0.06794687360525131
v 0.008924913592636585 -0.039220646023750305 0.07079777121543884
v 0.007399176713079214 -0.037499118596315384 0.07452759891748428
v 0.010215196758508682 -0.03674749657511711 0.07471950352191925
v -0.010200999677181244 -0.034505635499954224 0.0831369012594223
v -0.012079017236828804 -0.03473583236336708 0.08508551120758057
v -0.01379016786813736 -0.03457499295473099 0.08311839401721954
v -0.011693837121129036 -0.034657225012779236 0.08145665377378464
v -0.00769256055355072 -0.03355727717280388 0.07731165736913681
v -0.008482430130243301 -0.03574236482381821 0.07817026227712631
v -0.007004113402217627 -0.03336126357316971 0.08033043146133423
v -0.013269109651446342 -0.03292466700077057 0.07564646005630493
v -0.012998834252357483 -0.03362782299518585 0.07446657866239548
v -0.011361602693796158 -0.03037557378411293 0.0748092383146286
v -0.01158943772315979 -0.030080756172537804 0.07482505589723587
v 0.011534936726093292 -0.03467191010713577 0.07672064751386642
v 0.001064482145011425 -0.03771725296974182 0.08320218324661255
v 0.0023225550539791584 -0.03654937446117401 0.08555229008197784
v 0.005341143347322941 -0.0037969984114170074 0.07313290238380432
v 0.008126756176352501 -0.0069442447274923325 0.06970486044883728
v 0.005529516842216253 -0.006854487117379904 0.07524643838405609
v 0.008177140727639198 -0.009510708972811699 0.0716746374964714
v 0.010742324404418468 -0.0329974927008152 0.08058971911668777
v 0.012051253579556942 -0.030824562534689903 0.0793505311012268
v 0.008374891243875027 -0.03261326998472214 0.08450347185134888
v 0.009212828241288662 -0.029734987765550613 0.08475007861852646
v 7.529230788350105e-05 0.010417305864393711 0.07383739948272705
v -0.0007573999464511871 -0.040820978581905365 0.07817196100950241
v -0.0003738750237971544 -0.041472215205430984 0.07741290330886841
v -0.0010770473163574934 -0.039809700101614 0.08011648803949356
v 0.013280230574309826 0.0978691577911377 -0.09414088726043701
v 0.013602390885353088 0.10846342891454697 -0.0811578780412674
v 0.012700085528194904 0.1180444285273552 -0.05624604970216751
v 0.010433327406644821 0.12031720578670502 -0.04333679750561714
v 0.00379930529743433 -0.06046770513057709 0.07282496988773346
v 0.0035194391384720802 -0.057332806289196014 0.07376696169376373
v 0.011606304906308651 -0.06238185241818428 0.054291754961013794
v 0.005942896939814091 -0.06273233145475388 0.056003935635089874
v 0.005783620290458202 -0.06415291130542755 0.058937232941389084
v 0.011429866775870323 -0.06415725499391556 0.05725976079702377
v 0.01541303563863039 -0.0640629306435585 0.05516451597213745
v 0.01596565917134285 -0.062457840889692307 0.05200110375881195
v 0.012043951079249382 -0.06076563149690628 0.05205775797367096
v 0.006273562088608742 -0.06098742410540581 0.0534193217754364
v 0.010856003500521183 -0.06619325280189514 0.06251539289951324
v 0.005508637521415949 -0.06615471839904785 0.06499354541301727
v 0.004847187083214521 -0.06521584093570709 0.0678509920835495
v 0.01044999249279499 -0.06508426368236542 0.06509455293416977
v 0.015605336055159569 -0.04197308048605919 0.06572039425373077
v 0.011538024991750717 -0.04192565008997917 0.06854790449142456
v 0.007456816267222166 -0.0427560918033123 0.07216404378414154
v 0.004067379515618086 -0.04350264370441437 0.07472239434719086
v 0.0032019484788179398 -0.04137640446424484 0.07540206611156464
v 0.005828895606100559 -0.04039587080478668 0.07340461760759354
v 0.002692171838134527 -0.04042973741889 0.07594719529151917
v 0.005181422457098961 -0.03956945240497589 0.07417263090610504
v 0.004861731547862291 -0.03892001137137413 0.07489859312772751
v 0.005153498612344265 -0.03792534023523331 0.07534236460924149
v 0.0034236996434628963 -0.03815620765089989 0.07667958736419678
v 0.003820149227976799 -0.037359971553087234 0.0766720399260521
v 0.0024674045853316784 -0.0397002249956131 0.0765838772058487
v 0.001104691531509161 -0.014178027398884296 0.08763764798641205
v 0.0007766801863908768 -0.01027145516127348 0.0853271335363388
v 0.008345382288098335 -0.05527491867542267 0.07232081890106201
v 0.0034176181070506573 -0.05473490431904793 0.07404643297195435
v 0.0020496570505201817 -0.04973771423101425 0.07490730285644531
v 0.006564405746757984 -0.04971928149461746 0.07341327518224716
v 0.011423273012042046 -0.05009249597787857 0.07055038958787918
v 0.013548056595027447 -0.05659019574522972 0.06892120838165283
v 8.396804332733154e-05 -0.042344462126493454 0.07676634937524796
v 0.008730867877602577 -0.05803908407688141 0.07151756435632706
v 0.009193215519189835 -0.060784146189689636 0.07014493644237518
v 0.014032391831278801 -0.05930660292506218 0.06785692274570465
v 0.014356464147567749 -0.0616031251847744 0.06624682247638702
v 0.018407681956887245 -0.058395132422447205 0.06438978016376495
v 0.016995703801512718 -0.051433153450489044 0.0667991191148758
v 0.02279834821820259 -0.052934929728507996 0.06230417639017105
v 0.022465724498033524 -0.06036864593625069 0.060039907693862915
v 0.030655214563012123 -0.06391700357198715 0.05374039709568024
v 0.026719097048044205 -0.06700252741575241 0.05295148491859436
v 0.026505470275878906 -0.06548088043928146 0.05388535186648369
v 0.026006383821368217 -0.06403709948062897 0.05527602508664131
v 0.029668627306818962 -0.060501351952552795 0.055873267352581024
v 0.03379284217953682 -0.06294287741184235 0.052924804389476776
v 0.03262822702527046 -0.058159805834293365 0.05538054183125496
v 0.02731870859861374 -0.05662090331315994 0.058618105947971344
v 0.024832388386130333 -0.06218118965625763 0.057178474962711334
v 0.025328584015369415 -0.0657082349061966 0.05410045385360718
v 0.024550272151827812 -0.0663522258400917 0.05369526892900467
v 0.024833468720316887 -0.06481428444385529 0.055184606462717056
v 0.024105384945869446 -0.06561647355556488 0.05463600531220436
v 0.024012893438339233 -0.06384945660829544 0.056598000228405
v 0.023339860141277313 -0.06489382684230804 0.05579560622572899
v 0.021889666095376015 -0.06398501992225647 0.05767626687884331
v 0.022254008799791336 -0.0625295341014862 0.05892585963010788
v 0.02242128923535347 -0.06601119786500931 0.052591584622859955
v 0.021099843084812164 -0.06583043187856674 0.053952500224113464
v 0.021146833896636963 -0.06576742231845856 0.05541080981492996
v 0.022407125681638718 -0.0660155788064003 0.05385113134980202
v 0.02338562160730362 -0.06627511233091354 0.05136057361960411
v 0.023179946467280388 -0.06637232005596161 0.05285003036260605
v 0.02334452234208584 -0.06517501920461655 0.04811765253543854
v 0.022220581769943237 -0.06456523388624191 0.04926490783691406
v -0.05189461261034012 -0.10064912587404251 -0.014811292290687561
v -0.05941400304436684 -0.09514522552490234 -0.029141206294298172
v 0.02401277981698513 -0.06650727242231369 0.05054589360952377
v 0.024044040590524673 -0.06669564545154572 0.051693595945835114
v 0.023785021156072617 -0.06696820259094238 0.05315137654542923
v 0.02352243661880493 -0.06613542884588242 0.05387511104345322
v 0.022766368463635445 -0.06559127569198608 0.05492749810218811
v 0.021454686298966408 -0.06502075493335724 0.056443966925144196
v 0.014511331915855408 -0.06342030316591263 0.06422805041074753
v 0.018300041556358337 -0.0626923218369484 0.06197647005319595
v 0.018317529931664467 -0.06416261941194534 0.060137104243040085
v 0.014763345941901207 -0.06529321521520615 0.061879754066467285
v 0.018322588875889778 -0.06543301790952682 0.058487165719270706
v 0.01675415225327015 -0.06094294786453247 0.04954679682850838
v 0.014909062534570694 -0.0661332756280899 0.05956725776195526
v 0.020005639642477036 -0.0627206414937973 0.04883594810962677
v 0.021164851263165474 -0.06132326275110245 0.04650912061333656
v 0.019127504900097847 -0.06409729272127151 0.05209740996360779
v 0.02426520548760891 -0.0644921064376831 0.04528164863586426
v 0.023153336718678474 -0.06338253617286682 0.046312637627124786
v 0.02563120797276497 -0.06365005671977997 0.04272295534610748
v 0.02442917600274086 -0.06222587451338768 0.044012684375047684
v 0.018390698358416557 -0.06583607941865921 0.056713640689849854
v 0.01841410994529724 -0.06085408478975296 0.06331633031368256
v 0.009664823301136494 -0.06297868490219116 0.06770490109920502
v 0.004349006339907646 -0.06291461735963821 0.07047602534294128
v -0.03786921501159668 -0.0124679459258914 0.05906007066369057
v -0.03686827793717384 -0.015244385227560997 0.059939220547676086
v -0.032843898981809616 -0.013987358659505844 0.060922086238861084
v -0.033957500010728836 -0.011454148218035698 0.06001546233892441
v 0.0020738784223794937 -0.02320745214819908 0.09298428148031235
v 0.0016362755559384823 -0.018295034766197205 0.09019136428833008
v 0.023135434836149216 -0.06766362488269806 0.053339339792728424
v 0.011318030767142773 -0.14332763850688934 0.00154782272875309
v -0.08074910193681717 -0.019347237423062325 -0.02526973746716976
v -0.08002445101737976 -0.018746132031083107 -0.024138372391462326
v -0.08941832184791565 0.004653255455195904 -0.042703188955783844
v 0.025859320536255836 -0.06888875365257263 0.05246349424123764
v 0.024865802377462387 -0.0715312510728836 0.04207003116607666
v 0.023633822798728943 -0.06908667087554932 0.04559316113591194
v 0.031958337873220444 -0.0795304924249649 0.04785507172346115
v 0.02746444195508957 -0.08440273255109787 0.04955084249377251
v 0.025474445894360542 -0.08019199222326279 0.05146292224526405
v 0.029071461409330368 -0.07597905397415161 0.04960888996720314
v 0.022195201367139816 -0.07445605099201202 0.05454280972480774
v 0.024538250640034676 -0.07104509323835373 0.053081780672073364
v -0.0928548127412796 0.0064981672912836075 -0.03916756436228752
v 0.02322782762348652 -0.07019379734992981 0.05399465560913086
v 0.020859120413661003 -0.07249096035957336 0.05584082007408142
v 0.020021382719278336 -0.07089535892009735 0.056619465351104736
v 0.022323695942759514 -0.06927372515201569 0.05446965619921684
v 0.018160555511713028 -0.06887579709291458 0.055402498692274094
v 0.013467553071677685 -0.06939885020256042 0.05781291425228119
v 0.013455296866595745 -0.0719277411699295 0.0521574467420578
v 0.018276028335094452 -0.07138597965240479 0.0498679094016552
v 0.022761493921279907 -0.07018329948186874 0.047136642038822174
v 0.021664908155798912 -0.06802916526794434 0.05197747051715851
v -0.08983072638511658 0.010135870426893234 -0.0365462563931942
v -0.08952544629573822 0.010865580290555954 -0.03166898339986801
v -0.08763742446899414 0.009597121737897396 -0.031033527106046677
v -0.08780241757631302 0.008454267866909504 -0.035230882465839386
v 0.01873287931084633 -0.06908097118139267 0.056414663791656494
v 0.02157515659928322 -0.06834690272808075 0.05364903062582016
v 0.014437906444072723 -0.06974465399980545 0.05937311798334122
v 0.022597676143050194 -0.1383437067270279 -0.0037178117781877518
v 0.021994365379214287 -0.06855044513940811 0.05432029813528061
v 0.019328847527503967 -0.06952743232250214 0.056599006056785583
v 0.015174806118011475 -0.0708056166768074 0.05995912104845047
v 0.016026195138692856 -0.07272612303495407 0.06006743758916855
v 0.016887828707695007 -0.07502434402704239 0.059693172574043274
v 0.017856234684586525 -0.07797136157751083 0.05842664837837219
v 0.02073577605187893 -0.08547703921794891 0.05479417368769646
v 0.022404175251722336 -0.09054385870695114 0.05271507427096367
v 0.014512157998979092 -0.0888165682554245 0.05836588889360428
v 0.015933120623230934 -0.09436659514904022 0.05709110200405121
v 0.012906291522085667 -0.08045795559883118 0.062081754207611084
v 0.012208721600472927 -0.07685671746730804 0.06352481245994568
v 0.011452125385403633 -0.07410786300897598 0.06348588317632675
v 0.010744713246822357 -0.071888267993927 0.06301037222146988
v 0.0008171843364834785 -0.044040970504283905 0.0760098248720169
v 0.0022132406011223793 -0.0383213572204113 0.0781254842877388
v 0.0011467020958662033 -0.03819076716899872 0.08042491227388382
v 0.0044612339697778225 -0.03503091633319855 0.08664622902870178
v -0.001113872043788433 -0.03919806703925133 0.08268263190984726
v 0.007016228977590799 -0.0331338532269001 0.08644239604473114
v 0.005411949940025806 -0.03395029902458191 0.08788791298866272
v 0.006102301180362701 -0.03223315626382828 0.08909860998392105
v 0.007198028732091188 -0.03134817257523537 0.08792804181575775
v 0.004087348002940416 -0.03490164130926132 0.08918368816375732
v 0.005352531559765339 -0.03262605145573616 0.09030753374099731
v 0.00033070147037506104 -0.03662187233567238 0.09086894243955612
v 0.0012463689781725407 -0.03331717103719711 0.09376168996095657
v 0.002104472368955612 -0.027334604412317276 0.09448348730802536
v 0.0016742618754506111 -0.030923806130886078 0.09466826170682907
v 0.0065116481855511665 -0.030603796243667603 0.09007115662097931
v 0.00762406550347805 -0.0283712949603796 0.08860145509243011
v -0.0968146100640297 0.005703671835362911 -0.037384726107120514
v 0.007701247930526733 -0.02495862916111946 0.08682313561439514
v 0.009542690590023994 -0.026613490656018257 0.08262921869754791
v 0.0015788995660841465 0.11859651654958725 0.0001344773918390274
v 0.009915461763739586 -0.07053995132446289 0.0621182844042778
v 0.008664538152515888 -0.06991104781627655 0.06016963720321655
v -0.07872818410396576 -0.03257078677415848 -0.029117561876773834
v -0.08919175714254379 -0.004461895674467087 -0.036087557673454285
v 0.0143424728885293 -0.07972806692123413 0.043499529361724854
v 0.01384702231734991 -0.07618720829486847 0.04658300429582596
v 0.00887303240597248 -0.07714875787496567 0.0480586439371109
v -0.08899881690740585 0.01094892993569374 -0.029084492474794388
v -0.09218566119670868 0.012135756202042103 -0.02948908880352974
v 0.009301363490521908 -0.08060766756534576 0.045153215527534485
v 0.00458346214145422 -0.07008285075426102 0.06141369789838791
v -0.09373678267002106 -0.014019327238202095 -0.04650287330150604
v -0.09746085107326508 0.004631775431334972 -0.03939800709486008
v -0.09594715386629105 0.002970072440803051 -0.03865790367126465
v -0.09003894031047821 0.0025754282251000404 -0.025964902713894844
v -0.08153416216373444 -0.020196858793497086 -0.042865850031375885
v -0.08708997070789337 -0.02072947286069393 -0.04017346352338791
v -0.08520112931728363 -0.023481562733650208 -0.039970967918634415
v -0.08053621649742126 -0.022123204544186592 -0.04286367446184158
v -0.08102062344551086 -0.009248282760381699 -0.03345693647861481
v 0.004654697608202696 -0.0728597566485405 0.05477621406316757
v 0.008614988997578621 -0.07236821949481964 0.05383662134408951
v 0.005191040225327015 -0.07093275338411331 0.06343378126621246
v 0.00589176919311285 -0.07250270247459412 0.06466634571552277
v 0.006513396743685007 -0.07488372921943665 0.06556026637554169
v 0.004853150341659784 -0.07772265374660492 0.04875994101166725
v 0.005288211163133383 -0.08149451017379761 0.04574773833155632
v -0.07659056782722473 -0.028754321858286858 -0.01895727403461933
v 0.023398928344249725 -0.07349909842014313 0.04273667931556702
v -0.08344758301973343 -0.03758861497044563 -0.03543534502387047
v -0.08449605107307434 -0.03611677885055542 -0.03768530488014221
v -0.03652101755142212 -0.03304823860526085 -0.10019858181476593
v -0.04048021510243416 -0.021305091679096222 -0.10463415831327438
v -0.09591846168041229 -0.013926927000284195 -0.04955467954277992
v 0.02408444695174694 -0.07642176747322083 0.039995864033699036
v 0.018998123705387115 -0.07574546337127686 0.044935502111911774
v 0.019641082733869553 -0.07824856787919998 0.0421900674700737
v 0.009042220190167427 -0.09590651094913483 0.06071079522371292
v 0.007870792411267757 -0.09058009833097458 0.06124001741409302
v 0.007276509888470173 -0.07782980799674988 0.06556343287229538
v 0.0073281824588775635 -0.08176761865615845 0.06421741843223572
v 0.013444073498249054 0.11457319557666779 -0.06912942975759506
v 0.055466875433921814 0.06297415494918823 0.02761678770184517
v 0.05439842492341995 0.05522392690181732 0.03378785401582718
v -0.09018780291080475 0.00796960573643446 -0.03261721879243851
v 0.04748702049255371 0.06115328148007393 0.042012616991996765
v 0.04897918552160263 0.0673878937959671 0.035862818360328674
v 0.05594625696539879 0.07167432457208633 0.021091079339385033
v 0.049334194511175156 0.07503236830234528 0.02964296005666256
v 0.03128725290298462 0.11469665914773941 -0.020016590133309364
v 0.03197784349322319 0.111945740878582 -0.006161121651530266
v 0.012790956534445286 0.11661642789840698 -0.0014755520969629288
v 0.025999801233410835 0.11663521826267242 -0.033696532249450684
v 0.038583043962717056 0.11032711714506149 -0.04427965357899666
v 0.04090958088636398 0.11019346863031387 -0.02479887194931507
v 0.04093638062477112 0.10771723836660385 -0.009782230481505394
v -0.08048011362552643 -0.032956838607788086 -0.03033515438437462
v -0.08040916919708252 -0.03870219737291336 -0.028958985581994057
v -0.07901331782341003 -0.03811144456267357 -0.027147168293595314
v -0.08628807961940765 -0.0019305860623717308 -0.0324966162443161
v 0.023039685562253 -0.08372896164655685 -0.10004118084907532
v 0.04540785029530525 0.047887783497571945 -0.0999397486448288
v 0.039764031767845154 0.10461334884166718 0.0035681836307048798
v 0.031470704823732376 0.10807469487190247 0.006978394463658333
v 0.031152810901403427 0.10319171100854874 0.018477115780115128
v 0.038606997579336166 0.10057897120714188 0.014579489827156067
v 0.012826609425246716 0.11208350956439972 0.012140432372689247
v 0.001757779624313116 0.11362075805664062 0.014184253290295601
v 0.012040027417242527 0.012118956074118614 -0.11993615329265594
v 0.0006343279965221882 -0.006402119062840939 0.08311136066913605
v 0.04298724979162216 -0.049145057797431946 -0.07721227407455444
v 0.052939485758543015 -0.05167325586080551 -0.05986824259161949
v 0.05841661989688873 -0.10701201856136322 -0.0445794016122818
v 0.06596875190734863 -0.03151170164346695 -0.037549786269664764
v 0.06546764075756073 -0.030669916421175003 -0.038051359355449677
v 0.056525446474552155 -0.06917251646518707 -0.04338492453098297
v 0.056494832038879395 -0.054868414998054504 -0.04213545471429825
v 0.03325042873620987 -0.04691099748015404 -0.08848593384027481
v 0.07395659387111664 -0.01851954311132431 -0.046124160289764404
v 0.07460549473762512 -0.01471761055290699 -0.04632118344306946
v 0.07553911209106445 -0.019498631358146667 -0.04597248136997223
v 0.07606539130210876 -0.015299513004720211 -0.046398986130952835
v 0.07621533423662186 -0.01099258940666914 -0.0460369698703289
v 0.07643531262874603 -0.021373821422457695 -0.04539922624826431
v 0.07430987805128098 0.013189544901251793 -0.028803350403904915
v 0.07598800212144852 0.014539845287799835 -0.027464570477604866
v -0.08258510380983353 -0.026202885434031487 -0.045672327280044556
v -0.08266645669937134 -0.02380116656422615 -0.046477630734443665
v 0.06561499089002609 -0.033729925751686096 -0.03370753303170204
v 0.06538289785385132 -0.03268558531999588 -0.03519970923662186
v -0.07082216441631317 -0.015489602461457253 -0.032640933990478516
v 0.0647202804684639 -0.03311248496174812 -0.03453638032078743
v 0.0646694004535675 -0.03385278955101967 -0.03330289572477341
v 0.06557384878396988 -0.03495069220662117 -0.032299160957336426
v 0.06462837755680084 -0.03466771915555 -0.032316409051418304
v 0.07286226749420166 0.0292271189391613 -0.018680080771446228
v 0.0632297545671463 -0.03330782428383827 -0.035604238510131836
v 0.06458868831396103 -0.03106803447008133 -0.03769714757800102
v 0.06481131911277771 -0.03188471496105194 -0.03635857254266739
v 0.06431904435157776 -0.03282348811626434 -0.03515155613422394
v 0.06428712606430054 -0.03428940102458 -0.03337888419628143
v 0.06439151614904404 -0.035480059683322906 -0.031920015811920166
v 0.06496895849704742 -0.036269914358854294 -0.031501404941082
v -0.08431035280227661 -0.032671183347702026 -0.04427414387464523
v -0.08048146218061447 -0.03837570548057556 -0.03928130865097046
v -0.06182223930954933 -0.08897632360458374 -0.04292861372232437
v -0.059560976922512054 -0.08400970697402954 -0.05776342749595642
v -0.060364849865436554 -0.09581421315670013 -0.057395514100790024
v -0.062082212418317795 -0.1022903248667717 -0.04306865483522415
v -0.07821667939424515 -0.015059972181916237 -0.017545398324728012
v -0.07810204476118088 -0.021416286006569862 -0.021289393305778503
v -0.07789517194032669 -0.023006677627563477 -0.019696904346346855
v 0.07697808742523193 -0.022464118897914886 -0.04591049253940582
v 0.07040317356586456 -0.0348176509141922 -0.036494120955467224
v -0.02582254260778427 -0.12465567141771317 0.0052519310265779495
v -0.022182069718837738 -0.1351391077041626 0.00023303739726543427
v 0.07285997271537781 0.007532406598329544 -0.035455115139484406
v 0.07278323173522949 0.005905902944505215 -0.03748103976249695
v 0.07533061504364014 0.0076199984177947044 -0.03846261650323868
v 0.0753188282251358 0.009529647417366505 -0.03664569556713104
v 0.05325641110539436 -0.00889458879828453 -0.08391167223453522
v 0.055313676595687866 0.002768140286207199 -0.08669440448284149
v 0.009174180217087269 -0.08152959495782852 -0.10412293672561646
v 0.008529214188456535 -0.06865929067134857 -0.10186886787414551
v 0.06963656097650528 0.03325513377785683 -0.06611929088830948
v 0.07298964262008667 0.008835666812956333 -0.033832378685474396
v 0.07553449273109436 0.011022066697478294 -0.034957870841026306
v 0.07495347410440445 -0.010628962889313698 -0.045789171010255814
v 0.07088092714548111 0.008646526373922825 -0.03412117063999176
v 0.07106155157089233 0.007158598862588406 -0.03583808243274689
v 0.0768231749534607 0.012913894839584827 -0.03624533861875534
v 0.0766344889998436 0.011177092790603638 -0.03804659843444824
v 0.07646612077951431 0.009064163081347942 -0.03986198455095291
v 0.07124228030443192 0.0054450687021017075 -0.037661418318748474
v -0.07650549709796906 -0.02865341119468212 -0.015040380880236626
v -0.07558758556842804 -0.03055630996823311 -0.003315053880214691
v -0.0773710384964943 -0.015108872205018997 -0.0008482225239276886
v -0.07730187475681305 -0.018934838473796844 -0.012578770518302917
v 0.07382339239120483 0.012684140354394913 -0.034883782267570496
v 0.07356871664524078 0.06038876622915268 -0.03731321915984154
v 0.07279852032661438 0.05655480921268463 -0.05211853235960007
v 0.06945072114467621 0.0774061307311058 -0.03782021999359131
v 0.06846220791339874 0.07463550567626953 -0.05365984886884689
v 0.06388308852910995 0.0709027498960495 -0.07028982043266296
v 0.06791719794273376 0.05173395946621895 -0.06904388964176178
v 0.07428279519081116 0.013281549327075481 -0.0292067788541317
v 0.07680436968803406 0.01562763750553131 -0.027781082317233086
v 0.05625498294830322 0.07912158221006393 0.014721086248755455
v 0.06154397875070572 0.07557815313339233 0.0068826694041490555
v 0.04932551831007004 0.08180879056453705 0.023837903514504433
v 0.04899485781788826 0.08795791119337082 0.01834823563694954
v 0.05544701963663101 0.08612324297428131 0.009043733589351177
v 0.06289023905992508 0.08160924911499023 -0.003945520147681236
v 0.07324512302875519 0.04903700575232506 -0.024360284209251404
v 0.07168897241353989 0.06362578272819519 -0.022530125454068184
v 0.06845046579837799 0.06551315635442734 -0.008512739092111588
v -0.06355880200862885 0.01110667735338211 0.04048074036836624
v -0.06539645045995712 0.012538181617856026 0.03585604578256607
v -0.06617307662963867 0.003268212080001831 0.03463894873857498
v -0.06376473605632782 0.004067537374794483 0.038633886724710464
v 0.06729909032583237 0.07986600697040558 -0.021590815857052803
v 0.058352869004011154 0.09131458401679993 -0.00855330005288124
v 0.0620320625603199 0.09009768068790436 -0.023438360542058945
v 0.05096219480037689 0.09993068873882294 -0.010861707851290703
v 0.0530390590429306 0.10030881315469742 -0.02564702369272709
v 0.052766602486371994 0.10009807348251343 -0.041783303022384644
v 0.06369469314813614 0.08852095901966095 -0.03906266763806343
v 0.05340100824832916 0.09235191345214844 0.004043957218527794
v 0.04723547399044037 0.09339111298322678 0.013988388702273369
v 0.04811945557594299 0.09893433749675751 0.00177784264087677
v 0.044830355793237686 0.09792964905500412 0.01028471253812313
v 0.0662364512681961 0.06606946885585785 -0.0010519139468669891
v 0.059577472507953644 -0.03966592997312546 -0.032244011759757996
v 0.06277643144130707 -0.040905892848968506 -0.027570391073822975
v -0.02583290822803974 0.06635521352291107 0.06433671712875366
v -0.015827342867851257 0.0674312636256218 0.06652195751667023
v -0.01646970584988594 0.0752200335264206 0.06204463541507721
v -0.02673446014523506 0.0739821046590805 0.05961616337299347
v 0.06618807464838028 -0.031107231974601746 -0.01735883206129074
v -0.042665597051382065 -0.012553664855659008 -0.1068732887506485
v -0.044812727719545364 -0.0015141144394874573 -0.10920807719230652
v -0.025094226002693176 -0.002613777294754982 -0.11689256876707077
v -0.023697353899478912 -0.012953164987266064 -0.11392229795455933
v 0.064161017537117 -0.01081729494035244 0.022082792595028877
v 0.06401477009057999 0.0017896583303809166 0.02123253419995308
v 0.06773005425930023 -0.004328737035393715 0.009935871697962284
v 0.06645888835191727 -0.019409239292144775 0.009248620830476284
v -0.02794521674513817 0.09347094595432281 0.042383771389722824
v -0.017485668882727623 0.09506340324878693 0.04491917043924332
v -0.017915932461619377 0.1014331504702568 0.03642987459897995
v -0.02853495068848133 0.09954008460044861 0.034155674278736115
v -0.056437816470861435 -0.016752878203988075 0.050340838730335236
v -0.05824820324778557 -0.023457441478967667 0.04913916811347008
v -0.05434510484337807 -0.0238071009516716 0.052667103707790375
v -0.05295155197381973 -0.016879774630069733 0.053149137645959854
v 0.061991557478904724 0.015456483699381351 0.02130782976746559
v 0.06654186546802521 0.009700949303805828 0.01033981703221798
v 0.06631985306739807 0.023872923105955124 0.010463189333677292
v 0.061905719339847565 0.029195193201303482 0.022911405190825462
v 0.054990869015455246 0.06742604821920395 -0.08604376018047333
v 0.05768938735127449 0.05054864287376404 -0.08700403571128845
v -0.07994311302900314 -0.0434151291847229 -0.026610400527715683
v -0.07891767472028732 -0.042560141533613205 -0.025275615975260735
v 0.058544088155031204 0.037582822144031525 -0.08756925165653229
v 0.04188762977719307 0.04010637104511261 0.0557757169008255
v -0.018384255468845367 0.10739505290985107 0.02606937661767006
v -0.02924307808279991 0.10527501255273819 0.024116497486829758
v 0.013093654066324234 0.08990531414747238 -0.10191266983747482
v 0.03985306993126869 0.06413519382476807 0.04955960065126419
v 0.04655599221587181 0.08742303401231766 -0.08258726447820663
v -0.004655107855796814 -0.06749867647886276 -0.10294163227081299
v 0.033097583800554276 0.09389149397611618 -0.08806221187114716
v 0.0629238709807396 0.08598170429468155 -0.05468158423900604
v 0.05964535102248192 0.08267928659915924 -0.0687733069062233
v 0.0515841580927372 0.07830177992582321 -0.08442344516515732
v 0.05796246975660324 0.021125271916389465 -0.08861308544874191
v 0.03929932415485382 0.09555502235889435 0.021168801933526993
v 0.05117889866232872 0.009223476983606815 0.044956307858228683
v 0.05077642947435379 0.00522670429199934 0.04383473843336105
v 0.05107811093330383 0.013244997709989548 0.04704359918832779
v 0.04929141700267792 0.0006170440465211868 0.0450320690870285
v 0.011467346921563148 -0.009981680661439896 0.06694014370441437
v 0.011104276403784752 -0.012037565931677818 0.06876581907272339
v 0.011009852401912212 -0.014930661767721176 0.0702546164393425
v 0.014419779181480408 -0.014420468360185623 0.06623160094022751
v 0.014111950993537903 -0.01768893003463745 0.06766002625226974
v 0.007815923541784286 -0.015457190573215485 0.07593173533678055
v 0.008169806562364101 -0.012474790215492249 0.073590949177742
v 0.010394880548119545 -0.01768559217453003 0.07196321338415146
v 0.010104678571224213 -0.021184010431170464 0.07320895791053772
v 0.007961923256516457 -0.018887856975197792 0.07748410850763321
v 0.0146111398935318 -0.03278879448771477 0.06696738302707672
v 0.015409695915877819 -0.027877535670995712 0.06668925285339355
v 0.012667268514633179 -0.024191755801439285 0.0693344846367836
v 0.017860988155007362 -0.020310990512371063 0.06588802486658096
v 0.01682327315211296 -0.02388719841837883 0.06664860248565674
v 0.013326486572623253 -0.020698651671409607 0.06870659440755844
v 0.018570151180028915 -0.01666325330734253 0.06431777775287628
v 0.011171085759997368 -0.024946818128228188 0.07480932027101517
v 0.012327401898801327 -0.028482403606176376 0.07735638320446014
v 0.008519129827618599 -0.022782601416110992 0.079962357878685
v 0.007052849978208542 -0.021251926198601723 0.08395006507635117
v 0.006434299051761627 -0.017185237258672714 0.08149709552526474
v 0.01503053866326809 -0.012110818177461624 0.06461513042449951
v 0.019657395780086517 -0.013983318582177162 0.06297124922275543
v 0.0206674262881279 -0.027248388156294823 0.06561638414859772
v 0.025347862392663956 -0.030776217579841614 0.06480789184570312
v 0.022471029311418533 -0.02272467128932476 0.06466802209615707
v 0.026879288256168365 -0.025536853820085526 0.06392550468444824
v 0.023240413516759872 -0.01870572194457054 0.06326726078987122
v 0.027877509593963623 -0.021184496581554413 0.06259382516145706
v 0.029764125123620033 -0.03523057699203491 0.06355191022157669
v 0.03373149782419205 -0.03956548124551773 0.061445243656635284
v 0.037348464131355286 -0.045508697628974915 0.05797282233834267
v 0.036219190806150436 -0.03383254632353783 0.06075050309300423
v 0.040205322206020355 -0.039414964616298676 0.057225197553634644
v 0.037651222199201584 -0.02762274630367756 0.05983451381325722
v 0.042321786284446716 -0.03323640674352646 0.056337445974349976
v -0.01580323465168476 -0.005078108049929142 0.06713734567165375
v -0.016096439212560654 -0.002848898060619831 0.06454575806856155
v -0.019649803638458252 -0.006233180407434702 0.06303301453590393
v -0.01926383562386036 -0.00862137321382761 0.06507973372936249
v -0.012541837058961391 0.03967970982193947 0.07342086732387543
v -0.013708125799894333 0.04778182506561279 0.07162640243768692
v -0.02264130301773548 0.04750002920627594 0.07038119435310364
v -0.02088835835456848 0.03950300067663193 0.07271452248096466
v 0.031757719814777374 -0.029083922505378723 0.0627409964799881
v 0.03302622213959694 -0.024205274879932404 0.06152692437171936
v 0.028801999986171722 -0.016840025782585144 0.06133890151977539
v 0.02431444078683853 -0.015155939385294914 0.06210349500179291
v 0.037935033440589905 -0.015511961653828621 0.058177754282951355
v 0.03814810514450073 -0.021576467901468277 0.05903193727135658
v 0.03355875983834267 -0.01904786378145218 0.06038160249590874
v 0.03375466912984848 -0.013956936076283455 0.059267524629831314
v 0.04344407469034195 -0.025379803031682968 0.0560775101184845
v 0.04269310086965561 -0.01740814745426178 0.05629773065447807
v 0.04149752855300903 -0.01200442761182785 0.05560675263404846
v 0.027710875496268272 -0.005589514039456844 0.05925847589969635
v 0.022702712565660477 -0.00511406734585762 0.060051579028367996
v 0.031188976019620895 -0.005727890878915787 0.058304984122514725
v 0.03740454092621803 -0.011059300974011421 0.05723549425601959
v 0.03397159278392792 -0.01042211800813675 0.058441411703825
v 0.04511435329914093 -0.0044990768656134605 0.05013780668377876
v 0.042872656136751175 -0.005327098071575165 0.052214115858078
v 0.037062209099531174 -0.005759619176387787 0.05581851303577423
v 0.034285739064216614 -0.005797945894300938 0.057145677506923676
v 0.0400347076356411 -0.005573589354753494 0.05406410992145538
v 0.018034139648079872 -0.0037592286244034767 0.060219623148441315
v 0.013236062601208687 -0.0019204290583729744 0.060542572289705276
v 0.05236371234059334 -0.06503082811832428 -0.059182263910770416
v 0.005818171892315149 -0.013548512011766434 0.07976840436458588
v 0.005621106829494238 -0.010278645902872086 0.07747312635183334
v 0.009551942348480225 0.014324396848678589 0.0638861358165741
v 0.00739704305306077 0.011813103221356869 0.06303051114082336
v 0.0028151758015155792 0.010740656405687332 0.07076461613178253
v 0.01323002390563488 0.01716257631778717 0.06687933206558228
v 0.00990072451531887 0.0005616666749119759 0.060840681195259094
v -0.024238109588623047 -0.008721633814275265 0.061644770205020905
v -0.02325098030269146 -0.010968578979372978 0.06296667456626892
v 0.007873082533478737 0.0029725348576903343 0.06097446009516716
v 0.00651242770254612 0.00587647408246994 0.06119511276483536
v 0.006213486660271883 0.008970340713858604 0.06193356215953827
v -0.01681235060095787 0.08221281319856644 0.05715123564004898
v -0.027228889986872673 0.08089709281921387 0.054576579481363297
v -0.029534826055169106 0.11887484043836594 -0.023334158584475517
v -0.029879361391067505 0.11773312836885452 -0.015139428898692131
v -0.018782490864396095 0.1208592876791954 -0.015144862234592438
v -0.019984900951385498 0.12192141264677048 -0.027455151081085205
v 0.024508599191904068 0.027978336438536644 0.07103334367275238
v 0.02124776691198349 0.021816570311784744 0.07153381407260895
v 0.05160436034202576 0.04776402562856674 0.04164651036262512
v 0.05555560812354088 0.04016776382923126 0.03622119873762131
v 0.045212190598249435 0.0256815142929554 0.056423768401145935
v 0.04834525287151337 0.022101953625679016 0.05281319469213486
v 0.05029557645320892 0.017744164913892746 0.04945610091090202
v 0.0576576367020607 0.029364299029111862 0.03152097389101982
v 0.05861310660839081 0.01772276498377323 0.029069170355796814
v 0.06031520664691925 0.006126114167273045 0.028654906898736954
v -0.07605286687612534 -0.005128770135343075 -0.06984461843967438
v -0.07892312854528427 -0.00901059154421091 -0.05510576814413071
v -0.08209791034460068 0.0029030079022049904 -0.05419091880321503
v -0.08048106729984283 0.011421455070376396 -0.06932668387889862
v 0.04106787592172623 0.0775149017572403 0.03822604939341545
v -0.03816879168152809 -0.11569914221763611 -0.0036128535866737366
v -0.03496815264225006 -0.1269928514957428 -0.007994575425982475
v -0.0042803846299648285 -0.08091815561056137 -0.10508710891008377
v 0.04076504707336426 0.084055595099926 0.03275521099567413
v 0.040845829993486404 0.07053616642951965 0.04389578104019165
v 0.031037461012601852 0.09773802012205124 0.026822414249181747
v 0.0313112773001194 0.09212387353181839 0.03403972089290619
v 0.04021967202425003 0.09009598940610886 0.027144193649291992
v 0.03198160231113434 0.08601385354995728 0.039995621889829636
v 0.032553888857364655 0.07952918857336044 0.04534579813480377
v 0.03235974162817001 0.07268237322568893 0.05097689479589462
v 0.0317571759223938 0.06613008677959442 0.05627552047371864
v 0.030440036207437515 0.05743608996272087 0.060980670154094696
v 0.04295049607753754 -0.06202961504459381 -0.0771932378411293
v 0.0036000339314341545 -0.02702692709863186 0.07518093287944794
v 0.0031587746925652027 -0.02716931514441967 0.0755506157875061
v -0.0571790486574173 0.03137296438217163 0.05058620125055313
v -0.05928424000740051 0.037730492651462555 0.04739967733621597
v -0.0624789297580719 0.03107566013932228 0.04276754707098007
v -0.06019417941570282 0.02569950371980667 0.04654078558087349
v 0.0033485107123851776 -0.02700897306203842 0.07490701973438263
v 0.002827438060194254 -0.027160700410604477 0.07542163133621216
v 0.0031966082751750946 -0.027496829628944397 0.07534735649824142
v 0.00347043015062809 -0.035641901195049286 0.07637451589107513
v 0.0024695037864148617 -0.033443573862314224 0.0758671909570694
v 0.0026940349489450455 -0.029891904443502426 0.07582184672355652
v 0.06601983308792114 -0.03750359266996384 -0.02105703577399254
v -0.010381456464529037 0.027089308947324753 0.07522746175527573
v -0.017582671716809273 0.02667493000626564 0.07468684017658234
v -0.01546400785446167 0.021282631903886795 0.07364818453788757
v -0.009423592127859592 0.021599112078547478 0.07466922700405121
v -0.0638129860162735 -0.0030349958688020706 0.0384039431810379
v -0.06660902500152588 -0.005743527784943581 0.03528971970081329
v -0.06544198095798492 -0.01403789222240448 0.03910566493868828
v -0.0626005083322525 -0.010185201652348042 0.04169856756925583
v -0.059154264628887177 -0.015337448567152023 0.047408971935510635
v -0.06125402823090553 -0.02151172235608101 0.046069107949733734
v -0.024423327296972275 0.05674990639090538 0.06833833456039429
v -0.014817103743553162 0.05748157203197479 0.06987491250038147
v -0.06414539366960526 0.022276420146226883 0.03839465603232384
v -0.0623227022588253 0.018659498542547226 0.042938992381095886
v -0.013264583423733711 -0.002086721360683441 0.07008381187915802
v -0.013914147391915321 -0.00023593474179506302 0.06659230589866638
v -0.011520997621119022 0.004023880697786808 0.06959090381860733
v -0.008014602586627007 0.0030254488810896873 0.07578365504741669
v -0.0076334793120622635 0.007066374644637108 0.07424210011959076
v -0.010804476216435432 0.007334364578127861 0.07027490437030792
v -0.03819584101438522 0.038681548088788986 0.06621259450912476
v -0.040179070085287094 0.046128734946250916 0.06361991167068481
v -0.047678083181381226 0.045164287090301514 0.058394648134708405
v -0.04563985392451286 0.0378095805644989 0.061180926859378815
v -0.02758961170911789 0.08724864572286606 0.04899493604898453
v -0.017121149227023125 0.08866839855909348 0.05158444121479988
v -0.008138813078403473 0.01530996523797512 0.0733870193362236
v -0.012288019061088562 0.015588358044624329 0.07103780657052994
v -0.011295256204903126 0.012617728672921658 0.07020822912454605
v -0.007881414145231247 0.012479078024625778 0.073161281645298
v -0.028101522475481033 -0.012673395685851574 0.061894141137599945
v -0.029114771634340286 -0.010345286689698696 0.06091085821390152
v -0.07102910429239273 -0.04179386422038078 -0.03135533630847931
v -0.07264602929353714 -0.04321051388978958 -0.030527805909514427
v -0.08024703711271286 0.0022974247112870216 -0.011011488735675812
v -0.07819182425737381 -0.008273135870695114 -0.011397426947951317
v -0.07871729135513306 -0.0018974831327795982 0.0004444066435098648
v -0.0790514275431633 0.01095877680927515 0.00020662136375904083
v -0.08123574405908585 0.02306963875889778 -0.0012016519904136658
v -0.08263912796974182 0.0319511741399765 -0.004688598215579987
v -0.08382735401391983 0.017182469367980957 -0.01432708278298378
v -0.08219993114471436 0.011332465335726738 -0.011662470176815987
v -0.05642255023121834 -0.09079595655202866 -0.07039838284254074
v -0.05414861813187599 -0.07994335889816284 -0.07225172221660614
v -0.007780742831528187 -0.0002052895724773407 0.07863403856754303
v -0.007495191879570484 -0.0034970566630363464 0.08089318126440048
v -0.028290558606386185 0.04076291248202324 -0.11973811686038971
v -0.027444349601864815 0.026999644935131073 -0.12055464088916779
v -0.047855835407972336 0.029042597860097885 -0.11134084314107895
v -0.04840048775076866 0.042115382850170135 -0.11017965525388718
v -0.07254651188850403 -0.01609666831791401 -0.06825236231088638
v -0.07590588927268982 -0.01793515309691429 -0.054300591349601746
v -0.012384472414851189 -0.032336607575416565 0.07746677845716476
v -0.009777822531759739 -0.027671225368976593 0.07457933574914932
v -0.010400108993053436 -0.030629564076662064 0.07509927451610565
v -0.009931836277246475 -0.027795538306236267 0.07460232079029083
v -0.013051681220531464 -0.03481527045369148 0.07929442077875137
v -0.015424827113747597 -0.03487813472747803 0.08070346713066101
v -0.010723132640123367 -0.03434962034225464 0.07385843992233276
v -0.009777799248695374 -0.03440412878990173 0.07429646700620651
v -0.009733683429658413 -0.030395176261663437 0.07539641112089157
v -0.010059734806418419 -0.02771873027086258 0.07472002506256104
v -0.004372879862785339 -0.03876856714487076 0.08565198630094528
v -0.0048753609880805016 -0.037639275193214417 0.0889417976140976
v -0.008666222915053368 -0.036213938146829605 0.08800455182790756
v -0.007231403142213821 -0.0374673567712307 0.08566409349441528
v -0.008945216424763203 -0.02776939421892166 0.07547513395547867
v -0.008067592047154903 -0.030345067381858826 0.0764942616224289
v -0.007767766248434782 -0.03293497860431671 0.08190985023975372
v -0.009426398202776909 -0.029782239347696304 0.0781734511256218
v -0.009294167160987854 -0.027962902560830116 0.07590711116790771
v -0.009537843056023121 -0.032445646822452545 0.0810421034693718
v -0.008355582132935524 -0.03780148923397064 0.07826673239469528
v -0.010951612144708633 -0.03231995925307274 0.07948096841573715
v -0.08244990557432175 -0.028775326907634735 -0.03620586544275284
v -0.06124989315867424 -0.07816825807094574 -0.021424394100904465
v -0.06587325781583786 -0.062153659760951996 -0.027008140459656715
v -0.06526679545640945 -0.062075212597846985 -0.03243356570601463
v -0.06242326647043228 -0.0781455934047699 -0.03076411783695221
v -0.0877273678779602 -0.0022935857996344566 -0.03372001275420189
v -0.0724644809961319 0.0393439419567585 0.02601013332605362
v -0.0746682658791542 0.0523357056081295 0.01940220594406128
v -0.0798664391040802 0.04242490231990814 0.006055939011275768
v -0.07862908393144608 0.031252723187208176 0.0089116171002388
v -0.07552541047334671 0.06294247508049011 0.013446930795907974
v -0.08064521104097366 0.054029762744903564 0.0011955499649047852
v -0.08374033868312836 0.043553996831178665 -0.010338012129068375
v -0.08582094311714172 0.02505546808242798 -0.027027975767850876
v -0.04570597782731056 -0.0009223939850926399 0.05562178045511246
v -0.04596485570073128 -0.0011413097381591797 0.05584676191210747
v -0.04443326219916344 -0.0014640763401985168 0.057015031576156616
v -0.044529497623443604 -0.001298230141401291 0.05672736465930939
v -0.04512988030910492 -0.0006003575399518013 0.05502481013536453
v -0.04391545057296753 -0.0012134527787566185 0.05603783577680588
v -0.04610610753297806 -9.041093289852142e-05 0.05406417325139046
v -0.04666440933942795 -0.0005647102370858192 0.05462665110826492
v -0.046936240047216415 -0.0008292645215988159 0.05483487620949745
v -0.02828739956021309 0.0006891144439578056 0.05871565267443657
v -0.029304824769496918 0.0006622960790991783 0.05822620540857315
v -0.032041944563388824 -0.00012959446758031845 0.058224163949489594
v -0.030891166999936104 -0.00010061170905828476 0.0592576339840889
v -0.028086062520742416 0.00033973343670368195 0.0592539981007576
v -0.0310610793530941 -0.0005399230867624283 0.059800200164318085
v -0.03225570544600487 0.0026584723964333534 0.053672000765800476
v -0.03152612969279289 0.0030126897618174553 0.05358795449137688
v -0.033278875052928925 0.0023275017738342285 0.05369369685649872
v -0.026667911559343338 0.0026571517810225487 0.0565134659409523
v -0.027039367705583572 0.0032682791352272034 0.05664481967687607
v -0.03129810094833374 0.0038839252665638924 0.053697939962148666
v -0.031016768887639046 0.0033725835382938385 0.05351467803120613
v -0.027348443865776062 0.0021514976397156715 0.056716613471508026
v -0.025387097150087357 0.002117942087352276 0.05716163292527199
v -0.024159330874681473 0.0025674039497971535 0.056795939803123474
v -0.02440156415104866 0.0035620778799057007 0.05701962113380432
v -0.036172375082969666 -0.0018207067623734474 0.05972490459680557
v -0.036461129784584045 -0.0026178574189543724 0.05959524214267731
v -0.0318262055516243 -0.00203580129891634 0.059849441051483154
v -0.03142453730106354 -0.0011817067861557007 0.059938885271549225
v -0.03586290776729584 -0.0012928852811455727 0.0596560537815094
v -0.03935255855321884 -0.0013691578060388565 0.05886077135801315
v -0.039482682943344116 -0.0019026808440685272 0.05888766795396805
v -0.03971528261899948 -0.0027107959613204002 0.058680884540081024
v -0.028552155941724777 -0.0009929146617650986 0.05978104844689369
v -0.0284283310174942 -0.00012887176126241684 0.059640850871801376
v -0.0397789403796196 -0.003383026458323002 0.05845949798822403
v -0.03682352229952812 -0.00331099983304739 0.05933641269803047
v -0.0320550873875618 -0.002684769220650196 0.05965907871723175
v -0.028426505625247955 -0.0013968562707304955 0.059736207127571106
v -0.02551453560590744 -1.7413869500160217e-05 0.05923702195286751
v -0.026757201179862022 0.00010800641030073166 0.059395723044872284
v -0.03691721707582474 -0.003848385065793991 0.05865657329559326
v -0.03666762635111809 -0.0044387103989720345 0.0584908053278923
v -0.03197762370109558 -0.0038769766688346863 0.05914835259318352
v -0.03212420642375946 -0.0032291943207383156 0.05928824841976166
v -0.03973785787820816 -0.003903220407664776 0.05772685632109642
v -0.03961334004998207 -0.0045251389965415 0.05737023800611496
v -0.048105258494615555 -0.000762544572353363 0.05320611223578453
v -0.04869790002703667 -0.0002369331195950508 0.05245339870452881
v -0.048611078411340714 -0.0008650980889797211 0.0524335578083992
v -0.048193078488111496 -0.0012807026505470276 0.052809543907642365
v -0.051118530333042145 -0.0034451913088560104 0.04967992752790451
v -0.05224572867155075 -0.0022796262055635452 0.04908273369073868
v -0.05402982234954834 -0.0030532153323292732 0.04757779836654663
v -0.05270009860396385 -0.004463333636522293 0.048729926347732544
v -0.06128143146634102 -0.013266061432659626 0.044285789132118225
v -0.05522661283612251 -0.007386232726275921 0.04787345230579376
v -0.056713223457336426 -0.005813187919557095 0.04596451669931412
v -0.04752087965607643 -0.0009570633992552757 0.05394551157951355
v -0.04684540629386902 -0.0012305602431297302 0.05478185415267944
v -0.04757923632860184 -0.0005903877317905426 0.05398232489824295
v -0.04812600836157799 -0.0002215532585978508 0.05314192175865173
v -0.0476360060274601 -0.0016247769817709923 0.05349745601415634
v -0.04681792110204697 -0.0018639136105775833 0.05444657430052757
v -0.04591645672917366 -0.0015009474009275436 0.055769409984350204
v -0.04579811170697212 -0.002172457054257393 0.05553562939167023
v -0.044244784861803055 -0.002533859573304653 0.05672140419483185
v -0.044310666620731354 -0.0018355194479227066 0.05696834996342659
v -0.04226987808942795 -0.0019493550062179565 0.05799105018377304
v -0.04258578270673752 -0.0014844024553894997 0.05790242552757263
v -0.04238825663924217 -0.0027471622452139854 0.05768047273159027
v -0.04425002261996269 -0.003111882135272026 0.05632740259170532
v -0.04231937229633331 -0.0033257463946938515 0.057403482496738434
v -0.04578578099608421 -0.002800488844513893 0.05502299219369888
v -0.04688735678792 -0.0024407068267464638 0.05392821133136749
v -0.047767896205186844 -0.002084719017148018 0.05297021567821503
v -0.048514869064092636 -0.001709774136543274 0.052291207015514374
v -0.04907220974564552 -0.0011260798200964928 0.051863934844732285
v -0.0481412447988987 -0.0025403881445527077 0.052319519221782684
v -0.048865802586078644 -0.0031861690804362297 0.05153040587902069
v -0.04747212678194046 -0.003610118292272091 0.052652206271886826
v -0.04703234136104584 -0.0029091443866491318 0.05330749228596687
v -0.049147434532642365 -0.002085617743432522 0.051595985889434814
v -0.05002615228295326 -0.0026479456573724747 0.05066600814461708
v -0.045804258435964584 -0.0032187364995479584 0.05432754009962082
v -0.04593290388584137 -0.0038477424532175064 0.05384589731693268
v -0.0441635362803936 -0.004212850704789162 0.05514448136091232
v -0.04413068667054176 -0.0036083869636058807 0.05564510077238083
v -0.041760869324207306 -0.003651319071650505 0.05667220801115036
v -0.04189376160502434 -0.004380317404866219 0.056155093014240265
v -0.03568211570382118 -0.0010467255488038063 0.05923657864332199
v -0.035525113344192505 -0.0006689932197332382 0.057926930487155914
v -0.03870251402258873 -0.0010709837079048157 0.05751320719718933
v -0.03960731253027916 -0.0012958245351910591 0.05842765048146248
v -0.04271864518523216 -0.0013993410393595695 0.057566236704587936
v -0.041639551520347595 -0.0013038022443652153 0.05682887136936188
v -0.03880860656499863 -0.0008568307384848595 0.056185852736234665
v -0.037210121750831604 0.0015231231227517128 0.053262460976839066
v -0.03841099515557289 0.001466081477701664 0.052949920296669006
v -0.04110410064458847 -0.0009004184976220131 0.05549439787864685
v -0.035965703427791595 -0.0003962889313697815 0.056556008756160736
v -0.03589029610157013 0.0017660344019532204 0.05331985652446747
v -0.03301292285323143 0.00029297173023223877 0.05686752498149872
v -0.03458241745829582 0.002005811780691147 0.05360609292984009
v -0.03044663742184639 0.0008675456047058105 0.057161636650562286
v -0.036932505667209625 0.009126849472522736 0.06178765743970871
v -0.037224575877189636 0.009665247052907944 0.06215565651655197
v -0.04262711852788925 0.008722333237528801 0.061288148164749146
v -0.041694171726703644 0.008366848342120647 0.06095912680029869
v -0.057635415345430374 -0.00017101317644119263 -0.09811636060476303
v -0.05951915681362152 0.015362591482698917 -0.10084451735019684
v -0.04696313291788101 0.012772325426340103 -0.11126340925693512
v -0.044660456478595734 0.005319726653397083 0.05938361957669258
v -0.0447421595454216 0.006753694266080856 0.05943320691585541
v -0.04719241335988045 0.005875011906027794 0.057493072003126144
v -0.04697082191705704 0.004602551460266113 0.057380229234695435
v -0.04452364519238472 0.003949077799916267 0.05921478942036629
v -0.046609483659267426 0.0032768268138170242 0.0571686252951622
v -0.041746459901332855 0.004648173227906227 0.06112366169691086
v -0.04192020744085312 0.0061867740005254745 0.06126590818166733
v -0.04193940386176109 0.007616972550749779 0.0610639750957489
v -0.04546830803155899 0.0037030577659606934 0.05273384600877762
v -0.044777099043130875 0.004116671159863472 0.05359817296266556
v -0.04567641392350197 0.0035161497071385384 0.054947346448898315
v -0.046735621988773346 0.0032393280416727066 0.05362813547253609
v -0.045845139771699905 0.0033592795953154564 0.05208297073841095
v -0.04714653640985489 0.0029719695448875427 0.05268107354640961
v -0.041689202189445496 0.0037587005645036697 0.05101505666971207
v -0.041340045630931854 0.003906699828803539 0.05141114071011543
v -0.04076557978987694 0.004133767448365688 0.051982633769512177
v -0.04190809652209282 0.003513793461024761 0.050804734230041504
v -0.042169202119112015 0.003199158236384392 0.05071014165878296
v -0.04222675785422325 0.0028960062190890312 0.05073174089193344
v -0.041888974606990814 0.0026872260496020317 0.05082348734140396
v -0.06285696476697922 -0.029939452186226845 0.04178518056869507
v -0.06363322585821152 -0.018581079319119453 0.04261503368616104
v -0.06545062363147736 -0.02642127498984337 0.03793788328766823
v -0.047301147133111954 -0.00019777845591306686 0.05373136326670647
v -0.04786897450685501 0.00023019034415483475 0.05290982127189636
v -0.046664316207170486 0.00026818830519914627 0.053259920328855515
v -0.04715651273727417 0.000639881007373333 0.052620869129896164
v -0.04843711107969284 0.0007099639624357224 0.0521535724401474
v -0.04883810877799988 0.0003797132521867752 0.052242301404476166
v -0.04430200904607773 -0.0002459632232785225 0.05411702021956444
v -0.040546316653490067 0.0016386602073907852 0.05216267704963684
v -0.04121380299329758 0.0018968749791383743 0.05175600200891495
v -0.04516780748963356 0.00028821174055337906 0.05339168757200241
v -0.04309026524424553 -0.0008789394050836563 0.054890356957912445
v -0.039693303406238556 0.0014559878036379814 0.05256368964910507
v -0.04109365493059158 0.0023139426484704018 0.05127216875553131
v -0.04153250902891159 0.0024758540093898773 0.05103747546672821
v -0.045241035521030426 0.0007645096629858017 0.052675291895866394
v -0.04583992809057236 0.0011404138058423996 0.05212463438510895
v -0.047548599541187286 0.0011019408702850342 0.052171748131513596
v -0.04677358642220497 0.00197780504822731 0.051537901163101196
v -0.04665493592619896 0.0024064239114522934 0.051611945033073425
v -0.048058122396469116 0.0014696456491947174 0.051973991096019745
v -0.04812854900956154 0.0020227963104844093 0.05196594446897507
v -0.0463961660861969 0.0015642568469047546 0.05167940631508827
v -0.04630374163389206 0.002877200022339821 0.051789477467536926
v -0.04775845259428024 0.002404571510851383 0.05227813124656677
v -0.04904130846261978 -0.00019312649965286255 0.05206499993801117
v -0.04919784143567085 0.0006885798647999763 0.05187837779521942
v -0.04988797381520271 0.0012656748294830322 0.05144919827580452
v -0.04948578029870987 -0.0003292793408036232 0.05158088356256485
v -0.05024256929755211 -0.00032307300716638565 0.050903476774692535
v -0.04983176663517952 -0.0014022113755345345 0.05110006034374237
v -0.05070887506008148 0.0018882760778069496 0.05118391662836075
v -0.05193699151277542 0.002422044053673744 0.05032392218708992
v -0.0515483021736145 -0.00040257349610328674 0.04993465170264244
v -0.05087669566273689 -0.0017169145867228508 0.05017887055873871
v -0.04890044778585434 0.0012003732845187187 0.051889821887016296
v -0.049090079963207245 0.0015673302114009857 0.051754243671894073
v -0.050156496465206146 0.0028156647458672523 0.05242883414030075
v -0.050842802971601486 0.003614187240600586 0.05227009952068329
v -0.049550626426935196 0.002130993641912937 0.05239517241716385
v -0.04900171980261803 0.002619725652039051 0.05360858514904976
v -0.0494878850877285 0.003419722430408001 0.053796619176864624
v -0.049999188631772995 0.004264260642230511 0.053756579756736755
v -0.048481643199920654 0.003881514072418213 0.05554486811161041
v -0.048873260617256165 0.005049138329923153 0.05554065480828285
v -0.04807271435856819 0.0028993887826800346 0.055175669491291046
v -0.048826754093170166 0.002073824405670166 0.052308231592178345
v -0.048341087996959686 0.0024864282459020615 0.05319304019212723
v -0.047543399035930634 0.002788858488202095 0.05455160140991211
v -0.046236906200647354 0.002871312201023102 0.056325070559978485
v -0.04419172927737236 0.003388935700058937 0.05830540508031845
v -0.04378023371100426 0.003880305215716362 0.0567343644797802
v -0.041438326239585876 0.0040931012481451035 0.06012139096856117
v -0.04106546565890312 0.004239613190293312 0.05848667770624161
v -0.037683404982089996 0.010555712506175041 0.06325752288103104
v -0.04352923855185509 0.00988015066832304 0.062055740505456924
v -0.040782105177640915 0.004734598100185394 0.05628840997815132
v -0.038350142538547516 0.004328671842813492 0.053404517471790314
v -0.03690144047141075 0.004380533471703529 0.053697362542152405
v -0.03782808035612106 0.0046588340774178505 0.057385578751564026
v -0.027956198900938034 0.0036058370023965836 0.05716535449028015
v -0.028946328908205032 0.004072464071214199 0.05784139037132263
v -0.032397326081991196 0.004095865413546562 0.054235752671957016
v -0.031780906021595 0.004024113528430462 0.05396921932697296
v -0.025962600484490395 0.00376222375780344 0.05799049139022827
v -0.027477886527776718 0.004198355600237846 0.058904532343149185
v -0.032596323639154434 0.004414978437125683 0.0582653246819973
v -0.03433326259255409 0.004137326031923294 0.054446741938591
v -0.03323137387633324 0.004111157730221748 0.05440559983253479
v -0.0307052843272686 0.004300357773900032 0.058067478239536285
v -0.03172869607806206 0.004695916548371315 0.06011221930384636
v -0.029227448627352715 0.004442979581654072 0.05959879606962204
v -0.037818364799022675 0.004538237117230892 0.059740860015153885
v -0.030411962419748306 0.07573384791612625 -0.11020345240831375
v -0.0296821016818285 0.06074833869934082 -0.11628780514001846
v -0.04916329309344292 0.060604169964790344 -0.10696499794721603
v -0.049334850162267685 0.07365382462739944 -0.10184833407402039
v -0.04303249716758728 0.004531938582658768 0.05506020039319992
v -0.03971690312027931 0.004262764006853104 0.05275353044271469
v -0.059194013476371765 0.0732307955622673 -0.09390423446893692
v -0.058469370007514954 0.08133558183908463 -0.08949384838342667
v -0.049928247928619385 0.08440283685922623 -0.09474344551563263
v -0.041191164404153824 -0.06404612958431244 -0.08780757337808609
v -0.03099067136645317 -0.0739283487200737 -0.09653541445732117
v -0.023639105260372162 0.0036575300619006157 0.05893833190202713
v -0.02557991072535515 0.004237218759953976 0.059647850692272186
v -0.022261250764131546 0.003057098016142845 0.05835442245006561
v -0.02130991593003273 0.003075231797993183 0.05839962512254715
v -0.022739369422197342 0.0038247378543019295 0.05907011032104492
v -0.024471981450915337 0.004562249407172203 0.05974444001913071
v -0.02795245870947838 0.004657831974327564 0.06037391349673271
v -0.027046646922826767 0.0050200121477246284 0.060828253626823425
v -0.030615447089076042 0.005335353314876556 0.06200665235519409
v -0.03065602481365204 0.004817278124392033 0.06115070357918739
v -0.037827540189027786 0.004636726342141628 0.06135695427656174
v -0.03794693574309349 0.005268605425953865 0.06225209683179855
v -0.030027151107788086 0.006530911661684513 0.06188364326953888
v -0.026365889236330986 0.006022975780069828 0.0604427307844162
v -0.029212957248091698 0.008073861710727215 0.06152066960930824
v -0.026175379753112793 0.007425786927342415 0.06025136262178421
v -0.03770459443330765 0.008194922469556332 0.0619644932448864
v -0.03820319101214409 0.006763678975403309 0.06229040026664734
v -0.0252409428358078 0.0009346511214971542 0.05889027938246727
v -0.022968217730522156 0.001310477964580059 0.05862080305814743
v -0.025959614664316177 0.0012340191751718521 0.058591291308403015
v -0.023680636659264565 0.0016566552221775055 0.058258552104234695
v -0.027154183015227318 0.0013756277039647102 0.057898715138435364
v -0.022491389885544777 0.0021704351529479027 0.05805044621229172
v -0.021568341180682182 0.00201468076556921 0.05836666375398636
v -0.028496408835053444 0.0014885542914271355 0.0570896714925766
v -0.021856015548110008 0.004071271978318691 0.05861635506153107
v -0.02040533348917961 0.003136417828500271 0.05829024314880371
v -0.020754553377628326 0.005342517048120499 0.05778767913579941
v -0.019701626151800156 0.0035640494897961617 0.0579354390501976
v -0.02342449687421322 0.007141514681279659 0.05873039364814758
v -0.0235998947173357 0.005298284813761711 0.059122104197740555
v -0.02059224806725979 0.0020065689459443092 0.05831261724233627
v -0.021425332874059677 0.0013289805501699448 0.05853629112243652
v -0.01993619278073311 0.0022742850705981255 0.058160450309515
v -0.02075212448835373 0.0015164148062467575 0.0584024041891098
v -0.028125276789069176 -0.0019813906401395798 0.059649206697940826
v -0.027920516207814217 -0.0023260293528437614 0.059433795511722565
v -0.024729439988732338 -0.0004841424524784088 0.05919922888278961
v -0.024129675701260567 -0.0005120253190398216 0.0589350126683712
v -0.03638710454106331 -0.005133063532412052 0.05833905190229416
v -0.03941718861460686 -0.005308238789439201 0.05737479776144028
v -0.03599034249782562 -0.006075824610888958 0.05836513638496399
v -0.03926236182451248 -0.006376053672283888 0.05729737505316734
v -0.031123800203204155 -0.005352268926799297 0.05935460701584816
v -0.03159217908978462 -0.004537331871688366 0.05918584018945694
v -0.034012384712696075 -0.13436728715896606 -0.010212326422333717
v -0.04973271116614342 -0.004137642681598663 0.0508606843650341
v -0.05099121108651161 -0.005418735556304455 0.05032675340771675
v -0.0491248294711113 -0.005952056497335434 0.05177929252386093
v -0.04813613370060921 -0.004505631513893604 0.05209214985370636
v -0.04630861431360245 -0.004775668494403362 0.053400397300720215
v -0.04689183458685875 -0.006202760152518749 0.053229354321956635
v -0.04440256208181381 -0.006324634421616793 0.05465121567249298
v -0.04407753795385361 -0.005029253661632538 0.054766733199357986
v -0.0417906679213047 -0.005111534148454666 0.05591883510351181
v -0.04210565611720085 -0.006496031768620014 0.05593923106789589
v -0.05320790410041809 -0.0008070329204201698 0.04851807653903961
v -0.05400550365447998 0.0025729071348905563 0.048198334872722626
v -0.054890524595975876 -0.0013680113479495049 0.046795353293418884
v -0.05624428763985634 0.0021667517721652985 0.04612346738576889
v -0.018834535032510757 0.006670983508229256 0.05798372998833656
v -0.018527545034885406 0.004202411510050297 0.05766373127698898
v -0.01727636344730854 0.007785269059240818 0.05921190232038498
v -0.017182115465402603 0.005086585879325867 0.05867078900337219
v -0.01851624995470047 0.010479836724698544 0.060453299432992935
v -0.020558252930641174 0.009166478179395199 0.058947447687387466
v -0.019122973084449768 0.002572794444859028 0.05818735808134079
v -0.02008855529129505 0.0014770878478884697 0.058238014578819275
v -0.018073435872793198 0.0026200441643595695 0.05859016627073288
v -0.0192653089761734 0.0011074673384428024 0.05871257185935974
v -0.027391143143177032 -0.0028679342940449715 0.05926357954740524
v -0.02684999816119671 -0.0036287447437644005 0.059396322816610336
v -0.023585010319948196 -0.0008187619969248772 0.058975718915462494
v -0.022727645933628082 -0.0015333844348788261 0.05916981399059296
v -0.05551788583397865 -0.011813371442258358 -0.09550367295742035
v -0.060616202652454376 0.031391650438308716 -0.1005297601222992
v -0.050720375031232834 0.013297752477228642 0.05978373438119888
v -0.04831735044717789 0.011101682670414448 0.06005432456731796
v -0.044774096459150314 0.012118710204958916 0.06251521408557892
v -0.046547114849090576 0.014697004109621048 0.06307055056095123
v -0.05379978567361832 0.016433019191026688 0.0585126057267189
v -0.0559341236948967 0.013404234312474728 0.0549192801117897
v -0.05342153459787369 0.011281324550509453 0.05641372501850128
v -0.051020488142967224 0.009583444334566593 0.05726640298962593
v -0.05475775897502899 0.005259934812784195 0.04926881939172745
v -0.05302693322300911 0.005116808228194714 0.05080890655517578
v -0.053034450858831406 0.006681310944259167 0.05235538259148598
v -0.0547817125916481 0.007162399590015411 0.051062457263469696
v -0.05695480480790138 0.005164683796465397 0.047279223799705505
v -0.057246580719947815 0.007717159576714039 0.04936935380101204
v -0.054279789328575134 0.009085984900593758 0.053524285554885864
v -0.05227379500865936 0.008123072795569897 0.05457916110754013
v -0.056928858160972595 0.01027389895170927 0.0521211139857769
v -0.026831358671188354 0.013706589117646217 0.06339161843061447
v -0.027302565053105354 0.012175032868981361 0.06217407435178757
v -0.02451719343662262 0.010483643971383572 0.06047578528523445
v -0.02309945598244667 0.011659229174256325 0.06105887517333031
v -0.02527454122900963 0.015022123232483864 0.06431736052036285
v -0.020878611132502556 0.012820994481444359 0.061966001987457275
v -0.03958675637841225 0.015214077197015285 0.06566122174263
v -0.038695428520441055 0.013040740042924881 0.06436480581760406
v -0.028940850868821144 0.009275796823203564 0.06136991083621979
v -0.026954635977745056 0.008457490243017673 0.06076997518539429
v -0.028204599395394325 0.009780695661902428 0.06115051731467247
v -0.025994347408413887 0.008700527250766754 0.06034766882658005
v -0.06718719005584717 0.08920032531023026 -0.0701199397444725
v -0.06932273507118225 0.09309110045433044 -0.05697543919086456
v -0.053219024091959 0.10533837229013443 -0.061516035348176956
v -0.052361954003572464 0.09989191591739655 -0.07476786524057388
v -0.04463168606162071 0.007367134094238281 0.05974198505282402
v -0.04552187770605087 0.007796869613230228 0.059691205620765686
v -0.04803711548447609 0.006988575682044029 0.05763503164052963
v -0.04720304533839226 0.006583829410374165 0.05786759778857231
v -0.04914940148591995 0.005850306712090969 0.05579182505607605
v -0.049917418509721756 0.0063285818323493 0.055540621280670166
v -0.050938453525304794 0.00551098957657814 0.053652673959732056
v -0.050346050411462784 0.005184435285627842 0.053962014615535736
v -0.05096515640616417 0.004574579186737537 0.0526513010263443
v -0.051502395421266556 0.004616160877048969 0.05206559598445892
v -0.026098642498254776 0.009789916686713696 0.06083216518163681
v -0.028113286942243576 0.010610844008624554 0.06160040944814682
v -0.060391440987586975 0.061607297509908676 -0.09728246182203293
v -0.050066813826560974 0.05286853015422821 0.055109649896621704
v -0.05698677524924278 0.04991365969181061 0.04855307936668396
v -0.05430382117629051 0.043103624135255814 0.05260791629552841
v -0.046491026878356934 0.008953721262514591 0.060142531991004944
v -0.0491301603615284 0.008044655434787273 0.057704806327819824
v -0.05084971338510513 0.007125058211386204 0.0552871972322464
v -0.05181187018752098 0.006162283942103386 0.053313348442316055
v -0.05219046398997307 0.005323366262018681 0.052024222910404205
v -0.0773797333240509 -0.025826504454016685 -0.02015242539346218
v -0.07757239043712616 -0.025444023311138153 -0.021970544010400772
v -0.08561204373836517 -0.01225233357399702 -0.04564470052719116
v -0.08406820148229599 -0.00604566466063261 -0.043446026742458344
v -0.08303983509540558 -0.0028685210272669792 -0.04120870679616928
v -0.08676566183567047 0.002775750122964382 -0.02731633372604847
v -0.08848697692155838 0.006378636695444584 -0.029637295752763748
v -0.08808042854070663 -0.031559500843286514 -0.04209142178297043
v -0.08468328416347504 -0.033980000764131546 -0.0386810339987278
v -0.08804067969322205 -0.030504614114761353 -0.042411863803863525
v -0.09510266780853271 0.003487013280391693 -0.038966529071331024
v -0.0956023707985878 0.0020627733319997787 -0.04056888073682785
v -0.09658602625131607 0.0016112830489873886 -0.04021017253398895
v -0.04781476780772209 -0.034237101674079895 -0.09004704654216766
v -0.05278421938419342 -0.021029900759458542 -0.09364254772663116
v -0.09586150199174881 0.0005424069240689278 -0.04219621419906616
v -0.07934704422950745 -0.020373664796352386 -0.023676790297031403
v -0.08660388737916946 -0.012652166187763214 -0.045926421880722046
v -0.08813123404979706 -0.012887964956462383 -0.047755733132362366
v -0.08872164040803909 -0.017879202961921692 -0.04885751008987427
v -0.08805588632822037 -0.017519764602184296 -0.048110730946063995
v -0.08783410489559174 -0.02328338660299778 -0.04799553006887436
v -0.08726909011602402 -0.02260649763047695 -0.04736541211605072
v -0.08975882083177567 -0.027259763330221176 -0.04443887621164322
v -0.09024374186992645 -0.022505585104227066 -0.04643514007329941
v -0.08950871229171753 0.006969241425395012 -0.03090374544262886
v -0.08952957391738892 0.006088649854063988 -0.030260462313890457
v -0.09024611860513687 0.007026271894574165 -0.031219352036714554
v -0.08007681369781494 -0.021287256851792336 -0.02528977580368519
v -0.08502854406833649 0.0006281426176428795 -0.027731187641620636
v -0.08457567542791367 -0.0012992620468139648 -0.02627159282565117
v -0.08427897095680237 -0.0008021509274840355 -0.026695623993873596
v -0.07831282913684845 -0.01563870720565319 -0.028736494481563568
v -0.07813175022602081 -0.014790898188948631 -0.028795121237635612
v -0.07942189276218414 -0.01723947748541832 -0.02847927249968052
v -0.08105285465717316 -0.01889779604971409 -0.02648790366947651
v -0.074956513941288 -0.025928650051355362 -0.029934706166386604
v -0.07456552982330322 -0.026426086202263832 -0.03156173229217529
v -0.07394717633724213 -0.027254387736320496 -0.031020713970065117
v -0.09302449971437454 0.0126744844019413 -0.03248178958892822
v -0.08470583707094193 -0.0023162048310041428 -0.02602227032184601
v -0.08589053899049759 -0.0012819478288292885 -0.02618374489247799
v -0.08664306253194809 -0.00021893903613090515 -0.026322826743125916
v -0.09100830554962158 0.0063317809253931046 -0.031333718448877335
v -0.08712795376777649 0.0006682015955448151 -0.02637801505625248
v -0.08614757657051086 0.0007856888696551323 -0.02663549967110157
v -0.08748409152030945 0.0024547260254621506 -0.027178211137652397
v -0.08549728244543076 0.0009452998638153076 -0.027024731040000916
v -0.08063874393701553 -0.021378371864557266 -0.04304352402687073
v -0.07952097058296204 -0.021768275648355484 -0.041150279343128204
v -0.07997699081897736 -0.005813742056488991 -0.016865117475390434
v -0.08030995726585388 -0.007437546271830797 -0.019582049921154976
v -0.08348876982927322 -0.0350477360188961 -0.03661995381116867
v -0.08297626674175262 0.0020523853600025177 -0.03439810127019882
v -0.08388917148113251 0.005300651304423809 -0.035507529973983765
v -0.09217201918363571 -0.01826116256415844 -0.046935804188251495
v -0.08487046509981155 -0.025657616555690765 -0.038588084280490875
v -0.08255665004253387 -0.02683735452592373 -0.03770273178815842
v -0.08745962381362915 -0.02418874204158783 -0.03964124619960785
v -0.08940256386995316 -0.021395336836576462 -0.04069611802697182
v -0.08143578469753265 -0.007323893718421459 -0.03135482221841812
v -0.09040398895740509 -0.0025713779032230377 -0.03603775054216385
v -0.09054998308420181 -0.004452458582818508 -0.03751903027296066
v -0.08905397355556488 -0.0025325780734419823 -0.03480253741145134
v -0.08482209593057632 0.008156761527061462 -0.03313698619604111
v -0.08514194935560226 0.0076066842302680016 -0.03092111274600029
v -0.08235414326190948 0.004791254177689552 -0.03308553248643875
v -0.08500710129737854 0.005833525210618973 -0.030948776751756668
v -0.0770096555352211 -0.022703077644109726 -0.0290517620742321
v -0.0747198611497879 -0.027776263654232025 -0.033627331256866455
v -0.07657769322395325 -0.026182927191257477 -0.034878578037023544
v -0.07579102367162704 -0.028303533792495728 -0.03479324281215668
v -0.07708843052387238 -0.02705344185233116 -0.03631918132305145
v -0.07741013169288635 -0.025620602071285248 -0.03765832632780075
v -0.07809041440486908 -0.023726478219032288 -0.03860212862491608
v -0.07962062954902649 -0.0216626338660717 -0.038298528641462326
v -0.07700163125991821 -0.018508782610297203 -0.02905609831213951
v -0.08457257598638535 0.007206362672150135 -0.022053468972444534
v -0.07643914967775345 -0.02029845491051674 -0.02935592271387577
v -0.07852964848279953 -0.016994351521134377 -0.028648730367422104
v -0.07837852835655212 -0.018770193681120872 -0.02856740914285183
v -0.07779716700315475 -0.020678460597991943 -0.02864156663417816
v -0.08070240169763565 -0.030728157609701157 -0.0321447029709816
v -0.0809004008769989 -0.028863703832030296 -0.034460850059986115
v -0.07941657304763794 -0.03003470040857792 -0.03136841207742691
v -0.08121359348297119 -0.027934573590755463 -0.03652217611670494
v -0.07838325947523117 -0.02962876483798027 -0.03088812157511711
v -0.08444683998823166 0.002821546047925949 -0.03349507600069046
v -0.08523046225309372 0.005568974651396275 -0.03266710415482521
v -0.07765810936689377 -0.022750496864318848 -0.017782827839255333
v -0.06799589842557907 -0.020538978278636932 0.033675216138362885
v -0.0700000673532486 -0.010597032494843006 0.029703907668590546
v -0.02796776406466961 -0.07287859171628952 0.040460895746946335
v -0.0269320048391819 -0.075997494161129 0.039939288049936295
v -0.05951722711324692 -0.032930996268987656 0.04540889710187912
v -0.05490511655807495 -0.03619513660669327 0.04944480210542679
v -0.02692709118127823 -0.0694466382265091 0.05353609099984169
v -0.025826260447502136 -0.07080582529306412 0.0533839650452137
v -0.02497250959277153 -0.07024994492530823 0.05379105359315872
v -0.02602362260222435 -0.069559246301651 0.05359435826539993
v -0.023959657177329063 -0.06961727887392044 0.05136618763208389
v -0.024855371564626694 -0.0693022832274437 0.05087170749902725
v -0.024970760568976402 -0.06943275779485703 0.05229930579662323
v -0.023987917229533195 -0.0699150487780571 0.05287424102425575
v -0.031207650899887085 -0.05191028118133545 0.06056854501366615
v -0.034810446202754974 -0.0478806234896183 0.060440368950366974
v -0.037481460720300674 -0.05304371565580368 0.05782882869243622
v -0.03416653722524643 -0.056496553122997284 0.057960473001003265
v -0.02675596810877323 -0.06978677958250046 0.04380218684673309
v -0.026801859959959984 -0.06776293367147446 0.04482429474592209
v -0.02580433338880539 -0.06792771071195602 0.047622550278902054
v -0.025777656584978104 -0.0691153034567833 0.046818628907203674
v -0.026527727022767067 -0.07125676423311234 0.04332955926656723
v -0.025632444769144058 -0.06984937936067581 0.046584829688072205
v -0.028160110116004944 -0.07074163854122162 0.04108215123414993
v -0.028241604566574097 -0.0678103119134903 0.04219365492463112
v -0.03504519164562225 -0.0768268033862114 0.04876326024532318
v -0.031738486140966415 -0.07423802465200424 0.0504436269402504
v -0.03306116536259651 -0.07032805681228638 0.051923613995313644
v -0.03647206723690033 -0.07135631144046783 0.05061216652393341
v -0.02802988514304161 -0.03816547989845276 0.06346552073955536
v -0.03165747597813606 -0.04272306337952614 0.06228718161582947
v -0.028893297538161278 -0.04724876210093498 0.0619644857943058
v -0.024995211511850357 -0.0418737456202507 0.06322891265153885
v -0.021462779492139816 -0.03672224283218384 0.0650811493396759
v -0.0243547260761261 -0.033149924129247665 0.06478744000196457
v -0.020000753924250603 -0.028316784650087357 0.07043316215276718
v -0.020392611622810364 -0.03215235471725464 0.07100670039653778
v -0.019467346370220184 -0.03361622989177704 0.07424964010715485
v -0.019971147179603577 -0.031116202473640442 0.07350412756204605
v -0.01774333417415619 -0.037461068481206894 0.07196551561355591
v -0.02032287046313286 -0.03424058482050896 0.06922024488449097
v -0.013817105442285538 -0.0391843244433403 0.07208038866519928
v -0.013559587299823761 -0.03870495408773422 0.07328324019908905
v -0.017985351383686066 -0.03790823742747307 0.07010827213525772
v -0.018268710002303123 -0.038902267813682556 0.06785852462053299
v -0.01433655247092247 -0.039901427924633026 0.07061469554901123
v -0.012903285212814808 -0.038096826523542404 0.0743970200419426
v -0.015789436176419258 -0.037525374442338943 0.07461747527122498
v -0.017224615439772606 -0.0355355329811573 0.07657814770936966
v -0.006576893851161003 -0.038028307259082794 0.08315496146678925
v -0.007782008498907089 -0.036877620965242386 0.08542909473180771
v -0.01304137147963047 -0.004414357244968414 0.07301724702119827
v -0.01577419601380825 -0.007710149046033621 0.06961189955472946
v -0.013020179234445095 -0.007455978076905012 0.07515418529510498
v -0.01563681662082672 -0.01026739552617073 0.07158567756414413
v -0.016497595235705376 -0.0338185615837574 0.08044691383838654
v -0.01800435222685337 -0.03176271542906761 0.07921954989433289
v -0.014161988161504269 -0.03335130214691162 0.08436014503240585
v -0.015123551711440086 -0.030471021309494972 0.08456407487392426
v -0.007581012323498726 0.009975075721740723 0.07336577773094177
v -0.004519711248576641 -0.04098547250032425 0.07815355807542801
v -0.00485437223687768 -0.041627030819654465 0.07735970616340637
v -0.00420517148450017 -0.03997417166829109 0.0801311582326889
v -0.03144625574350357 0.09632835537195206 -0.09390102326869965
v -0.03207817301154137 0.1068788692355156 -0.08091776072978973
v -0.031137261539697647 0.11645243316888809 -0.05606359243392944
v -0.02875802107155323 0.11888929456472397 -0.04317746311426163
v -0.007005118764936924 -0.06076154112815857 0.07282274216413498
v -0.007080971263349056 -0.057664744555950165 0.07371125370264053
v -0.01463220827281475 -0.06298575550317764 0.05455263704061508
v -0.008952816016972065 -0.06304493546485901 0.056174442172050476
v -0.008625693619251251 -0.06444559246301651 0.05910394340753555
v -0.014289379119873047 -0.06469728797674179 0.05751921609044075
v -0.018159084022045135 -0.06489596515893936 0.05540987104177475
v -0.018728625029325485 -0.06341710686683655 0.05228518694639206
v -0.015190457925200462 -0.0614500567317009 0.052292145788669586
v -0.009433752857148647 -0.06125183030962944 0.05361131578683853
v -0.01353540364652872 -0.06663647294044495 0.06270788609981537
v -0.008029676973819733 -0.06637366861104965 0.0649959072470665
v -0.007515301927924156 -0.06552699208259583 0.06791017204523087
v -0.01316482201218605 -0.06569540500640869 0.06524130702018738
v -0.020889991894364357 -0.04327328875660896 0.06565189361572266
v -0.016771838068962097 -0.042851634323596954 0.06848452240228653
v -0.012532662600278854 -0.0433465801179409 0.0719696581363678
v -0.009030531160533428 -0.04391748085618019 0.07444996386766434
v -0.008325295522809029 -0.04172724485397339 0.0751638263463974
v -0.011073410511016846 -0.0408555343747139 0.07315824180841446
v -0.007968081161379814 -0.04077114909887314 0.07579667866230011
v -0.010510281659662724 -0.039994072169065475 0.07394133508205414
v -0.010277790948748589 -0.03934677317738533 0.07472005486488342
v -0.010704108513891697 -0.03846176713705063 0.07524605840444565
v -0.008981427177786827 -0.03863222897052765 0.07657669484615326
v -0.009448453783988953 -0.03787362575531006 0.07656699419021606
v -0.00784688163548708 -0.04003743827342987 0.076498843729496
v -0.00742647098377347 -0.014590795151889324 0.08737292885780334
v -0.007259695325046778 -0.010665479116141796 0.08508159220218658
v -0.012134827673435211 -0.05591762065887451 0.07224380970001221
v -0.007334771100431681 -0.05504718795418739 0.07385340332984924
v -0.006402262486517429 -0.04999001324176788 0.07462627440690994
v -0.010991288349032402 -0.05026540905237198 0.07325149327516556
v -0.015864480286836624 -0.050942759960889816 0.07057678699493408
v -0.01722027361392975 -0.057569295167922974 0.06903956085443497
v -0.005175760015845299 -0.04253591224551201 0.07666391879320145
v -0.012216219678521156 -0.05867847055196762 0.07157803326845169
v -0.01234283484518528 -0.06139771640300751 0.07020919024944305
v -0.017371978610754013 -0.06031433492898941 0.0680483728647232
v -0.017408354207873344 -0.06255585700273514 0.06646125018596649
v -0.021850284188985825 -0.059800922870635986 0.06472219526767731
v -0.021281754598021507 -0.05276096612215042 0.06694473326206207
v -0.026752296835184097 -0.05483391135931015 0.06260073184967041
v -0.02544749714434147 -0.062221068888902664 0.06044239550828934
v -0.03286443278193474 -0.06674383580684662 0.05391184240579605
v -0.02832922898232937 -0.0696190893650055 0.05322165787220001
v -0.02831662818789482 -0.06797219812870026 0.0541788674890995
v -0.02814122661948204 -0.06639362871646881 0.05557881295681
v -0.032366007566452026 -0.06324256211519241 0.05618877708911896
v -0.036167919635772705 -0.06609757244586945 0.053118038922548294
v -0.03564872592687607 -0.06122765690088272 0.05560942739248276
v -0.03069552779197693 -0.059075698256492615 0.05894163250923157
v -0.027354944497346878 -0.06437627226114273 0.05756276100873947
v -0.027199748903512955 -0.06809721142053604 0.05441879481077194
v -0.026258915662765503 -0.06870277971029282 0.054038867354393005
v -0.02694157510995865 -0.06707736104726791 0.055502697825431824
v -0.026092495769262314 -0.0677967295050621 0.05494781211018562
v -0.02637941762804985 -0.06598323583602905 0.05695454776287079
v -0.025547141209244728 -0.06696005165576935 0.056143373250961304
v -0.024324489757418633 -0.06582625955343246 0.058037757873535156
v -0.02495974488556385 -0.06436579674482346 0.059276726096868515
v -0.02439940720796585 -0.06789188086986542 0.053060904145240784
v -0.02333388477563858 -0.06742154061794281 0.054339490830898285
v -0.02332608588039875 -0.06738658249378204 0.05570703372359276
v -0.024386152625083923 -0.06791137158870697 0.05417352914810181
v -0.024997036904096603 -0.06842424720525742 0.05185403302311897
v -0.024917472153902054 -0.06848039478063583 0.053208690136671066
v -0.02525976672768593 -0.06712235510349274 0.04865744709968567
v -0.024366196244955063 -0.06621069461107254 0.049768827855587006
v -0.02542152628302574 -0.06880160421133041 0.05096042528748512
v -0.025403207167983055 -0.06898318231105804 0.052103154361248016
v -0.02534097246825695 -0.06923840194940567 0.05349210649728775
v -0.025345662608742714 -0.0682898759841919 0.05417425185441971
v -0.024859735742211342 -0.06751760840415955 0.05521286278963089
v -0.023762838914990425 -0.06678200513124466 0.05679713189601898
v -0.01736513525247574 -0.06436515599489212 0.06448577344417572
v -0.021221131086349487 -0.06400677561759949 0.06227315217256546
v -0.021008433774113655 -0.06549172848463058 0.060439541935920715
v -0.01743902824819088 -0.06620068103075027 0.06213967502117157
v -0.02083120122551918 -0.06674295663833618 0.058730922639369965
v -0.019641617313027382 -0.06193584203720093 0.049917928874492645
v -0.017558854073286057 -0.06684718281030655 0.05983584001660347
v -0.022521961480379105 -0.06406214833259583 0.04930990934371948
v -0.02383360080420971 -0.06274869292974472 0.04706859961152077
v -0.02167811430990696 -0.06533430516719818 0.052427779883146286
v -0.02622136101126671 -0.06649976968765259 0.04595298320055008
v -0.025471964851021767 -0.06505098938941956 0.04689577966928482
v -0.027892744168639183 -0.06567373871803284 0.04342097043991089
v -0.026936760172247887 -0.06400588899850845 0.04470361769199371
v -0.020913518965244293 -0.06695322692394257 0.056957170367240906
v -0.021590134128928185 -0.06222490593791008 0.06363196671009064
v -0.012627938762307167 -0.06357242912054062 0.06782858818769455
v -0.0072700572200119495 -0.06320882588624954 0.07047145068645477
v -0.007601746823638678 -0.02360840141773224 0.09267757087945938
v -0.007669673766940832 -0.018707437440752983 0.08991063386201859
v -0.024292301386594772 -0.07002230733633041 0.05378039926290512
v -0.0102363470941782 -0.1443050354719162 0.001691482961177826
v -0.027119504287838936 -0.07149641960859299 0.0528278574347496
v -0.025731703266501427 -0.07367048412561417 0.04272027313709259
v -0.024822043254971504 -0.07126447558403015 0.04642627388238907
v -0.031764864921569824 -0.08284176886081696 0.04797391593456268
v -0.02668706327676773 -0.08750808984041214 0.049986936151981354
v -0.025163453072309494 -0.08302003145217896 0.05190141871571541
v -0.029338333755731583 -0.07908405363559723 0.04988484084606171
v -0.022428007796406746 -0.07705128937959671 0.054971739649772644
v -0.025348149240016937 -0.07364554703235626 0.05346991866827011
v -0.024104733020067215 -0.07264374941587448 0.05444846302270889
v -0.021205833181738853 -0.07485170662403107 0.05624689161777496
v -0.020465798676013947 -0.07312608510255814 0.056983813643455505
v -0.0232428889721632 -0.07156284153461456 0.05489145219326019
v -0.0188825111836195 -0.07068134844303131 0.05570397153496742
v -0.01388396043330431 -0.07086838781833649 0.0579032376408577
v -0.013893423601984978 -0.07331636548042297 0.05231919139623642
v -0.018894137814641 -0.0732228234410286 0.0500943548977375
v -0.023452620953321457 -0.0719066634774208 0.047351956367492676
v -0.022656716406345367 -0.06994550675153732 0.05230015516281128
v -0.019411327317357063 -0.07121827453374863 0.05668657645583153
v -0.02245466783642769 -0.07055100798606873 0.0540182963013649
v -0.0147366588935256 -0.07135424017906189 0.05947611480951309
v -0.02162277139723301 -0.1405777782201767 -0.0032949447631835938
v -0.02286476269364357 -0.07080990821123123 0.054703544825315475
v -0.019884765148162842 -0.07169829308986664 0.056876715272665024
v -0.015274403616786003 -0.07248344272375107 0.06005323678255081
v -0.015956351533532143 -0.07460056990385056 0.06024273484945297
v -0.016593152657151222 -0.07700144499540329 0.059910908341407776
v -0.017426006495952606 -0.080155149102211 0.058776140213012695
v -0.0195861104875803 -0.08782411366701126 0.05505459010601044
v -0.0206830445677042 -0.0930880680680275 0.053028106689453125
v -0.012863852083683014 -0.09042825549840927 0.05846506729722023
v -0.013630342669785023 -0.09613651782274246 0.0571395643055439
v -0.011989369988441467 -0.08198714256286621 0.06215500831604004
v -0.011610361747443676 -0.0782211571931839 0.06357520073652267
v -0.011121492832899094 -0.07541894912719727 0.06355248391628265
v -0.010625971481204033 -0.07311233878135681 0.06301286816596985
v -0.005725322291254997 -0.04426317662000656 0.07576576620340347
v -0.007759930565953255 -0.03870979696512222 0.07803799211978912
v -0.006681371945887804 -0.03855197876691818 0.08037994056940079
v -0.01000688225030899 -0.03552194684743881 0.08651074022054672
v -0.004163924138993025 -0.03935275599360466 0.08266960084438324
v -0.012717537581920624 -0.03381875157356262 0.08632449060678482
v -0.010988932102918625 -0.03451414778828621 0.08775800466537476
v -0.011673372238874435 -0.03281238675117493 0.08892355859279633
v -0.012872683815658092 -0.031968653202056885 0.08773454278707504
v -0.009393606334924698 -0.03525146096944809 0.08900773525238037
v -0.010752024129033089 -0.03313598036766052 0.09011351317167282
v -0.005243596155196428 -0.0365915484726429 0.09070145338773727
v -0.00613178126513958 -0.033389538526535034 0.09349443763494492
v -0.007273652590811253 -0.027614645659923553 0.09410640597343445
v -0.006617476232349873 -0.031120628118515015 0.0942331850528717
v -0.01204371452331543 -0.03119898959994316 0.08986283093690872
v -0.013391559012234211 -0.02905000001192093 0.0883989930152893
v -0.013834345154464245 -0.025646649301052094 0.08665122091770172
v -0.015822920948266983 -0.027393266558647156 0.08249863982200623
v -0.019103046506643295 0.11776991933584213 0.00014131702482700348
v -0.009977714158594608 -0.07163754105567932 0.06218671798706055
v -0.0087945107370615 -0.07089564204216003 0.06025813892483711
v -0.013984820805490017 -0.08106733858585358 0.043700188398361206
v -0.013748960569500923 -0.07777287811040878 0.04673511162400246
v -0.008938506245613098 -0.07793474942445755 0.048256680369377136
v -0.008904756046831608 -0.08147557824850082 0.0452774241566658
v -0.004465871024876833 -0.07065629214048386 0.06148248910903931
v -0.004621940664947033 -0.07346272468566895 0.05484800413250923
v -0.008832684718072414 -0.07334516197443008 0.05393129587173462
v -0.004970544949173927 -0.07144005596637726 0.0635385513305664
v -0.0054428838193416595 -0.07310716062784195 0.06464771926403046
v -0.005817125551402569 -0.0755777359008789 0.06557275354862213
v -0.00457936804741621 -0.07821749150753021 0.04886926710605621
v -0.00478952145203948 -0.08187487721443176 0.045890528708696365
v -0.023981517180800438 -0.07532767951488495 0.04322578012943268
v -0.024275928735733032 -0.07861024141311646 0.04043332487344742
v -0.019107265397906303 -0.07723408192396164 0.045126836746931076
v -0.01954672299325466 -0.07991617918014526 0.04254809767007828
v -0.006475177127867937 -0.09681698679924011 0.060421545058488846
v -0.005926184356212616 -0.0913735032081604 0.06103408709168434
v -0.006268623284995556 -0.07853083312511444 0.06545913219451904
v -0.006148912012577057 -0.08252795040607452 0.0640396997332573
v -0.03201068192720413 0.11294745653867722 -0.06891285628080368
v -0.0693996250629425 0.058554794639348984 0.0277926754206419
v -0.06728152930736542 0.050698865205049515 0.03393637388944626
v -0.06052384898066521 0.057186610996723175 0.04218480736017227
v -0.06304293870925903 0.06358392536640167 0.03602147847414017
v -0.07043712586164474 0.06709373742341995 0.02129409834742546
v -0.0639166608452797 0.07105503231287003 0.029833054170012474
v -0.04880858585238457 0.11175762861967087 -0.019723087549209595
v -0.04910583421587944 0.10894346237182617 -0.005899881944060326
v -0.030189068987965584 0.11497746407985687 -0.0013900548219680786
v -0.04389902204275131 0.11408599466085434 -0.03342738002538681
v -0.05626051127910614 0.10691821575164795 -0.04387684538960457
v -0.05821990594267845 0.10654798895120621 -0.024445103481411934
v -0.057832635939121246 0.10407058894634247 -0.00945400819182396
v -0.030929546803236008 -0.08603542298078537 -0.09964644908905029
v -0.06085095554590225 0.04419158026576042 -0.09948370605707169
v -0.05627138167619705 0.10104388743638992 0.0038477275520563126
v -0.048169367015361786 0.1051066517829895 0.007198769599199295
v -0.04740070179104805 0.10027335584163666 0.018666565418243408
v -0.05472607910633087 0.09710411727428436 0.014814101159572601
v -0.029744133353233337 0.11048908531665802 0.012235257774591446
v -0.0187612846493721 0.1128464788198471 0.014218883588910103
v -0.0265328511595726 0.010791133157908916 -0.11975613981485367
v -0.007324217818677425 -0.006796928122639656 0.08282728493213654
v -0.052449870854616165 -0.05293199419975281 -0.07662983238697052
v -0.06167872995138168 -0.05658413842320442 -0.0591985285282135
v -0.06212184205651283 -0.1125890240073204 -0.04400317370891571
v -0.0751827210187912 -0.036976803094148636 -0.03773295134305954
v -0.07495197653770447 -0.0361679345369339 -0.038264986127614975
v -0.06223267689347267 -0.07464727759361267 -0.04258812963962555
v -0.06420464813709259 -0.060443781316280365 -0.041425615549087524
v -0.04342564195394516 -0.049845971167087555 -0.08797800540924072
v -0.08430684357881546 -0.024275988340377808 -0.046687085181474686
v -0.08533195406198502 -0.02048148214817047 -0.047000691294670105
v -0.08549383282661438 -0.025235000997781754 -0.04654789716005325
v -0.08644605427980423 -0.02108931541442871 -0.04706556349992752
v -0.08667488396167755 -0.016659678891301155 -0.0468522384762764
v -0.08600305765867233 -0.027114195749163628 -0.04607730358839035
v -0.08498495817184448 0.007445335388183594 -0.02944161184132099
v -0.0867866575717926 0.008727083913981915 -0.02817949466407299
v -0.07432591915130615 -0.039171118289232254 -0.03382391482591629
v -0.07435597479343414 -0.0382256805896759 -0.03535208851099014
v -0.0736345425248146 -0.03867259621620178 -0.03461141139268875
v -0.07342927157878876 -0.03935624286532402 -0.03336353600025177
v -0.07394775003194809 -0.04027630761265755 -0.032371945679187775
v -0.07309940457344055 -0.04007842391729355 -0.03231625258922577
v -0.08466082811355591 0.02324105054140091 -0.01875726692378521
v -0.07158096879720688 -0.03853488713502884 -0.03551698476076126
v -0.07408764213323593 -0.03666890040040016 -0.03783293068408966
v -0.07395906746387482 -0.03747473284602165 -0.03648464381694794
v -0.07339925318956375 -0.038499850779771805 -0.03521707281470299
v -0.07263459265232086 -0.039620403200387955 -0.03333050757646561
v -0.07249808311462402 -0.04077861085534096 -0.03183677792549133
v -0.07317329943180084 -0.041595473885536194 -0.03148733451962471
v -0.08624334633350372 -0.02816072292625904 -0.04659608006477356
v -0.07852804660797119 -0.0400896780192852 -0.036848317831754684
v -0.08397521823644638 0.0019964762032032013 -0.03619382530450821
v -0.08395537734031677 0.00038378871977329254 -0.03818080574274063
v -0.08630192279815674 0.0020815422758460045 -0.03931450843811035
v -0.0862063616514206 0.003942112438380718 -0.03747497498989105
v -0.06567096710205078 -0.013095521368086338 -0.083538718521595
v -0.06827560067176819 -0.0015309406444430351 -0.08629190921783447
v -0.017518049106001854 -0.08269503712654114 -0.10392619669437408
v -0.017553502693772316 -0.06969765573740005 -0.10166744887828827
v -0.08326531201601028 0.027881596237421036 -0.06575070321559906
v -0.08396118134260178 0.003285354934632778 -0.03457413613796234
v -0.0863090306520462 0.005411478690803051 -0.03577686846256256
v -0.08570665121078491 -0.016241170465946198 -0.04662921279668808
v -0.08207560330629349 0.0031586429104208946 -0.03477800637483597
v -0.08238717913627625 0.001678108237683773 -0.036464475095272064
v -0.08759618550539017 0.007240268401801586 -0.03712856397032738
v -0.08744504302740097 0.005545352585613728 -0.03896189481019974
v -0.08779977262020111 0.0033629825338721275 -0.040827952325344086
v -0.08264677971601486 -1.3581477105617523e-05 -0.03828634321689606
v -0.08488895744085312 0.00689880084246397 -0.03520503267645836
v -0.08784689009189606 0.05450867488980293 -0.03689926117658615
v -0.0872003436088562 0.05082124099135399 -0.05163418501615524
v -0.08484826982021332 0.07180221378803253 -0.03733115270733833
v -0.08401620388031006 0.069165900349617 -0.05312170088291168
v -0.07964922487735748 0.06581208854913712 -0.06973142921924591
v -0.0826084092259407 0.046429287642240524 -0.06850609183311462
v -0.08503494411706924 0.007476328872144222 -0.02976008504629135
v -0.08780467510223389 0.009804091416299343 -0.028572216629981995
v -0.07119002938270569 0.07445377856492996 0.014980982057750225
v -0.07630978524684906 0.0704994946718216 0.007181771099567413
v -0.06432683765888214 0.07771395891904831 0.024057529866695404
v -0.06437025964260101 0.08381282538175583 0.018603969365358353
v -0.07080653309822083 0.08146940916776657 0.009342228062450886
v -0.07811468839645386 0.07640384882688522 -0.0035915039479732513
v -0.0864962711930275 0.043083906173706055 -0.024165553972125053
v -0.0859428122639656 0.05780245363712311 -0.02218746207654476
v -0.0827033668756485 0.05989445745944977 -0.008211730048060417
v -0.08260451257228851 0.07437250018119812 -0.021149564534425735
v -0.07419183850288391 0.08643706142902374 -0.008153999224305153
v -0.07800143212080002 0.08499442040920258 -0.022955862805247307
v -0.06736551225185394 0.0955771952867508 -0.010470937937498093
v -0.06969955563545227 0.09581533074378967 -0.025218868628144264
v -0.06970153003931046 0.09566884487867355 -0.041301026940345764
v -0.07981865108013153 0.08331351727247238 -0.03854629769921303
v -0.0691540315747261 0.08781611919403076 0.004369296133518219
v -0.06293946504592896 0.08931440114974976 0.014257099479436874
v -0.06428243964910507 0.09476429969072342 0.002105792984366417
v -0.06082599610090256 0.09398898482322693 0.010562127456068993
v -0.08050794899463654 0.06063580513000488 -0.0007559359073638916
v -0.06793355941772461 -0.04546062648296356 -0.03202495723962784
v -0.06988513469696045 -0.046612948179244995 -0.027011334896087646
v -0.07446619868278503 -0.03703693300485611 -0.01750658079981804
v -0.07242663204669952 -0.01673196256160736 0.02186090312898159
v -0.0732526108622551 -0.004055467434227467 0.021113678812980652
v -0.07681666314601898 -0.010610763914883137 0.00961340218782425
v -0.07435889542102814 -0.02555067650973797 0.009167717769742012
v -0.0719921812415123 0.009581126272678375 0.021189194172620773
v -0.07654926180839539 0.003553084097802639 0.010224671103060246
v -0.07687164843082428 0.017961405217647552 0.010129661299288273
v -0.07232296466827393 0.023663517087697983 0.022672666236758232
v -0.07102334499359131 0.06299885362386703 -0.08551296591758728
v -0.07283993810415268 0.04599887505173683 -0.08645766973495483
v -0.07302790135145187 0.03298802673816681 -0.0870903804898262
v -0.05251241847872734 0.03638951852917671 0.055421359837055206
v -0.031050879508256912 0.08838341385126114 -0.10167544335126877
v -0.0526856891810894 0.060655198991298676 0.049562644213438034
v -0.06362524628639221 0.08356775343418121 -0.08204473555088043
v -0.05077570676803589 0.09098602831363678 -0.08761858195066452
v -0.0791940912604332 0.08088719844818115 -0.054124072194099426
v -0.07606419920921326 0.07788561284542084 -0.06817398965358734
v -0.0681607574224472 0.07408799231052399 -0.08388890326023102
v -0.07171697169542313 0.01661326177418232 -0.0881994217634201
v -0.05505968630313873 0.09207718819379807 0.021383579820394516
v -0.059635549783706665 0.005000964738428593 0.04454963654279709
v -0.05889435485005379 0.0009646909311413765 0.043301086872816086
v -0.05993390828371048 0.009026629850268364 0.0466330423951149
v -0.05745862424373627 -0.003634033724665642 0.04460309445858002
v -0.019001780077815056 -0.010951250791549683 0.06684671342372894
v -0.01847926527261734 -0.012971358373761177 0.06867209076881409
v -0.018277708441019058 -0.015841273590922356 0.07015643268823624
v -0.021683640778064728 -0.015585441142320633 0.0660884827375412
v -0.021164599806070328 -0.018828213214874268 0.06743565946817398
v -0.015010307542979717 -0.016126161441206932 0.07589221745729446
v -0.01550370454788208 -0.013199788518249989 0.07352131605148315
v -0.017535608261823654 -0.018538493663072586 0.07186810672283173
v -0.017188746482133865 -0.02199639566242695 0.07315107434988022
v -0.015057021751999855 -0.019561488181352615 0.07741478085517883
v -0.021024055778980255 -0.03412413224577904 0.06694310158491135
v -0.022121764719486237 -0.029188122600317 0.06649137288331985
v -0.019656650722026825 -0.025173284113407135 0.0692138746380806
v -0.024663619697093964 -0.021740194410085678 0.06554266065359116
v -0.023505043238401413 -0.025258945301175117 0.06630297005176544
v -0.020310569554567337 -0.021763451397418976 0.06849584728479385
v -0.02564874291419983 -0.01811116933822632 0.06414827704429626
v -0.01797538995742798 -0.02584145963191986 0.07472525537014008
v -0.018583253026008606 -0.029468635097146034 0.07726287841796875
v -0.015289162285625935 -0.023500649258494377 0.0798526480793953
v -0.013623126782476902 -0.021911993622779846 0.08381137996912003
v -0.013325374573469162 -0.017808880656957626 0.08138224482536316
v -0.022433793172240257 -0.013329457491636276 0.06451709568500519
v -0.0270148366689682 -0.01548620592802763 0.06300221383571625
v -0.02705184742808342 -0.02902662381529808 0.06514692306518555
v -0.03146674856543541 -0.03302621468901634 0.06428591907024384
v -0.029101306572556496 -0.02455737069249153 0.06428639590740204
v -0.03327973932027817 -0.027823925018310547 0.06352215260267258
v -0.030231129378080368 -0.020496096462011337 0.06316947191953659
v -0.034633129835128784 -0.023448731750249863 0.062326058745384216
v -0.035347845405340195 -0.03789283335208893 0.06295003741979599
v -0.03875141590833664 -0.04267275333404541 0.06082667410373688
v -0.041607823222875595 -0.04898710548877716 0.05753731727600098
v -0.04174138605594635 -0.037094637751579285 0.060336943715810776
v -0.04519190266728401 -0.04323073476552963 0.05687577277421951
v -0.04375627636909485 -0.030982933938503265 0.059505313634872437
v -0.0479387529194355 -0.03714809566736221 0.05604759603738785
v -0.037769392132759094 -0.03186684474349022 0.06232646852731705
v -0.0394626185297966 -0.027022384107112885 0.06118165701627731
v -0.035859059542417526 -0.0191228985786438 0.061068519949913025
v -0.03157126531004906 -0.0169987753033638 0.0620601549744606
v -0.045007605105638504 -0.01882394775748253 0.05771465599536896
v -0.04470793902873993 -0.02490049973130226 0.058670610189437866
v -0.040340177714824677 -0.02184586599469185 0.059943363070487976
v -0.04094522446393967 -0.016820885241031647 0.05873224139213562
v -0.04966708645224571 -0.029330870136618614 0.05576092004776001
v -0.049546018242836 -0.02117367461323738 0.05593814700841904
v -0.048878710716962814 -0.015608884394168854 0.05529745668172836
v -0.03535965085029602 -0.007883911021053791 0.05876610428094864
v -0.03048124350607395 -0.007026330102235079 0.059609875082969666
v -0.038860443979501724 -0.00840245746076107 0.05775534361600876
v -0.04480796679854393 -0.01428985595703125 0.05680539458990097
v -0.04137998819351196 -0.013353971764445305 0.05787268280982971
v -0.05316866934299469 -0.008487492799758911 0.05000361055135727
v -0.050740767270326614 -0.009064100682735443 0.05198526382446289
v -0.044746749103069305 -0.008922419510781765 0.05535244941711426
v -0.04192802309989929 -0.00875353254377842 0.05656368285417557
v -0.04782000556588173 -0.008996747434139252 0.053751152008771896
v -0.025862831622362137 -0.005311345681548119 0.05991635471582413
v -0.02124825119972229 -0.003128116950392723 0.06023455411195755
v -0.05973539873957634 -0.07010532170534134 -0.058474231511354446
v -0.012833008542656898 -0.014129546470940113 0.07966817170381546
v -0.012890588492155075 -0.010848820209503174 0.07737769186496735
v -0.018124962225556374 0.013094666413962841 0.06351234018802643
v -0.015873823314905167 0.010781348682940006 0.06275051832199097
v -0.010644432157278061 0.010120370425283909 0.07034972310066223
v -0.021845834329724312 0.015792779624462128 0.06634553521871567
v -0.018059665337204933 -0.0004045916721224785 0.06054898351430893
v -0.016182590276002884 0.0021299831569194794 0.06069708615541458
v -0.015118150971829891 0.004949243739247322 0.06102067232131958
v -0.014762679114937782 0.008044023998081684 0.06171915680170059
v -0.03384985774755478 0.025789588689804077 0.07038835436105728
v -0.03010241687297821 0.020059052854776382 0.07086160778999329
v -0.06307391077280045 0.04329629987478256 0.04159926995635033
v -0.0664309486746788 0.03523910045623779 0.03617001324892044
v -0.055127423256635666 0.021608946844935417 0.05641629546880722
v -0.05804586410522461 0.01788514479994774 0.05274297297000885
v -0.059670478105545044 0.013393535278737545 0.04925913363695145
v -0.06790043413639069 0.024088969454169273 0.0314074382185936
v -0.06847148388624191 0.012107547372579575 0.029050452634692192
v -0.06974803656339645 0.0006257826462388039 0.028523322194814682
v -0.055620186030864716 0.07423859089612961 0.03835674002766609
v -0.05575927346944809 0.08065515011548996 0.03291279822587967
v -0.05484587699174881 0.06746838986873627 0.04397469758987427
v -0.0468568429350853 0.09488014876842499 0.02698931097984314
v -0.04671438783407211 0.08934147655963898 0.034166619181632996
v -0.05561485514044762 0.08662723004817963 0.027335118502378464
v -0.0469413660466671 0.08331480622291565 0.04008682817220688
v -0.04701203852891922 0.07694535702466965 0.045389678329229355
v -0.046203117817640305 0.07029292732477188 0.050910867750644684
v -0.04455443471670151 0.06331128627061844 0.05636803060770035
v -0.04232614487409592 0.05459015816450119 0.06086146831512451
v -0.05143760144710541 -0.0661003515124321 -0.07660005241632462
v -0.009792879223823547 -0.027506716549396515 0.07483449578285217
v -0.009352191351354122 -0.027644865214824677 0.07529804855585098
v -0.009543798863887787 -0.02748446725308895 0.07465766370296478
v -0.009039750322699547 -0.027617493644356728 0.07519339770078659
v -0.009445128962397575 -0.02797238901257515 0.07512315362691879
v -0.009220683947205544 -0.03610878810286522 0.07623423635959625
v -0.008366279304027557 -0.033869948238134384 0.0757007896900177
v -0.008822524920105934 -0.03032957948744297 0.07562774419784546
v -0.07356874644756317 -0.04335411638021469 -0.020604973658919334
v -0.060904499143362045 -0.10583516955375671 -0.058439116925001144
v -0.05728323385119438 -0.10009844601154327 -0.07155535370111465
v 0.05618739873170853 -0.10064435005187988 -0.05899088829755783
v 0.051789291203022 -0.0953037440776825 -0.07208392769098282
v 0.022194471210241318 -0.14342984557151794 -0.006261967122554779
v 0.03442845866084099 -0.13780668377876282 -0.012406028807163239
v 0.03544475510716438 -0.14579090476036072 -0.014776010066270828
v 0.022809898480772972 -0.15072473883628845 -0.008857842534780502
v 0.05999146029353142 -0.11761404573917389 -0.06698805093765259
v 0.057581376284360886 -0.10948184132575989 -0.061615318059921265
v 0.05346078425645828 -0.10393042117357254 -0.07578776776790619
v 0.056845150887966156 -0.11175462603569031 -0.08213595300912857
v 0.045968472957611084 -0.1002340316772461 -0.08814162015914917
v 0.04933848977088928 -0.10883163660764694 -0.09527458250522614
v 0.03835703805088997 -0.10797061771154404 -0.10527868568897247
v 0.035838112235069275 -0.09772676974534988 -0.09773311018943787
v 0.023628339171409607 -0.09631245583295822 -0.1047167181968689
v 0.025455806404352188 -0.10785823315382004 -0.11168166995048523
v 0.04607512056827545 -0.13063429296016693 -0.021298261359333992
v 0.0548924095928669 -0.12270881235599518 -0.0330805703997612
v 0.05632408335804939 -0.13164696097373962 -0.03652948886156082
v 0.0471898689866066 -0.13910439610481262 -0.02419348619878292
v 0.05900276079773903 -0.11553803831338882 -0.046578601002693176
v 0.06042889505624771 -0.12424247711896896 -0.05129171907901764
v 0.011331663466989994 -0.10799477994441986 -0.11473071575164795
v 0.010091234929859638 -0.09532397240400314 -0.10798408836126328
v 0.02486354298889637 -0.16899751126766205 -0.014384638518095016
v 0.011326570063829422 -0.17178428173065186 -0.013122709468007088
v 0.011386049911379814 -0.16230128705501556 -0.008928205817937851
v 0.02386377565562725 -0.1595756560564041 -0.011561272665858269
v 0.05592021718621254 -0.16756319999694824 -0.0350775308907032
v 0.06953069567680359 -0.1580728441476822 -0.047833867371082306
v 0.07637140899896622 -0.16697607934474945 -0.04585652053356171
v 0.06053797900676727 -0.1777261644601822 -0.033689018338918686
v 0.09809587150812149 -0.16160359978675842 -0.05786917358636856
v 0.10693307965993881 -0.14666962623596191 -0.07833004742860794
v 0.04018333554267883 -0.17424680292606354 -0.024044662714004517
v 0.04279729351401329 -0.1844281405210495 -0.022463886067271233
v -0.002911303425207734 -0.11990024149417877 -0.12388654053211212
v -0.003241400234401226 -0.10831152647733688 -0.11505570262670517
v 0.09656967967748642 -0.14128601551055908 -0.08014923334121704
v 0.09532546252012253 -0.13376298546791077 -0.10378669947385788
v 0.10804629325866699 -0.13921430706977844 -0.10303840786218643
v 0.05358476564288139 -0.15062128007411957 -0.1461462676525116
v 0.05406319722533226 -0.15704025328159332 -0.1500236839056015
v 0.06928133219480515 -0.15207388997077942 -0.147136852145195
v 0.06480725854635239 -0.14643877744674683 -0.1425030529499054
v 0.07371852546930313 -0.12331826239824295 -0.09679637849330902
v 0.06239575147628784 -0.12204697728157043 -0.11210138350725174
v 0.07087991386651993 -0.12845274806022644 -0.11861715465784073
v 0.0843234732747078 -0.12827068567276 -0.10177526623010635
v 0.035748325288295746 -0.13645948469638824 -0.13665388524532318
v 0.05385999754071236 -0.13169659674167633 -0.12967661023139954
v 0.04766782373189926 -0.12488152086734772 -0.12322749197483063
v 0.03134502097964287 -0.12709258496761322 -0.12956872582435608
v 0.08662137389183044 -0.1365654021501541 -0.08005693554878235
v 0.07599574327468872 -0.13160282373428345 -0.07751712203025818
v 0.07942072302103043 -0.1479545682668686 -0.06294256448745728
v 0.07095306366682053 -0.14126423001289368 -0.06106734275817871
v 0.06349823623895645 -0.14991682767868042 -0.045986294746398926
v 0.05511268228292465 -0.11612636595964432 -0.10377402603626251
v 0.04248574376106262 -0.11671589314937592 -0.11415319889783859
v 0.027874695137143135 -0.11799757182598114 -0.12073659896850586
v 0.012544180266559124 -0.11917401850223541 -0.1235547736287117
v -0.0008482667617499828 -0.1653328388929367 -0.14965346455574036
v -0.0013296082615852356 -0.1534442901611328 -0.14570744335651398
v 0.01663321815431118 -0.13939081132411957 -0.13877885043621063
v 0.014596108347177505 -0.12936563789844513 -0.13220897316932678
v 0.08830773830413818 -0.1543281078338623 -0.061984844505786896
v 0.06422178447246552 -0.13314540684223175 -0.05701279640197754
v 0.05922779068350792 -0.14086109399795532 -0.04146157577633858
v 0.06723645329475403 -0.18602214753627777 -0.02437300607562065
v 0.08538533002138138 -0.17636464536190033 -0.039378635585308075
v 0.0472107008099556 -0.1931397020816803 -0.013692798092961311
v 0.029091298580169678 -0.19866663217544556 -0.007377631962299347
v 0.018626708537340164 -0.15170232951641083 -0.1444920003414154
v 0.018351538106799126 -0.1633005440235138 -0.14880207180976868
v 0.03807027265429497 -0.15961965918540955 -0.14929991960525513
v 0.04126124083995819 -0.14746975898742676 -0.14395606517791748
v 0.05229035019874573 -0.15805408358573914 -0.03224308416247368
v 0.0388362742960453 -0.16464032232761383 -0.02113092690706253
v 0.025256754830479622 -0.17858299612998962 -0.016295969486236572
v 0.06366251409053802 -0.11830871552228928 -0.08933927118778229
v 0.06597092747688293 -0.12512749433517456 -0.07277009636163712
v 0.049573421478271484 -0.14813706278800964 -0.028321752324700356
v 0.036881595849990845 -0.15493838489055634 -0.018311547115445137
v 0.010879762470722198 -0.15411967039108276 -0.0049928296357393265
v 0.026598770171403885 -0.18874616920948029 -0.014197207987308502
v 0.09689804911613464 -0.14049507677555084 -0.12512516975402832
v 0.0836961641907692 -0.14624640345573425 -0.13929083943367004
v 0.07632113248109818 -0.1430387794971466 -0.13697022199630737
v -0.0021787879522889853 -0.14080442488193512 -0.1399766504764557
v -0.00016845925711095333 -0.1633394956588745 -0.008410502225160599
v -0.0003866336774080992 -0.1727174073457718 -0.012730946764349937
v 0.00025593582540750504 -0.15535590052604675 -0.0035158712416887283
v 0.08073367178440094 -0.1359218806028366 -0.12584786117076874
v 0.06009539216756821 -0.13986629247665405 -0.13667626678943634
v 0.0002743923105299473 -0.14936301112174988 0.000525815412402153
v -0.003762988606467843 -0.09515254944562912 -0.1086176335811615
v -0.00025624665431678295 -0.18347492814064026 -0.016781652346253395
v 0.00029586581513285637 -0.19576500356197357 -0.015600403770804405
v 0.0010610134340822697 -0.20631757378578186 -0.007619481533765793
v 0.011064587160944939 -0.14772063493728638 -0.0015014242380857468
v 0.012923913076519966 -0.19308465719223022 -0.014144552871584892
v 0.01186995767056942 -0.1818290799856186 -0.015696212649345398
v 0.014434203505516052 -0.20381544530391693 -0.007125070318579674
v -0.002438791561871767 -0.1303052008152008 -0.13287408649921417
v -0.02150997892022133 -0.14555448293685913 -0.005961436778306961
v -0.03408743068575859 -0.14084352552890778 -0.012172147631645203
v -0.034957658499479294 -0.14866626262664795 -0.014581242576241493
v -0.022084906697273254 -0.15257468819618225 -0.008711384609341621
v -0.06368248164653778 -0.12299741059541702 -0.06653116643428802
v -0.0618637315928936 -0.1148558035492897 -0.06114957481622696
v -0.05856657773256302 -0.10881216078996658 -0.0753115713596344
v -0.06158122420310974 -0.11665073037147522 -0.08164671063423157
v -0.052001211792230606 -0.10439225286245346 -0.08768948912620544
v -0.05480111017823219 -0.11303186416625977 -0.09481560438871384
v -0.044138457626104355 -0.11127523332834244 -0.10496266186237335
v -0.04234863072633743 -0.1010252982378006 -0.09733539819717407
v -0.030442310497164726 -0.09858819842338562 -0.10448835790157318
v -0.03144266456365585 -0.11015558242797852 -0.11149795353412628
v -0.04676644131541252 -0.1348147988319397 -0.020838653668761253
v -0.056537751108407974 -0.12793339788913727 -0.032581232488155365
v -0.05733850598335266 -0.13646575808525085 -0.03590422123670578
v -0.04753439873456955 -0.14307215809822083 -0.023732181638479233
v -0.06230415031313896 -0.121326744556427 -0.04608038812875748
v -0.06292961537837982 -0.12994138896465302 -0.050795555114746094
v -0.017478881403803825 -0.1092049777507782 -0.11459267884492874
v -0.017316220328211784 -0.09652535617351532 -0.1078202873468399
v -0.02470671758055687 -0.17082084715366364 -0.014248250052332878
v -0.01153278723359108 -0.17263522744178772 -0.013110961765050888
v -0.011081423610448837 -0.163009911775589 -0.009002644568681717
v -0.023576829582452774 -0.16127142310142517 -0.011535031720995903
v -0.05475286394357681 -0.17246900498867035 -0.03561307117342949
v -0.06924911588430405 -0.16387806832790375 -0.04804648458957672
v -0.0754622370004654 -0.17309628427028656 -0.046066489070653915
v -0.05921180918812752 -0.18263719975948334 -0.03362712264060974
v -0.09762448072433472 -0.16940267384052277 -0.05784160643815994
v -0.10796180367469788 -0.15500207245349884 -0.07795239239931107
v -0.039567310363054276 -0.17758356034755707 -0.0238940492272377
v -0.04184988513588905 -0.18815107643604279 -0.02214479260146618
v -0.09828661382198334 -0.1487729549407959 -0.07978488504886627
v -0.09827741235494614 -0.14097373187541962 -0.10321933031082153
v -0.11037405580282211 -0.14733965694904327 -0.10251062363386154
v -0.0563686341047287 -0.15465113520622253 -0.1460316777229309
v -0.05647282302379608 -0.1610330045223236 -0.14990951120853424
v -0.07170720398426056 -0.15715503692626953 -0.14697487652301788
v -0.06774808466434479 -0.1513051688671112 -0.14224329590797424
v -0.07779579609632492 -0.12895508110523224 -0.09612525254487991
v -0.06691675633192062 -0.1275184601545334 -0.11166615784168243
v -0.07482270896434784 -0.13401633501052856 -0.1180628091096878
v -0.08778059482574463 -0.1347600519657135 -0.1011306643486023
v -0.03962784260511398 -0.13933299481868744 -0.13649427890777588
v -0.05788750201463699 -0.1357680857181549 -0.1293061226606369
v -0.05221397057175636 -0.12767329812049866 -0.12245173007249832
v -0.03583386912941933 -0.12967316806316376 -0.12928518652915955
v -0.0888589471578598 -0.14329470694065094 -0.07951080799102783
v -0.0784377008676529 -0.13753795623779297 -0.07684334367513657
v -0.08044072985649109 -0.1543133705854416 -0.06266224384307861
v -0.07230667024850845 -0.14715415239334106 -0.06087609380483627
v -0.06371390074491501 -0.15523408353328705 -0.04602595418691635
v -0.05997227132320404 -0.1205589696764946 -0.10330256819725037
v -0.04765336215496063 -0.12018802016973495 -0.11379490792751312
v -0.033215273171663284 -0.12036183476448059 -0.12040609866380692
v -0.017818059772253036 -0.12149930745363235 -0.12374132871627808
v -0.020721249282360077 -0.1415901780128479 -0.13887834548950195
v -0.020004691556096077 -0.12875255942344666 -0.13191471993923187
v -0.08865327388048172 -0.16137783229351044 -0.06188676878809929
v -0.06591721624135971 -0.1388273388147354 -0.05673334002494812
v -0.05997264385223389 -0.14575374126434326 -0.04110526293516159
v -0.06551341712474823 -0.19177167117595673 -0.023848438635468483
v -0.08389254659414291 -0.18312327563762665 -0.0391588918864727
v -0.04566679894924164 -0.19724500179290771 -0.012951076030731201
v -0.0274701826274395 -0.20093120634555817 -0.006505277007818222
v -0.021916914731264114 -0.15304452180862427 -0.1444711834192276
v -0.020446043461561203 -0.16464971005916595 -0.14868542551994324
v -0.03990182653069496 -0.16271506249904633 -0.14929473400115967
v -0.04429025202989578 -0.15069404244422913 -0.1438380777835846
v -0.051901835948228836 -0.1623571664094925 -0.03240715712308884
v -0.038575153797864914 -0.16769705712795258 -0.02077046036720276
v -0.025058262050151825 -0.1808851808309555 -0.01642470434308052
v -0.06801361590623856 -0.12343991547822952 -0.08881117403507233
v -0.06917637586593628 -0.13065245747566223 -0.07232016324996948
v -0.0498175323009491 -0.1521669626235962 -0.027960505336523056
v -0.03666580468416214 -0.15782538056373596 -0.018051592633128166
v -0.010787810198962688 -0.15496650338172913 -0.005041837692260742
v -0.026008812710642815 -0.19090799987316132 -0.013591628521680832
v -0.09947015345096588 -0.14798173308372498 -0.12442927807569504
v -0.08628380298614502 -0.15260815620422363 -0.13879629969596863
v -0.07924522459506989 -0.14885687828063965 -0.13646051287651062
v -0.08399838209152222 -0.1421409547328949 -0.125336691737175
v -0.06340304017066956 -0.1445518583059311 -0.13635481894016266
v -0.010388392955064774 -0.14865615963935852 -0.0014389380812644958
v -0.012183470651507378 -0.19426997005939484 -0.013805052265524864
v -0.011859743855893612 -0.1831342875957489 -0.015937305986881256
v -0.01223517581820488 -0.20466166734695435 -0.006589595228433609
v -0.009867670014500618 -0.027919424697756767 0.07476132363080978
v -0.07181691378355026 -0.04852946847677231 0.0007774308323860168
v -0.07097134739160538 -0.054911334067583084 -0.00791247934103012
v -0.06650866568088531 -0.0672299936413765 -0.002728613093495369
v -0.06797496229410172 -0.060080304741859436 0.006371714174747467
v -0.06035728007555008 -0.07833468168973923 0.002951238304376602
v -0.06386778503656387 -0.06944821029901505 0.010665114969015121
v -0.053681325167417526 -0.08796222507953644 0.010082036256790161
v -0.058734480291604996 -0.07838616520166397 0.015872348099946976
v -0.048802681267261505 -0.09557051211595535 0.018528275191783905
v -0.05375518649816513 -0.08546498417854309 0.022616412490606308
v -0.033510420471429825 -0.10439293086528778 0.0373191237449646
v -0.03146333619952202 -0.1089765876531601 0.03319629654288292
v -0.024011358618736267 -0.11334960162639618 0.03938385844230652
v -0.024807702749967575 -0.11028865724802017 0.04412440210580826
v -0.015950294211506844 -0.1170380711555481 0.045011162757873535
v -0.016843663528561592 -0.11425803601741791 0.0498473085463047
v -0.00745379738509655 -0.11855470389127731 0.04833443462848663
v -0.007751309312880039 -0.11605215072631836 0.053576938807964325
v 0.0024280757643282413 -0.11862891912460327 0.05014471709728241
v 0.0023182271979749203 -0.11574003100395203 0.055473729968070984
v 0.0019113845191895962 -0.10662507265806198 0.06106860935688019
v -0.007270797621458769 -0.10756640136241913 0.059897374361753464
v -0.007539884187281132 -0.11215437948703766 0.05749598890542984
v 0.0021583791822195053 -0.11207378655672073 0.05870174989104271
v -0.015227044001221657 -0.1062171533703804 0.05624059587717056
v -0.016524627804756165 -0.1106952652335167 0.0536227747797966
v -0.022547442466020584 -0.10246749967336655 0.050998687744140625
v -0.024218952283263206 -0.10673361271619797 0.04817318171262741
v -0.03053225204348564 -0.09659461677074432 0.04528458043932915
v -0.03238270804286003 -0.10073301941156387 0.04184697940945625
v -0.03710467740893364 -0.09043379127979279 0.042630985379219055
v -0.040579214692115784 -0.09206812083721161 0.03829826042056084
v -0.006772243417799473 -0.119845911860466 0.04157739505171776
v 0.0023678552825003862 -0.11984466761350632 0.0435708686709404
v -0.014729458838701248 -0.11846623569726944 0.038607157766819
v -0.022268639877438545 -0.11539167910814285 0.033783018589019775
v -0.028814001008868217 -0.11229244619607925 0.02803467959165573
v -0.04222783446311951 -0.10170473158359528 0.02673196792602539
v -0.03613616153597832 -0.10858255624771118 0.021743619814515114
v -0.04403549060225487 -0.10228796303272247 0.014937717467546463
v -0.04930708929896355 -0.09452667087316513 0.005706453695893288
v -0.05716720595955849 -0.08389411121606827 -0.0032037347555160522
v -0.06494353711605072 -0.07126062363386154 -0.010616637766361237
v -0.06976377218961716 -0.058241233229637146 -0.015967054292559624
v -0.07278752326965332 -0.046350713819265366 -0.011619921773672104
v -0.013927046209573746 -0.10185191035270691 0.057374246418476105
v -0.006800020579248667 -0.10237886756658554 0.06057704985141754
v -0.020525000989437103 -0.09866305440664291 0.05289222300052643
v -0.02821912057697773 -0.09248080104589462 0.047937944531440735
v -0.03454241529107094 -0.08680786937475204 0.045711223036050797
v -0.04030004143714905 -0.07240032404661179 0.048526063561439514
v -0.038665059953927994 -0.07957042753696442 0.04642865061759949
v -0.03940427675843239 -0.0590750053524971 0.05457906424999237
v -0.03995777294039726 -0.06552883982658386 0.05155947431921959
v -0.047706276178359985 -0.05153447389602661 0.05186539888381958
v -0.04908023029565811 -0.06072892248630524 0.04643476381897926
v -0.04455529525876045 -0.06444548815488815 0.04904975742101669
v -0.0437043160200119 -0.055999454110860825 0.05334992706775665
v -0.05118606239557266 -0.044758591800928116 0.050507351756095886
v -0.05330431088805199 -0.05564446002244949 0.04387546330690384
v -0.006034012418240309 -0.1211341917514801 0.03603430837392807
v 0.0023028957657516003 -0.12127144634723663 0.037001337856054306
v -0.013064926490187645 -0.12022238224744797 0.03308920934796333
v -0.019528184086084366 -0.11827047169208527 0.02873639017343521
v -0.024556942284107208 -0.11653155833482742 0.023387737572193146
v -0.030187206342816353 -0.11439730226993561 0.017418552190065384
v -0.036665357649326324 -0.11043620109558105 0.010586703196167946
v -0.044369809329509735 -0.10326774418354034 0.0015955325216054916
v -0.05340072512626648 -0.09164498001337051 -0.008755650371313095
v -0.06279554963111877 -0.07545968145132065 -0.01723501645028591
v -0.0671447366476059 -0.06136360019445419 -0.023040682077407837
v -0.022144978865981102 -0.1222953125834465 0.013333725742995739
v -0.01731741428375244 -0.12259039282798767 0.01806802675127983
v -0.013073714450001717 -0.12344040721654892 0.021541861817240715
v -0.009478548541665077 -0.12357411533594131 0.024926533922553062
v -0.004595446866005659 -0.12479127198457718 0.02458958514034748
v 0.0021888893097639084 -0.1255486011505127 0.024647030979394913
v -0.0043746293522417545 -0.12615513801574707 0.01925269328057766
v 0.002088475739583373 -0.12688706815242767 0.019539671018719673
v -0.007262198720127344 -0.12813061475753784 0.016161512583494186
v 0.0018876504618674517 -0.12883344292640686 0.016984952613711357
v -0.00996673945337534 -0.13053634762763977 0.013477862812578678
v 0.0015497163403779268 -0.1323135495185852 0.014276168309152126
v -0.04208160936832428 -0.08261039853096008 0.04283282905817032
v -0.04652150720357895 -0.0818173736333847 0.03849836438894272
v -0.04907038062810898 -0.07104474306106567 0.04159471020102501
v -0.05380554124712944 -0.06699147075414658 0.037867628037929535
v -0.05164065957069397 -0.07926804572343826 0.033411022275686264
v -0.04446455463767052 -0.07374706864356995 0.045035265386104584
v -0.05727721005678177 -0.07400135695934296 0.027410432696342468
v -0.05861235037446022 -0.06136550381779671 0.0335768461227417
v -0.057438939809799194 -0.048826731741428375 0.04157406836748123
v -0.06221415847539902 -0.05449938774108887 0.030092185363173485
v -0.06167171895503998 -0.06706014275550842 0.022000014781951904
v -0.06118113547563553 -0.043779417872428894 0.038290366530418396
v -0.06415022909641266 -0.038679614663124084 0.03522435203194618
v -0.06490100175142288 -0.048798590898513794 0.026768984273076057
v -0.0650695189833641 -0.05931936949491501 0.01857653073966503
v -0.04614431783556938 -0.09282385557889938 0.0305821280926466
v -0.06805144250392914 -0.05212050676345825 0.014619134366512299
v -0.06661535799503326 -0.03387823328375816 0.03143291920423508
v -0.06730528175830841 -0.04253532737493515 0.0232747383415699
v -0.06926895678043365 -0.027428068220615387 0.026649318635463715
v -0.07050308585166931 -0.03531329706311226 0.016943473368883133
v -0.07168705016374588 -0.042632028460502625 0.008216683752834797
v -0.07426440715789795 -0.03870505467057228 -0.006367160007357597
v 0.0015430822968482971 -0.10149127244949341 0.061930350959300995
v -0.06817234307527542 -0.043547000735998154 -0.03606652840971947
v -0.024477247148752213 -0.04975317046046257 0.06421934068202972
v -0.019185611978173256 -0.047775547951459885 0.06794631481170654
v -0.014158686622977257 -0.04714994877576828 0.07140151411294937
v -0.009936707094311714 -0.047070056200027466 0.07386745512485504
v -0.005911730229854584 -0.04711729288101196 0.07517414540052414
v 0.0008910936303436756 -0.14115580916404724 0.007816625759005547
v -0.004283023998141289 0.021661091595888138 0.0753253772854805
v 0.001084701856598258 -0.13565278053283691 0.011938538402318954
v 0.0001946010161191225 -0.08181720227003098 0.04612655192613602
v -0.008519700728356838 0.11406582593917847 0.015232611447572708
v 0.0012456707190722227 -0.09631650894880295 0.062341563403606415
v 0.00020329398103058338 -0.07791431248188019 0.04941704496741295
v -0.002851931843906641 -0.018257897347211838 0.09203650057315826
v 0.001032352214679122 -0.09176347404718399 0.0622204951941967
v 0.0005940168630331755 -0.07899539172649384 0.06627283990383148
v 0.0004063404630869627 -0.07277041673660278 0.06501007080078125
v -0.005668970290571451 0.05740013346076012 0.0706343874335289
v 0.00048621557652950287 -0.07532121241092682 0.06617297977209091
v -0.0024923118762671947 -0.04467562213540077 0.07604451477527618
v -0.002659040503203869 -0.02303174138069153 0.09463947266340256
v 0.00029002595692873 -0.0710441991686821 0.06360091269016266
v -0.0055276574566960335 -0.04428466781973839 -0.10255054384469986
v 0.0007472273427993059 -0.0833892971277237 0.06479523330926895
v 3.965245559811592e-05 -0.07334081828594208 0.05517145246267319
v 0.00012667407281696796 -0.07028530538082123 0.06181624159216881
v -0.0015061695594340563 -0.061267390847206116 0.05411960929632187
v -0.0022141216322779655 -0.047882966697216034 0.07518195360898972
v -0.003481067717075348 0.001123235560953617 0.08016499131917953
v -0.006941194646060467 -0.0027147550135850906 -0.11904330551624298
v -0.0034899814054369926 -0.00211127195507288 0.08225319534540176
v -0.007059901021420956 0.08282224833965302 0.058203354477882385
v -0.006180654279887676 0.06769096106290817 0.06731952726840973
v -0.003118922933936119 -0.013550905510783195 0.0893254280090332
v -0.008527051657438278 0.06149118393659592 -0.12014204263687134
v -0.008866729214787483 0.07744821906089783 -0.11404027789831161
v -0.005071042105555534 0.03975260257720947 0.07360164076089859
v -0.009259100072085857 0.12176036834716797 -0.046243518590927124
v -0.002507732016965747 -0.027375463396310806 0.09607736766338348
v -0.0026175363454967737 -0.039760440587997437 0.08256113529205322
v -0.007968713529407978 0.10245873779058456 0.037461429834365845
v -0.007709378842264414 0.026946064084768295 -0.12407071888446808
v -0.009399525821208954 0.11615777015686035 -0.07176689803600311
v -0.0013931298162788153 -0.06531037390232086 0.06892804801464081
v -0.008252104744315147 0.10851626098155975 0.026977594941854477
v -0.0012934408150613308 -0.06607089191675186 0.0657246857881546
v -0.0024588608648627996 -0.03726602718234062 0.09119128435850143
v -0.007299886085093021 0.01070265844464302 -0.1228075698018074
v -0.008032994344830513 0.04088379442691803 -0.12337683141231537
v -0.0019525818061083555 -0.05530158057808876 0.0739029124379158
v -0.002103372709825635 -0.05082813277840614 0.07457170635461807
v -0.009356687776744366 0.119932159781456 -0.05927643924951553
v -0.00439144391566515 0.027056284248828888 0.0754847601056099
v -0.0017921226099133492 -0.05844239890575409 0.07383303344249725
v -0.0038157992530614138 0.01016957312822342 0.07517567276954651
v -0.0016325460746884346 -0.06114654988050461 0.07329731434583664
v 0.0006035305559635162 -0.14533139765262604 0.003828326240181923
v -0.009231965988874435 0.09936192631721497 -0.0969434455037117
v -0.0015399754047393799 -0.06328701227903366 0.07138979434967041
v -0.0013839234597980976 -0.06438025832176208 0.059932176023721695
v -0.0032165965531021357 -0.009223523549735546 0.08673044294118881
v -0.0014370097778737545 -0.06296665966510773 0.0568699948489666
v -0.005369788035750389 0.047554999589920044 0.0721198171377182
v -0.0026254430413246155 -0.04189686477184296 0.07800143212080002
v -0.002603517845273018 -0.04136812314391136 0.078835129737854
v -0.003824797458946705 0.007797497324645519 0.07602304220199585
v -0.0067337993532419205 0.075820192694664 0.0630120187997818
v -0.003779854392632842 0.012449631467461586 0.07502925395965576
v -0.0025354402605444193 -0.04264950007200241 0.0771789699792862
v -0.009120010770857334 0.09110210835933685 -0.10499826818704605
v -0.00915518682450056 0.12372811883687973 -0.028523053973913193
v -0.009020430967211723 0.12272176891565323 -0.015476716682314873
v -0.0036800361704081297 0.004381084814667702 0.0780649185180664
v -0.0033089942298829556 -0.005372289568185806 0.08428198099136353
v -0.005131277721375227 -0.05413540452718735 -0.10243212431669235
v -0.0023799242917448282 -0.034119732677936554 0.09464528411626816
v -0.0024182256311178207 -0.03135630488395691 0.09596452862024307
v -0.007669731043279171 0.09589067101478577 0.04609979689121246
v -0.006630041636526585 -0.01288663037121296 -0.1158229410648346
v -0.008797886781394482 0.11953116953372955 0.0010056719183921814
v -0.007368945982307196 0.08936553448438644 0.05271998792886734
v -0.005969383288174868 -0.031901806592941284 -0.10751032829284668
v -0.006349022500216961 -0.02107916958630085 -0.11310982704162598
v -0.002545899013057351 -0.03822923079133034 0.08903132379055023
v -0.004049212206155062 0.015314767137169838 0.07483024150133133
v -0.00259914412163198 -0.03920641914010048 0.08550004661083221
v -0.009383555501699448 0.11028482019901276 -0.08369371294975281
v -0.0025872718542814255 -0.04055148363113403 0.08024603873491287
v 0.0036423499695956707 -0.02743356302380562 0.07497435808181763
v 0.06537725031375885 -0.04232257604598999 0.0006994791328907013
v 0.06435657292604446 -0.04845719784498215 -0.00821697898209095
v 0.06125527620315552 -0.06105223670601845 -0.002964189276099205
v 0.06271912902593613 -0.054049745202064514 0.006223682314157486
v 0.05686352401971817 -0.07246522605419159 0.0025559645146131516
v 0.05978706479072571 -0.06347860395908356 0.010309222154319286
v 0.05134713649749756 -0.08236807584762573 0.009529617615044117
v 0.05585140362381935 -0.07246697694063187 0.015364047139883041
v -0.006828733254224062 -0.03701427951455116 0.08857349306344986
v -0.0058389934711158276 -0.038193583488464355 0.08572423458099365
v 0.048056598752737045 -0.09021618217229843 0.0178501158952713
v 0.0520663745701313 -0.07986321300268173 0.02203340083360672
v -0.01876595988869667 0.003366890363395214 0.057942502200603485
v -0.010523663833737373 -0.038766298443078995 0.07509458065032959
v -0.010564865544438362 -0.015893004834651947 0.08499988168478012
v -0.0175708569586277 0.0038424935191869736 0.05859391763806343
v 0.03523198515176773 -0.10021762549877167 0.0365632027387619
v 0.03353507071733475 -0.1050126850605011 0.03242909163236618
v 0.02680213749408722 -0.10988948494195938 0.03864237293601036
v 0.027498729526996613 -0.10689324140548706 0.04339910298585892
v -0.013165859505534172 -0.03824914991855621 0.07403668761253357
v 0.019929315894842148 -0.11480380594730377 0.044560033828020096
v 0.020670434460043907 -0.11197316646575928 0.04942212998867035
v 0.01211162656545639 -0.11754857003688812 0.048153895884752274
v 0.012230591848492622 -0.11488637328147888 0.053388528525829315
v -0.010275979526340961 -0.008377093821763992 0.0804482102394104
v -0.012529922649264336 0.0020450642332434654 0.06814657151699066
v 0.01097532082349062 -0.106477290391922 0.05997886881232262
v 0.011655732989311218 -0.11112067848443985 0.057510390877723694
v -0.010207225568592548 -0.012182583101093769 0.08282937109470367
v -0.0183732733130455 -0.03478863835334778 0.07525008171796799
v -0.016740772873163223 -0.03737905994057655 0.07342549413442612
v -0.0095908734947443 -0.031147193163633347 0.09234850853681564
v -0.010605627670884132 -0.02815420553088188 0.09180101752281189
v 0.01859668642282486 -0.10417868196964264 0.056048184633255005
v -0.01019992958754301 -0.03410201519727707 0.08974375575780869
v -0.007407214492559433 -0.03597214072942734 0.09001585096120834
v 0.01994643732905388 -0.10849354416131973 0.05330703407526016
v -0.020247722044587135 0.0026365742087364197 0.05823727697134018
v -0.03072815202176571 0.003678342327475548 0.053632721304893494
v -0.008747227489948273 -0.03319546580314636 0.09193108975887299
v -0.005612443201243877 -0.03533414006233215 0.09213362634181976
v -0.02353634499013424 0.003154653124511242 0.056805312633514404
v -0.019638635218143463 0.002964588813483715 0.05807735025882721
v -0.014615966007113457 -0.03182878717780113 0.08463278412818909
v -0.011228694580495358 0.0005906242877244949 0.07260885834693909
v 0.025047246366739273 -0.09954804927110672 0.050527237355709076
v 0.026702726259827614 -0.10362087935209274 0.04754827171564102
v 0.032014135271310806 -0.09290517866611481 0.0447491817176342
v 0.03385719656944275 -0.0968272015452385 0.041184552013874054
v -0.01717553101480007 -0.03269270062446594 0.0800326019525528
v 0.03767382353544235 -0.08631870895624161 0.0422048419713974
v 0.04084239527583122 -0.08760404586791992 0.03774010390043259
v 0.011291731148958206 -0.11869844049215317 0.04134321212768555
v -0.021071573719382286 0.002652423456311226 0.05817507952451706
v -0.02182341180741787 0.0027210889384150505 0.05805758759379387
v -0.01111181452870369 -0.02013641595840454 0.08728998154401779
v 0.01858985237777233 -0.11618249118328094 0.038079775869846344
v 0.025284675881266594 -0.11199638247489929 0.03306913375854492
v 0.03139766678214073 -0.10835923999547958 0.02731097862124443
v 0.043070487678050995 -0.09708293527364731 0.02601664699614048
v -0.02620212733745575 0.00299286562949419 0.05665183067321777
v -0.005466026719659567 -0.03930163010954857 0.08027902990579605
v -0.012859629467129707 -0.032849669456481934 0.08704376220703125
v -0.011441851034760475 -0.03357565030455589 0.0885646715760231
v -0.006039501167833805 -0.039729662239551544 0.07820232212543488
v 0.03776712343096733 -0.10447903722524643 0.020949846133589745
v 0.04410981386899948 -0.09718434512615204 0.01403728686273098
v -0.015511637553572655 0.0035580527037382126 0.06088785082101822
v 0.04728822782635689 -0.08896218240261078 0.004830585792660713
v -0.010695169679820538 -0.0019829776138067245 0.0761822909116745
v -0.010245397686958313 -0.005003126338124275 0.0788322240114212
v 0.05395970493555069 -0.0780407041311264 -0.003891836851835251
v 0.05948743224143982 -0.06484697759151459 -0.011115659028291702
v -0.0054210880771279335 -0.03877117857336998 0.08294655382633209
v 0.06310752034187317 -0.05175977200269699 -0.01664462685585022
v 0.06539592891931534 -0.04012105241417885 -0.011775171384215355
v 0.01690821535885334 -0.10000835359096527 0.057342126965522766
v 0.010063940659165382 -0.10133571922779083 0.0608024075627327
v 0.022762566804885864 -0.09605947881937027 0.05255327373743057
v -0.01107802614569664 -0.024312008172273636 0.09015752375125885
v 0.029428519308567047 -0.08913766592741013 0.04752858355641365
v 0.03497524932026863 -0.08308917284011841 0.045451290905475616
v 0.03878435492515564 -0.06853349506855011 0.048369064927101135
v -0.008454984053969383 -0.03907313942909241 0.07669206708669662
v 0.03802455589175224 -0.07572038471698761 0.04634662717580795
v 0.03628214821219444 -0.055587030947208405 0.05459881201386452
v 0.03747119754552841 -0.0618785060942173 0.05142729729413986
v 0.04352886602282524 -0.04729389399290085 0.05187040567398071
v 0.04573652148246765 -0.05612762272357941 0.04617619514465332
v 0.0418303944170475 -0.06020289286971092 0.04883839935064316
v -0.0024072357919067144 -0.03594255819916725 0.09300756454467773
v -0.008004961535334587 -0.03477470949292183 0.09108704328536987
v 0.04022286832332611 -0.05207950621843338 0.053435660898685455
v 0.04623088613152504 -0.04037048667669296 0.050616681575775146
v 0.049207497388124466 -0.050857242196798325 0.043787866830825806
v 0.010472957044839859 -0.11986195296049118 0.03573911637067795
v -0.032833993434906006 0.014653447084128857 0.06524074077606201
v -0.03270414471626282 0.012824522331357002 0.06387791782617569
v 0.016994746401906013 -0.11791597306728363 0.03254988417029381
v 0.02268793433904648 -0.1152125746011734 0.028045354411005974
v 0.027012817561626434 -0.11305734515190125 0.02259637974202633
v 0.032194096595048904 -0.11072420328855515 0.016507020220160484
v 0.03735046088695526 -0.10620581358671188 0.00957582425326109
v 0.04284544289112091 -0.09809501469135284 0.0007167737931013107
v -0.025637134909629822 0.017625709995627403 0.06871843338012695
v -0.008709447458386421 0.01828046515583992 0.0738430768251419
v -0.01373336836695671 0.01829686388373375 0.07221729308366776
v 0.050723038613796234 -0.08602869510650635 -0.009579366073012352
v -0.03411892056465149 0.006562310270965099 0.06230361759662628
v -0.03458086773753166 0.0046738190576434135 0.05989518389105797
v -0.03260147199034691 0.010773456655442715 0.0626339316368103
v -0.03405682370066643 0.004700842313468456 0.06121991574764252
v -0.03423064947128296 0.005207999609410763 0.062288664281368256
v 0.05773122236132622 -0.06935490667819977 -0.017877154052257538
v -0.032596439123153687 0.009532219730317593 0.061971016228199005
v 0.059961169958114624 -0.05478633567690849 -0.023564128205180168
v -0.03258422017097473 0.00897680688649416 0.06200287118554115
v 0.02408742718398571 -0.11954663693904877 0.012338342145085335
v -0.03081289492547512 0.01657959818840027 0.06692513823509216
v 0.0200955830514431 -0.12009165436029434 0.017162363976240158
v 0.016747960820794106 -0.12124551087617874 0.020890619605779648
v -0.033311694860458374 0.007962828502058983 0.06194198876619339
v -0.03504455089569092 0.004484161734580994 0.058133721351623535
v 0.013584192842245102 -0.12173014879226685 0.02441718615591526
v -0.03564182668924332 0.004244855605065823 0.054239459335803986
v 0.008917097002267838 -0.12379640340805054 0.02430245839059353
v -0.004133423790335655 0.01836683414876461 0.07499447464942932
v -0.025396127253770828 0.02626504749059677 0.07316488027572632
v -0.05596453696489334 0.025994591414928436 0.05353037640452385
v 0.008151710964739323 -0.1254117488861084 0.018973322585225105
v -0.05889550969004631 0.021079378202557564 0.050161395221948624
v 0.010524362325668335 -0.12703391909599304 0.0156968142837286
v -0.05172960087656975 -0.01233217678964138 0.05263621360063553
v -0.05461854860186577 -0.011732145212590694 0.050295986235141754
v -0.022265231236815453 0.020703226327896118 0.07250846922397614
v 0.012794435024261475 -0.12925311923027039 0.013064038008451462
v 0.04148608446121216 -0.07827215641736984 0.04246998578310013
v 0.04522278159856796 -0.07702048122882843 0.0379708968102932
v 0.04656040668487549 -0.06620815396308899 0.04118247702717781
v 0.05066323280334473 -0.06185116991400719 0.037491895258426666
v -0.03154780715703964 0.04674472287297249 0.06779640913009644
v -0.03857127204537392 0.09725771099328995 0.031003426760435104
v -0.02978740632534027 0.039200104773044586 0.07025577872991562
v -0.04361778125166893 0.030987337231636047 0.06423435360193253
v 0.04977526515722275 -0.07407666742801666 0.03283271938562393
v -0.03841862082481384 0.09145648777484894 0.03882867097854614
v 0.04272139072418213 -0.06928360462188721 0.044675108045339584
v 0.05435992032289505 -0.06844088435173035 0.02700047567486763
v 0.0546148456633091 -0.055866070091724396 0.03337625414133072
v 0.05259186401963234 -0.04363830387592316 0.041664835065603256
v 0.0573829710483551 -0.04867006838321686 0.029986076056957245
v -0.051106300204992294 0.0297388918697834 0.05831536650657654
v 0.05776860564947128 -0.06128010153770447 0.021641898900270462
v -0.059579771012067795 -0.006292513571679592 0.043467290699481964
v -0.01128393691033125 0.032807640731334686 0.07490260899066925
v -0.06091933324933052 -0.0006074253469705582 0.041318222880363464
v 0.05573365092277527 -0.03823398798704147 0.03846506029367447
v -0.019329093396663666 0.03251507878303528 0.07449589669704437
v -0.0362795889377594 0.11679452657699585 -0.027820805087685585
v 0.058106064796447754 -0.032872773706912994 0.03539007902145386
v 0.05926607921719551 -0.04293499141931534 0.026778899133205414
v 0.060219455510377884 -0.053381722420454025 0.0183175690472126
v 0.045985084027051926 -0.08780729025602341 0.02996809035539627
v -0.016710789874196053 0.01577725261449814 0.06846966594457626
v 0.06231889873743057 -0.04618207365274429 0.01451817061752081
v -0.04176869988441467 -0.010783519595861435 0.05714215338230133
v -0.0446867011487484 -0.011219862848520279 0.05596926063299179
v 0.05989296734333038 -0.028060737997293472 0.03156878054141998
v -0.03999791294336319 0.11474031955003738 -0.016862668097019196
v -0.05859333276748657 -0.008710986003279686 0.045369990170001984
v -0.035663314163684845 0.06504150480031967 0.061172906309366226
v -0.012924926355481148 0.010517120361328125 0.06661143153905869
v -0.014600766822695732 0.013044694438576698 0.06660086661577225
v -0.036976758390665054 0.07244748622179031 0.05617525056004524
v 0.061010465025901794 -0.036516495048999786 0.023317158222198486
v 0.06190970912575722 -0.02160600945353508 0.026766449213027954
v 0.06347501277923584 -0.029305916279554367 0.01695995405316353
v -0.037676550447940826 0.07920677959918976 0.050891175866127014
v 0.06494364142417908 -0.036485858261585236 0.008211366832256317
v 0.06650277227163315 -0.03257684037089348 -0.006246088072657585
v -0.039176926016807556 0.10280175507068634 0.02154613472521305
v -0.025131605565547943 -0.006856019143015146 0.0606461726129055
v 0.059411875903606415 -0.03787635639309883 -0.036360226571559906
v 0.019816488027572632 -0.048124298453330994 0.06410351395606995
v 0.014379649423062801 -0.04666038602590561 0.0678647831082344
v -0.060896988958120346 0.015519323758780956 0.046774886548519135
v -0.061530277132987976 0.009806988760828972 0.04426299408078194
v -0.040389273315668106 0.11204469203948975 -0.003473512828350067
v -0.03475344553589821 -0.009503258392214775 0.059270553290843964
v -0.06134926900267601 0.004607832990586758 0.042205601930618286
v -0.024643510580062866 0.12033933401107788 -0.03546807914972305
v 0.00934881716966629 -0.046425096690654755 0.07143717259168625
v -0.05691232904791832 -0.010605888441205025 0.04782355949282646
v 0.005241861566901207 -0.04657471925020218 0.07406642287969589
v 0.0013044485822319984 -0.046877577900886536 0.07539242506027222
v -0.036223381757736206 0.031898535788059235 0.06879037618637085
v -0.038485776633024216 -0.010250954888761044 0.058284860104322433
v -0.01262541115283966 0.007620513439178467 0.06585007905960083
v -0.0205531045794487 -0.004462079145014286 0.061331458389759064
v -0.017186760902404785 -0.0015227962285280228 0.062150076031684875
v -0.038084741681814194 0.08545498549938202 0.04530692473053932
v -0.014900450594723225 0.0012246547266840935 0.06335147470235825
v -0.013079051859676838 0.004474458284676075 0.06494715809822083
v -0.02989809587597847 -0.008517175912857056 0.06013642996549606
v -0.03379646688699722 0.05576639622449875 0.0652826651930809
v -0.03967373073101044 0.1078132838010788 0.009816369041800499
v -0.04814201965928078 -0.011702940799295902 0.054501816630363464
v -0.009199140593409538 0.1225404441356659 -0.0381341427564621
v -0.004795939661562443 0.0329321026802063 0.07484957575798035
v -0.013860383071005344 0.0028038443997502327 0.06429792940616608
v -0.019473332911729813 0.017902910709381104 0.07065147161483765
v -0.027930956333875656 0.032238639891147614 0.07247187942266464
v 0.0009211413562297821 -0.08774641156196594 0.06330102682113647
v -0.028728388249874115 -0.06226035952568054 0.058470018208026886
v -0.029910216107964516 -0.06496688723564148 0.056006208062171936
v -0.029228705912828445 -0.07214289903640747 0.05200076103210449
v -0.0219578854739666 -0.05657066032290459 0.06593289971351624
v -0.026066917926073074 -0.059300124645233154 0.06172196939587593
v -0.018560081720352173 -0.08386097103357315 0.057207874953746796
v -0.03021349385380745 -0.06738908588886261 0.05417047441005707
v -0.012490211054682732 -0.08605072647333145 0.060448192059993744
v -0.030376292765140533 -0.06960438191890717 0.05287076532840729
v -0.006171294488012791 -0.08671776950359344 0.06242218613624573
v -0.002020960208028555 -0.05289870500564575 0.07433384656906128
v -0.01167631521821022 -0.05300060659646988 0.07279525697231293
v -0.006570504046976566 -0.052593301981687546 0.0744023248553276
v -0.016854016110301018 -0.054344940930604935 0.0698435977101326
v -0.026910193264484406 -0.07587504386901855 0.05198126286268234
v -0.023506220430135727 -0.08051972091197968 0.0537460520863533
v 0.0016987086273729801 -0.036887411028146744 0.08871474117040634
v 0.0005714073777198792 -0.03800538182258606 0.08580045402050018
v 0.010455701500177383 0.0045412518084049225 0.05847380310297012
v 0.005029971711337566 -0.03828823193907738 0.07522253692150116
v 0.003964277915656567 -0.015383420512080193 0.08516711741685867
v 0.00915494468063116 0.004899969324469566 0.05896088480949402
v 0.00769558222964406 -0.03767215460538864 0.07418829947710037
v 0.0032569440081715584 -0.007863311097025871 0.08065442740917206
v 0.004320597741752863 0.002694138325750828 0.06827446073293686
v 0.0033812238834798336 -0.011686076410114765 0.08300983905792236
v 0.012643757276237011 -0.033845994621515274 0.07539462298154831
v 0.011158270761370659 -0.03655005991458893 0.07354359328746796
v 0.004333208315074444 -0.030735762789845467 0.09264329075813293
v 0.005037031602114439 -0.027661651372909546 0.09203746169805527
v 0.004858846310526133 -0.03366365656256676 0.08992960304021835
v 0.002369809430092573 -0.03586278110742569 0.0902239978313446
v 0.012051275931298733 0.0038837017491459846 0.05873559042811394
v 0.022359225898981094 0.005543112754821777 0.054208915680646896
v 0.0036162156611680984 -0.03288540989160538 0.0922054797410965
v 0.0007578376680612564 -0.03534707427024841 0.09236191213130951
v 0.015450668521225452 0.004418504424393177 0.05740310251712799
v 0.011409765109419823 0.00418312381953001 0.05865176022052765
v 0.00882079266011715 -0.031127266585826874 0.08482559770345688
v 0.0033429856412112713 0.0011249687522649765 0.0727420449256897
v 0.01139279268682003 -0.031858593225479126 0.08021382987499237
v 0.012930340133607388 0.003957875072956085 0.05870845168828964
v 0.013698573224246502 0.004085398279130459 0.05864551663398743
v 0.004737465176731348 -0.019564297050237656 0.08747828006744385
v 0.018000053241848946 0.004136685281991959 0.05719523876905441
v 8.309679105877876e-05 -0.03904105722904205 0.0802774727344513
v 0.007150161545723677 -0.032193709164857864 0.08719364553689957
v 0.005866925697773695 -0.0329957939684391 0.0887063518166542
v 0.0006163753569126129 -0.039463434368371964 0.07826517522335052
v 0.007104640826582909 0.0044606635347008705 0.06114828586578369
v 0.0031467722728848457 -0.0014593126252293587 0.07631567865610123
v 0.003087144810706377 -0.004492210224270821 0.07901908457279205
v 4.430161789059639e-05 -0.03851085528731346 0.082972452044487
v 0.005145326256752014 -0.023760993033647537 0.0903671607375145
v 0.002964332699775696 -0.03869856148958206 0.07681432366371155
v 0.002955378033220768 -0.034587420523166656 0.09133283793926239
v 0.024284176528453827 0.016991525888442993 0.06586141884326935
v 0.024240929633378983 0.014938587322831154 0.06461285799741745
v 0.016896316781640053 0.01914607360959053 0.0692286416888237
v 0.0003083408810198307 0.01869940012693405 0.07418747246265411
v 0.005186501890420914 0.018979376181960106 0.0726628229022026
v 0.025778483599424362 0.008617301471531391 0.06293252110481262
v 0.02585345134139061 0.006827959790825844 0.05992510914802551
v 0.02418455295264721 0.012634607031941414 0.0635935366153717
v 0.0257246270775795 0.006700280122458935 0.06169741973280907
v 0.02594809979200363 0.007293231785297394 0.0628005638718605
v 0.02422226592898369 0.011328203603625298 0.06299524754285812
v 0.024205375462770462 0.010864121839404106 0.06302759051322937
v 0.02217607945203781 0.01855390891432762 0.067542165517807
v 0.0249102171510458 0.009920789860188961 0.06286783516407013
v 0.026378391310572624 0.006887388415634632 0.05814468488097191
v 0.0270987581461668 0.006780947558581829 0.05447808653116226
v 0.01612412929534912 0.02784750983119011 0.07378365099430084
v 0.04588068276643753 0.030232783406972885 0.05363238975405693
v 0.04890903830528259 0.025532186031341553 0.0501563660800457
v 0.04402243345975876 -0.008461693301796913 0.05288451910018921
v 0.04676751047372818 -0.007561512291431427 0.05046971142292023
v 0.01340180542320013 0.022157475352287292 0.07314037531614304
v 0.020288439467549324 0.048784367740154266 0.0679241418838501
v 0.022696712985634804 0.09946299344301224 0.030902434140443802
v 0.01920963078737259 0.041124045848846436 0.07045505940914154
v 0.03357788920402527 0.03410898894071579 0.06459697335958481
v 0.023019390180706978 0.0935925543308258 0.038752373307943344
v 0.04093612730503082 0.03354227915406227 0.05853705108165741
v 0.051450759172439575 -0.0017723897472023964 0.04378768056631088
v 0.0016266871243715286 0.033337146043777466 0.07507851719856262
v 0.05273597314953804 0.003862811252474785 0.04176625981926918
v 0.009552830830216408 0.033698953688144684 0.07485125958919525
v 0.018328597769141197 0.11878271400928497 -0.02804369479417801
v 0.008193518966436386 0.016744930297136307 0.06896653771400452
v 0.03420765697956085 -0.007844572886824608 0.0576995313167572
v 0.03711565211415291 -0.008025996387004852 0.05644509196281433
v 0.022355401888489723 0.11703601479530334 -0.017086749896407127
v 0.05046236515045166 -0.004229242913424969 0.045557327568531036
v 0.022926155477762222 0.06719176471233368 0.06114592403173447
v 0.004645252134650946 0.011350958608090878 0.06688103824853897
v 0.0061764041893184185 0.013989650644361973 0.06693785637617111
v 0.02327636256814003 0.07420903444290161 0.05636101961135864
v 0.023336045444011688 0.08111325651407242 0.050949618220329285
v 0.022839749231934547 0.10508743673563004 0.021409766748547554
v 0.01734560914337635 -0.005406148731708527 0.060794323682785034
v 0.05121316760778427 0.020057350397109985 0.046812403947114944
v 0.05233807489275932 0.01430152915418148 0.044528454542160034
v 0.023117832839488983 0.11440952867269516 -0.0036631692200899124
v 0.027170587331056595 -0.007253708317875862 0.05972457677125931
v 0.05279362574219704 0.00905652716755867 0.042561329901218414
v 0.006377039942890406 0.12143836915493011 -0.0356232151389122
v 0.04896562546491623 -0.0062509942799806595 0.04794469475746155
v 0.02616056054830551 0.034363195300102234 0.06922343373298645
v 0.030886270105838776 -0.0076235998421907425 0.05884949862957001
v 0.004213389009237289 0.00845034047961235 0.06601233780384064
v 0.012566784396767616 -0.0033528199419379234 0.06148654595017433
v 0.009087863378226757 -0.0006475271657109261 0.06237092614173889
v 0.02318676933646202 0.0874834656715393 0.045278195291757584
v 0.006638529244810343 0.0019690580666065216 0.06354397535324097
v 0.004687860608100891 0.005241718143224716 0.065096415579319
v 0.02213289774954319 -0.006678265519440174 0.06046902760863304
v 0.021868210285902023 0.05796351656317711 0.06540859490633011
v 0.022864364087581635 0.11014583706855774 0.00965835154056549
v 0.0404963456094265 -0.008235899731516838 0.05482955276966095
v 0.005498932208865881 0.00356947910040617 0.0644691064953804
v 0.010832468047738075 0.019129764288663864 0.07118158042430878
v 0.01802995428442955 0.03405410796403885 0.0728212520480156
v 0.025843221694231033 -0.05996887385845184 0.05807109922170639
v 0.02753138169646263 -0.06244475394487381 0.05568233132362366
v 0.027978811413049698 -0.06939667463302612 0.051769815385341644
v 0.018184056505560875 -0.05516072362661362 0.06570304185152054
v 0.02266775444149971 -0.05740738287568092 0.06137584522366524
v 0.01915588043630123 -0.08156400918960571 0.056928910315036774
v 0.02819156087934971 -0.06475075334310532 0.05393858999013901
v 0.01374847162514925 -0.08441922068595886 0.06039471924304962
v 0.028715042397379875 -0.06686870753765106 0.05269951745867729
v 0.0076750051230192184 -0.0859413594007492 0.06260508298873901
v 0.007554329000413418 -0.05240746587514877 0.07291923463344574
v 0.0024564736522734165 -0.05233609676361084 0.07462294399738312
v 0.012791315093636513 -0.053374726325273514 0.0698067769408226
v 0.026340920478105545 -0.0731029212474823 0.05157386511564255
v 0.023609109222888947 -0.07779411971569061 0.05322214588522911
v 0.027152782306075096 0.007125516422092915 0.04975004494190216
v -0.035578403621912 0.004417704418301582 0.04911317676305771
v 0.025340406224131584 0.004851155914366245 0.061592794954776764
v 0.023771442472934723 0.00486841332167387 0.0611267015337944
v 0.022322749719023705 0.004934132099151611 0.06036236882209778
v 0.021101979538798332 0.005043240264058113 0.05937354266643524
v 0.025360945612192154 0.005165555514395237 0.06164298951625824
v 0.023810869082808495 0.005486630834639072 0.06122146546840668
v 0.022381344810128212 0.005831078626215458 0.06049840897321701
v 0.02117731422185898 0.006173314526677132 0.059549808502197266
v 0.02544223517179489 0.005471878685057163 0.061688072979450226
v 0.023971164599061012 0.0060844579711556435 0.06131444126367569
v 0.0226135216653347 0.006699332967400551 0.0606352761387825
v 0.021470841020345688 0.007267355918884277 0.05971700698137283
v 0.025582069531083107 0.005755375139415264 0.06172999367117882
v 0.024247178807854652 0.006641448475420475 0.061393629759550095
v 0.023013506084680557 0.007507314905524254 0.06075456738471985
v 0.021975385025143623 0.00828482024371624 0.05987057089805603
v 0.025776606053113937 0.006005697883665562 0.06176767125725746
v 0.024627501145005226 0.007132912985980511 0.061467718333005905
v 0.02356504648923874 0.008222069591283798 0.060857631266117096
v 0.022670483216643333 0.009187527932226658 0.059999313205480576
v 0.026015644893050194 0.006215461529791355 0.061795685440301895
v 0.025096893310546875 0.007542841136455536 0.06152170151472092
v 0.024247553199529648 0.00881645642220974 0.06093943491578102
v 0.023532258346676826 0.009938500821590424 0.06010734662413597
v 0.026291536167263985 0.006373914889991283 0.06181621178984642
v 0.02563873492181301 0.007853936403989792 0.06156349554657936
v 0.025033416226506233 0.009267669171094894 0.06099718436598778
v 0.024523766711354256 0.01050612609833479 0.06017822399735451
v 0.026594573631882668 0.006476572714745998 0.061827003955841064
v 0.026230473071336746 0.008054791018366814 0.06158238649368286
v 0.025891980156302452 0.009558641351759434 0.061025653034448624
v 0.025605367496609688 0.010871540755033493 0.06021314114332199
v 0.02691115438938141 0.006517970934510231 0.06183043122291565
v 0.02685179002583027 0.008136533200740814 0.06159019470214844
v 0.02679266966879368 0.009677466005086899 0.06103341281414032
v 0.026739023625850677 0.011022046208381653 0.06021786853671074
v 0.027229569852352142 0.0064985137432813644 0.061823099851608276
v 0.027476519346237183 0.008097777143120766 0.061573535203933716
v 0.027698930352926254 0.00962052121758461 0.06101164594292641
v 0.027881961315870285 0.010947294533252716 0.0601925402879715
v 0.027539175003767014 0.006417031399905682 0.06180844455957413
v 0.02808162197470665 0.007938451133668423 0.061546240001916885
v 0.028576985001564026 0.009389271959662437 0.060968831181526184
v 0.02898804098367691 0.010656265541911125 0.06013559550046921
v 0.02782566472887993 0.006278571672737598 0.06178345903754234
v 0.028643712401390076 0.00766573753207922 0.06149579957127571
v 0.02939266338944435 0.00899345800280571 0.060899652540683746
v 0.030015502125024796 0.010158499702811241 0.06005079299211502
v 0.028078999370336533 0.006085935048758984 0.06175261363387108
v 0.029141247272491455 0.007289561443030834 0.06143678352236748
v 0.030114755034446716 0.008448733016848564 0.06081061810255051
v 0.030925247818231583 0.009473564103245735 0.05993596464395523
v 0.028291091322898865 0.005849638022482395 0.06171451136469841
v 0.02955537661910057 0.006825386546552181 0.06136120855808258
v 0.03071502596139908 0.00777521263808012 0.060704562813043594
v 0.03168182447552681 0.008623193018138409 0.05980367586016655
v 0.028450921177864075 0.0055765556171536446 0.06167209893465042
v 0.029870379716157913 0.006289212964475155 0.06127998232841492
v 0.031171903014183044 0.006997427903115749 0.06058449670672417
v 0.032257795333862305 0.007643102668225765 0.059651292860507965
v 0.028555072844028473 0.005276664160192013 0.06162666529417038
v 0.030073873698711395 0.005703574977815151 0.06118899956345558
v 0.031467318534851074 0.006146186962723732 0.060453277081251144
v 0.03263016790151596 0.006571084260940552 0.05948920175433159
v 0.028596941381692886 0.004963585175573826 0.06158013641834259
v 0.030157051980495453 0.005088654346764088 0.06109844520688057
v 0.031588517129421234 0.005253437906503677 0.06031957268714905
v 0.03278280794620514 0.00544767826795578 0.05931464210152626
v 0.028577208518981934 0.004648416303098202 0.06153383105993271
v 0.030116625130176544 0.004468431696295738 0.06100470572710037
v 0.03152921050786972 0.004355071112513542 0.060182325541973114
v 0.0327090360224247 0.004314010962843895 0.059148021042346954
v 0.028492901474237442 0.0043406179174780846 0.06148881837725639
v 0.029952116310596466 0.0038673682138323784 0.06091814115643501
v 0.0312919020652771 0.0034841084852814674 0.060053519904613495
v 0.03240927681326866 0.0032188761979341507 0.0589800700545311
v 0.02835121378302574 0.004055441357195377 0.06144796684384346
v 0.02967308834195137 0.0033087460324168205 0.06083507090806961
v 0.030886877328157425 0.0026743365451693535 0.059933844953775406
v 0.031899552792310715 0.002198568545281887 0.05882686749100685
v 0.028155021369457245 0.0038035502657294273 0.06141289323568344
v 0.029290378093719482 0.002814331091940403 0.06076711043715477
v 0.030331213027238846 0.0019570225849747658 0.059829842299222946
v 0.031200114637613297 0.0012917080894112587 0.05869286507368088
v 0.027915097773075104 0.0035926057025790215 0.06138419732451439
v 0.028818633407354355 0.00240334402769804 0.06070759892463684
v 0.029646560549736023 0.0013604043051600456 0.05974674969911575
v 0.030337467789649963 0.000535876490175724 0.05859329551458359
v 0.027638029307127 0.0034338952973484993 0.06136317178606987
v 0.02827606350183487 0.0020902706310153008 0.06066956743597984
v 0.02885989099740982 0.0009059673175215721 0.05968967452645302
v 0.029345665127038956 -3.638956695795059e-05 0.05852074548602104
v 0.027334697544574738 0.003330475650727749 0.061350833624601364
v 0.027683164924383163 0.0018896674737334251 0.06064135581254959
v 0.027999546378850937 0.0006138831377029419 0.05965275689959526
v 0.028262276202440262 -0.00040094368159770966 0.0584784634411335
v 0.027018314227461815 0.003289475105702877 0.06134719029068947
v 0.027062121778726578 0.001807364635169506 0.06063775718212128
v 0.027099333703517914 0.0004928130656480789 0.05964399501681328
v 0.027127714827656746 -0.0005471799522638321 0.05845942348241806
v 0.02670026384294033 0.0033096345141530037 0.06135210767388344
v 0.026437463238835335 0.0018486659973859787 0.06064526364207268
v 0.026192663237452507 0.000552191399037838 0.059658173471689224
v 0.02598588913679123 -0.00046971719712018967 0.05848466232419014
v 0.026391122490167618 0.003392172046005726 0.06136710196733475
v 0.025833936408162117 0.0020093852654099464 0.060677822679281235
v 0.025316951796412468 0.0007867077365517616 0.05970514193177223
v 0.024882132187485695 -0.00017810706049203873 0.05853790044784546
v 0.026105666533112526 0.0035322289913892746 0.06138906627893448
v 0.02527354098856449 0.0022860774770379066 0.06071895360946655
v 0.024503586813807487 0.0011874856427311897 0.05977129191160202
v 0.02385666035115719 0.000324200838804245 0.05863072723150253
v 0.025853605940937996 0.003725633956491947 0.06142111122608185
v 0.02477828785777092 0.0026638666167855263 0.06078395992517471
v 0.023785149678587914 0.0017380621284246445 0.0598587840795517
v 0.022947434335947037 0.0010172566398978233 0.05873815342783928
v 0.02564358338713646 0.003963890485465527 0.06145579367876053
v 0.02436806447803974 0.0031318003311753273 0.06085126847028732
v 0.023188624531030655 0.0024158935993909836 0.059964463114738464
v 0.02219509705901146 0.0018720710650086403 0.05887797847390175
v 0.026968874037265778 0.00488359946757555 0.061746351420879364
v 0.025484710931777954 0.004237526096403599 0.06149943545460701
v 0.024054469540715218 0.0036674076691269875 0.060941070318222046
v 0.022735098376870155 0.003194700926542282 0.06008908897638321
v 0.021623656153678894 0.0028521614149212837 0.05903130769729614
v 0.025382710620760918 0.004537663422524929 0.0615464486181736
v 0.023853596299886703 0.004253893159329891 0.0610310360789299
v 0.022444283589720726 0.004045456647872925 0.06021896004676819
v 0.02125553786754608 0.003922886215150356 0.05919910967350006
v 0.019909251481294632 0.0051307156682014465 0.058531735092401505
v 0.018061941489577293 0.005286548286676407 0.05710846930742264
v 0.016476169228553772 0.005517827346920967 0.05524171516299248
v 0.015294918790459633 0.005799107253551483 0.05310088396072388
v 0.014555703848600388 0.006121927872300148 0.050774939358234406
v 0.014283418655395508 0.006473518908023834 0.04834636300802231
v 0.014499401673674583 0.006838934496045113 0.04592979699373245
v 0.015170596539974213 0.007203529588878155 0.04358300194144249
v 0.016300512477755547 0.007562466897070408 0.04142775759100914
v 0.01783420704305172 0.007895986549556255 0.03953573852777481
v 0.019711380824446678 0.008191241882741451 0.03797771409153938
v 0.021861424669623375 0.008436637930572033 0.03681415319442749
v 0.024200042709708214 0.008622664026916027 0.03609093278646469
v 0.01999875158071518 0.00648876465857029 0.05874320864677429
v 0.018177704885601997 0.0069965459406375885 0.05736522376537323
v 0.016609609127044678 0.0075285714119672775 0.05553879588842392
v 0.01544276811182499 0.00803106278181076 0.05342958867549896
v 0.014711545780301094 0.008491791784763336 0.05112127959728241
v 0.01444748044013977 0.00889010913670063 0.04870548099279404
v 0.014654481783509254 0.009210806339979172 0.04627349227666855
v 0.015327544882893562 0.009439971297979355 0.043919362127780914
v 0.0164327472448349 0.009580074809491634 0.04172743111848831
v 0.017946423962712288 0.00961173977702856 0.03978995233774185
v 0.019799990579485893 0.009539893828332424 0.038177624344825745
v 0.02192128822207451 0.009365535341203213 0.03695226460695267
v 0.024231187999248505 0.009096081368625164 0.03616137057542801
v 0.020353693515062332 0.007804617285728455 0.05894327163696289
v 0.018625358119606972 0.008654460310935974 0.05760984867811203
v 0.01713988371193409 0.009476227685809135 0.055816520005464554
v 0.01602954789996147 0.01019778847694397 0.053735557943582535
v 0.015333810821175575 0.010792548768222332 0.05144862085580826
v 0.015079392120242119 0.01123565062880516 0.04904365912079811
v 0.015272479504346848 0.011513466015458107 0.04660702496767044
v 0.015909474343061447 0.011612070724368095 0.0442337691783905
v 0.016959840431809425 0.011534283868968487 0.04201274737715721
v 0.018394164741039276 0.01127446349710226 0.04003279656171799
v 0.02015155926346779 0.010845041833817959 0.03836781531572342
v 0.02216423489153385 0.010265053249895573 0.03708292543888092
v 0.024354837834835052 0.0095548490062356 0.036227986216545105
v 0.020961174741387367 0.009028375148773193 0.05912359058856964
v 0.019391372799873352 0.010195020586252213 0.057825781404972076
v 0.018040109425783157 0.011283762753009796 0.05606567859649658
v 0.017029045149683952 0.012208154425024986 0.05401952937245369
v 0.01639409363269806 0.012927809730172157 0.05175220966339111
v 0.01615910232067108 0.01341545581817627 0.0493534617125988
v 0.016332440078258514 0.013651655055582523 0.046910278499126434
v 0.016906987875699997 0.013628760352730751 0.04451926797628403
v 0.01786131225526333 0.013349656015634537 0.04227230325341225
v 0.019160542637109756 0.012818233110010624 0.04025394469499588
v 0.020753877237439156 0.012058629654347897 0.03854179009795189
v 0.02257894165813923 0.01109995972365141 0.03720276802778244
v 0.02456594817340374 0.009980831295251846 0.0362892746925354
v 0.021799633279442787 0.010113995522260666 0.059280432760715485
v 0.02043859101831913 0.011563405394554138 0.05801345035433769
v 0.019277526065707207 0.01287984848022461 0.05627099797129631
v 0.01840481534600258 0.013986853882670403 0.05425853282213211
v 0.01785520277917385 0.014818437397480011 0.052012473344802856
v 0.017648346722126007 0.015344803221523762 0.04961968958377838
v 0.017792267724871635 0.015545587055385113 0.04717337340116501
v 0.01828017085790634 0.01541447825729847 0.04476684331893921
v 0.01910233497619629 0.014955664053559303 0.04249649494886398
v 0.02021637000143528 0.014183993451297283 0.040444515645504
v 0.021583188325166702 0.013132101856172085 0.038691792637109756
v 0.02315000258386135 0.011840070597827435 0.037306103855371475
v 0.024857712909579277 0.010357080958783627 0.03634152188897133
v 0.02283826470375061 0.011021828278899193 0.059412308037281036
v 0.02174464613199234 0.012687832117080688 0.05815640091896057
v 0.020800041034817696 0.014208942651748657 0.05643462389707565
v 0.020101657137274742 0.015467463061213493 0.05445150285959244
v 0.019658301025629044 0.016392812132835388 0.05222238972783089
v 0.019486278295516968 0.01695183664560318 0.04983527958393097
v 0.01959562860429287 0.017122643068432808 0.04738530516624451
v 0.01997991092503071 0.016900070011615753 0.044967763125896454
v 0.020625412464141846 0.016292857006192207 0.042672980576753616
v 0.021520424634218216 0.015320060774683952 0.040597833693027496
v 0.02260781079530716 0.014024757780134678 0.03881176933646202
v 0.02385653555393219 0.012454754672944546 0.03738895803689957
v 0.025216830894351006 0.010671054013073444 0.036384135484695435
v 0.02403344213962555 0.011698175221681595 0.05949918180704117
v 0.023237036541104317 0.013561366125941277 0.05826837569475174
v 0.022560833021998405 0.015220193192362785 0.05655936896800995
v 0.022059833630919456 0.01659475639462471 0.054593317210674286
v 0.021736005321145058 0.017590750008821487 0.052373409271240234
v 0.021606145426630974 0.018173247575759888 0.0499902069568634
v 0.02167377807199955 0.01832154393196106 0.04753937944769859
v 0.021939123049378395 0.01803009957075119 0.045113466680049896
v 0.022389618679881096 0.01731138303875923 0.0428064726293087
v 0.02302284725010395 0.016182715073227882 0.04070759192109108
v 0.02378910779953003 0.014702481217682362 0.03889789432287216
v 0.024669146165251732 0.012921399436891079 0.037447892129421234
v 0.025631466880440712 0.01090865395963192 0.036413997411727905
v 0.025326581671833992 0.012137969955801964 0.05952928960323334
v 0.02488834597170353 0.014116710051894188 0.05834432318806648
v 0.024493491277098656 0.01588359847664833 0.056650418788194656
v 0.024205142632126808 0.017326395958662033 0.05468473955988884
v 0.02401139959692955 0.01836583763360977 0.052464138716459274
v 0.023924201726913452 0.018962819129228592 0.0500800758600235
v 0.02394852414727211 0.019096557050943375 0.047627389430999756
v 0.02408221922814846 0.01876039430499077 0.04519731551408768
v 0.02431926503777504 0.017968162894248962 0.04288270324468613
v 0.024667054414749146 0.016738420352339745 0.040770091116428375
v 0.025079797953367233 0.015138682909309864 0.03894709423184395
v 0.025558780878782272 0.013222773559391499 0.03748222440481186
v 0.02608519420027733 0.011062157340347767 0.03643151372671127
v 0.026688970625400543 0.012317860499024391 0.059532277286052704
v 0.026606936007738113 0.01434226706624031 0.05835581198334694
v 0.026525678113102913 0.016163326799869537 0.056693483144044876
v 0.026453092694282532 0.01763046160340309 0.054716553539037704
v 0.026396026834845543 0.018686547875404358 0.052492160350084305
v 0.026351921260356903 0.019291840493679047 0.05009707063436508
v 0.02633160538971424 0.019416306167840958 0.04764768108725548
v 0.02632708102464676 0.019062589854002 0.04521729052066803
v 0.026340296491980553 0.01824083924293518 0.04290207475423813
v 0.026371147483587265 0.016983328387141228 0.04079316183924675
v 0.02643219567835331 0.015318210236728191 0.03895749896764755
v 0.026490360498428345 0.013346194289624691 0.03748897835612297
v 0.026560017839074135 0.011125103570520878 0.03643523156642914
v 0.028060749173164368 0.012226810678839684 0.059501685202121735
v 0.028340112417936325 0.014224983751773834 0.058321479707956314
v 0.028565775603055954 0.016027789562940598 0.05666520446538925
v 0.028714120388031006 0.017494257539510727 0.05468121916055679
v 0.028795704245567322 0.018541481345891953 0.05244710296392441
v 0.02880210429430008 0.019140910357236862 0.05005788803100586
v 0.028731420636177063 0.019271571189165115 0.04760096222162247
v 0.028587739914655685 0.018925443291664124 0.04517199844121933
v 0.028375808149576187 0.018117249011993408 0.04286131262779236
v 0.028101257979869843 0.016878390684723854 0.04075778275728226
v 0.02779335156083107 0.015232248231768608 0.038928546011447906
v 0.027428220957517624 0.013287254609167576 0.03746938705444336
v 0.027038078755140305 0.011094811372458935 0.03642488270998001
v 0.029391352087259293 0.011873288080096245 0.059435274451971054
v 0.030014630407094955 0.013782825320959091 0.058238714933395386
v 0.030538268387317657 0.01550193503499031 0.056557778269052505
v 0.030901901423931122 0.016918709501624107 0.05457291752099991
v 0.031120657920837402 0.01793331280350685 0.052332714200019836
v 0.03117404878139496 0.018522147089242935 0.04994213208556175
v 0.031057920306921005 0.018664207309484482 0.047486819326877594
v 0.03077845275402069 0.018353097140789032 0.045063309371471405
v 0.030346911400556564 0.017602212727069855 0.0427631139755249
v 0.029778100550174713 0.016440965235233307 0.0406743548810482
v 0.029093459248542786 0.014913501217961311 0.038876622915267944
v 0.028335824608802795 0.013047496788203716 0.03742191940546036
v 0.027500998228788376 0.010972782038152218 0.036400724202394485
v 0.030623022466897964 0.011284418404102325 0.05933530628681183
v 0.031568050384521484 0.013036657124757767 0.05810435116291046
v 0.03236333653330803 0.014626972377300262 0.056404709815979004
v 0.03293655440211296 0.015930311754345894 0.05439981818199158
v 0.03327931836247444 0.0168868750333786 0.05215286836028099
v 0.03337559849023819 0.01745634153485298 0.04975906386971474
v 0.033216990530490875 0.01761886104941368 0.04730702191591263
v 0.03281325846910477 0.017368923872709274 0.044893790036439896
v 0.03217773884534836 0.016716783866286278 0.0426102839410305
v 0.03133528307080269 0.01568799652159214 0.040545109659433365
v 0.03031749650835991 0.014321818016469479 0.03877522051334381
v 0.02917817234992981 0.012638394720852375 0.03735245391726494
v 0.02793106809258461 0.010764401406049728 0.036365166306495667
v 0.0317162461578846 0.010457027703523636 0.05920004844665527
v 0.03293970599770546 0.012001385912299156 0.057929627597332
v 0.033976078033447266 0.013409134931862354 0.05620061606168747
v 0.034733012318611145 0.01457316055893898 0.054172344505786896
v 0.035190097987651825 0.015444720163941383 0.05191502720117569
v 0.03532380983233452 0.015986386686563492 0.049516428261995316
v 0.03512897342443466 0.016176551580429077 0.04706982523202896
v 0.03461388126015663 0.016010131686925888 0.0446707159280777
v 0.0337982103228569 0.015494048595428467 0.042409688234329224
v 0.032713040709495544 0.014647385105490685 0.04037441313266754
v 0.0314001627266407 0.013504334725439548 0.03864172101020813
v 0.029909852892160416 0.012107902206480503 0.0372789166867733
v 0.02831040322780609 0.010476053692400455 0.0363173745572567
v 0.032625094056129456 0.009436321444809437 0.059038981795310974
v 0.03408645838499069 0.010717322118580341 0.05773015320301056
v 0.03532237187027931 0.011901048012077808 0.05596211552619934
v 0.036230992525815964 0.012895867228507996 0.05390418320894241
v 0.03678048774600029 0.01366400346159935 0.051630645990371704
v 0.03694498538970947 0.014169387519359589 0.049225855618715286
v 0.0367189384996891 0.014392632059752941 0.046784743666648865
v 0.036111414432525635 0.014329792000353336 0.04440242797136307
v 0.03514551371335983 0.01398112066090107 0.04216820001602173
v 0.03385917842388153 0.013360904529690742 0.04016983136534691
v 0.03230031579732895 0.012493118643760681 0.03848086670041084
v 0.030529748648405075 0.011410342529416084 0.037167780101299286
v 0.02862689271569252 0.010120965540409088 0.036261606961488724
v 0.03331618010997772 0.008258834481239319 0.05885724723339081
v 0.03495324030518532 0.009233991615474224 0.05750564858317375
v 0.03634744510054588 0.010164608247578144 0.05569774657487869
v 0.03736919164657593 0.010965089313685894 0.05360458046197891
v 0.037987563759088516 0.011612078174948692 0.05130947381258011
v 0.03817657753825188 0.012075070291757584 0.048898518085479736
v 0.03792717680335045 0.012339029461145401 0.046465493738651276
v 0.03724883869290352 0.012392494827508926 0.04410102590918541
v 0.03616886958479881 0.012236803770065308 0.04189680516719818
v 0.03472889959812164 0.011877350509166718 0.03993847966194153
v 0.032983772456645966 0.01132646668702364 0.03829888254404068
v 0.03099975734949112 0.010607650503516197 0.03704189136624336
v 0.028866343200206757 0.009710080921649933 0.036196257919073105
v 0.033764030784368515 0.006970208138227463 0.058659087866544724
v 0.035518959164619446 0.007607367821037769 0.05725593864917755
v 0.03700542077422142 0.008257444947957993 0.055410295724868774
v 0.0381019189953804 0.008849124424159527 0.05328518524765968
v 0.03876582905650139 0.009364502504467964 0.0509655699133873
v 0.03896888345479965 0.009783361107110977 0.048546724021434784
v 0.03870460391044617 0.010089380666613579 0.04612039774656296
v 0.03798125684261322 0.010272899642586708 0.04377732798457146
v 0.03682778403162956 0.010328995063900948 0.041606705635786057
v 0.03528868407011032 0.010253442451357841 0.039691559970378876
v 0.033423736691474915 0.010051295161247253 0.038105301558971405
v 0.03130389004945755 0.009728427976369858 0.03690772131085396
v 0.02902081236243248 0.009261097759008408 0.03612823039293289
v 0.03394917771220207 0.0056189242750406265 0.05845100060105324
v 0.03575482964515686 0.0059081390500068665 0.05699959769845009
v 0.037289492785930634 0.006252446211874485 0.05511040240526199
v 0.03841153159737587 0.006629015319049358 0.05295358970761299
v 0.039088353514671326 0.007011239416897297 0.0506160706281662
v 0.03929363191127777 0.007383142597973347 0.0481828898191452
v 0.03902239352464676 0.007731916382908821 0.04576747864484787
v 0.03828148543834686 0.008051903918385506 0.04344567656517029
v 0.037097666412591934 0.00832977332174778 0.041308071464300156
v 0.03551792353391647 0.00855359248816967 0.039438508450984955
v 0.03360456973314285 0.008714945986866951 0.037907153367996216
v 0.03142967447638512 0.008807888254523277 0.03677460923790932
v 0.029084131121635437 0.008790645748376846 0.03605756536126137
v 0.03386181965470314 0.004258899018168449 0.05824853107333183
v 0.03565244376659393 0.004189714789390564 0.05674699321389198
v 0.037168364971876144 0.004236944951117039 0.054814860224723816
v 0.03828256204724312 0.00438899639993906 0.052624430507421494
v 0.038924627006053925 0.004634156823158264 0.05024423450231552
v 0.03914005681872368 0.004959549754858017 0.047833867371082306
v 0.03887193277478218 0.005357149988412857 0.045421287417411804
v 0.03813811019062996 0.005815088748931885 0.04311802238225937
v 0.0369684062898159 0.006316069513559341 0.041013263165950775
v 0.035407230257987976 0.006842074915766716 0.039187733083963394
v 0.03351687267422676 0.007369175553321838 0.037709496915340424
v 0.03138110414147377 0.007837917655706406 0.036610253155231476
v 0.02905305102467537 0.008316582068800926 0.03598606586456299
v 0.03350020945072174 0.0029404666274785995 0.05804797261953354
v 0.0351945161819458 0.002530677244067192 0.05649540573358536
v 0.03662056103348732 0.002282894216477871 0.05451003834605217
v 0.03767413645982742 0.0022186459973454475 0.052288658916950226
v 0.03831449896097183 0.0023289090022444725 0.04992861673235893
v 0.03850925341248512 0.0026068687438964844 0.04749347269535065
v 0.03825397044420242 0.0030513256788253784 0.04508776217699051
v 0.03755665570497513 0.0036460161209106445 0.04280707240104675
v 0.036444902420043945 0.004365479573607445 0.040733978152275085
v 0.0349617525935173 0.005183441564440727 0.03894982486963272
v 0.03316660597920418 0.006067020818591118 0.03752245008945465
v 0.031137913465499878 0.006937522441148758 0.03647759184241295
v 0.028929051011800766 0.00785812921822071 0.03591931611299515
v 0.03288983926177025 0.001713697798550129 0.05786333978176117
v 0.0344230942428112 0.0009856224060058594 0.05626380071043968
v 0.03572053462266922 0.00047128088772296906 0.05425797030329704
v 0.03667778521776199 0.00020810216665267944 0.052020635455846786
v 0.03725265711545944 0.0001897057518362999 0.04962976649403572
v 0.03742526099085808 0.0004256758838891983 0.04718685895204544
v 0.03718909993767738 0.0009122844785451889 0.0447864904999733
v 0.03655317425727844 0.0016294680535793304 0.04252128303050995
v 0.03554198890924454 0.0025512482970952988 0.04047606885433197
v 0.034195344895124435 0.003641890361905098 0.038731880486011505
v 0.03256585821509361 0.004854965955018997 0.03735168278217316
v 0.030723657459020615 0.006103312596678734 0.036360181868076324
v 0.02871844917535782 0.0074316952377557755 0.035858750343322754
v 0.03204990178346634 0.0006201928481459618 0.057706937193870544
v 0.03336205333471298 -0.00039735157042741776 0.05606188252568245
v 0.034481216222047806 -0.00111476331949234 0.05404715985059738
v 0.0353008396923542 -0.001566232182085514 0.05178552493453026
v 0.03578975796699524 -0.0016995379701256752 0.049376197159290314
v 0.03593346104025841 -0.0015019290149211884 0.04692535102367401
v 0.03572486713528633 -0.0009799599647521973 0.04452746361494064
v 0.035173770040273666 -0.0001532081514596939 0.04227570444345474
v 0.03430113568902016 0.0009467164054512978 0.04025536775588989
v 0.03313910588622093 0.002278802916407585 0.03854459524154663
v 0.031748466193675995 0.003729581832885742 0.037167955189943314
v 0.03015262261033058 0.00536193884909153 0.036255475133657455
v 0.028426319360733032 0.007055915892124176 0.035806234925985336
v 0.031014036387205124 -0.00028570927679538727 0.05758029222488403
v 0.032059650868177414 -0.001499551348388195 0.055931054055690765
v 0.032951414585113525 -0.0024134721606969833 0.05390164256095886
v 0.03360013663768768 -0.0030296100303530693 0.05160600692033768
v 0.03398143872618675 -0.0032656434923410416 0.0491725355386734
v 0.03408977389335632 -0.003103983588516712 0.04671493545174599
v 0.03391565382480621 -0.0025526750832796097 0.04431892931461334
v 0.03346993774175644 -0.0016352739185094833 0.04207898676395416
v 0.032767005264759064 -0.000386994332075119 0.04007788002490997
v 0.031834498047828674 0.00114364642649889 0.03839399293065071
v 0.03072374314069748 0.0028361380100250244 0.03704669326543808
v 0.029445968568325043 0.004747301340103149 0.0361725278198719
v 0.02806737646460533 0.006741827353835106 0.03576412424445152
v 0.026638556271791458 0.0087420754134655 0.03583196550607681
v 0.02982279658317566 -0.0009621931239962578 0.05749819055199623
v 0.03055943176150322 -0.0023275408893823624 0.05584660544991493
v 0.031187254935503006 -0.0034099314361810684 0.05378939211368561
v 0.03163537010550499 -0.004150263965129852 0.05146478861570358
v 0.031898077577352524 -0.004457409493625164 0.04902295768260956
v 0.03196561709046364 -0.004320736974477768 0.046562038362026215
v 0.03183295577764511 -0.003747064620256424 0.04416881501674652
v 0.03150688484311104 -0.002760438248515129 0.04193771630525589
v 0.031000055372714996 -0.0013997191563248634 0.03995155170559883
v 0.030346598476171494 0.00021938234567642212 0.038241639733314514
v 0.029542170464992523 0.0021573062986135483 0.03695838153362274
v 0.028632767498493195 0.004281053319573402 0.03611244261264801
v 0.027652304619550705 0.006504420191049576 0.03573334217071533
v 0.028519146144390106 -0.0013894839212298393 0.05744762718677521
v 0.028919409960508347 -0.0028665130957961082 0.055799700319767
v 0.02925652265548706 -0.004064388573169708 0.05372088402509689
v 0.02948850393295288 -0.004876665771007538 0.05138465762138367
v 0.029617954045534134 -0.005227410234510899 0.04893672838807106
v 0.0296403169631958 -0.005104969255626202 0.04647223651409149
v 0.02955283224582672 -0.004517020657658577 0.04408096522092819
v 0.02935979887843132 -0.003485976718366146 0.04185649752616882
v 0.029067836701869965 -0.0020531397312879562 0.039879076182842255
v 0.02870197966694832 -0.0003372142091393471 0.03817736357450485
v 0.02825121209025383 0.0017215479165315628 0.0369095653295517
v 0.027743488550186157 0.003979463130235672 0.03607888147234917
v 0.027198748663067818 0.0063508376479148865 0.03571628779172897
v 0.027157001197338104 -0.001564936712384224 0.057448916137218475
v 0.027200475335121155 -0.0030936235561966896 0.05578732490539551
v 0.02723369374871254 -0.004339725710451603 0.05369985103607178
v 0.02724124863743782 -0.005179440602660179 0.051363565027713776
v 0.027232367545366287 -0.005545414984226227 0.04891729727387428
v 0.02720377966761589 -0.005427485331892967 0.04644434154033661
v 0.02716655656695366 -0.00483317393809557 0.0440620481967926
v 0.027113139629364014 -0.0037835724651813507 0.04183989018201828
v 0.027046997100114822 -0.0023178625851869583 0.039866287261247635
v 0.02698141150176525 -0.0005650781095027924 0.038164425641298294
v 0.026898695155978203 0.0015416545793414116 0.036899060010910034
v 0.026811540126800537 0.003857271745800972 0.03607148677110672
v 0.026723776012659073 0.006287965923547745 0.0357123464345932
v 0.02578659914433956 -0.001474848948419094 0.05746825039386749
v 0.025472421199083328 -0.002993921749293804 0.05582524463534355
v 0.025195544585585594 -0.004230324178934097 0.05372148007154465
v 0.024978410452604294 -0.005046946927905083 0.05140171945095062
v 0.02482994645833969 -0.00540066696703434 0.04896096885204315
v 0.02475792169570923 -0.005277927033603191 0.04649975895881653
v 0.024765620008111 -0.004685330204665661 0.044112637639045715
v 0.02485164999961853 -0.003643288277089596 0.041888363659381866
v 0.02501983940601349 -0.0022575631737709045 0.03986026719212532
v 0.025249570608139038 -0.00045679323375225067 0.038201216608285904
v 0.02553722634911537 0.0016282657161355019 0.036928899586200714
v 0.025874054059386253 0.003915256820619106 0.036092109978199005
v 0.026245996356010437 0.006318128667771816 0.0357230007648468
v 0.024458790197968483 -0.0011308640241622925 0.057532601058483124
v 0.02379680797457695 -0.0025623273104429245 0.05589917302131653
v 0.02322414517402649 -0.003725362941622734 0.053807102143764496
v 0.022788185626268387 -0.004480656236410141 0.05150272697210312
v 0.022505298256874084 -0.004796950146555901 0.04907388240098953
v 0.022389449179172516 -0.004660977050662041 0.04661822319030762
v 0.02244146540760994 -0.004078289493918419 0.04423007369041443
v 0.022661589086055756 -0.0030689379200339317 0.0419999435544014
v 0.02304777130484581 -0.0017390577122569084 0.039961397647857666
v 0.023571588099002838 -1.614633947610855e-05 0.038287147879600525
v 0.02422001212835312 0.0019750064238905907 0.03699665516614914
v 0.024966003373265266 0.004155064933001995 0.03613847494125366
v 0.02578284963965416 0.006440219469368458 0.035746555775403976
v 0.023224711418151855 -0.0005351221188902855 0.05762990191578865
v 0.022241540253162384 -0.0018293987959623337 0.056009382009506226
v 0.021394165232777596 -0.0028497250750660896 0.05394843965768814
v 0.02075447142124176 -0.0035021062940359116 0.05166533216834068
v 0.020348016172647476 -0.0037552742287516594 0.04925059527158737
v 0.0201883427798748 -0.003598082810640335 0.04679924249649048
v 0.020283862948417664 -0.0030355583876371384 0.04440673813223839
v 0.020628636702895164 -0.0020904839038848877 0.04216612130403519
v 0.02121642604470253 -0.000849568285048008 0.04011578485369682
v 0.02201429009437561 0.0007413951680064201 0.03841962665319443
v 0.022995777428150177 0.0025701476261019707 0.03710074722766876
v 0.02412383072078228 0.00456466618925333 0.036210332065820694
v 0.025353163480758667 0.006648681126534939 0.03578324615955353
v 0.022131716832518578 0.0002974215894937515 0.057768143713474274
v 0.02086501382291317 -0.0007939506322145462 0.05616816133260727
v 0.01977427303791046 -0.00163363479077816 0.05413985624909401
v 0.01895519159734249 -0.002148441970348358 0.05188266932964325
v 0.018438298255205154 -0.002316294237971306 0.04948287084698677
v 0.018242232501506805 -0.0021302420645952225 0.047037504613399506
v 0.018375307321548462 -0.0015962449833750725 0.04464074224233627
v 0.018832653760910034 -0.0007780399173498154 0.04235202074050903
v 0.019595956429839134 0.0003777565434575081 0.04031851887702942
v 0.020636392757296562 0.0017857355996966362 0.03859185427427292
v 0.02191299758851528 0.003390316851437092 0.03723612427711487
v 0.023377271369099617 0.005129513330757618 0.036303501576185226
v 0.024973569437861443 0.006937379948794842 0.03583063185214996
v 0.021224582567811012 0.0013210456818342209 0.05793428421020508
v 0.019720973446965218 0.0004909336566925049 0.05636917054653168
v 0.018428944051265717 -0.0001250132918357849 0.054378632456064224
v 0.01745915412902832 -0.00047237053513526917 0.05214732885360718
v 0.016850102692842484 -0.0005360674113035202 0.049763672053813934
v 0.01662319153547287 -0.000315333716571331 0.047323521226644516
v 0.0167885422706604 0.0001839352771639824 0.04492076858878136
v 0.017337610945105553 0.0009407037869095802 0.04264944791793823
v 0.018248973414301872 0.0018955813720822334 0.040560729801654816
v 0.01949053257703781 0.003076239489018917 0.03879813477396965
v 0.021013054996728897 0.004404381848871708 0.03739818185567856
v 0.02275746315717697 0.005828683264553547 0.0364152267575264
v 0.02465704083442688 0.0072926683351397514 0.035887639969587326
v 0.020537251606583595 0.002498941496014595 0.0581212192773819
v 0.01885354146361351 0.0019721761345863342 0.0565984882414341
v 0.017405681312084198 0.0016152150928974152 0.05464867874979973
v 0.01632193848490715 0.0014623180031776428 0.052444860339164734
v 0.01564398594200611 0.0015167780220508575 0.05007932335138321
v 0.015394093468785286 0.0017795432358980179 0.04764551669359207
v 0.015585945919156075 0.0022362275049090385 0.045237600803375244
v 0.01620691455900669 0.002873663790524006 0.042943909764289856
v 0.017227163538336754 0.003645346499979496 0.04083435982465744
v 0.01862156391143799 0.004563565365970135 0.03902992606163025
v 0.0203300341963768 0.005573775619268417 0.03758028522133827
v 0.022287191823124886 0.006633253768086433 0.03654034808278084
v 0.02441755309700966 0.007703259587287903 0.03595134988427162
v 0.020093366503715515 0.003784961998462677 0.058322347700595856
v 0.018293160945177078 0.00359174981713295 0.05684957653284073
v 0.016746602952480316 0.0035197045654058456 0.05494041368365288
v 0.01559160090982914 0.003580348566174507 0.05276697129011154
v 0.01486806571483612 0.0037664826959371567 0.05041925609111786
v 0.014606459066271782 0.004072170704603195 0.04799133539199829
v 0.01481262594461441 0.004484966397285461 0.04557785764336586
v 0.015478216111660004 0.0049934061244130135 0.04326777160167694
v 0.016569053754210472 0.005558549426496029 0.04112665355205536
v 0.018062198534607887 0.00619190838187933 0.03927900642156601
v 0.01989101432263851 0.006851724348962307 0.03777601569890976
v 0.021983997896313667 0.007513958029448986 0.03667564317584038
v 0.024263158440589905 0.008152443915605545 0.036020368337631226
v -0.036677323281764984 0.0026197750121355057 0.06097585707902908
v -0.038245297968387604 0.00263824500143528 0.060512326657772064
v -0.03969189524650574 0.002705927938222885 0.05975203961133957
v -0.040906332433223724 0.0028190892189741135 0.05876270681619644
v -0.0366552397608757 0.002934848889708519 0.06102164089679718
v -0.038203366100788116 0.003256947733461857 0.06060217320919037
v -0.03963209688663483 0.00360319297760725 0.05988653004169464
v -0.04083120822906494 0.003948090597987175 0.058937735855579376
v -0.036574214696884155 0.003240225836634636 0.06106831133365631
v -0.038042403757572174 0.0038535650819540024 0.06069386005401611
v -0.039397574961185455 0.004470642656087875 0.060017623007297516
v -0.04053564742207527 0.00504086259752512 0.059101276099681854
v -0.036433666944503784 0.003523353487253189 0.0611097514629364
v -0.037765540182590485 0.004409639164805412 0.0607745498418808
v -0.03899667412042618 0.0052764080464839935 0.06013605743646622
v -0.04003036767244339 0.006056459620594978 0.05925145745277405
v -0.03623940795660019 0.003773082047700882 0.06114675849676132
v -0.037385500967502594 0.004900211468338966 0.06084731966257095
v -0.03844447433948517 0.005989097058773041 0.0602378323674202
v -0.03933466970920563 0.006955504417419434 0.059377752244472504
v -0.036000244319438934 0.00398244708776474 0.06117640435695648
v -0.03691559284925461 0.005309373140335083 0.0609024316072464
v -0.0377621054649353 0.006581554189324379 0.060319215059280396
v -0.038474343717098236 0.0076996758580207825 0.059481456875801086
v -0.035724490880966187 0.004139751195907593 0.06119769066572189
v -0.03637417405843735 0.005619138479232788 0.06094512343406677
v -0.036976493895053864 0.0070313941687345505 0.06037907302379608
v -0.037484295666217804 0.008264990523457527 0.05955354869365692
v -0.03542149066925049 0.004242101684212685 0.06120917201042175
v -0.03578254580497742 0.005819357931613922 0.06096599996089935
v -0.036117397248744965 0.0073218271136283875 0.060411736369132996
v -0.036402128636837006 0.008630265481770039 0.059594959020614624
v -0.03510577604174614 0.0042829737067222595 0.06121215224266052
v -0.03516249358654022 0.005900505930185318 0.06097334623336792
v -0.035217948257923126 0.007440643385052681 0.06042104959487915
v -0.0352691113948822 0.008782976306974888 0.059606365859508514
v -0.03478780388832092 0.004263203591108322 0.06120440363883972
v -0.03453825041651726 0.005861243233084679 0.06095750629901886
v -0.034313201904296875 0.007383614778518677 0.06040111184120178
v -0.034130655229091644 0.008711914531886578 0.059588655829429626
v -0.03447926416993141 0.004181386902928352 0.06118771433830261
v -0.03393508493900299 0.005701221525669098 0.06092846393585205
v -0.03343811631202698 0.007152372971177101 0.060359105467796326
v -0.03302694112062454 0.00842359010130167 0.05953720957040787
v -0.03419380635023117 0.004042267799377441 0.0611630380153656
v -0.03337451443076134 0.005427978932857513 0.06087864190340042
v -0.03262483701109886 0.0067559219896793365 0.06028907746076584
v -0.03200196474790573 0.007922322489321232 0.05945123732089996
v -0.033941470086574554 0.0038495808839797974 0.061130642890930176
v -0.03287934511899948 0.0050515104085206985 0.06081642210483551
v -0.03190520405769348 0.0062099639326334 0.06019587814807892
v -0.031092407181859016 0.007234024815261364 0.05933144688606262
v -0.03373142331838608 0.003613581880927086 0.06109026074409485
v -0.03246800974011421 0.004587724804878235 0.06073668599128723
v -0.031307727098464966 0.0055349525064229965 0.06008348613977432
v -0.030339568853378296 0.006381559185683727 0.059189364314079285
v -0.03357299044728279 0.0033408794552087784 0.061046063899993896
v -0.03215506300330162 0.004051666706800461 0.060652561485767365
v -0.03085428662598133 0.004757620394229889 0.05995748192071915
v -0.029768802225589752 0.0054016439244151115 0.05902639031410217
v -0.03347020223736763 0.0030414778739213943 0.06099918484687805
v -0.03195546194911003 0.0034670811146497726 0.06055699288845062
v -0.03056436963379383 0.003908827900886536 0.05981682986021042
v -0.029402414336800575 0.0043321410194039345 0.058851875364780426
v -0.03343002498149872 0.0027297474443912506 0.06094904989004135
v -0.03187461197376251 0.0028538694605231285 0.06046030670404434
v -0.030446596443653107 0.003020097501575947 0.059676095843315125
v -0.029252691194415092 0.003211374394595623 0.058672189712524414
v -0.03344946354627609 0.0024146120995283127 0.060903675854206085
v -0.031914375722408295 0.0022362573072314262 0.060366660356521606
v -0.030507396906614304 0.002125377766788006 0.0595359206199646
v -0.02933022752404213 0.0020836116746068 0.05849725753068924
v -0.03353224694728851 0.002108554355800152 0.060857757925987244
v -0.0320744626224041 0.0016373265534639359 0.06028054654598236
v -0.03073902241885662 0.0012567434459924698 0.059411048889160156
v -0.02962394617497921 0.00099166389554739 0.058335915207862854
v -0.03367195650935173 0.0018245428800582886 0.06081783026456833
v -0.032351620495319366 0.001081935130059719 0.06019657105207443
v -0.031139129772782326 0.0004507666453719139 0.05929359048604965
v -0.030125468969345093 -2.7517788112163544e-05 0.05819443613290787
v -0.033864546567201614 0.0015723314136266708 0.06078670173883438
v -0.03272809833288193 0.00058733019977808 0.06013575941324234
v -0.03168719261884689 -0.0002668052911758423 0.059198468923568726
v -0.030817242339253426 -0.0009309714660048485 0.05806922912597656
v -0.03410283476114273 0.0013616830110549927 0.06075949966907501
v -0.03319667652249336 0.00017699692398309708 0.06007953733205795
v -0.03236648440361023 -0.0008638715371489525 0.05912209302186966
v -0.031675755977630615 -0.0016829054802656174 0.05797375738620758
v -0.034377504140138626 0.0012024249881505966 0.06074193865060806
v -0.03373626992106438 -0.00013735517859458923 0.06004658341407776
v -0.03315021097660065 -0.0013186382129788399 0.059069015085697174
v -0.03266367316246033 -0.0022572940215468407 0.05790215730667114
v -0.03467981889843941 0.0010983133688569069 0.06073199212551117
v -0.034326836466789246 -0.0003394726663827896 0.06002355366945267
v -0.034007903188467026 -0.0016116974875330925 0.059035442769527435
v -0.03374496102333069 -0.00262498389929533 0.05786263197660446
v -0.034995388239622116 0.0010568592697381973 0.060730233788490295
v -0.03494676202535629 -0.00042305607348680496 0.060023777186870575
v -0.03490704298019409 -0.0017337510362267494 0.05903369188308716
v -0.03487924113869667 -0.002780417911708355 0.05784909427165985
v -0.03531322628259659 0.001075861044228077 0.06073876470327377
v -0.03557077795267105 -0.0003841724246740341 0.06003662943840027
v -0.0358123853802681 -0.0016761301085352898 0.05905354768037796
v -0.03602089732885361 -0.0027087023481726646 0.057883307337760925
v -0.03562254458665848 0.0011584339663386345 0.060754671692848206
v -0.0361752063035965 -0.00022464152425527573 0.060071252286434174
v -0.03668902814388275 -0.001444741152226925 0.05910186469554901
v -0.03712483495473862 -0.0024159755557775497 0.057940103113651276
v -0.035908669233322144 0.0012975363060832024 0.060779161751270294
v -0.03673636168241501 5.038268864154816e-05 0.060116253793239594
v -0.037503182888031006 -0.001045847311615944 0.05916902422904968
v -0.038150958716869354 -0.0019118953496217728 0.05802593380212784
v -0.03616170585155487 0.0014921743422746658 0.0608087033033371
v -0.0372336283326149 0.0004285825416445732 0.06017959117889404
v -0.03822365403175354 -0.0004963073879480362 0.05925743281841278
v -0.03905780613422394 -0.0012151934206485748 0.0581316277384758
v -0.03637300431728363 0.0017303414642810822 0.06084483861923218
v -0.037646546959877014 0.0008956389501690865 0.06025044620037079
v -0.038824185729026794 0.00018100813031196594 0.05936624854803085
v -0.03981183469295502 -0.0003587370738387108 0.05826824903488159
v -0.03505071997642517 0.002649730071425438 0.0611267015337944
v -0.03653281182050705 0.002005409449338913 0.06088549643754959
v -0.03796115517616272 0.0014344314113259315 0.06033340096473694
v -0.039280153810977936 0.0009616483002901077 0.05948692560195923
v -0.040384888648986816 0.0006225630640983582 0.05842263996601105
v -0.03663485497236252 0.0023070797324180603 0.06092909723520279
v -0.0381622239947319 0.0020235301926732063 0.06041780859231949
v -0.03957168012857437 0.0018158257007598877 0.059613458812236786
v -0.0407564714550972 0.0016942452639341354 0.05859368294477463
v -0.04209354519844055 0.002910023555159569 0.05791889876127243
v -0.04393317550420761 0.003070274367928505 0.05649430304765701
v -0.04551170766353607 0.003309953957796097 0.05462814122438431
v -0.04669235646724701 0.0035997722297906876 0.052491702139377594
v -0.047432005405426025 0.003927223384380341 0.05016747862100601
v -0.04770231246948242 0.004275966435670853 0.04774394631385803
v -0.04749158024787903 0.0046401722356677055 0.0453258752822876
v -0.04680747538805008 0.005007605068385601 0.04299450293183327
v -0.04567673057317734 0.005364100448787212 0.040840961039066315
v -0.04414323717355728 0.005694038234651089 0.038949690759181976
v -0.04226741939783096 0.005984925664961338 0.03739165514707565
v -0.04011975973844528 0.0062251100316643715 0.0362284854054451
v -0.03779716044664383 0.006386932916939259 0.03550076484680176
v -0.04200329631567001 0.00426722876727581 0.058129727840423584
v -0.04381459951400757 0.004780301824212074 0.05675329267978668
v -0.04536949843168259 0.0053231436759233475 0.0549306720495224
v -0.046535737812519073 0.005832334980368614 0.05282355844974518
v -0.047269925475120544 0.00629801582545042 0.05051850527524948
v -0.04753788560628891 0.0066954633221030235 0.0481049008667469
v -0.047331176698207855 0.007015456445515156 0.04567636549472809
v -0.04665650427341461 0.007245202548801899 0.04332394897937775
v -0.04554098844528198 0.007378497160971165 0.0411374568939209
v -0.04402812570333481 0.007406990043818951 0.0392015278339386
v -0.04217669367790222 0.007331744767725468 0.03758925199508667
v -0.040057674050331116 0.007155039347708225 0.0363638773560524
v -0.037766240537166595 0.006860244087874889 0.035570718348026276
v -0.041646361351013184 0.005581555888056755 0.05832863599061966
v -0.043361976742744446 0.0064421240240335464 0.056999869644641876
v -0.0448426753282547 0.007268065586686134 0.05521494150161743
v -0.045946672558784485 0.007992197759449482 0.0531393364071846
v -0.04664383828639984 0.00859170500189066 0.050854556262493134
v -0.04690071940422058 0.009037773124873638 0.0484473779797554
v -0.046706072986125946 0.009313915856182575 0.046011313796043396
v -0.046067461371421814 0.009410775266587734 0.04363810643553734
v -0.04501138627529144 0.009328148327767849 0.041419677436351776
v -0.04357835650444031 0.009066441096365452 0.039441417902708054
v -0.04182330518960953 0.008634904399514198 0.03777800500392914
v -0.03983300179243088 0.008029628545045853 0.036491796374320984
v -0.03764265775680542 0.007319060154259205 0.03563724458217621
v -0.041037313640117645 0.006801925599575043 0.058503709733486176
v -0.042597584426403046 0.007980478927493095 0.05721432715654373
v -0.04393757879734039 0.009069091640412807 0.05546906590461731
v -0.044942907989025116 0.009996077977120876 0.05342523008584976
v -0.04557757079601288 0.01072020921856165 0.05115981772542
v -0.045812591910362244 0.011210029013454914 0.04875914752483368
v -0.045638248324394226 0.01144529040902853 0.04631640017032623
v -0.04506248980760574 0.011422183364629745 0.04392671585083008
v -0.0441073402762413 0.011139115318655968 0.04167898744344711
v -0.04280998557806015 0.010607020929455757 0.03966183215379715
v -0.04121962934732437 0.009846489876508713 0.0379510372877121
v -0.03939756751060486 0.008886919356882572 0.03661264106631279
v -0.037431471049785614 0.007745095528662205 0.03569841757416725
v -0.04020144045352936 0.007880774326622486 0.05865488201379776
v -0.04154399037361145 0.009337148629128933 0.057401955127716064
v -0.04269970953464508 0.010665432550013065 0.055693551898002625
v -0.04356241226196289 0.011763502843677998 0.05367311090230942
v -0.04411204904317856 0.012602337636053562 0.05142459273338318
v -0.044317588210105896 0.013131973333656788 0.04902948811650276
v -0.044172100722789764 0.013333768583834171 0.0465812161564827
v -0.043681517243385315 0.013201575726270676 0.04417550563812256
v -0.04286481440067291 0.012741373851895332 0.041902437806129456
v -0.041752785444259644 0.011969594284892082 0.03985167294740677
v -0.040389180183410645 0.010917775332927704 0.03809988498687744
v -0.0388471856713295 0.009604686871170998 0.03671438619494438
v -0.037139736115932465 0.008121320977807045 0.03575073927640915
v -0.039166711270809174 0.008779744617640972 0.05877342075109482
v -0.040248118340969086 0.010455935262143612 0.057559117674827576
v -0.04116927087306976 0.011990389786660671 0.055879443883895874
v -0.04186403006315231 0.013239872641861439 0.05388011038303375
v -0.04230491816997528 0.014170503243803978 0.05163884162902832
v -0.0424739345908165 0.014731250703334808 0.04924645274877548
v -0.04236247390508652 0.014903264120221138 0.04679366573691368
v -0.04197683930397034 0.014680560678243637 0.04437468945980072
v -0.04133043438196182 0.014072651043534279 0.04208166152238846
v -0.040448226034641266 0.013102587312459946 0.040003757923841476
v -0.03936409950256348 0.01180785521864891 0.038219183683395386
v -0.038141414523124695 0.010219205170869827 0.03679698705673218
v -0.036780864000320435 0.008435477502644062 0.035793133080005646
v -0.03797879070043564 0.009448363445699215 0.05885593593120575
v -0.03874979168176651 0.011301605962216854 0.05767305940389633
v -0.039408281445503235 0.012993843294680119 0.05601763725280762
v -0.03990480303764343 0.014364727772772312 0.05402371287345886
v -0.04022388160228729 0.015362021513283253 0.051790088415145874
v -0.04034961760044098 0.01594509184360504 0.04940047487616539
v -0.040279731154441833 0.016094036400318146 0.04694422334432602
v -0.04001358896493912 0.015802081674337387 0.04451665282249451
v -0.0395636186003685 0.015081668272614479 0.0422096773982048
v -0.03894580155611038 0.013960938900709152 0.04011236131191254
v -0.038208648562431335 0.012466810643672943 0.038305219262838364
v -0.037328869104385376 0.010685916990041733 0.03685642406344414
v -0.03636590391397476 0.008673025295138359 0.03582347556948662
v -0.03667840361595154 0.009892736561596394 0.058904774487018585
v -0.03711037337779999 0.011864288710057735 0.05773957818746567
v -0.037481874227523804 0.013654095120728016 0.05609390139579773
v -0.0377618744969368 0.015089319087564945 0.054102569818496704
v -0.03794647753238678 0.016127657145261765 0.051872603595256805
v -0.0380275622010231 0.016724973917007446 0.04948463290929794
v -0.03800062835216522 0.01685931161046028 0.047027572989463806
v -0.03786736726760864 0.016523022204637527 0.044596027582883835
v -0.037632450461387634 0.01573050394654274 0.04228104278445244
v -0.037302762269973755 0.014512316323816776 0.04017280787229538
v -0.03691859543323517 0.012903250753879547 0.038354262709617615
v -0.03643960505723953 0.01098746806383133 0.036890409886837006
v -0.035912349820137024 0.008826585486531258 0.03584078326821327
v -0.03532198816537857 0.010075301863253117 0.058918192982673645
v -0.03539002686738968 0.012099080719053745 0.057743221521377563
v -0.03545708954334259 0.013920876197516918 0.05609072744846344
v -0.035515621304512024 0.015383495949208736 0.05410896986722946
v -0.03556293249130249 0.01643827185034752 0.05188416689634323
v -0.03559548407793045 0.01704319193959236 0.049493689090013504
v -0.035616979002952576 0.017168235033750534 0.04704086482524872
v -0.03562159836292267 0.016814876347780228 0.04460936784744263
v -0.03561090677976608 0.015993453562259674 0.042294226586818695
v -0.03561034053564072 0.014731093309819698 0.04018879681825638
v -0.03556656837463379 0.013083042576909065 0.03836434334516525
v -0.03550782799720764 0.01111082173883915 0.036897290498018265
v -0.03543759137392044 0.008889595046639442 0.0358443558216095
v -0.03395596891641617 0.009991669096052647 0.05890662223100662
v -0.03365851193666458 0.011987256817519665 0.05769885331392288
v -0.03341143578290939 0.01377702597528696 0.05601225793361664
v -0.033253371715545654 0.015233985148370266 0.05404454469680786
v -0.03316378593444824 0.016282077878713608 0.05182293429970741
v -0.03315141797065735 0.0168822780251503 0.04943862557411194
v -0.033218786120414734 0.017013177275657654 0.046985551714897156
v -0.03336193412542343 0.016667887568473816 0.044556066393852234
v -0.033574678003787994 0.015861626714468002 0.04224218428134918
v -0.033879268914461136 0.014622039161622524 0.04015115275979042
v -0.034205205738544464 0.012996906414628029 0.03833480551838875
v -0.03457018733024597 0.011051837354898453 0.03687700629234314
v -0.034959688782691956 0.008859405294060707 0.035833992063999176
v -0.032628729939460754 0.009658648632466793 0.058851324021816254
v -0.03198506683111191 0.011549779213964939 0.05761207640171051
v -0.03144274652004242 0.01324827503412962 0.05589275062084198
v -0.03106582537293434 0.014652007259428501 0.05392204970121384
v -0.030842270702123642 0.01566615328192711 0.05169885605573654
v -0.0307852141559124 0.016254208981990814 0.04931354895234108
v -0.0308979544788599 0.016396168619394302 0.04686279594898224
v -0.03117493912577629 0.01608632504940033 0.04443980008363724
v -0.03163113072514534 0.015344877727329731 0.04215340316295624
v -0.032201558351516724 0.014180894009768963 0.04006488621234894
v -0.03288821130990982 0.0126503836363554 0.03826721012592316
v -0.03366239741444588 0.010812155902385712 0.03683018311858177
v -0.034496694803237915 0.008737411350011826 0.03581015020608902
v -0.031398922204971313 0.009045002050697803 0.05874398350715637
v -0.03043423406779766 0.010788473300635815 0.05748102813959122
v -0.02962113544344902 0.012363982386887074 0.055745892226696014
v -0.029038075357675552 0.01366391684859991 0.053751714527606964
v -0.028689738363027573 0.014614229090511799 0.051515962928533554
v -0.02858983352780342 0.01518153864890337 0.049126915633678436
v -0.02874377742409706 0.015342769213020802 0.046678200364112854
v -0.029144305735826492 0.01509325671941042 0.044264890253543854
v -0.029800403863191605 0.014454436488449574 0.04199846088886261
v -0.03064468502998352 0.013424103148281574 0.03993331640958786
v -0.031664036214351654 0.012055402621626854 0.038163527846336365
v -0.03282022476196289 0.010402552783489227 0.036758922040462494
v -0.034067027270793915 0.008528927341103554 0.035773903131484985
v -0.030300404876470566 0.008217168040573597 0.05859482288360596
v -0.029060285538434982 0.009747124277055264 0.057312265038490295
v -0.028010888025164604 0.011147682555019855 0.05556275695562363
v -0.027245404198765755 0.012305487878620625 0.05353491008281708
v -0.026785843074321747 0.013168049044907093 0.051279470324516296
v -0.02664858289062977 0.013704224489629269 0.048883236944675446
v -0.0268391203135252 0.013891664333641529 0.04643844813108444
v -0.027349725365638733 0.013726294972002506 0.04403853416442871
v -0.02818029373884201 0.013227035291492939 0.04179580509662628
v -0.029267020523548126 0.012380054220557213 0.03976099193096161
v -0.030581483617424965 0.011235229671001434 0.03802819550037384
v -0.032073892652988434 0.0098378024995327 0.036665789783000946
v -0.03368756175041199 0.008240314200520515 0.03572630137205124
v -0.029391909018158913 0.007192130200564861 0.0584302693605423
v -0.027919869869947433 0.008461113087832928 0.05711335688829422
v -0.026670409366488457 0.009639007039368153 0.05533721297979355
v -0.0257541686296463 0.010626132600009441 0.0532756969332695
v -0.025201553478837013 0.01138284895569086 0.050998616963624954
v -0.02503344416618347 0.01188116054981947 0.04859503358602524
v -0.025255655869841576 0.012100842781364918 0.046153172850608826
v -0.025859013199806213 0.012036859057843685 0.043769095093011856
v -0.026833783835172653 0.011709771119058132 0.041553281247615814
v -0.028121531009674072 0.011089814826846123 0.039554789662361145
v -0.02968168817460537 0.010221241042017937 0.0378662534058094
v -0.03145425021648407 0.00913863442838192 0.036554258316755295
v -0.033371105790138245 0.007884984835982323 0.03566968813538551
v -0.028702938929200172 0.006014435552060604 0.05823729932308197
v -0.02705426886677742 0.006978699006140232 0.05688275396823883
v -0.025650931522250175 0.007898581214249134 0.05507272481918335
v -0.02462199702858925 0.008689184673130512 0.052977077662944794
v -0.024000102654099464 0.009324594400823116 0.05068043991923332
v -0.02380972169339657 0.009777792729437351 0.04826972633600235
v -0.024055084213614464 0.010038179345428944 0.04583410918712616
v -0.02472655288875103 0.010091501288115978 0.04346824437379837
v -0.02581176534295082 0.0099604781717062 0.04128007963299751
v -0.027252573519945145 0.009602250531315804 0.03932265192270279
v -0.028998883441090584 0.009051794186234474 0.03768402338027954
v -0.030984079465270042 0.008334057405591011 0.03642880916595459
v -0.03313169628381729 0.007474426180124283 0.03560570627450943
v -0.028259914368391037 0.00472737941890955 0.05803164094686508
v -0.026496445760130882 0.005355884321033955 0.056630462408065796
v -0.024992359802126884 0.005994514562189579 0.054787613451480865
v -0.023890193551778793 0.0065688518807291985 0.05266159772872925
v -0.023223957046866417 0.007072110660374165 0.05034404993057251
v -0.02302049845457077 0.007481100969016552 0.04792468994855881
v -0.02328450046479702 0.007778243161737919 0.04549484699964523
v -0.02400856465101242 0.007948440499603748 0.04315027967095375
v -0.025154167786240578 0.00804658979177475 0.040987178683280945
v -0.02669357694685459 0.007973944768309593 0.03907358646392822
v -0.02855999395251274 0.007773758843541145 0.0374886617064476
v -0.030680973082780838 0.007453287020325661 0.036294419318437576
v -0.03297734260559082 0.0070251524448394775 0.03553733974695206
v -0.028080090880393982 0.003379696048796177 0.05781645327806473
v -0.02626516856253147 0.0036598416045308113 0.05636979639530182
v -0.024723196402192116 0.004000700078904629 0.05448470264673233
v -0.023592378944158554 0.004354898817837238 0.05232878774404526
v -0.022910000756382942 0.004719958640635014 0.04999241232872009
v -0.022696707397699356 0.005081498064100742 0.047564271837472916
v -0.02297046035528183 0.005422667600214481 0.04514863342046738
v -0.023703936487436295 0.005762034095823765 0.04282332584261894
v -0.02488623559474945 0.0060428716242313385 0.040685899555683136
v -0.026465704664587975 0.0062696803361177444 0.03881736472249031
v -0.02838043123483658 0.006434192880988121 0.03728749603033066
v -0.03055739216506481 0.006530530750751495 0.03615604341030121
v -0.03291422501206398 0.00655488483607769 0.03546690568327904
v -0.028174636885523796 0.002025340683758259 0.05760622024536133
v -0.026381198316812515 0.0019510993734002113 0.05611235648393631
v -0.024857426062226295 0.0019841985777020454 0.054184094071388245
v -0.023741498589515686 0.0021162694320082664 0.05199674516916275
v -0.023065807297825813 0.002345002256333828 0.04964149743318558
v -0.022858090698719025 0.00266131479293108 0.04721067100763321
v -0.023124583065509796 0.0030548330396413803 0.04479990899562836
v -0.023863019421696663 0.0035039708018302917 0.04249866306781769
v -0.025018714368343353 0.004024887457489967 0.040388405323028564
v -0.02657792903482914 0.004553787410259247 0.03856375813484192
v -0.028469080105423927 0.005085311830043793 0.037088461220264435
v -0.030618252232670784 0.005601361393928528 0.036019690334796906
v -0.03294530510902405 0.0060812365263700485 0.035398032516241074
v -0.028528105467557907 0.0007110824808478355 0.057412728667259216
v -0.026830999180674553 0.00029486045241355896 0.05586875230073929
v -0.025386542081832886 3.291945904493332e-05 0.05390015244483948
v -0.024325979873538017 -5.0370581448078156e-05 0.05168195813894272
v -0.023685241118073463 4.541594535112381e-05 0.04930897057056427
v -0.02348923310637474 0.0003189379349350929 0.04687287658452988
v -0.02374465949833393 0.000758834183216095 0.04446908086538315
v -0.02443920448422432 0.001352624036371708 0.042187102138996124
v -0.02554553747177124 0.0020705312490463257 0.04010409116744995
v -0.027025911957025528 0.002890888601541519 0.03832205384969711
v -0.028820626437664032 0.003779992461204529 0.03689908981323242
v -0.030860811471939087 0.004701326601207256 0.03589196503162384
v -0.03306891769170761 0.005622400902211666 0.035331569612026215
v -0.029132090508937836 -0.0005117636173963547 0.057240769267082214
v -0.027593951672315598 -0.0012462940067052841 0.055651478469371796
v -0.026289498433470726 -0.001778172329068184 0.05364028364419937
v -0.02532975561916828 -0.0020630406215786934 0.051395125687122345
v -0.024750692769885063 -0.00208880752325058 0.04900453984737396
v -0.024573760107159615 -0.0018569491803646088 0.04656437784433365
v -0.024806009605526924 -0.0013738535344600677 0.04416975378990173
v -0.025438230484724045 -0.0006674863398075104 0.04189041256904602
v -0.02644704468548298 0.00025484245270490646 0.03984463959932327
v -0.027792414650321007 0.0013470267876982689 0.038101691752672195
v -0.029423067346215248 0.0025664223358035088 0.03672522306442261
v -0.031275950372219086 0.003866712562739849 0.03576985374093056
v -0.03328010439872742 0.005196316167712212 0.035270579159259796
v -0.02996644377708435 -0.0015945807099342346 0.057090483605861664
v -0.02864714339375496 -0.00261020939797163 0.05546184629201889
v -0.02752937562763691 -0.003380623646080494 0.053415656089782715
v -0.026708343997597694 -0.0038428129628300667 0.05114656686782837
v -0.02621445432305336 -0.003978203982114792 0.048741843551397324
v -0.026066014543175697 -0.0037817079573869705 0.04629668593406677
v -0.026269035413861275 -0.0032602353021502495 0.04390476271510124
v -0.02681729942560196 -0.0024531306698918343 0.04164010286331177
v -0.027688050642609596 -0.0013518361374735832 0.039620593190193176
v -0.028848223388195038 -1.9223429262638092e-05 0.037911154329776764
v -0.030252400785684586 0.001492825336754322 0.036575160920619965
v -0.03184710443019867 0.0031266650184988976 0.03566548600792885
v -0.03357195109128952 0.004820226691663265 0.03521700203418732
v -0.030998559668660164 -0.0024959277361631393 0.05697344243526459
v -0.029948968440294266 -0.0037443730980157852 0.055311545729637146
v -0.02906235307455063 -0.00471298024058342 0.0532376766204834
v -0.02841109409928322 -0.005323115736246109 0.050947822630405426
v -0.02802150882780552 -0.0055498406291007996 0.048530496656894684
v -0.027907779440283775 -0.005383309908211231 0.04608059301972389
v -0.028075532987713814 -0.004829760640859604 0.04369258135557175
v -0.028521304950118065 -0.0039368122816085815 0.04144034534692764
v -0.02922174148261547 -0.002687915228307247 0.03944011032581329
v -0.030152082443237305 -0.0011558346450328827 0.0377575047314167
v -0.03127695620059967 0.000600108876824379 0.036454539746046066
v -0.03255361318588257 0.002511841244995594 0.035582251846790314
v -0.03393108397722244 0.004506126046180725 0.03517454117536545
v -0.035358332097530365 0.006506719626486301 0.035243742167949677
v -0.032188333570957184 -0.003178657963871956 0.056893303990364075
v -0.03144972026348114 -0.004603764042258263 0.05520720034837723
v -0.03082672506570816 -0.005723124369978905 0.05311206728219986
v -0.030371595174074173 -0.006446293089538813 0.05080665275454521
v -0.030102508142590523 -0.006742308847606182 0.04837948828935623
v -0.030030038207769394 -0.0065988171845674515 0.04592613875865936
v -0.030157484114170074 -0.006021392531692982 0.04354126751422882
v -0.030478760600090027 -0.005031808279454708 0.04131540656089783
v -0.030988529324531555 -0.0037020547315478325 0.039310622960329056
v -0.03165449947118759 -0.002018445171415806 0.03764713183045387
v -0.032458022236824036 -7.771141827106476e-05 0.036367930471897125
v -0.03336610645055771 0.0020452579483389854 0.03552272170782089
v -0.03434564545750618 0.0042685819789767265 0.03514421358704567
v -0.033489421010017395 -0.0036201532930135727 0.05684459209442139
v -0.033090755343437195 -0.0051538581028580666 0.055153146386146545
v -0.032756611704826355 -0.006372286472469568 0.053044795989990234
v -0.03251642361283302 -0.007169559597969055 0.050728969275951385
v -0.0323796346783638 -0.007509745191782713 0.04829457402229309
v -0.03235195204615593 -0.007380688562989235 0.045838359743356705
v -0.032434843480587006 -0.0067891813814640045 0.04345463216304779
v -0.03262444585561752 -0.005755565129220486 0.04123324900865555
v -0.03292054310441017 -0.004355446435511112 0.03923700004816055
v -0.03329852968454361 -0.002574354410171509 0.03758426755666733
v -0.033748604357242584 -0.0005141953006386757 0.036318764090538025
v -0.034255631268024445 0.0017435653135180473 0.03548898547887802
v -0.03479922562837601 0.004114795476198196 0.03512800112366676
v -0.0348508395254612 -0.003803378902375698 0.05683407187461853
v -0.034808479249477386 -0.005367133766412735 0.055156633257865906
v -0.03477708250284195 -0.006635219324380159 0.05303676426410675
v -0.03476245701313019 -0.007464634720236063 0.05071593448519707
v -0.03476475179195404 -0.007823457010090351 0.04827967286109924
v -0.03478211909532547 -0.007700848393142223 0.04581836983561516
v -0.034819647669792175 -0.0071032396517694 0.04343752562999725
v -0.03487095609307289 -0.006052156910300255 0.04121728613972664
v -0.03494381904602051 -0.0046229129657149315 0.039222098886966705
v -0.035018857568502426 -0.0028023188933730125 0.03757128491997719
v -0.03510090708732605 -0.000693795271217823 0.03630850836634636
v -0.03518689423799515 0.0016211168840527534 0.0354829765856266
v -0.03527335822582245 0.00405122060328722 0.035128816962242126
v -0.03622329235076904 -0.003722929395735264 0.05685826390981674
v -0.03653865307569504 -0.0052549513056874275 0.05519741773605347
v -0.03681199997663498 -0.006506110075861216 0.05308268219232559
v -0.037023819983005524 -0.007321187295019627 0.05076611787080765
v -0.03716546297073364 -0.007672088220715523 0.04833187162876129
v -0.037232495844364166 -0.007546547334641218 0.04587562382221222
v -0.03722114861011505 -0.006951454095542431 0.04348957538604736
v -0.0371321365237236 -0.0059087080880999565 0.04126642644405365
v -0.03696892410516739 -0.004457476548850536 0.03928833454847336
v -0.03675060719251633 -0.002692841924726963 0.03760899603366852
v -0.036462292075157166 -0.0006077243015170097 0.03633776307106018
v -0.03612480312585831 0.001679176464676857 0.03550204634666443
v -0.0357518196105957 0.004081984981894493 0.035134587436914444
v -0.03755105286836624 -0.0033731916919350624 0.05692584067583084
v -0.03821311146020889 -0.004822797141969204 0.055273063480854034
v -0.038782425224781036 -0.005989759229123592 0.053179919719696045
v -0.03921390324831009 -0.006744269281625748 0.05087742954492569
v -0.0394916906952858 -0.007059404626488686 0.04845156520605087
v -0.03960328549146652 -0.006922499276697636 0.04599837213754654
v -0.03954749554395676 -0.006338316947221756 0.043609701097011566
v -0.03932284563779831 -0.00533005315810442 0.041378334164619446
v -0.03894057869911194 -0.00393651332706213 0.03938871622085571
v -0.03842843323945999 -0.0022507179528474808 0.03769545257091522
v -0.03777941316366196 -0.0002612536773085594 0.03640515357255936
v -0.03703242540359497 0.0019189929589629173 0.035548366606235504
v -0.03621482104063034 0.00420420803129673 0.035157158970832825
v -0.0387842059135437 -0.0027696508914232254 0.057030074298381805
v -0.0397677943110466 -0.004074845463037491 0.05539119988679886
v -0.040612757205963135 -0.005102356895804405 0.053329139947891235
v -0.0412483811378479 -0.005755648948252201 0.0510471910238266
v -0.04165073484182358 -0.0060087526217103004 0.048633232712745667
v -0.041805610060691833 -0.00585052277892828 0.04618357867002487
v -0.04170572757720947 -0.005286513827741146 0.043791621923446655
v -0.041356757283210754 -0.0043396372348070145 0.0415494367480278
v -0.0407712459564209 -0.0030450336635112762 0.03954192250967026
v -0.03998582810163498 -0.0014933440834283829 0.037827424705028534
v -0.039003923535346985 0.00033357925713062286 0.036508142948150635
v -0.03787495940923691 0.0023285774514079094 0.035619255155324936
v -0.03664478659629822 0.004412674345076084 0.035193074494600296
v -0.039875321090221405 -0.0019350368529558182 0.05716638267040253
v -0.04114261269569397 -0.003031030297279358 0.055557213723659515
v -0.04223193973302841 -0.0038760537281632423 0.05352777987718582
v -0.043048687279224396 -0.004392640665173531 0.05126874893903732
v -0.04356175661087036 -0.004560496658086777 0.04886987805366516
v -0.04375371336936951 -0.004372848197817802 0.046424902975559235
v -0.04361666738986969 -0.0038376962766051292 0.04402868449687958
v -0.043156638741493225 -0.0029752133414149284 0.041772473603487015
v -0.04239141196012497 -0.0018177805468440056 0.03974233567714691
v -0.04134932905435562 -0.0004099942743778229 0.03801725432276726
v -0.04008646309375763 0.0011542420834302902 0.03664391487836838
v -0.03862142562866211 0.0028931954875588417 0.03571188449859619
v -0.03702417016029358 0.0047014085575938225 0.03524036332964897
v -0.040780000388622284 -0.0009061731398105621 0.05732399970293045
v -0.04228629916906357 -0.0017393901944160461 0.05575668811798096
v -0.04357852786779404 -0.002358420751988888 0.05376611649990082
v -0.04454579949378967 -0.0027052871882915497 0.051535096019506454
v -0.04515119642019272 -0.0027680369094014168 0.04915255308151245
v -0.04537385702133179 -0.002547011710703373 0.04671436548233032
v -0.04520533233880997 -0.002046470530331135 0.04431165009737015
v -0.04465283453464508 -0.0012880908325314522 0.04203936457633972
v -0.04373755306005478 -0.0002996344119310379 0.03998216241598129
v -0.04249552637338638 0.0008809641003608704 0.038221027702093124
v -0.04098598659038544 0.0021693995222449303 0.036806508898735046
v -0.039240993559360504 0.0035926466807723045 0.03582372888922691
v -0.037340857088565826 0.005056622438132763 0.0352969691157341
v -0.041464440524578094 0.00027480535209178925 0.057506151497364044
v -0.04314956068992615 -0.0002505369484424591 0.05598171055316925
v -0.044599272310733795 -0.0006055114790797234 0.05403441935777664
v -0.04568299651145935 -0.0007568132132291794 0.051836296916007996
v -0.046357475221157074 -0.00070169847458601 0.04947210103273392
v -0.04660294950008392 -0.0004402501508593559 0.04703988879919052
v -0.04641128331422806 1.7374753952026367e-05 0.04463012516498566
v -0.04578891396522522 0.0006579505279660225 0.04233992099761963
v -0.04475957900285721 0.0014506606385111809 0.0402524471282959
v -0.04336245357990265 0.002365921624004841 0.03844946622848511
v -0.041654109954833984 0.003369866870343685 0.03699830174446106
v -0.03971085697412491 0.004397465847432613 0.035949237644672394
v -0.0375799760222435 0.0054672760888934135 0.035360902547836304
v -0.04191140830516815 0.0015613436698913574 0.05770896375179291
v -0.04371478408575058 0.001369464211165905 0.056235961616039276
v -0.045259542763233185 0.0013064546510577202 0.05432656407356262
v -0.04641231894493103 0.001378161832690239 0.052158795297145844
v -0.04713059961795807 0.001564549282193184 0.04981665313243866
v -0.047390297055244446 0.0018666768446564674 0.04739154130220413
v -0.04718276113271713 0.0022785207256674767 0.04497533664107323
v -0.04651493579149246 0.002783549018204212 0.04266234114766121
v -0.045412808656692505 0.0033621368929743767 0.0405421257019043
v -0.04391830414533615 0.003992428071796894 0.038695745170116425
v -0.042090341448783875 0.004646875895559788 0.037192121148109436
v -0.040013790130615234 0.005278493277728558 0.036084555089473724
v -0.03773452341556549 0.00591636635363102 0.035429492592811584
f 4 2 1
f 8 6 5
f 13 15 14
f 17 19 18
f 32 30 29
f 36 34 33
f 37 39 38
f 21 23 20
f 25 27 24
f 41 43 42
f 48 46 45
f 52 50 49
f 53 55 54
f 60 58 57
f 29 62 61
f 66 64 63
f 67 6 68
f 72 70 69
f 76 74 73
f 77 79 78
f 81 83 82
f 59 86 85
f 88 90 89
f 96 94 93
f 100 98 97
f 101 103 102
f 106 34 87
f 108 115 107
f 117 36 118
f 124 126 125
f 131 129 128
f 132 134 133
f 142 140 139
f 148 60 147
f 144 127 124
f 149 151 150
f 156 154 153
f 159 158 157
f 116 164 105
f 171 169 168
f 174 173 172
f 179 181 180
f 186 188 187
f 194 196 195
f 199 139 198
f 206 208 207
f 213 211 210
f 202 214 201
f 96 216 54
f 92 43 44
f 97 246 100
f 250 229 228
f 252 58 253
f 258 256 255
f 260 229 259
f 110 112 113
f 114 263 109
f 265 267 266
f 56 270 269
f 274 249 250
f 185 63 64
f 280 278 276
f 285 283 157
f 288 211 212
f 141 92 46
f 289 175 176
f 148 105 106
f 312 170 171
f 238 42 43
f 318 160 317
f 310 308 307
f 241 325 324
f 160 240 317
f 47 307 308
f 108 315 164
f 345 86 119
f 348 350 349
f 356 358 357
f 355 353 352
f 363 32 362
f 149 150 176
f 364 253 365
f 366 368 367
f 183 371 63
f 163 161 160
f 209 101 208
f 378 165 166
f 379 381 380
f 383 3 4
f 284 386 385
f 387 389 388
f 391 229 249
f 73 397 396
f 405 407 406
f 203 411 410
f 414 413 412
f 1 357 4
f 277 131 275
f 254 57 58
f 358 415 351
f 417 386 408
f 401 192 420
f 419 127 143
f 421 182 422
f 103 302 409
f 428 368 174
f 380 359 356
f 62 266 323
f 140 431 430
f 357 351 348
f 356 379 380
f 415 403 434
f 437 436 435
f 438 440 439
f 188 450 449
f 452 454 453
f 265 181 421
f 224 64 225
f 237 213 427
f 275 128 458
f 281 460 459
f 50 79 461
f 73 282 281
f 468 466 465
f 390 352 359
f 482 484 483
f 489 487 486
f 493 495 494
f 472 470 469
f 502 500 499
f 220 222 223
f 512 143 66
f 518 511 80
f 513 230 286
f 205 31 244
f 189 451 188
f 163 532 8
f 533 225 251
f 446 447 412
f 335 540 334
f 544 546 545
f 329 291 292
f 199 262 238
f 385 416 550
f 532 191 247
f 363 118 243
f 236 237 250
f 578 580 579
f 573 571 570
f 561 562 272
f 241 259 240
f 590 592 591
f 545 595 594
f 503 155 504
f 606 624 623
f 478 480 479
f 646 648 647
f 590 689 684
f 564 651 650
f 728 184 727
f 714 716 715
f 692 575 693
f 541 581 578
f 346 248 400
f 161 230 160
f 128 94 95
f 698 704 703
f 574 576 575
f 290 401 328
f 630 725 726
f 733 735 734
f 755 496 493
f 759 481 760
f 757 762 761
f 764 466 467
f 768 3808 3809
f 759 488 489
f 492 475 771
f 474 769 473
f 773 465 772
f 771 486 483
f 484 775 491
f 774 489 486
f 495 764 756
f 495 761 494
f 137 784 136
f 325 797 547
f 165 51 52
f 369 29 370
f 730 568 569
f 90 301 89
f 243 516 242
f 800 806 805
f 817 808 816
f 816 823 822
f 306 447 807
f 815 809 808
f 829 828 825
f 726 501 502
f 274 424 423
f 879 881 880
f 884 879 885
f 219 217 211
f 906 904 897
f 455 205 542
f 898 830 829
f 903 880 881
f 906 897 898
f 377 519 165
f 923 948 946
f 946 951 950
f 3519 739 3517
f 900 886 880
f 225 65 144
f 182 442 422
f 809 947 824
f 954 962 961
f 927 965 966
f 885 880 886
f 925 966 967
f 343 341 340
f 965 971 968
f 968 970 969
f 972 969 973
f 963 981 978
f 336 338 339
f 992 827 828
f 810 996 959
f 1007 1002 1008
f 1012 827 1009
f 1011 1007 1008
f 294 292 291
f 907 920 919
f 1017 1019 1018
f 1020 1022 1021
f 1035 1020 1044
f 1061 1047 1046
f 1063 1046 1062
f 1044 1021 1045
f 1102 1097 1109
f 1116 1118 1117
f 1016 1014 1013
f 881 904 903
f 816 1127 817
f 1094 949 1097
f 514 167 515
f 146 81 82
f 1133 1130 1129
f 1102 1126 822
f 822 1116 816
f 1145 1148 1136
f 1076 1151 1069
f 1148 1086 1087
f 1109 1114 1136
f 1154 1156 1155
f 1153 967 1156
f 3464 463 3714
f 1144 1152 1151
f 1156 1163 1162
f 1164 1169 1165
f 1145 1176 1147
f 1114 1154 1171
f 1183 1164 1177
f 1184 1177 1185
f 1069 1062 1064
f 1023 1194 1022
f 1162 1170 1169
f 1195 1185 1191
f 1183 1176 1155
f 1201 1152 1196
f 1061 1201 1202
f 3825 843 3836
f 1203 1195 1034
f 1202 1184 1195
f 1218 1203 1217
f 1060 1202 1203
f 1225 1217 1219
f 671 694 670
f 1219 1024 1035
f 1217 1034 1024
f 1226 1015 1227
f 1243 1234 1233
f 1231 1229 1228
f 847 1233 843
f 843 1244 878
f 1233 1245 1244
f 1923 233 216
f 2100 499 500
f 3914 2135 3900
f 61 323 505
f 210 217 457
f 1299 1309 1300
f 3863 1231 3862
f 1066 1321 1322
f 1322 1228 1229
f 1060 1321 1047
f 1325 1323 1310
f 1244 1332 1330
f 1290 1242 1288
f 1337 1339 1338
f 1330 1340 1339
f 1341 1245 1294
f 1342 1332 1341
f 1343 1341 1344
f 1344 1294 1293
f 3857 1345 1346
f 1347 1342 1343
f 3856 1295 1345
f 1349 1348 1347
f 3861 1347 3853
f 3853 1343 3857
f 906 829 1353
f 905 1353 1354
f 865 1355 1357
f 1355 829 825
f 1357 825 826
f 1356 1353 1355
f 3834 1338 3833
f 866 1356 865
f 1358 1354 1356
f 3828 1337 3834
f 838 1012 841
f 1363 1338 1339
f 1368 1339 1340
f 1348 1340 1342
f 1371 3824 3829
f 524 526 523
f 528 530 527
f 1372 1369 1371
f 535 537 538
f 1367 1348 1350
f 1370 1359 1369
f 1369 3833 3824
f 1373 903 904
f 555 557 558
f 1374 910 1373
f 1373 905 1375
f 1374 1375 1376
f 1375 1354 1370
f 1378 908 1377
f 376 651 1387
f 1388 973 969
f 586 588 585
f 1390 1388 1391
f 1391 969 970
f 597 599 596
f 600 602 603
f 1392 970 979
f 608 610 607
f 612 523 611
f 614 616 613
f 617 25 24
f 620 622 619
f 1397 1391 1392
f 1398 1392 1399
f 1400 920 1378
f 1402 1165 1169
f 636 638 635
f 930 1402 929
f 641 643 644
f 929 1169 1170
f 1404 1403 1402
f 1411 1365 1406
f 1412 1415 1414
f 652 654 655
f 609 657 658
f 659 661 662
f 558 586 585
f 665 667 664
f 1413 1406 1412
f 1418 3810 3813
f 1417 1371 1416
f 1416 3829 3810
f 1419 1416 1418
f 1386 1374 1420
f 677 679 676
f 1385 1420 1421
f 1420 1376 1422
f 685 687 688
f 1421 1422 1423
f 528 691 658
f 1422 1372 1417
f 1018 747 1425
f 699 701 702
f 1424 579 1017
f 3663 1767 3660
f 700 711 712
f 1093 3754 1571
f 717 530 719
f 721 723 720
f 704 3543 3554
f 19 1426 1430
f 1429 1427 1426
f 1658 3542 3544
f 1439 1434 1438
f 1437 1435 1434
f 1426 1433 1432
f 1442 1432 1440
f 742 744 745
f 1432 1441 1440
f 751 753 750
f 1438 1403 1405
f 1446 1444 1443
f 1447 1446 1443
f 3860 1443 3848
f 1415 1445 1446
f 1414 1446 1448
f 2173 469 470
f 777 779 686
f 780 782 783
f 1676 1806 1675
f 3859 1349 3861
f 789 791 788
f 745 793 742
f 652 795 653
f 1455 1457 1456
f 1454 1350 1452
f 610 802 801
f 3831 698 703
f 1352 1045 1351
f 1015 1459 1460
f 811 813 814
f 2118 3817 2117
f 819 821 818
f 1466 1194 1190
f 1467 1465 1466
f 1182 1468 1467
f 832 833 831
f 835 837 834
f 1467 1190 1182
f 1469 1444 1445
f 840 712 690
f 1453 1469 1454
f 599 845 846
f 1226 3849 3855
f 851 853 850
f 855 856 854
f 858 860 857
f 861 863 864
f 1014 3855 3858
f 867 868 869
f 870 872 873
f 874 876 877
f 1310 1471 1309
f 1476 1427 1475
f 1461 1475 1460
f 887 889 890
f 788 892 891
f 894 896 893
f 1460 1227 1015
f 901 524 612
f 1465 1477 1464
f 1865 3500 1864
f 911 913 914
f 916 918 915
f 1850 3507 1851
f 921 895 894
f 1479 1436 1478
f 926 667 601
f 1481 563 1480
f 269 84 1482
f 931 933 916
f 934 614 869
f 936 688 937
f 938 662 939
f 1484 122 123
f 941 835 834
f 320 509 510
f 1849 3505 1850
f 84 1484 83
f 1487 1488 539
f 1757 3502 3509
f 365 1491 364
f 461 80 511
f 117 362 1496
f 1494 541 1495
f 926 957 958
f 1477 1433 1476
f 1709 1585 1700
f 119 1496 345
f 271 504 156
f 511 189 186
f 345 1492 365
f 255 344 254
f 57 299 132
f 1501 268 1500
f 267 1499 145
f 974 976 977
f 1678 1693 1676
f 3846 1807 3840
f 557 663 558
f 983 984 985
f 1443 3849 3848
f 421 268 265
f 989 991 988
f 1490 418 1504
f 279 309 310
f 997 676 679
f 998 999 875
f 1504 38 1505
f 1506 1507 1486
f 360 1508 1506
f 1506 207 360
f 939 1006 938
f 270 1483 269
f 66 546 512
f 1010 793 935
f 367 437 1509
f 244 363 243
f 1670 3534 1669
f 209 1510 226
f 235 1512 1511
f 1511 234 235
f 388 426 425
f 427 250 237
f 161 521 231
f 100 45 44
f 1025 608 1027
f 1029 1031 1028
f 939 1033 1032
f 41 594 99
f 1036 783 1037
f 702 1038 1039
f 1040 1042 1043
f 362 369 1493
f 187 477 186
f 70 539 198
f 1511 1521 234
f 1049 603 1048
f 613 869 614
f 860 1051 857
f 1005 1053 1006
f 753 1056 1054
f 1057 1059 1055
f 293 1522 292
f 288 1521 1522
f 292 1523 329
f 331 1508 1524
f 306 453 305
f 100 41 99
f 462 78 79
f 330 1524 462
f 635 1068 636
f 1485 1526 1528
f 206 1528 1510
f 1070 1072 831
f 942 1073 1074
f 916 1075 917
f 440 1530 439
f 157 1514 285
f 1529 5 1530
f 371 546 63
f 790 663 791
f 1077 857 1078
f 1403 1435 1165
f 1080 1082 1079
f 531 1529 440
f 21 1084 1085
f 272 1531 561
f 137 396 397
f 690 802 691
f 335 3567 581
f 1090 1029 1091
f 1092 794 1042
f 1533 137 138
f 661 1095 1096
f 69 445 72
f 1099 1101 1098
f 38 1536 1505
f 1104 1106 1103
f 852 1108 853
f 1377 909 1386
f 291 411 294
f 316 516 33
f 539 1533 534
f 1505 316 313
f 1110 1112 1113
f 1539 460 264
f 522 1537 1539
f 834 1120 1119
f 1122 1124 1121
f 612 1041 901
f 935 615 614
f 276 130 131
f 1686 3522 1685
f 193 1541 273
f 231 1540 287
f 556 982 557
f 365 85 345
f 190 318 1541
f 1810 3574 3528
f 3924 3512 3791
f 1132 985 1131
f 208 102 132
f 1134 662 661
f 1491 80 77
f 429 1542 147
f 1137 915 918
f 172 428 174
f 1139 1141 1142
f 549 54 55
f 1517 1518 296
f 976 1146 938
f 834 984 941
f 1543 286 115
f 1544 239 513
f 133 1544 1542
f 506 257 258
f 420 328 401
f 1158 1160 1157
f 587 1103 588
f 1513 1514 151
f 607 1027 608
f 304 1545 303
f 364 77 506
f 69 198 139
f 1006 976 938
f 700 1112 701
f 3877 3525 3787
f 1166 657 656
f 1167 858 1077
f 1300 3524 1299
f 1172 1174 1175
f 218 200 217
f 1179 1181 1178
f 372 97 98
f 89 227 88
f 1186 1188 1189
f 172 1517 1549
f 1482 81 1498
f 1090 1193 1030
f 394 353 1551
f 526 1198 1197
f 811 858 812
f 1199 1026 1025
f 606 697 696
f 1204 1206 743
f 1207 523 526
f 1209 867 613
f 914 685 936
f 1478 1441 1477
f 1029 1161 1091
f 1211 1213 1214
f 3858 1451 3859
f 844 1216 845
f 423 273 274
f 1220 1222 1083
f 22 1224 23
f 882 897 881
f 1519 173 387
f 1189 1232 1178
f 349 550 416
f 1071 1236 1072
f 1237 1239 745
f 1221 1189 1240
f 1510 1512 333
f 939 1241 1005
f 1556 5 67
f 1553 394 1551
f 404 67 347
f 1247 1249 1246
f 142 238 92
f 1251 635 1250
f 850 1253 851
f 1254 1077 1255
f 57 133 429
f 443 552 551
f 1187 1175 1188
f 1256 831 833
f 432 382 383
f 741 747 746
f 434 351 415
f 349 383 348
f 251 1481 1480
f 395 352 353
f 1518 1550 1551
f 1558 378 340
f 109 314 315
f 285 1513 407
f 395 393 392
f 202 410 1558
f 417 405 432
f 1246 1258 1247
f 3 297 2
f 1259 1261 1262
f 403 347 284
f 955 953 952
f 462 51 330
f 1096 687 1263
f 429 60 57
f 896 1265 932
f 1267 1268 1266
f 423 327 420
f 37 180 40
f 20 1187 1186
f 1256 1071 1070
f 155 156 504
f 1188 1269 1232
f 1236 1271 1262
f 1272 535 621
f 565 463 464
f 1273 745 1239
f 876 1255 1274
f 316 164 315
f 437 503 1509
f 194 1495 197
f 1275 864 863
f 624 631 630
f 1277 1137 1278
f 569 567 566
f 1481 125 366
f 324 547 326
f 1279 1107 1280
f 1525 329 1523
f 1281 1137 918
f 171 1553 1552
f 1488 396 1533
f 1557 1562 1559
f 1282 1206 1205
f 1053 1278 1281
f 778 607 1283
f 713 3566 3569
f 251 144 124
f 4 348 383
f 709 707 706
f 728 45 246
f 261 1563 544
f 789 1287 790
f 74 263 282
f 403 385 434
f 1178 1240 1189
f 1223 1289 1224
f 158 150 151
f 1220 1186 1221
f 296 354 433
f 784 1538 1566
f 1181 1291 1222
f 1269 1257 1246
f 1566 438 399
f 136 1566 1564
f 1563 169 1565
f 107 109 108
f 1297 1298 1296
f 1464 1476 1461
f 1520 507 508
f 1301 1303 1304
f 1306 1308 1305
f 175 1532 272
f 1532 200 201
f 1311 1312 1313
f 872 1315 1316
f 1317 1318 1319
f 3836 878 3828
f 1305 864 1276
f 1040 863 1320
f 1564 399 169
f 592 1575 591
f 591 1088 689
f 1581 1583 1582
f 1196 1147 1176
f 710 583 713
f 285 408 386
f 953 961 963
f 1594 1589 1593
f 1585 1587 1586
f 1592 1590 1589
f 3885 944 3899
f 1600 1598 1597
f 1604 1602 1601
f 1399 979 980
f 1589 1596 1595
f 1610 1608 1607
f 298 361 360
f 551 276 277
f 1627 3814 3819
f 859 818 860
f 1078 1328 1329
f 1555 1530 1556
f 572 680 681
f 772 776 774
f 977 918 917
f 404 392 393
f 1054 750 753
f 1644 1643 1642
f 932 1082 933
f 1067 1334 1068
f 1540 264 114
f 597 643 1336
f 471 762 470
f 1642 3831 3842
f 1644 3842 3843
f 923 950 927
f 96 548 95
f 520 522 521
f 445 443 442
f 849 848 842
f 480 755 493
f 1646 481 1639
f 311 1567 170
f 464 3497 3495
f 3497 1361 3495
f 234 236 235
f 190 192 191
f 153 152 149
f 231 286 230
f 1552 1551 1550
f 760 1648 488
f 3832 1649 3830
f 828 826 825
f 52 166 165
f 1663 1661 1660
f 287 115 286
f 668 670 669
f 634 640 639
f 553 559 554
f 118 33 516
f 492 491 490
f 3552 1651 3553
f 582 584 583
f 384 392 415
f 1381 1383 1380
f 1562 435 436
f 952 951 947
f 3529 583 584
f 1660 1667 1666
f 1394 1396 1393
f 1660 1664 1663
f 1671 1669 1668
f 1624 1673 1672
f 1407 1409 1410
f 1677 1675 1674
f 1613 1677 1625
f 1679 1676 1677
f 1626 3811 3814
f 534 198 539
f 176 150 159
f 803 734 800
f 400 191 192
f 65 143 144
f 3526 1656 3540
f 402 157 283
f 629 627 626
f 461 49 50
f 758 495 756
f 796 786 785
f 406 1513 1560
f 342 166 167
f 1694 1658 1695
f 1692 1694 1696
f 3557 1652 3552
f 3921 1703 3923
f 326 302 90
f 3916 1702 1706
f 3919 1698 1701
f 1699 3927 3918
f 1557 1560 1561
f 1127 1117 1128
f 400 289 346
f 1706 1707 1708
f 1707 1599 1600
f 1709 1708 1588
f 1714 1711 1713
f 3919 1709 1700
f 1704 1577 1703
f 1716 1713 1715
f 1559 1549 297
f 1722 1720 1719
f 1335 596 1489
f 410 377 378
f 973 1163 972
f 168 399 398
f 1571 1089 1093
f 1572 682 1571
f 749 647 754
f 1730 1723 1729
f 1594 1729 1592
f 1729 1591 1592
f 1731 1730 1583
f 1384 1377 1379
f 1732 1712 1714
f 1724 1731 1732
f 1712 1731 1580
f 1722 1732 1733
f 1721 1733 1734
f 1734 1716 1717
f 1735 1736 1697
f 1733 1714 1716
f 1663 1741 1668
f 1742 1740 1743
f 1738 1737 1735
f 1665 1666 1740
f 1665 1744 1664
f 1725 1746 1745
f 1591 1745 1590
f 1590 1747 1596
f 1745 1748 1747
f 1659 3538 3542
f 3287 3545 3282
f 1185 1182 1190
f 1664 1749 1741
f 1741 1739 1738
f 1746 1743 1748
f 1726 1742 1746
f 1153 924 925
f 1115 1153 1154
f 1654 3575 1655
f 1896 3549 1686
f 1720 1744 1726
f 1721 1749 1720
f 1750 1701 1698
f 1697 1750 1696
f 1151 1063 1062
f 1751 1670 1671
f 1695 1752 1751
f 961 986 981
f 1770 1768 1767
f 1766 1593 1765
f 1731 1579 1580
f 1579 1774 1578
f 3928 1771 3929
f 1764 3928 3917
f 1777 1775 1774
f 3762 1699 1700
f 1004 1128 1003
f 1774 1771 1772
f 987 1399 980
f 1578 1772 1764
f 1783 1781 1778
f 1597 1770 1767
f 639 3895 3884
f 3928 1769 1770
f 1793 1789 1788
f 3929 1798 1769
f 3508 3773 1806
f 1802 3924 3922
f 1788 1794 1793
f 1793 1795 1776
f 3773 1675 1806
f 1584 1783 1789
f 1771 3920 3929
f 1801 1798 1800
f 1768 1798 1799
f 1775 1797 1771
f 508 515 1520
f 1796 1802 1797
f 1800 3920 3922
f 1794 1804 1795
f 3532 1752 3547
f 485 1807 775
f 3809 1640 768
f 3837 1810 1653
f 485 1640 1808
f 1690 3770 3772
f 487 1648 1811
f 3839 1816 3822
f 3838 1648 3830
f 3839 1811 3838
f 1812 487 1811
f 1641 767 768
f 465 755 776
f 767 3823 3808
f 3822 3826 3847
f 1809 1815 767
f 3837 1651 3840
f 675 3541 3496
f 1814 1822 1821
f 1821 3821 3820
f 1824 1649 1825
f 1827 1850 1805
f 1668 1662 1663
f 1779 1848 1828
f 1790 1805 1794
f 1833 1853 1852
f 3521 693 575
f 1614 1616 1617
f 1852 3498 3501
f 1620 1622 1623
f 1855 1574 1861
f 1847 3501 3513
f 1766 1855 1782
f 1629 1631 1628
f 1633 1634 1632
f 1635 1637 1638
f 1848 1852 1847
f 1855 1863 1862
f 1803 1867 1802
f 1862 1831 1832
f 1782 1862 1781
f 3922 1865 1800
f 1873 1870 1869
f 1874 799 804
f 2045 3897 2044
f 1219 1295 1225
f 1615 1396 1395
f 3884 1877 1876
f 645 3786 3559
f 1345 1035 1346
f 634 3884 3880
f 15 1327 14
f 3910 1878 1893
f 1894 605 1893
f 3506 627 693
f 3560 645 3559
f 340 454 1558
f 1897 195 1898
f 1889 1877 1890
f 1901 129 1900
f 196 754 232
f 1705 3921 3916
f 340 166 343
f 1570 563 561
f 1904 194 1897
f 1781 1832 1780
f 1905 55 1906
f 1000 995 996
f 986 920 987
f 1191 1190 1194
f 2094 2075 2093
f 1920 1919 1915
f 453 1912 1911
f 1915 1918 1916
f 3882 2106 3901
f 1655 3531 1868
f 1916 1926 1925
f 704 3561 703
f 278 1925 1900
f 3565 1818 1820
f 1097 1115 1114
f 1927 727 1923
f 3578 3654 3758
f 1920 307 1929
f 1929 48 728
f 503 1497 1509
f 1902 787 796
f 1816 3820 3826
f 1925 1923 1924
f 1535 1568 1534
f 254 258 255
f 1509 366 367
f 119 35 36
f 219 293 294
f 141 47 431
f 542 244 245
f 1940 430 431
f 1779 1827 1790
f 1701 3915 3919
f 1661 3515 1667
f 270 754 647
f 197 749 196
f 1727 1212 1211
f 53 232 754
f 1465 1479 1478
f 1284 3854 1293
f 1951 412 413
f 168 1554 1553
f 1486 206 207
f 506 78 361
f 994 1007 993
f 951 963 964
f 1013 3861 1351
f 3826 1820 1818
f 1498 1954 1482
f 299 543 132
f 1754 1756 1753
f 1681 1683 1682
f 1696 1695 1697
f 13 738 737
f 473 475 474
f 482 768 1640
f 204 30 205
f 1761 820 819
f 611 1125 612
f 1501 1908 1909
f 1074 711 699
f 1960 82 83
f 120 1960 123
f 35 87 34
f 1773 1025 1031
f 1965 1569 1535
f 494 471 479
f 1966 1969 1968
f 446 1971 1967
f 174 125 126
f 1580 1578 1577
f 1785 1787 1784
f 1972 304 305
f 1254 875 999
f 1973 342 514
f 321 1973 509
f 1910 275 1907
f 509 514 508
f 1486 1527 1485
f 1974 804 1975
f 1977 1974 1978
f 1980 1966 1981
f 379 2 295
f 1718 1710 1701
f 884 992 883
f 1680 1678 1679
f 902 525 524
f 344 256 299
f 135 137 136
f 236 228 333
f 448 1967 1966
f 589 604 584
f 910 908 907
f 1981 1968 1987
f 1982 1987 1979
f 1988 1987 1989
f 1990 1989 1991
f 1991 1993 1992
f 322 320 319
f 992 830 883
f 1144 1086 1143
f 1995 1978 1994
f 1133 1118 1126
f 1997 1994 1996
f 870 1335 1489
f 805 1982 1998
f 727 2000 1999
f 1996 1988 1990
f 1994 1979 1988
f 1829 792 1273
f 1830 941 983
f 798 800 799
f 729 731 730
f 2011 2023 2022
f 1834 846 1159
f 402 284 347
f 2022 2024 2025
f 1838 989 988
f 810 952 809
f 1823 1840 644
f 1430 1432 1431
f 1215 1841 1079
f 149 176 177
f 1316 873 872
f 2112 1384 2106
f 1842 1844 1845
f 1159 845 1160
f 837 1846 1120
f 1971 2030 2027
f 517 370 189
f 858 833 812
f 1471 2027 1888
f 3551 626 627
f 2174 770 490
f 935 1854 1010
f 1613 1611 1618
f 1231 1225 1295
f 1856 891 892
f 1300 748 741
f 1150 1858 1859
f 1643 696 1642
f 1215 1264 1216
f 1320 902 901
f 1956 1944 1960
f 2031 669 1474
f 2034 1310 1299
f 1879 1656 1657
f 40 242 39
f 1992 2039 1456
f 888 957 889
f 1882 1996 1990
f 1078 1255 1077
f 1871 1192 1090
f 294 218 219
f 1323 2026 1471
f 123 83 1484
f 1324 2041 1323
f 384 359 352
f 1324 2038 2036
f 1883 1885 1829
f 287 114 107
f 1096 1134 661
f 915 931 916
f 806 1981 1982
f 3533 584 604
f 1425 2042 1018
f 1018 1948 1017
f 3562 740 3519
f 1948 649 646
f 1881 1990 1991
f 1900 130 278
f 992 994 993
f 923 925 924
f 3878 2047 3876
f 1643 625 606
f 2050 2051 2049
f 2045 1404 2047
f 3876 945 3885
f 1139 1079 1841
f 1037 892 982
f 2055 2057 2056
f 1198 718 717
f 1619 1612 1611
f 2058 1606 2059
f 2059 1607 2058
f 2058 1624 1605
f 71 179 37
f 405 1557 382
f 976 1006 977
f 322 1972 1911
f 2061 2063 2062
f 2066 2067 1825
f 2052 2064 2051
f 1609 2066 1647
f 1515 152 1516
f 1009 993 1007
f 1644 3815 2118
f 279 1916 278
f 1285 3862 1284
f 1647 1825 1649
f 2056 2067 2065
f 319 1953 1952
f 667 1913 1914
f 2070 625 2048
f 2052 2055 2063
f 2038 1655 1458
f 1606 2073 2072
f 1235 1270 1236
f 2072 2075 2074
f 2059 2072 2062
f 2074 2077 2076
f 1601 2078 2073
f 2049 1643 1645
f 1000 1001 994
f 1089 684 689
f 1931 1306 1930
f 1462 1021 1022
f 1932 1934 1935
f 875 1846 998
f 1936 1937 1938
f 44 46 92
f 1534 1956 120
f 1541 317 391
f 2081 2084 2083
f 146 1959 300
f 1360 1942 1361
f 985 1032 1033
f 1995 1892 2043
f 2079 2082 2081
f 2095 2076 2077
f 2081 2078 2079
f 2055 2054 2053
f 501 2095 500
f 2097 2099 2098
f 2098 2094 2083
f 2140 3893 3866
f 2141 3894 3893
f 2051 2048 2049
f 592 2101 1576
f 2071 2076 2096
f 2102 2098 2101
f 593 2102 592
f 1019 746 747
f 1950 12 1327
f 725 2096 501
f 1385 2104 1379
f 1379 2106 1384
f 2107 2100 2097
f 3908 502 3896
f 3896 499 3901
f 940 2109 944
f 928 1170 973
f 3868 684 3899
f 1962 1964 1961
f 3878 573 3897
f 2039 1968 1969
f 1389 2110 2109
f 1398 2113 1397
f 3757 3753 3743
f 3911 2107 2103
f 949 924 1115
f 260 324 326
f 1390 2113 2110
f 2070 2064 2071
f 3867 2103 593
f 2105 1421 2114
f 2114 1423 2115
f 3892 2115 3903
f 3908 2114 3892
f 554 1902 553
f 972 967 966
f 1765 1573 1574
f 1984 1986 1983
f 2053 2069 2057
f 3573 724 714
f 1625 1674 1673
f 3881 2119 2122
f 3903 2123 3904
f 56 1906 55
f 626 3879 629
f 2001 2003 2004
f 3912 2127 3907
f 2006 2008 2009
f 2127 1412 2128
f 2014 2016 2017
f 2018 2020 2021
f 1495 1947 197
f 1379 1386 1385
f 3814 1680 1618
f 2029 1884 2028
f 3902 2120 3887
f 629 3914 3872
f 682 943 1089
f 724 2121 716
f 1757 3821 3845
f 765 3844 3809
f 3851 715 3852
f 706 3870 3872
f 981 987 980
f 1457 1656 1880
f 2017 2032 2033
f 1458 1868 1457
f 1776 1792 1793
f 1959 1946 1958
f 3663 3725 3661
f 3913 2122 3850
f 1093 689 1088
f 966 968 972
f 3852 3881 3913
f 2172 2170 2171
f 670 2137 669
f 3761 1903 233
f 1429 28 1449
f 964 978 971
f 3841 1413 2127
f 1473 669 2137
f 3834 1359 1358
f 2138 1870 2137
f 1872 2137 1870
f 715 3888 3881
f 1881 1992 1880
f 3843 739 740
f 1837 3513 3514
f 253 59 85
f 1808 3840 1807
f 1647 3818 1609
f 3865 671 668
f 2112 3883 2111
f 1405 2044 1438
f 3829 1364 1366
f 273 391 249
f 576 3520 3555
f 3875 668 2031
f 1430 2140 2139
f 2136 3860 28
f 1430 18 19
f 3893 570 695
f 1442 2046 2141
f 1431 2141 2140
f 3869 3850 2136
f 3808 1817 766
f 3866 695 671
f 2142 798 2138
f 571 2142 694
f 3819 1618 1611
f 2143 2025 2142
f 694 2138 670
f 681 2144 572
f 2144 2022 2143
f 328 457 290
f 1572 2011 2144
f 630 3903 624
f 2085 2087 2088
f 2090 2092 2089
f 572 2143 571
f 1875 2153 2149
f 1873 2149 2154
f 2103 2097 2102
f 2157 2155 2156
f 2128 1414 2120
f 3874 589 582
f 3872 628 629
f 2149 2158 2159
f 2159 3905 3890
f 698 3902 705
f 3823 3827 1817
f 2158 3874 3905
f 1438 2046 1439
f 2035 2160 2161
f 2161 3889 3886
f 3871 605 589
f 3873 18 3875
f 370 61 451
f 649 413 648
f 2153 2156 2158
f 1428 1449 1450
f 1490 73 1488
f 3890 710 633
f 2155 3891 3871
f 1456 1880 1992
f 2125 2087 2124
f 2160 3890 3889
f 300 505 323
f 1064 1046 1065
f 2043 1891 2155
f 2129 2004 2003
f 2131 2133 2134
f 3848 1450 1449
f 1998 804 805
f 3879 3864 3914
f 474 490 770
f 1164 1182 1177
f 707 3909 3870
f 708 2162 707
f 2162 3886 3909
f 548 1905 458
f 1145 1114 1171
f 705 1650 704
f 2043 1977 1995
f 737 554 559
f 1034 1191 1023
f 458 1907 275
f 195 232 233
f 2040 1969 1970
f 2145 2147 2148
f 2054 2049 1645
f 3832 1639 3818
f 9 11 10
f 252 506 258
f 472 479 471
f 1865 3791 3503
f 900 910 907
f 1941 2151 1942
f 1921 1927 1919
f 2163 1898 2116
f 271 153 178
f 1904 12 9
f 282 264 460
f 1872 2154 2035
f 1326 1897 2163
f 628 693 627
f 1724 1719 1723
f 1549 436 172
f 1582 1730 1729
f 1921 1929 1928
f 3563 10 11
f 2152 1950 1949
f 475 774 771
f 769 2171 473
f 2171 476 473
f 476 772 475
f 1791 464 1760
f 2166 2168 2169
f 595 372 98
f 483 1641 482
f 762 2173 470
f 771 484 492
f 486 1809 483
f 297 1517 296
f 763 2174 762
f 776 759 489
f 184 2176 2000
f 412 303 414
f 2005 185 224
f 3811 1682 3846
f 2164 756 764
f 1472 2161 2162
f 950 964 965
f 2177 2179 2180
f 227 1510 333
f 764 467 2164
f 2182 2184 2181
f 2186 2018 2185
f 1985 2181 1986
f 214 729 1531
f 1545 1546 1569
f 865 842 866
f 849 1357 1362
f 452 1558 454
f 559 3188 737
f 16 737 3188
f 560 498 374
f 3193 3195 3194
f 3200 3198 3199
f 3211 3213 3212
f 3215 3217 3216
f 2187 2002 2001
f 2169 2189 2190
f 2192 2085 2191
f 2193 2195 2196
f 2198 2200 2197
f 1998 1979 1975
f 3664 3668 3671
f 2116 1903 1902
f 1859 2009 1150
f 3904 2126 3906
f 1135 1087 1130
f 2201 2015 2014
f 1149 110 1858
f 3221 3218 3215
f 2203 2205 2206
f 579 1895 1019
f 1755 2208 1756
f 3891 1893 605
f 1211 2150 1727
f 868 2210 2209
f 944 930 940
f 2130 2202 2201
f 233 1898 195
f 665 750 666
f 1167 999 618
f 2211 2213 2214
f 2215 2217 2218
f 3867 590 3868
f 2220 220 2219
f 823 948 1094
f 3225 3227 3226
f 266 455 265
f 3882 2107 3883
f 2221 3519 3517
f 2223 2225 2226
f 2207 2124 2208
f 673 3869 3864
f 817 996 815
f 2227 2146 2145
f 1947 646 749
f 3900 17 3873
f 2229 1638 1381
f 1679 1618 1680
f 1637 2232 2230
f 2233 1617 1616
f 2231 2236 2237
f 1381 2238 1382
f 3586 2242 3587
f 1630 2233 1631
f 1681 472 469
f 1408 2243 2244
f 3236 3238 3237
f 3232 3240 3235
f 1637 2238 1638
f 3237 3233 3234
f 1409 1634 2245
f 1380 2247 2246
f 1628 2245 1621
f 2249 1622 1633
f 1632 1408 2244
f 2248 1631 2250
f 2235 1637 1636
f 3245 3199 3198
f 631 2071 725
f 515 52 49
f 782 2251 1251
f 2253 2255 2252
f 397 459 784
f 1456 2040 1455
f 2040 2036 1455
f 1401 2111 1398
f 2041 1970 2026
f 1535 414 1965
f 1586 2080 2079
f 2256 1132 1886
f 1700 3918 3919
f 3815 1686 3817
f 1263 1886 1096
f 598 844 599
f 2257 2259 2260
f 2258 2262 2259
f 2259 2263 2216
f 2260 2216 2215
f 1967 1970 1969
f 2212 1963 2213
f 922 2218 2217
f 1312 1101 2264
f 1307 1286 789
f 1548 1546 1972
f 2266 2268 2265
f 2265 2270 2269
f 2272 2269 2271
f 2273 2265 2272
f 2275 2277 2274
f 2278 2277 2279
f 2284 3617 3639
f 2287 2286 2281
f 2288 2283 2287
f 2290 3639 3620
f 2291 2293 2294
f 2295 2294 2279
f 2296 2291 2295
f 2297 2292 2291
f 2294 2299 2300
f 2279 2300 2278
f 2298 2302 2292
f 2292 2303 2293
f 2293 2304 2299
f 2304 2306 2299
f 2306 2300 2299
f 2308 2310 2307
f 2302 2310 2303
f 2301 2307 2302
f 2312 2307 2311
f 2313 2315 2316
f 2318 2320 2317
f 3748 2322 2323
f 2324 2273 2326
f 2313 2326 2327
f 2328 2313 2316
f 2329 2324 2328
f 2331 2333 2330
f 2330 2267 2266
f 2325 2266 2273
f 2329 2330 2325
f 2333 2335 2267
f 2336 2333 2332
f 2338 2332 2337
f 2331 2337 2332
f 2329 2339 2331
f 2328 2340 2329
f 2316 2341 2328
f 2342 2315 2343
f 2344 2346 2347
f 2341 2347 2340
f 2342 2344 2341
f 2348 2345 2344
f 2350 2352 2353
f 2339 2353 2337
f 2340 2350 2339
f 2347 2351 2350
f 2337 2354 2338
f 2353 2355 2354
f 2356 2276 2357
f 2356 2358 2359
f 2356 2296 2295
f 2279 2356 2295
f 2360 2270 2268
f 2267 2360 2268
f 2362 2364 2365
f 2362 2361 2358
f 2366 2358 2357
f 2366 2363 2362
f 2357 2368 2366
f 2366 2369 2367
f 2276 2370 2368
f 2368 2282 2369
f 2372 2374 2371
f 2375 2377 2007
f 2378 2380 2381
f 2382 2381 2383
f 2384 2378 2382
f 2385 2379 2378
f 2388 2390 2387
f 2387 2392 2391
f 2393 2387 2391
f 2394 2388 2387
f 2186 2402 2400
f 2403 2327 2326
f 2272 2326 2273
f 2271 2403 2272
f 2405 2404 2403
f 2404 2408 2327
f 2409 2411 2412
f 2409 2271 2269
f 2413 2269 2270
f 2413 2410 2409
f 2417 2416 2418
f 2417 2406 2405
f 2412 2405 2271
f 2411 2417 2412
f 2406 2407 2404
f 3569 632 713
f 2420 2397 2421
f 2420 2423 2422
f 2424 2422 2419
f 2424 2398 2420
f 2425 2392 2426
f 2421 2426 2423
f 2397 2425 2421
f 2396 2391 2425
f 2427 2315 2314
f 2427 2408 2428
f 2430 2428 2429
f 2343 2427 2430
f 2432 2430 2431
f 2431 2429 2433
f 2435 2433 2434
f 2436 2431 2435
f 2428 2407 2437
f 2422 2407 2419
f 2438 2422 2423
f 2429 2437 2438
f 2440 2433 2439
f 2441 2433 2429
f 2442 2439 2441
f 2443 2440 2439
f 2445 2444 2443
f 2447 2443 2442
f 2383 2445 2447
f 2381 2446 2445
f 2448 2423 2426
f 2449 2426 2392
f 2441 2449 2442
f 2441 2438 2448
f 2449 2390 2450
f 2450 2389 2451
f 2447 2451 2383
f 2442 2450 2447
f 2451 2453 2452
f 2452 2455 2454
f 2382 2454 2384
f 2383 2452 2382
f 2456 2373 2372
f 2459 2461 2458
f 2463 2465 2462
f 2462 2285 2284
f 2466 2284 2290
f 2467 2462 2466
f 2461 3703 3701
f 2468 2470 2471
f 2472 2471 2473
f 2474 3701 3688
f 2475 2477 2478
f 2458 2453 2479
f 2479 2389 2388
f 2395 2479 2388
f 2480 2458 2479
f 2481 2483 2478
f 2484 2485 221
f 2471 2464 2463
f 2473 2463 2467
f 2487 2466 2486
f 2486 2290 2488
f 2490 2488 2489
f 2491 2486 2490
f 2492 2467 2487
f 2493 2487 2491
f 2494 2492 2493
f 2495 2473 2492
f 3690 2474 3688
f 3691 2496 3690
f 2498 2493 2499
f 2500 2499 2501
f 3700 2498 2500
f 3687 2494 2498
f 2306 2278 2300
f 2305 2504 2306
f 2504 2507 2506
f 2506 2288 2508
f 2274 2508 2275
f 2278 2506 2274
f 3633 2489 2488
f 3620 2488 2290
f 2507 2289 2288
f 2505 2509 2507
f 2508 2287 2511
f 2511 2281 2280
f 2370 2280 2282
f 2275 2511 2370
f 2512 2489 2513
f 2514 2513 2515
f 2517 2514 2516
f 2517 2490 2512
f 2499 2491 2517
f 2499 2516 2501
f 2510 2519 2518
f 2518 2521 2520
f 3616 2520 3621
f 3632 2518 3616
f 2522 2303 2310
f 2523 2310 2309
f 2305 2522 2524
f 2524 2523 2525
f 2519 2525 2521
f 2505 2524 2519
f 2308 2527 2526
f 2526 2529 2528
f 2531 2528 2530
f 2309 2526 2531
f 1214 2151 1211
f 2419 2418 2424
f 2533 2349 2317
f 2534 2317 2320
f 2535 2533 2534
f 2536 2345 2533
f 2537 2346 2536
f 2538 2536 2535
f 2539 2537 2538
f 2540 2351 2537
f 2312 2541 2527
f 2527 2542 2529
f 2543 2434 2544
f 2545 2544 2546
f 2319 2543 2545
f 2318 2435 2543
f 2514 2548 2547
f 2547 2550 2549
f 2552 2549 2551
f 2552 2514 2547
f 2520 2554 2553
f 2553 2556 2555
f 3590 2555 3593
f 3621 2553 3590
f 2523 2531 2557
f 2557 2530 2558
f 2525 2557 2559
f 2559 2558 2560
f 2554 2560 2556
f 2521 2559 2554
f 2561 2007 2006
f 2376 2225 2377
f 2564 2566 2563
f 2563 338 2567
f 2569 2567 2568
f 2570 2563 2569
f 2572 2574 2571
f 2571 2576 2575
f 2544 2575 2546
f 2544 2572 2571
f 2578 2569 2577
f 2579 2569 2568
f 2574 2579 2576
f 2573 2577 2574
f 2581 2583 2580
f 2584 2583 2585
f 3697 2580 2584
f 3676 2580 3675
f 2582 2552 2583
f 2583 2551 2585
f 2500 2589 2588
f 2590 2589 2591
f 3693 2588 2590
f 3695 2500 2588
f 2501 2591 2589
f 2592 2594 2595
f 2386 2503 2502
f 2596 2386 2374
f 2596 2373 2597
f 2599 2597 2598
f 2599 2379 2596
f 2600 2380 2599
f 2600 2598 2601
f 2603 2601 2602
f 2603 2446 2600
f 2604 2602 2605
f 2440 2605 2434
f 2444 2604 2440
f 2606 2581 2607
f 2606 2590 2591
f 2591 2582 2606
f 3676 2456 3689
f 3689 2372 3693
f 2478 2608 2481
f 2609 2611 2199
f 2564 2613 2612
f 2612 2598 2597
f 2457 2597 2373
f 2565 2612 2457
f 2614 2570 2578
f 2615 2578 2573
f 2602 2614 2615
f 2601 2613 2614
f 2572 2605 2616
f 2616 2602 2615
f 2573 2616 2615
f 1459 1045 1021
f 1265 1079 1082
f 1612 1609 1611
f 2067 2069 2068
f 1135 1136 1148
f 1938 2618 2617
f 95 458 128
f 2058 1608 1612
f 1454 1445 1367
f 655 1048 2619
f 722 2621 723
f 1131 1033 1134
f 562 366 1497
f 1723 1725 1591
f 1786 1122 1787
f 267 323 266
f 1325 1654 2038
f 1468 1435 1479
f 658 529 528
f 8 247 7
f 382 1559 3
f 788 1307 789
f 940 929 928
f 911 2623 912
f 2621 655 654
f 2624 2625 2626
f 998 27 26
f 635 2626 2625
f 2627 644 1840
f 2628 1840 2629
f 1200 2627 2628
f 1199 641 2627
f 1520 49 477
f 1452 1349 1451
f 2630 1859 1858
f 644 1335 1823
f 1197 717 2632
f 2632 719 1166
f 2628 1166 1200
f 2629 2632 2628
f 1762 1050 821
f 1823 873 1839
f 2634 794 652
f 1028 1027 1161
f 1042 2635 1043
f 93 1901 1924
f 2036 1458 1455
f 1527 1525 1526
f 877 1274 1277
f 134 797 1544
f 1328 931 1329
f 607 1091 1161
f 1043 2637 2636
f 2636 2639 2638
f 1275 2638 1276
f 1275 1043 2636
f 1272 2626 2640
f 2640 638 637
f 1110 2640 637
f 536 2640 2641
f 1472 1474 1473
f 2042 1951 649
f 1058 1105 1059
f 2642 2643 2644
f 1192 2644 1193
f 912 2642 1192
f 3898 3526 3786
f 1049 2620 2621
f 616 1885 613
f 1331 666 750
f 990 1198 525
f 1911 321 322
f 1298 1205 2645
f 76 1504 75
f 1502 421 422
f 610 658 691
f 1146 659 938
f 2646 914 936
f 1280 1238 1279
f 975 2647 2648
f 2647 975 974
f 1453 1452 1451
f 1514 158 151
f 835 1843 1842
f 1271 1173 1289
f 2649 813 2650
f 1893 1826 1894
f 1050 1937 1051
f 2651 814 813
f 1006 1281 977
f 2653 2654 2655
f 1001 1003 1002
f 585 679 558
f 2624 621 620
f 555 2028 556
f 1207 1197 2629
f 1626 478 472
f 426 419 1567
f 1030 1773 1031
f 3898 634 3880
f 534 138 262
f 1125 1042 1041
f 333 88 227
f 569 561 730
f 1489 871 870
f 1857 620 891
f 1673 3770 3763
f 622 864 1308
f 2647 974 2657
f 619 891 620
f 261 545 262
f 393 1556 404
f 2658 2647 2657
f 1075 2657 917
f 1081 2658 1075
f 1080 2659 2658
f 2644 1141 2660
f 2660 1140 1336
f 642 1336 643
f 1193 2660 642
f 679 555 558
f 1503 1500 1502
f 1318 1101 1100
f 2661 1139 1142
f 2661 2663 2662
f 2662 2659 2661
f 2662 2622 2664
f 2664 911 2646
f 2648 2646 1146
f 2648 2662 2664
f 2083 2093 2081
f 1442 1437 1439
f 519 330 51
f 1885 1209 613
f 799 805 804
f 1946 1952 1953
f 1302 1253 1252
f 566 224 533
f 1389 928 1388
f 683 681 680
f 836 1842 2665
f 2665 1845 1303
f 2666 1303 1302
f 24 2665 2666
f 831 2650 832
f 1845 1304 1303
f 2010 2012 2011
f 1051 2667 2668
f 1522 1511 1523
f 531 441 522
f 782 1251 1250
f 1250 2625 2669
f 2669 1857 1856
f 783 1856 1037
f 782 2669 783
f 720 2671 721
f 1055 1930 1056
f 1333 1251 2251
f 619 1308 1307
f 652 2619 2634
f 521 1539 1540
f 1838 537 2672
f 2672 536 2641
f 1113 2641 1110
f 1113 1838 2672
f 1016 1351 1045
f 3897 570 3894
f 226 104 101
f 3564 3827 1818
f 1036 1884 1883
f 2674 1304 2673
f 2673 1844 2675
f 1334 2675 1039
f 1333 2673 1334
f 2676 1039 2675
f 1843 2675 1844
f 942 2676 1843
f 1074 702 2676
f 811 859 858
f 752 1055 753
f 1200 656 1026
f 1120 874 2677
f 2677 877 1052
f 1241 1052 1005
f 1119 2677 1241
f 1560 151 1515
f 1208 611 523
f 215 736 214
f 1460 1462 1461
f 1208 1839 873
f 854 1282 1297
f 72 182 179
f 544 1565 512
f 217 456 457
f 2047 930 945
f 1204 1937 2633
f 913 686 685
f 840 1113 1112
f 1531 730 561
f 2678 1283 801
f 601 1914 602
f 1537 459 460
f 1819 3509 3527
f 991 862 538
f 2679 1073 1830
f 2680 983 2256
f 779 2256 1263
f 778 2680 779
f 2678 1830 2680
f 180 245 40
f 1886 1131 1134
f 1138 1274 1255
f 1841 1140 1139
f 75 314 74
f 193 420 192
f 2681 1099 1098
f 170 1565 169
f 349 417 432
f 1121 2684 2683
f 547 409 302
f 123 121 120
f 2643 1142 1141
f 1542 513 1543
f 899 907 919
f 1210 676 867
f 791 982 892
f 24 837 836
f 893 932 931
f 1860 863 862
f 535 862 861
f 832 813 812
f 2650 813 832
f 1569 1547 1568
f 181 542 180
f 660 937 688
f 2013 568 2012
f 887 2631 2630
f 1524 361 78
f 520 162 1529
f 2653 854 2685
f 1238 2655 2686
f 718 527 530
f 1492 518 1491
f 792 615 793
f 599 1835 596
f 290 456 175
f 312 1552 425
f 1248 1179 1249
f 153 177 178
f 1240 1222 1221
f 1257 1235 1071
f 1291 1083 1222
f 1052 1277 1053
f 743 2618 1204
f 444 430 443
f 23 1172 1187
f 2687 1180 1179
f 102 409 134
f 1283 610 801
f 373 650 651
f 1180 1084 1291
f 855 2655 1237
f 1173 1917 1174
f 2689 853 2688
f 2688 1108 1279
f 2686 1279 1238
f 2687 2688 2686
f 2691 1252 2690
f 2690 850 2689
f 1248 2689 2687
f 1248 2691 2690
f 2692 24 2666
f 2691 2666 1302
f 1247 2692 2691
f 1258 617 2692
f 394 1555 393
f 2693 1259 1223
f 1072 1262 1261
f 1257 1168 1258
f 398 1555 1554
f 871 1314 872
f 1178 1249 1179
f 1224 1173 1172
f 1010 2618 742
f 1175 1292 1269
f 2654 2686 2655
f 2694 1216 1264
f 71 1487 70
f 701 1111 1038
f 1072 2649 2650
f 1085 22 21
f 895 1264 896
f 1601 1605 1604
f 1259 1271 1289
f 21 1220 1083
f 988 538 537
f 598 1336 1140
f 820 1762 821
f 1050 818 821
f 1298 1761 2652
f 1168 618 617
f 858 1256 833
f 39 516 1536
f 2652 819 814
f 313 315 314
f 2026 1971 2027
f 2656 596 1835
f 814 818 811
f 2696 813 2649
f 1260 2649 1261
f 2693 2696 1260
f 2697 2651 2696
f 381 390 380
f 3818 1611 1609
f 1475 1428 1227
f 1292 1917 1235
f 1551 354 1518
f 1526 1523 1511
f 1593 1595 1573
f 1232 1246 1249
f 2695 1223 22
f 2698 1296 2697
f 2698 2693 2695
f 2685 2695 1085
f 2685 1297 2698
f 562 271 272
f 2652 1296 1298
f 1365 1364 1363
f 1958 1953 1957
f 585 2210 997
f 1561 1515 435
f 975 1146 976
f 347 68 346
f 1038 636 1068
f 2700 780 2699
f 2699 1036 1883
f 2701 1883 1829
f 851 2699 2701
f 2674 2251 2702
f 2702 781 2700
f 1253 2700 851
f 1301 2702 1253
f 1519 388 1550
f 1273 1280 2703
f 2703 1107 852
f 2701 852 851
f 1829 2703 2701
f 91 326 90
f 1784 2656 1785
f 2683 2705 2704
f 604 3499 3533
f 1669 3548 1662
f 2062 2060 2059
f 621 861 622
f 2023 732 2024
f 686 1263 687
f 857 2668 1328
f 883 882 879
f 637 1111 1110
f 2668 893 1328
f 2667 894 2668
f 1039 1068 1334
f 313 1504 1505
f 1911 305 453
f 1936 1964 2212
f 2707 2401 2183
f 2708 2183 2182
f 738 2116 554
f 2349 2432 2436
f 2711 2020 2019
f 2400 2019 2186
f 2714 2716 2713
f 2717 2719 2720
f 2721 2723 2724
f 2726 2728 2725
f 2725 2730 2729
f 2731 2729 2709
f 2732 2725 2731
f 2734 2736 2733
f 2738 2740 2737
f 2737 2741 2742
f 2744 2746 2743
f 2745 2748 2747
f 2749 2747 2751
f 2753 2751 2752
f 2250 2246 2248
f 2754 1614 2755
f 3598 2755 3609
f 3608 2747 3609
f 1617 2755 1614
f 2242 1620 2757
f 2191 2760 2759
f 2761 2760 2762
f 3648 2761 3649
f 3623 2759 3648
f 3209 3223 3224
f 1395 2236 2235
f 1395 1636 1615
f 1616 2229 2233
f 1617 2763 2756
f 2756 3628 3608
f 2765 2234 1630
f 2766 3628 3622
f 3202 3246 3247
f 1516 435 1515
f 2768 3552 3553
f 1495 578 1424
f 2135 28 17
f 3526 2773 2774
f 1690 3926 3925
f 2778 2780 2777
f 2777 2781 2782
f 2784 2777 2783
f 3555 575 576
f 1494 9 540
f 3529 2015 3566
f 451 505 450
f 2786 2788 2785
f 2779 2785 2780
f 2789 2741 2740
f 2790 2752 2789
f 2792 2794 2791
f 2793 2796 2794
f 2796 2750 2749
f 2794 2749 2753
f 2798 1396 2754
f 3591 2754 3598
f 2798 2800 1393
f 3591 2799 2798
f 2797 2795 2801
f 2791 2753 2790
f 216 232 54
f 3804 2807 3803
f 3805 2804 3803
f 2769 3557 3552
f 183 184 97
f 2811 2775 2776
f 2804 2776 2805
f 2809 2811 2804
f 2812 2813 2814
f 3805 2816 3795
f 3796 2815 3795
f 3798 2820 2821
f 3793 2819 3798
f 2824 2735 2819
f 2823 2824 2819
f 2825 2826 2724
f 3793 2827 3792
f 3796 2826 3792
f 2713 2829 2828
f 2828 2831 2830
f 2822 2828 2830
f 2821 2713 2828
f 2832 2822 2830
f 2833 2830 2831
f 2834 2832 2833
f 2835 2827 2832
f 2837 2839 2836
f 2836 2841 2840
f 2842 2840 2727
f 2843 2836 2842
f 2840 2845 2844
f 2718 2845 2719
f 2730 2844 2718
f 2727 2844 2728
f 2846 2719 2845
f 2846 2841 2847
f 2829 2847 2831
f 2829 2716 2846
f 2847 2839 2848
f 2848 2838 2849
f 2833 2849 2834
f 2831 2848 2833
f 2850 2851 2852
f 2853 2852 2854
f 2783 2782 2855
f 2785 2853 2856
f 2780 2856 2781
f 2857 2855 2782
f 2859 2782 2781
f 2861 2842 2860
f 2860 2727 2726
f 2862 2726 2732
f 2863 2860 2862
f 2861 2858 2857
f 2843 2857 2859
f 2856 2854 2864
f 2781 2864 2859
f 2837 2859 2864
f 2838 2864 2854
f 2852 2834 2849
f 2854 2849 2838
f 2865 2818 2835
f 2851 2835 2834
f 2813 2815 2865
f 2814 2865 2851
f 2866 2814 2850
f 2788 2850 2853
f 2866 2787 2867
f 2812 2867 2775
f 1892 1890 1891
f 2720 2846 2870
f 298 256 257
f 2872 2713 2820
f 3794 2735 2734
f 2729 2874 2873
f 2846 2715 2870
f 2876 2878 2875
f 2733 2878 2734
f 3806 2879 2880
f 3806 2872 3794
f 2882 2884 2881
f 2881 2715 2714
f 2880 2714 2872
f 2879 2881 2880
f 2885 2887 2888
f 2888 2890 2885
f 2885 2892 2891
f 2893 2885 2891
f 1942 2532 2894
f 2895 2720 2870
f 2884 2870 2715
f 2883 2895 2884
f 2896 2892 2895
f 2889 2717 2890
f 2890 2720 2892
f 2897 2891 2896
f 2898 2896 2883
f 2899 2883 2882
f 2900 2882 2879
f 3797 2879 3807
f 2876 2901 2877
f 2901 2904 2903
f 1785 1835 1834
f 2905 2899 2900
f 2907 2897 2898
f 3797 2903 3799
f 632 577 633
f 3532 2867 2787
f 434 550 350
f 2768 3640 3643
f 2910 1623 2249
f 2241 2758 2242
f 3640 2913 3652
f 1623 2757 1620
f 3587 2757 3652
f 2229 1380 2250
f 2765 1629 2914
f 2915 1629 2912
f 3642 2914 2915
f 3641 2765 2914
f 2919 3642 3613
f 2918 2912 2241
f 3614 2241 3586
f 3618 3613 3670
f 3541 2180 3496
f 3521 2188 3506
f 3705 714 3851
f 2925 2917 2924
f 2924 2916 2919
f 3610 2919 3618
f 3611 2924 3610
f 2926 2766 2925
f 3658 2925 3611
f 1715 1705 1710
f 785 498 796
f 1387 565 1791
f 374 1899 560
f 3573 2206 3556
f 2929 2886 2893
f 2932 2934 2931
f 1905 1908 1907
f 2930 2936 2937
f 2938 2930 2929
f 1493 517 518
f 1603 1586 1602
f 2939 2929 2908
f 2940 2908 2907
f 3665 1600 3661
f 2886 2937 2887
f 2906 2898 2899
f 2908 2893 2897
f 2942 2933 2941
f 2941 2937 2936
f 3501 2936 3513
f 3498 2941 3501
f 2943 2710 2873
f 2943 2874 2889
f 2945 2889 2888
f 2946 2943 2945
f 2932 2888 2887
f 2931 2945 2932
f 727 1929 728
f 2903 2947 2948
f 545 42 262
f 1480 533 251
f 2907 2949 2940
f 2906 2950 2949
f 1558 215 202
f 3799 2948 3801
f 2054 1644 2118
f 3705 2203 3573
f 1828 1849 1827
f 2953 2955 2952
f 2952 2957 2956
f 2956 2258 2952
f 2953 2258 2257
f 2454 2474 2496
f 3747 2959 3766
f 3747 2131 3737
f 2961 2963 2958
f 2958 2964 2959
f 222 2485 2965
f 2477 2966 2608
f 2631 2006 1859
f 2384 2496 2497
f 2967 2959 2964
f 2968 2970 2969
f 3759 2971 3784
f 3784 2960 3766
f 2972 2033 2032
f 2007 2973 2008
f 3560 2134 2133
f 1836 1832 1831
f 3506 2090 3551
f 955 959 956
f 672 674 673
f 633 713 632
f 2024 733 803
f 2025 803 798
f 425 1550 388
f 2975 888 887
f 1319 1157 2694
f 1212 2977 1213
f 889 2228 2227
f 1978 1975 1979
f 1138 1329 915
f 751 2979 2978
f 1619 1625 1624
f 2252 1728 1727
f 1157 845 1216
f 2706 1938 2617
f 2980 2254 2981
f 2982 887 2630
f 802 711 2679
f 678 2029 2028
f 527 690 528
f 1839 2629 1840
f 2983 602 1914
f 2983 1913 1331
f 2985 1331 1054
f 2986 2983 2985
f 2987 2635 2634
f 2985 2639 2986
f 2990 1318 2989
f 2991 2993 2994
f 2995 2994 2996
f 1106 2991 2995
f 1058 2992 2991
f 1415 1365 1367
f 1317 2217 2997
f 1932 2255 2980
f 926 2999 664
f 3001 2992 3000
f 3000 1057 2978
f 2999 2978 2979
f 2998 3000 2999
f 3002 2209 3003
f 3002 2996 2994
f 2993 3002 2994
f 3001 2998 3002
f 1103 2995 3004
f 3004 2996 3003
f 2209 3004 3003
f 588 3004 2210
f 295 433 381
f 2638 2988 3005
f 3005 1056 1930
f 1305 1930 1306
f 1276 3005 1305
f 1987 1993 1989
f 2633 1761 2645
f 1423 1417 1419
f 3561 739 703
f 2671 2704 2705
f 1473 2035 1472
f 922 2694 895
f 1401 1378 1384
f 556 1884 1037
f 842 3825 3836
f 1854 2617 1010
f 933 1081 1075
f 1440 1436 1437
f 529 719 530
f 1031 1027 1028
f 777 912 1871
f 2645 1204 2633
f 441 1538 1537
f 790 587 586
f 2065 1610 1607
f 1860 990 902
f 60 87 59
f 1424 1948 1947
f 332 1507 331
f 261 138 135
f 187 449 507
f 1719 1726 1725
f 1931 1059 3006
f 3006 1105 1104
f 1287 1104 587
f 1286 3006 1287
f 3007 3009 3010
f 3009 653 795
f 618 26 25
f 2029 1210 1209
f 957 600 2228
f 1049 2228 600
f 2631 3011 2561
f 890 2227 3011
f 3011 2145 3012
f 2561 3012 2375
f 1026 609 608
f 2706 1961 1964
f 3013 2485 3014
f 2148 1267 3015
f 3015 1266 1311
f 2997 1101 1317
f 642 1773 1193
f 186 461 511
f 1041 1320 901
f 1121 3017 1122
f 2984 2987 3018
f 3018 2634 2619
f 1048 3018 2619
f 603 2984 3018
f 2679 801 802
f 2062 2074 2061
f 2061 2076 2064
f 414 1545 1965
f 3016 2683 3019
f 3019 2704 2670
f 3020 2670 720
f 3007 3019 3020
f 1871 1091 777
f 3021 1122 3017
f 3022 3017 3010
f 1314 3022 1315
f 1784 3021 1314
f 1316 1763 611
f 3023 3010 3009
f 3023 795 1092
f 1763 1092 1125
f 1315 3023 1763
f 3016 3010 3017
f 752 2978 1057
f 2986 2637 2987
f 3024 653 3008
f 3020 3008 3007
f 720 3024 3020
f 723 654 3024
f 2681 1268 3025
f 2671 1268 721
f 2705 3025 2671
f 1313 3027 1311
f 3026 3029 3027
f 3027 3030 3031
f 1311 3031 3015
f 2012 731 2023
f 917 974 977
f 743 856 744
f 1888 2030 1425
f 2682 2684 3032
f 3032 1124 2989
f 1100 2989 1318
f 1099 3032 1100
f 1123 2989 1124
f 3033 1159 1158
f 2990 1158 1319
f 1123 3033 2990
f 1786 1834 3033
f 1054 2988 2985
f 2979 664 2999
f 2623 2663 2643
f 1095 688 687
f 3034 2261 2956
f 3036 2956 2957
f 3037 3034 3036
f 3038 3035 3034
f 3040 3026 1313
f 2263 3041 3040
f 3042 3043 3041
f 3041 3028 3026
f 3044 3043 3039
f 3046 3045 3044
f 3047 3049 3045
f 3043 3049 3028
f 3038 3051 3050
f 3050 3053 3052
f 3052 3044 3050
f 3039 3050 3044
f 3054 3039 3042
f 3042 2262 3054
f 2261 3054 2262
f 2216 2997 2217
f 2212 2667 1936
f 3056 2209 3055
f 934 1961 1854
f 2013 3757 567
f 3058 3060 3061
f 3059 3063 3060
f 3060 2213 1963
f 3061 1963 1962
f 3063 2214 2213
f 3062 3064 3063
f 3065 2260 3064
f 3064 2215 2214
f 3066 3031 3030
f 2608 3067 3066
f 2966 3068 3067
f 3031 3068 3015
f 2455 2461 2474
f 2476 2226 2477
f 3551 2089 3525
f 3526 3769 3786
f 433 355 381
f 2115 1419 2123
f 3509 2922 3527
f 3769 2131 2134
f 3069 2167 2166
f 2971 2928 2960
f 2961 2773 2962
f 3070 2478 2483
f 2610 3071 2954
f 2502 2374 2386
f 3072 2595 3073
f 2964 3052 2967
f 3048 3074 3049
f 2593 3075 3074
f 3075 3029 3074
f 3074 3028 3049
f 3072 3075 2592
f 3076 2482 2481
f 2481 3066 3076
f 3076 3030 3075
f 2967 3053 2970
f 2482 3073 2483
f 479 493 494
f 706 3873 709
f 3561 2221 3517
f 2013 3754 3755
f 3533 2016 3529
f 3562 2222 2974
f 1171 1155 1176
f 2586 2565 2587
f 2982 113 2484
f 2562 3077 3068
f 2376 3012 3077
f 3012 2148 3077
f 3077 3015 3068
f 2963 3046 2964
f 3051 2970 3053
f 1683 491 775
f 3850 1447 3860
f 1986 3734 3768
f 3079 2546 2575
f 3081 2575 2576
f 1983 3768 3765
f 3082 2319 2545
f 3080 2545 2546
f 3734 3082 3080
f 3732 2323 3082
f 1309 1888 748
f 3073 2772 2771
f 2760 3084 2762
f 2760 2088 3083
f 3085 3086 3087
f 3089 3090 3088
f 3089 3084 3085
f 3092 3090 3091
f 3093 2744 2743
f 2751 2748 3093
f 3093 2752 2751
f 2742 3093 3094
f 3094 2743 3095
f 3096 3098 3087
f 3099 3087 3086
f 3097 3095 3098
f 3100 2746 3101
f 3101 3102 3100
f 2764 2927 3101
f 2745 3101 2746
f 3102 3091 3100
f 3100 3095 2743
f 2869 3592 3634
f 3102 3104 3092
f 3658 2869 3634
f 2927 3103 3102
f 3098 3091 3090
f 3087 3090 3085
f 2088 3105 3083
f 3083 3086 3084
f 2483 2771 3070
f 2401 2185 2321
f 3099 3105 3106
f 2125 3106 3105
f 3108 2742 3107
f 3107 3094 3097
f 3110 3107 3109
f 3109 3097 3096
f 3111 3096 3099
f 3112 3109 3111
f 3113 2737 3108
f 3115 2722 3114
f 3117 3114 3116
f 3119 3116 3118
f 3118 3120 3121
f 3116 3113 3120
f 3122 3111 3123
f 3122 1755 1754
f 3124 3126 3127
f 3125 3121 3126
f 3128 3118 3125
f 3129 3125 3124
f 2020 3128 3129
f 3853 1346 1352
f 1065 1047 1066
f 1814 3830 1649
f 2021 3129 3130
f 3111 3106 3123
f 3123 2207 1755
f 2377 2224 2973
f 3014 113 112
f 1756 3782 3767
f 3131 2530 2528
f 3133 2528 2529
f 1753 3767 3775
f 3134 3127 3135
f 2327 2314 2313
f 2436 2317 2349
f 2018 3711 3712
f 2534 3137 2535
f 2320 3136 2534
f 2185 3712 3771
f 3138 2542 2539
f 3134 3744 3745
f 3785 3134 3745
f 3140 2539 2538
f 2535 3140 2538
f 3711 3130 3785
f 2558 3132 3141
f 3782 3141 3132
f 2560 3141 3142
f 3760 3142 3141
f 958 2976 2981
f 1933 2980 3143
f 2399 2418 2416
f 2348 2343 2432
f 2322 2319 2323
f 2718 2874 2730
f 2709 2873 2710
f 2894 1361 1942
f 346 176 347
f 1876 1882 1881
f 2802 3607 3592
f 3104 3088 3092
f 2974 3649 3603
f 3089 2761 2762
f 3088 3145 3089
f 2803 3603 3607
f 3870 692 628
f 2123 1418 2126
f 1365 1368 1367
f 1581 1782 1783
f 3569 2129 3520
f 3555 2002 3521
f 3146 2551 3147
f 3751 3147 3750
f 3742 3146 3751
f 3149 2585 3146
f 3196 3197 3195
f 3604 2191 3623
f 3142 2556 2560
f 3777 3150 3142
f 3646 2550 3593
f 3150 2555 2556
f 3778 3151 3150
f 3788 3152 3646
f 3153 2551 2549
f 3152 2549 2550
f 3781 3153 3152
f 3776 3147 3153
f 3148 2206 2205
f 2183 2321 2184
f 2132 2928 2133
f 3684 2204 2203
f 3719 2197 3721
f 2594 2773 2951
f 2595 2951 2772
f 1870 799 1869
f 3713 2178 3706
f 3706 3736 3790
f 336 3774 3722
f 339 3154 336
f 3789 3149 3742
f 3683 2584 3149
f 2963 3048 3047
f 3722 337 336
f 339 2566 2586
f 3156 2168 2167
f 2610 2167 2611
f 2954 3156 2610
f 3157 2953 2257
f 3707 2169 3709
f 2567 3159 2568
f 337 2567 338
f 3730 2166 3707
f 3764 1983 3765
f 2579 3081 2576
f 2568 3160 2579
f 3709 2190 3764
f 3065 3162 3161
f 3161 1984 2189
f 3157 2189 2168
f 2257 3161 3157
f 734 1922 806
f 3059 2708 3163
f 3163 2182 1985
f 3162 1985 1984
f 3062 3163 3162
f 3203 3205 3204
f 2122 1448 1447
f 3817 1685 3812
f 139 444 69
f 1570 566 533
f 2957 3165 3036
f 2955 3164 2957
f 1912 341 1973
f 3130 3124 3134
f 1548 319 1547
f 1949 1327 1887
f 2969 3078 3167
f 3167 3169 3168
f 3724 2017 3720
f 3720 2033 3759
f 3168 3165 3170
f 3170 3164 3171
f 3779 3171 3756
f 3724 3170 3779
f 3171 3166 3172
f 3172 3071 3173
f 3752 3173 3749
f 3756 3172 3752
f 3169 3036 3165
f 2593 2962 2594
f 3173 2609 3174
f 3174 2199 2198
f 3783 2198 3719
f 3749 3174 3783
f 2190 1984 1983
f 2196 2767 3148
f 2119 1414 1448
f 1464 1466 1465
f 2199 3069 2200
f 2457 2587 2565
f 2226 2562 2966
f 481 1627 1639
f 333 235 236
f 3078 3037 3169
f 3040 2997 2263
f 2219 1933 2220
f 2385 2497 2503
f 221 3175 2484
f 2220 3143 3175
f 3175 2976 2975
f 2484 2975 2982
f 2954 3166 2955
f 2630 110 2982
f 1547 1952 1955
f 2091 2188 2187
f 3733 2178 2177
f 1918 1927 1926
f 3563 111 3511
f 955 960 954
f 2037 112 3563
f 3143 2981 2976
f 2218 2214 2215
f 672 3787 3541
f 2152 3014 2037
f 1147 1143 1145
f 2248 1409 2245
f 1615 1635 1616
f 1410 2246 2247
f 3241 3242 3240
f 3177 1383 1382
f 2238 3176 1382
f 3176 2230 3178
f 1410 3179 1407
f 3179 2243 1407
f 1633 2800 2249
f 1621 2758 2912
f 1622 2245 1634
f 2236 3181 3182
f 2237 3182 3183
f 2250 2233 2229
f 2912 1628 1621
f 135 1564 1563
f 1567 512 1565
f 1085 2653 2685
f 3184 868 3056
f 869 3057 934
f 1266 1098 1312
f 1267 722 721
f 937 2646 936
f 2146 722 2147
f 2211 921 2667
f 1957 507 449
f 1313 2264 3040
f 1496 1493 1492
f 2681 2705 2682
f 2887 2933 2932
f 1687 1659 1694
f 145 1498 81
f 1317 1319 2694
f 37 418 71
f 1935 3185 2977
f 104 301 103
f 2101 2083 2084
f 543 360 207
f 1934 3186 3185
f 234 212 237
f 3845 1822 1824
f 1976 1874 1974
f 223 2219 220
f 3655 3605 3612
f 468 773 2165
f 1935 1728 1932
f 3240 3226 3235
f 3261 3250 3260
f 3215 3244 3264
f 3265 3215 3264
f 3267 3198 3196
f 3205 3269 3255
f 3214 3265 3270
f 3271 3214 3192
f 3251 3239 3236
f 3222 3266 3272
f 3232 3234 3233
f 3216 3243 3244
f 3196 3268 3267
f 3244 3254 3255
f 3238 3247 3246
f 3264 3255 3269
f 3253 3216 3217
f 3211 3221 3265
f 3257 3218 3256
f 3258 3272 3259
f 3274 3280 3273
f 3228 3262 3263
f 3275 3281 3280
f 3226 3273 3280
f 3236 3260 3251
f 3281 3236 3237
f 3287 3192 3189
f 3235 3280 3234
f 3234 3281 3237
f 3288 3259 3272
f 3260 3276 3251
f 3289 3278 3284
f 3210 3224 3283
f 3199 3201 3200
f 3228 3230 3229
f 3290 3285 3286
f 3282 3271 3287
f 3260 3262 3261
f 3243 3268 3254
f 3267 3241 3232
f 3194 3208 3193
f 3191 3269 3206
f 3270 3192 3214
f 3275 3230 3231
f 3264 3270 3265
f 3252 3276 3291
f 3248 3291 3223
f 3213 3279 3277
f 3272 3289 3288
f 3277 3212 3213
f 3228 3281 3231
f 3220 3253 3219
f 3219 3217 3257
f 3256 3222 3258
f 3247 3252 3248
f 3245 3232 3233
f 3266 3212 3289
f 3208 3255 3254
f 3288 3284 3285
f 3204 3208 3207
f 560 3187 559
f 3209 3201 3202
f 3189 3191 3190
f 448 807 447
f 647 122 270
f 1833 1780 1832
f 510 508 507
f 3210 1887 3201
f 1887 3200 3201
f 15 3197 3200
f 16 3195 3197
f 3195 3187 3194
f 3194 1899 3207
f 3207 375 3204
f 387 126 127
f 3189 1760 3287
f 3577 757 758
f 763 2172 2175
f 3583 3580 3581
f 3581 3579 3578
f 3594 3596 3595
f 3400 3602 3401
f 3626 3625 3627
f 3631 3599 3601
f 3636 3595 3596
f 3647 3588 3645
f 3650 3584 3647
f 3653 3580 3651
f 3653 3654 3579
f 1801 3656 3655
f 3651 3582 3650
f 3644 3595 3637
f 1767 3659 3660
f 1597 3661 1600
f 1708 3665 3664
f 3671 3667 3666
f 3666 3673 3672
f 1588 3664 1587
f 2080 3666 2082
f 2082 3672 2084
f 3674 3635 3631
f 3677 3636 3635
f 3682 3645 3681
f 3692 3650 3686
f 3681 3644 3680
f 786 3692 785
f 3694 3651 3692
f 785 3686 497
f 497 3682 650
f 650 3681 564
f 3696 3681 3680
f 3405 3605 3402
f 3702 3678 3677
f 3699 3679 3678
f 3645 3638 3644
f 1799 3659 1768
f 3708 3458 3460
f 3462 3708 3460
f 3714 564 3696
f 3615 3602 3600
f 3710 3696 3698
f 3635 3596 3599
f 3629 3627 3630
f 3597 3599 3596
f 3630 3715 3629
f 3627 3597 3594
f 3717 3723 3718
f 3715 3660 3629
f 3716 3725 3715
f 3668 3661 3725
f 3668 3717 3667
f 3667 3718 3673
f 3727 3673 3718
f 3728 3672 3673
f 3726 3718 3723
f 1576 2084 3672
f 3727 3731 3729
f 3203 1387 3190
f 3190 1791 3189
f 3283 1949 3210
f 317 259 391
f 2000 3653 3694
f 3601 3600 3602
f 3589 3584 3585
f 3577 756 2170
f 3585 3582 3583
f 3678 3637 3636
f 3204 376 3203
f 1801 3657 1799
f 3729 3728 3727
f 1575 3738 1088
f 3735 1576 3728
f 1776 1796 1775
f 1293 1290 1284
f 1326 1327 12
f 1294 1234 1290
f 878 1330 1337
f 497 374 498
f 122 413 121
f 3699 3704 3708
f 3606 3401 3602
f 3708 3698 3699
f 3464 3710 3462
f 3704 3443 3458
f 439 399 438
f 1512 1526 1511
f 1668 1738 1671
f 839 1362 838
f 1362 826 1012
f 3843 1896 3815
f 2053 2118 2117
f 3888 2120 2119
f 696 3816 3831
f 1826 639 640
f 3740 3729 3731
f 956 886 960
f 1980 1922 807
f 33 105 164
f 1343 3856 3857
f 3907 2128 3902
f 1766 1582 1594
f 14 2163 738
f 595 99 594
f 3233 3246 3245
f 1346 1044 1352
f 748 1425 747
f 3193 3254 3268
f 3190 3206 3203
f 3612 3606 3615
f 3624 3615 3625
f 3631 3443 3674
f 3679 3644 3637
f 3686 3647 3682
f 3702 3674 3704
f 3625 3600 3597
f 3601 3415 3631
f 3739 3735 3729
f 3630 3594 3741
f 3741 3716 3630
f 1284 1288 1285
f 3698 3680 3679
f 1778 1780 1779
f 1792 1584 1789
f 695 571 694
f 3638 3594 3595
f 3741 3588 3589
f 3247 3209 3202
f 3292 3294 3295
f 3296 3298 3299
f 3299 3300 3301
f 3302 3304 3305
f 3306 3308 3309
f 3307 3311 3308
f 3303 3301 3300
f 3312 3304 3313
f 3314 3316 3317
f 3318 3320 3321
f 3324 3321 3325
f 3326 3328 3323
f 3329 3331 3332
f 3333 3335 3336
f 3337 3339 3340
f 3333 3341 3342
f 3342 3343 3344
f 3319 3344 3343
f 3338 3334 3339
f 3346 3302 3347
f 3305 3347 3302
f 3312 3223 3349
f 3350 3340 3351
f 3312 3348 3305
f 3352 3341 3326
f 3311 3354 3308
f 3341 3327 3326
f 3359 3361 3362
f 3360 3250 3249
f 3318 3345 3319
f 3364 3318 3324
f 3314 3324 3365
f 3366 3301 3346
f 3299 3367 3296
f 3308 3368 3309
f 3369 3295 3294
f 3317 3364 3314
f 3370 3317 3316
f 3325 3365 3324
f 3352 3319 3343
f 3296 3353 3311
f 3297 3311 3310
f 3363 3354 3345
f 3345 3353 3344
f 3344 3367 3342
f 3366 3342 3367
f 3347 3334 3346
f 3339 3348 3340
f 3348 3351 3340
f 3363 3369 3368
f 3294 3368 3369
f 3293 3309 3294
f 3331 3374 3332
f 3346 3333 3366
f 3323 3352 3326
f 3356 3321 3320
f 3355 3325 3321
f 3357 3371 3325
f 3322 3320 3352
f 3361 3329 3362
f 3373 3375 3374
f 3374 3376 3332
f 3329 3376 3362
f 3327 3372 3328
f 3336 3375 3327
f 3335 3376 3375
f 3376 3337 3362
f 3337 3359 3362
f 3359 3276 3250
f 3377 3295 3370
f 3277 3315 3278
f 3371 3379 3365
f 3378 3358 3380
f 3365 3315 3314
f 3316 3279 3370
f 3282 3370 3279
f 3313 3224 3312
f 3378 3284 3379
f 3380 3285 3378
f 3379 3278 3315
f 3276 3351 3291
f 3291 3349 3223
f 3313 2965 3013
f 2965 3303 222
f 222 3300 223
f 223 3298 3186
f 3298 3185 3186
f 3297 2977 3185
f 3310 1213 2977
f 3307 1214 1213
f 2532 3306 3293
f 2894 3293 3292
f 2871 3292 3377
f 3253 3240 3242
f 3283 3013 2152
f 1997 1889 1892
f 1237 744 855
f 1535 120 121
f 1531 201 214
f 1119 1032 984
f 946 824 947
f 163 5 162
f 3589 3723 3741
f 1155 1162 1164
f 427 327 424
f 553 796 498
f 3381 2231 2237
f 3381 2230 2232
f 2237 3180 3381
f 3383 3385 3382
f 3384 3387 3385
f 3386 3389 3387
f 3388 3391 3389
f 3392 3394 3395
f 3395 3396 3397
f 3398 3397 3396
f 3400 3399 3398
f 3403 3405 3402
f 3406 3404 3403
f 3408 3407 3406
f 3410 3409 3408
f 3412 3411 3410
f 3415 3398 3414
f 3414 3396 3416
f 3416 3394 3417
f 3417 3393 3418
f 3393 3420 3418
f 3419 3421 3420
f 3390 3422 3421
f 3388 3423 3422
f 3386 3424 3423
f 3384 3425 3424
f 3425 3426 3184
f 2904 3428 2947
f 3429 2904 2902
f 3430 2902 2876
f 2875 3430 2876
f 3432 2733 2736
f 2825 3435 2824
f 3437 3439 3436
f 3441 3436 3440
f 2724 3434 2825
f 3436 3115 3117
f 3440 3117 3119
f 3443 3414 3442
f 3442 3416 3444
f 3444 3417 3445
f 3445 3418 3446
f 3446 3420 3447
f 3420 3448 3447
f 3421 3449 3448
f 3422 3450 3449
f 3423 3451 3450
f 3424 3452 3451
f 3425 3056 3452
f 3451 2253 2252
f 3450 2252 1727
f 3449 1727 2150
f 3448 2150 1941
f 3453 3448 1941
f 3454 3447 3453
f 3455 3446 3454
f 3456 3445 3455
f 3442 3456 3457
f 3443 3457 3458
f 3459 3458 3457
f 3457 3455 3459
f 3459 3454 3461
f 3462 3459 3461
f 3461 3453 3463
f 3464 3461 3463
f 3463 1941 1360
f 3404 3401 3405
f 3407 3399 3404
f 3409 3397 3407
f 3411 3395 3409
f 3465 3413 3412
f 3467 3469 3466
f 3465 3431 3433
f 3470 3466 3465
f 3438 3432 3435
f 3467 3438 3437
f 3468 3437 3441
f 3471 3468 3472
f 3472 3441 3473
f 3473 3440 2712
f 2712 3119 3128
f 3475 3472 3474
f 3474 3473 3476
f 3476 2712 2711
f 3477 2711 2400
f 3478 3476 3477
f 3479 3474 3478
f 3392 3413 3480
f 3466 3480 3413
f 3419 3392 3480
f 3390 3480 3391
f 3469 3391 3480
f 3389 3471 3475
f 3387 3475 3479
f 3385 3479 3481
f 3482 2400 2402
f 3483 3477 3482
f 3481 3478 3483
f 3484 2402 2707
f 3058 2707 2708
f 3061 3484 3058
f 3485 3482 3484
f 3382 3481 3486
f 3486 3483 3485
f 3426 3382 3487
f 3487 3486 1962
f 3486 3061 1962
f 1961 3487 1962
f 3057 3426 3487
f 3428 3402 3488
f 3427 3403 3428
f 3429 3406 3427
f 3430 3408 3429
f 3431 3410 3430
f 3470 3433 3432
f 3434 3438 3435
f 2723 3439 3434
f 2875 3433 3431
f 2736 3435 3432
f 2947 3488 3500
f 3464 1360 3497
f 1900 1924 1901
f 1736 1718 1750
f 1955 1943 1956
f 1671 1735 1751
f 1696 1698 1692
f 1800 1864 1801
f 2063 2056 2060
f 1737 1717 1736
f 1751 1697 1695
f 943 3899 684
f 3656 3402 3605
f 1577 1764 1703
f 3917 1599 3923
f 1945 82 1944
f 68 7 248
f 147 1543 148
f 1109 1133 1102
f 1503 1907 1908
f 1499 1909 1498
f 452 735 215
f 1824 3835 3845
f 1825 2068 1824
f 1463 1022 1194
f 841 1009 1011
f 1568 1955 1534
f 1926 1927 1923
f 1910 1502 1939
f 1939 422 442
f 309 1940 308
f 1804 1866 1803
f 269 1954 56
f 2065 2060 2056
f 3812 1758 3835
f 280 552 1940
f 1875 1869 1874
f 1739 1734 1737
f 1778 1790 1788
f 310 1915 279
f 1909 1906 1954
f 1789 1778 1788
f 978 980 979
f 1584 1731 1583
f 425 311 312
f 148 115 116
f 2044 3894 2046
f 277 1939 551
f 1943 1945 1944
f 1461 1463 1464
f 2253 3056 3055
f 2981 3489 958
f 2209 3489 3055
f 2254 3055 3489
f 2998 958 3489
f 2826 2721 2724
f 3490 2721 2817
f 2816 3490 2817
f 2334 2296 2335
f 2298 2334 2336
f 2301 2336 2338
f 2311 2338 2354
f 2312 2354 2355
f 2359 2361 2360
f 2335 2359 2360
f 2414 2365 2364
f 2413 2361 2365
f 2355 2540 2541
f 2541 2539 2542
f 2722 2739 2738
f 3114 2738 3113
f 3110 3121 3120
f 3108 3120 3113
f 3122 3127 3126
f 3112 3126 3121
f 3127 1753 3135
f 3139 2529 2542
f 3744 3133 3139
f 3490 2740 2739
f 3491 2789 3490
f 228 91 88
f 245 243 242
f 248 247 191
f 2 296 295
f 145 300 267
f 327 210 328
f 329 331 330
f 250 228 236
f 239 240 230
f 373 375 374
f 178 176 175
f 1218 1228 1321
f 3862 1295 3854
f 808 824 823
f 3858 1013 1014
f 3813 1411 1413
f 2154 2159 2160
f 3845 1758 1757
f 306 1922 452
f 2157 1976 1977
f 708 2031 1474
f 1450 1227 1428
f 1672 1605 1624
f 1813 1821 1816
f 1717 1715 1718
f 176 402 347
f 1710 3916 3915
f 1712 1577 1711
f 1705 1711 1704
f 971 979 970
f 822 1094 1102
f 2909 2793 2792
f 2810 2795 2793
f 2799 2249 2800
f 3662 2910 2799
f 2769 2801 2795
f 3177 3178 3179
f 3178 3180 3179
f 3181 1393 2800
f 3181 1632 3182
f 3182 2244 3183
f 3183 2243 3180
f 3492 2790 3491
f 2808 3491 2816
f 2239 3572 2240
f 1149 3571 3570
f 1150 3567 3571
f 2202 3566 2015
f 2921 3565 2923
f 3568 2133 2928
f 1777 1759 1792
f 1201 1183 1184
f 3561 2195 2194
f 3553 2770 2768
f 3927 1687 1692
f 1516 154 503
f 3549 2974 2803
f 3550 2779 2778
f 2771 3575 3546
f 3070 3546 3558
f 3547 2775 2867
f 1376 1370 1372
f 2767 3556 2206
f 2195 3543 2767
f 2775 3542 2776
f 3377 3545 2871
f 3804 3539 2806
f 2776 3538 2805
f 2240 3535 2920
f 2920 3669 3619
f 3548 2786 2779
f 1805 1851 1804
f 3534 2787 2786
f 2951 3540 3531
f 2772 3531 3575
f 2973 3530 3536
f 2224 3537 3530
f 1957 320 510
f 306 304 303
f 2770 3528 2913
f 2913 3574 2239
f 2923 3527 2922
f 308 431 47
f 207 132 543
f 1879 1881 1880
f 3733 3525 2089
f 2475 3558 3524
f 2476 3524 3523
f 2223 3523 3537
f 3522 2803 2802
f 2037 11 1950
f 1959 450 505
f 2003 3520 2129
f 9 334 540
f 2009 3518 3567
f 2008 3536 3518
f 3877 673 3879
f 3515 2778 2784
f 2935 3513 2936
f 111 3570 3511
f 3510 2935 2938
f 683 3885 943
f 3508 2810 2909
f 736 732 729
f 1795 1803 1796
f 3505 2938 2939
f 3507 2939 2940
f 2950 3504 2949
f 2940 3504 3507
f 3801 3512 2950
f 2868 3502 2869
f 2869 3522 2802
f 1024 1023 1020
f 3500 2948 2947
f 551 442 443
f 2972 3568 2928
f 2032 3499 2972
f 216 1924 1923
f 203 201 200
f 1828 1847 1837
f 1958 449 450
f 272 178 175
f 2871 3495 1361
f 3619 3564 2921
f 2801 3643 3662
f 2005 3654 2176
f 960 899 962
f 3657 3612 3624
f 3780 3646 3151
f 3151 3593 2555
f 2193 3623 2194
f 3607 3145 3144
f 3603 2761 3145
f 3592 3144 3104
f 2926 3634 3103
f 3634 3104 3103
f 3755 3746 3753
f 566 3758 2005
f 3488 1864 3500
f 1602 2079 2078
f 2868 3611 2922
f 2922 3610 2923
f 2923 3618 2921
f 3670 2918 3614
f 3619 3614 2920
f 2921 3670 3619
f 2920 3586 2240
f 3613 2915 2918
f 2917 3622 3641
f 2916 3641 3642
f 2239 3652 2913
f 2911 3652 2757
f 3643 2911 2910
f 2797 3662 3591
f 2797 3598 2750
f 3622 2763 2765
f 3608 2764 2745
f 2194 3648 2221
f 2221 3649 2222
f 2756 3609 2755
f 2750 3609 2747
f 3669 1817 3827
f 3763 1691 1699
f 2515 3590 2548
f 2548 3593 2550
f 2513 3632 3616
f 2513 3621 2515
f 2509 3620 2289
f 2510 3633 2509
f 2289 3639 2283
f 2283 3617 2286
f 2240 3587 2239
f 3659 3624 3626
f 716 3887 3888
f 727 3761 1923
f 2165 2170 2164
f 3660 3626 3629
f 3743 3578 3757
f 2175 769 770
f 2100 2095 2099
f 3758 3757 3578
f 640 3568 1826
f 1653 3553 1651
f 1895 3530 746
f 746 3537 741
f 1653 3528 3576
f 3762 1604 1672
f 2093 2073 2078
f 959 995 884
f 962 919 986
f 1400 1398 1399
f 1000 1127 1004
f 956 884 885
f 1662 3550 1661
f 2034 3546 1654
f 3926 3539 3802
f 3535 766 1817
f 3572 765 766
f 334 3571 335
f 1868 3540 1656
f 1684 1652 1678
f 1682 775 1807
f 1585 3762 1700
f 3763 1672 1673
f 2173 490 491
f 1658 3547 1752
f 3556 1650 724
f 1571 2010 1572
f 1587 3671 2080
f 2099 2077 2094
f 787 1999 786
f 2000 786 1999
f 3155 3697 3683
f 3713 3683 3789
f 2180 3685 3684
f 3496 3684 3705
f 1684 3840 1651
f 1760 3495 3545
f 2607 3693 2590
f 2581 3689 2607
f 2371 3700 3695
f 2371 3693 2372
f 2587 3675 2586
f 2586 3697 339
f 2497 3687 2503
f 2502 3687 3700
f 2494 3690 2495
f 3690 2472 2495
f 3688 2468 2472
f 3701 2469 2468
f 726 3892 630
f 581 3518 580
f 10 3570 334
f 1837 3510 1849
f 741 3523 1300
f 1299 3558 2034
f 1851 3504 1866
f 3527 1820 1819
f 580 3536 1895
f 1758 3522 3502
f 1693 3508 1806
f 3504 1867 1866
f 1894 3568 3499
f 2126 3813 3841
f 3906 3841 3912
f 2113 3867 2110
f 2179 3789 3685
f 624 3904 623
f 2192 3788 3780
f 2177 3787 3733
f 1364 3833 1338
f 3858 1470 1453
f 3135 3775 3744
f 2069 3835 2068
f 1351 3853 1352
f 2108 3901 499
f 2089 3736 3733
f 3828 1358 866
f 2001 3783 2187
f 2187 3719 2091
f 2130 3752 2004
f 2004 3749 2001
f 2014 3779 2201
f 2201 3756 2130
f 3167 3759 2969
f 3168 3720 3167
f 3159 3764 3160
f 3160 3765 3081
f 3730 3158 337
f 3158 3709 3159
f 2200 3730 3722
f 3685 3742 2204
f 3722 2197 2200
f 3790 2092 3721
f 3774 3721 2197
f 3154 3790 3774
f 3155 3706 3154
f 2091 3721 2092
f 2196 3750 3776
f 2193 3776 3781
f 3604 3781 3788
f 2086 3780 3778
f 2087 3778 3777
f 2204 3751 2205
f 2205 3750 3148
f 3909 574 692
f 2124 3777 3760
f 2208 3760 3782
f 3711 3140 3137
f 3785 3138 3140
f 3745 3139 3138
f 3771 3136 2322
f 3712 3137 3136
f 3775 3131 3133
f 3767 3132 3131
f 1813 3838 1814
f 1293 3856 1344
f 2184 3748 3732
f 2181 3732 3734
f 3765 3079 3081
f 3768 3080 3079
f 709 3875 2031
f 2774 3737 3769
f 3786 2134 3559
f 3809 766 765
f 2968 3766 2959
f 2969 3784 2968
f 2958 3737 2961
f 2132 3766 2960
f 2321 3771 3748
f 3860 1449 28
f 3905 582 710
f 3886 577 574
f 3847 1818 3827
f 705 3887 2121
f 3816 3907 698
f 2111 3911 2113
f 3810 1366 1411
f 1812 3822 1815
f 675 3852 674
f 3496 3851 675
f 2110 3868 2109
f 2104 3901 2106
f 2109 3899 944
f 3842 703 739
f 1680 3846 1684
f 1639 3819 3818
f 623 3906 697
f 2139 3866 3865
f 1808 3844 3837
f 3820 1819 1820
f 3872 3900 706
f 1646 3830 1648
f 3889 633 577
f 2139 3875 18
f 2156 3871 3874
f 674 3913 3869
f 2117 3812 2069
f 1815 3847 3823
f 3855 1444 1470
f 697 3912 3816
f 866 3836 3828
f 3864 2136 2135
f 3585 3726 3589
f 3583 3731 3585
f 3753 3738 3739
f 3740 3581 3743
f 1088 3746 1093
f 3739 3743 3753
f 2791 3493 2792
f 3492 2807 3493
f 2792 3494 2909
f 3493 2806 3494
f 3508 3494 3516
f 3516 2806 3539
f 2948 3791 3801
f 2105 3896 2104
f 3538 3804 2805
f 680 3876 683
f 1891 3910 3891
f 2905 3801 2950
f 2900 3799 2905
f 2901 3807 2877
f 2734 3806 3794
f 2877 3806 2878
f 2820 3794 2872
f 2818 3792 2827
f 2823 3792 2826
f 2822 3798 2821
f 2819 3800 3798
f 2817 3795 2816
f 2809 3795 2815
f 2808 3803 2807
f 2805 3803 2804
f 1702 3923 1599
f 3922 1797 1802
f 3915 1706 1709
f 3918 1692 1698
f 1657 3880 1879
f 1890 3895 3910
f 3772 1674 1675
f 1689 3772 3773
f 3926 3538 1688
f 3516 1689 3773
f 3917 1703 1764
f 1598 3928 1770
f 3880 1876 1879
f 1691 3925 3927
f 3925 1688 1687
f 1117 1118 3930
f 1066 1322 3930
f 1243 847 3930
f 3825 848 3930
f 1128 1117 3930
f 1129 1130 3930
f 841 1011 3930
f 1230 3863 3930
f 1242 1243 3930
f 1322 1229 3930
f 1064 1065 3930
f 1003 1128 3930
f 1229 1230 3930
f 3863 1285 3930
f 1285 1288 3930
f 848 839 3930
f 847 3825 3930
f 1118 1129 3930
f 1065 1066 3930
f 1087 1086 3930
f 1008 1002 3930
f 1011 1008 3930
f 1002 1003 3930
f 1076 1069 3930
f 838 841 3930
f 839 838 3930
f 1288 1242 3930
f 1130 1087 3930
f 1086 1076 3930
f 1069 1064 3930
f 2410 2414 3931
f 2411 2410 3931
f 3617 2285 3931
f 2394 2393 3931
f 2393 2396 3931
f 2281 2286 3931
f 2282 2280 3931
f 2398 2399 3931
f 2465 2464 3931
f 2396 2397 3931
f 2470 2469 3931
f 2399 2416 3931
f 2480 2395 3931
f 2459 2480 3931
f 2369 2282 3931
f 2460 2459 3931
f 2415 2411 3931
f 2416 2415 3931
f 2364 2363 3931
f 2286 3617 3931
f 2464 2470 3931
f 2469 3703 3931
f 2285 2465 3931
f 2414 2364 3931
f 2395 2394 3931
f 2363 2367 3931
f 2397 2398 3931
f 2280 2281 3931
f 3703 2460 3931
f 2367 2369 3931
f 3934 3937 3938
f 3934 3939 3935
f 3932 3937 3933
f 3938 3943 3939
f 3937 3940 3941
f 3937 3942 3938
f 3942 3947 3943
f 3941 3944 3945
f 3942 3945 3946
f 3947 3950 3951
f 3944 3949 3945
f 3945 3950 3946
f 3950 3955 3951
f 3949 3952 3953
f 3950 3953 3954
f 3955 3958 3959
f 3953 3956 3957
f 3953 3958 3954
f 3959 3962 3963
f 3957 3960 3961
f 3958 3961 3962
f 3962 3967 3963
f 3960 3965 3961
f 3961 3966 3962
f 3966 3971 3967
f 3965 3968 3969
f 3966 3969 3970
f 3970 3975 3971
f 3968 3973 3969
f 3969 3974 3970
f 3974 3979 3975
f 3973 3976 3977
f 3974 3977 3978
f 3979 3982 3983
f 3976 3981 3977
f 3977 3982 3978
f 3982 3987 3983
f 3981 3984 3985
f 3982 3985 3986
f 3987 3990 3991
f 3984 3989 3985
f 3985 3990 3986
f 3991 3994 3995
f 3989 3992 3993
f 3990 3993 3994
f 3995 3998 3999
f 3992 3997 3993
f 3993 3998 3994
f 3998 4003 3999
f 3997 4000 4001
f 3998 4001 4002
f 4002 4007 4003
f 4000 4005 4001
f 4001 4006 4002
f 4006 4011 4007
f 4005 4008 4009
f 4006 4009 4010
f 4011 4014 4015
f 4008 4013 4009
f 4009 4014 4010
f 4014 4019 4015
f 4013 4016 4017
f 4014 4017 4018
f 4019 4022 4023
f 4016 4021 4017
f 4017 4022 4018
f 4023 4026 4027
f 4021 4024 4025
f 4022 4025 4026
f 4027 4030 4031
f 4024 4029 4025
f 4025 4030 4026
f 4031 4034 4035
f 4029 4032 4033
f 4030 4033 4034
f 4034 4039 4035
f 4032 4037 4033
f 4033 4038 4034
f 4038 4043 4039
f 4037 4040 4041
f 4038 4041 4042
f 4043 4046 4047
f 4040 4045 4041
f 4041 4046 4042
f 4046 4051 4047
f 4045 4048 4049
f 4046 4049 4050
f 4051 4055 4056
f 4048 4054 4049
f 4049 4055 4050
f 4056 4059 4060
f 4053 4058 4054
f 4055 4058 4059
f 3932 4052 3936
f 3936 4052 3940
f 3940 4052 3944
f 3944 4052 3948
f 3948 4052 3952
f 3952 4052 3956
f 3956 4052 3960
f 3960 4052 3964
f 3964 4052 3968
f 3968 4052 3972
f 3972 4052 3976
f 3976 4052 3980
f 3980 4052 3984
f 3984 4052 3988
f 3988 4052 3992
f 3992 4052 3996
f 3996 4052 4000
f 4000 4052 4004
f 4004 4052 4008
f 4008 4052 4012
f 4012 4052 4016
f 4016 4052 4020
f 4020 4052 4024
f 4024 4052 4028
f 4028 4052 4032
f 4032 4052 4036
f 4036 4052 4040
f 4040 4052 4044
f 4044 4052 4048
f 4048 4052 4053
f 4053 4052 4057
f 4060 3934 3935
f 4058 3932 3933
f 4058 3934 4059
f 4057 4052 3932
f 4069 4081 4082
f 4066 4080 4067
f 4065 4077 4078
f 4063 4075 4076
f 4071 4085 4072
f 4069 4083 4070
f 4067 4081 4068
f 4066 4078 4079
f 4063 4077 4064
f 4061 4075 4062
f 4072 4086 4073
f 4071 4083 4084
f 4076 4090 4077
f 4074 4088 4075
f 4086 4098 4099
f 4083 4097 4084
f 4082 4094 4095
f 4079 4093 4080
f 4078 4090 4091
f 4076 4088 4089
f 4085 4097 4098
f 4082 4096 4083
f 4080 4094 4081
f 4079 4091 4092
f 4089 4103 4090
f 4088 4100 4101
f 4098 4112 4099
f 4096 4110 4097
f 4095 4107 4108
f 4092 4106 4093
f 4090 4104 4091
f 4089 4101 4102
f 4097 4111 4098
f 4095 4109 4096
f 4094 4106 4107
f 4092 4104 4105
f 4103 4115 4116
f 4100 4114 4101
f 4112 4124 4125
f 4110 4122 4123
f 4107 4121 4108
f 4105 4119 4106
f 4103 4117 4104
f 4101 4115 4102
f 4110 4124 4111
f 4109 4121 4122
f 4107 4119 4120
f 4105 4117 4118
f 4115 4129 4116
f 4114 4126 4127
f 4124 4138 4125
f 4123 4135 4136
f 4120 4134 4121
f 4119 4131 4132
f 4117 4129 4130
f 4114 4128 4115
f 4124 4136 4137
f 4122 4134 4135
f 4119 4133 4120
f 4117 4131 4118
f 4129 4141 4142
f 4126 4140 4127
f 4138 4150 4151
f 4136 4148 4149
f 4133 4147 4134
f 4131 4145 4132
f 4130 4142 4143
f 4127 4141 4128
f 4137 4149 4150
f 4135 4147 4148
f 4132 4146 4133
f 4131 4143 4144
f 4142 4154 4155
f 4140 4152 4153
f 4150 4164 4151
f 4149 4161 4162
f 4146 4160 4147
f 4144 4158 4145
f 4142 4156 4143
f 4140 4154 4141
f 4149 4163 4150
f 4148 4160 4161
f 4146 4158 4159
f 4144 4156 4157
f 4155 4167 4168
f 4153 4165 4166
f 4163 4177 4164
f 4161 4175 4162
f 4159 4173 4160
f 4158 4170 4171
f 4155 4169 4156
f 4153 4167 4154
f 4163 4175 4176
f 4161 4173 4174
f 4159 4171 4172
f 4156 4170 4157
f 4167 4181 4168
f 4165 4179 4166
f 4176 4190 4177
f 4175 4187 4188
f 4173 4185 4186
f 4170 4184 4171
f 4169 4181 4182
f 4167 4179 4180
f 4175 4189 4176
f 4173 4187 4174
f 4171 4185 4172
f 4170 4182 4183
f 4180 4194 4181
f 4178 4192 4179
f 4190 4202 4203
f 4187 4201 4188
f 4186 4198 4199
f 4183 4197 4184
f 4182 4194 4195
f 4180 4192 4193
f 4189 4201 4202
f 4186 4200 4187
f 4184 4198 4185
f 4183 4195 4196
f 4193 4207 4194
f 4192 4204 4205
f 4202 4216 4203
f 4200 4214 4201
f 4199 4211 4212
f 4196 4210 4197
f 4194 4208 4195
f 4193 4205 4206
f 4201 4215 4202
f 4199 4213 4200
f 4198 4210 4211
f 4196 4208 4209
f 4207 4219 4220
f 4204 4218 4205
f 4216 4228 4229
f 4213 4227 4214
f 4211 4225 4212
f 4209 4223 4210
f 4207 4221 4208
f 4205 4219 4206
f 4214 4228 4215
f 4213 4225 4226
f 4211 4223 4224
f 4209 4221 4222
f 4219 4233 4220
f 4218 4230 4231
f 4228 4242 4229
f 4226 4240 4227
f 4225 4237 4238
f 4223 4235 4236
f 4221 4233 4234
f 4218 4232 4219
f 4228 4240 4241
f 4226 4238 4239
f 4223 4237 4224
f 4221 4235 4222
f 4233 4245 4246
f 4230 4244 4231
f 4242 4254 4255
f 4240 4252 4253
f 4237 4251 4238
f 4235 4249 4236
f 4234 4246 4247
f 4231 4245 4232
f 4241 4253 4254
f 4239 4251 4252
f 4236 4250 4237
f 4235 4247 4248
f 4246 4258 4259
f 4244 4256 4257
f 4254 4268 4255
f 4253 4265 4266
f 4250 4264 4251
f 4248 4262 4249
f 4246 4260 4247
f 4244 4258 4245
f 4253 4267 4254
f 4252 4264 4265
f 4250 4262 4263
f 4248 4260 4261
f 4259 4271 4272
f 4257 4269 4270
f 4267 4281 4268
f 4265 4279 4266
f 4263 4277 4264
f 4262 4274 4275
f 4259 4273 4260
f 4257 4271 4258
f 4266 4280 4267
f 4265 4277 4278
f 4263 4275 4276
f 4260 4274 4261
f 4271 4285 4272
f 4269 4283 4270
f 4281 4293 4294
f 4279 4291 4292
f 4277 4289 4290
f 4274 4288 4275
f 4273 4285 4286
f 4271 4283 4284
f 4280 4292 4293
f 4277 4291 4278
f 4275 4289 4276
f 4274 4286 4287
f 4284 4298 4285
f 4282 4296 4283
f 4294 4306 4307
f 4291 4305 4292
f 4290 4302 4303
f 4287 4301 4288
f 4286 4298 4299
f 4284 4296 4297
f 4293 4305 4306
f 4290 4304 4291
f 4288 4302 4289
f 4287 4299 4300
f 4297 4311 4298
f 4296 4308 4309
f 4306 4320 4307
f 4304 4318 4305
f 4303 4315 4316
f 4300 4314 4301
f 4298 4312 4299
f 4297 4309 4310
f 4305 4319 4306
f 4304 4316 4317
f 4302 4314 4315
f 4300 4312 4313
f 4310 4324 4311
f 4308 4322 4309
f 4320 4332 4333
f 4318 4330 4331
f 4316 4328 4329
f 4313 4327 4314
f 4311 4325 4312
f 4310 4322 4323
f 4318 4332 4319
f 4316 4330 4317
f 4315 4327 4328
f 4312 4326 4313
f 4323 4337 4324
f 4322 4334 4335
f 4332 4346 4333
f 4330 4344 4331
f 4329 4341 4342
f 4327 4339 4340
f 4325 4337 4338
f 4322 4336 4323
f 4332 4344 4345
f 4330 4342 4343
f 4327 4341 4328
f 4325 4339 4326
f 4337 4350 4351
f 4334 4349 4335
f 4346 4359 4360
f 4344 4357 4358
f 4341 4356 4342
f 4340 4353 4354
f 4338 4351 4352
f 4335 4350 4336
f 4345 4358 4359
f 4343 4356 4357
f 4340 4355 4341
f 4338 4353 4339
f 4351 4363 4364
f 4349 4361 4362
f 4359 4373 4360
f 4358 4370 4371
f 4355 4369 4356
f 4354 4366 4367
f 4351 4365 4352
f 4349 4363 4350
f 4358 4372 4359
f 4357 4369 4370
f 4355 4367 4368
f 4352 4366 4353
f 4364 4376 4377
f 4362 4374 4375
f 4373 4385 4386
f 4370 4384 4371
f 4368 4382 4369
f 4367 4379 4380
f 4364 4378 4365
f 4362 4376 4363
f 4372 4384 4385
f 4370 4382 4383
f 4368 4380 4381
f 4365 4379 4366
f 4376 4390 4377
f 4374 4388 4375
f 4385 4399 4386
f 4384 4396 4397
f 4382 4394 4395
f 4379 4393 4380
f 4378 4390 4391
f 4376 4388 4389
f 4384 4398 4385
f 4382 4396 4383
f 4380 4394 4381
f 4379 4391 4392
f 4389 4403 4390
f 4387 4401 4388
f 4399 4411 4412
f 4396 4410 4397
f 4395 4407 4408
f 4393 4405 4406
f 4391 4403 4404
f 4389 4401 4402
f 4398 4410 4411
f 4395 4409 4396
f 4393 4407 4394
f 4391 4405 4392
f 4402 4416 4403
f 4401 4413 4414
f 4411 4425 4412
f 4409 4423 4410
f 4408 4420 4421
f 4406 4418 4419
f 4403 4417 4404
f 4402 4414 4415
f 4410 4424 4411
f 4408 4422 4409
f 4407 4419 4420
f 4404 4418 4405
f 4416 4428 4429
f 4413 4427 4414
f 4425 4437 4438
f 4423 4435 4436
f 4421 4433 4434
f 4418 4432 4419
f 4416 4430 4417
f 4415 4427 4428
f 4423 4437 4424
f 4421 4435 4422
f 4420 4432 4433
f 4418 4430 4431
f 4428 4442 4429
f 4426 4440 4427
f 4437 4451 4438
f 4435 4449 4436
f 4434 4446 4447
f 4432 4444 4445
f 4430 4442 4443
f 4427 4441 4428
f 4437 4449 4450
f 4435 4447 4448
f 4432 4446 4433
f 4430 4444 4431
f 4442 4454 4455
f 4439 4453 4440
f 4451 4463 4464
f 4449 4461 4462
f 4446 4460 4447
f 4444 4458 4445
f 4443 4455 4456
f 4440 4454 4441
f 4450 4462 4463
f 4447 4461 4448
f 4445 4459 4446
f 4444 4456 4457
f 4455 4467 4468
f 4453 4465 4466
f 4463 4477 4464
f 4462 4474 4475
f 4459 4473 4460
f 4457 4471 4458
f 4455 4469 4456
f 4453 4467 4454
f 4462 4476 4463
f 4461 4473 4474
f 4459 4471 4472
f 4457 4469 4470
f 4347 4073 4086
f 4347 4086 4099
f 4347 4099 4112
f 4347 4112 4125
f 4347 4125 4138
f 4347 4138 4151
f 4347 4151 4164
f 4347 4164 4177
f 4347 4177 4190
f 4347 4190 4203
f 4347 4203 4216
f 4347 4216 4229
f 4347 4229 4242
f 4347 4242 4255
f 4347 4255 4268
f 4347 4268 4281
f 4347 4281 4294
f 4347 4294 4307
f 4347 4307 4320
f 4347 4320 4333
f 4347 4333 4346
f 4347 4346 4360
f 4347 4360 4373
f 4347 4373 4386
f 4347 4386 4399
f 4347 4399 4412
f 4347 4412 4425
f 4347 4425 4438
f 4347 4438 4451
f 4347 4451 4464
f 4347 4464 4477
f 4468 4063 4064
f 4466 4061 4062
f 4477 4072 4073
f 4474 4071 4475
f 4472 4069 4473
f 4471 4066 4067
f 4468 4065 4469
f 4466 4063 4467
f 4347 4477 4073
f 4476 4071 4072
f 4474 4069 4070
f 4472 4067 4068
f 4469 4066 4470
f 3935 4465 4060
f 4465 4056 4060
f 4452 4051 4056
f 4439 4047 4051
f 4047 4413 4043
f 4043 4400 4039
f 4039 4387 4035
f 4387 4031 4035
f 4031 4361 4027
f 4361 4023 4027
f 4348 4019 4023
f 4334 4015 4019
f 4015 4308 4011
f 4011 4295 4007
f 4007 4282 4003
f 4282 3999 4003
f 3999 4256 3995
f 4256 3991 3995
f 4243 3987 3991
f 4230 3983 3987
f 3983 4204 3979
f 3979 4191 3975
f 3975 4178 3971
f 4178 3967 3971
f 3967 4152 3963
f 4152 3959 3963
f 4139 3955 3959
f 4126 3951 3955
f 3951 4100 3947
f 3947 4087 3943
f 3943 4074 3939
f 4074 3935 3939
f 4480 4483 4484
f 4480 4485 4481
f 4479 4482 4483
f 4484 4489 4485
f 4482 4487 4483
f 4483 4488 4484
f 4488 4493 4489
f 4487 4490 4491
f 4488 4491 4492
f 4493 4496 4497
f 4490 4495 4491
f 4491 4496 4492
f 4496 4501 4497
f 4495 4498 4499
f 4496 4499 4500
f 4501 4504 4505
f 4498 4503 4499
f 4499 4504 4500
f 4505 4508 4509
f 4503 4506 4507
f 4504 4507 4508
f 4509 4512 4513
f 4506 4511 4507
f 4507 4512 4508
f 4513 4516 4517
f 4511 4514 4515
f 4512 4515 4516
f 4516 4521 4517
f 4514 4519 4515
f 4515 4520 4516
f 4520 4525 4521
f 4518 4523 4519
f 4520 4523 4524
f 4525 4528 4529
f 4522 4527 4523
f 4523 4528 4524
f 4528 4533 4529
f 4527 4530 4531
f 4528 4531 4532
f 4533 4536 4537
f 4530 4535 4531
f 4531 4536 4532
f 4537 4540 4541
f 4534 4539 4535
f 4536 4539 4540
f 4541 4544 4545
f 4539 4542 4543
f 4539 4544 4540
f 4544 4549 4545
f 4542 4547 4543
f 4544 4547 4548
f 4548 4553 4549
f 4547 4550 4551
f 4547 4552 4548
f 4552 4557 4553
f 4551 4554 4555
f 4552 4555 4556
f 4557 4560 4561
f 4554 4559 4555
f 4555 4560 4556
f 4560 4565 4561
f 4559 4562 4563
f 4560 4563 4564
f 4565 4568 4569
f 4562 4567 4563
f 4563 4568 4564
f 4569 4572 4573
f 4567 4570 4571
f 4568 4571 4572
f 4572 4577 4573
f 4570 4575 4571
f 4571 4576 4572
f 4576 4581 4577
f 4575 4578 4579
f 4576 4579 4580
f 4580 4585 4581
f 4578 4583 4579
f 4579 4584 4580
f 4584 4589 4585
f 4583 4586 4587
f 4584 4587 4588
f 4589 4592 4593
f 4586 4591 4587
f 4587 4592 4588
f 4592 4597 4593
f 4591 4594 4595
f 4592 4595 4596
f 4597 4601 4602
f 4594 4600 4595
f 4595 4601 4596
f 4602 4605 4606
f 4600 4603 4604
f 4601 4604 4605
f 4478 4598 4482
f 4482 4598 4486
f 4486 4598 4490
f 4490 4598 4494
f 4494 4598 4498
f 4498 4598 4502
f 4502 4598 4506
f 4506 4598 4510
f 4510 4598 4514
f 4514 4598 4518
f 4518 4598 4522
f 4522 4598 4526
f 4526 4598 4530
f 4530 4598 4534
f 4534 4598 4538
f 4538 4598 4542
f 4542 4598 4546
f 4546 4598 4550
f 4550 4598 4554
f 4554 4598 4558
f 4558 4598 4562
f 4562 4598 4566
f 4566 4598 4570
f 4570 4598 4574
f 4574 4598 4578
f 4578 4598 4582
f 4582 4598 4586
f 4586 4598 4590
f 4590 4598 4594
f 4594 4598 4599
f 4599 4598 4603
f 4606 4480 4481
f 4603 4479 4604
f 4604 4480 4605
f 4603 4598 4478
f 4615 4627 4628
f 4612 4626 4613
f 4611 4623 4624
f 4609 4621 4622
f 4618 4630 4631
f 4615 4629 4616
f 4613 4627 4614
f 4612 4624 4625
f 4609 4623 4610
f 4607 4621 4608
f 4619 4631 4632
f 4617 4629 4630
f 4622 4636 4623
f 4620 4634 4621
f 4632 4644 4645
f 4629 4643 4630
f 4628 4640 4641
f 4626 4638 4639
f 4624 4636 4637
f 4622 4634 4635
f 4631 4643 4644
f 4628 4642 4629
f 4626 4640 4627
f 4624 4638 4625
f 4635 4649 4636
f 4634 4646 4647
f 4644 4658 4645
f 4642 4656 4643
f 4641 4653 4654
f 4639 4651 4652
f 4636 4650 4637
f 4635 4647 4648
f 4643 4657 4644
f 4642 4654 4655
f 4640 4652 4653
f 4637 4651 4638
f 4648 4662 4649
f 4646 4660 4647
f 4658 4670 4671
f 4656 4668 4669
f 4653 4667 4654
f 4651 4665 4652
f 4649 4663 4650
f 4648 4660 4661
f 4656 4670 4657
f 4654 4668 4655
f 4653 4665 4666
f 4651 4663 4664
f 4661 4675 4662
f 4660 4672 4673
f 4670 4684 4671
f 4668 4682 4669
f 4667 4679 4680
f 4665 4677 4678
f 4663 4675 4676
f 4661 4673 4674
f 4670 4682 4683
f 4667 4681 4668
f 4665 4679 4666
f 4663 4677 4664
f 4675 4687 4688
f 4672 4686 4673
f 4684 4696 4697
f 4682 4694 4695
f 4679 4693 4680
f 4678 4690 4691
f 4676 4688 4689
f 4673 4687 4674
f 4683 4695 4696
f 4681 4693 4694
f 4678 4692 4679
f 4676 4690 4677
f 4688 4700 4701
f 4686 4698 4699
f 4696 4710 4697
f 4695 4707 4708
f 4692 4706 4693
f 4691 4703 4704
f 4688 4702 4689
f 4686 4700 4687
f 4695 4709 4696
f 4694 4706 4707
f 4692 4704 4705
f 4689 4703 4690
f 4701 4713 4714
f 4699 4711 4712
f 4710 4722 4723
f 4707 4721 4708
f 4705 4719 4706
f 4704 4716 4717
f 4701 4715 4702
f 4699 4713 4700
f 4709 4721 4722
f 4707 4719 4720
f 4705 4717 4718
f 4702 4716 4703
f 4713 4727 4714
f 4711 4725 4712
f 4723 4735 4736
f 4721 4733 4734
f 4719 4731 4732
f 4716 4730 4717
f 4715 4727 4728
f 4713 4725 4726
f 4721 4735 4722
f 4719 4733 4720
f 4717 4731 4718
f 4716 4728 4729
f 4726 4740 4727
f 4724 4738 4725
f 4736 4748 4749
f 4733 4747 4734
f 4732 4744 4745
f 4730 4742 4743
f 4728 4740 4741
f 4726 4738 4739
f 4735 4747 4748
f 4732 4746 4733
f 4730 4744 4731
f 4728 4742 4729
f 4739 4753 4740
f 4738 4750 4751
f 4748 4762 4749
f 4746 4760 4747
f 4745 4757 4758
f 4743 4755 4756
f 4740 4754 4741
f 4739 4751 4752
f 4747 4761 4748
f 4745 4759 4746
f 4744 4756 4757
f 4741 4755 4742
f 4753 4765 4766
f 4750 4764 4751
f 4762 4774 4775
f 4759 4773 4760
f 4758 4770 4771
f 4755 4769 4756
f 4753 4767 4754
f 4752 4764 4765
f 4760 4774 4761
f 4758 4772 4759
f 4757 4769 4770
f 4755 4767 4768
f 4765 4779 4766
f 4764 4776 4777
f 4774 4788 4775
f 4772 4786 4773
f 4771 4783 4784
f 4769 4781 4782
f 4767 4779 4780
f 4765 4777 4778
f 4774 4786 4787
f 4771 4785 4772
f 4769 4783 4770
f 4767 4781 4768
f 4779 4791 4792
f 4776 4790 4777
f 4788 4800 4801
f 4786 4798 4799
f 4783 4797 4784
f 4782 4794 4795
f 4780 4792 4793
f 4777 4791 4778
f 4787 4799 4800
f 4785 4797 4798
f 4782 4796 4783
f 4780 4794 4781
f 4792 4804 4805
f 4790 4802 4803
f 4800 4814 4801
f 4799 4811 4812
f 4796 4810 4797
f 4795 4807 4808
f 4792 4806 4793
f 4790 4804 4791
f 4799 4813 4800
f 4798 4810 4811
f 4796 4808 4809
f 4793 4807 4794
f 4805 4817 4818
f 4803 4815 4816
f 4814 4826 4827
f 4811 4825 4812
f 4809 4823 4810
f 4808 4820 4821
f 4805 4819 4806
f 4803 4817 4804
f 4813 4825 4826
f 4811 4823 4824
f 4809 4821 4822
f 4806 4820 4807
f 4817 4831 4818
f 4815 4829 4816
f 4826 4840 4827
f 4825 4837 4838
f 4823 4835 4836
f 4820 4834 4821
f 4819 4831 4832
f 4817 4829 4830
f 4825 4839 4826
f 4823 4837 4824
f 4821 4835 4822
f 4820 4832 4833
f 4830 4844 4831
f 4828 4842 4829
f 4840 4852 4853
f 4837 4851 4838
f 4836 4848 4849
f 4834 4846 4847
f 4832 4844 4845
f 4830 4842 4843
f 4839 4851 4852
f 4836 4850 4837
f 4834 4848 4835
f 4832 4846 4833
f 4843 4857 4844
f 4842 4854 4855
f 4852 4866 4853
f 4850 4864 4851
f 4849 4861 4862
f 4847 4859 4860
f 4844 4858 4845
f 4843 4855 4856
f 4851 4865 4852
f 4849 4863 4850
f 4848 4860 4861
f 4845 4859 4846
f 4857 4869 4870
f 4855 4867 4868
f 4866 4878 4879
f 4864 4876 4877
f 4862 4874 4875
f 4859 4873 4860
f 4857 4871 4858
f 4856 4868 4869
f 4864 4878 4865
f 4862 4876 4863
f 4861 4873 4874
f 4859 4871 4872
f 4869 4883 4870
f 4868 4880 4881
f 4878 4892 4879
f 4877 4889 4890
f 4874 4888 4875
f 4873 4885 4886
f 4871 4883 4884
f 4868 4882 4869
f 4878 4890 4891
f 4876 4888 4889
f 4873 4887 4874
f 4871 4885 4872
f 4883 4896 4897
f 4880 4895 4881
f 4892 4905 4906
f 4890 4903 4904
f 4887 4902 4888
f 4885 4900 4886
f 4884 4897 4898
f 4881 4896 4882
f 4891 4904 4905
f 4889 4902 4903
f 4886 4901 4887
f 4885 4898 4899
f 4897 4909 4910
f 4895 4907 4908
f 4905 4919 4906
f 4904 4916 4917
f 4901 4915 4902
f 4899 4913 4900
f 4897 4911 4898
f 4895 4909 4896
f 4904 4918 4905
f 4903 4915 4916
f 4901 4913 4914
f 4899 4911 4912
f 4910 4922 4923
f 4908 4920 4921
f 4919 4931 4932
f 4916 4930 4917
f 4914 4928 4915
f 4913 4925 4926
f 4910 4924 4911
f 4908 4922 4909
f 4918 4930 4931
f 4916 4928 4929
f 4914 4926 4927
f 4911 4925 4912
f 4922 4936 4923
f 4920 4934 4921
f 4931 4945 4932
f 4930 4942 4943
f 4928 4940 4941
f 4925 4939 4926
f 4924 4936 4937
f 4922 4934 4935
f 4930 4944 4931
f 4928 4942 4929
f 4926 4940 4927
f 4925 4937 4938
f 4935 4949 4936
f 4933 4947 4934
f 4945 4957 4958
f 4942 4956 4943
f 4941 4953 4954
f 4938 4952 4939
f 4937 4949 4950
f 4935 4947 4948
f 4944 4956 4957
f 4941 4955 4942
f 4939 4953 4940
f 4938 4950 4951
f 4948 4962 4949
f 4947 4959 4960
f 4957 4971 4958
f 4955 4969 4956
f 4954 4966 4967
f 4951 4965 4952
f 4949 4963 4950
f 4948 4960 4961
f 4956 4970 4957
f 4954 4968 4955
f 4953 4965 4966
f 4951 4963 4964
f 4962 4974 4975
f 4959 4973 4960
f 4971 4983 4984
f 4968 4982 4969
f 4966 4980 4967
f 4964 4978 4965
f 4962 4976 4963
f 4960 4974 4961
f 4969 4983 4970
f 4967 4981 4968
f 4966 4978 4979
f 4964 4976 4977
f 4975 4987 4988
f 4973 4985 4986
f 4983 4997 4984
f 4981 4995 4982
f 4979 4993 4980
f 4978 4990 4991
f 4976 4988 4989
f 4973 4987 4974
f 4983 4995 4996
f 4981 4993 4994
f 4978 4992 4979
f 4976 4990 4977
f 4988 5000 5001
f 4985 4999 4986
f 4997 5009 5010
f 4995 5007 5008
f 4992 5006 4993
f 4991 5003 5004
f 4989 5001 5002
f 4986 5000 4987
f 4996 5008 5009
f 4994 5006 5007
f 4991 5005 4992
f 4989 5003 4990
f 5001 5013 5014
f 4999 5011 5012
f 5009 5023 5010
f 5008 5020 5021
f 5005 5019 5006
f 5004 5016 5017
f 5001 5015 5002
f 4999 5013 5000
f 5008 5022 5009
f 5007 5019 5020
f 5005 5017 5018
f 5002 5016 5003
f 4893 4619 4632
f 4893 4632 4645
f 4893 4645 4658
f 4893 4658 4671
f 4893 4671 4684
f 4893 4684 4697
f 4893 4697 4710
f 4893 4710 4723
f 4893 4723 4736
f 4893 4736 4749
f 4893 4749 4762
f 4893 4762 4775
f 4893 4775 4788
f 4893 4788 4801
f 4893 4801 4814
f 4893 4814 4827
f 4893 4827 4840
f 4893 4840 4853
f 4893 4853 4866
f 4893 4866 4879
f 4893 4879 4892
f 4893 4892 4906
f 4893 4906 4919
f 4893 4919 4932
f 4893 4932 4945
f 4893 4945 4958
f 4893 4958 4971
f 4893 4971 4984
f 4893 4984 4997
f 4893 4997 5010
f 4893 5010 5023
f 5014 4609 4610
f 5012 4607 4608
f 5022 4619 5023
f 5020 4617 5021
f 5018 4615 5019
f 5017 4612 4613
f 5014 4611 5015
f 5012 4609 5013
f 4893 5023 4619
f 5021 4618 5022
f 5020 4615 4616
f 5018 4613 4614
f 5015 4612 5016
f 4481 5011 4606
f 5011 4602 4606
f 4998 4597 4602
f 4985 4593 4597
f 4593 4959 4589
f 4589 4946 4585
f 4585 4933 4581
f 4933 4577 4581
f 4577 4907 4573
f 4907 4569 4573
f 4894 4565 4569
f 4880 4561 4565
f 4561 4854 4557
f 4557 4841 4553
f 4553 4828 4549
f 4828 4545 4549
f 4545 4802 4541
f 4802 4537 4541
f 4789 4533 4537
f 4776 4529 4533
f 4529 4750 4525
f 4525 4737 4521
f 4521 4724 4517
f 4724 4513 4517
f 4513 4698 4509
f 4698 4505 4509
f 4685 4501 4505
f 4672 4497 4501
f 4497 4646 4493
f 4493 4633 4489
f 4489 4620 4485
f 4620 4481 4485
f 4 3 2
f 8 7 6
f 13 16 15
f 17 28 19
f 32 31 30
f 36 35 34
f 37 40 39
f 21 22 23
f 25 26 27
f 41 44 43
f 48 47 46
f 52 51 50
f 53 56 55
f 60 59 58
f 29 30 62
f 66 65 64
f 67 5 6
f 72 71 70
f 76 75 74
f 77 80 79
f 81 84 83
f 59 87 86
f 88 91 90
f 96 95 94
f 100 99 98
f 101 104 103
f 106 105 34
f 108 116 115
f 117 119 36
f 124 127 126
f 131 130 129
f 132 102 134
f 142 141 140
f 148 106 60
f 144 143 127
f 149 152 151
f 156 155 154
f 159 150 158
f 116 108 164
f 171 170 169
f 174 126 173
f 179 182 181
f 186 189 188
f 194 197 196
f 199 142 139
f 206 209 208
f 213 212 211
f 202 215 214
f 96 93 216
f 92 238 43
f 97 184 246
f 250 249 229
f 252 254 58
f 258 257 256
f 260 91 229
f 110 111 112
f 114 264 263
f 265 268 267
f 56 53 270
f 274 273 249
f 185 183 63
f 280 279 278
f 285 284 283
f 288 219 211
f 141 142 92
f 289 290 175
f 148 116 105
f 312 311 170
f 238 262 42
f 318 163 160
f 310 309 308
f 241 239 325
f 160 230 240
f 47 48 307
f 108 109 315
f 345 85 86
f 348 351 350
f 356 359 358
f 355 354 353
f 363 31 32
f 364 252 253
f 366 125 368
f 183 372 371
f 163 162 161
f 209 226 101
f 378 377 165
f 379 295 381
f 383 382 3
f 284 285 386
f 387 127 389
f 391 259 229
f 73 281 397
f 405 408 407
f 203 218 411
f 414 121 413
f 1 356 357
f 277 276 131
f 254 344 57
f 358 384 415
f 417 416 386
f 401 400 192
f 419 389 127
f 421 181 182
f 103 301 302
f 428 367 368
f 380 390 359
f 62 204 266
f 140 141 431
f 357 358 351
f 356 1 379
f 415 392 403
f 437 428 436
f 438 441 440
f 188 451 450
f 265 455 181
f 224 185 64
f 237 212 213
f 275 131 128
f 281 282 460
f 50 462 79
f 73 74 282
f 468 467 466
f 390 355 352
f 482 485 484
f 489 488 487
f 493 496 495
f 472 471 470
f 502 501 500
f 220 221 222
f 512 419 143
f 518 517 511
f 513 239 230
f 205 30 31
f 189 370 451
f 163 318 532
f 533 224 225
f 446 448 447
f 335 541 540
f 544 512 546
f 329 519 291
f 199 534 262
f 385 386 416
f 532 190 191
f 363 117 118
f 578 581 580
f 573 572 571
f 561 563 562
f 241 260 259
f 590 593 592
f 545 546 595
f 503 154 155
f 606 625 624
f 478 481 480
f 646 649 648
f 590 591 689
f 564 565 651
f 728 246 184
f 714 724 716
f 692 574 575
f 541 335 581
f 346 68 248
f 161 231 230
f 128 129 94
f 698 705 704
f 574 577 576
f 290 289 401
f 630 631 725
f 733 736 735
f 755 466 496
f 759 480 481
f 757 763 762
f 764 496 466
f 768 767 3808
f 759 760 488
f 492 474 475
f 474 770 769
f 773 468 465
f 771 774 486
f 484 485 775
f 774 776 489
f 495 496 764
f 495 757 761
f 137 397 784
f 325 239 797
f 165 519 51
f 369 32 29
f 730 731 568
f 90 302 301
f 243 118 516
f 800 734 806
f 817 815 808
f 816 808 823
f 306 303 447
f 815 810 809
f 829 830 828
f 726 725 501
f 274 427 424
f 879 882 881
f 884 883 879
f 219 218 217
f 906 905 904
f 455 204 205
f 898 882 830
f 903 900 880
f 377 291 519
f 923 949 948
f 946 947 951
f 3519 740 739
f 900 899 886
f 225 64 65
f 182 445 442
f 809 952 947
f 954 960 962
f 927 950 965
f 885 879 880
f 925 927 966
f 343 342 341
f 965 964 971
f 968 971 970
f 972 968 969
f 963 961 981
f 336 337 338
f 992 993 827
f 810 815 996
f 1007 1001 1002
f 1012 826 827
f 1011 1009 1007
f 294 293 292
f 907 908 920
f 1017 579 1019
f 1020 1023 1022
f 1035 1024 1020
f 1061 1060 1047
f 1063 1061 1046
f 1044 1020 1021
f 1102 1094 1097
f 1116 1126 1118
f 1016 1015 1014
f 881 897 904
f 816 1116 1127
f 1094 948 949
f 514 342 167
f 146 145 81
f 1133 1135 1130
f 1102 1133 1126
f 822 1126 1116
f 1145 1143 1148
f 1076 1144 1151
f 1148 1143 1086
f 1109 1097 1114
f 1154 1153 1156
f 1153 925 967
f 3464 3497 463
f 1144 1147 1152
f 1156 967 1163
f 1164 1162 1169
f 1145 1171 1176
f 1114 1115 1154
f 1183 1155 1164
f 1184 1183 1177
f 1069 1151 1062
f 1023 1191 1194
f 1162 1163 1170
f 1195 1184 1185
f 1183 1196 1176
f 1201 1063 1152
f 1061 1063 1201
f 3825 847 843
f 1203 1202 1195
f 1202 1201 1184
f 1218 1060 1203
f 1060 1061 1202
f 1225 1218 1217
f 671 695 694
f 1219 1217 1024
f 1217 1203 1034
f 1226 1014 1015
f 1243 1242 1234
f 1231 1230 1229
f 847 1243 1233
f 843 1233 1244
f 1233 1234 1245
f 1923 3761 233
f 2100 2108 499
f 3914 3864 2135
f 61 62 323
f 210 211 217
f 1299 1310 1309
f 3863 1230 1231
f 1066 1047 1321
f 1322 1321 1228
f 1060 1218 1321
f 1325 1324 1323
f 1244 1245 1332
f 1290 1234 1242
f 1337 1330 1339
f 1330 1332 1340
f 1341 1332 1245
f 1342 1340 1332
f 1343 1342 1341
f 1344 1341 1294
f 3857 3856 1345
f 1347 1348 1342
f 3856 3854 1295
f 1349 1350 1348
f 3861 1349 1347
f 3853 1347 1343
f 906 898 829
f 905 906 1353
f 865 1356 1355
f 1355 1353 829
f 1357 1355 825
f 1356 1354 1353
f 3834 1337 1338
f 866 1358 1356
f 1358 1359 1354
f 3828 878 1337
f 838 1362 1012
f 1363 1364 1338
f 1368 1363 1339
f 1348 1368 1340
f 1371 1369 3824
f 524 525 526
f 528 529 530
f 1372 1370 1369
f 535 536 537
f 1367 1368 1348
f 1370 1354 1359
f 1369 1359 3833
f 1373 910 903
f 555 556 557
f 1374 909 910
f 1373 904 905
f 1374 1373 1375
f 1375 905 1354
f 1378 920 908
f 376 373 651
f 1388 928 973
f 586 587 588
f 1390 1389 1388
f 1391 1388 969
f 597 598 599
f 600 601 602
f 1392 1391 970
f 608 609 610
f 612 524 523
f 614 615 616
f 617 618 25
f 620 621 622
f 1397 1390 1391
f 1398 1397 1392
f 1400 987 920
f 1402 1403 1165
f 636 637 638
f 930 1404 1402
f 641 642 643
f 929 1402 1169
f 1404 1405 1403
f 1411 1366 1365
f 1412 1406 1415
f 652 653 654
f 609 656 657
f 659 660 661
f 558 663 586
f 665 666 667
f 1413 1411 1406
f 1418 1416 3810
f 1417 1372 1371
f 1416 1371 3829
f 1419 1417 1416
f 1386 909 1374
f 677 678 679
f 1385 1386 1420
f 1420 1374 1376
f 685 686 687
f 1421 1420 1422
f 528 690 691
f 1422 1376 1372
f 1018 1019 747
f 699 700 701
f 1424 578 579
f 3663 1597 1767
f 700 699 711
f 1093 3746 3754
f 717 718 530
f 721 722 723
f 704 1650 3543
f 19 1429 1426
f 1429 1428 1427
f 1658 1659 3542
f 1439 1437 1434
f 1437 1436 1435
f 1426 1427 1433
f 1442 1431 1432
f 742 743 744
f 1432 1433 1441
f 751 752 753
f 1438 1434 1403
f 1446 1445 1444
f 1447 1448 1446
f 3860 1447 1443
f 1415 1367 1445
f 1414 1415 1446
f 2173 1683 469
f 777 778 779
f 780 781 782
f 1676 1693 1806
f 3859 1451 1349
f 789 790 791
f 745 792 793
f 652 794 795
f 1455 1458 1457
f 1454 1367 1350
f 610 691 802
f 3831 3816 698
f 1352 1044 1045
f 1015 1016 1459
f 811 812 813
f 2118 3815 3817
f 819 820 821
f 1466 1463 1194
f 1467 1468 1465
f 1182 1165 1468
f 832 812 833
f 835 836 837
f 1467 1466 1190
f 1469 1470 1444
f 840 700 712
f 1453 1470 1469
f 599 844 845
f 1226 1450 3849
f 851 852 853
f 855 744 856
f 858 859 860
f 861 862 863
f 1014 1226 3855
f 867 676 868
f 870 871 872
f 874 875 876
f 1310 1323 1471
f 1476 1433 1427
f 1461 1476 1475
f 887 888 889
f 788 791 892
f 894 895 896
f 1460 1475 1227
f 901 902 524
f 1465 1478 1477
f 1865 3503 3500
f 911 912 913
f 916 917 918
f 1850 3505 3507
f 921 922 895
f 1479 1435 1436
f 926 664 667
f 1481 562 563
f 269 1483 84
f 931 932 933
f 934 935 614
f 936 685 688
f 938 659 662
f 1484 270 122
f 941 942 835
f 320 321 509
f 1849 3510 3505
f 84 1483 1484
f 1487 1490 1488
f 1757 1758 3502
f 365 1492 1491
f 461 79 80
f 117 363 362
f 1494 540 541
f 926 601 957
f 1477 1441 1433
f 1709 1588 1585
f 119 117 1496
f 271 1497 504
f 511 517 189
f 345 1496 1492
f 57 344 299
f 1501 1499 268
f 267 268 1499
f 974 975 976
f 1678 1652 1693
f 3846 1682 1807
f 557 982 663
f 983 941 984
f 1443 1444 3849
f 421 1500 268
f 989 990 991
f 1490 1487 418
f 279 280 309
f 997 868 676
f 998 26 999
f 1504 418 38
f 1506 1508 1507
f 360 361 1508
f 1506 1486 207
f 939 1005 1006
f 270 1484 1483
f 66 63 546
f 1010 742 793
f 367 428 437
f 244 31 363
f 1670 3532 3534
f 209 206 1510
f 388 389 426
f 427 274 250
f 161 520 521
f 100 246 45
f 1025 1026 608
f 1029 1030 1031
f 939 662 1033
f 41 42 594
f 1036 780 783
f 702 701 1038
f 1040 1041 1042
f 362 32 369
f 187 1520 477
f 70 1487 539
f 1049 600 603
f 613 867 869
f 860 1050 1051
f 1005 1052 1053
f 753 1055 1056
f 1057 1058 1059
f 293 288 1522
f 288 212 1521
f 292 1522 1523
f 331 1507 1508
f 306 452 453
f 100 44 41
f 462 1524 78
f 330 331 1524
f 635 1067 1068
f 1485 1527 1526
f 206 1485 1528
f 1070 1071 1072
f 942 941 1073
f 916 933 1075
f 440 1529 1530
f 157 158 1514
f 1529 162 5
f 371 595 546
f 790 586 663
f 1077 858 857
f 1403 1434 1435
f 1080 1081 1082
f 531 520 1529
f 21 1083 1084
f 272 1532 1531
f 690 712 802
f 335 3571 3567
f 1090 1030 1029
f 1092 795 794
f 1533 396 137
f 661 660 1095
f 69 444 445
f 1099 1100 1101
f 38 39 1536
f 1104 1105 1106
f 852 1107 1108
f 1377 908 909
f 291 377 411
f 316 1536 516
f 539 1488 1533
f 1505 1536 316
f 1110 1111 1112
f 1539 1537 460
f 522 441 1537
f 834 837 1120
f 1122 1123 1124
f 612 1125 1041
f 935 793 615
f 276 278 130
f 1686 3549 3522
f 193 190 1541
f 231 521 1540
f 556 1037 982
f 365 253 85
f 190 532 318
f 1810 765 3574
f 3924 1867 3512
f 1132 983 985
f 208 101 102
f 1134 1033 662
f 1491 518 80
f 429 133 1542
f 1137 1138 915
f 172 436 428
f 1139 1140 1141
f 549 96 54
f 1517 1519 1518
f 834 1119 984
f 1543 513 286
f 1544 797 239
f 133 134 1544
f 506 361 257
f 420 327 328
f 1158 1159 1160
f 587 1104 1103
f 607 1161 1027
f 304 1546 1545
f 364 1491 77
f 69 70 198
f 700 840 1112
f 3877 626 3525
f 1166 719 657
f 1167 1168 858
f 1300 3523 3524
f 1172 1173 1174
f 218 203 200
f 1179 1180 1181
f 372 183 97
f 89 104 227
f 1186 1187 1188
f 172 173 1517
f 1482 84 81
f 1090 1192 1193
f 394 395 353
f 526 525 1198
f 1199 1200 1026
f 606 623 697
f 1204 1205 1206
f 1207 1208 523
f 1209 1210 867
f 914 913 685
f 1478 1436 1441
f 1029 1028 1161
f 1211 1212 1213
f 3858 1453 1451
f 844 1215 1216
f 423 193 273
f 1220 1221 1222
f 22 1223 1224
f 882 898 897
f 1519 1517 173
f 1189 1188 1232
f 349 350 550
f 1071 1235 1236
f 1237 1238 1239
f 1221 1186 1189
f 1510 1528 1512
f 939 1032 1241
f 1556 1530 5
f 1553 1554 394
f 404 1556 67
f 1247 1248 1249
f 142 199 238
f 1251 1067 635
f 850 1252 1253
f 1254 1167 1077
f 57 132 133
f 443 430 552
f 1187 1172 1175
f 1256 1070 831
f 432 405 382
f 741 748 747
f 434 350 351
f 349 432 383
f 251 124 1481
f 395 384 352
f 1518 1519 1550
f 1558 410 378
f 109 263 314
f 285 1514 1513
f 395 394 393
f 202 203 410
f 417 408 405
f 1246 1257 1258
f 3 1559 297
f 1259 1260 1261
f 403 404 347
f 955 954 953
f 462 50 51
f 1096 1095 687
f 429 147 60
f 896 1264 1265
f 1267 721 1268
f 423 424 327
f 37 179 180
f 20 23 1187
f 1256 1168 1071
f 1188 1175 1269
f 1236 1270 1271
f 1272 536 535
f 565 564 463
f 1273 792 745
f 876 1254 1255
f 316 33 164
f 437 1516 503
f 194 1494 1495
f 1275 1276 864
f 624 625 631
f 1277 1274 1137
f 569 568 567
f 1481 124 125
f 324 325 547
f 1279 1108 1107
f 1525 332 329
f 1281 1278 1137
f 171 168 1553
f 1488 73 396
f 1557 1561 1562
f 1282 856 1206
f 1053 1277 1278
f 778 777 607
f 713 583 3566
f 251 225 144
f 4 357 348
f 709 708 707
f 728 48 45
f 261 135 1563
f 789 1286 1287
f 74 314 263
f 403 284 385
f 1178 1181 1240
f 1223 1259 1289
f 1220 20 1186
f 296 1518 354
f 784 459 1538
f 1181 1180 1291
f 1269 1292 1257
f 1566 1538 438
f 136 784 1566
f 1563 1564 169
f 107 114 109
f 1297 1282 1298
f 1464 1477 1476
f 1520 187 507
f 1301 1302 1303
f 1306 1307 1308
f 175 456 1532
f 1532 456 200
f 1311 1266 1312
f 872 1314 1315
f 3836 843 878
f 1305 1308 864
f 1040 1275 863
f 1564 1566 399
f 592 1576 1575
f 591 1575 1088
f 1581 1584 1583
f 1196 1152 1147
f 710 582 583
f 285 407 408
f 953 954 961
f 1594 1592 1589
f 1585 1588 1587
f 1592 1591 1590
f 3885 945 944
f 1600 1599 1598
f 1604 1603 1602
f 1399 1392 979
f 1589 1590 1596
f 1610 1609 1608
f 298 257 361
f 551 552 276
f 1627 1626 3814
f 859 811 818
f 1078 857 1328
f 1555 439 1530
f 572 573 680
f 772 465 776
f 977 1281 918
f 404 403 392
f 1054 1331 750
f 1644 1645 1643
f 932 1265 1082
f 1067 1333 1334
f 1540 1539 264
f 597 1335 643
f 471 761 762
f 1642 696 3831
f 1644 1642 3842
f 923 946 950
f 96 549 548
f 520 531 522
f 445 444 443
f 849 839 848
f 480 759 755
f 1646 760 481
f 311 426 1567
f 464 463 3497
f 3497 1360 1361
f 234 237 236
f 190 193 192
f 153 154 152
f 231 287 286
f 1552 1553 1551
f 760 1646 1648
f 3832 1647 1649
f 828 827 826
f 52 167 166
f 1663 1662 1661
f 287 107 115
f 668 671 670
f 634 645 640
f 553 560 559
f 118 36 33
f 492 484 491
f 3552 1652 1651
f 582 589 584
f 384 395 392
f 1381 1382 1383
f 1562 1561 435
f 952 953 951
f 3529 3566 583
f 1660 1661 1667
f 1394 1395 1396
f 1660 1665 1664
f 1671 1670 1669
f 1624 1625 1673
f 1407 1408 1409
f 1677 1676 1675
f 1613 1679 1677
f 1679 1678 1676
f 1626 1681 3811
f 534 199 198
f 803 733 734
f 400 248 191
f 65 66 143
f 3526 1657 1656
f 402 159 157
f 629 628 627
f 461 477 49
f 758 757 495
f 796 787 786
f 406 407 1513
f 342 343 166
f 1694 1659 1658
f 1692 1687 1694
f 3557 1693 1652
f 3921 1704 1703
f 326 547 302
f 3916 3921 1702
f 3919 3918 1698
f 1699 1691 3927
f 1557 406 1560
f 1127 1116 1117
f 400 401 289
f 1706 1702 1707
f 1707 1702 1599
f 1709 1706 1708
f 1714 1712 1711
f 3919 3915 1709
f 1704 1711 1577
f 1716 1714 1713
f 1559 1562 1549
f 1722 1721 1720
f 1335 597 596
f 410 411 377
f 973 1170 1163
f 168 169 399
f 1571 682 1089
f 1572 681 682
f 749 646 647
f 1730 1724 1723
f 1594 1582 1729
f 1729 1723 1591
f 1384 1378 1377
f 1732 1731 1712
f 1724 1730 1731
f 1722 1724 1732
f 1721 1722 1733
f 1734 1733 1716
f 1735 1737 1736
f 1733 1732 1714
f 1663 1664 1741
f 1742 1665 1740
f 1738 1739 1737
f 1665 1660 1666
f 1665 1742 1744
f 1725 1726 1746
f 1591 1725 1745
f 1590 1745 1747
f 1745 1746 1748
f 1659 1688 3538
f 3287 1760 3545
f 1185 1177 1182
f 1664 1744 1749
f 1741 1749 1739
f 1746 1742 1743
f 1726 1744 1742
f 1115 924 1153
f 1654 3546 3575
f 1896 3562 3549
f 1720 1749 1744
f 1721 1739 1749
f 1750 1718 1701
f 1697 1736 1750
f 1151 1152 1063
f 1751 1752 1670
f 1695 1658 1752
f 961 962 986
f 1770 1769 1768
f 1766 1594 1593
f 1731 1759 1579
f 1579 1777 1774
f 3928 1772 1771
f 1764 1772 3928
f 1777 1776 1775
f 3762 3763 1699
f 1004 1127 1128
f 1774 1775 1771
f 987 1400 1399
f 1578 1774 1772
f 1783 1782 1781
f 1597 1598 1770
f 639 1878 3895
f 3928 3929 1769
f 1793 1792 1789
f 3929 3920 1798
f 3508 3516 3773
f 1802 1867 3924
f 1788 1790 1794
f 1793 1794 1795
f 3773 3772 1675
f 1584 1581 1783
f 1771 1797 3920
f 1801 1799 1798
f 1768 1769 1798
f 1775 1796 1797
f 508 514 515
f 1796 1803 1802
f 1800 1798 3920
f 1794 1805 1804
f 3532 1670 1752
f 485 1808 1807
f 3809 3844 1640
f 3837 3844 1810
f 485 482 1640
f 1690 1691 3770
f 487 488 1648
f 3839 1813 1816
f 3838 1811 1648
f 3839 1812 1811
f 1812 1809 487
f 1641 1809 767
f 465 466 755
f 767 1815 3823
f 3822 1816 3826
f 1809 1812 1815
f 3837 1653 1651
f 675 672 3541
f 1814 1649 1822
f 1821 1822 3821
f 1824 1822 1649
f 1827 1849 1850
f 1668 1669 1662
f 1779 1780 1848
f 1790 1827 1805
f 1833 1836 1853
f 3521 3506 693
f 1614 1615 1616
f 1852 1853 3498
f 1620 1621 1622
f 1855 1765 1574
f 1847 1852 3501
f 1766 1765 1855
f 1629 1630 1631
f 1633 1622 1634
f 1635 1636 1637
f 1848 1833 1852
f 1855 1861 1863
f 1803 1866 1867
f 1862 1863 1831
f 1782 1855 1862
f 3922 3924 1865
f 1873 1872 1870
f 1874 1869 799
f 2045 3878 3897
f 1219 1345 1295
f 1615 1614 1396
f 3884 3895 1877
f 645 3898 3786
f 1345 1219 1035
f 634 639 3884
f 15 1887 1327
f 3910 3895 1878
f 1894 604 605
f 3506 3551 627
f 3560 640 645
f 340 341 454
f 1897 194 195
f 1889 1882 1877
f 1901 94 129
f 196 749 754
f 1705 1704 3921
f 340 378 166
f 1570 1480 563
f 1904 1494 194
f 1781 1862 1832
f 1905 549 55
f 1000 994 995
f 986 919 920
f 1191 1185 1190
f 2094 2077 2075
f 1920 1921 1919
f 453 454 1912
f 1915 1919 1918
f 3882 2112 2106
f 1655 3575 3531
f 1916 1918 1926
f 704 3554 3561
f 278 1916 1925
f 3565 3564 1818
f 1097 949 1115
f 1927 1928 727
f 3578 3579 3654
f 1920 310 307
f 1929 307 48
f 503 504 1497
f 1902 1903 787
f 1816 1821 3820
f 1925 1926 1923
f 1535 1569 1568
f 254 252 258
f 1509 1497 366
f 119 86 35
f 219 288 293
f 141 46 47
f 542 205 244
f 1940 552 430
f 1779 1828 1827
f 1701 1710 3915
f 1661 3550 3515
f 270 53 754
f 197 1947 749
f 1727 1728 1212
f 53 54 232
f 1465 1468 1479
f 1284 3862 3854
f 1951 446 412
f 168 398 1554
f 1486 1485 206
f 506 77 78
f 994 1001 1007
f 951 953 963
f 1013 3859 3861
f 3826 3820 1820
f 1498 1909 1954
f 299 298 543
f 1754 1755 1756
f 1681 469 1683
f 1696 1694 1695
f 13 14 738
f 473 476 475
f 482 1641 768
f 204 62 30
f 1761 1762 820
f 611 1763 1125
f 1501 1503 1908
f 1074 1073 711
f 1960 1944 82
f 120 1956 1960
f 35 86 87
f 1773 1199 1025
f 1965 1545 1569
f 494 761 471
f 1966 1967 1969
f 446 1951 1971
f 174 368 125
f 1580 1579 1578
f 1785 1786 1787
f 1972 1546 304
f 1254 876 875
f 1973 341 342
f 321 1912 1973
f 1910 277 275
f 509 1973 514
f 1486 1507 1527
f 1974 1874 804
f 1977 1976 1974
f 1980 448 1966
f 379 1 2
f 1718 1715 1710
f 884 995 992
f 1680 1684 1678
f 902 990 525
f 344 255 256
f 135 138 137
f 448 446 1967
f 589 605 604
f 910 909 908
f 1981 1966 1968
f 1982 1981 1987
f 1988 1979 1987
f 1990 1988 1989
f 1991 1989 1993
f 322 321 320
f 992 828 830
f 1144 1076 1086
f 1995 1977 1978
f 1133 1129 1118
f 1997 1995 1994
f 870 1823 1335
f 805 806 1982
f 727 184 2000
f 1996 1994 1988
f 1994 1978 1979
f 1829 616 792
f 1830 1073 941
f 798 803 800
f 729 732 731
f 2011 2012 2023
f 1834 1835 846
f 402 283 284
f 2022 2023 2024
f 1838 718 989
f 810 955 952
f 1823 1839 1840
f 1430 1426 1432
f 1215 844 1841
f 1316 1208 873
f 2112 1401 1384
f 1842 1843 1844
f 1159 846 845
f 837 27 1846
f 1971 1951 2030
f 517 369 370
f 1471 2026 2027
f 3551 3525 626
f 2174 2175 770
f 935 934 1854
f 1613 1619 1611
f 1231 1228 1225
f 1856 1857 891
f 1300 1309 748
f 1150 1149 1858
f 1643 606 696
f 1215 1265 1264
f 1320 1860 902
f 1956 1943 1944
f 2031 668 669
f 2034 1325 1310
f 1879 1880 1656
f 40 245 242
f 1992 1993 2039
f 888 958 957
f 1882 1889 1996
f 1078 1138 1255
f 1871 912 1192
f 294 411 218
f 1323 2041 2026
f 123 1960 83
f 1324 2036 2041
f 384 358 359
f 1324 1325 2038
f 1883 1884 1885
f 287 1540 114
f 1096 1886 1134
f 915 1329 931
f 806 1980 1981
f 3533 3529 584
f 1425 2030 2042
f 1018 2042 1948
f 3562 1896 740
f 1948 2042 649
f 1881 1882 1990
f 1900 129 130
f 992 995 994
f 923 927 925
f 3878 2045 2047
f 1643 2048 625
f 2050 2052 2051
f 2045 1405 1404
f 3876 2047 945
f 1139 1080 1079
f 1037 1856 892
f 2055 2053 2057
f 1198 989 718
f 1619 2058 1612
f 2058 1605 1606
f 2059 2060 1607
f 2058 1619 1624
f 71 72 179
f 405 406 1557
f 322 1548 1972
f 2061 2052 2063
f 2066 2065 2067
f 2052 2061 2064
f 1609 1610 2066
f 1515 151 152
f 1009 827 993
f 1644 3843 3815
f 279 1915 1916
f 1285 3863 3862
f 1647 2066 1825
f 2056 2057 2067
f 319 320 1953
f 667 666 1913
f 2070 631 625
f 2052 2050 2055
f 2038 1654 1655
f 1606 1601 2073
f 1235 1917 1270
f 2072 2073 2075
f 2059 1606 2072
f 2074 2075 2077
f 1601 1602 2078
f 2049 2048 1643
f 1000 1004 1001
f 1089 943 684
f 1931 1286 1306
f 1462 1459 1021
f 1932 1933 1934
f 875 874 1846
f 1936 1051 1937
f 44 45 46
f 1534 1955 1956
f 1541 318 317
f 2081 2082 2084
f 146 1945 1959
f 1360 1941 1942
f 985 984 1032
f 1995 1997 1892
f 2079 2080 2082
f 2095 2096 2076
f 2081 2093 2078
f 2055 2050 2054
f 501 2096 2095
f 2097 2100 2099
f 2098 2099 2094
f 2140 2141 3893
f 2141 2046 3894
f 2051 2070 2048
f 592 2102 2101
f 2071 2064 2076
f 2102 2097 2098
f 593 2103 2102
f 1019 1895 746
f 1950 11 12
f 725 2071 2096
f 1385 2105 2104
f 1379 2104 2106
f 2107 2108 2100
f 3908 726 502
f 3896 502 499
f 940 1389 2109
f 928 929 1170
f 3868 590 684
f 1962 1963 1964
f 3878 680 573
f 2039 1993 1968
f 1389 1390 2110
f 1398 2111 2113
f 3757 3755 3753
f 3911 3883 2107
f 949 923 924
f 260 241 324
f 1390 1397 2113
f 2070 2051 2064
f 3867 3911 2103
f 2105 1385 1421
f 2114 1421 1423
f 3892 2114 2115
f 3908 2105 2114
f 554 2116 1902
f 972 1163 967
f 1765 1593 1573
f 1984 1985 1986
f 2053 2117 2069
f 3573 3556 724
f 1625 1677 1674
f 3881 3888 2119
f 3903 2115 2123
f 56 1954 1906
f 626 3877 3879
f 2001 2002 2003
f 3912 3841 2127
f 2006 2007 2008
f 2127 1413 1412
f 2014 2015 2016
f 2018 2019 2020
f 1495 1424 1947
f 1379 1377 1386
f 3814 3811 1680
f 2029 1885 1884
f 3902 2128 2120
f 629 3879 3914
f 682 683 943
f 724 1650 2121
f 1757 1819 3821
f 765 1810 3844
f 3851 714 715
f 706 707 3870
f 981 986 987
f 1457 1868 1656
f 2017 2016 2032
f 1458 1655 1868
f 1776 1777 1792
f 1959 1945 1946
f 3663 3715 3725
f 3913 3881 2122
f 1093 1089 689
f 966 965 968
f 3852 715 3881
f 2172 3577 2170
f 670 2138 2137
f 3761 787 1903
f 1429 19 28
f 964 963 978
f 3841 3813 1413
f 1473 1474 669
f 3834 3833 1359
f 2138 798 1870
f 1872 1473 2137
f 715 716 3888
f 1881 1991 1992
f 3843 3842 739
f 1837 1847 3513
f 253 58 59
f 1808 3837 3840
f 1647 3832 3818
f 3865 3866 671
f 2112 3882 3883
f 1405 2045 2044
f 3829 3824 1364
f 273 1541 391
f 576 632 3520
f 3875 3865 668
f 1430 1431 2140
f 2136 3850 3860
f 1430 2139 18
f 3893 3894 570
f 1442 1439 2046
f 1431 1442 2141
f 3869 3913 3850
f 3808 3823 1817
f 3866 3893 695
f 2142 2025 798
f 571 2143 2142
f 3819 3814 1618
f 2143 2022 2025
f 694 2142 2138
f 681 1572 2144
f 2144 2011 2022
f 328 210 457
f 1572 2010 2011
f 630 3892 3903
f 2085 2086 2087
f 2090 2091 2092
f 572 2144 2143
f 1875 1976 2153
f 1873 1875 2149
f 2103 2107 2097
f 2157 2043 2155
f 2128 1412 1414
f 3874 3871 589
f 3872 3870 628
f 2149 2153 2158
f 2159 2158 3905
f 698 3907 3902
f 3823 3847 3827
f 2158 2156 3874
f 1438 2044 2046
f 2035 2154 2160
f 2161 2160 3889
f 3871 3891 605
f 3873 17 18
f 370 29 61
f 649 1951 413
f 2153 2157 2156
f 1428 1429 1449
f 1490 76 73
f 3890 3905 710
f 2155 1891 3891
f 1456 1457 1880
f 2125 2088 2087
f 2160 2159 3890
f 300 1959 505
f 1064 1062 1046
f 2043 1892 1891
f 2129 2130 2004
f 2131 2132 2133
f 3848 3849 1450
f 1998 1975 804
f 3879 673 3864
f 474 492 490
f 1164 1165 1182
f 707 2162 3909
f 708 1472 2162
f 2162 2161 3886
f 548 549 1905
f 1145 1136 1114
f 705 2121 1650
f 2043 2157 1977
f 737 738 554
f 1034 1195 1191
f 458 1905 1907
f 195 196 232
f 2040 2039 1969
f 2145 2146 2147
f 2054 2050 2049
f 3832 1646 1639
f 9 12 11
f 252 364 506
f 472 478 479
f 1865 3924 3791
f 900 903 910
f 1941 2150 2151
f 1921 1928 1927
f 2163 1897 1898
f 271 156 153
f 1904 1326 12
f 282 263 264
f 1872 1873 2154
f 1326 1904 1897
f 628 692 693
f 1724 1722 1719
f 1549 1562 436
f 1582 1583 1730
f 1921 1920 1929
f 3563 3511 10
f 2152 2037 1950
f 475 772 774
f 769 2172 2171
f 2171 2165 476
f 476 773 772
f 1791 565 464
f 2166 2167 2168
f 595 371 372
f 483 1809 1641
f 762 2174 2173
f 771 483 484
f 486 487 1809
f 297 1549 1517
f 763 2175 2174
f 776 755 759
f 184 185 2176
f 412 447 303
f 2005 2176 185
f 3811 1681 1682
f 2164 2170 756
f 1472 2035 2161
f 950 951 964
f 2177 2178 2179
f 227 226 1510
f 2182 2183 2184
f 2186 2019 2018
f 1985 2182 2181
f 214 736 729
f 865 849 842
f 849 865 1357
f 559 3187 3188
f 16 13 737
f 560 553 498
f 3193 3196 3195
f 3200 3197 3198
f 3211 3214 3213
f 3215 3218 3217
f 2187 2188 2002
f 2169 2168 2189
f 2192 2086 2085
f 2193 2194 2195
f 2198 2199 2200
f 1998 1982 1979
f 3664 3665 3668
f 2116 1898 1903
f 1859 2006 2009
f 3904 2123 2126
f 1135 1148 1087
f 2201 2202 2015
f 1149 111 110
f 3221 3222 3218
f 2203 2204 2205
f 579 580 1895
f 1755 2207 2208
f 3891 3910 1893
f 1211 2151 2150
f 868 997 2210
f 944 945 930
f 2130 2129 2202
f 233 1903 1898
f 665 751 750
f 1167 1254 999
f 2211 2212 2213
f 2215 2216 2217
f 3867 593 590
f 2220 221 220
f 823 824 948
f 3225 3220 3227
f 266 204 455
f 3882 2108 2107
f 2221 2222 3519
f 2223 2224 2225
f 2207 2125 2124
f 673 674 3869
f 817 1000 996
f 2227 2228 2146
f 1947 1948 646
f 3900 2135 17
f 2229 1635 1638
f 1679 1613 1618
f 1637 2231 2232
f 2233 2234 1617
f 2231 2235 2236
f 1381 1638 2238
f 3586 2241 2242
f 1630 2234 2233
f 1681 1626 472
f 1408 1407 2243
f 3236 3239 3238
f 3232 3241 3240
f 1637 2230 2238
f 3237 3238 3233
f 1409 1408 1634
f 1380 1383 2247
f 1628 2248 2245
f 2249 1623 1622
f 1632 1634 1408
f 2248 1628 1631
f 2235 2231 1637
f 3245 3246 3199
f 631 2070 2071
f 515 167 52
f 782 781 2251
f 2253 2254 2255
f 397 281 459
f 1456 2039 2040
f 2040 2041 2036
f 1401 2112 2111
f 2041 2040 1970
f 1535 121 414
f 1586 1587 2080
f 2256 983 1132
f 1700 1699 3918
f 3815 1896 1686
f 1263 2256 1886
f 598 1841 844
f 2257 2258 2259
f 2258 2261 2262
f 2259 2262 2263
f 2260 2259 2216
f 1967 1971 1970
f 2212 1964 1963
f 922 921 2218
f 1312 1098 1101
f 1307 1306 1286
f 1548 1569 1546
f 2266 2267 2268
f 2265 2268 2270
f 2272 2265 2269
f 2273 2266 2265
f 2275 2276 2277
f 2278 2274 2277
f 2284 2285 3617
f 2287 2283 2286
f 2288 2289 2283
f 2290 2284 3639
f 2291 2292 2293
f 2295 2291 2294
f 2296 2297 2291
f 2297 2298 2292
f 2294 2293 2299
f 2279 2294 2300
f 2298 2301 2302
f 2292 2302 2303
f 2293 2303 2304
f 2304 2305 2306
f 2308 2309 2310
f 2302 2307 2310
f 2301 2311 2307
f 2312 2308 2307
f 2313 2314 2315
f 2318 2319 2320
f 3748 3771 2322
f 2324 2325 2273
f 2313 2324 2326
f 2328 2324 2313
f 2329 2325 2324
f 2331 2332 2333
f 2330 2333 2267
f 2325 2330 2266
f 2329 2331 2330
f 2333 2334 2335
f 2336 2334 2333
f 2338 2336 2332
f 2331 2339 2337
f 2329 2340 2339
f 2328 2341 2340
f 2316 2342 2341
f 2342 2316 2315
f 2344 2345 2346
f 2341 2344 2347
f 2342 2348 2344
f 2348 2349 2345
f 2350 2351 2352
f 2339 2350 2353
f 2340 2347 2350
f 2347 2346 2351
f 2337 2353 2354
f 2353 2352 2355
f 2356 2277 2276
f 2356 2357 2358
f 2356 2359 2296
f 2279 2277 2356
f 2360 2361 2270
f 2267 2335 2360
f 2362 2363 2364
f 2362 2365 2361
f 2366 2362 2358
f 2366 2367 2363
f 2357 2276 2368
f 2366 2368 2369
f 2276 2275 2370
f 2368 2370 2282
f 2372 2373 2374
f 2375 2376 2377
f 2378 2379 2380
f 2382 2378 2381
f 2384 2385 2378
f 2385 2386 2379
f 2388 2389 2390
f 2387 2390 2392
f 2393 2394 2387
f 2394 2395 2388
f 2186 2401 2402
f 2403 2404 2327
f 2272 2403 2326
f 2271 2405 2403
f 2405 2406 2404
f 2404 2407 2408
f 2409 2410 2411
f 2409 2412 2271
f 2413 2409 2269
f 2413 2414 2410
f 2417 2415 2416
f 2417 2418 2406
f 2412 2417 2405
f 2411 2415 2417
f 2406 2419 2407
f 3569 3520 632
f 2420 2398 2397
f 2420 2421 2423
f 2424 2420 2422
f 2424 2399 2398
f 2425 2391 2392
f 2421 2425 2426
f 2397 2396 2425
f 2396 2393 2391
f 2427 2314 2408
f 2430 2427 2428
f 2343 2315 2427
f 2432 2343 2430
f 2431 2430 2429
f 2435 2431 2433
f 2436 2432 2431
f 2428 2408 2407
f 2422 2437 2407
f 2438 2437 2422
f 2429 2428 2437
f 2440 2434 2433
f 2441 2439 2433
f 2442 2443 2439
f 2443 2444 2440
f 2445 2446 2444
f 2447 2445 2443
f 2383 2381 2445
f 2381 2380 2446
f 2448 2438 2423
f 2449 2448 2426
f 2441 2448 2449
f 2441 2429 2438
f 2449 2392 2390
f 2450 2390 2389
f 2447 2450 2451
f 2442 2449 2450
f 2451 2389 2453
f 2452 2453 2455
f 2382 2452 2454
f 2383 2451 2452
f 2456 2457 2373
f 2459 2460 2461
f 2463 2464 2465
f 2462 2465 2285
f 2466 2462 2284
f 2467 2463 2462
f 2461 2460 3703
f 2468 2469 2470
f 2472 2468 2471
f 2474 2461 3701
f 2475 2476 2477
f 2458 2455 2453
f 2479 2453 2389
f 2395 2480 2479
f 2480 2459 2458
f 2481 2482 2483
f 2484 113 2485
f 2471 2470 2464
f 2473 2471 2463
f 2487 2467 2466
f 2486 2466 2290
f 2490 2486 2488
f 2491 2487 2486
f 2492 2473 2467
f 2493 2492 2487
f 2494 2495 2492
f 2495 2472 2473
f 3690 2496 2474
f 3691 2497 2496
f 2498 2494 2493
f 2500 2498 2499
f 3700 3687 2498
f 3687 3691 2494
f 2306 2504 2278
f 2305 2505 2504
f 2504 2505 2507
f 2506 2507 2288
f 2274 2506 2508
f 2278 2504 2506
f 3633 3632 2489
f 3620 3633 2488
f 2507 2509 2289
f 2505 2510 2509
f 2508 2288 2287
f 2511 2287 2281
f 2370 2511 2280
f 2275 2508 2511
f 2512 2490 2489
f 2514 2512 2513
f 2517 2512 2514
f 2517 2491 2490
f 2499 2493 2491
f 2499 2517 2516
f 2510 2505 2519
f 2518 2519 2521
f 3616 2518 2520
f 3632 2510 2518
f 2522 2304 2303
f 2523 2522 2310
f 2305 2304 2522
f 2524 2522 2523
f 2519 2524 2525
f 2505 2305 2524
f 2308 2312 2527
f 2526 2527 2529
f 2531 2526 2528
f 2309 2308 2526
f 1214 2532 2151
f 2419 2406 2418
f 2533 2345 2349
f 2534 2533 2317
f 2535 2536 2533
f 2536 2346 2345
f 2537 2351 2346
f 2538 2537 2536
f 2539 2540 2537
f 2540 2352 2351
f 2312 2355 2541
f 2527 2541 2542
f 2543 2435 2434
f 2545 2543 2544
f 2319 2318 2543
f 2318 2436 2435
f 2514 2515 2548
f 2547 2548 2550
f 2552 2547 2549
f 2552 2516 2514
f 2520 2521 2554
f 2553 2554 2556
f 3590 2553 2555
f 3621 2520 2553
f 2523 2309 2531
f 2557 2531 2530
f 2525 2523 2557
f 2559 2557 2558
f 2554 2559 2560
f 2521 2525 2559
f 2561 2375 2007
f 2376 2562 2225
f 2564 2565 2566
f 2563 2566 338
f 2569 2563 2567
f 2570 2564 2563
f 2572 2573 2574
f 2571 2574 2576
f 2544 2571 2575
f 2544 2434 2572
f 2578 2570 2569
f 2579 2577 2569
f 2574 2577 2579
f 2573 2578 2577
f 2581 2582 2583
f 2584 2580 2583
f 3697 3675 2580
f 3676 2581 2580
f 2582 2516 2552
f 2583 2552 2551
f 2500 2501 2589
f 2590 2588 2589
f 3693 3695 2588
f 3695 3700 2500
f 2501 2516 2591
f 2592 2593 2594
f 2386 2385 2503
f 2596 2379 2386
f 2596 2374 2373
f 2599 2596 2597
f 2599 2380 2379
f 2600 2446 2380
f 2600 2599 2598
f 2603 2600 2601
f 2603 2444 2446
f 2604 2603 2602
f 2440 2604 2605
f 2444 2603 2604
f 2606 2582 2581
f 2606 2607 2590
f 2591 2516 2582
f 3676 2587 2456
f 3689 2456 2372
f 2478 2477 2608
f 2609 2610 2611
f 2564 2570 2613
f 2612 2613 2598
f 2457 2612 2597
f 2565 2564 2612
f 2614 2613 2570
f 2615 2614 2578
f 2602 2601 2614
f 2601 2598 2613
f 2572 2434 2605
f 2616 2605 2602
f 2573 2572 2616
f 1459 1016 1045
f 1265 1215 1079
f 1612 1608 1609
f 2067 2057 2069
f 1135 1109 1136
f 1938 1937 2618
f 95 548 458
f 2058 1607 1608
f 1454 1469 1445
f 655 2620 1048
f 722 1049 2621
f 1131 985 1033
f 562 1481 366
f 1723 1719 1725
f 1786 1123 1122
f 267 300 323
f 1325 2034 1654
f 1468 1165 1435
f 658 657 529
f 8 532 247
f 382 1557 1559
f 788 619 1307
f 940 930 929
f 911 2622 2623
f 2621 2620 655
f 2624 1857 2625
f 998 1846 27
f 635 638 2626
f 2627 641 644
f 2628 2627 1840
f 1200 1199 2627
f 1199 1773 641
f 1520 515 49
f 1452 1350 1349
f 2630 2631 1859
f 644 643 1335
f 1197 1198 717
f 2632 717 719
f 2628 2632 1166
f 2629 1197 2632
f 1762 2633 1050
f 1823 870 873
f 2634 2635 794
f 1042 794 2635
f 93 94 1901
f 2036 2038 1458
f 1527 332 1525
f 877 876 1274
f 134 409 797
f 1328 893 931
f 607 777 1091
f 1043 2635 2637
f 2636 2637 2639
f 1275 2636 2638
f 1275 1040 1043
f 1272 2624 2626
f 2640 2626 638
f 1110 2641 2640
f 536 1272 2640
f 1472 708 1474
f 2042 2030 1951
f 1058 1106 1105
f 2642 2623 2643
f 1192 2642 2644
f 912 2623 2642
f 3898 1657 3526
f 1049 1048 2620
f 616 1829 1885
f 1331 1913 666
f 990 989 1198
f 1911 1912 321
f 1298 1282 1205
f 76 1490 1504
f 1502 1500 421
f 610 609 658
f 1146 937 659
f 2646 911 914
f 1280 1239 1238
f 1453 1454 1452
f 835 942 1843
f 1271 1270 1173
f 1893 1878 1826
f 1050 2633 1937
f 2651 2652 814
f 1006 1053 1281
f 2653 1084 2654
f 1001 1004 1003
f 585 997 679
f 2624 1272 621
f 555 678 2028
f 1207 526 1197
f 1626 1627 478
f 426 389 419
f 1030 1193 1773
f 3898 645 634
f 534 1533 138
f 1125 1092 1042
f 333 228 88
f 569 1570 561
f 1489 2656 871
f 1857 2624 620
f 1673 1674 3770
f 622 861 864
f 619 788 891
f 261 544 545
f 393 1555 1556
f 2658 2659 2647
f 1075 2658 2657
f 1081 1080 2658
f 1080 1139 2659
f 2644 2643 1141
f 2660 1141 1140
f 642 2660 1336
f 1193 2644 2660
f 679 678 555
f 1503 1501 1500
f 1318 1317 1101
f 2661 2659 1139
f 2661 1142 2663
f 2662 2647 2659
f 2662 2663 2622
f 2664 2622 911
f 2648 2664 2646
f 2648 2647 2662
f 2083 2094 2093
f 1442 1440 1437
f 519 329 330
f 1885 2029 1209
f 799 800 805
f 1946 1943 1952
f 1302 1301 1253
f 566 2005 224
f 1389 940 928
f 683 682 681
f 836 835 1842
f 2665 1842 1845
f 2666 2665 1303
f 24 836 2665
f 831 1072 2650
f 1845 1844 1304
f 2010 2013 2012
f 1051 1936 2667
f 1522 1521 1511
f 531 440 441
f 1250 635 2625
f 2669 2625 1857
f 783 2669 1856
f 782 1250 2669
f 720 2670 2671
f 1055 1931 1930
f 1333 1067 1251
f 619 622 1308
f 652 655 2619
f 521 522 1539
f 1838 988 537
f 2672 537 536
f 1113 2672 2641
f 1113 527 1838
f 1016 1013 1351
f 3897 573 570
f 226 227 104
f 3564 3669 3827
f 1036 1037 1884
f 2674 1301 1304
f 2673 1304 1844
f 1334 2673 2675
f 1333 2674 2673
f 2676 702 1039
f 1843 2676 2675
f 942 1074 2676
f 1074 699 702
f 752 1057 1055
f 1200 1166 656
f 1120 1846 874
f 2677 874 877
f 1241 2677 1052
f 1119 1120 2677
f 1560 1513 151
f 1208 1316 611
f 215 735 736
f 1460 1459 1462
f 1208 1207 1839
f 854 856 1282
f 72 445 182
f 544 1563 1565
f 217 200 456
f 2047 1404 930
f 1204 2618 1937
f 913 777 686
f 840 527 1113
f 1531 729 730
f 2678 778 1283
f 601 667 1914
f 1537 1538 459
f 1819 1757 3509
f 991 1860 862
f 2679 711 1073
f 2680 1830 983
f 779 2680 2256
f 778 2678 2680
f 2678 2679 1830
f 180 542 245
f 1886 1132 1131
f 1138 1137 1274
f 1841 598 1140
f 75 313 314
f 193 423 420
f 2681 2682 1099
f 170 1567 1565
f 349 416 417
f 1121 1124 2684
f 547 797 409
f 123 122 121
f 2643 2663 1142
f 1542 1544 513
f 899 900 907
f 1210 677 676
f 791 663 982
f 24 27 837
f 893 896 932
f 1860 1320 863
f 535 538 862
f 1569 1548 1547
f 181 455 542
f 660 659 937
f 2013 567 568
f 887 890 2631
f 1524 1508 361
f 520 161 162
f 2653 855 854
f 1238 1237 2655
f 718 1838 527
f 1492 1493 518
f 792 616 615
f 599 846 1835
f 290 457 456
f 312 171 1552
f 1248 2687 1179
f 153 149 177
f 1240 1181 1222
f 1257 1292 1235
f 1291 1084 1083
f 1052 877 1277
f 743 742 2618
f 444 140 430
f 23 1224 1172
f 2687 2654 1180
f 102 103 409
f 1283 607 610
f 373 497 650
f 1180 2654 1084
f 855 2653 2655
f 1173 1270 1917
f 2689 850 853
f 2688 853 1108
f 2686 2688 1279
f 2687 2689 2688
f 2691 1302 1252
f 2690 1252 850
f 1248 2690 2689
f 1248 1247 2691
f 2692 617 24
f 2691 2692 2666
f 1247 1258 2692
f 1258 1168 617
f 394 1554 1555
f 2693 1260 1259
f 1072 1236 1262
f 1257 1071 1168
f 398 439 1555
f 871 1784 1314
f 1178 1232 1249
f 1224 1289 1173
f 1010 2617 2618
f 1175 1174 1292
f 2654 2687 2686
f 2694 1157 1216
f 71 418 1487
f 701 1112 1111
f 1072 1261 2649
f 1085 2695 22
f 895 2694 1264
f 1601 1606 1605
f 1259 1262 1271
f 21 20 1220
f 988 991 538
f 598 597 1336
f 1050 860 818
f 1298 2645 1761
f 1168 1167 618
f 858 1168 1256
f 39 242 516
f 2652 1761 819
f 313 316 315
f 2026 1970 1971
f 2656 1489 596
f 814 819 818
f 2696 2651 813
f 1260 2696 2649
f 2693 2697 2696
f 2697 1296 2651
f 381 355 390
f 3818 3819 1611
f 1475 1427 1428
f 1292 1174 1917
f 1551 353 354
f 1526 1525 1523
f 1593 1589 1595
f 1232 1269 1246
f 2695 2693 1223
f 2698 1297 1296
f 2698 2697 2693
f 2685 2698 2695
f 2685 854 1297
f 562 1497 271
f 2652 2651 1296
f 1365 1366 1364
f 1958 1946 1953
f 585 588 2210
f 1561 1560 1515
f 975 2648 1146
f 347 67 68
f 1038 1111 636
f 2700 781 780
f 2699 780 1036
f 2701 2699 1883
f 851 2700 2699
f 2674 1333 2251
f 2702 2251 781
f 1253 2702 2700
f 1301 2674 2702
f 1519 387 388
f 1273 1239 1280
f 2703 1280 1107
f 2701 2703 852
f 1829 1273 2703
f 91 260 326
f 1784 871 2656
f 2683 2684 2705
f 604 1894 3499
f 1669 3534 3548
f 2062 2063 2060
f 621 535 861
f 2023 731 732
f 686 779 1263
f 857 1051 2668
f 883 830 882
f 637 636 1111
f 2668 894 893
f 2667 921 894
f 1039 1038 1068
f 313 75 1504
f 1911 1972 305
f 1936 2706 1964
f 2707 2402 2401
f 2708 2707 2183
f 738 2163 2116
f 2349 2348 2432
f 2711 2712 2020
f 2400 2711 2019
f 2714 2715 2716
f 2717 2718 2719
f 2721 2722 2723
f 2726 2727 2728
f 2725 2728 2730
f 2731 2725 2729
f 2732 2726 2725
f 2734 2735 2736
f 2738 2739 2740
f 2737 2740 2741
f 2744 2745 2746
f 2745 2744 2748
f 2749 2750 2747
f 2753 2749 2751
f 2250 1380 2246
f 2754 1396 1614
f 3598 2754 2755
f 3608 2745 2747
f 1617 2756 2755
f 2242 2758 1620
f 2191 2085 2760
f 2761 2759 2760
f 3648 2759 2761
f 3623 2191 2759
f 3209 3248 3223
f 1395 1394 2236
f 1395 2235 1636
f 1616 1635 2229
f 1617 2234 2763
f 2756 2763 3628
f 2765 2763 2234
f 2766 2764 3628
f 3202 3199 3246
f 1516 437 435
f 2768 2769 3552
f 1495 541 578
f 2135 2136 28
f 3526 3540 2773
f 1690 1689 3926
f 2778 2779 2780
f 2777 2780 2781
f 2784 2778 2777
f 3555 3521 575
f 1494 1904 9
f 3529 2016 2015
f 451 61 505
f 2786 2787 2788
f 2779 2786 2785
f 2789 2752 2741
f 2790 2753 2752
f 2792 2793 2794
f 2793 2795 2796
f 2796 2797 2750
f 2794 2796 2749
f 2798 1393 1396
f 3591 2798 2754
f 2798 2799 2800
f 3591 3662 2799
f 2797 2796 2795
f 2791 2794 2753
f 216 233 232
f 3804 2806 2807
f 3805 2809 2804
f 2769 2810 3557
f 183 185 184
f 2811 2812 2775
f 2804 2811 2776
f 2809 2813 2811
f 2812 2811 2813
f 3805 2808 2816
f 3796 2818 2815
f 3798 3800 2820
f 3793 2823 2819
f 2824 2736 2735
f 2823 2825 2824
f 2825 2823 2826
f 3793 2822 2827
f 3796 2817 2826
f 2713 2716 2829
f 2828 2829 2831
f 2822 2821 2828
f 2821 2820 2713
f 2832 2827 2822
f 2833 2832 2830
f 2834 2835 2832
f 2835 2818 2827
f 2837 2838 2839
f 2836 2839 2841
f 2842 2836 2840
f 2843 2837 2836
f 2840 2841 2845
f 2718 2844 2845
f 2730 2728 2844
f 2727 2840 2844
f 2846 2845 2841
f 2829 2846 2847
f 2847 2841 2839
f 2848 2839 2838
f 2833 2848 2849
f 2831 2847 2848
f 2850 2814 2851
f 2853 2850 2852
f 2783 2777 2782
f 2785 2788 2853
f 2780 2785 2856
f 2857 2858 2855
f 2859 2857 2782
f 2861 2843 2842
f 2860 2842 2727
f 2862 2860 2726
f 2863 2861 2860
f 2861 2863 2858
f 2843 2861 2857
f 2856 2853 2854
f 2781 2856 2864
f 2837 2843 2859
f 2838 2837 2864
f 2852 2851 2834
f 2854 2852 2849
f 2865 2815 2818
f 2851 2865 2835
f 2813 2809 2815
f 2814 2813 2865
f 2866 2812 2814
f 2788 2866 2850
f 2866 2788 2787
f 2812 2866 2867
f 1892 1889 1890
f 2720 2719 2846
f 298 299 256
f 2872 2714 2713
f 3794 3800 2735
f 2729 2730 2874
f 2846 2716 2715
f 2876 2877 2878
f 2733 2875 2878
f 3806 3807 2879
f 3806 2880 2872
f 2882 2883 2884
f 2881 2884 2715
f 2880 2881 2714
f 2879 2882 2881
f 2885 2886 2887
f 2888 2889 2890
f 2885 2890 2892
f 2893 2886 2885
f 1942 2151 2532
f 2895 2892 2720
f 2884 2895 2870
f 2883 2896 2895
f 2896 2891 2892
f 2889 2874 2717
f 2890 2717 2720
f 2897 2893 2891
f 2898 2897 2896
f 2899 2898 2883
f 2900 2899 2882
f 3797 2900 2879
f 2876 2902 2901
f 2901 2902 2904
f 1785 2656 1835
f 2905 2906 2899
f 2907 2908 2897
f 3797 2901 2903
f 632 576 577
f 3532 3547 2867
f 434 385 550
f 2768 2770 3640
f 2910 2911 1623
f 2241 2912 2758
f 3640 2770 2913
f 1623 2911 2757
f 3587 2242 2757
f 2229 1381 1380
f 2765 1630 1629
f 2915 2914 1629
f 3642 3641 2914
f 3641 3622 2765
f 2919 2916 3642
f 2918 2915 2912
f 3614 2918 2241
f 3618 2919 3613
f 3541 2177 2180
f 3521 2002 2188
f 3705 3573 714
f 2925 2766 2917
f 2924 2917 2916
f 3610 2924 2919
f 3611 2925 2924
f 2926 2927 2766
f 3658 2926 2925
f 1715 1713 1705
f 785 497 498
f 1387 651 565
f 374 375 1899
f 3573 2203 2206
f 2929 2930 2886
f 2932 2933 2934
f 1905 1906 1908
f 2930 2935 2936
f 2938 2935 2930
f 1493 369 517
f 1603 1585 1586
f 2939 2938 2929
f 2940 2939 2908
f 3665 1707 1600
f 2886 2930 2937
f 2906 2907 2898
f 2908 2929 2893
f 2942 2934 2933
f 2941 2933 2937
f 3501 2941 2936
f 3498 2942 2941
f 2943 2944 2710
f 2943 2873 2874
f 2945 2943 2889
f 2946 2944 2943
f 2932 2945 2888
f 2931 2946 2945
f 727 1928 1929
f 2903 2904 2947
f 545 594 42
f 1480 1570 533
f 2907 2906 2949
f 2906 2905 2950
f 1558 452 215
f 3799 2903 2948
f 2054 1645 1644
f 3705 3684 2203
f 1828 1837 1849
f 2953 2954 2955
f 2952 2955 2957
f 2956 2261 2258
f 2953 2952 2258
f 2454 2455 2474
f 3747 2958 2959
f 3747 2132 2131
f 2961 2962 2963
f 2958 2963 2964
f 222 221 2485
f 2477 2226 2966
f 2631 2561 2006
f 2384 2454 2496
f 2967 2968 2959
f 2968 2967 2970
f 3759 2033 2971
f 3784 2971 2960
f 2972 2971 2033
f 2007 2377 2973
f 3560 3559 2134
f 1836 1833 1832
f 3506 2188 2090
f 955 810 959
f 672 675 674
f 633 710 713
f 2024 732 733
f 2025 2024 803
f 425 1552 1550
f 2975 2976 888
f 1319 1158 1157
f 1212 1935 2977
f 889 957 2228
f 1978 1974 1975
f 1138 1078 1329
f 751 665 2979
f 1619 1613 1625
f 2252 2255 1728
f 1157 1160 845
f 2706 1936 1938
f 2980 2255 2254
f 2982 2975 887
f 802 712 711
f 678 677 2029
f 527 840 690
f 1839 1207 2629
f 2983 2984 602
f 2983 1914 1913
f 2985 2983 1331
f 2986 2984 2983
f 2987 2637 2635
f 2985 2988 2639
f 2990 1319 1318
f 2991 2992 2993
f 2995 2991 2994
f 1106 1058 2991
f 1058 1057 2992
f 1415 1406 1365
f 1317 922 2217
f 1932 1728 2255
f 926 2998 2999
f 3001 2993 2992
f 3000 2992 1057
f 2999 3000 2978
f 2998 3001 3000
f 3002 2998 2209
f 3002 3003 2996
f 2993 3001 3002
f 1103 1106 2995
f 3004 2995 2996
f 2209 2210 3004
f 588 1103 3004
f 295 296 433
f 2638 2639 2988
f 3005 2988 1056
f 1305 3005 1930
f 1276 2638 3005
f 1987 1968 1993
f 2633 1762 1761
f 1423 1422 1417
f 3561 3517 739
f 2671 2670 2704
f 1473 1872 2035
f 922 1317 2694
f 1401 1400 1378
f 556 2028 1884
f 842 848 3825
f 1854 2706 2617
f 933 1082 1081
f 1440 1441 1436
f 529 657 719
f 1031 1025 1027
f 777 913 912
f 2645 1205 1204
f 441 438 1538
f 790 1287 587
f 2065 2066 1610
f 1860 991 990
f 60 106 87
f 1424 1017 1948
f 332 1527 1507
f 261 262 138
f 187 188 449
f 1719 1720 1726
f 1931 1055 1059
f 3006 1059 1105
f 1287 3006 1104
f 1286 1931 3006
f 3007 3008 3009
f 3009 3008 653
f 618 999 26
f 2029 677 1210
f 957 601 600
f 1049 2146 2228
f 2631 890 3011
f 890 889 2227
f 3011 2227 2145
f 2561 3011 3012
f 1026 656 609
f 2706 1854 1961
f 3013 2965 2485
f 2148 2147 1267
f 3015 1267 1266
f 2997 2264 1101
f 642 641 1773
f 186 477 461
f 1041 1040 1320
f 1121 3016 3017
f 2984 2986 2987
f 3018 2987 2634
f 1048 603 3018
f 603 602 2984
f 2679 2678 801
f 2062 2072 2074
f 2061 2074 2076
f 414 303 1545
f 3016 1121 2683
f 3019 2683 2704
f 3020 3019 2670
f 3007 3016 3019
f 1871 1090 1091
f 3021 1787 1122
f 3022 3021 3017
f 1314 3021 3022
f 1784 1787 3021
f 1316 1315 1763
f 3023 3022 3010
f 3023 3009 795
f 1763 3023 1092
f 1315 3022 3023
f 3016 3007 3010
f 752 751 2978
f 2986 2639 2637
f 3024 654 653
f 3020 3024 3008
f 720 723 3024
f 723 2621 654
f 2681 1098 1268
f 2671 3025 1268
f 2705 2681 3025
f 1313 3026 3027
f 3026 3028 3029
f 3027 3029 3030
f 1311 3027 3031
f 2012 568 731
f 917 2657 974
f 743 1206 856
f 1888 2027 2030
f 2682 2705 2684
f 3032 2684 1124
f 1100 3032 2989
f 1099 2682 3032
f 1123 2990 2989
f 3033 1834 1159
f 2990 3033 1158
f 1123 1786 3033
f 1786 1785 1834
f 1054 1056 2988
f 2979 665 664
f 2623 2622 2663
f 1095 660 688
f 3034 3035 2261
f 3036 3034 2956
f 3037 3038 3034
f 3038 3039 3035
f 3040 3041 3026
f 2263 3042 3041
f 3042 3039 3043
f 3041 3043 3028
f 3044 3045 3043
f 3046 3047 3045
f 3047 3048 3049
f 3043 3045 3049
f 3038 3037 3051
f 3050 3051 3053
f 3052 3046 3044
f 3039 3038 3050
f 3054 3035 3039
f 3042 2263 2262
f 2261 3035 3054
f 2216 2263 2997
f 2212 2211 2667
f 3056 868 2209
f 934 3057 1961
f 2013 3755 3757
f 3058 3059 3060
f 3059 3062 3063
f 3060 3063 2213
f 3061 3060 1963
f 3063 3064 2214
f 3062 3065 3064
f 3065 2257 2260
f 3064 2260 2215
f 3066 3067 3031
f 2608 2966 3067
f 2966 2562 3068
f 3031 3067 3068
f 2455 2458 2461
f 2476 2223 2226
f 3551 2090 2089
f 3526 2774 3769
f 433 354 355
f 2115 1423 1419
f 3509 2868 2922
f 3769 3737 2131
f 3069 2611 2167
f 2971 2972 2928
f 2961 2774 2773
f 3070 2475 2478
f 2610 2609 3071
f 2502 2371 2374
f 3072 2592 2595
f 2964 3046 3052
f 3048 2593 3074
f 2593 2592 3075
f 3075 3030 3029
f 3074 3029 3028
f 3072 3076 3075
f 3076 3072 2482
f 2481 2608 3066
f 3076 3066 3030
f 2967 3052 3053
f 2482 3072 3073
f 479 480 493
f 706 3900 3873
f 3561 2194 2221
f 2013 2010 3754
f 3533 2032 2016
f 3562 3519 2222
f 1171 1154 1155
f 2586 2566 2565
f 2982 110 113
f 2562 2376 3077
f 2376 2375 3012
f 3012 2145 2148
f 3077 2148 3015
f 2963 3047 3046
f 3051 3078 2970
f 1683 2173 491
f 3850 2122 1447
f 1986 2181 3734
f 3079 3080 2546
f 3081 3079 2575
f 1983 1986 3768
f 3082 2323 2319
f 3080 3082 2545
f 3734 3732 3082
f 3732 3748 2323
f 1309 1471 1888
f 3073 2595 2772
f 2760 3083 3084
f 2760 2085 2088
f 3085 3084 3086
f 3089 3085 3090
f 3089 2762 3084
f 3092 3088 3090
f 3093 2748 2744
f 2751 2747 2748
f 3093 2741 2752
f 2742 2741 3093
f 3094 3093 2743
f 3096 3097 3098
f 3099 3096 3087
f 3097 3094 3095
f 3100 2743 2746
f 3101 2927 3102
f 2764 2766 2927
f 2745 2764 3101
f 3102 3092 3091
f 3100 3091 3095
f 2869 2802 3592
f 3102 3103 3104
f 3658 2868 2869
f 2927 2926 3103
f 3098 3095 3091
f 3087 3098 3090
f 2088 2125 3105
f 3083 3105 3086
f 2483 3073 2771
f 2401 2186 2185
f 3099 3086 3105
f 2125 2207 3106
f 3108 2737 2742
f 3107 2742 3094
f 3110 3108 3107
f 3109 3107 3097
f 3111 3109 3096
f 3112 3110 3109
f 3113 2738 2737
f 3115 2723 2722
f 3117 3115 3114
f 3119 3117 3116
f 3118 3116 3120
f 3116 3114 3113
f 3122 3112 3111
f 3122 3123 1755
f 3124 3125 3126
f 3125 3118 3121
f 3128 3119 3118
f 3129 3128 3125
f 2020 2712 3128
f 3853 3857 1346
f 1065 1046 1047
f 1814 3838 3830
f 2021 2020 3129
f 3111 3099 3106
f 3123 3106 2207
f 2377 2225 2224
f 3014 2485 113
f 1756 2208 3782
f 3131 3132 2530
f 3133 3131 2528
f 1753 1756 3767
f 3134 3124 3127
f 2327 2408 2314
f 2436 2318 2317
f 2018 2021 3711
f 2534 3136 3137
f 2320 2322 3136
f 2185 2018 3712
f 3138 3139 2542
f 3134 3135 3744
f 3785 3130 3134
f 3140 3138 2539
f 2535 3137 3140
f 3711 2021 3130
f 2558 2530 3132
f 3782 3760 3141
f 2560 2558 3141
f 3760 3777 3142
f 958 888 2976
f 1933 1932 2980
f 2399 2424 2418
f 2348 2342 2343
f 2322 2320 2319
f 2718 2717 2874
f 2709 2729 2873
f 2894 2871 1361
f 346 289 176
f 1876 1877 1882
f 2802 2803 3607
f 3104 3144 3088
f 2974 2222 3649
f 3089 3145 2761
f 3088 3144 3145
f 2803 2974 3603
f 3870 3909 692
f 2123 1419 1418
f 1365 1363 1368
f 1581 1766 1782
f 3569 2202 2129
f 3555 2003 2002
f 3146 2585 2551
f 3751 3146 3147
f 3742 3149 3146
f 3149 2584 2585
f 3196 3198 3197
f 3604 2192 2191
f 3142 3150 2556
f 3777 3778 3150
f 3646 3152 2550
f 3150 3151 2555
f 3778 3780 3151
f 3788 3781 3152
f 3153 3147 2551
f 3152 3153 2549
f 3781 3776 3153
f 3776 3750 3147
f 3148 2767 2206
f 2183 2401 2321
f 2132 2960 2928
f 3684 3685 2204
f 3719 2198 2197
f 2594 2962 2773
f 2595 2594 2951
f 1870 798 799
f 3713 2179 2178
f 3706 2178 3736
f 336 3154 3774
f 339 3155 3154
f 3789 3683 3149
f 3683 3697 2584
f 2963 2962 3048
f 3722 3730 337
f 339 338 2566
f 3156 3157 2168
f 2610 3156 2167
f 2954 2953 3156
f 3157 3156 2953
f 3707 2166 2169
f 2567 3158 3159
f 337 3158 2567
f 3730 3069 2166
f 3764 2190 1983
f 2579 3160 3081
f 2568 3159 3160
f 3709 2169 2190
f 3065 3062 3162
f 3161 3162 1984
f 3157 3161 2189
f 2257 3065 3161
f 734 735 1922
f 3059 3058 2708
f 3163 2708 2182
f 3162 3163 1985
f 3062 3059 3163
f 3203 3206 3205
f 2122 2119 1448
f 3817 1686 1685
f 139 140 444
f 1570 569 566
f 2957 3164 3165
f 2955 3166 3164
f 1912 454 341
f 3130 3129 3124
f 1548 322 319
f 1949 1950 1327
f 2969 2970 3078
f 3167 3078 3169
f 3724 2014 2017
f 3720 2017 2033
f 3168 3169 3165
f 3170 3165 3164
f 3779 3170 3171
f 3724 3168 3170
f 3171 3164 3166
f 3172 3166 3071
f 3752 3172 3173
f 3756 3171 3172
f 3169 3037 3036
f 2593 3048 2962
f 3173 3071 2609
f 3174 2609 2199
f 3783 3174 2198
f 3749 3173 3174
f 2190 2189 1984
f 2196 2195 2767
f 2119 2120 1414
f 1464 1463 1466
f 2199 2611 3069
f 2457 2456 2587
f 2226 2225 2562
f 481 478 1627
f 333 1512 235
f 3078 3051 3037
f 3040 2264 2997
f 2219 1934 1933
f 2385 2384 2497
f 221 2220 3175
f 2220 1933 3143
f 3175 3143 2976
f 2484 3175 2975
f 2954 3071 3166
f 2630 1858 110
f 1547 319 1952
f 2091 2090 2188
f 3733 3736 2178
f 1918 1919 1927
f 3563 112 111
f 955 956 960
f 2037 3014 112
f 3143 2980 2981
f 2218 2211 2214
f 672 3877 3787
f 2152 3013 3014
f 1147 1144 1143
f 2248 2246 1409
f 1615 1636 1635
f 1410 1409 2246
f 3241 3243 3242
f 1382 3176 3177
f 3177 1410 2247
f 2247 1383 3177
f 3176 2238 2230
f 1410 3177 3179
f 3179 3180 2243
f 1633 3181 2800
f 1621 1620 2758
f 1622 1621 2245
f 2236 1394 3181
f 2237 2236 3182
f 2250 1631 2233
f 2912 1629 1628
f 135 136 1564
f 1567 419 512
f 1085 1084 2653
f 3184 869 868
f 869 3184 3057
f 1266 1268 1098
f 1267 2147 722
f 937 1146 2646
f 2146 1049 722
f 2211 2218 921
f 1957 510 507
f 1313 1312 2264
f 1496 362 1493
f 2887 2937 2933
f 1687 1688 1659
f 145 1499 1498
f 37 38 418
f 1935 1934 3185
f 104 89 301
f 2101 2098 2083
f 543 298 360
f 1934 2219 3186
f 234 1521 212
f 3845 3821 1822
f 1976 1875 1874
f 223 3186 2219
f 3655 3656 3605
f 2165 2164 467
f 467 468 2165
f 773 476 2165
f 1935 1212 1728
f 3240 3225 3226
f 3261 3249 3250
f 3215 3216 3244
f 3265 3221 3215
f 3267 3245 3198
f 3205 3206 3269
f 3214 3211 3265
f 3271 3213 3214
f 3251 3252 3239
f 3222 3221 3266
f 3232 3235 3234
f 3216 3242 3243
f 3196 3193 3268
f 3244 3243 3254
f 3238 3239 3247
f 3264 3244 3255
f 3253 3242 3216
f 3211 3266 3221
f 3257 3217 3218
f 3258 3222 3272
f 3274 3275 3280
f 3228 3229 3262
f 3275 3231 3281
f 3226 3227 3273
f 3236 3263 3260
f 3281 3263 3236
f 3287 3271 3192
f 3235 3226 3280
f 3234 3280 3281
f 3288 3290 3259
f 3260 3250 3276
f 3289 3212 3278
f 3210 3209 3224
f 3199 3202 3201
f 3228 3231 3230
f 3290 3288 3285
f 3282 3279 3271
f 3260 3263 3262
f 3243 3241 3268
f 3267 3268 3241
f 3194 3207 3208
f 3191 3270 3269
f 3270 3191 3192
f 3275 3274 3230
f 3264 3269 3270
f 3252 3251 3276
f 3248 3252 3291
f 3213 3271 3279
f 3272 3266 3289
f 3277 3278 3212
f 3228 3263 3281
f 3220 3225 3253
f 3219 3253 3217
f 3256 3218 3222
f 3247 3239 3252
f 3245 3267 3232
f 3266 3211 3212
f 3208 3205 3255
f 3288 3289 3284
f 3204 3205 3208
f 560 1899 3187
f 3209 3210 3201
f 3189 3192 3191
f 448 1980 807
f 647 648 122
f 1833 1848 1780
f 510 509 508
f 3210 1949 1887
f 1887 15 3200
f 15 16 3197
f 16 3188 3195
f 3195 3188 3187
f 3194 3187 1899
f 3207 1899 375
f 387 173 126
f 3189 1791 1760
f 3577 763 757
f 763 3577 2172
f 3583 3582 3580
f 3581 3580 3579
f 3594 3597 3596
f 3400 3601 3602
f 3626 3624 3625
f 3631 3635 3599
f 3636 3637 3595
f 3647 3584 3588
f 3650 3582 3584
f 3653 3579 3580
f 3653 2176 3654
f 1801 1864 3656
f 3651 3580 3582
f 3644 3638 3595
f 1767 1768 3659
f 1597 3663 3661
f 1708 1707 3665
f 3671 3668 3667
f 3666 3667 3673
f 1588 1708 3664
f 2080 3671 3666
f 2082 3666 3672
f 3674 3677 3635
f 3677 3678 3636
f 3682 3647 3645
f 3692 3651 3650
f 3681 3645 3644
f 786 3694 3692
f 3694 3653 3651
f 785 3692 3686
f 497 3686 3682
f 650 3682 3681
f 3696 564 3681
f 3405 3606 3605
f 3702 3699 3678
f 3699 3698 3679
f 3645 3588 3638
f 1799 3657 3659
f 3708 3704 3458
f 3462 3710 3708
f 3714 463 564
f 3615 3606 3602
f 3710 3714 3696
f 3635 3636 3596
f 3629 3626 3627
f 3597 3600 3599
f 3630 3716 3715
f 3627 3625 3597
f 3717 3716 3723
f 3715 3663 3660
f 3716 3717 3725
f 3668 3665 3661
f 3668 3725 3717
f 3667 3717 3718
f 3727 3728 3673
f 3728 1576 3672
f 3726 3727 3718
f 1576 2101 2084
f 3727 3726 3731
f 3203 376 1387
f 3190 1387 1791
f 3283 2152 1949
f 317 240 259
f 2000 2176 3653
f 3601 3599 3600
f 3589 3588 3584
f 3577 758 756
f 3585 3584 3582
f 3678 3679 3637
f 3204 375 376
f 1801 3655 3657
f 3729 3735 3728
f 1575 3735 3738
f 3735 1575 1576
f 1776 1795 1796
f 1293 1294 1290
f 1326 14 1327
f 1294 1245 1234
f 878 1244 1330
f 497 373 374
f 122 648 413
f 3699 3702 3704
f 3606 3405 3401
f 3708 3710 3698
f 3464 3714 3710
f 3704 3674 3443
f 439 398 399
f 1512 1528 1526
f 1668 1741 1738
f 839 849 1362
f 1362 1357 826
f 3843 740 1896
f 2053 2054 2118
f 3888 3887 2120
f 696 697 3816
f 1826 1878 639
f 3740 3739 3729
f 956 885 886
f 1980 806 1922
f 33 34 105
f 1343 1344 3856
f 3907 2127 2128
f 1766 1581 1582
f 14 1326 2163
f 595 98 99
f 3233 3238 3246
f 1346 1035 1044
f 748 1888 1425
f 3193 3208 3254
f 3190 3191 3206
f 3612 3605 3606
f 3624 3612 3615
f 3631 3415 3443
f 3679 3680 3644
f 3686 3650 3647
f 3702 3677 3674
f 3625 3615 3600
f 3601 3400 3415
f 3739 3738 3735
f 3630 3627 3594
f 3741 3723 3716
f 1284 1290 1288
f 3698 3696 3680
f 1778 1781 1780
f 1792 1759 1584
f 695 570 571
f 3638 3741 3594
f 3741 3638 3588
f 3247 3248 3209
f 3292 3293 3294
f 3296 3297 3298
f 3299 3298 3300
f 3302 3303 3304
f 3306 3307 3308
f 3307 3310 3311
f 3303 3302 3301
f 3312 3305 3304
f 3314 3315 3316
f 3318 3319 3320
f 3324 3318 3321
f 3326 3327 3328
f 3329 3330 3331
f 3333 3334 3335
f 3337 3338 3339
f 3333 3336 3341
f 3342 3341 3343
f 3319 3345 3344
f 3338 3335 3334
f 3346 3301 3302
f 3305 3348 3347
f 3312 3224 3223
f 3350 3337 3340
f 3312 3349 3348
f 3352 3343 3341
f 3311 3353 3354
f 3341 3336 3327
f 3359 3360 3361
f 3360 3359 3250
f 3318 3363 3345
f 3364 3363 3318
f 3314 3364 3324
f 3366 3299 3301
f 3299 3366 3367
f 3308 3354 3368
f 3369 3317 3295
f 3317 3369 3364
f 3370 3295 3317
f 3325 3371 3365
f 3352 3320 3319
f 3296 3367 3353
f 3297 3296 3311
f 3363 3368 3354
f 3345 3354 3353
f 3344 3353 3367
f 3366 3333 3342
f 3347 3339 3334
f 3339 3347 3348
f 3348 3349 3351
f 3363 3364 3369
f 3294 3309 3368
f 3293 3306 3309
f 3331 3373 3374
f 3346 3334 3333
f 3323 3322 3352
f 3356 3355 3321
f 3355 3357 3325
f 3357 3358 3371
f 3322 3356 3320
f 3361 3330 3329
f 3373 3372 3375
f 3374 3375 3376
f 3329 3332 3376
f 3327 3375 3372
f 3336 3335 3375
f 3335 3338 3376
f 3376 3338 3337
f 3337 3350 3359
f 3359 3350 3276
f 3377 3292 3295
f 3277 3316 3315
f 3371 3378 3379
f 3378 3371 3358
f 3365 3379 3315
f 3316 3277 3279
f 3282 3377 3370
f 3313 3283 3224
f 3378 3285 3284
f 3380 3286 3285
f 3379 3284 3278
f 3276 3350 3351
f 3291 3351 3349
f 3313 3304 2965
f 2965 3304 3303
f 222 3303 3300
f 223 3300 3298
f 3298 3297 3185
f 3297 3310 2977
f 3310 3307 1213
f 3307 3306 1214
f 2532 1214 3306
f 2894 2532 3293
f 2871 2894 3292
f 3253 3225 3240
f 3283 3313 3013
f 1997 1996 1889
f 1237 745 744
f 1535 1534 120
f 1531 1532 201
f 1119 1241 1032
f 946 948 824
f 163 8 5
f 3589 3726 3723
f 1155 1156 1162
f 427 213 327
f 553 1902 796
f 3381 2232 2231
f 3381 3178 2230
f 2237 3183 3180
f 3383 3384 3385
f 3384 3386 3387
f 3386 3388 3389
f 3388 3390 3391
f 3392 3393 3394
f 3395 3394 3396
f 3398 3399 3397
f 3400 3401 3399
f 3403 3404 3405
f 3406 3407 3404
f 3408 3409 3407
f 3410 3411 3409
f 3412 3413 3411
f 3415 3400 3398
f 3414 3398 3396
f 3416 3396 3394
f 3417 3394 3393
f 3393 3419 3420
f 3419 3390 3421
f 3390 3388 3422
f 3388 3386 3423
f 3386 3384 3424
f 3384 3383 3425
f 3425 3383 3426
f 2904 3427 3428
f 3429 3427 2904
f 3430 3429 2902
f 2875 3431 3430
f 3432 3433 2733
f 2825 3434 3435
f 3437 3438 3439
f 3441 3437 3436
f 2724 2723 3434
f 3436 3439 3115
f 3440 3436 3117
f 3443 3415 3414
f 3442 3414 3416
f 3444 3416 3417
f 3445 3417 3418
f 3446 3418 3420
f 3420 3421 3448
f 3421 3422 3449
f 3422 3423 3450
f 3423 3424 3451
f 3424 3425 3452
f 3425 3184 3056
f 3451 3452 2253
f 3450 3451 2252
f 3449 3450 1727
f 3448 3449 2150
f 3453 3447 3448
f 3454 3446 3447
f 3455 3445 3446
f 3456 3444 3445
f 3442 3444 3456
f 3443 3442 3457
f 3459 3460 3458
f 3457 3456 3455
f 3459 3455 3454
f 3462 3460 3459
f 3461 3454 3453
f 3464 3462 3461
f 3463 3453 1941
f 3404 3399 3401
f 3407 3397 3399
f 3409 3395 3397
f 3411 3392 3395
f 3465 3466 3413
f 3467 3468 3469
f 3465 3412 3431
f 3470 3467 3466
f 3438 3470 3432
f 3467 3470 3438
f 3468 3467 3437
f 3471 3469 3468
f 3472 3468 3441
f 3473 3441 3440
f 2712 3440 3119
f 3475 3471 3472
f 3474 3472 3473
f 3476 3473 2712
f 3477 3476 2711
f 3478 3474 3476
f 3479 3475 3474
f 3392 3411 3413
f 3466 3469 3480
f 3419 3393 3392
f 3390 3419 3480
f 3469 3471 3391
f 3389 3391 3471
f 3387 3389 3475
f 3385 3387 3479
f 3482 3477 2400
f 3483 3478 3477
f 3481 3479 3478
f 3484 3482 2402
f 3058 3484 2707
f 3061 3485 3484
f 3485 3483 3482
f 3382 3385 3481
f 3486 3481 3483
f 3426 3383 3382
f 3487 3382 3486
f 3486 3485 3061
f 1961 3057 3487
f 3057 3184 3426
f 3428 3403 3402
f 3427 3406 3403
f 3429 3408 3406
f 3430 3410 3408
f 3431 3412 3410
f 3470 3465 3433
f 3434 3439 3438
f 2723 3115 3439
f 2875 2733 3433
f 2736 2824 3435
f 2947 3428 3488
f 3464 3463 1360
f 1900 1925 1924
f 1736 1717 1718
f 1955 1952 1943
f 1671 1738 1735
f 1696 1750 1698
f 1800 1865 1864
f 2063 2055 2056
f 1737 1734 1717
f 1751 1735 1697
f 943 3885 3899
f 3656 3488 3402
f 1577 1578 1764
f 3917 1598 1599
f 1945 146 82
f 68 6 7
f 147 1542 1543
f 1109 1135 1133
f 1503 1910 1907
f 1499 1501 1909
f 452 1922 735
f 1824 2068 3835
f 1825 2067 2068
f 1463 1462 1022
f 841 1012 1009
f 1568 1547 1955
f 1910 1503 1502
f 1939 1502 422
f 309 280 1940
f 1804 1851 1866
f 269 1482 1954
f 2065 1607 2060
f 3812 1685 1758
f 280 276 552
f 1875 1873 1869
f 1739 1721 1734
f 1778 1779 1790
f 310 1920 1915
f 1909 1908 1906
f 1789 1783 1778
f 978 981 980
f 1584 1759 1731
f 425 426 311
f 148 1543 115
f 2044 3897 3894
f 277 1910 1939
f 1943 1946 1945
f 1461 1462 1463
f 2253 3452 3056
f 2981 2254 3489
f 2209 2998 3489
f 2254 2253 3055
f 2998 926 958
f 2826 2817 2721
f 3490 2739 2721
f 2816 3491 3490
f 2334 2297 2296
f 2298 2297 2334
f 2301 2298 2336
f 2311 2301 2338
f 2312 2311 2354
f 2359 2358 2361
f 2335 2296 2359
f 2414 2413 2365
f 2413 2270 2361
f 2355 2352 2540
f 2541 2540 2539
f 2722 2721 2739
f 3114 2722 2738
f 3110 3112 3121
f 3108 3110 3120
f 3122 1754 3127
f 3112 3122 3126
f 3127 1754 1753
f 3139 3133 2529
f 3744 3775 3133
f 3490 2789 2740
f 3491 2790 2789
f 228 229 91
f 245 244 243
f 248 7 247
f 2 297 296
f 145 146 300
f 327 213 210
f 329 332 331
f 239 241 240
f 373 376 375
f 178 177 176
f 1218 1225 1228
f 3862 1231 1295
f 808 809 824
f 3858 3859 1013
f 3813 3810 1411
f 2154 2149 2159
f 3845 3835 1758
f 306 807 1922
f 2157 2153 1976
f 708 709 2031
f 1450 1226 1227
f 1672 1604 1605
f 1813 1814 1821
f 1717 1716 1715
f 176 159 402
f 1710 1705 3916
f 1712 1580 1577
f 1705 1713 1711
f 971 978 979
f 822 823 1094
f 2909 2810 2793
f 2810 2769 2795
f 2799 2910 2249
f 3662 3643 2910
f 2769 2768 2801
f 3177 3176 3178
f 3178 3381 3180
f 3181 1394 1393
f 3181 1633 1632
f 3182 1632 2244
f 3183 2244 2243
f 3492 2791 2790
f 2808 3492 3491
f 2239 3574 3572
f 1149 1150 3571
f 1150 2009 3567
f 2202 3569 3566
f 2921 3564 3565
f 3568 3560 2133
f 1777 1579 1759
f 1201 1196 1183
f 3561 3554 2195
f 3553 3576 2770
f 3927 3925 1687
f 1516 152 154
f 3549 3562 2974
f 3550 3548 2779
f 2771 2772 3575
f 3070 2771 3546
f 3547 3544 2775
f 1376 1375 1370
f 2767 3543 3556
f 2195 3554 3543
f 2775 3544 3542
f 3377 3282 3545
f 3804 3802 3539
f 2776 3542 3538
f 2240 3572 3535
f 2920 3535 3669
f 3548 3534 2786
f 1805 1850 1851
f 3534 3532 2787
f 2951 2773 3540
f 2772 2951 3531
f 2973 2224 3530
f 2224 2223 3537
f 1957 1953 320
f 306 305 304
f 2770 3576 3528
f 2913 3528 3574
f 2923 3565 3527
f 308 1940 431
f 207 208 132
f 1879 1876 1881
f 3733 3787 3525
f 2475 3070 3558
f 2476 2475 3524
f 2223 2476 3523
f 3522 3549 2803
f 2037 3563 11
f 1959 1958 450
f 2003 3555 3520
f 9 10 334
f 2009 2008 3518
f 2008 2973 3536
f 3877 672 673
f 3515 3550 2778
f 2935 3514 3513
f 111 1149 3570
f 3510 3514 2935
f 683 3876 3885
f 3508 3557 2810
f 736 733 732
f 1795 1804 1803
f 3505 3510 2938
f 3507 3505 2939
f 2950 3512 3504
f 2940 2949 3504
f 3801 3791 3512
f 2868 3509 3502
f 2869 3502 3522
f 1024 1034 1023
f 3500 3503 2948
f 551 1939 442
f 2972 3499 3568
f 2032 3533 3499
f 216 93 1924
f 203 202 201
f 1828 1848 1847
f 1958 1957 449
f 272 271 178
f 2871 3545 3495
f 3619 3669 3564
f 2801 2768 3643
f 2005 3758 3654
f 960 886 899
f 3657 3655 3612
f 3780 3788 3646
f 3151 3646 3593
f 2193 3604 3623
f 3607 3603 3145
f 3603 3649 2761
f 3592 3607 3144
f 2926 3658 3634
f 3634 3592 3104
f 3755 3754 3746
f 566 567 3758
f 3488 3656 1864
f 1602 1586 2079
f 2868 3658 3611
f 2922 3611 3610
f 2923 3610 3618
f 3670 3613 2918
f 3619 3670 3614
f 2921 3618 3670
f 2920 3614 3586
f 3613 3642 2915
f 2917 2766 3622
f 2916 2917 3641
f 2239 3587 3652
f 2911 3640 3652
f 3643 3640 2911
f 2797 2801 3662
f 2797 3591 3598
f 3622 3628 2763
f 3608 3628 2764
f 2194 3623 3648
f 2221 3648 3649
f 2756 3608 3609
f 2750 3598 3609
f 3669 3535 1817
f 3763 3770 1691
f 2515 3621 3590
f 2548 3590 3593
f 2513 2489 3632
f 2513 3616 3621
f 2509 3633 3620
f 2510 3632 3633
f 2289 3620 3639
f 2283 3639 3617
f 2240 3586 3587
f 3659 3657 3624
f 716 2121 3887
f 727 1999 3761
f 2165 2171 2170
f 3660 3659 3626
f 3743 3581 3578
f 2175 2172 769
f 2100 500 2095
f 3758 567 3757
f 640 3560 3568
f 1653 3576 3553
f 1895 3536 3530
f 746 3530 3537
f 1653 1810 3528
f 3762 1603 1604
f 2093 2075 2073
f 959 996 995
f 962 899 919
f 1400 1401 1398
f 1000 817 1127
f 956 959 884
f 1662 3548 3550
f 2034 3558 3546
f 3926 1689 3539
f 3535 3572 766
f 3572 3574 765
f 334 3570 3571
f 1868 3531 3540
f 1684 1651 1652
f 1682 1683 775
f 1585 1603 3762
f 3763 3762 1672
f 2173 2174 490
f 1658 3544 3547
f 3556 3543 1650
f 1571 3754 2010
f 1587 3664 3671
f 2099 2095 2077
f 787 3761 1999
f 2000 3694 786
f 3155 339 3697
f 3713 3155 3683
f 2180 2179 3685
f 3496 2180 3684
f 1684 3846 3840
f 1760 464 3495
f 2607 3689 3693
f 2581 3676 3689
f 2371 2502 3700
f 2371 3695 3693
f 2587 3676 3675
f 2586 3675 3697
f 2497 3691 3687
f 2502 2503 3687
f 2494 3691 3690
f 3690 3688 2472
f 3688 3701 2468
f 3701 3703 2469
f 726 3908 3892
f 581 3567 3518
f 10 3511 3570
f 1837 3514 3510
f 741 3537 3523
f 1299 3524 3558
f 1851 3507 3504
f 3527 3565 1820
f 580 3518 3536
f 1758 1685 3522
f 1693 3557 3508
f 3504 3512 1867
f 1894 1826 3568
f 2126 1418 3813
f 3906 2126 3841
f 2113 3911 3867
f 2179 3713 3789
f 624 3903 3904
f 2192 3604 3788
f 2177 3541 3787
f 1364 3824 3833
f 3858 3855 1470
f 3135 1753 3775
f 2069 3812 3835
f 1351 3861 3853
f 2108 3882 3901
f 2089 2092 3736
f 3828 3834 1358
f 2001 3749 3783
f 2187 3783 3719
f 2130 3756 3752
f 2004 3752 3749
f 2014 3724 3779
f 2201 3779 3756
f 3167 3720 3759
f 3168 3724 3720
f 3159 3709 3764
f 3160 3764 3765
f 3730 3707 3158
f 3158 3707 3709
f 2200 3069 3730
f 3685 3789 3742
f 3722 3774 2197
f 3790 3736 2092
f 3774 3790 3721
f 3154 3706 3790
f 3155 3713 3706
f 2091 3719 3721
f 2196 3148 3750
f 2193 2196 3776
f 3604 2193 3781
f 2086 2192 3780
f 2087 2086 3778
f 2204 3742 3751
f 2205 3751 3750
f 3909 3886 574
f 2124 2087 3777
f 2208 2124 3760
f 3711 3785 3140
f 3785 3745 3138
f 3745 3744 3139
f 3771 3712 3136
f 3712 3711 3137
f 3775 3767 3131
f 3767 3782 3132
f 1813 3839 3838
f 1293 3854 3856
f 2184 2321 3748
f 2181 2184 3732
f 3765 3768 3079
f 3768 3734 3080
f 709 3873 3875
f 2774 2961 3737
f 3786 3769 2134
f 3809 3808 766
f 2968 3784 3766
f 2969 3759 3784
f 2958 3747 3737
f 2132 3747 3766
f 2321 2185 3771
f 3860 3848 1449
f 3905 3874 582
f 3886 3889 577
f 3847 3826 1818
f 705 3902 3887
f 3816 3912 3907
f 2111 3883 3911
f 3810 3829 1366
f 1812 3839 3822
f 675 3851 3852
f 3496 3705 3851
f 2110 3867 3868
f 2104 3896 3901
f 2109 3868 3899
f 3842 3831 703
f 1680 3811 3846
f 1639 1627 3819
f 623 3904 3906
f 2139 2140 3866
f 1808 1640 3844
f 3820 3821 1819
f 3872 3914 3900
f 1646 3832 3830
f 3889 3890 633
f 2139 3865 3875
f 2156 2155 3871
f 674 3852 3913
f 2117 3817 3812
f 1815 3822 3847
f 3855 3849 1444
f 697 3906 3912
f 866 842 3836
f 3864 3869 2136
f 3585 3731 3726
f 3583 3740 3731
f 3753 3746 3738
f 3740 3583 3581
f 1088 3738 3746
f 3739 3740 3743
f 2791 3492 3493
f 3492 2808 2807
f 2792 3493 3494
f 3493 2807 2806
f 3508 2909 3494
f 3516 3494 2806
f 2948 3503 3791
f 2105 3908 3896
f 3538 3802 3804
f 680 3878 3876
f 1891 1890 3910
f 2905 3799 3801
f 2900 3797 3799
f 2901 3797 3807
f 2734 2878 3806
f 2877 3807 3806
f 2820 3800 3794
f 2818 3796 3792
f 2823 3793 3792
f 2822 3793 3798
f 2819 2735 3800
f 2817 3796 3795
f 2809 3805 3795
f 2808 3805 3803
f 2805 3804 3803
f 1702 3921 3923
f 3922 3920 1797
f 3915 3916 1706
f 3918 3927 1692
f 1657 3898 3880
f 1890 1877 3895
f 3772 3770 1674
f 1689 1690 3772
f 3926 3802 3538
f 3516 3539 1689
f 3917 3923 1703
f 1598 3917 3928
f 3880 3884 1876
f 1691 1690 3925
f 3925 3926 1688
f 3934 3933 3937
f 3934 3938 3939
f 3932 3936 3937
f 3938 3942 3943
f 3937 3936 3940
f 3937 3941 3942
f 3942 3946 3947
f 3941 3940 3944
f 3942 3941 3945
f 3947 3946 3950
f 3944 3948 3949
f 3945 3949 3950
f 3950 3954 3955
f 3949 3948 3952
f 3950 3949 3953
f 3955 3954 3958
f 3953 3952 3956
f 3953 3957 3958
f 3959 3958 3962
f 3957 3956 3960
f 3958 3957 3961
f 3962 3966 3967
f 3960 3964 3965
f 3961 3965 3966
f 3966 3970 3971
f 3965 3964 3968
f 3966 3965 3969
f 3970 3974 3975
f 3968 3972 3973
f 3969 3973 3974
f 3974 3978 3979
f 3973 3972 3976
f 3974 3973 3977
f 3979 3978 3982
f 3976 3980 3981
f 3977 3981 3982
f 3982 3986 3987
f 3981 3980 3984
f 3982 3981 3985
f 3987 3986 3990
f 3984 3988 3989
f 3985 3989 3990
f 3991 3990 3994
f 3989 3988 3992
f 3990 3989 3993
f 3995 3994 3998
f 3992 3996 3997
f 3993 3997 3998
f 3998 4002 4003
f 3997 3996 4000
f 3998 3997 4001
f 4002 4006 4007
f 4000 4004 4005
f 4001 4005 4006
f 4006 4010 4011
f 4005 4004 4008
f 4006 4005 4009
f 4011 4010 4014
f 4008 4012 4013
f 4009 4013 4014
f 4014 4018 4019
f 4013 4012 4016
f 4014 4013 4017
f 4019 4018 4022
f 4016 4020 4021
f 4017 4021 4022
f 4023 4022 4026
f 4021 4020 4024
f 4022 4021 4025
f 4027 4026 4030
f 4024 4028 4029
f 4025 4029 4030
f 4031 4030 4034
f 4029 4028 4032
f 4030 4029 4033
f 4034 4038 4039
f 4032 4036 4037
f 4033 4037 4038
f 4038 4042 4043
f 4037 4036 4040
f 4038 4037 4041
f 4043 4042 4046
f 4040 4044 4045
f 4041 4045 4046
f 4046 4050 4051
f 4045 4044 4048
f 4046 4045 4049
f 4051 4050 4055
f 4048 4053 4054
f 4049 4054 4055
f 4056 4055 4059
f 4053 4057 4058
f 4055 4054 4058
f 4060 4059 3934
f 4058 4057 3932
f 4058 3933 3934
f 4069 4068 4081
f 4066 4079 4080
f 4065 4064 4077
f 4063 4062 4075
f 4071 4084 4085
f 4069 4082 4083
f 4067 4080 4081
f 4066 4065 4078
f 4063 4076 4077
f 4061 4074 4075
f 4072 4085 4086
f 4071 4070 4083
f 4076 4089 4090
f 4074 4087 4088
f 4086 4085 4098
f 4083 4096 4097
f 4082 4081 4094
f 4079 4092 4093
f 4078 4077 4090
f 4076 4075 4088
f 4085 4084 4097
f 4082 4095 4096
f 4080 4093 4094
f 4079 4078 4091
f 4089 4102 4103
f 4088 4087 4100
f 4098 4111 4112
f 4096 4109 4110
f 4095 4094 4107
f 4092 4105 4106
f 4090 4103 4104
f 4089 4088 4101
f 4097 4110 4111
f 4095 4108 4109
f 4094 4093 4106
f 4092 4091 4104
f 4103 4102 4115
f 4100 4113 4114
f 4112 4111 4124
f 4110 4109 4122
f 4107 4120 4121
f 4105 4118 4119
f 4103 4116 4117
f 4101 4114 4115
f 4110 4123 4124
f 4109 4108 4121
f 4107 4106 4119
f 4105 4104 4117
f 4115 4128 4129
f 4114 4113 4126
f 4124 4137 4138
f 4123 4122 4135
f 4120 4133 4134
f 4119 4118 4131
f 4117 4116 4129
f 4114 4127 4128
f 4124 4123 4136
f 4122 4121 4134
f 4119 4132 4133
f 4117 4130 4131
f 4129 4128 4141
f 4126 4139 4140
f 4138 4137 4150
f 4136 4135 4148
f 4133 4146 4147
f 4131 4144 4145
f 4130 4129 4142
f 4127 4140 4141
f 4137 4136 4149
f 4135 4134 4147
f 4132 4145 4146
f 4131 4130 4143
f 4142 4141 4154
f 4140 4139 4152
f 4150 4163 4164
f 4149 4148 4161
f 4146 4159 4160
f 4144 4157 4158
f 4142 4155 4156
f 4140 4153 4154
f 4149 4162 4163
f 4148 4147 4160
f 4146 4145 4158
f 4144 4143 4156
f 4155 4154 4167
f 4153 4152 4165
f 4163 4176 4177
f 4161 4174 4175
f 4159 4172 4173
f 4158 4157 4170
f 4155 4168 4169
f 4153 4166 4167
f 4163 4162 4175
f 4161 4160 4173
f 4159 4158 4171
f 4156 4169 4170
f 4167 4180 4181
f 4165 4178 4179
f 4176 4189 4190
f 4175 4174 4187
f 4173 4172 4185
f 4170 4183 4184
f 4169 4168 4181
f 4167 4166 4179
f 4175 4188 4189
f 4173 4186 4187
f 4171 4184 4185
f 4170 4169 4182
f 4180 4193 4194
f 4178 4191 4192
f 4190 4189 4202
f 4187 4200 4201
f 4186 4185 4198
f 4183 4196 4197
f 4182 4181 4194
f 4180 4179 4192
f 4189 4188 4201
f 4186 4199 4200
f 4184 4197 4198
f 4183 4182 4195
f 4193 4206 4207
f 4192 4191 4204
f 4202 4215 4216
f 4200 4213 4214
f 4199 4198 4211
f 4196 4209 4210
f 4194 4207 4208
f 4193 4192 4205
f 4201 4214 4215
f 4199 4212 4213
f 4198 4197 4210
f 4196 4195 4208
f 4207 4206 4219
f 4204 4217 4218
f 4216 4215 4228
f 4213 4226 4227
f 4211 4224 4225
f 4209 4222 4223
f 4207 4220 4221
f 4205 4218 4219
f 4214 4227 4228
f 4213 4212 4225
f 4211 4210 4223
f 4209 4208 4221
f 4219 4232 4233
f 4218 4217 4230
f 4228 4241 4242
f 4226 4239 4240
f 4225 4224 4237
f 4223 4222 4235
f 4221 4220 4233
f 4218 4231 4232
f 4228 4227 4240
f 4226 4225 4238
f 4223 4236 4237
f 4221 4234 4235
f 4233 4232 4245
f 4230 4243 4244
f 4242 4241 4254
f 4240 4239 4252
f 4237 4250 4251
f 4235 4248 4249
f 4234 4233 4246
f 4231 4244 4245
f 4241 4240 4253
f 4239 4238 4251
f 4236 4249 4250
f 4235 4234 4247
f 4246 4245 4258
f 4244 4243 4256
f 4254 4267 4268
f 4253 4252 4265
f 4250 4263 4264
f 4248 4261 4262
f 4246 4259 4260
f 4244 4257 4258
f 4253 4266 4267
f 4252 4251 4264
f 4250 4249 4262
f 4248 4247 4260
f 4259 4258 4271
f 4257 4256 4269
f 4267 4280 4281
f 4265 4278 4279
f 4263 4276 4277
f 4262 4261 4274
f 4259 4272 4273
f 4257 4270 4271
f 4266 4279 4280
f 4265 4264 4277
f 4263 4262 4275
f 4260 4273 4274
f 4271 4284 4285
f 4269 4282 4283
f 4281 4280 4293
f 4279 4278 4291
f 4277 4276 4289
f 4274 4287 4288
f 4273 4272 4285
f 4271 4270 4283
f 4280 4279 4292
f 4277 4290 4291
f 4275 4288 4289
f 4274 4273 4286
f 4284 4297 4298
f 4282 4295 4296
f 4294 4293 4306
f 4291 4304 4305
f 4290 4289 4302
f 4287 4300 4301
f 4286 4285 4298
f 4284 4283 4296
f 4293 4292 4305
f 4290 4303 4304
f 4288 4301 4302
f 4287 4286 4299
f 4297 4310 4311
f 4296 4295 4308
f 4306 4319 4320
f 4304 4317 4318
f 4303 4302 4315
f 4300 4313 4314
f 4298 4311 4312
f 4297 4296 4309
f 4305 4318 4319
f 4304 4303 4316
f 4302 4301 4314
f 4300 4299 4312
f 4310 4323 4324
f 4308 4321 4322
f 4320 4319 4332
f 4318 4317 4330
f 4316 4315 4328
f 4313 4326 4327
f 4311 4324 4325
f 4310 4309 4322
f 4318 4331 4332
f 4316 4329 4330
f 4315 4314 4327
f 4312 4325 4326
f 4323 4336 4337
f 4322 4321 4334
f 4332 4345 4346
f 4330 4343 4344
f 4329 4328 4341
f 4327 4326 4339
f 4325 4324 4337
f 4322 4335 4336
f 4332 4331 4344
f 4330 4329 4342
f 4327 4340 4341
f 4325 4338 4339
f 4337 4336 4350
f 4334 4348 4349
f 4346 4345 4359
f 4344 4343 4357
f 4341 4355 4356
f 4340 4339 4353
f 4338 4337 4351
f 4335 4349 4350
f 4345 4344 4358
f 4343 4342 4356
f 4340 4354 4355
f 4338 4352 4353
f 4351 4350 4363
f 4349 4348 4361
f 4359 4372 4373
f 4358 4357 4370
f 4355 4368 4369
f 4354 4353 4366
f 4351 4364 4365
f 4349 4362 4363
f 4358 4371 4372
f 4357 4356 4369
f 4355 4354 4367
f 4352 4365 4366
f 4364 4363 4376
f 4362 4361 4374
f 4373 4372 4385
f 4370 4383 4384
f 4368 4381 4382
f 4367 4366 4379
f 4364 4377 4378
f 4362 4375 4376
f 4372 4371 4384
f 4370 4369 4382
f 4368 4367 4380
f 4365 4378 4379
f 4376 4389 4390
f 4374 4387 4388
f 4385 4398 4399
f 4384 4383 4396
f 4382 4381 4394
f 4379 4392 4393
f 4378 4377 4390
f 4376 4375 4388
f 4384 4397 4398
f 4382 4395 4396
f 4380 4393 4394
f 4379 4378 4391
f 4389 4402 4403
f 4387 4400 4401
f 4399 4398 4411
f 4396 4409 4410
f 4395 4394 4407
f 4393 4392 4405
f 4391 4390 4403
f 4389 4388 4401
f 4398 4397 4410
f 4395 4408 4409
f 4393 4406 4407
f 4391 4404 4405
f 4402 4415 4416
f 4401 4400 4413
f 4411 4424 4425
f 4409 4422 4423
f 4408 4407 4420
f 4406 4405 4418
f 4403 4416 4417
f 4402 4401 4414
f 4410 4423 4424
f 4408 4421 4422
f 4407 4406 4419
f 4404 4417 4418
f 4416 4415 4428
f 4413 4426 4427
f 4425 4424 4437
f 4423 4422 4435
f 4421 4420 4433
f 4418 4431 4432
f 4416 4429 4430
f 4415 4414 4427
f 4423 4436 4437
f 4421 4434 4435
f 4420 4419 4432
f 4418 4417 4430
f 4428 4441 4442
f 4426 4439 4440
f 4437 4450 4451
f 4435 4448 4449
f 4434 4433 4446
f 4432 4431 4444
f 4430 4429 4442
f 4427 4440 4441
f 4437 4436 4449
f 4435 4434 4447
f 4432 4445 4446
f 4430 4443 4444
f 4442 4441 4454
f 4439 4452 4453
f 4451 4450 4463
f 4449 4448 4461
f 4446 4459 4460
f 4444 4457 4458
f 4443 4442 4455
f 4440 4453 4454
f 4450 4449 4462
f 4447 4460 4461
f 4445 4458 4459
f 4444 4443 4456
f 4455 4454 4467
f 4453 4452 4465
f 4463 4476 4477
f 4462 4461 4474
f 4459 4472 4473
f 4457 4470 4471
f 4455 4468 4469
f 4453 4466 4467
f 4462 4475 4476
f 4461 4460 4473
f 4459 4458 4471
f 4457 4456 4469
f 4468 4467 4063
f 4466 4465 4061
f 4477 4476 4072
f 4474 4070 4071
f 4472 4068 4069
f 4471 4470 4066
f 4468 4064 4065
f 4466 4062 4063
f 4476 4475 4071
f 4474 4473 4069
f 4472 4471 4067
f 4469 4065 4066
f 3935 4061 4465
f 4465 4452 4056
f 4452 4439 4051
f 4439 4426 4047
f 4047 4426 4413
f 4043 4413 4400
f 4039 4400 4387
f 4387 4374 4031
f 4031 4374 4361
f 4361 4348 4023
f 4348 4334 4019
f 4334 4321 4015
f 4015 4321 4308
f 4011 4308 4295
f 4007 4295 4282
f 4282 4269 3999
f 3999 4269 4256
f 4256 4243 3991
f 4243 4230 3987
f 4230 4217 3983
f 3983 4217 4204
f 3979 4204 4191
f 3975 4191 4178
f 4178 4165 3967
f 3967 4165 4152
f 4152 4139 3959
f 4139 4126 3955
f 4126 4113 3951
f 3951 4113 4100
f 3947 4100 4087
f 3943 4087 4074
f 4074 4061 3935
f 4480 4479 4483
f 4480 4484 4485
f 4479 4478 4482
f 4484 4488 4489
f 4482 4486 4487
f 4483 4487 4488
f 4488 4492 4493
f 4487 4486 4490
f 4488 4487 4491
f 4493 4492 4496
f 4490 4494 4495
f 4491 4495 4496
f 4496 4500 4501
f 4495 4494 4498
f 4496 4495 4499
f 4501 4500 4504
f 4498 4502 4503
f 4499 4503 4504
f 4505 4504 4508
f 4503 4502 4506
f 4504 4503 4507
f 4509 4508 4512
f 4506 4510 4511
f 4507 4511 4512
f 4513 4512 4516
f 4511 4510 4514
f 4512 4511 4515
f 4516 4520 4521
f 4514 4518 4519
f 4515 4519 4520
f 4520 4524 4525
f 4518 4522 4523
f 4520 4519 4523
f 4525 4524 4528
f 4522 4526 4527
f 4523 4527 4528
f 4528 4532 4533
f 4527 4526 4530
f 4528 4527 4531
f 4533 4532 4536
f 4530 4534 4535
f 4531 4535 4536
f 4537 4536 4540
f 4534 4538 4539
f 4536 4535 4539
f 4541 4540 4544
f 4539 4538 4542
f 4539 4543 4544
f 4544 4548 4549
f 4542 4546 4547
f 4544 4543 4547
f 4548 4552 4553
f 4547 4546 4550
f 4547 4551 4552
f 4552 4556 4557
f 4551 4550 4554
f 4552 4551 4555
f 4557 4556 4560
f 4554 4558 4559
f 4555 4559 4560
f 4560 4564 4565
f 4559 4558 4562
f 4560 4559 4563
f 4565 4564 4568
f 4562 4566 4567
f 4563 4567 4568
f 4569 4568 4572
f 4567 4566 4570
f 4568 4567 4571
f 4572 4576 4577
f 4570 4574 4575
f 4571 4575 4576
f 4576 4580 4581
f 4575 4574 4578
f 4576 4575 4579
f 4580 4584 4585
f 4578 4582 4583
f 4579 4583 4584
f 4584 4588 4589
f 4583 4582 4586
f 4584 4583 4587
f 4589 4588 4592
f 4586 4590 4591
f 4587 4591 4592
f 4592 4596 4597
f 4591 4590 4594
f 4592 4591 4595
f 4597 4596 4601
f 4594 4599 4600
f 4595 4600 4601
f 4602 4601 4605
f 4600 4599 4603
f 4601 4600 4604
f 4606 4605 4480
f 4603 4478 4479
f 4604 4479 4480
f 4615 4614 4627
f 4612 4625 4626
f 4611 4610 4623
f 4609 4608 4621
f 4618 4617 4630
f 4615 4628 4629
f 4613 4626 4627
f 4612 4611 4624
f 4609 4622 4623
f 4607 4620 4621
f 4619 4618 4631
f 4617 4616 4629
f 4622 4635 4636
f 4620 4633 4634
f 4632 4631 4644
f 4629 4642 4643
f 4628 4627 4640
f 4626 4625 4638
f 4624 4623 4636
f 4622 4621 4634
f 4631 4630 4643
f 4628 4641 4642
f 4626 4639 4640
f 4624 4637 4638
f 4635 4648 4649
f 4634 4633 4646
f 4644 4657 4658
f 4642 4655 4656
f 4641 4640 4653
f 4639 4638 4651
f 4636 4649 4650
f 4635 4634 4647
f 4643 4656 4657
f 4642 4641 4654
f 4640 4639 4652
f 4637 4650 4651
f 4648 4661 4662
f 4646 4659 4660
f 4658 4657 4670
f 4656 4655 4668
f 4653 4666 4667
f 4651 4664 4665
f 4649 4662 4663
f 4648 4647 4660
f 4656 4669 4670
f 4654 4667 4668
f 4653 4652 4665
f 4651 4650 4663
f 4661 4674 4675
f 4660 4659 4672
f 4670 4683 4684
f 4668 4681 4682
f 4667 4666 4679
f 4665 4664 4677
f 4663 4662 4675
f 4661 4660 4673
f 4670 4669 4682
f 4667 4680 4681
f 4665 4678 4679
f 4663 4676 4677
f 4675 4674 4687
f 4672 4685 4686
f 4684 4683 4696
f 4682 4681 4694
f 4679 4692 4693
f 4678 4677 4690
f 4676 4675 4688
f 4673 4686 4687
f 4683 4682 4695
f 4681 4680 4693
f 4678 4691 4692
f 4676 4689 4690
f 4688 4687 4700
f 4686 4685 4698
f 4696 4709 4710
f 4695 4694 4707
f 4692 4705 4706
f 4691 4690 4703
f 4688 4701 4702
f 4686 4699 4700
f 4695 4708 4709
f 4694 4693 4706
f 4692 4691 4704
f 4689 4702 4703
f 4701 4700 4713
f 4699 4698 4711
f 4710 4709 4722
f 4707 4720 4721
f 4705 4718 4719
f 4704 4703 4716
f 4701 4714 4715
f 4699 4712 4713
f 4709 4708 4721
f 4707 4706 4719
f 4705 4704 4717
f 4702 4715 4716
f 4713 4726 4727
f 4711 4724 4725
f 4723 4722 4735
f 4721 4720 4733
f 4719 4718 4731
f 4716 4729 4730
f 4715 4714 4727
f 4713 4712 4725
f 4721 4734 4735
f 4719 4732 4733
f 4717 4730 4731
f 4716 4715 4728
f 4726 4739 4740
f 4724 4737 4738
f 4736 4735 4748
f 4733 4746 4747
f 4732 4731 4744
f 4730 4729 4742
f 4728 4727 4740
f 4726 4725 4738
f 4735 4734 4747
f 4732 4745 4746
f 4730 4743 4744
f 4728 4741 4742
f 4739 4752 4753
f 4738 4737 4750
f 4748 4761 4762
f 4746 4759 4760
f 4745 4744 4757
f 4743 4742 4755
f 4740 4753 4754
f 4739 4738 4751
f 4747 4760 4761
f 4745 4758 4759
f 4744 4743 4756
f 4741 4754 4755
f 4753 4752 4765
f 4750 4763 4764
f 4762 4761 4774
f 4759 4772 4773
f 4758 4757 4770
f 4755 4768 4769
f 4753 4766 4767
f 4752 4751 4764
f 4760 4773 4774
f 4758 4771 4772
f 4757 4756 4769
f 4755 4754 4767
f 4765 4778 4779
f 4764 4763 4776
f 4774 4787 4788
f 4772 4785 4786
f 4771 4770 4783
f 4769 4768 4781
f 4767 4766 4779
f 4765 4764 4777
f 4774 4773 4786
f 4771 4784 4785
f 4769 4782 4783
f 4767 4780 4781
f 4779 4778 4791
f 4776 4789 4790
f 4788 4787 4800
f 4786 4785 4798
f 4783 4796 4797
f 4782 4781 4794
f 4780 4779 4792
f 4777 4790 4791
f 4787 4786 4799
f 4785 4784 4797
f 4782 4795 4796
f 4780 4793 4794
f 4792 4791 4804
f 4790 4789 4802
f 4800 4813 4814
f 4799 4798 4811
f 4796 4809 4810
f 4795 4794 4807
f 4792 4805 4806
f 4790 4803 4804
f 4799 4812 4813
f 4798 4797 4810
f 4796 4795 4808
f 4793 4806 4807
f 4805 4804 4817
f 4803 4802 4815
f 4814 4813 4826
f 4811 4824 4825
f 4809 4822 4823
f 4808 4807 4820
f 4805 4818 4819
f 4803 4816 4817
f 4813 4812 4825
f 4811 4810 4823
f 4809 4808 4821
f 4806 4819 4820
f 4817 4830 4831
f 4815 4828 4829
f 4826 4839 4840
f 4825 4824 4837
f 4823 4822 4835
f 4820 4833 4834
f 4819 4818 4831
f 4817 4816 4829
f 4825 4838 4839
f 4823 4836 4837
f 4821 4834 4835
f 4820 4819 4832
f 4830 4843 4844
f 4828 4841 4842
f 4840 4839 4852
f 4837 4850 4851
f 4836 4835 4848
f 4834 4833 4846
f 4832 4831 4844
f 4830 4829 4842
f 4839 4838 4851
f 4836 4849 4850
f 4834 4847 4848
f 4832 4845 4846
f 4843 4856 4857
f 4842 4841 4854
f 4852 4865 4866
f 4850 4863 4864
f 4849 4848 4861
f 4847 4846 4859
f 4844 4857 4858
f 4843 4842 4855
f 4851 4864 4865
f 4849 4862 4863
f 4848 4847 4860
f 4845 4858 4859
f 4857 4856 4869
f 4855 4854 4867
f 4866 4865 4878
f 4864 4863 4876
f 4862 4861 4874
f 4859 4872 4873
f 4857 4870 4871
f 4856 4855 4868
f 4864 4877 4878
f 4862 4875 4876
f 4861 4860 4873
f 4859 4858 4871
f 4869 4882 4883
f 4868 4867 4880
f 4878 4891 4892
f 4877 4876 4889
f 4874 4887 4888
f 4873 4872 4885
f 4871 4870 4883
f 4868 4881 4882
f 4878 4877 4890
f 4876 4875 4888
f 4873 4886 4887
f 4871 4884 4885
f 4883 4882 4896
f 4880 4894 4895
f 4892 4891 4905
f 4890 4889 4903
f 4887 4901 4902
f 4885 4899 4900
f 4884 4883 4897
f 4881 4895 4896
f 4891 4890 4904
f 4889 4888 4902
f 4886 4900 4901
f 4885 4884 4898
f 4897 4896 4909
f 4895 4894 4907
f 4905 4918 4919
f 4904 4903 4916
f 4901 4914 4915
f 4899 4912 4913
f 4897 4910 4911
f 4895 4908 4909
f 4904 4917 4918
f 4903 4902 4915
f 4901 4900 4913
f 4899 4898 4911
f 4910 4909 4922
f 4908 4907 4920
f 4919 4918 4931
f 4916 4929 4930
f 4914 4927 4928
f 4913 4912 4925
f 4910 4923 4924
f 4908 4921 4922
f 4918 4917 4930
f 4916 4915 4928
f 4914 4913 4926
f 4911 4924 4925
f 4922 4935 4936
f 4920 4933 4934
f 4931 4944 4945
f 4930 4929 4942
f 4928 4927 4940
f 4925 4938 4939
f 4924 4923 4936
f 4922 4921 4934
f 4930 4943 4944
f 4928 4941 4942
f 4926 4939 4940
f 4925 4924 4937
f 4935 4948 4949
f 4933 4946 4947
f 4945 4944 4957
f 4942 4955 4956
f 4941 4940 4953
f 4938 4951 4952
f 4937 4936 4949
f 4935 4934 4947
f 4944 4943 4956
f 4941 4954 4955
f 4939 4952 4953
f 4938 4937 4950
f 4948 4961 4962
f 4947 4946 4959
f 4957 4970 4971
f 4955 4968 4969
f 4954 4953 4966
f 4951 4964 4965
f 4949 4962 4963
f 4948 4947 4960
f 4956 4969 4970
f 4954 4967 4968
f 4953 4952 4965
f 4951 4950 4963
f 4962 4961 4974
f 4959 4972 4973
f 4971 4970 4983
f 4968 4981 4982
f 4966 4979 4980
f 4964 4977 4978
f 4962 4975 4976
f 4960 4973 4974
f 4969 4982 4983
f 4967 4980 4981
f 4966 4965 4978
f 4964 4963 4976
f 4975 4974 4987
f 4973 4972 4985
f 4983 4996 4997
f 4981 4994 4995
f 4979 4992 4993
f 4978 4977 4990
f 4976 4975 4988
f 4973 4986 4987
f 4983 4982 4995
f 4981 4980 4993
f 4978 4991 4992
f 4976 4989 4990
f 4988 4987 5000
f 4985 4998 4999
f 4997 4996 5009
f 4995 4994 5007
f 4992 5005 5006
f 4991 4990 5003
f 4989 4988 5001
f 4986 4999 5000
f 4996 4995 5008
f 4994 4993 5006
f 4991 5004 5005
f 4989 5002 5003
f 5001 5000 5013
f 4999 4998 5011
f 5009 5022 5023
f 5008 5007 5020
f 5005 5018 5019
f 5004 5003 5016
f 5001 5014 5015
f 4999 5012 5013
f 5008 5021 5022
f 5007 5006 5019
f 5005 5004 5017
f 5002 5015 5016
f 5014 5013 4609
f 5012 5011 4607
f 5022 4618 4619
f 5020 4616 4617
f 5018 4614 4615
f 5017 5016 4612
f 5014 4610 4611
f 5012 4608 4609
f 5021 4617 4618
f 5020 5019 4615
f 5018 5017 4613
f 5015 4611 4612
f 4481 4607 5011
f 5011 4998 4602
f 4998 4985 4597
f 4985 4972 4593
f 4593 4972 4959
f 4589 4959 4946
f 4585 4946 4933
f 4933 4920 4577
f 4577 4920 4907
f 4907 4894 4569
f 4894 4880 4565
f 4880 4867 4561
f 4561 4867 4854
f 4557 4854 4841
f 4553 4841 4828
f 4828 4815 4545
f 4545 4815 4802
f 4802 4789 4537
f 4789 4776 4533
f 4776 4763 4529
f 4529 4763 4750
f 4525 4750 4737
f 4521 4737 4724
f 4724 4711 4513
f 4513 4711 4698
f 4698 4685 4505
f 4685 4672 4501
f 4672 4659 4497
f 4497 4659 4646
f 4493 4646 4633
f 4489 4633 4620
f 4620 4607 4481
