v 0.05456041544675827 -0.014126929454505444 -0.024281177669763565
v 0.058240845799446106 -0.015051893889904022 -0.023380495607852936
v 0.05869537591934204 -0.013665981590747833 -0.02272234670817852
v 0.05518019199371338 -0.013170062564313412 -0.02381005510687828
v 0.06487657874822617 -0.011656086891889572 -0.032686296850442886
v 0.06576196849346161 -0.009081417694687843 -0.027600068598985672
v 0.06513208895921707 -0.006939029321074486 -0.02620052918791771
v 0.06466715782880783 -0.006377237383276224 -0.029032837599515915
v 0.016670171171426773 -0.03934643417596817 -0.0919235497713089
v 0.00175581406801939 -0.039531461894512177 -0.09533654898405075
v 0.0027041565626859665 -0.05096687376499176 -0.09526878595352173
v 0.01683679223060608 -0.05382690951228142 -0.09122011810541153
v 0.03932822495698929 -0.07878051698207855 -0.07893889397382736
v 0.033019136637449265 -0.0702538713812828 -0.08207017183303833
v 0.03146132081747055 -0.08152799308300018 -0.0882815569639206
v 0.041526757180690765 -0.08627308160066605 -0.08035387843847275
v 0.030586428940296173 0.019219977781176567 0.0766742005944252
v 0.03764555603265762 0.019739216193556786 0.07064163684844971
v 0.037137120962142944 0.013183800503611565 0.07290343195199966
v -0.07212710380554199 -0.02467511221766472 -0.021861625835299492
v -0.07554201781749725 -0.02623146027326584 -0.02064715512096882
v -0.07621146738529205 -0.02496342360973358 -0.02001749351620674
v -0.07272113114595413 -0.02376411482691765 -0.02140943706035614
v -0.08318115025758743 -0.0237235389649868 -0.02989598736166954
v -0.0843641459941864 -0.021407630294561386 -0.024671202525496483
v -0.08395351469516754 -0.019223855808377266 -0.023303231224417686
v -0.08368440717458725 -0.018517663702368736 -0.02622515708208084
v 0.030292188748717308 0.012390706688165665 0.07745085656642914
v 0.07903103530406952 0.013294301927089691 -0.03687324374914169
v 0.0792778730392456 0.01114180963486433 -0.038617148995399475
v 0.0801663026213646 0.009067527018487453 -0.037347953766584396
v 0.07977044582366943 0.010778368450701237 -0.035454630851745605
v 0.07668155431747437 -0.0038820086047053337 -0.04032937437295914
v 0.07639384269714355 0.003203705884516239 -0.039662107825279236
v 0.07738699018955231 0.005806862376630306 -0.03963471204042435
v 0.07777208089828491 0.0035457294434309006 -0.03946106508374214
v 0.07730360329151154 -0.014436421915888786 -0.039963867515325546
v 0.07592979818582535 -0.013909175992012024 -0.03957230597734451
v 0.07690872251987457 -0.009108470752835274 -0.040198709815740585
v 0.078535296022892 -0.009278200566768646 -0.040841832756996155
v 0.06667020916938782 -0.040287576615810394 -0.021031009033322334
v 0.06896637380123138 -0.036695025861263275 -0.022883396595716476
v 0.06924349814653397 -0.03949576988816261 -0.02500814013183117
v 0.06502141803503036 -0.04176610708236694 -0.023496579378843307
v 0.061714254319667816 -0.039930928498506546 -0.024132627993822098
v 0.06582561880350113 -0.039294056594371796 -0.02865716628730297
v 0.06506945192813873 -0.035643674433231354 -0.029015548527240753
v 0.06167251989245415 -0.036484818905591965 -0.02575143426656723
v 0.07451936602592468 0.019005348905920982 -0.02238374762237072
v 0.07531256228685379 0.015264410525560379 -0.02238786406815052
v 0.07438867539167404 0.013629875145852566 -0.020560231059789658
v 0.07337836921215057 0.017211968079209328 -0.020281296223402023
v 0.06127021461725235 -0.009677809663116932 -0.038446374237537384
v 0.06016102433204651 -0.016355369240045547 -0.03839736431837082
v 0.06578914821147919 -0.010894031263887882 -0.03984730690717697
v 0.06612566858530045 -0.0081948796287179 -0.03932639956474304
v 0.07460282742977142 0.010686631314456463 -0.029892129823565483
v 0.07438605278730392 0.011948695406317711 -0.03269550949335098
v 0.07483777403831482 0.010310652665793896 -0.03442855179309845
v 0.07453443109989166 0.008569400757551193 -0.03250344097614288
v 0.0758139044046402 0.014782749116420746 -0.037357039749622345
v 0.07609280943870544 0.012337087653577328 -0.03929353877902031
v 0.06446962058544159 -0.031147126108407974 -0.018290434032678604
v 0.0634399875998497 -0.0280153825879097 -0.016701605170965195
v 0.06369643658399582 -0.026255661621689796 -0.017624465748667717
v 0.06385283172130585 -0.02694880962371826 -0.019454946741461754
v 0.06459320336580276 -0.012402506545186043 -0.029459651559591293
v 0.06583238393068314 -0.008394120261073112 -0.025984827429056168
v 0.07513272762298584 -0.026155509054660797 -0.03774182125926018
v 0.07467669248580933 -0.024414341896772385 -0.03630097582936287
v 0.07641231268644333 -0.019597049802541733 -0.03842708095908165
v 0.07663948088884354 -0.020688723772764206 -0.04019862785935402
v 0.07131976634263992 -0.02284327521920204 -0.03383221849799156
v 0.07325169444084167 -0.01917806640267372 -0.03638552129268646
v 0.07407086342573166 -0.018028762191534042 -0.0379297211766243
v 0.07348596304655075 -0.020677730441093445 -0.036463383585214615
v 0.07562795281410217 0.013495270162820816 -0.030683215707540512
v 0.07452340424060822 0.014595421962440014 -0.02541939541697502
v 0.07607640326023102 0.013424858450889587 -0.024521926417946815
v 0.07758349925279617 0.012368826195597649 -0.02905580960214138
v 0.06743348389863968 0.0028927065432071686 -0.03611103445291519
v 0.06575992703437805 0.0070848623290658 -0.03297734633088112
v 0.06466183066368103 0.006398862227797508 -0.03311812877655029
v 0.06595562398433685 0.002782636322081089 -0.0359332412481308
v 0.07600972056388855 0.0118492990732193 -0.03566386550664902
v 0.07651058584451675 0.010039642453193665 -0.03739670291543007
v 0.07534117251634598 0.008425084874033928 -0.03637094423174858
v 0.06731860339641571 0.005053534172475338 -0.019430048763751984
v 0.06874430179595947 0.006673351861536503 -0.02115367166697979
v 0.06892017275094986 0.005338379181921482 -0.022395161911845207
v 0.06873032450675964 0.004012788645923138 -0.021909888833761215
v 0.0687694102525711 -0.03965511545538902 -0.028601540252566338
v 0.060089655220508575 -0.026201296597719193 -0.033971820026636124
v 0.06165451556444168 -0.025377340614795685 -0.03559515252709389
v 0.06387274712324142 -0.020533431321382523 -0.03752761706709862
v 0.06205367296934128 -0.019365889951586723 -0.037569206207990646
v 0.062049973756074905 -0.03899707272648811 -0.018379515036940575
v 0.06525397300720215 -0.0384567528963089 -0.018741779029369354
v 0.06583855301141739 -0.03940996527671814 -0.01997828669846058
v 0.06280007213354111 -0.04082576930522919 -0.0204322449862957
v 0.06939131021499634 0.009988846257328987 -0.02067503333091736
v 0.0713651180267334 0.009784068912267685 -0.022608906030654907
v 0.06974399089813232 0.008783931843936443 -0.022258270531892776
v 0.06854468584060669 0.008858001790940762 -0.020769592374563217
v 0.07545819133520126 0.001067131757736206 -0.03854185715317726
v 0.07480362057685852 0.006562943570315838 -0.03479703888297081
v 0.07553675025701523 -0.00873431097716093 -0.03600454330444336
v 0.07546206563711166 -0.007800494786351919 -0.03861146420240402
v 0.07537643611431122 -0.01210468728095293 -0.038055166602134705
v -0.038300298154354095 -0.04421999305486679 -0.08987174183130264
v -0.023957863450050354 -0.04177417606115341 -0.09434974193572998
v -0.02281685173511505 -0.053251903504133224 -0.09432614594697952
v -0.035781171172857285 -0.058578770607709885 -0.08928719162940979
v 0.07486792653799057 -0.012811931781470776 -0.03569747135043144
v 0.07523466646671295 -0.0011854548938572407 -0.033913902938365936
v 0.0751766562461853 -0.0003775041550397873 -0.03703803941607475
v 0.07808157801628113 0.007887989282608032 -0.03614947572350502
v 0.07849596440792084 0.0025864578783512115 -0.0384998619556427
v 0.07742418348789215 0.00867921207100153 -0.0368306040763855
v 0.06371268630027771 0.009362546727061272 -0.030025305226445198
v 0.06365836411714554 0.013382303528487682 -0.033454880118370056
v 0.06255242228507996 0.0078439274802804 -0.03658890351653099
v 0.06370004266500473 0.0074650682508945465 -0.03223852813243866
v 0.06409674882888794 -0.022335730493068695 -0.01689140871167183
v 0.06495311111211777 -0.019815899431705475 -0.017714865505695343
v 0.06335971504449844 -0.02159215323626995 -0.01993371732532978
v 0.06262993812561035 -0.0242767296731472 -0.01996516063809395
v 0.06496032327413559 -0.02288738079369068 -0.03692164272069931
v 0.06268671154975891 -0.026575185358524323 -0.035137150436639786
v 0.06342866271734238 -0.027380503714084625 -0.034683581441640854
v 0.06579650938510895 -0.024812059476971626 -0.035937339067459106
v 0.07322950661182404 0.010978407226502895 -0.024334130808711052
v 0.07365124672651291 0.007278247736394405 -0.026560969650745392
v 0.07225064933300018 0.006877640262246132 -0.02527621202170849
v 0.06768465787172318 -0.023825354874134064 -0.026449128985404968
v 0.06774000823497772 -0.022154465317726135 -0.028174616396427155
v 0.06930068135261536 -0.024441620334982872 -0.029963767156004906
v 0.06941381841897964 -0.026833277195692062 -0.028538336977362633
v 0.07235872745513916 -0.03416450694203377 -0.03335550054907799
v 0.06956151872873306 -0.03435099124908447 -0.034152284264564514
v 0.06773779541254044 -0.03721582144498825 -0.03123312070965767
v 0.07066972553730011 -0.037257786840200424 -0.031035900115966797
v 0.06347688287496567 -0.025455161929130554 -0.01972913183271885
v 0.06369490921497345 -0.024823877960443497 -0.017475677654147148
v 0.06945104151964188 0.0036285948008298874 -0.03775095194578171
v 0.06812497228384018 0.008636822924017906 -0.03379750996828079
v 0.0745476707816124 0.006770089268684387 -0.030865978449583054
v 0.07479768246412277 0.004991539753973484 -0.032967548817396164
v 0.06533187627792358 -0.008867477998137474 -0.018772654235363007
v 0.06355977803468704 -0.008237212896347046 -0.02031276933848858
v 0.06393294036388397 -0.009021253325045109 -0.02044411562383175
v 0.06616416573524475 -0.010248086415231228 -0.018926100805401802
v 0.06543806195259094 -0.009543849155306816 -0.01743078976869583
v 0.0660632848739624 -0.011052703484892845 -0.017686210572719574
v 0.06541404128074646 -0.011315706185996532 -0.016894569620490074
v 0.06501353532075882 -0.010579466819763184 -0.016527114436030388
v 0.06281407922506332 -0.008032183162868023 -0.020715078338980675
v 0.06324803829193115 -0.008298536762595177 -0.0205385759472847
v 0.06337495893239975 -0.007789579685777426 -0.020464753732085228
v 0.06627600640058517 -0.003061512019485235 -0.030708637088537216
v 0.06610413640737534 -0.009598040953278542 -0.03428571671247482
v 0.06566530466079712 -0.01093773078173399 -0.034588951617479324
v 0.06707648932933807 -0.005817363038659096 -0.0309364665299654
v 0.07583882659673691 -0.006447596941143274 -0.0398603193461895
v 0.0715256854891777 0.01287840399891138 -0.017038630321621895
v 0.07040727138519287 0.015521036460995674 -0.01636432856321335
v 0.07228942215442657 0.01908572018146515 -0.019637268036603928
v 0.061903215944767 -0.020559409633278847 -0.029741164296865463
v 0.06537922471761703 -0.02060209959745407 -0.02757187932729721
v 0.0650307908654213 -0.021125279366970062 -0.025959178805351257
v 0.06251397728919983 -0.021046241745352745 -0.028072204440832138
v 0.06385349482297897 -0.017018692567944527 -0.021722251549363136
v 0.06175176426768303 -0.020184215158224106 -0.022247090935707092
v 0.06521561741828918 -0.018885372206568718 -0.020091356709599495
v 0.06516106426715851 -0.0040964400395751 -0.015895552933216095
v 0.06470837444067001 -0.007214732002466917 -0.019265346229076385
v 0.06486368179321289 -0.0082780160009861 -0.018236422911286354
v 0.06490296125411987 -0.008230519481003284 -0.01691492274403572
v 0.07741694152355194 -0.014823498204350471 -0.04150356352329254
v 0.07814114540815353 -0.009166983887553215 -0.0424373485147953
v 0.07639097422361374 -0.00905309896916151 -0.04381876438856125
v 0.07580406963825226 -0.015087898820638657 -0.0430070161819458
v 0.06321001052856445 -0.035281408578157425 -0.016632521525025368
v 0.05834724009037018 -0.03677252680063248 -0.02022138051688671
v 0.06183353811502457 -0.03221569210290909 -0.016069088131189346
v 0.07736873626708984 0.018301891162991524 -0.030728284269571304
v 0.07517842203378677 0.01996516063809395 -0.030575910583138466
v 0.07543368637561798 0.01857416331768036 -0.03311053663492203
v 0.07807715982198715 0.016971278935670853 -0.033069875091314316
v 0.06449227780103683 -0.0015492383390665054 -0.023028863593935966
v 0.06425250321626663 -0.0035162819549441338 -0.023315949365496635
v 0.06475289911031723 -0.002707439474761486 -0.02176159992814064
v 0.06441176682710648 -0.0005634520202875137 -0.021292179822921753
v 0.040468163788318634 -0.02721688710153103 -0.07307812571525574
v 0.04960719496011734 -0.030528254806995392 -0.05498705804347992
v 0.052069030702114105 -0.015090543776750565 -0.06018875539302826
v 0.04411868378520012 -0.012528366409242153 -0.07549749314785004
v 0.0726899579167366 -0.031146608293056488 -0.031869325786828995
v 0.07233388721942902 -0.03386664018034935 -0.02987278439104557
v 0.06647758930921555 0.003107207827270031 -0.013162253424525261
v 0.06568168848752975 0.004535035230219364 -0.012035882100462914
v 0.0658828616142273 0.010339835658669472 -0.01270806510001421
v 0.06715910881757736 0.007342311553657055 -0.013334304094314575
v 0.07722941040992737 0.005529975518584251 -0.04258624091744423
v 0.07982075214385986 0.004731315188109875 -0.041654013097286224
v 0.06893960386514664 0.009794799610972404 -0.019125929102301598
v 0.07067666947841644 0.013094007037580013 -0.021374713629484177
v 0.06956706941127777 0.010724551044404507 -0.020760389044880867
v 0.06847462803125381 0.009080148302018642 -0.019520511850714684
v 0.069410540163517 0.0012101130560040474 -0.018092185258865356
v 0.06997150182723999 0.002502153627574444 -0.017829572781920433
v 0.06808067858219147 0.0032740533351898193 -0.0177554152905941
v 0.06718355417251587 0.001975403167307377 -0.01819477789103985
v 0.06471158564090729 0.009182787500321865 -0.01023032981902361
v 0.06526181846857071 0.014962436631321907 -0.012651454657316208
v 0.05807271599769592 -0.02669289894402027 -0.03357808291912079
v 0.06864772737026215 0.0024746116250753403 -0.015083816833794117
v 0.06913572549819946 0.005139211192727089 -0.014924219809472561
v 0.07043014466762543 0.004215087741613388 -0.01736489310860634
v -0.05224715545773506 -0.08727660775184631 -0.07559560984373093
v -0.04780586436390877 -0.07777836173772812 -0.07910645753145218
v -0.044925764203071594 -0.08860567957162857 -0.08545912057161331
v -0.053079187870025635 -0.09503082931041718 -0.07694663107395172
v 0.0625249594449997 -0.027638304978609085 -0.014609387144446373
v 0.06341186910867691 -0.025589078664779663 -0.016075996682047844
v 0.06813418120145798 0.008678355254232883 -0.019359678030014038
v 0.06755173206329346 0.007476102560758591 -0.019467316567897797
v 0.06666789948940277 0.003253408707678318 -0.018738921731710434
v 0.06740148365497589 0.002758275717496872 -0.02109186351299286
v 0.07117180526256561 -0.001717208418995142 -0.029705170542001724
v 0.07226186245679855 -0.009176762774586678 -0.033083170652389526
v 0.055980123579502106 -0.017369333654642105 -0.046375300735235214
v 0.054434504359960556 -0.03315138816833496 -0.03542569279670715
v 0.0669013112783432 0.0036746282130479813 -0.017887793481349945
v 0.06703919917345047 0.004264058545231819 -0.017940880730748177
v 0.0665542259812355 0.0034006452187895775 -0.017879797145724297
v 0.06609144806861877 0.002615729346871376 -0.018434274941682816
v 0.07145700603723526 -0.03633846342563629 -0.02789061889052391
v 0.07093257457017899 0.0037251049652695656 -0.02625127136707306
v 0.06846820563077927 0.0011827824637293816 -0.024627942591905594
v 0.06989968568086624 0.0031794672831892967 -0.024271609261631966
v 0.07859335839748383 -0.004946740344166756 -0.03990671783685684
v 0.07961499691009521 0.0023735417053103447 -0.0384376235306263
v 0.08087080717086792 0.00297472532838583 -0.03981835022568703
v 0.07980000972747803 -0.004726395942270756 -0.04112057015299797
v 0.05988762900233269 -0.039033204317092896 -0.022437434643507004
v 0.06406654417514801 -0.003987436182796955 -0.02477865293622017
v 0.06521745771169662 -0.005326283164322376 -0.02445269748568535
v 0.06603304296731949 0.0012014321982860565 -0.02170681767165661
v 0.06550077348947525 0.0017656795680522919 -0.018972018733620644
v 0.06341388076543808 -0.022760165855288506 -0.014914069324731827
v 0.07502354681491852 0.01457060407847166 -0.0321410596370697
v 0.07564455270767212 0.013387056067585945 -0.03383665159344673
v 0.07426737248897552 0.013129455968737602 -0.031164057552814484
v 0.07413657009601593 0.013850688003003597 -0.029460206627845764
v 0.07356083393096924 0.015696601942181587 -0.027382180094718933
v 0.07290720194578171 0.016220301389694214 -0.026762204244732857
v 0.07449614256620407 0.015636354684829712 -0.03015284426510334
v 0.06816723942756653 0.0021826745942234993 -0.0225075576454401
v 0.06926216185092926 0.0033846329897642136 -0.023090969771146774
v 0.06800545006990433 -0.02532089501619339 -0.02510577253997326
v 0.06944243609905243 -0.030642852187156677 -0.0263478122651577
v 0.07450751960277557 -0.016033144667744637 -0.03683728724718094
v 0.07347748428583145 -0.016043152660131454 -0.03432229906320572
v 0.07339102029800415 -0.0036319736391305923 -0.04307872802019119
v 0.072742760181427 0.004782131873071194 -0.04102008417248726
v 0.07111843675374985 0.004086372442543507 -0.03916914761066437
v 0.07216162979602814 -0.003783704247325659 -0.041739460080862045
v 0.06588556617498398 -0.002821896690875292 -0.038034286350011826
v 0.0622376874089241 -0.0022055739536881447 -0.03763970360159874
v 0.06465849280357361 -0.009894216433167458 -0.015840524807572365
v 0.06392192840576172 -0.006721231155097485 -0.013109766878187656
v 0.0648653656244278 0.00017258618026971817 -0.021140912547707558
v 0.06499997526407242 0.0015517491847276688 -0.019392650574445724
v 0.06847334653139114 -0.019702568650245667 -0.03905462101101875
v 0.06593459844589233 -0.028366204351186752 -0.03310190886259079
v 0.06909486651420593 -0.022150292992591858 -0.03770121932029724
v 0.06198137253522873 -0.02952815406024456 -0.031126610934734344
v 0.062002088874578476 -0.031013932079076767 -0.029096435755491257
v 0.06446483731269836 -0.030654557049274445 -0.03071725368499756
v 0.07099772989749908 -0.021168477833271027 -0.032621119171381
v 0.07282228022813797 -0.019196767359972 -0.03477749973535538
v 0.06340412050485611 -0.008325853385031223 -0.021402733400464058
v 0.06237233430147171 -0.00964607484638691 -0.0233510322868824
v 0.06159420683979988 -0.008536498062312603 -0.021152906119823456
v 0.07406068593263626 -0.0016322126612067223 -0.03174620494246483
v 0.07481194287538528 -0.008972948417067528 -0.034171074628829956
v 0.06940139085054398 0.004755483008921146 -0.017968717962503433
v 0.06719362735748291 -0.004685005638748407 -0.01952465996146202
v 0.06780408322811127 -0.0017658481374382973 -0.016951531171798706
v 0.07199177145957947 0.007893442176282406 -0.01769351027905941
v 0.07089561969041824 0.006488557904958725 -0.0182856023311615
v 0.07028653472661972 0.005516489036381245 -0.018147137016057968
v 0.07111549377441406 0.0059097399935126305 -0.017255889251828194
v 0.057450082153081894 -0.016985811293125153 -0.02482549659907818
v 0.05982733145356178 -0.018860865384340286 -0.023494062945246696
v 0.0613243542611599 -0.01596442610025406 -0.022269750013947487
v 0.07275060564279556 0.014868105761706829 -0.02446802891790867
v 0.07342740893363953 0.013411791063845158 -0.025851689279079437
v 0.0698428750038147 0.009585867635905743 -0.03510981798171997
v 0.06927040219306946 0.007146985270082951 -0.02196662873029709
v 0.06931520998477936 0.006042645312845707 -0.023346053436398506
v 0.06650980561971664 0.02037324383854866 -0.026700027287006378
v 0.06732147932052612 0.017081864178180695 -0.023614978417754173
v 0.06718677282333374 0.01699385792016983 -0.022192617878317833
v 0.06661667674779892 0.021649610251188278 -0.021648196503520012
v 0.06180969625711441 -0.03452608734369278 -0.026526648551225662
v 0.0642852634191513 -0.03350106254220009 -0.029153835028409958
v 0.06381116807460785 -0.032124899327754974 -0.029327891767024994
v 0.06204470619559288 -0.032688431441783905 -0.027483437210321426
v 0.06453929096460342 -0.021431082859635353 -0.025313913822174072
v 0.0625874400138855 -0.021451391279697418 -0.02712196670472622
v 0.0749354213476181 -0.013958478346467018 -0.03928624093532562
v 0.07460767775774002 -0.015111574903130531 -0.03847060352563858
v 0.07544388622045517 -0.010737265460193157 -0.039537474513053894
v 0.07539051026105881 -0.00910383090376854 -0.04012785106897354
v 0.06515711545944214 -8.25151801109314e-05 -0.026100121438503265
v 0.06489702314138412 -0.0013833250850439072 -0.025159407407045364
v 0.06609778851270676 0.012466476298868656 -0.02583502046763897
v 0.06825917214155197 0.014631573110818863 -0.026678625494241714
v 0.06835559010505676 0.015979599207639694 -0.023230576887726784
v 0.06662963330745697 0.014415647834539413 -0.02360852248966694
v 0.07144519686698914 0.010815611109137535 -0.03688583895564079
v 0.06939593702554703 0.004600318148732185 -0.02372601442039013
v 0.06967581808567047 0.00497667770832777 -0.024553244933485985
v 0.06925493478775024 0.004854113794863224 -0.023044174537062645
v 0.06638514995574951 0.0011015087366104126 -0.01864379458129406
v 0.06861080229282379 0.00015757791697978973 -0.01901859976351261
v 0.07168787717819214 0.008456270210444927 -0.018911315128207207
v 0.07385001331567764 0.012288897298276424 -0.020847318693995476
v 0.07293461263179779 0.013050666078925133 -0.021870512515306473
v 0.07112699747085571 0.00930943712592125 -0.018876025453209877
v 0.06762413680553436 0.005972215905785561 -0.01813400350511074
v 0.0017995359376072884 -0.026287244632840157 -0.09889443218708038
v 0.0023914556950330734 -0.014614053070545197 -0.10383062064647675
v -0.04546897113323212 0.012594310566782951 0.07873881608247757
v -0.0532059408724308 0.011717010289430618 0.07348217070102692
v -0.05141719803214073 0.00551498681306839 0.07551328092813492
v -0.04390023276209831 0.006025698035955429 0.07923386245965958
v 0.06914479285478592 0.015160092152655125 -0.016032179817557335
v 0.0689176470041275 0.01722860336303711 -0.01905507780611515
v 0.06986791640520096 0.018254965543746948 -0.019330069422721863
v 0.06963873654603958 0.0160297192633152 -0.016384901478886604
v 0.07425080984830856 0.012667877599596977 -0.029298963025212288
v 0.07673411071300507 0.01078763883560896 -0.0352206751704216
v 0.06650648266077042 -0.0073622362688183784 -0.023838002234697342
v 0.06411748379468918 -0.010092605836689472 -0.02506345696747303
v 0.05478130280971527 -0.011545985005795956 -0.023933302611112595
v 0.05504237487912178 -0.010469024069607258 -0.02343548648059368
v 0.055662110447883606 -0.010527732782065868 -0.024548206478357315
v 0.05562770366668701 -0.01129503920674324 -0.025183379650115967
v 0.059093959629535675 -0.01589099131524563 -0.027268387377262115
v 0.06130579113960266 -0.01663981005549431 -0.026800407096743584
v 0.06057349592447281 -0.018448036164045334 -0.02561163157224655
v 0.05862484127283096 -0.017312435433268547 -0.026900526136159897
v 0.05446487292647362 -0.014045724645256996 -0.024980830028653145
v 0.05462789908051491 -0.012681327760219574 -0.024386493489146233
v 0.055331602692604065 -0.012757846154272556 -0.025969523936510086
v 0.055026210844516754 -0.01411445438861847 -0.026958443224430084
v 0.07213922590017319 0.015027287416160107 -0.02270040102303028
v 0.07353660464286804 0.015381048433482647 -0.02496836893260479
v 0.07881742715835571 0.009392032399773598 -0.03440919518470764
v 0.07915691286325455 0.00770623330026865 -0.036041509360075
v 0.07612290233373642 0.013773283921182156 -0.031644806265830994
v 0.07654230296611786 0.012362432666122913 -0.03335195779800415
v 0.06495214253664017 -0.017280615866184235 -0.016854504123330116
v 0.0658670961856842 -0.016689371317625046 -0.018391327932476997
v 0.06567035615444183 -0.01824457012116909 -0.018785016611218452
v 0.07973328232765198 0.01189020462334156 -0.033633388578891754
v 0.07865910232067108 0.015053905546665192 -0.034917429089546204
v 0.0653996542096138 -0.03451132774353027 -0.018307320773601532
v 0.06461286544799805 -0.03641143813729286 -0.01754114031791687
v 0.04577343538403511 -0.11111404001712799 -0.01850736327469349
v 0.05326905846595764 -0.10207250714302063 -0.02996114082634449
v 0.05314387381076813 -0.11199776828289032 -0.031778350472450256
v 0.04559415206313133 -0.1207161396741867 -0.020922059193253517
v 0.07067091763019562 0.010661088861525059 -0.015970971435308456
v 0.06886646151542664 0.01330898329615593 -0.015475484542548656
v 0.05455590784549713 -0.01588168926537037 -0.02575743943452835
v 0.05454426258802414 -0.016009587794542313 -0.025877345353364944
v 0.057285457849502563 -0.01752820424735546 -0.026119809597730637
v 0.05906207859516144 -0.012252967804670334 -0.02237132005393505
v 0.05539251118898392 -0.011916580609977245 -0.023297665640711784
v 0.05972116068005562 -0.014488521963357925 -0.026781180873513222
v 0.05901188403367996 -0.00990607775747776 -0.024026013910770416
v 0.05867571011185646 -0.00902063213288784 -0.022582165896892548
v 0.06051694601774216 -0.021782442927360535 -0.0236390121281147
v 0.06135730445384979 -0.022277122363448143 -0.025682102888822556
v 0.06313416361808777 -0.023220829665660858 -0.02291851118206978
v 0.05553460493683815 -0.016081754118204117 -0.027571139857172966
v 0.06597623974084854 0.0010460959747433662 -0.024005606770515442
v 0.0624067448079586 -0.014011584222316742 -0.026537630707025528
v 0.06342064589262009 -0.015583020634949207 -0.029079774394631386
v 0.06283802539110184 -0.017409443855285645 -0.02868083491921425
v 0.06186291202902794 -0.015674032270908356 -0.02695191279053688
v 0.06997618079185486 -0.024448920041322708 -0.0314628928899765
v 0.06970634311437607 -0.022716201841831207 -0.031148996204137802
v 0.06188981235027313 -0.019330784678459167 -0.03161941096186638
v 0.06515216827392578 -0.019853468984365463 -0.03026346117258072
v 0.06643164902925491 -0.004694577772170305 -0.023235183209180832
v 0.06783617287874222 -0.0022487668320536613 -0.02043086849153042
v 0.06407974660396576 -0.008078774437308311 -0.021932076662778854
v 0.06238700821995735 -0.012158657424151897 -0.0251697339117527
v 0.06399814039468765 -0.013788392767310143 -0.028030818328261375
v 0.059092022478580475 -0.011139887385070324 -0.022248171269893646
v 0.062295492738485336 -0.010814433917403221 -0.020971335470676422
v 0.061959799379110336 -0.009779522195458412 -0.021003128960728645
v 0.058982398360967636 -0.010190729051828384 -0.022253286093473434
v 0.0708727240562439 0.006594870239496231 -0.024583177641034126
v 0.06786711513996124 0.010859590955078602 -0.014156483113765717
v 0.07009232044219971 0.007919106632471085 -0.015283459797501564
v 0.06574705243110657 0.027271315455436707 -0.03729962930083275
v 0.06355319917201996 0.020205499604344368 -0.04352352395653725
v 0.06561877578496933 0.01808101311326027 -0.030870642513036728
v 0.06040637195110321 -0.012943985871970654 -0.026196949183940887
v 0.05527772009372711 -0.009947950951755047 -0.023391924798488617
v 0.05586306005716324 -0.01049983873963356 -0.023234548047184944
v 0.07515142858028412 -0.018558116629719734 -0.03808995708823204
v 0.0636691153049469 -0.0240221805870533 -0.022750068455934525
v 0.06546511501073837 -0.0007209619507193565 -0.019475819543004036
v 0.07307617366313934 -0.008806649595499039 -0.04312891140580177
v 0.07266270369291306 -0.01452434342354536 -0.04243863746523857
v 0.06503237783908844 0.0006660185754299164 -0.019366174936294556
v 0.06516554951667786 0.0016772523522377014 -0.019137460738420486
v 0.0621175542473793 -0.021976441144943237 -0.02663460746407509
v 0.06418515741825104 -0.022319823503494263 -0.024274688214063644
v 0.06550247967243195 0.00191514752805233 -0.018846778199076653
v 0.06599825620651245 -0.016788261011242867 -0.01986994594335556
v 0.07458527386188507 0.007846852764487267 -0.029319889843463898
v 0.06777887046337128 -0.03167009353637695 -0.03389449790120125
v 0.06620237231254578 -0.03384021669626236 -0.03130237013101578
v 0.05576701834797859 -0.010973126627504826 -0.022956574335694313
v 0.059409674257040024 -0.018505770713090897 -0.024854572489857674
v 0.05942228063941002 -0.011392626911401749 -0.02481803670525551
v 0.06460098922252655 -0.012844070792198181 -0.020715318620204926
v 0.06438102573156357 -0.015014683827757835 -0.020978467538952827
v 0.06602083146572113 -0.014634120278060436 -0.019144421443343163
v 0.0659317895770073 -0.018839750438928604 -0.03178256005048752
v 0.06228909641504288 -0.016823047772049904 -0.03308422863483429
v 0.06324981153011322 -0.0155020821839571 -0.034904204308986664
v 0.06765124946832657 -0.017363909631967545 -0.032847944647073746
v 0.07194153219461441 -0.02002786099910736 -0.04122808575630188
v 0.07075705379247665 -0.025200828909873962 -0.03901789337396622
v 0.07320328056812286 -0.02697274647653103 -0.03963026404380798
v 0.07499798387289047 -0.02128443866968155 -0.041782066226005554
v 0.06481964141130447 0.04491296410560608 -0.042699359357357025
v 0.0664789155125618 0.0313565656542778 -0.029467852786183357
v 0.06573322415351868 0.048738617449998856 -0.030219784006476402
v 0.070660799741745 0.017248157411813736 -0.030931875109672546
v 0.07055913656949997 0.015376399271190166 -0.03283078223466873
v 0.07564583420753479 0.01685275137424469 -0.03527321293950081
v 0.06663016229867935 0.01851033978164196 -0.016865955665707588
v 0.06703940033912659 0.016673818230628967 -0.02072298526763916
v 0.06888655573129654 0.016369301825761795 -0.019044596701860428
v 0.07692588120698929 -0.0036750889848917723 -0.04396792873740196
v 0.06601882725954056 -0.0005781818181276321 -0.013913320377469063
v 0.06801704317331314 0.00012167822569608688 -0.015728779137134552
v 0.06722337007522583 -0.01833019033074379 -0.039627619087696075
v 0.06928779184818268 -0.019575364887714386 -0.03092193976044655
v 0.07154162228107452 -0.018250517547130585 -0.03248826414346695
v 0.0765625610947609 0.0159616656601429 -0.02469600737094879
v 0.0748315379023552 0.013204175978899002 -0.02261374332010746
v 0.013272928074002266 -0.13212800025939941 0.008276434615254402
v 0.013083266094326973 -0.1377018243074417 0.0030476097017526627
v 0.004855209495872259 -0.04165166616439819 0.08403443545103073
v 0.0057374704629182816 -0.0414850115776062 0.08283137530088425
v 0.004216933622956276 -0.03991449996829033 0.082148976624012
v 0.0039262413047254086 -0.040043845772743225 0.08270922303199768
v 0.006005294155329466 -0.04971115291118622 0.08165943622589111
v 0.005234093405306339 -0.048380471765995026 0.08133138716220856
v 0.00638976925984025 -0.048081882297992706 0.08038415759801865
v 0.007576241157948971 -0.049199603497982025 0.08085785806179047
v 0.0029617154505103827 -0.03994680196046829 0.0824398323893547
v 0.0022172294557094574 -0.04230669140815735 0.08456931263208389
v 0.003201874904334545 -0.04219181090593338 0.08521172404289246
v 0.0033354833722114563 -0.04000663757324219 0.08267469704151154
v 0.07651898264884949 0.019179431721568108 -0.024864401668310165
v 0.009883158840239048 -0.04860150068998337 0.08151127398014069
v 0.008486065082252026 -0.04701950028538704 0.08135408908128738
v 0.008801334537565708 -0.04680587351322174 0.08306796103715897
v 0.011097059585154057 -0.04769209399819374 0.08346008509397507
v 0.0026194825768470764 -0.04954306781291962 0.0898130014538765
v 0.003553390968590975 -0.04751535505056381 0.09017261862754822
v 0.002567772753536701 -0.04825384169816971 0.08789033442735672
v 0.002601632149890065 -0.05000436678528786 0.08712989091873169
v 0.005428834352642298 -0.046810396015644073 0.08946146070957184
v 0.007389244623482227 -0.046870388090610504 0.09126688539981842
v 0.009019320830702782 -0.04648862034082413 0.08936460316181183
v 0.006889962591230869 -0.04678237810730934 0.08776291459798813
v 0.002568558556959033 -0.04590277373790741 0.08395454287528992
v 0.003698414657264948 -0.04797941446304321 0.08462928235530853
v 0.001958912704139948 -0.045849453657865524 0.08702326565980911
v 0.008075491525232792 -0.04461951553821564 0.0821697860956192
v 0.0078337537124753 -0.04532758891582489 0.08092929422855377
v 0.005874757654964924 -0.04228537902235985 0.0815223678946495
v 0.006081538274884224 -0.041928332298994064 0.0814903974533081
v 0.047889091074466705 -0.0947631224989891 -0.014173243194818497
v 0.053543511778116226 -0.0881509780883789 -0.028013337403535843
v 0.029516341164708138 -0.020555343478918076 0.06643352657556534
v 0.028901932761073112 -0.023621421307325363 0.06701108068227768
v 0.024803418666124344 -0.02308618277311325 0.06808211654424667
v 0.02559560164809227 -0.020309407263994217 0.06745873391628265
v 0.06625104695558548 -0.012848200276494026 -0.01785162463784218
v 0.06546253710985184 -0.012397244572639465 -0.016710637137293816
v 0.07066690921783447 0.013182159513235092 -0.034765250980854034
v 0.07488762587308884 0.014737065881490707 -0.03088596649467945
v 0.07097344100475311 0.018390793353319168 -0.02881479263305664
v 0.07061761617660522 0.018871601670980453 -0.023952525109052658
v 0.06930550932884216 0.01734739914536476 -0.02351696603000164
v 0.06932520121335983 0.01648138090968132 -0.027633938938379288
v 0.0783250480890274 0.014597069472074509 -0.02976817451417446
v 0.06484033912420273 -0.0253734290599823 -0.022962139919400215
v 0.07251665741205215 0.0035033049061894417 -0.02831978350877762
v 0.07022368907928467 0.01875775307416916 -0.02145267464220524
v 0.07323385775089264 0.02025984786450863 -0.021741941571235657
v 0.0768679529428482 -0.004635762423276901 -0.03964362293481827
v 0.07890903949737549 0.013707727193832397 -0.0317668542265892
v 0.07792407274246216 0.011777949519455433 -0.03092956356704235
v 0.07279716432094574 0.01005729753524065 -0.018105875700712204
v 0.06532131880521774 -0.012557098641991615 -0.035497795790433884
v 0.07117128372192383 -0.012615811079740524 -0.03361876308917999
v 0.06960257142782211 -0.01551789604127407 -0.03346213698387146
v -0.10157536715269089 -0.0018038242124021053 -0.03255358710885048
v -0.10166000574827194 -0.003986469469964504 -0.03429028019309044
v -0.10191041231155396 -0.0061877877451479435 -0.03286275267601013
v -0.10170397162437439 -0.004409965127706528 -0.0310819074511528
v -0.09652526676654816 -0.018359221518039703 -0.03624119237065315
v -0.09743677079677582 -0.01139141246676445 -0.035698302090168
v -0.09874673187732697 -0.008918804116547108 -0.0356270968914032
v -0.09896069765090942 -0.011278560385107994 -0.035375744104385376
v 0.06471608579158783 -0.014557111077010632 -0.0356680229306221
v 0.06460922956466675 -0.002580160740762949 -0.02509990707039833
v 0.06329062581062317 -0.022602006793022156 -0.012753005139529705
v 0.07059644907712936 -0.029387105256319046 -0.029618334025144577
v -0.09561971575021744 -0.028948325663805008 -0.03545468673110008
v -0.09439900517463684 -0.02826545014977455 -0.03536734730005264
v -0.0960775762796402 -0.023613495752215385 -0.03580882400274277
v -0.09776459634304047 -0.024099105969071388 -0.0361551009118557
v 0.07118749618530273 -0.027679674327373505 -0.03172524645924568
v 0.018194125965237617 -0.025542788207530975 -0.09394834190607071
v 0.020564090460538864 -0.013102374970912933 -0.09801855683326721
v 0.07908457517623901 -0.004156696610152721 -0.042837053537368774
v 0.07259238511323929 0.015537317842245102 -0.024056347087025642
v 0.06670720875263214 -0.025411641225218773 -0.024224121123552322
v 0.06762199103832245 -0.03092649020254612 -0.02321317419409752
v 0.06611979007720947 -0.030709795653820038 -0.02147817611694336
v 0.06950117647647858 0.005376152694225311 -0.02419338934123516
v 0.06630391627550125 -0.01700574904680252 -0.0391961894929409
v 0.06582401692867279 -0.014546019956469536 -0.03988555446267128
v 0.05581174045801163 -0.009971177205443382 -0.024139387533068657
v 0.0697287917137146 -0.023626238107681274 -0.03812246769666672
v 0.06702619045972824 -0.02990194782614708 -0.03337511792778969
v 0.05466905236244202 -0.08156021684408188 -0.040990330278873444
v 0.050116751343011856 -0.07515468448400497 -0.05566307529807091
v -0.07987217605113983 -0.05227960646152496 -0.016692165285348892
v -0.08265580981969833 -0.049185797572135925 -0.01849060319364071
v -0.08266741037368774 -0.051800794899463654 -0.020478185266256332
v -0.07813908904790878 -0.05315849184989929 -0.019389022141695023
v 0.052152279764413834 -0.08699244260787964 -0.056199368089437485
v 0.055671777576208115 -0.09410767257213593 -0.04262766242027283
v 0.06294555962085724 -0.009138821624219418 -0.010562367737293243
v 0.06388133764266968 -0.015299201011657715 -0.014225980266928673
v 0.06366047263145447 -0.016872532665729523 -0.012950330972671509
v 0.026603370904922485 -0.12064287811517715 0.004157718271017075
v 0.023811649531126022 -0.13137955963611603 -0.0018710754811763763
v 0.06284748762845993 -0.02282748743891716 -0.00914628803730011
v 0.06290619820356369 -0.02575678378343582 0.0020228559151291847
v 0.0632687583565712 -0.01043733861297369 0.005192302633076906
v 0.062388136982917786 -0.01339662354439497 -0.006196156609803438
v 0.051338911056518555 0.010044755414128304 0.04823862016201019
v 0.052818577736616135 0.012412305921316147 0.04357118159532547
v 0.05423726886510849 0.0033448971807956696 0.04177253693342209
v 0.05223243683576584 0.0032155849039554596 0.046022381633520126
v 0.008811764419078827 0.0590575709939003 0.07767705619335175
v -0.0010944246314466 0.058656442910432816 0.08058401942253113
v -0.0021316499914973974 0.06678919494152069 0.07615920901298523
v 0.008024879731237888 0.06700008362531662 0.07295215129852295
v 0.021587904542684555 -0.0039631156250834465 -0.10024536401033401
v 0.022410433739423752 0.0074139549396932125 -0.10248973965644836
v 0.0026620160788297653 0.004482163116335869 -0.10919375717639923
v 0.0025628283619880676 -0.006171585060656071 -0.10633289068937302
v 0.0055564818903803825 0.0885842815041542 0.054769955575466156
v -0.004819621331989765 0.08862635493278503 0.058153167366981506
v -0.005664349067956209 0.09577737748622894 0.04944372922182083
v -0.07534940540790558 -0.051345355808734894 -0.020212450996041298
v -0.07933590561151505 -0.05109827220439911 -0.02453167736530304
v -0.07920259982347488 -0.04761826992034912 -0.025060094892978668
v -0.07598218321800232 -0.04819786921143532 -0.021899398416280746
v 0.004928675480186939 0.09545136243104935 0.04633159935474396
v 0.04785354062914848 -0.019806744530797005 0.056231770664453506
v 0.05064702406525612 -0.025557564571499825 0.05490551516413689
v 0.04713801294565201 -0.027082717046141624 0.058577802032232285
v 0.04466479271650314 -0.021024953573942184 0.0591793917119503
v 0.06806670874357224 -0.035846397280693054 -0.021474895998835564
v 0.06695777177810669 -0.035127874463796616 -0.020063109695911407
v -0.0969075858592987 0.004410605877637863 -0.01805705390870571
v -0.09697362035512924 0.0006626108661293983 -0.01817372813820839
v -0.09554945677518845 -0.0007587885484099388 -0.01648520492017269
v -0.09521756321191788 0.0028602508828043938 -0.01600181683897972
v -0.08225080370903015 -0.022373856976628304 -0.035011809319257736
v -0.08010520786046982 -0.029001517221331596 -0.03497084602713585
v -0.08645009249448776 -0.024336304515600204 -0.03614484891295433
v -0.08701593428850174 -0.021497709676623344 -0.035792455077171326
v -0.006494957022368908 0.10261176526546478 0.03889835998415947
v 0.0043861111626029015 0.10206815600395203 0.03613986447453499
v 0.006861045025289059 -0.017014581710100174 0.07546259462833405
v -0.0951385647058487 -0.0033658258616924286 -0.026482999324798584
v -0.09580203145742416 -0.0022173007018864155 -0.029158223420381546
v -0.09628928452730179 -0.003968352451920509 -0.030737679451704025
v -0.0953284427523613 -0.005621552933007479 -0.028858041390776634
v -0.09875603020191193 0.00014479318633675575 -0.03326665982604027
v -0.098805271089077 -0.0022796159610152245 -0.035271454602479935
v -0.0791858360171318 -0.04369556903839111 -0.014032087288796902
v -0.07842560857534409 -0.04046422615647316 -0.012585340067744255
v -0.07895685732364655 -0.03861744701862335 -0.01366982888430357
v -0.0794389471411705 -0.03929871320724487 -0.015358303673565388
v -0.08252566307783127 -0.024435680359601974 -0.02664676308631897
v -0.08428402990102768 -0.020759999752044678 -0.023030966520309448
v -0.09105788171291351 -0.03975329548120499 -0.03313922509551048
v -0.09110023826360703 -0.03817035257816315 -0.031815171241760254
v -0.09373852610588074 -0.033789053559303284 -0.03387593850493431
v -0.09370481967926025 -0.034792546182870865 -0.03560372069478035
v 0.0069128237664699554 -0.014595452696084976 0.07323478907346725
v 0.010702285915613174 -0.017459973692893982 0.07123225182294846
v 0.010631149634718895 -0.01997712254524231 0.07293686270713806
v -0.0005453603807836771 0.02918560616672039 0.08636099845170975
v -0.00038364226929843426 0.03759379684925079 0.08523459732532501
v 0.008441990241408348 0.038751326501369476 0.08351350575685501
v 0.007741687819361687 0.03024056926369667 0.08511923998594284
v 0.015555744990706444 -0.019203297793865204 0.06946214288473129
v 0.014871526509523392 -0.0216352716088295 0.07056111842393875
v -0.003060447284951806 0.07443544268608093 0.07098200172185898
v 0.007234401535242796 0.07463277876377106 0.06756463646888733
v 0.00045305583626031876 0.11891831457614899 -0.011445552110671997
v -0.08809982985258102 -0.036199379712343216 -0.02981238253414631
v -0.09078824520111084 -0.032936111092567444 -0.032294861972332
v -0.09183639287948608 -0.03196731209754944 -0.033817704766988754
v -0.09076237678527832 -0.03447224572300911 -0.03236941248178482
v 0.0013947449624538422 0.1173098236322403 -0.003141835331916809
v -0.009950094856321812 0.11899445205926895 -0.002532742917537689
v -0.09721440076828003 -0.0008829948492348194 -0.026896756142377853
v -0.09588717669248581 0.0004021311178803444 -0.021734103560447693
v -0.09723394364118576 -0.0010859444737434387 -0.020582839846611023
v -0.09886638820171356 -0.0023324592038989067 -0.025036228820681572
v -0.009552394039928913 0.1209816113114357 -0.01502232812345028
v 0.055702172219753265 0.004772674757987261 -0.06385814398527145
v 0.05962378531694412 0.00014451472088694572 -0.048733729869127274
v 0.061684101819992065 0.012334588915109634 -0.047777120023965836
v 0.05855739861726761 0.021685337647795677 -0.06302440166473389
v 0.0368138812482357 -0.11070059984922409 -0.0038785282522439957
v 0.034810032695531845 -0.12199519574642181 -0.00935291312634945
v -0.08931533992290497 -0.010542143136262894 -0.03243859112262726
v -0.08793442696332932 -0.006117426790297031 -0.029235081747174263
v -0.0872063934803009 -0.006723600905388594 -0.02932542935013771
v -0.08827809989452362 -0.010460270568728447 -0.032335229218006134
v -0.09793972969055176 -0.0026627015322446823 -0.03182876855134964
v -0.09834113717079163 -0.004563560243695974 -0.03348477557301521
v -0.09670150279998779 -0.005954860709607601 -0.032571010291576385
v -0.08704312145709991 -0.007884029299020767 -0.01651725172996521
v -0.08900841325521469 -0.006643733941018581 -0.018181435763835907
v -0.08881282806396484 -0.00785792525857687 -0.01940157637000084
v -0.08851899951696396 -0.009205877780914307 -0.018930736929178238
v -0.0822373479604721 -0.05177193135023117 -0.024233555421233177
v -0.07769020646810532 -0.03862592205405235 -0.030502591282129288
v -0.07932648807764053 -0.03793903812766075 -0.03208182007074356
v -0.08247411251068115 -0.033519599586725235 -0.0339261069893837
v -0.0811707153916359 -0.03224087506532669 -0.034026291221380234
v 0.043523501604795456 0.02907024323940277 0.06017923727631569
v 0.04505866393446922 0.035929061472415924 0.057149820029735565
v 0.04840447008609772 0.030096767470240593 0.05161847919225693
v 0.04676017165184021 0.02411981299519539 0.055460330098867416
v -0.0009221495129168034 0.015838202089071274 0.08725135773420334
v 0.006378350779414177 0.01646072417497635 0.08672571182250977
v 0.0049761999398469925 0.01034640520811081 0.08561225980520248
v -0.0011979350820183754 0.00989486277103424 0.08638359606266022
v -0.07539503276348114 -0.05080557242035866 -0.014272408559918404
v -0.0786275640130043 -0.050672657787799835 -0.014396186918020248
v -0.07913729548454285 -0.05148619785904884 -0.01569734513759613
v -0.0759992003440857 -0.05221380293369293 -0.016451649367809296
v 0.052925728261470795 -0.003920881077647209 0.045329127460718155
v 0.0554676353931427 -0.0057893432676792145 0.04175751283764839
v 0.05555686354637146 -0.014626345597207546 0.04502949118614197
v 0.05244218558073044 -0.01155080646276474 0.0479360893368721
v 0.05011717975139618 -0.017696695402264595 0.05323056876659393
v -0.089957594871521 -0.0034058792516589165 -0.01769455149769783
v -0.09171919524669647 -0.003785344772040844 -0.019568350166082382
v -0.09006791561841965 -0.004545365925878286 -0.019279230386018753
v -0.0890360102057457 -0.0043957168236374855 -0.01782495714724064
v 0.05308596417307854 -0.023002494126558304 0.051626626402139664
v -0.09607020765542984 -0.013360904529690742 -0.03455117717385292
v -0.09562788903713226 -0.007684499025344849 -0.031004387885332108
v 0.009002326056361198 0.04883023723959923 0.08170894533395767
v -0.0005698865279555321 0.048065874725580215 0.08380793035030365
v 0.05101991072297096 0.02191310003399849 0.04666457325220108
v 0.04945594072341919 0.01753663457930088 0.05118580535054207
v 0.004172726068645716 -0.01444593071937561 0.07860349118709564
v 0.004469477571547031 -0.012292150408029556 0.07547351717948914
v 0.0020840130746364594 -0.008459141477942467 0.07883701473474503
v -0.09453721344470978 -0.02301751635968685 -0.03173627331852913
v -0.09459538012742996 -0.022073321044445038 -0.03445860370993614
v -0.09390615671873093 -0.026296868920326233 -0.03382372856140137
v -0.09328165650367737 -0.026897963136434555 -0.03135775029659271
v -0.0008991975337266922 -0.010228000581264496 0.08455561846494675
v -0.0012863990850746632 -0.005991820245981216 0.08380623161792755
v 0.001517001073807478 -0.005131363868713379 0.08027220517396927
v 0.024474715813994408 0.032303594052791595 0.07754713296890259
v 0.02545679360628128 0.04048565775156021 0.07522433996200562
v 0.032785043120384216 0.040832120925188065 0.0694541409611702
v 0.031812526285648346 0.03296151012182236 0.07193397730588913
v 0.006390673108398914 0.08165498822927475 0.06164765730500221
v -0.09515220671892166 -0.01554124802350998 -0.029798753559589386
v -0.09539749473333359 -0.014748899266123772 -0.032989297062158585
v -0.003962164744734764 0.08154293894767761 0.06509873270988464
v -0.001530911773443222 0.0027406103909015656 0.08463293313980103
v 0.002509424928575754 0.0036154761910438538 0.08250585943460464
v 0.0018162555061280727 0.0004027020186185837 0.08119187504053116
v -0.09956042468547821 -0.006931290961802006 -0.03201676905155182
v -0.0994948297739029 -0.012331053614616394 -0.03423263877630234
v -0.09906122088432312 -0.006042047403752804 -0.03279274329543114
v -0.08626547455787659 -0.0037793004885315895 -0.02585930936038494
v -0.08714263141155243 6.345752626657486e-05 -0.028868496417999268
v -0.08610906451940536 -0.005165440030395985 -0.03229652717709541
v -0.08643891662359238 -0.0056268395856022835 -0.02811143361032009
v -0.0013819483574479818 -0.00026661530137062073 0.08397069573402405
v 0.019776850938796997 -0.022583499550819397 0.06916788965463638
v 0.020491264760494232 -0.020032783970236778 0.06845462322235107
v 0.05826572701334953 -0.03451395034790039 -0.026221800595521927
v 0.06014343351125717 -0.036009736359119415 -0.02527608349919319
v 0.06354506313800812 0.007925991900265217 -0.004072165582329035
v 0.0625830888748169 -0.0028861165046691895 -0.004626496694982052
v 0.0630539208650589 0.0028233975172042847 0.0069359103217720985
v 0.06267190724611282 0.015894562005996704 0.0072343116626143456
v 0.06373956799507141 0.028511974960565567 0.00613544974476099
v 0.06346970051527023 0.03782995417714119 0.0026671397499740124
v 0.06553006172180176 0.023782208561897278 -0.007462117820978165
v 0.06482020020484924 0.017423072829842567 -0.0046905940398573875
v 0.04670475423336029 -0.08174008876085281 -0.06848573684692383
v 0.04299125447869301 -0.07110738754272461 -0.06939581036567688
v -0.0004175088834017515 -0.013723688200116158 0.0868116244673729
v -0.00011148187331855297 -0.01713797077536583 0.08875980973243713
v 0.001333862543106079 0.04799865186214447 -0.11099910736083984
v -0.0794868990778923 -0.03462928161025047 -0.01333225704729557
v -0.08083109557628632 -0.032252006232738495 -0.01425864640623331
v -0.07918489724397659 -0.03370719030499458 -0.016504351049661636
v -0.07834646105766296 -0.036371368914842606 -0.016414083540439606
v 0.001798141747713089 0.034340813755989075 -0.11211160570383072
v 0.0222596675157547 0.0381784625351429 -0.10380967706441879
v 0.0216042622923851 0.051100682467222214 -0.10238712280988693
v 0.05348315089941025 -0.006623271852731705 -0.06229930743575096
v -0.0829087346792221 -0.03587733209133148 -0.033180948346853256
v -0.07987629622220993 -0.039151500910520554 -0.03151886165142059
v -0.08027628064155579 -0.039974238723516464 -0.031005848199129105
v -0.08310854434967041 -0.03779597580432892 -0.032159239053726196
v 0.05770669877529144 -0.009064186364412308 -0.047951191663742065
v 0.007160273380577564 -0.04422689229249954 0.08410391956567764
v 0.0039810482412576675 -0.03970087692141533 0.08148370683193207
v 0.004899649415165186 -0.042708128690719604 0.08184479176998138
v 0.004084233660250902 -0.03980247676372528 0.08150234818458557
v 0.008174906484782696 -0.046756111085414886 0.08560500293970108
v 0.010682158172130585 -0.046619173139333725 0.08687414973974228
v 0.005563229322433472 -0.046346522867679596 0.08034135401248932
v 0.004608761519193649 -0.046489566564559937 0.08080822974443436
v 0.004220460541546345 -0.04255927354097366 0.08214908093214035
v 0.004302169196307659 -0.03970377519726753 0.08159887045621872
v 0.00033349497243762016 -0.05160067230463028 0.09184445440769196
v 0.0010238985996693373 -0.050644584000110626 0.09508836269378662
v 0.0044893198646605015 -0.048831239342689514 0.09414325654506683
v 0.002942691557109356 -0.0500752329826355 0.09183073043823242
v 0.0031322897411882877 -0.039881955832242966 0.0824003517627716
v 0.0025503055658191442 -0.04263012856245041 0.08332817256450653
v 0.0027216842863708735 -0.04537873715162277 0.08850793540477753
v 0.0040159523487091064 -0.04189657047390938 0.08494144678115845
v 0.0036378668155521154 -0.0400189533829689 0.0827505812048912
v 0.004465242847800255 -0.044690899550914764 0.0876610204577446
v 0.003705944400280714 -0.049985431134700775 0.08456021547317505
v 0.005860667210072279 -0.044387154281139374 0.08608819544315338
v -0.0933673232793808 -0.0027576563879847527 -0.021231047809123993
v -0.09366729855537415 -0.006639903411269188 -0.023237643763422966
v -0.09227341413497925 -0.006813577376306057 -0.022090496495366096
v -0.084150031208992 -0.03659796342253685 -0.022483311593532562
v -0.08474230766296387 -0.034969694912433624 -0.02421538531780243
v -0.0856831893324852 -0.03741486370563507 -0.025951579213142395
v -0.0851636528968811 -0.03973858430981636 -0.024465840309858322
v 0.06804893165826797 -0.020858118310570717 -0.029690086841583252
v 0.05355727672576904 -0.07168284058570862 -0.0191314946860075
v 0.05471864342689514 -0.05504946783185005 -0.0233549065887928
v 0.05411361902952194 -0.05464334785938263 -0.028875909745693207
v -0.08658141642808914 -0.04696637764573097 -0.028841378167271614
v -0.08413378894329071 -0.04707276076078415 -0.03005347028374672
v -0.08186669647693634 -0.04959461838006973 -0.027131572365760803
v -0.08445100486278534 -0.04974384978413582 -0.026615770533680916
v -0.07929860055446625 -0.0377342626452446 -0.01587662659585476
v -0.07896176725625992 -0.037131648510694504 -0.01371370255947113
v -0.09117795526981354 -0.010014686733484268 -0.03412953391671181
v -0.09060238301753998 -0.004926258232444525 -0.030123110860586166
v 0.053941935300827026 -0.070960134267807 -0.028286591172218323
v 0.07092026621103287 0.005278578028082848 -0.025518748909235
v 0.055509746074676514 0.04176957160234451 0.03437754511833191
v 0.05490419268608093 0.05499652028083801 0.027587905526161194
v 0.06030432507395744 0.046948060393333435 0.013742788694798946
v -0.09478271752595901 -0.007392942905426025 -0.02722523733973503
v -0.09513038396835327 -0.009255186654627323 -0.0291147418320179
v 0.06142330914735794 0.03577941283583641 0.01667708344757557
v 0.05421191826462746 0.06633241474628448 0.02165001630783081
v 0.05953070893883705 0.05897456035017967 0.008845364674925804
v 0.06298302859067917 0.049814242869615555 -0.0031699910759925842
v 0.06594584137201309 0.032898955047130585 -0.020654914900660515
v 0.036010950803756714 -0.007519856095314026 0.06431196630001068
v 0.03628120198845863 -0.007731946185231209 0.0644761174917221
v 0.03484424948692322 -0.008379129692912102 0.06573782116174698
v -0.08321841061115265 -0.02139187976717949 -0.015655996277928352
v -0.08170642703771591 -0.020434055477380753 -0.01739472709596157
v -0.08195088058710098 -0.021281830966472626 -0.017448665574193
v -0.08381909877061844 -0.02292798087000847 -0.015674136579036713
v 0.03488609194755554 -0.00814790278673172 0.06546313315629959
v 0.03541654720902443 -0.0071089137345552444 0.06379280239343643
v 0.03413725271821022 -0.007853381335735321 0.06492619216442108
v -0.08312341570854187 -0.02216213196516037 -0.014233500696718693
v -0.08351622521877289 -0.023762203752994537 -0.014400333166122437
v -0.08278878778219223 -0.023941535502672195 -0.013621468096971512
v -0.082490935921669 -0.023157428950071335 -0.013290472328662872
v 0.036339037120342255 -0.006548682227730751 0.0628376305103302
v 0.03691941872239113 -0.006943525746464729 0.06326594203710556
v 0.037238672375679016 -0.007193783298134804 0.06341177970170975
v 0.018736273050308228 -0.0085434690117836 0.0683814287185669
v 0.019669372588396072 -0.008045908063650131 0.067929707467556
v 0.02237679809331894 -0.008693862706422806 0.06777439266443253
v 0.021406594663858414 -0.009090855717658997 0.06871963292360306
v 0.018629012629389763 -0.008982531726360321 0.0688067302107811
v 0.021658487617969513 -0.009567579254508018 0.06918573379516602
v -0.0810442864894867 -0.02002226933836937 -0.01790936291217804
v -0.08140712231397629 -0.020406827330589294 -0.017665084451436996
v -0.08161631226539612 -0.019909502938389778 -0.017606474459171295
v -0.08565787225961685 -0.015227993950247765 -0.028353389352560043
v -0.08523881435394287 -0.022048570215702057 -0.03154905512928963
v -0.0843537226319313 -0.023254040628671646 -0.03176471218466759
v -0.08590833842754364 -0.01829107478260994 -0.028233686462044716
v 0.02207048237323761 -0.0054475851356983185 0.0633692741394043
v 0.02137899026274681 -0.005213040858507156 0.06330946087837219
v -0.09522545337677002 -0.020766517147421837 -0.03575930371880531
v 0.0230843648314476 -0.005707116797566414 0.06336907297372818
v 0.016942132264375687 -0.006764445453882217 0.06632393598556519
v 0.01702374964952469 -0.005999395623803139 0.0664854347705841
v -0.0926181748509407 -0.0011985395103693008 -0.012927219271659851
v -0.09199832379817963 0.0014740871265530586 -0.012095438316464424
v -0.09470472484827042 0.004681131802499294 -0.015256820246577263
v 0.021036410704255104 -0.004538068547844887 0.06345316022634506
v 0.02094036154448986 -0.005064254626631737 0.06326551735401154
v 0.017532983794808388 -0.006875593215227127 0.06651018559932709
v -0.07903596758842468 -0.03250258415937424 -0.026611773297190666
v -0.08254921436309814 -0.03308422863483429 -0.023914741352200508
v -0.08176130801439285 -0.03344249725341797 -0.022267445921897888
v -0.07954827696084976 -0.03306441009044647 -0.02475898154079914
v -0.08061052858829498 -0.029237616807222366 -0.018442653119564056
v -0.07805684953927994 -0.03202290087938309 -0.019036004319787025
v -0.081498883664608 -0.03134620934724808 -0.016643745824694633
v -0.0834662988781929 -0.01663520559668541 -0.01279674842953682
v -0.08277738839387894 -0.019529979676008224 -0.016259698197245598
v -0.08282341063022614 -0.020770065486431122 -0.015152432955801487
v -0.0827828049659729 -0.020790038630366325 -0.013769872486591339
v -0.09567376226186752 -0.029298122972249985 -0.036969564855098724
v -0.09744201600551605 -0.023903746157884598 -0.03788461536169052
v -0.09598316997289658 -0.02357463166117668 -0.03967742249369621
v -0.09429383277893066 -0.029404830187559128 -0.03881920129060745
v 0.015772517770528793 -0.007524201646447182 0.06687524169683456
v 0.014649791643023491 -0.007444290444254875 0.0665876716375351
v -0.07695762068033218 -0.04753941670060158 -0.01237594522535801
v -0.0722939521074295 -0.048399828374385834 -0.016302241012454033
v -0.07630251348018646 -0.04459187388420105 -0.011820360086858273
v -0.10030823945999146 0.0032704994082450867 -0.026314666494727135
v -0.09845413267612457 0.005173578858375549 -0.02623041346669197
v -0.09869445860385895 0.003811139613389969 -0.02884216234087944
v -0.10097792744636536 0.0018997248262166977 -0.028694309294223785
v -0.0838361531496048 -0.013894788920879364 -0.020292134955525398
v -0.08325949311256409 -0.015743199735879898 -0.020582236349582672
v -0.08369869738817215 -0.01509024016559124 -0.018981311470270157
v -0.08380044996738434 -0.012993372045457363 -0.018534712493419647
v 0.01464296318590641 -0.006336424499750137 0.06700807064771652
v 0.026959892362356186 -0.010220535099506378 0.06884384155273438
v 0.02734815701842308 -0.010962359607219696 0.06868204474449158
v 0.0226479209959507 -0.010976484045386314 0.06913331151008606
v 0.02212325483560562 -0.01017606258392334 0.06925255805253983
v 0.026573900133371353 -0.00972912460565567 0.06882146000862122
v 0.029971100389957428 -0.009248672053217888 0.06785912811756134
v 0.030213262885808945 -0.009777219966053963 0.06785857677459717
v 0.030506614595651627 -0.010507309809327126 0.06761787831783295
v -0.06192968040704727 -0.0364045649766922 -0.06958052515983582
v -0.06860553473234177 -0.04126391187310219 -0.05112119019031525
v -0.07421094179153442 -0.026388948783278465 -0.0561942458152771
v -0.06816377490758896 -0.02253429777920246 -0.07178424298763275
v -0.08761394768953323 -0.044265441596508026 -0.027441447600722313
v -0.0866537019610405 -0.04681089147925377 -0.025387611240148544
v -0.0858151987195015 -0.009946911595761776 -0.009717898443341255
v -0.08518669009208679 -0.008618099614977837 -0.00809432566165924
v -0.0863429605960846 -0.002977079711854458 -0.0084337517619133
v -0.08705222606658936 -0.005907781422138214 -0.009336836636066437
v 0.019260533154010773 -0.01029687374830246 0.0692194476723671
v 0.019010571762919426 -0.009439829736948013 0.06911913305521011
v 0.030648380517959595 -0.011158125475049019 0.06736456602811813
v 0.027773123234510422 -0.011586872860789299 0.06840147078037262
v -0.09905742108821869 -0.009160865098237991 -0.03858892619609833
v -0.10124817490577698 -0.010386443696916103 -0.03724437579512596
v 0.022948095574975014 -0.011601993814110756 0.06892191618680954
v 0.019222166389226913 -0.010736677795648575 0.06918799132108688
v 0.016165679320693016 -0.009692393243312836 0.06887125223875046
v 0.017369646579027176 -0.009389292448759079 0.0689854770898819
v 0.027890849858522415 -0.01216808333992958 0.06775659322738647
v 0.027761191129684448 -0.01281750574707985 0.06748854368925095
v 0.02294931374490261 -0.012869765982031822 0.0682690292596817
v 0.023017555475234985 -0.012252841144800186 0.06848391145467758
v -0.0893312394618988 -0.003535027615725994 -0.01619044318795204
v -0.09131578356027603 -0.00037677399814128876 -0.018362782895565033
v -0.0899362564086914 -0.002568349242210388 -0.01784118264913559
v -0.0888141319155693 -0.004148758947849274 -0.01660015620291233
v -0.08850417286157608 -0.01206580363214016 -0.014922300353646278
v -0.08916260302066803 -0.010871869511902332 -0.01463502086699009
v -0.0874178409576416 -0.009814741089940071 -0.01474587433040142
v -0.08644028007984161 -0.01096278801560402 -0.015242991968989372
v 0.03071942925453186 -0.01172223687171936 0.06665775179862976
v 0.03071366436779499 -0.01238466240465641 0.06624719500541687
v -0.0848287045955658 -0.004150761291384697 -0.005948828998953104
v -0.0863814651966095 0.0013683149591088295 -0.008091297000646591
v 0.03829469159245491 -0.006742583587765694 0.06162887439131737
v 0.038779839873313904 -0.006062589585781097 0.06085046008229256
v 0.038741424679756165 -0.006635766476392746 0.06076061353087425
v -0.07558096200227737 -0.038834914565086365 -0.03002852573990822
v 0.0383998341858387 -0.007154420018196106 0.06114300340414047
v 0.041085004806518555 -0.008062593638896942 0.05731099471449852
v 0.042111895978450775 -0.006544981151819229 0.05683973431587219
v 0.04383764788508415 -0.006623316556215286 0.05507428199052811
v -0.08770151436328888 -0.010714482516050339 -0.01191968098282814
v -0.08863138407468796 -0.008253195323050022 -0.011472094804048538
v -0.08978532254695892 -0.009259099140763283 -0.014054330065846443
v -0.07727956771850586 -0.04008224606513977 -0.010547522455453873
v -0.0784040167927742 -0.03798327222466469 -0.01219844538718462
v -0.08847516775131226 -0.0045155673287808895 -0.016459539532661438
v -0.08779335021972656 -0.005617358256131411 -0.01657274179160595
v -0.08613263070583344 -0.009596245363354683 -0.01585879735648632
v -0.08704628050327301 -0.010275386273860931 -0.01816825196146965
v 0.04267233610153198 -0.008458863943815231 0.05605851858854294
v -0.09082680195569992 -0.015193607658147812 -0.026234177872538567
v -0.09102551639080048 -0.022749682888388634 -0.02927475795149803
v 0.05163349211215973 -0.015068166889250278 0.05025205761194229
v 0.04531959444284439 -0.010686824098229408 0.054710399359464645
v 0.04656249284744263 -0.0086811613291502 0.05293908715248108
v 0.03780077397823334 -0.007145857438445091 0.06242154911160469
v 0.037210863083601 -0.007631247863173485 0.06332230567932129
v 0.03780645877122879 -0.006762279197573662 0.06250643730163574
v 0.03825826570391655 -0.006232377141714096 0.06163765490055084
v 0.03793080896139145 -0.0077068377286195755 0.06189996376633644
v 0.03726735711097717 -0.008230825886130333 0.06292703002691269
v 0.03630470857024193 -0.008107094094157219 0.06436564028263092
v 0.03630978614091873 -0.008807092905044556 0.06408073008060455
v 0.03486355021595955 -0.009491048753261566 0.06537206470966339
v 0.034798763692379 -0.008767334744334221 0.06566348671913147
v 0.03289308398962021 -0.00928162969648838 0.06681973487138748
v -0.07640951126813889 -0.029325276613235474 -0.042570993304252625
v -0.07079877704381943 -0.044724006205797195 -0.03151952102780342
v 0.033090077340602875 -0.0087560024112463 0.06674547493457794
v 0.03306549787521362 -0.010030101984739304 0.06648256629705429
v 0.03495369106531143 -0.010051192715764046 0.06492303311824799
v 0.03313097357749939 -0.010646020993590355 0.06615498661994934
v 0.03635989874601364 -0.009370537474751472 0.06349308788776398
v 0.03736897557973862 -0.008691512048244476 0.06230764836072922
v 0.03806541487574577 -0.00803273357450962 0.06126410514116287
v 0.03870048373937607 -0.007424024865031242 0.060521725565195084
v 0.039151713252067566 -0.006685901433229446 0.06009367108345032
v 0.038401197642087936 -0.008293185383081436 0.06047865003347397
v 0.03909489884972572 -0.008647967129945755 0.059475190937519073
v 0.03790486976504326 -0.009533224627375603 0.06071905419230461
v 0.03754309564828873 -0.009053157642483711 0.06158098578453064
v 0.03927324339747429 -0.0075273774564266205 0.059704363346099854
v 0.04008707404136658 -0.007749525830149651 0.05853614956140518
v -0.08631318062543869 -0.009220006875693798 -0.015000734478235245
v -0.08651595562696457 -0.008652124553918839 -0.015060877427458763
v -0.08599252253770828 -0.009447517804801464 -0.014978048391640186
v -0.08547902852296829 -0.010161330923438072 -0.015595506876707077
v 0.03654930740594864 -0.009732792153954506 0.06279656291007996
v 0.036669470369815826 -0.010261520743370056 0.06212852522730827
v 0.03508733585476875 -0.011079508811235428 0.06362419575452805
v 0.03502260521054268 -0.010528834536671638 0.06426892429590225
v -0.08537792414426804 -0.049099378287792206 -0.023368941619992256
v -0.09074577689170837 -0.009721683338284492 -0.022906191647052765
v -0.08823391795158386 -0.0119953453540802 -0.021493537351489067
v -0.08974824845790863 -0.010210010223090649 -0.021058043465018272
v 0.033206768333911896 -0.011159932240843773 0.06549039483070374
v 0.033394861966371536 -0.011787457391619682 0.06486158818006516
v -0.09820830821990967 -0.019694752991199493 -0.0353567861020565
v -0.10058432072401047 -0.012748939916491508 -0.03386656194925308
v -0.10194918513298035 -0.012376726604998112 -0.03511863946914673
v -0.09947655349969864 -0.019671812653541565 -0.03641241788864136
v 0.026255184784531593 -0.009458901360630989 0.0684288740158081
v 0.025784501805901527 -0.008879594504833221 0.06738065183162689
v 0.02899763360619545 -0.008783072233200073 0.06678913533687592
v 0.030088908970355988 -0.009041385725140572 0.06741300970315933
v 0.033147864043712616 -0.008588401600718498 0.06641274690628052
v -0.07363852113485336 -0.05041840672492981 -0.018562769517302513
v -0.08307013660669327 -0.016121240332722664 -0.022053934633731842
v -0.0840756893157959 -0.017667051404714584 -0.021612990647554398
v 0.03194102644920349 -0.008269118145108223 0.06587965041399002
v 0.02902079001069069 -0.008258206769824028 0.06545011699199677
v 0.027117032557725906 -0.005954822525382042 0.06269385665655136
v 0.02846616692841053 -0.005788771435618401 0.0623285211622715
v 0.031334880739450455 -0.007846368476748466 0.06465545296669006
v -0.08562634140253067 -0.011702465824782848 -0.018855823203921318
v -0.08486681431531906 -0.010933937504887581 -0.016130276024341583
v 0.02610686421394348 -0.008262677118182182 0.06599124521017075
v 0.025707518681883812 -0.005895191803574562 0.0628448873758316
v 0.0231313519179821 -0.007967749610543251 0.06647512316703796
v -0.07875684648752213 -0.035155728459358215 -0.01126135140657425
v 0.024371303617954254 -0.005893286317586899 0.06320944428443909
v 0.020606357604265213 -0.007569577544927597 0.06688914448022842
v 0.026814328506588936 0.0007245093584060669 0.07165850698947906
v 0.02709636278450489 0.00148862786591053 0.07187981903553009
v 0.03213003650307655 0.0017205290496349335 0.07050114870071411
v 0.03127644211053848 0.000939495861530304 0.07039102166891098
v 0.03557663410902023 0.009511476382613182 -0.09200672060251236
v 0.03571928292512894 0.025311022996902466 -0.09420320391654968
v 0.02301010489463806 0.021948177367448807 -0.10421443730592728
v 0.034504082053899765 -0.0015753395855426788 0.0684046745300293
v 0.034375790506601334 -3.633275628089905e-05 0.06845272332429886
v 0.03675984591245651 -0.000319063663482666 0.06631581485271454
v 0.03677932173013687 -0.0017297063022851944 0.0662708654999733
v 0.034541912376880646 -0.003002125769853592 0.06814616918563843
v -0.09688758850097656 0.00026435358449816704 -0.028502685949206352
v -0.0975692868232727 -0.0010520978830754757 -0.030086807906627655
v -0.09568016976118088 -0.0010058172047138214 -0.027673760429024696
v -0.09552470594644547 -0.00025992700830101967 -0.025995012372732162
v -0.09511498361825943 0.00165602657943964 -0.023864004760980606
v -0.09459350258111954 0.002303467132151127 -0.023326188325881958
v -0.09630609303712845 0.0014359932392835617 -0.026611361652612686
v -0.08785334974527359 -0.010982642881572247 -0.019486213102936745
v -0.08901524543762207 -0.009894185699522495 -0.020004555583000183
v 0.03663426637649536 -0.0031553134322166443 0.06594904512166977
v 0.031839266419410706 -0.002878990024328232 0.07020444422960281
v -0.08413578569889069 -0.038121290504932404 -0.021035198122262955
v -0.08429157733917236 -0.04339466243982315 -0.022174816578626633
v -0.0925062894821167 -0.030016573145985603 -0.03258634731173515
v -0.09164705127477646 -0.029962794855237007 -0.02998906560242176
v -0.09387779980897903 -0.01770959421992302 -0.039184749126434326
v -0.09472121298313141 -0.009365523234009743 -0.03718262165784836
v -0.09297774732112885 -0.00984202604740858 -0.0354309156537056
v -0.09267706423997879 -0.017721904441714287 -0.037908270955085754
v 0.03176798298954964 -0.001285303384065628 0.07045053690671921
v 0.031574949622154236 0.0001733582466840744 0.07035747170448303
v 0.03504624962806702 -0.002522233873605728 0.06184690073132515
v 0.0343274362385273 -0.0023983921855688095 0.06264165788888931
v -0.08747633546590805 -0.016000758856534958 -0.03455515205860138
v -0.08438950777053833 -0.014886565506458282 -0.03418455645442009
v -0.08224879205226898 -0.022486144676804543 -0.012564138509333134
v -0.08182193338871002 -0.019301539286971092 -0.009708931669592857
v -0.08433431386947632 -0.012407492846250534 -0.01834624633193016
v -0.08451245725154877 -0.011099593713879585 -0.016577305272221565
v -0.08688060939311981 -0.03323063626885414 -0.03516528010368347
v -0.08222299814224243 -0.04119592159986496 -0.0293747428804636
v -0.08675223588943481 -0.03565176576375961 -0.033864475786685944
v -0.07819362729787827 -0.04186098277568817 -0.027503754943609238
v -0.07770729064941406 -0.04323335736989975 -0.02542465552687645
v -0.08015530556440353 -0.043165747076272964 -0.027000591158866882
v 0.03534286469221115 -0.002993406727910042 0.06389512121677399
v 0.03637420013546944 -0.0030232761055231094 0.06255435943603516
v 0.03554115071892738 -0.0027612242847681046 0.06113981828093529
v 0.03684571757912636 -0.0030172672122716904 0.061566587537527084
v 0.03122386522591114 -0.0028855595737695694 0.060313839465379715
v 0.030861683189868927 -0.0028017759323120117 0.0607103630900383
v 0.0302808228880167 -0.0027682948857545853 0.061250586062669754
v -0.08818066865205765 -0.034537650644779205 -0.02846161462366581
v -0.09030494838953018 -0.032860834151506424 -0.030575551092624664
v 0.03147455304861069 -0.003064267337322235 0.060050349682569504
v -0.08164530247449875 -0.020382657647132874 -0.018586918711662292
v -0.08038493245840073 -0.021351493895053864 -0.020680531859397888
v -0.07980883866548538 -0.020292047411203384 -0.018442291766405106
v -0.09365419298410416 -0.015678539872169495 -0.027788475155830383
v -0.09361790120601654 -0.023083409294486046 -0.029998738318681717
v -0.08891412615776062 -0.008546923287212849 -0.01483127661049366
v 0.031686730682849884 -0.003313610330224037 0.05990106239914894
v -0.08563472330570221 -0.01741894707083702 -0.016479095444083214
v -0.08643091470003128 -0.014672884717583656 -0.01388654112815857
v -0.09209825098514557 -0.005992196034640074 -0.014058977365493774
v -0.09075910598039627 -0.007142756134271622 -0.014941848814487457
v -0.08986122906208038 -0.00792603101581335 -0.014882279559969902
v -0.0906805694103241 -0.007698442786931992 -0.013790575787425041
v -0.0745542123913765 -0.0280013307929039 -0.02209167554974556
v -0.07648643851280212 -0.03027419000864029 -0.020569361746311188
v -0.07834606617689133 -0.02767537347972393 -0.019282499328255653
v 0.03191696107387543 -0.0036320313811302185 0.05986534804105759
v 0.03159315884113312 -0.003913523629307747 0.05997161194682121
v 0.05585901439189911 -0.03041422739624977 0.04710547626018524
v 0.05466175824403763 -0.019593331962823868 0.04822514206171036
v -0.09385540336370468 0.001057751476764679 -0.02117106318473816
v -0.09428644180297852 -0.000488785095512867 -0.022533848881721497
v -0.09207984805107117 -0.00408999715000391 -0.03147853910923004
v 0.05751883611083031 -0.026403337717056274 0.04331378638744354
v 0.03747709468007088 -0.006421925500035286 0.062334753572940826
v -0.08962564915418625 -0.0062446072697639465 -0.018963053822517395
v -0.08934563398361206 -0.007200629450380802 -0.02032260037958622
v 0.037946753203868866 -0.005849817767739296 0.061498548835515976
v -0.08952824771404266 0.0062355464324355125 -0.02134459838271141
v -0.08954840898513794 0.0029900968074798584 -0.01857776939868927
v -0.0892401710152626 0.003037603572010994 -0.017362451180815697
v -0.0893235057592392 0.007533412426710129 -0.016451114788651466
v 0.03685234487056732 -0.006071455776691437 0.0620245486497879
v -0.07653076946735382 -0.04643344134092331 -0.02274474687874317
v -0.07926283776760101 -0.04580406844615936 -0.02533680945634842
v -0.07914386689662933 -0.04447571560740471 -0.02557903528213501
v -0.07719703018665314 -0.04474914073944092 -0.02374705858528614
v -0.08113593608140945 -0.03368324041366577 -0.02167370356619358
v -0.07952148467302322 -0.03348204866051674 -0.02373408153653145
v 0.0372421070933342 -0.005514763295650482 0.06131517514586449
v -0.09347786009311676 -0.02815806306898594 -0.03516006842255592
v -0.09289306402206421 -0.029203051701188087 -0.034309472888708115
v -0.0943080261349678 -0.024985289201140404 -0.03536922484636307
v -0.0946723222732544 -0.023418568074703217 -0.035999082028865814
v 0.03840574994683266 -0.005204666405916214 0.060726046562194824
v 0.03884699568152428 -0.005436612293124199 0.06070344150066376
v 0.03450567275285721 -0.00667782686650753 0.06302815675735474
v 0.030383780598640442 -0.00518447533249855 0.06143979728221893
v 0.031054357066750526 -0.004874717444181442 0.06095486879348755
v -0.08481614291667938 -0.012574209831655025 -0.023453552275896072
v -0.08429358154535294 -0.013698788359761238 -0.02251886948943138
v -0.08812730014324188 -0.001002511940896511 -0.021661970764398575
v -0.09040010720491409 0.0009210286661982536 -0.022465884685516357
v -0.09032457321882248 0.0022390959784388542 -0.018877796828746796
v -0.0886504203081131 0.0007819496095180511 -0.01924007572233677
v -0.09391427785158157 -0.0030992391984909773 -0.0331537127494812
v 0.035345304757356644 -0.006122797727584839 0.062281761318445206
v 0.03317176550626755 -0.007356943562626839 0.06397808343172073
v 0.02954002656042576 -0.00551154650747776 0.06190260127186775
v 0.03088810294866562 -0.004450192674994469 0.06049470975995064
v 0.03129381686449051 -0.00421789288520813 0.06019914150238037
v -0.08936550468206406 -0.00869203731417656 -0.020596828311681747
v -0.08975327014923096 -0.008363926783204079 -0.021363859996199608
v 0.03534480929374695 -0.005572199821472168 0.06158984452486038
v -0.08915814012289047 -0.00840337947010994 -0.019983651116490364
v 0.03584741801023483 -0.005037510767579079 0.06097527593374252
v 0.03748197853565216 -0.0048761311918497086 0.06084165349602699
v -0.08563976734876633 -0.011697093024849892 -0.01574442908167839
v -0.08769761025905609 -0.01295387651771307 -0.01591346226632595
v -0.0917939841747284 -0.005270520690828562 -0.015503056347370148
v -0.09449774026870728 -0.0017290860414505005 -0.017166322097182274
v -0.09375716745853424 -0.0008562793955206871 -0.018429923802614212
v -0.09135840088129044 -0.004346635192632675 -0.015623923391103745
v 0.03654148429632187 -0.004064658656716347 0.0603945292532444
v 0.03633495420217514 -0.0036034248769283295 0.06047675386071205
v 0.037823986262083054 -0.004427669569849968 0.060642652213573456
v -0.08740779012441635 -0.0070565612986683846 -0.015210377983748913
v 0.03780272975564003 -0.003869982436299324 0.060684241354465485
v 0.03623146936297417 -0.004474038258194923 0.06054362282156944
v -0.026490597054362297 -0.02877657487988472 -0.09784382581710815
v -0.029381945729255676 -0.01740526407957077 -0.10266799479722977
v 0.03603197634220123 -0.003165377303957939 0.06072835996747017
v 0.03751344233751297 -0.0035122092813253403 0.06103580445051193
v 0.03906402736902237 -0.0058663710951805115 0.06041504070162773
v 0.03916211798787117 -0.004960909485816956 0.06031404808163643
v 0.03961227834224701 -0.004161082208156586 0.059841446578502655
v 0.039445288479328156 -0.005794389173388481 0.05985567718744278
v -0.09066986292600632 0.0012231925502419472 -0.011661195196211338
v -0.09095498919487 0.00329576525837183 -0.01468081958591938
v -0.09209728986024857 0.004211289808154106 -0.015026766806840897
v -0.09128987789154053 0.002047590911388397 -0.01206900179386139
v -0.09517547488212585 -0.0013475213199853897 -0.02589293196797371
v 0.04009953886270523 -0.005464442074298859 0.05910060182213783
v 0.03980094939470291 -0.006639724597334862 0.05921531096100807
v 0.0403854064643383 -0.0032433252781629562 0.05957295373082161
v 0.04164295643568039 -0.002063276246190071 0.05862624943256378
v -0.09851723164319992 -0.0038112858310341835 -0.03126232326030731
v -0.08492335677146912 -0.019903108477592468 -0.02085231989622116
v -0.08214377611875534 -0.02211008407175541 -0.02226308174431324
v 0.04131796211004257 -0.005017036572098732 0.05804049223661423
v 0.04070449620485306 -0.006519712507724762 0.05811085179448128
v 0.038844361901283264 -0.0045264605432748795 0.06043187901377678
v -0.072615846991539 -0.022068887948989868 -0.021622933447360992
v -0.07302334904670715 -0.021030165255069733 -0.02118072286248207
v -0.07370536029338837 -0.02118893340229988 -0.02222321182489395
v -0.07357878983020782 -0.021951735019683838 -0.022777363657951355
v 0.03884069621562958 -0.0041369106620550156 0.06031234934926033
v 0.0398639477789402 -0.0026353131979703903 0.06100630387663841
v -0.07647878676652908 -0.027164284139871597 -0.02441578544676304
v -0.07857543230056763 -0.028305232524871826 -0.02380037121474743
v -0.07746671885251999 -0.029973451048135757 -0.02260032668709755
v -0.07581504434347153 -0.028506308794021606 -0.02400551177561283
v 0.040432874113321304 -0.0014427918940782547 0.06075209006667137
v 0.03926730528473854 -0.0034804269671440125 0.06097618117928505
v 0.03877038508653641 -0.003189731389284134 0.062281087040901184
v 0.03926485404372215 -0.002247059717774391 0.0625079870223999
v -0.07195111364126205 -0.024494268000125885 -0.02251465991139412
v -0.07229888439178467 -0.023167258128523827 -0.022011136636137962
v -0.07309649884700775 -0.023365627974271774 -0.023493504151701927
v -0.0726751834154129 -0.024735838174819946 -0.02429434470832348
v 0.03954169526696205 -0.0010988935828208923 0.062321752309799194
v 0.03831271827220917 -0.002085316926240921 0.06431230902671814
v -0.09319603443145752 0.001305457204580307 -0.019456474110484123
v -0.09485034644603729 0.001430700533092022 -0.02149197831749916
v 0.038428258150815964 -0.0007243379950523376 0.0642317682504654
v 0.037948016077280045 -0.0032076407223939896 0.0638836920261383
v 0.03855655714869499 -0.0037348903715610504 0.060971301048994064
v -0.1003541499376297 -0.005558314733207226 -0.030194224789738655
v -0.10059085488319397 -0.007315865717828274 -0.0316840261220932
v -0.097893625497818 -0.0007011801935732365 -0.027822084724903107
v -0.0983334630727768 -0.002202363219112158 -0.02945198491215706
v 0.03807294741272926 -0.0034325197339057922 0.06192881613969803
v 0.037345971912145615 -0.0034253131598234177 0.06330829113721848
v 0.036192409694194794 -0.003579389303922653 0.06510671973228455
v -0.08126264810562134 -0.02979261800646782 -0.013475802727043629
v -0.08237657696008682 -0.029302237555384636 -0.014994095079600811
v -0.08192959427833557 -0.030809929594397545 -0.01535720657557249
v -0.1016465350985527 -0.0032677301205694675 -0.02932620421051979
v -0.10133148729801178 -2.510892227292061e-05 -0.030586322769522667
v -0.0793028399348259 -0.04697350412607193 -0.014067169278860092
v -0.07820303738117218 -0.048741668462753296 -0.01319734938442707
v -0.04619831219315529 -0.11948776245117188 -0.015387022867798805
v -0.056353747844696045 -0.11208297312259674 -0.026092970743775368
v -0.05502297729253769 -0.12203874439001083 -0.028069017454981804
v -0.04479798302054405 -0.12902000546455383 -0.017731880769133568
v -0.09133933484554291 -0.0032012881711125374 -0.011951768770813942
v -0.09010880440473557 -0.0004677390679717064 -0.011243415996432304
v 0.034306176006793976 -0.0035249385982751846 0.06721309572458267
v 0.03346618637442589 -0.002968568354845047 0.06567896157503128
v 0.031616561114788055 -0.003437090665102005 0.0691860094666481
v -0.07195568084716797 -0.026414956897497177 -0.023277729749679565
v -0.0719209536910057 -0.02651873789727688 -0.023312440142035484
v -0.07439981400966644 -0.028478587046265602 -0.02334059588611126
v -0.07678728550672531 -0.023626092821359634 -0.019711099565029144
v -0.07329285144805908 -0.022658584639430046 -0.020940328016877174
v 0.03087637946009636 -0.0031291283667087555 0.06726434826850891
v 0.02755570039153099 0.0028412584215402603 0.07268504053354263
v 0.032891035079956055 0.0034020524471998215 0.07090488821268082
v 0.03022761642932892 -0.0023426171392202377 0.06539641320705414
v 0.02793211117386818 -0.0029222816228866577 0.06269829720258713
v 0.02647496573626995 -0.0030319858342409134 0.06306858360767365
v 0.02744458243250847 -0.002942238003015518 0.06647103279829025
v -0.07720638066530228 -0.025786295533180237 -0.02406609058380127
v 0.01774507574737072 -0.00526781752705574 0.06703746318817139
v 0.018770238384604454 -0.004692761227488518 0.06767424196004868
v -0.07709856331348419 -0.021034182980656624 -0.021612299606204033
v -0.07697821408510208 -0.020244725048542023 -0.020142287015914917
v -0.07695744186639786 -0.033517949283123016 -0.020390842109918594
v -0.07797136902809143 -0.034099042415618896 -0.022355403751134872
v -0.07937474548816681 -0.035364553332328796 -0.019361600279808044
v -0.07289732992649078 -0.02671181783080101 -0.02472030743956566
v -0.0856996476650238 -0.011732906103134155 -0.0212281234562397
v 0.022069282829761505 -0.00411079078912735 0.06395273655653
v 0.02146601490676403 -0.004294626414775848 0.0637090653181076
v 0.0160180926322937 -0.005693715065717697 0.06794662028551102
v 0.017466124147176743 -0.005013002082705498 0.06878430396318436
v -0.07992919534444809 -0.025706294924020767 -0.02377433516085148
v -0.08092285692691803 -0.027545878663659096 -0.026150014251470566
v -0.08004409819841385 -0.02930445596575737 -0.02562904916703701
v -0.07915371656417847 -0.02732398733496666 -0.024055151268839836
v -0.08634018898010254 -0.037536539137363434 -0.02748698741197586
v -0.0864962637424469 -0.03581651672720909 -0.027104351669549942
v -0.07887895405292511 -0.031115181744098663 -0.02873828075826168
v -0.08231064677238464 -0.03217904269695282 -0.02682187594473362
v -0.08524714410305023 -0.01725432090461254 -0.020346464589238167
v -0.08673781901597977 -0.015153170563280582 -0.017394181340932846
v -0.08237777650356293 -0.020266598090529442 -0.019076596945524216
v -0.08014242351055145 -0.023851711302995682 -0.022457070648670197
v -0.08166634291410446 -0.02576497197151184 -0.02517014741897583
v -0.0769914761185646 -0.022504640743136406 -0.019658148288726807
v -0.08009650558233261 -0.022731322795152664 -0.018105294555425644
v -0.07994331419467926 -0.02161591313779354 -0.01821092516183853
v -0.07704728841781616 -0.021509921178221703 -0.019738100469112396
v -0.09096767008304596 -0.006889671087265015 -0.0214568879455328
v -0.08838959783315659 -0.0025657080113887787 -0.00985727459192276
v -0.08981667459011078 -0.005604670848697424 -0.011457933112978935
v -0.0914902612566948 0.01316328626126051 -0.0317712128162384
v -0.08921916782855988 0.006637783721089363 -0.038432274013757706
v -0.08893819153308868 0.004207641817629337 -0.025745436549186707
v -0.0781112089753151 -0.02427946776151657 -0.023603318259119987
v -0.07335908710956573 -0.020527157932519913 -0.02117782272398472
v -0.07400181144475937 -0.021301530301570892 -0.0209694541990757
v -0.09266696125268936 -0.03266983479261398 -0.03395066037774086
v -0.0799175575375557 -0.03627517819404602 -0.0190120842307806
v -0.0845537781715393 -0.01332731731235981 -0.01661771535873413
v -0.09299341589212418 -0.02293422818183899 -0.03923641890287399
v -0.09153676778078079 -0.028515435755252838 -0.03858884423971176
v -0.084397092461586 -0.011928031221032143 -0.016569970175623894
v -0.0846320316195488 -0.010969136841595173 -0.016353661194443703
v -0.07887392491102219 -0.033920012414455414 -0.023282410576939583
v -0.08054225146770477 -0.03452785313129425 -0.020627513527870178
v -0.08490800112485886 -0.010781342163681984 -0.016042958945035934
v -0.08260931074619293 -0.029389910399913788 -0.016440294682979584
v -0.0948270708322525 -0.006285167299211025 -0.025820430368185043
v 0.022264540195465088 -0.003933781757950783 0.06781240552663803
v 0.02393024042248726 -0.0036721378564834595 0.06401433795690536
v -0.0830061286687851 -0.04436352103948593 -0.03004351817071438
v -0.08099518716335297 -0.04624541103839874 -0.02742811106145382
v 0.022857489064335823 -0.003917854279279709 0.06406570971012115
v -0.0737980306148529 -0.021779082715511322 -0.020623324438929558
v 0.020501399412751198 -0.004318105056881905 0.0677744597196579
v -0.07623712718486786 -0.029815539717674255 -0.02194373495876789
v -0.07731308043003082 -0.022643230855464935 -0.022258201614022255
v 0.021562840789556503 -0.004180524498224258 0.06970725208520889
v 0.019242404028773308 -0.0045617856085300446 0.06933921575546265
v 0.027651019394397736 -0.00340382382273674 0.06866205483675003
v -0.08200183510780334 -0.025238851085305214 -0.01752118580043316
v -0.08140819519758224 -0.027333445847034454 -0.017742635682225227
v -0.08297649770975113 -0.027281619608402252 -0.015766631811857224
v 0.0004521273076534271 0.0821991115808487 -0.1002536490559578
v 0.0008784066885709763 0.06770966202020645 -0.10681785643100739
v -0.08345045149326324 -0.03126449137926102 -0.028261056169867516
v -0.08012905716896057 -0.028760958462953568 -0.030156655237078667
v -0.08166839182376862 -0.027665186673402786 -0.031827762722969055
v -0.08550786226987839 -0.030028384178876877 -0.029094954952597618
v -0.08968811482191086 -0.03376536816358566 -0.037357818335294724
v -0.0874544158577919 -0.038611266762018204 -0.03505515307188034
v -0.08925569802522659 -0.04045328125357628 -0.035318322479724884
v -0.09220543503761292 -0.03523947671055794 -0.037451062351465225
v 0.02068047784268856 0.06926428526639938 -0.09850164502859116
v 0.01985914073884487 0.0818420946598053 -0.09297755360603333
v -0.09400580078363419 0.03069743700325489 -0.03685825690627098
v -0.09196406602859497 0.017050176858901978 -0.023832041770219803
v -0.09429942071437836 0.034324295818805695 -0.024314548820257187
v -0.0936342105269432 0.0032027466222643852 -0.026881003752350807
v -0.09342354536056519 0.0014430200681090355 -0.028914617374539375
v -0.09869170188903809 0.0021927421912550926 -0.03113701567053795
v -0.08859772235155106 0.004601152613759041 -0.012052981182932854
v -0.08899754285812378 0.002862546592950821 -0.01605851948261261
v -0.09073932468891144 0.002359299920499325 -0.01447182148694992
v -0.09724646061658859 -0.018230007961392403 -0.039972126483917236
v 0.03257545828819275 -0.0022881310433149338 0.06413676589727402
v 0.029249761253595352 -0.0028024576604366302 0.061998866498470306
v 0.030139844864606857 0.08208023756742477 -0.08551366627216339
v 0.028914805501699448 0.08969834446907043 -0.08083027601242065
v 0.019812561571598053 0.0920470803976059 -0.08552482724189758
v 0.027431946247816086 -0.056639812886714935 -0.0832972303032875
v 0.01817025989294052 -0.06733352690935135 -0.0919458195567131
v -0.08466758579015732 -0.013319229707121849 -0.010840361937880516
v -0.0868038609623909 -0.012885156087577343 -0.012669498100876808
v 0.01404330413788557 -0.006380701437592506 0.06914959102869034
v -0.08616016805171967 -0.03178059309720993 -0.03576190769672394
v 0.015917886048555374 -0.005548626184463501 0.06977083534002304
v -0.08670215308666229 -0.03262866288423538 -0.026833228766918182
v -0.08912382274866104 -0.0316779762506485 -0.02824695035815239
v -0.09848634898662567 0.0011483561247587204 -0.020412929356098175
v -0.09574668109416962 -0.0010540708899497986 -0.018778445199131966
v 0.01271854154765606 -0.007136698812246323 0.06860890239477158
v 0.011776212602853775 -0.007299838587641716 0.06869284808635712
v 0.01318211667239666 -0.006383558735251427 0.06936995685100555
v 0.01483796164393425 -0.005422359332442284 0.0700300857424736
v 0.018206190317869186 -0.004837965592741966 0.07031825929880142
v 0.0173189640045166 -0.00465313158929348 0.07092618942260742
v 0.020825166255235672 -0.0039567891508340836 0.07181764394044876
v 0.020918207243084908 -0.004451712593436241 0.07091699540615082
v 0.027950724586844444 -0.003648769110441208 0.07057104259729385
v 0.027983175590634346 -0.002982696518301964 0.07152139395475388
v 0.020197564736008644 -0.0028474051505327225 0.07191872596740723
v 0.01662592589855194 -0.003819672390818596 0.07080081850290298
v 0.019389323890209198 -0.0013942364603281021 0.07191326469182968
v 0.016368361189961433 -0.0024134311825037003 0.07086782902479172
v 0.027427881956100464 -5.091354250907898e-05 0.07162251323461533
v 0.028017761185765266 -0.001415526494383812 0.07170478254556656
v 0.01579221710562706 -0.008727096021175385 0.06861349195241928
v 0.013458129949867725 -0.008676884695887566 0.06849683076143265
v 0.016405822709202766 -0.0082677211612463 0.06837179511785507
v 0.014107635244727135 -0.008207771927118301 0.06817981600761414
v 0.01755484566092491 -0.007648337632417679 0.06761177629232407
v 0.012985185720026493 -0.007916990667581558 0.06811361014842987
v 0.01203443668782711 -0.00824173353612423 0.06839840859174728
v -0.007699501700699329 -0.13399118185043335 0.009016219526529312
v -0.0074197836220264435 -0.1394718885421753 0.003648623824119568
v 0.018675070255994797 -0.007151246070861816 0.06684162467718124
v 0.01223918329924345 -0.006288599222898483 0.06899192184209824
v 0.010845583863556385 -0.007420552894473076 0.0686177983880043
v 0.011001339182257652 -0.005264535546302795 0.06859912723302841
v 0.010072536766529083 -0.00715145468711853 0.0684875100851059
v 0.013565754517912865 -0.003121212124824524 0.06961515545845032
v 0.013912788592278957 -0.004862558096647263 0.06957069039344788
v 0.011021329089999199 -0.008462747558951378 0.06832810491323471
v 0.011859900318086147 -0.008933255448937416 0.06843052059412003
v 0.01033555343747139 -0.008327426388859749 0.06819365173578262
v 0.01115940511226654 -0.008931014686822891 0.06825091689825058
v 0.01899038627743721 -0.011407818645238876 0.0690687745809555
v 0.018774548545479774 -0.011845188215374947 0.06875945627689362
v 0.015387285500764847 -0.010305378586053848 0.06882762163877487
v 0.014749625697731972 -0.010501231998205185 0.0685700997710228
v 0.027476748451590538 -0.013414567336440086 0.0670008510351181
v 0.030514346435666084 -0.013072893023490906 0.06593287736177444
v 0.027198433876037598 -0.014467094093561172 0.06676246970891953
v -0.010125323198735714 -0.04287925362586975 0.08421824872493744
v -0.011141378432512283 -0.042865090072155 0.08300431817770004
v -0.009937693364918232 -0.041039153933525085 0.08224653452634811
v -0.009583376348018646 -0.04113154113292694 0.08282220363616943
v 0.030382070690393448 -0.01407743338495493 0.06553831696510315
v 0.022166553884744644 -0.014560284093022346 0.06788033246994019
v 0.02265063300728798 -0.013595493510365486 0.06804466992616653
v 0.03467379882931709 -0.1294218897819519 -0.012399947270751
v 0.03993063047528267 -0.009221453219652176 0.05853424221277237
v 0.04112851619720459 -0.009997278451919556 0.05762224644422531
v 0.039532482624053955 -0.01120222918689251 0.059189602732658386
v 0.03851407766342163 -0.010114511474967003 0.05988335981965065
v 0.036911629140377045 -0.010964296758174896 0.061357904225587845
v -0.010096277110278606 -0.051043711602687836 0.0819103941321373
v -0.009630512446165085 -0.04958966001868248 0.0815424919128418
v -0.010883135721087456 -0.049476996064186096 0.08069327473640442
v -0.011768766678869724 -0.050761401653289795 0.08124896883964539
v 0.03752515837550163 -0.012158416211605072 0.060899198055267334
v 0.03530079498887062 -0.012926001101732254 0.06259216368198395
v 0.035008855164051056 -0.011849962174892426 0.06303209811449051
v 0.03328632190823555 -0.012454485520720482 0.06438928842544556
v 0.03319220989942551 -0.013630536384880543 0.06407410651445389
v 0.04299994185566902 -0.004717746749520302 0.056457262486219406
v 0.04369119927287102 -0.001160232350230217 0.05646752938628197
v 0.0446946807205677 -0.0046722739934921265 0.054582465440034866
v 0.045859549194574356 -0.0008681658655405045 0.05424192547798157
v 0.008977843448519707 -0.004212928935885429 0.06878412514925003
v -0.008714078925549984 -0.040909700095653534 0.08251839876174927
v -0.007415536791086197 -0.043111659586429596 0.08458295464515686
v -0.008370580151677132 -0.043169375509023666 0.08530114591121674
v -0.00903814472258091 -0.04102111607789993 0.0827738493680954
v 0.008785204961895943 -0.006677007302641869 0.06816668808460236
v 0.007392904721200466 -0.0033410824835300446 0.06990737468004227
v 0.007342139258980751 -0.006046390160918236 0.06900357455015182
v 0.008621720597147942 -0.0005205776542425156 0.07140511274337769
v 0.01058080606162548 -0.0014721732586622238 0.0699964389204979
v 0.009462537243962288 -0.008169801905751228 0.06819549947977066
v 0.010457532480359077 -0.009108871221542358 0.06801888346672058
v 0.0084097133949399 -0.008338365703821182 0.06847359240055084
v 0.00966732669621706 -0.00967058539390564 0.0683283805847168
v 0.01822792924940586 -0.01251879334449768 0.06849189847707748
v 0.017725452780723572 -0.013453790917992592 0.06831943243741989
v 0.014171246439218521 -0.011025896295905113 0.06852183490991592
v 0.013344588689506054 -0.011884208768606186 0.06844035536050797
v 0.0347750186920166 -0.0024547907523810863 -0.08956996351480484
v 0.03525029867887497 0.04130200296640396 -0.09347197413444519
v 0.03986482694745064 0.008402727544307709 0.06896047294139862
v 0.03765225410461426 0.005625087767839432 0.06903792172670364
v 0.03415759280323982 0.005952730774879456 0.07166000455617905
v 0.035766731947660446 0.008894719183444977 0.07256049662828445
v 0.04210022836923599 0.01232677698135376 0.06747575849294662
v 0.04462509974837303 0.010013408958911896 0.06370946764945984
v 0.04265676066279411 0.007116183638572693 0.065362848341465
v 0.04042879119515419 0.004744855687022209 0.06614433228969574
v 0.044298525899648666 0.001471489667892456 0.05772632732987404
v 0.0425901785492897 0.00086221843957901 0.05927405133843422
v 0.04258221387863159 0.002332668751478195 0.06094976142048836
v 0.044214967638254166 0.0033084936439990997 0.05968201905488968
v 0.04632943496108055 0.001987684518098831 0.05555366352200508
v 0.046475619077682495 0.004500895738601685 0.05782569944858551
v 0.04361432418227196 0.00501641072332859 0.06229369342327118
v 0.041733741760253906 0.00353291817009449 0.06332308799028397
v 0.04598626866936684 0.00690794549882412 0.060738783329725266
v 0.016621939837932587 0.004267875105142593 0.07420195639133453
v 0.017290756106376648 0.0026581287384033203 0.0728604719042778
v 0.01445374172180891 0.0004438105970621109 0.07141174376010895
v 0.012985210865736008 0.0013623405247926712 0.07212156057357788
v 0.015133680775761604 0.005139265209436417 0.07544180750846863
v 0.010840224102139473 0.002118663862347603 0.0731334388256073
v 0.029171373695135117 0.008294347673654556 0.0755184143781662
v 0.02840927615761757 0.005868049338459969 0.07385775446891785
v 0.019018489867448807 -0.00016992725431919098 0.07189998030662537
v 0.017106350511312485 -0.0012429971247911453 0.07138945162296295
v 0.018372220918536186 0.0002827811986207962 0.07176219671964645
v 0.0161531213670969 -0.001166345551609993 0.07107289880514145
v 0.038016427308321 0.09719933569431305 -0.06154134124517441
v 0.0405026376247406 0.10048186779022217 -0.04814593493938446
v 0.022977251559495926 0.11095567792654037 -0.05142563581466675
v 0.021887648850679398 0.10631760954856873 -0.06497007608413696
v 0.03428376838564873 0.0006004795432090759 0.0687912255525589
v 0.03500078618526459 0.001482199877500534 0.06857290863990784
v 0.037405241280794144 0.0013348180800676346 0.06628922373056412
v 0.03674440085887909 0.00047513842582702637 0.06667689234018326
v 0.03860194608569145 0.00027173012495040894 0.0644066110253334
v 0.03926077112555504 0.0011656451970338821 0.06409481167793274
v 0.04042709618806839 0.0006603244692087173 0.06212804093956947
v 0.03984072804450989 3.4440308809280396e-06 0.06247229501605034
v 0.0404842272400856 -0.000362275168299675 0.06111713498830795
v 0.04104608669877052 -6.269291043281555e-05 0.060497917234897614
v 0.016234956681728363 6.681680679321289e-05 0.0715346559882164
v 0.018194878473877907 0.0011067576706409454 0.07226064056158066
v 0.032254766672849655 0.07096944004297256 -0.08930349349975586
v 0.03395582735538483 0.04949924722313881 0.06590192764997482
v 0.04073472321033478 0.04797069728374481 0.05854348838329315
v 0.039504386484622955 0.04018639028072357 0.06303569674491882
v 0.03587080538272858 0.003108680248260498 0.06882938742637634
v 0.03850044310092926 0.0027066413313150406 0.0663173571228981
v 0.04024738073348999 0.0022021420300006866 0.06386130303144455
v 0.0413476787507534 0.001462021842598915 0.0618131197988987
v 0.04173905402421951 0.0008013211190700531 0.06048167124390602
v 0.06368663161993027 -0.01962289586663246 -0.013624891638755798
v 0.0637982115149498 -0.019169604405760765 -0.015199271962046623
v 0.06774093955755234 -0.003321469761431217 -0.03837228938937187
v 0.06507302820682526 0.002624283544719219 -0.035875048488378525
v 0.06369514018297195 0.005599640309810638 -0.033840179443359375
v 0.06954748928546906 0.009965086355805397 -0.01874716952443123
v 0.0711398646235466 0.013673724606633186 -0.020928721874952316
v 0.07375900447368622 -0.02255897969007492 -0.03590787202119827
v 0.07077871263027191 -0.025493156164884567 -0.032532401382923126
v -0.09916256368160248 0.004256434738636017 -0.020437221974134445
v 0.07339700311422348 -0.021570056676864624 -0.03619154170155525
v 0.07710607349872589 0.012176550924777985 -0.03107479028403759
v 0.07751377671957016 0.010946588590741158 -0.032778892666101456
v 0.07846396416425705 0.010623534210026264 -0.03257722035050392
v 0.0300515778362751 -0.026033643633127213 -0.08434359729290009
v 0.03320157900452614 -0.012067914940416813 -0.08756903558969498
v 0.0777437835931778 0.00957024097442627 -0.03450630232691765
v 0.06498759984970093 -0.014063755050301552 -0.016392793506383896
v 0.06904605776071548 -0.003667058888822794 -0.03870263695716858
v 0.07071653753519058 -0.003734294790774584 -0.04061860963702202
v 0.07204790413379669 -0.008565003983676434 -0.04202009364962578
v 0.0711718201637268 -0.008241918869316578 -0.041232530027627945
v 0.07179446518421173 -0.0138973044231534 -0.04137573018670082
v 0.07095704972743988 -0.013221414759755135 -0.040695175528526306
v 0.07454995810985565 -0.01811330020427704 -0.038099803030490875
v 0.07415083050727844 -0.013256817124783993 -0.03987578675150871
v 0.07205590605735779 0.014445692300796509 -0.02224360965192318
v 0.07207182794809341 0.013532271608710289 -0.02167605049908161
v 0.07277170568704605 0.014601973816752434 -0.02269999496638775
v 0.06583284586668015 -0.014798060059547424 -0.01801566779613495
v 0.06798647344112396 0.007703590206801891 -0.019199443981051445
v 0.0679851770401001 0.005595004186034203 -0.017851021140813828
v 0.0676097497344017 0.006106708198785782 -0.01820840872824192
v 0.06327742338180542 -0.009409339167177677 -0.02066141739487648
v 0.062986359000206 -0.008611847646534443 -0.020616529509425163
v 0.06456760317087173 -0.010795521549880505 -0.020687581971287727
v 0.06646104156970978 -0.012330695055425167 -0.019008297473192215
v 0.0611763522028923 -0.01963772624731064 -0.022621581330895424
v 0.06076867878437042 -0.020037762820720673 -0.02427242510020733
v 0.06027509272098541 -0.02087654545903206 -0.023877499625086784
v 0.07402949035167694 0.021001547574996948 -0.024667896330356598
v 0.06820765882730484 0.004563342779874802 -0.01766204461455345
v 0.0693131759762764 0.0056967586278915405 -0.017866207286715508
v 0.06979579478502274 0.006905002519488335 -0.017982879653573036
v 0.07353134453296661 0.014030984602868557 -0.023030756041407585
v 0.0702122151851654 0.007858444936573505 -0.01804676093161106
v 0.0691644474864006 0.007890675216913223 -0.018165433779358864
v 0.07032940536737442 0.009705492295324802 -0.018709640949964523
v 0.06846897304058075 0.00802653655409813 -0.01848646253347397
v 0.06515105068683624 -0.013906238600611687 -0.03543667495250702
v 0.06426873803138733 -0.014475570060312748 -0.03346981108188629
v 0.0636536180973053 0.00016796216368675232 -0.00971571821719408
v 0.06432314217090607 -0.001321885734796524 -0.011989859864115715
v 0.069983571767807 -0.026760660111904144 -0.03052588552236557
v 0.06442989408969879 0.01009099930524826 -0.02719779498875141
v 0.06529638171195984 0.013595222495496273 -0.028702061623334885
v 0.07565585523843765 -0.00887377094477415 -0.040253687649965286
v 0.06972873955965042 -0.01761944778263569 -0.03220228850841522
v 0.0677722916007042 -0.018996451050043106 -0.031076708808541298
v 0.07178215682506561 -0.015795452520251274 -0.03334697335958481
v 0.07356797903776169 -0.012827552855014801 -0.03427693620324135
v 0.06497451663017273 -0.0005754139274358749 -0.022945620119571686
v 0.07348355650901794 0.005556480959057808 -0.028101732954382896
v 0.07394814491271973 0.0037403125315904617 -0.02981269732117653
v 0.07216756045818329 0.005334232002496719 -0.026729941368103027
v 0.06637580692768097 0.016599107533693314 -0.026706477627158165
v 0.06680759787559509 0.015751827508211136 -0.024228308349847794
v 0.06381841003894806 0.012738501653075218 -0.025835489854216576
v 0.06677576154470444 0.01377015095204115 -0.023979825899004936
v 0.0628587156534195 -0.01634696125984192 -0.021589333191514015
v 0.06063704192638397 -0.021056614816188812 -0.026441816240549088
v 0.06259413808584213 -0.019390633329749107 -0.027559099718928337
v 0.061666980385780334 -0.02133971080183983 -0.02759023942053318
v 0.06307865679264069 -0.020016124472022057 -0.029036283493041992
v 0.0631507933139801 -0.01848936825990677 -0.030194852501153946
v 0.06345648318529129 -0.016584888100624084 -0.03095666877925396
v 0.06468501687049866 -0.014683966524899006 -0.030551202595233917
v 0.06231515109539032 -0.012332319281995296 -0.021194063127040863
v 0.06682682782411575 0.014124908484518528 -0.014916077256202698
v 0.06196930259466171 -0.014093871228396893 -0.021641943603754044
v 0.06366030871868134 -0.010680364444851875 -0.020740093663334846
v 0.06372468173503876 -0.012414621189236641 -0.020815623924136162
v 0.06337887048721313 -0.014320598915219307 -0.021022990345954895
v 0.06660697609186172 -0.023142974823713303 -0.02573702484369278
v 0.06650044023990631 -0.02117549628019333 -0.02778145670890808
v 0.06558412313461304 -0.022797133773565292 -0.024894043803215027
v 0.06678237020969391 -0.020225636661052704 -0.0297737754881382
v 0.06459950655698776 -0.02258371002972126 -0.024313360452651978
v 0.0660560205578804 0.010965806432068348 -0.02650712989270687
v 0.06673590838909149 0.013821018859744072 -0.025943845510482788
v 0.06329779326915741 -0.016719331964850426 -0.011265166103839874
v 0.05864180997014046 -0.01999616250395775 0.03930298611521721
v 0.058841440826654434 -0.009472343139350414 0.03576122224330902
v 0.028090380132198334 -0.07629313319921494 0.04586027190089226
v 0.027584156021475792 -0.07951027154922485 0.04540958255529404
v 0.05341753363609314 -0.03416896238923073 0.05094940587878227
v 0.049704596400260925 -0.0384678915143013 0.05522368475794792
v 0.027291269972920418 -0.07377646863460541 0.05874054506421089
v 0.026400435715913773 -0.07485644519329071 0.058586347848176956
v 0.025519754737615585 -0.07453887164592743 0.05910561978816986
v 0.026348283514380455 -0.07394181191921234 0.05888006091117859
v 0.024495434015989304 -0.07398932427167892 0.05731132999062538
v 0.025254037231206894 -0.07361163198947906 0.056657254695892334
v 0.025393642485141754 -0.0738137885928154 0.058034420013427734
v 0.024629071354866028 -0.0742095559835434 0.058770980685949326
v 0.028492256999015808 -0.05845920741558075 0.0663544163107872
v 0.0316847488284111 -0.053940244019031525 0.0665121078491211
v 0.03525947034358978 -0.05796683579683304 0.0635448694229126
v 0.032406918704509735 -0.06182438135147095 0.06354985386133194
v 0.026427671313285828 -0.07387642562389374 0.049258407205343246
v 0.026147179305553436 -0.07225321233272552 0.05027632787823677
v 0.02556494064629078 -0.07261556386947632 0.0531458705663681
v 0.025679152458906174 -0.07351642102003098 0.05246792733669281
v 0.02645784243941307 -0.0750729888677597 0.04871639609336853
v 0.025588110089302063 -0.07401003688573837 0.05214175209403038
v 0.0279281847178936 -0.07443015277385712 0.04649597033858299
v 0.02749788761138916 -0.07185588777065277 0.04764733090996742
v 0.036433394998311996 -0.07909972965717316 0.05386202037334442
v 0.032904379069805145 -0.07732290029525757 0.05569203943014145
v 0.03354867175221443 -0.07395225018262863 0.05719573423266411
v 0.036943692713975906 -0.07432128489017487 0.055756330490112305
v 0.023283757269382477 -0.04650989547371864 0.06999993324279785
v 0.027741849422454834 -0.04991460591554642 0.06861505657434464
v 0.025446832180023193 -0.05469518527388573 0.06807108968496323
v 0.020663974806666374 -0.05058448761701584 0.0697513222694397
v 0.016345810145139694 -0.04646219313144684 0.07174421846866608
v 0.018764812499284744 -0.04267239198088646 0.07141850888729095
v 0.013523129746317863 -0.03937805816531181 0.07695223391056061
v 0.014602088369429111 -0.04307319596409798 0.07732030749320984
v 0.014264745637774467 -0.04484504088759422 0.08044949173927307
v 0.014289254322648048 -0.0423550009727478 0.0797981470823288
v 0.012936713173985481 -0.04869691655039787 0.07819505780935287
v 0.014802541583776474 -0.04496031627058983 0.07547915726900101
v 0.009286344982683659 -0.050728682428598404 0.07857061177492142
v -0.014107486233115196 -0.05057007819414139 0.08206930011510849
v -0.013030944392085075 -0.04877953231334686 0.08179254084825516
v -0.013246992602944374 -0.04857213795185089 0.08356983959674835
v -0.015275941230356693 -0.049873318523168564 0.08414969593286514
v 0.009017064236104488 -0.05041137710213661 0.0796516090631485
v 0.013079558499157429 -0.048827238380908966 0.07647128403186798
v -0.0061652762815356255 -0.05029533430933952 0.0900026261806488
v -0.007374190725386143 -0.04844110086560249 0.09035851806402206
v -0.006552380509674549 -0.04905738681554794 0.08802994340658188
v -0.0063587757758796215 -0.0508144237101078 0.08732727915048599
v 0.013422980904579163 -0.049390748143196106 0.07433716952800751
v 0.009849842637777328 -0.051078736782073975 0.0771925151348114
v 0.008285855874419212 -0.04983281344175339 0.08066874742507935
v 0.011121873743832111 -0.04906156286597252 0.08071991056203842
v -0.009394788183271885 -0.04803938418626785 0.08976155519485474
v -0.011152010411024094 -0.048450976610183716 0.09173127263784409
v -0.012985854409635067 -0.04834040254354477 0.08990797400474548
v -0.010956088081002235 -0.04825979843735695 0.08814240992069244
v -0.00724413525313139 -0.0467245951294899 0.08400624245405197
v -0.007929796352982521 -0.04897155612707138 0.08479716628789902
v -0.006406036205589771 -0.046556394547224045 0.0870434045791626
v -0.012973968870937824 -0.04635084420442581 0.08255597949028015
v -0.012724623084068298 -0.047020092606544495 0.08133906126022339
v -0.011239790357649326 -0.043676383793354034 0.08178254961967468
v -0.011489667929708958 -0.04334595426917076 0.08176000416278839
v 0.012492112815380096 -0.04705718159675598 0.08274653553962708
v 0.0021159371826797724 -0.05051426589488983 0.08934783190488815
v 0.0033895873930305243 -0.04944242537021637 0.09162888675928116
v 0.0044137402437627316 -0.01705130562186241 0.08113843202590942
v 0.007270165253430605 -0.01979723758995533 0.07748276740312576
v 0.004807441029697657 -0.020156240090727806 0.08282589912414551
v 0.0074917906895279884 -0.022470787167549133 0.07912281155586243
v 0.011740810237824917 -0.04553068056702614 0.08665589988231659
v 0.012976477853953838 -0.04335552826523781 0.08549997955560684
v 0.009338769130408764 -0.04531455039978027 0.09058109670877457
v 0.010162383317947388 -0.0426119863986969 0.09089352935552597
v -0.001408229349181056 -0.0029154159128665924 0.08371523022651672
v 0.0002937428653240204 -0.05343538150191307 0.08444156497716904
v 0.0007026754319667816 -0.053973034024238586 0.08376255631446838
v -2.756458707153797e-05 -0.05250224471092224 0.08638586103916168
v 0.0004086904227733612 0.10155142098665237 -0.08330871164798737
v 0.0007103579118847847 0.11119511723518372 -0.06982545554637909
v 0.0003216918557882309 0.11892381310462952 -0.044428013265132904
v -0.0014937175437808037 0.12017732858657837 -0.031328778713941574
v 0.005614714231342077 -0.0712873637676239 0.07905444502830505
v 0.005213016644120216 -0.06831546127796173 0.08010207861661911
v 0.013173322193324566 -0.07118836045265198 0.06043371185660362
v 0.007360574323683977 -0.07209349423646927 0.06221569702029228
v 0.007412008475512266 -0.07377038151025772 0.06504559516906738
v 0.013132216408848763 -0.07321292906999588 0.06328234076499939
v 0.01715162768959999 -0.07251296937465668 0.061238668859004974
v 0.017568180337548256 -0.07060776650905609 0.05819620564579964
v 0.013409983366727829 -0.0692659318447113 0.05828870087862015
v 0.0074624791741371155 -0.0700247585773468 0.05974900349974632
v 0.012739873491227627 -0.0756121575832367 0.06854865700006485
v 0.007418666034936905 -0.07615814357995987 0.07117345929145813
v 0.006737806834280491 -0.07546216249465942 0.07400127500295639
v 0.012358641251921654 -0.07478948682546616 0.07116767764091492
v 0.016625098884105682 -0.05296754837036133 0.07196666300296783
v 0.01254032738506794 -0.053350090980529785 0.0748339369893074
v 0.008531538769602776 -0.05449742451310158 0.07846161723136902
v 0.005199084058403969 -0.05548093467950821 0.0810411274433136
v 0.004274514503777027 -0.053549639880657196 0.08178172260522842
v 0.006821785122156143 -0.05243091285228729 0.07977066934108734
v 0.003751150332391262 -0.05278369039297104 0.0822862982749939
v 0.006163650192320347 -0.05183671414852142 0.0804855078458786
v 0.005839802324771881 -0.05127989500761032 0.08115322142839432
v 0.006114008836448193 -0.050384726375341415 0.08156213164329529
v 0.004430440720170736 -0.0507182851433754 0.08291475474834442
v 0.004824991337954998 -0.04994916915893555 0.0829155370593071
v 0.003518017241731286 -0.05214967578649521 0.08284971863031387
v 0.0010873901192098856 -0.028286539018154144 0.09447480738162994
v 0.000512448837980628 -0.024391919374465942 0.09239044040441513
v 0.009871451184153557 -0.0659104660153389 0.07855144143104553
v 0.0049718087539076805 -0.06588610261678696 0.08034531027078629
v 0.0034075607545673847 -0.06141061335802078 0.08109676837921143
v 0.007910926826298237 -0.06103578582406044 0.07960588485002518
v 0.01269419863820076 -0.0608791746199131 0.07661175727844238
v 0.015102773904800415 -0.06663422286510468 0.07491861283779144
v 0.0011748753022402525 -0.054664548486471176 0.08316143602132797
v 0.010410899296402931 -0.06843689829111099 0.07775311172008514
v 0.011008920148015022 -0.07099699974060059 0.07632226496934891
v 0.015710212290287018 -0.06910941004753113 0.07387295365333557
v 0.01614605449140072 -0.07118165493011475 0.07228793203830719
v 0.02003326825797558 -0.06772896647453308 0.07012610137462616
v 0.018339812755584717 -0.06161513924598694 0.07262585312128067
v 0.024336574599146843 -0.062299493700265884 0.06801589578390121
v 0.0242044348269701 -0.06891477108001709 0.0656353011727333
v 0.03274558112025261 -0.07099960744380951 0.05919716879725456
v 0.02876320853829384 -0.07377318292856216 0.05841963738203049
v 0.02848339080810547 -0.07252755016088486 0.05943460389971733
v 0.027941033244132996 -0.07144595682621002 0.06087721139192581
v 0.031718384474515915 -0.06810105592012405 0.06137489154934883
v 0.035850394517183304 -0.0699106901884079 0.05826207250356674
v 0.03461514040827751 -0.06568637490272522 0.06081925332546234
v 0.029198719188570976 -0.06499488651752472 0.06423752754926682
v 0.0266861692070961 -0.07008135318756104 0.06275150924921036
v 0.027247300371527672 -0.07287180423736572 0.059707704931497574
v 0.026407580822706223 -0.07339106500148773 0.05938417464494705
v 0.026722479611635208 -0.07227429747581482 0.060841649770736694
v 0.025965187698602676 -0.07297279685735703 0.06033484637737274
v 0.025861315429210663 -0.07164499908685684 0.062234267592430115
v 0.025193586945533752 -0.0726003646850586 0.06150014325976372
v 0.023749521002173424 -0.07214303314685822 0.06337384134531021
v 0.024039587005972862 -0.07086461782455444 0.06455498188734055
v 0.024226900190114975 -0.07337097078561783 0.05855837091803551
v 0.02296142466366291 -0.0735502690076828 0.05989875644445419
v 0.02301008813083172 -0.07367648184299469 0.06126035749912262
v 0.02421671338379383 -0.07352635264396667 0.059732746332883835
v 0.025104278698563576 -0.0733148455619812 0.0573519766330719
v 0.02494560182094574 -0.07353800535202026 0.058770857751369476
v 0.02492186799645424 -0.07215413451194763 0.05413985252380371
v 0.023883908987045288 -0.07184337079524994 0.05527159944176674
v -0.05051727220416069 -0.10394144803285599 -0.010762665420770645
v -0.05856236815452576 -0.09850039333105087 -0.024169310927391052
v 0.025615889579057693 -0.07331172376871109 0.05666457861661911
v 0.025711460039019585 -0.07354239374399185 0.057723939418792725
v 0.025575364008545876 -0.07384058088064194 0.059012990444898605
v 0.02535845711827278 -0.07338352501392365 0.05967585742473602
v 0.024617856368422508 -0.07319335639476776 0.06070909649133682
v 0.02334923855960369 -0.07304449379444122 0.06222255155444145
v 0.016376016661524773 -0.07276736199855804 0.07027716189622879
v 0.020105360075831413 -0.07155507802963257 0.06787234544754028
v 0.020204385742545128 -0.0727979838848114 0.06607741862535477
v 0.01668187789618969 -0.07438549399375916 0.06785934418439865
v 0.02024656906723976 -0.07387728989124298 0.06443602591753006
v 0.01817326992750168 -0.06880500167608261 0.05587057024240494
v 0.01682223379611969 -0.0749254822731018 0.06555532664060593
v 0.02155638113617897 -0.07024939358234406 0.05505209043622017
v 0.02250932902097702 -0.06860087811946869 0.05278075486421585
v 0.02089919149875641 -0.07191215455532074 0.05817423760890961
v 0.025620756670832634 -0.07123520970344543 0.051322851330041885
v 0.024568336084485054 -0.07040870934724808 0.05240973085165024
v 0.026773635298013687 -0.07015082240104675 0.04881035536527634
v 0.02564123272895813 -0.06902369856834412 0.05016211420297623
v 0.020335830748081207 -0.07403823733329773 0.06271224468946457
v 0.020130883902311325 -0.06991251558065414 0.0691271722316742
v 0.011539291590452194 -0.07298333942890167 0.07390372455120087
v 0.006211473140865564 -0.07344524562358856 0.07666841894388199
v -0.03914324939250946 -0.026433296501636505 0.06805180013179779
v -0.03799106553196907 -0.02930409274995327 0.06871736794710159
v -0.03400222957134247 -0.02795412391424179 0.06968711316585541
v -0.03528580069541931 -0.02537740394473076 0.06902755051851273
v 0.0027213417924940586 -0.03709114342927933 0.0992133617401123
v 0.0018938032444566488 -0.03231732174754143 0.09671571850776672
v 0.024927601218223572 -0.07440243661403656 0.05927383899688721
v 0.013142449781298637 -0.14212697744369507 -0.0011433642357587814
v -0.08342364430427551 -0.02559681236743927 -0.014487983658909798
v -0.0826665610074997 -0.025046108290553093 -0.013398319482803345
v -0.09334374964237213 -0.0006584962829947472 -0.03102121129631996
v 0.0278666652739048 -0.07534278929233551 0.057919010519981384
v 0.026109669357538223 -0.07743649184703827 0.04812424257397652
v 0.024912426248192787 -0.0751257836818695 0.051713116466999054
v 0.03393793851137161 -0.08445775508880615 0.052887924015522
v 0.02938162162899971 -0.08914858102798462 0.0549362376332283
v 0.027503296732902527 -0.08540290594100952 0.05708090960979462
v 0.031140970066189766 -0.08143673092126846 0.05498574301600456
v 0.02427208609879017 -0.08036129176616669 0.06037623807787895
v 0.02651989832520485 -0.07729196548461914 0.0586254820227623
v -0.09668685495853424 0.0005044322460889816 -0.02723686210811138
v 0.025145959109067917 -0.07655550539493561 0.05972226709127426
v 0.022818276658654213 -0.07864762097597122 0.061869531869888306
v 0.021894844248890877 -0.07719726860523224 0.06285206228494644
v 0.02419625036418438 -0.07580598443746567 0.0603775754570961
v 0.01976875402033329 -0.07520918548107147 0.06235581636428833
v 0.015131950378417969 -0.07560853660106659 0.06513237953186035
v 0.014965599402785301 -0.07834745198488235 0.05921795964241028
v 0.01974417455494404 -0.07776108384132385 0.056645218282938004
v 0.02432193234562874 -0.0764794573187828 0.053561486303806305
v 0.023238452151417732 -0.07450460642576218 0.05856417119503021
v -0.09392395615577698 0.004249470308423042 -0.024652082473039627
v -0.09337294846773148 0.004730718210339546 -0.01976018212735653
v -0.09152943640947342 0.0035068057477474213 -0.01928837224841118
v -0.0917845368385315 0.002634843811392784 -0.0234938133507967
v 0.02040589414536953 -0.07538537681102753 0.06313429027795792
v 0.023268064484000206 -0.07482976466417313 0.060068219900131226
v 0.016155246645212173 -0.07594363391399384 0.06646089255809784
v 0.023756565526127815 -0.13690733909606934 -0.005931058898568153
v 0.02376972883939743 -0.07513649761676788 0.060480933636426926
v 0.021108433604240417 -0.07587841153144836 0.06310146301984787
v 0.017046598717570305 -0.07698704302310944 0.06687267124652863
v 0.0179976224899292 -0.07883089035749435 0.06677248328924179
v 0.018990417942404747 -0.08101100474596024 0.06624283641576767
v 0.020054396241903305 -0.083674356341362 0.06473905593156815
v 0.02267926000058651 -0.09022562205791473 0.060551851987838745
v 0.024281788617372513 -0.09480595588684082 0.05818258598446846
v 0.016543986275792122 -0.09341789782047272 0.06432684510946274
v 0.018014920875430107 -0.09844835847616196 0.06283023953437805
v 0.015133590437471867 -0.0861395001411438 0.06868483126163483
v 0.014406220056116581 -0.08290591835975647 0.07047795504331589
v 0.013501549139618874 -0.08018140494823456 0.07060182839632034
v 0.01263517327606678 -0.07798606157302856 0.07026694715023041
v 0.0019624410197138786 -0.05619548261165619 0.08237002044916153
v 0.003218613564968109 -0.05093000456690788 0.08432585000991821
v 0.0021698279306292534 -0.050867095589637756 0.08661118894815445
v 0.005535864736884832 -0.0478999987244606 0.09268448501825333
v -3.1701987609267235e-05 -0.052022695541381836 0.08892602473497391
v 0.007989280857145786 -0.045939117670059204 0.09240667521953583
v 0.006436282303184271 -0.04683453589677811 0.09383072704076767
v 0.007102245930582285 -0.04529981315135956 0.09501784294843674
v 0.008172471076250076 -0.044385556131601334 0.09392541646957397
v 0.005175305064767599 -0.04785540699958801 0.09507627785205841
v 0.006389233749359846 -0.04576485604047775 0.09611907601356506
v 0.0015507219359278679 -0.04975380748510361 0.09681377559900284
v 0.002378523349761963 -0.04668731987476349 0.0995679646730423
v 0.0030370564199984074 -0.04104926437139511 0.1005302146077156
v 0.002761510666459799 -0.04448661580681801 0.10056929290294647
v 0.007460205350071192 -0.043782077729701996 0.0959218218922615
v 0.00851711817085743 -0.041570574045181274 0.09461045265197754
v -0.1003684252500534 -0.0004269639030098915 -0.025443848222494125
v 0.008391347713768482 -0.03824516013264656 0.09309432655572891
v 0.010345746763050556 -0.03951932489871979 0.08898735046386719
v -0.008446100167930126 0.11497488617897034 0.01281115785241127
v 0.011658692732453346 -0.07667980343103409 0.06954066455364227
v 0.010346293449401855 -0.07612380385398865 0.06775423139333725
v -0.0810973197221756 -0.03782086446881294 -0.01894873008131981
v -0.09234195202589035 -0.010244551114737988 -0.024669241160154343
v 0.015747427940368652 -0.0861198902130127 0.050148703157901764
v 0.015318735502660275 -0.08267069607973099 0.05341929942369461
v 0.010276139713823795 -0.08369848132133484 0.05516839027404785
v -0.09275712072849274 0.004666795954108238 -0.017199113965034485
v -0.09597934782505035 0.005723532289266586 -0.017398014664649963
v 0.010711781680583954 -0.08713965117931366 0.05207347124814987
v 0.006191585212945938 -0.07639263570308685 0.06919760257005692
v -0.09659604728221893 -0.01912420243024826 -0.03536045923829079
v -0.10098084807395935 -0.0013679461553692818 -0.027475032955408096
v -0.09938766062259674 -0.0030050817877054214 -0.02685767412185669
v -0.09320469200611115 -0.003999427892267704 -0.01432063803076744
v -0.08424052596092224 -0.024981502443552017 -0.032356396317481995
v -0.08967595547437668 -0.025936227291822433 -0.029710182920098305
v -0.08776301145553589 -0.02853255532681942 -0.02954803965985775
v -0.08329178392887115 -0.026826459914445877 -0.03234276548027992
v -0.08394946157932281 -0.014826446771621704 -0.022353071719408035
v 0.006040133535861969 -0.07933177053928375 0.06232623755931854
v 0.010062003508210182 -0.07881683111190796 0.06121044605970383
v 0.00690919766202569 -0.07714363932609558 0.07110140472650528
v 0.007753349374979734 -0.0786423608660698 0.07218757271766663
v 0.008524350821971893 -0.08104999363422394 0.07296259701251984
v 0.006158285774290562 -0.08432672172784805 0.05608448386192322
v 0.006665836088359356 -0.08802571892738342 0.052899476140737534
v -0.07861346751451492 -0.03516736254096031 -0.008909633383154869
v 0.024736836552619934 -0.0794709324836731 0.04892803728580475
v -0.08579666167497635 -0.04228430986404419 -0.025398509576916695
v -0.08679693192243576 -0.04077849164605141 -0.027608651667833328
v -0.04230520501732826 -0.030861951410770416 -0.09169310331344604
v -0.046958405524492264 -0.019042134284973145 -0.09556496143341064
v -0.09900769591331482 -0.019011374562978745 -0.038370486348867416
v 0.025409679859876633 -0.0822729840874672 0.04607856646180153
v 0.02043396234512329 -0.0819401666522026 0.05142936483025551
v 0.021019821986556053 -0.08444924652576447 0.0484505333006382
v 0.011349329724907875 -0.10026614367961884 0.06661886721849442
v 0.010048169642686844 -0.0952814519405365 0.06728760153055191
v 0.009454640559852123 -0.0840279832482338 0.07287950813770294
v 0.009521959349513054 -0.08768314123153687 0.07113180309534073
v 0.0007392037659883499 0.11640537530183792 -0.057508185505867004
v 0.04960860311985016 0.05971939116716385 0.03648773208260536
v 0.04932060092687607 0.051419977098703384 0.04277065396308899
v -0.09375061094760895 0.0017352607101202011 -0.020764807239174843
v 0.042399197816848755 0.05629013851284981 0.05173905938863754
v 0.043270692229270935 0.06321734935045242 0.045522723346948624
v 0.04921910539269447 0.06913407146930695 0.030094241723418236
v 0.04287395998835564 0.07151003181934357 0.03928816691040993
v 0.020460739731788635 0.11407232284545898 -0.009003257378935814
v 0.021880056709051132 0.1104089766740799 0.004763046279549599
v 0.0027737636119127274 0.11371093988418579 0.010619841516017914
v 0.014519467949867249 0.11666881293058395 -0.022433308884501457
v 0.02687709778547287 0.11175723373889923 -0.03376477584242821
v 0.03000110387802124 0.11040487885475159 -0.014330416917800903
v 0.030818568542599678 0.10690414160490036 0.0005756393074989319
v -0.08294026553630829 -0.03807994723320007 -0.020113302394747734
v -0.08255979418754578 -0.04365302249789238 -0.019088804721832275
v -0.08109068870544434 -0.04332169145345688 -0.017301153391599655
v -0.08955318480730057 -0.007912611588835716 -0.021087298169732094
v 0.018886417150497437 -0.0786641538143158 -0.09573649615049362
v 0.03433483839035034 0.05392541363835335 -0.09219386428594589
v 0.030397361144423485 0.10281864553689957 0.013883097097277641
v 0.022138897329568863 0.105598084628582 0.017851874232292175
v 0.02257974073290825 0.09987163543701172 0.02931523323059082
v 0.029941678047180176 0.09794296324253082 0.024877382442355156
v 0.0036078616976737976 0.10821803659200668 0.024187885224819183
v -0.007424553856253624 0.1089920848608017 0.026903511956334114
v 0.002569703385233879 0.018117278814315796 -0.1117713451385498
v 0.00011436175554990768 -0.02051173709332943 0.09047495573759079
v 0.0378623865544796 -0.044911377131938934 -0.07200241833925247
v 0.04814847931265831 -0.04801948368549347 -0.05505220592021942
v 0.056268274784088135 -0.10390967130661011 -0.044502224773168564
v 0.0608854815363884 -0.02877778932452202 -0.0318480022251606
v 0.06033855676651001 -0.027911309152841568 -0.03228531777858734
v 0.052950650453567505 -0.06673537194728851 -0.03984035551548004
v 0.05252627283334732 -0.05244402587413788 -0.03774280846118927
v 0.027752231806516647 -0.04221978783607483 -0.08281947672367096
v 0.06773033738136292 -0.014973309822380543 -0.04014325141906738
v 0.06811859458684921 -0.011151446029543877 -0.04022783041000366
v 0.0693650096654892 -0.015921588987112045 -0.04006275162100792
v 0.06963464617729187 -0.011733820661902428 -0.040357448160648346
v 0.06952627003192902 -0.007513291202485561 -0.03986464813351631
v 0.07039429247379303 -0.017815668135881424 -0.03962283581495285
v 0.06704788655042648 0.015108179301023483 -0.022495264187455177
v 0.06856972724199295 0.016356581822037697 -0.020975155755877495
v -0.08557632565498352 -0.030428703874349594 -0.035437941551208496
v -0.08576756715774536 -0.027983220294117928 -0.036128148436546326
v 0.06075334548950195 -0.031340472400188446 -0.028174225240945816
v 0.06043419614434242 -0.030230112373828888 -0.029597189277410507
v -0.07392387092113495 -0.020639657974243164 -0.02186606265604496
v 0.059820935130119324 -0.030781568959355354 -0.028962992131710052
v 0.05983220785856247 -0.03159235417842865 -0.02776293456554413
v 0.060806646943092346 -0.03266210854053497 -0.026843253523111343
v 0.05984281376004219 -0.03248279541730881 -0.026841051876544952
v 0.06554228812456131 0.030282387509942055 -0.012148194015026093
v 0.058435868471860886 -0.03103756159543991 -0.03012307919561863
v 0.0595218725502491 -0.028432250022888184 -0.03200055658817291
v 0.05982501432299614 -0.029392309486865997 -0.030714567750692368
v 0.059425339102745056 -0.030523207038640976 -0.02959378995001316
v 0.05952158570289612 -0.03210869058966637 -0.027936309576034546
v 0.05969485640525818 -0.033406227827072144 -0.0265484806150198
v 0.060272734612226486 -0.034112587571144104 -0.02611684426665306
v -0.08694007247686386 -0.03707084804773331 -0.03424070030450821
v -0.08278073370456696 -0.04269938915967941 -0.029616016894578934
v -0.06211993470788002 -0.09207186102867126 -0.037044279277324677
v -0.06084480136632919 -0.08565767854452133 -0.051637113094329834
v -0.06087162718176842 -0.09746015816926956 -0.05213698744773865
v -0.06144740432500839 -0.10482949018478394 -0.0384833887219429
v -0.08081677556037903 -0.02197805978357792 -0.006862858310341835
v -0.08052720874547958 -0.0278245210647583 -0.01082745473831892
v -0.08013398200273514 -0.02954067476093769 -0.00935890432447195
v 0.07097956538200378 -0.01890798658132553 -0.040210045874118805
v 0.06545933336019516 -0.03193081170320511 -0.031083088368177414
v -0.02323051169514656 -0.12538859248161316 0.006072530522942543
v -0.01949741318821907 -0.13533690571784973 -0.0004114825278520584
v 0.06560614705085754 0.010029948316514492 -0.028862547129392624
v 0.06548308581113815 0.008573857136070728 -0.030845416709780693
v 0.06787486374378204 0.010385454632341862 -0.03176411613821983
v 0.0678441971540451 0.012122181244194508 -0.0299722570925951
v 0.04554503783583641 -0.0033592856489121914 -0.07767099142074585
v 0.046857934445142746 0.008605439215898514 -0.08046451956033707
v 0.005052824504673481 -0.07674486935138702 -0.09915484488010406
v 0.003976879641413689 -0.06444667279720306 -0.09626060724258423
v 0.06011427193880081 0.03814106807112694 -0.05922338739037514
v 0.06572621315717697 0.01120404526591301 -0.027277715504169464
v 0.06805305182933807 0.013468683697283268 -0.028334902599453926
v 0.06821150332689285 -0.007123704534024 -0.03957369551062584
v 0.06351853162050247 0.011076130904257298 -0.02751808986067772
v 0.06370249390602112 0.009739968925714493 -0.029229937121272087
v 0.0691586434841156 0.015371785499155521 -0.029514020308852196
v 0.06897228956222534 0.013792176730930805 -0.03129434958100319
v 0.06886976957321167 0.011838587932288647 -0.03308328986167908
v 0.06388983130455017 0.0081948172301054 -0.031030705198645592
v -0.07835325598716736 -0.03560107201337814 -0.0050268820486962795
v -0.07715655863285065 -0.038679856806993484 0.006528680678457022
v -0.07964621484279633 -0.02352241612970829 0.009726827964186668
v -0.07952780276536942 -0.026328448206186295 -0.0021237260662019253
v 0.06616444140672684 0.015455301851034164 -0.028678927570581436
v 0.06412710249423981 0.06312844902276993 -0.02993633970618248
v 0.06284943968057632 0.06040132790803909 -0.04486856237053871
v 0.059341032058000565 0.07996547222137451 -0.029681216925382614
v 0.05774756148457527 0.07831007242202759 -0.04561496153473854
v 0.05266109108924866 0.07558105885982513 -0.06225122511386871
v 0.057552237063646317 0.056644946336746216 -0.06178244203329086
v 0.0669202134013176 0.015392858535051346 -0.022912146523594856
v 0.06926944851875305 0.017509035766124725 -0.02112974040210247
v 0.04877971485257149 0.0771862268447876 0.023770559579133987
v 0.05382165312767029 0.07448194921016693 0.015418658033013344
v 0.042176082730293274 0.07884341478347778 0.03346971794962883
v 0.04121111333370209 0.08547435700893402 0.027985915541648865
v 0.047282472252845764 0.0846385806798935 0.018237868323922157
v 0.054303042590618134 0.08140480518341064 0.004697555676102638
v 0.0648256242275238 0.05075395107269287 -0.017188597470521927
v 0.0628761276602745 0.06514617800712585 -0.01492147147655487
v 0.06035494804382324 0.06582839787006378 -0.000712820328772068
v -0.066997230052948 -0.0007444266229867935 0.052264612168073654
v -0.06909572333097458 0.0011389609426259995 0.04775650426745415
v -0.06915829330682755 -0.008017195388674736 0.045833900570869446
v -0.06666034460067749 -0.00763319805264473 0.04986204579472542
v 0.05789828300476074 0.0811508446931839 -0.013304623775184155
v 0.04902686923742294 0.09128012508153915 0.000506257638335228
v 0.05209778621792793 0.0912867933511734 -0.014671135693788528
v 0.041096437722444534 0.09971179813146591 -0.001241680234670639
v 0.042496077716350555 0.10120674222707748 -0.016051707789301872
v 0.04156184196472168 0.1020948588848114 -0.03223000094294548
v 0.053132444620132446 0.09086917340755463 -0.030393294990062714
v 0.04463927447795868 0.09117831289768219 0.01341056264936924
v 0.03891073912382126 0.09120167046785355 0.023706745356321335
v 0.0388898104429245 0.09769292175769806 0.01149945892393589
v 0.03606158494949341 0.09591737389564514 0.020159494131803513
v 0.05861335247755051 0.06570087373256683 0.006804942153394222
v 0.0550454705953598 -0.03823982924222946 -0.027168795466423035
v 0.05788230150938034 -0.039813145995140076 -0.022485416382551193
v -0.030725423246622086 0.05554772540926933 0.079036183655262
v -0.020561793819069862 0.05692281574010849 0.08122193813323975
v -0.021709000691771507 0.06520584970712662 0.0767497569322586
v -0.03209830820560455 0.06370902061462402 0.07428473234176636
v 0.06192607060074806 -0.030931446701288223 -0.012240143492817879
v -0.04962148889899254 -0.010228648781776428 -0.09765961021184921
v -0.05241153761744499 0.0008529513143002987 -0.09972691535949707
v -0.033162135630846024 0.001329204998910427 -0.10787685960531235
v -0.03113197721540928 -0.009137069806456566 -0.10510774701833725
v 0.0616767480969429 -0.014474570751190186 0.02759774588048458
v 0.06049938127398491 -0.0015769638121128082 0.027413567528128624
v 0.06344585120677948 -0.006706681102514267 0.015588883310556412
v 0.06320446729660034 -0.021896662190556526 0.014310808852314949
v -0.03496333584189415 0.0850263237953186 0.05636380612850189
v -0.02445076033473015 0.0869172066450119 0.058908574283123016
v -0.025556515902280807 0.09401078522205353 0.050232209265232086
v -0.03618943318724632 0.0917770117521286 0.04797852784395218
v -0.057758037000894547 -0.02936192788183689 0.05943329259753227
v -0.05951588600873947 -0.03568613901734352 0.05823194235563278
v -0.05553340166807175 -0.03641919791698456 0.06152885779738426
v -0.054228171706199646 -0.029887016862630844 0.062067631632089615
v 0.05783385783433914 0.012212343513965607 0.028268728405237198
v 0.061456989496946335 0.0075153205543756485 0.016707899048924446
v 0.06095283105969429 0.02192884311079979 0.01746688038110733
v 0.05729842558503151 0.026137201115489006 0.03056126832962036
v 0.04338294640183449 0.07281946390867233 -0.07787784934043884
v 0.04684865102171898 0.056251056492328644 -0.07966030389070511
v -0.08190947771072388 -0.048352938145399094 -0.01708587072789669
v -0.08085296303033829 -0.04767675697803497 -0.015744326636195183
v 0.04825148731470108 0.04343675449490547 -0.08056578785181046
v 0.03858839347958565 0.03285977244377136 0.0657537430524826
v -0.026750527322292328 0.10078315436840057 0.039715416729450226
v -0.03758452460169792 0.09827148169279099 0.03783916309475899
v 0.00031575560569763184 0.09419960528612137 -0.09129936248064041
v 0.03491567447781563 0.05821739137172699 0.06005831062793732
v 0.03431297838687897 0.09200301021337509 -0.07357828319072723
v -0.009127873927354813 -0.06373713165521622 -0.09692838788032532
v 0.020467227324843407 0.09816122055053711 -0.07823124527931213
v 0.05177779868245125 0.08940248936414719 -0.04613335803151131
v 0.04806312173604965 0.08696778118610382 -0.0603364072740078
v 0.039594896137714386 0.08332373946905136 -0.07585681229829788
v 0.04843287542462349 0.027120428159832954 -0.08197961747646332
v 0.03122469037771225 0.09244152903556824 0.03141923248767853
v 0.048804085701704025 0.002558421343564987 0.052464455366134644
v 0.048469990491867065 -0.0014503449201583862 0.05102336034178734
v 0.048663634806871414 0.00646023266017437 0.05483326315879822
v 0.047232989221811295 -0.0063406601548194885 0.051929764449596405
v 0.010691830888390541 -0.022414905950427055 0.07443954795598984
v 0.010501880198717117 -0.024681322276592255 0.07600176334381104
v 0.010596172884106636 -0.027569279074668884 0.07731965184211731
v 0.013949407264590263 -0.026648400351405144 0.07328461110591888
v 0.013851029798388481 -0.029915928840637207 0.07447297126054764
v 0.007612230256199837 -0.028549375012516975 0.08280409872531891
v 0.007681005634367466 -0.025488849729299545 0.08078120648860931
v 0.010225554928183556 -0.030395343899726868 0.07879538834095001
v 0.01025537122040987 -0.0338149294257164 0.07989375293254852
v 0.008065823465585709 -0.03192257881164551 0.08429600298404694
v 0.015296967700123787 -0.04452195018529892 0.0733330175280571
v 0.0158228799700737 -0.039585813879966736 0.07307355105876923
v 0.012880727648735046 -0.03635532781481743 0.07587330043315887
v 0.01776946894824505 -0.032049067318439484 0.07245554774999619
v 0.016961731016635895 -0.0356026329100132 0.0730464905500412
v 0.013293980620801449 -0.03290359303355217 0.07535671442747116
v 0.018268438056111336 -0.028431333601474762 0.07115713506937027
v 0.011623959988355637 -0.037481602281332016 0.08135967701673508
v 0.013111252337694168 -0.041013579815626144 0.08364275097846985
v 0.0090238181874156 -0.03574744239449501 0.08660978823900223
v 0.007448104210197926 -0.03451515734195709 0.09051094204187393
v 0.006470813415944576 -0.030513346195220947 0.08824703842401505
v 0.014378128573298454 -0.02416641265153885 0.0719369575381279
v 0.01914888806641102 -0.02558799460530281 0.07008861750364304
v 0.02102234773337841 -0.03840266913175583 0.07172499597072601
v 0.026027994230389595 -0.04119112342596054 0.07055454701185226
v 0.022585490718483925 -0.0338776670396328 0.07096520066261292
v 0.02724158577620983 -0.03602149710059166 0.06992440670728683
v 0.023103170096874237 -0.029986849054694176 0.06989913433790207
v 0.02792154811322689 -0.031836144626140594 0.06884640455245972
v 0.030713234096765518 -0.04481049254536629 0.0690237283706665
v 0.034887686371803284 -0.0483882874250412 0.0667356476187706
v 0.03875460848212242 -0.0534406378865242 0.06317847967147827
v 0.03710833936929703 -0.04269333928823471 0.0661744549870491
v 0.041476599872112274 -0.0474117174744606 0.0625198632478714
v 0.038191910833120346 -0.03676161915063858 0.0654204934835434
v 0.04325356334447861 -0.041280366480350494 0.06176522374153137
v -0.01691870391368866 -0.0188595037907362 0.07597417384386063
v -0.017496880143880844 -0.016485152766108513 0.07370621711015701
v -0.02098984271287918 -0.019947797060012817 0.07202280312776566
v -0.020371776074171066 -0.022409509867429733 0.07371053844690323
v -0.01560170203447342 0.027803849428892136 0.08661835640668869
v -0.017217781394720078 0.036204997450113297 0.08571629971265793
v -0.02635379508137703 0.03564678132534027 0.08454516530036926
v -0.024030297994613647 0.027346832677721977 0.08590912073850632
v 0.0323893278837204 -0.038826387375593185 0.06838538497686386
v 0.03329973295331001 -0.03411797806620598 0.0673801600933075
v 0.028508566319942474 -0.027658307924866676 0.06786233186721802
v 0.023935087025165558 -0.02640727162361145 0.06900801509618759
v 0.03742075711488724 -0.025117821991443634 0.06423971056938171
v 0.038140520453453064 -0.030957363545894623 0.06479684263467789
v 0.03337442874908447 -0.029185017570853233 0.06645923107862473
v 0.03318648785352707 -0.024263571947813034 0.06568650156259537
v 0.043754540383815765 -0.033758822828531265 0.0615803562104702
v 0.04228809103369713 -0.026157939806580544 0.062028415501117706
v 0.040642280131578445 -0.021029002964496613 0.06170152500271797
v 0.026652004569768906 -0.016441496089100838 0.06681163609027863
v 0.021633869037032127 -0.016389766708016396 0.06792699545621872
v 0.03008342534303665 -0.016215737909078598 0.06565868854522705
v 0.03656342253088951 -0.020867157727479935 0.06367500126361847
v 0.03313329070806503 -0.02072346955537796 0.06509740650653839
v 0.043470028787851334 -0.012438719160854816 0.05677377060055733
v 0.04139876738190651 -0.013829232193529606 0.05891568213701248
v 0.035819973796606064 -0.01547971274703741 0.06283692270517349
v 0.03311936929821968 -0.015919853001832962 0.06432611495256424
v 0.03870294988155365 -0.014740418642759323 0.06095348298549652
v 0.016887560486793518 -0.015353614464402199 0.06846079975366592
v 0.01199317630380392 -0.013841651380062103 0.06919622421264648
v 0.048127852380275726 -0.06156311556696892 -0.055132754147052765
v 0.005575357936322689 -0.02694174461066723 0.08665798604488373
v 0.005123412702232599 -0.02359796315431595 0.08464708179235458
v 0.008194390684366226 0.0019882097840309143 0.07469918578863144
v 0.006060665473341942 -0.0006728358566761017 0.07349449396133423
v 0.0013803290203213692 -0.002282697707414627 0.08084924519062042
v 0.011877725832164288 0.0052789803594350815 0.077833391726017
v 0.00859238300472498 -0.01155880093574524 0.06986884772777557
v -0.025577755644917488 -0.022479381412267685 0.07060971111059189
v -0.024405984207987785 -0.024771036580204964 0.07165605574846268
v 0.006526438519358635 -0.009270844981074333 0.0703202486038208
v 0.00520668737590313 -0.0065709929913282394 0.07099511474370956
v 0.004887841641902924 -0.00349564291536808 0.07211163640022278
v -0.0226089246571064 0.07280843704938889 0.07163834571838379
v -0.03312985226511955 0.0712316632270813 0.06901516020298004
v -0.04038865864276886 0.11524731665849686 -0.009774737060070038
v -0.040350209921598434 0.11349989473819733 -0.0014274287968873978
v -0.029452316462993622 0.11721222847700119 -0.0017282739281654358
v -0.031203681603074074 0.11907264590263367 -0.014135915786027908
v 0.022436559200286865 0.018045522272586823 0.08162140846252441
v 0.01961900293827057 0.011261552572250366 0.08215456455945969
v 0.04718645289540291 0.04268160089850426 0.050757475197315216
v 0.05136865749955177 0.03564104065299034 0.04485984146595001
v 0.042384229600429535 0.01815536990761757 0.0653449147939682
v 0.04561743140220642 0.015003398060798645 0.061315201222896576
v 0.04777170345187187 0.010901940986514091 0.057602543383836746
v 0.05380664020776749 0.025115100666880608 0.03957111015915871
v 0.05522015690803528 0.013505509123206139 0.03649938851594925
v 0.05727189779281616 0.001841505989432335 0.03525712713599205
v -0.08126626163721085 -0.007314002141356468 -0.059321850538253784
v -0.08316148072481155 -0.012433921918272972 -0.04447904974222183
v -0.08690706640481949 -0.0007695613894611597 -0.042990438640117645
v -0.08649875968694687 0.008880418725311756 -0.05800192058086395
v 0.03485799580812454 0.07291951775550842 0.048596061766147614
v -0.03585536777973175 -0.1175403967499733 -0.0013687703758478165
v -0.03260945901274681 -0.12814755737781525 -0.007118450477719307
v -0.008168615400791168 -0.07656790316104889 -0.09968512505292892
v 0.033913951367139816 0.07998623698949814 0.0430564247071743
v 0.035298705101013184 0.06535060703754425 0.05435262620449066
v 0.023137971758842468 0.0937640443444252 0.03767849877476692
v 0.024056976661086082 0.08755895495414734 0.04497137665748596
v 0.032747525721788406 0.08651994168758392 0.0373992919921875
v 0.02535190060734749 0.08092793822288513 0.05101862549781799
v 0.026545172557234764 0.07393063604831696 0.056488312780857086
v 0.02698517218232155 0.0664801299571991 0.0622708722949028
v 0.02703322097659111 0.05918773263692856 0.06765102595090866
v 0.02651768922805786 0.0497586764395237 0.0725049078464508
v 0.038134217262268066 -0.05758225545287132 -0.07249781489372253
v 0.004042853135615587 -0.03955923765897751 0.08185051381587982
v 0.0036196212749928236 -0.03972424194216728 0.08221658319234848
v -0.06107579916715622 0.019303079694509506 0.06359370797872543
v -0.06361711770296097 0.025868365541100502 0.060660023242235184
v -0.06673911958932877 0.019354641437530518 0.05577860772609711
v -0.06409326940774918 0.013810878619551659 0.05928604304790497
v 0.003760215826332569 -0.03953930735588074 0.08157484978437424
v 0.0032727636862546206 -0.03970747068524361 0.08208674937486649
v 0.00363856996409595 -0.040092237293720245 0.08203994482755661
v 0.004354766104370356 -0.048278532922267914 0.08271278440952301
v 0.003199072787538171 -0.046168796718120575 0.08230855315923691
v 0.0032654001843184233 -0.04256375879049301 0.0824274867773056
v 0.061715539544820786 -0.03683079779148102 -0.016062770038843155
v -0.012828796170651913 0.014697026461362839 0.08744289726018906
v -0.020144209265708923 0.013989448547363281 0.08708376437425613
v -0.01788165047764778 0.008243914693593979 0.08579172939062119
v -0.011696557514369488 0.008785650134086609 0.08651809394359589
v -0.06606475263834 -0.014714520424604416 0.0489751473069191
v -0.06879238784313202 -0.01715465635061264 0.04574444890022278
v -0.06718353182077408 -0.025824643671512604 0.04899099841713905
v -0.0643540620803833 -0.02214174158871174 0.051646292209625244
v -0.060537923127412796 -0.02770291082561016 0.0567418709397316
v -0.06261368095874786 -0.0336175374686718 0.055291060358285904
v -0.02870607189834118 0.04533584788441658 0.08293600380420685
v -0.01892290823161602 0.04636543616652489 0.08441219478845596
v -0.06823204457759857 0.010763457044959068 0.050952501595020294
v -0.06612946093082428 0.006860291585326195 0.05529893562197685
v -0.014382757246494293 -0.015903154388070107 0.07896851748228073
v -0.015314030461013317 -0.013839462772011757 0.07583612948656082
v -0.012957019731402397 -0.00980091281235218 0.07905097305774689
v -0.009022092446684837 -0.011018631979823112 0.08452564477920532
v -0.00906542781740427 -0.006780458614230156 0.08363594859838486
v -0.012499025091528893 -0.006451630964875221 0.0803002119064331
v -0.041741177439689636 0.026376500725746155 0.07957056909799576
v -0.04434956982731819 0.034211475402116776 0.0776558518409729
v -0.0519929975271225 0.033309560269117355 0.07206802070140839
v -0.049415796995162964 0.025615785270929337 0.07450659573078156
v -0.03402821719646454 0.07818008214235306 0.06318623572587967
v -0.023480935022234917 0.0798787996172905 0.06580904871225357
v -0.010216927155852318 0.001997143030166626 0.0844624787569046
v -0.01467812992632389 0.0020842794328927994 0.08265399932861328
v -0.013521210290491581 -0.0009967982769012451 0.08125787228345871
v -0.009791909717023373 -0.001012871041893959 0.08373266458511353
v -0.029280463233590126 -0.02657477557659149 0.07061544805765152
v -0.030452938750386238 -0.024219011887907982 0.06989862769842148
v -0.0730777233839035 -0.04629727080464363 -0.0223167035728693
v -0.07466503232717514 -0.047706373035907745 -0.021359676495194435
v -0.08295723795890808 -0.005315151996910572 0.00024029286578297615
v -0.08069062232971191 -0.015861650928854942 -0.0005229865200817585
v -0.08108284324407578 -0.010427531786262989 0.011538282968103886
v -0.08215413242578506 0.002616085112094879 0.011844852939248085
v -0.08530540764331818 0.014670511707663536 0.011003939434885979
v -0.08740018308162689 0.02393152005970478 0.007933074608445168
v -0.08781698346138 0.00972773227840662 -0.002426857128739357
v -0.0854855552315712 0.003733009099960327 -5.159340798854828e-05
v -0.05775594711303711 -0.09143801033496857 -0.06469926238059998
v -0.05617603287100792 -0.080384261906147 -0.06582006812095642
v -0.008631344884634018 -0.014504296705126762 0.08685072511434555
v -0.00815423671156168 -0.017934536561369896 0.0887531116604805
v -0.03871362283825874 0.04447668790817261 -0.10946034640073776
v -0.03718072175979614 0.030917741358280182 -0.11063577234745026
v -0.057101309299468994 0.031217407435178757 -0.10080190747976303
v -0.05829060822725296 0.04407438635826111 -0.09931320697069168
v -0.07719111442565918 -0.018209218978881836 -0.05816791579127312
v -0.07975763827562332 -0.021267466247081757 -0.044049110263586044
v -0.01202387548983097 -0.045798949897289276 0.08435777574777603
v -0.0098161231726408 -0.04078586399555206 0.08158761262893677
v -0.01023784838616848 -0.04393325373530388 0.08204066753387451
v -0.009939337149262428 -0.040905870497226715 0.08165588229894638
v -0.01240015309303999 -0.04843059927225113 0.08605149388313293
v -0.01475771889090538 -0.048709187656641006 0.087527796626091
v -0.010376562364399433 -0.04763617366552353 0.08059664815664291
v -0.009396558627486229 -0.04762747883796692 0.0810098797082901
v -0.009588894434273243 -0.04367354139685631 0.082310751080513
v -0.010098975151777267 -0.04083980247378349 0.08171555399894714
v -0.003213651478290558 -0.0519188791513443 0.09194409847259521
v -0.0036576762795448303 -0.050961386412382126 0.09519694745540619
v -0.007541260682046413 -0.04973960667848587 0.09442099183797836
v -0.006098562385886908 -0.0507960245013237 0.09203927218914032
v -0.008913321420550346 -0.0408586747944355 0.08249180018901825
v -0.007840405218303204 -0.04349907115101814 0.08336050063371658
v -0.007107394281774759 -0.046208225190639496 0.08859024941921234
v -0.009191819466650486 -0.04299860820174217 0.08507300168275833
v -0.009304454550147057 -0.04107097163796425 0.082859106361866
v -0.008972029201686382 -0.045824941247701645 0.08782289177179337
v -0.007687383331358433 -0.050992317497730255 0.08479189872741699
v -0.010485849343240261 -0.04573619365692139 0.0863225907087326
v -0.0851321816444397 -0.033662911504507065 -0.025771131739020348
v -0.06155117228627205 -0.08271421492099762 -0.015110858716070652
v -0.06688643246889114 -0.06695069372653961 -0.019299976527690887
v -0.06647519767284393 -0.06615482270717621 -0.024831898510456085
v -0.06270149350166321 -0.08199843764305115 -0.024315137416124344
v -0.09096096456050873 -0.008245004341006279 -0.022266628220677376
v -0.07747979462146759 0.02934420295059681 0.0391838364303112
v -0.08024720847606659 0.04280751198530197 0.03277420625090599
v -0.08518034964799881 0.033643580973148346 0.019092094153165817
v -0.08345533907413483 0.022193774580955505 0.021633099764585495
v -0.08184631168842316 0.054039981216192245 0.026950383558869362
v -0.08682922273874283 0.04570436850190163 0.014423716813325882
v -0.08953096717596054 0.035931188613176346 0.0024533309042453766
v -0.09091101586818695 0.018685508519411087 -0.015074205584824085
v -0.04769451543688774 -0.014596523717045784 0.06652407348155975
v -0.04794881492853165 -0.0148764718323946 0.06674269586801529
v -0.04637499153614044 -0.015242309309542179 0.06786258518695831
v -0.04647642374038696 -0.015013521537184715 0.06757574528455734
v -0.04718714579939842 -0.014163129031658173 0.06590015441179276
v -0.04587164521217346 -0.014808827079832554 0.06689336895942688
v -0.04821290820837021 -0.013648370280861855 0.0650387778878212
v -0.04870666190981865 -0.014193952083587646 0.0655689686536789
v -0.048961736261844635 -0.01450515165925026 0.06575921177864075
v -0.030401598662137985 -0.012528395280241966 0.06915342807769775
v -0.03138976916670799 -0.012474371120333672 0.06869415938854218
v -0.03404390066862106 -0.013437245041131973 0.06875544786453247
v -0.03291308879852295 -0.013480966910719872 0.06973850727081299
v -0.03017912432551384 -0.012939009815454483 0.06962578743696213
v -0.033037491142749786 -0.013989109545946121 0.07025329023599625
v -0.0344577319920063 -0.010256694629788399 0.06432390958070755
v -0.03376345336437225 -0.00984993390738964 0.0642378032207489
v -0.03543684631586075 -0.01066344790160656 0.06436268240213394
v -0.028927750885486603 -0.010179366916418076 0.06699804961681366
v -0.02932637184858322 -0.009606974199414253 0.06723088026046753
v -0.03358958661556244 -0.008964933454990387 0.06445717811584473
v -0.03329857438802719 -0.00946020893752575 0.06418254971504211
v -0.029533881694078445 -0.010695094242691994 0.06717874854803085
v -0.027636684477329254 -0.010804103687405586 0.06754697114229202
v -0.02650933898985386 -0.010352643206715584 0.06716543436050415
v -0.02677968516945839 -0.009426731616258621 0.06758590042591095
v -0.03818507492542267 -0.015561377629637718 0.07029549777507782
v -0.038459986448287964 -0.016398705542087555 0.07014647126197815
v -0.03377781808376312 -0.015606014989316463 0.07025934010744095
v -0.03338657319545746 -0.014684910885989666 0.07036253064870834
v -0.03789135813713074 -0.014999578706920147 0.07025148719549179
v -0.041374266147613525 -0.015148814767599106 0.06955526024103165
v -0.04153193533420563 -0.015726255252957344 0.06954693794250488
v -0.04170738905668259 -0.016537796705961227 0.06931755691766739
v -0.0305207259953022 -0.014351720921695232 0.07009822130203247
v -0.030440228059887886 -0.013438712805509567 0.06997666507959366
v -0.0417194664478302 -0.017222851514816284 0.06906496733427048
v -0.038800787180662155 -0.017115511000156403 0.06986270844936371
v -0.03399358689785004 -0.01629391871392727 0.0700489729642868
v -0.030408727005124092 -0.01479246374219656 0.07004539668560028
v -0.02758799120783806 -0.013229740783572197 0.06946902722120285
v -0.028823625296354294 -0.01312173716723919 0.06968257576227188
v -0.03882818669080734 -0.01762429252266884 0.06911615282297134
v -0.038585200905799866 -0.018230248242616653 0.06880183517932892
v -0.033810365945100784 -0.017486590892076492 0.06930390000343323
v -0.034013792872428894 -0.016816675662994385 0.06964718550443649
v -0.04165811464190483 -0.017729345709085464 0.06826537847518921
v -0.041528038680553436 -0.01834949478507042 0.06778053939342499
v -0.05017596110701561 -0.014328660443425179 0.06410550326108932
v -0.05083106458187103 -0.013741709291934967 0.06338254362344742
v -0.05069340765476227 -0.014342042617499828 0.06329979002475739
v -0.05025215074419975 -0.014803671278059483 0.06364140659570694
v -0.05310908332467079 -0.016362778842449188 0.06008852645754814
v -0.054305143654346466 -0.015035291202366352 0.05966455489397049
v -0.056036025285720825 -0.015476519241929054 0.05803686007857323
v -0.05460677295923233 -0.01710616424679756 0.05894753709435463
v -0.06281726807355881 -0.02544192038476467 0.05392799153923988
v -0.05693501979112625 -0.019895348697900772 0.0578153096139431
v -0.05855003371834755 -0.018117748200893402 0.056109387427568436
v -0.04956865310668945 -0.01460313517600298 0.06483166664838791
v -0.04885755479335785 -0.014942631125450134 0.06565631181001663
v -0.049643632024526596 -0.014209008775651455 0.06492432206869125
v -0.05024344101548195 -0.013777767308056355 0.064104363322258
v -0.049663692712783813 -0.015239548869431019 0.06432252377271652
v -0.04882137104868889 -0.015580249950289726 0.06526432186365128
v -0.047901831567287445 -0.015271740965545177 0.06662117689847946
v -0.047797173261642456 -0.015986807644367218 0.06632763892412186
v -0.04620705917477608 -0.016387727111577988 0.06747625768184662
v -0.04627946391701698 -0.015651531517505646 0.06776753813028336
v -0.04429624602198601 -0.015780366957187653 0.06871972233057022
v -0.04456048458814621 -0.015278341248631477 0.06869012862443924
v -0.04433562606573105 -0.01658431626856327 0.0683935210108757
v -0.046177931129932404 -0.016951870173215866 0.0670347660779953
v -0.04424303397536278 -0.017190992832183838 0.06807629019021988
v -0.0477571114897728 -0.016566403210163116 0.06575684994459152
v -0.04888646677136421 -0.016095928847789764 0.06467468291521072
v -0.049790915101766586 -0.015620309859514236 0.06372051686048508
v -0.05056127905845642 -0.015150634571909904 0.06306453794240952
v -0.05114526301622391 -0.014498528093099594 0.06268396228551865
v -0.050182171165943146 -0.015963152050971985 0.06298787146806717
v -0.05088185518980026 -0.016483258455991745 0.06204323470592499
v -0.04947073385119438 -0.017086993902921677 0.06315456330776215
v -0.0490679033100605 -0.01647396758198738 0.06398221105337143
v -0.05120253935456276 -0.015398822724819183 0.06229175254702568
v -0.05207107588648796 -0.01579829677939415 0.06123539060354233
v -0.0478297621011734 -0.016912270337343216 0.0650099515914917
v -0.04792546480894089 -0.017485477030277252 0.06436630338430405
v -0.046107638627290726 -0.017965227365493774 0.06567417085170746
v -0.04609912633895874 -0.017394766211509705 0.06630460172891617
v -0.043835341930389404 -0.017505258321762085 0.06727895140647888
v -0.043934717774391174 -0.018192052841186523 0.0666382759809494
v -0.037636205554008484 -0.014651395380496979 0.06982412934303284
v -0.037405844777822495 -0.01415297482162714 0.0685376301407814
v -0.040561795234680176 -0.014600690454244614 0.06818905472755432
v -0.04156341776251793 -0.014973985031247139 0.06912693381309509
v -0.04466293752193451 -0.015118340961635113 0.06835667788982391
v -0.043540216982364655 -0.014837875962257385 0.067564457654953
v -0.04070670157670975 -0.014234757050871849 0.06686114519834518
v -0.039313383400440216 -0.011625172570347786 0.06401167809963226
v -0.0405857115983963 -0.01169339194893837 0.06375624984502792
v -0.04302535951137543 -0.014269992709159851 0.06625717878341675
v -0.03786463662981987 -0.01371101662516594 0.06715317070484161
v -0.03798525407910347 -0.0113053098320961 0.06403592228889465
v -0.03498692810535431 -0.012925188057124615 0.06742045283317566
v -0.036691874265670776 -0.011059373617172241 0.06429226696491241
v -0.03252206742763519 -0.012186896055936813 0.06765695661306381
v -0.039245810359716415 -0.004575515165925026 0.07291217148303986
v -0.0396144725382328 -0.0038560274988412857 0.0732506662607193
v -0.0447598472237587 -0.004704801365733147 0.0723288357257843
v -0.043778304010629654 -0.00528799369931221 0.07208634912967682
v -0.06469567865133286 0.0007100463844835758 -0.08834102749824524
v -0.06742984801530838 0.016236066818237305 -0.09040619432926178
v -0.055373694747686386 0.015089116059243679 -0.10128912329673767
v -0.0467386394739151 -0.00845140591263771 0.07037784159183502
v -0.046889159828424454 -0.006893789395689964 0.07044896483421326
v -0.04935036599636078 -0.007615560665726662 0.06853746622800827
v -0.0490913949906826 -0.009012985974550247 0.06840627640485764
v -0.04655894264578819 -0.009926196187734604 0.07012023031711578
v -0.048701222985982895 -0.010450271889567375 0.06811312586069107
v -0.043743062764406204 -0.009325344115495682 0.07194139063358307
v -0.04394480958580971 -0.007676286622881889 0.07219737768173218
v -0.04401563107967377 -0.0061358492821455 0.07208139449357986
v -0.04777950793504715 -0.009651286527514458 0.0639282837510109
v -0.0470515601336956 -0.009276777505874634 0.06473640352487564
v -0.047877237200737 -0.010026194155216217 0.0659828707575798
v -0.04898554086685181 -0.010244671255350113 0.06475421041250229
v -0.048174064606428146 -0.009964222088456154 0.06329913437366486
v -0.04944305866956711 -0.010465491563081741 0.06385580450296402
v -0.044066157191991806 -0.0093171875923872 0.06211138516664505
v -0.04369475692510605 -0.009185083210468292 0.06248202547430992
v -0.04309050366282463 -0.008982634171843529 0.0630226582288742
v -0.0442831814289093 -0.009549792855978012 0.06189310550689697
v -0.044511936604976654 -0.009862493723630905 0.06177442520856857
v -0.0445927195250988 -0.01020210050046444 0.061797160655260086
v -0.044212955981492996 -0.010398153215646744 0.06186646968126297
v -0.06430714577436447 -0.04157751053571701 0.05097360163927078
v -0.06514210999011993 -0.03053165227174759 0.0521240308880806
v -0.06708027422428131 -0.0379146970808506 0.04737243801355362
v -0.04940303415060043 -0.013782533816993237 0.06470226496458054
v -0.05003216862678528 -0.013306518085300922 0.063906230032444
v -0.04882423207163811 -0.013242966495454311 0.06427823007106781
v -0.04936986416578293 -0.01282621268182993 0.06366152316331863
v -0.05065442621707916 -0.012778948061168194 0.06317373365163803
v -0.051030151546001434 -0.013112488202750683 0.06322330236434937
v -0.0463445782661438 -0.0135979438200593 0.065010204911232
v -0.04271944239735603 -0.01146158017218113 0.06306330114603043
v -0.043439559638500214 -0.011200997978448868 0.06270824372768402
v -0.04727034643292427 -0.013075477443635464 0.06438286602497101
v -0.045038964599370956 -0.014228902757167816 0.06572899222373962
v -0.04183202236890793 -0.011669231578707695 0.06342068314552307
v -0.04334122687578201 -0.010744815692305565 0.06225109472870827
v -0.043817006051540375 -0.010596990585327148 0.062052879482507706
v -0.0473853275179863 -0.012544708326458931 0.0637073814868927
v -0.04804283753037453 -0.012178750708699226 0.06320593506097794
v -0.04979296773672104 -0.012361472472548485 0.06325341016054153
v -0.0490572564303875 -0.011371508240699768 0.06268925964832306
v -0.04893241077661514 -0.010914450511336327 0.06275397539138794
v -0.050318051129579544 -0.01200707908719778 0.06304197013378143
v -0.05040857195854187 -0.011407207697629929 0.06307309865951538
v -0.048639822751283646 -0.01177855022251606 0.06280829757452011
v -0.048617083579301834 -0.010446127504110336 0.06297220289707184
v -0.05005630478262901 -0.011034967377781868 0.06340617686510086
v -0.05117276310920715 -0.013628014363348484 0.0629824697971344
v -0.05140634998679161 -0.012718738988041878 0.06285220384597778
v -0.05213409662246704 -0.01207827404141426 0.06241030991077423
v -0.05159236863255501 -0.013668238185346127 0.06245654821395874
v -0.05235375463962555 -0.013480426743626595 0.06173740327358246
v -0.051913704723119736 -0.014623296447098255 0.06185473874211311
v -0.05294306203722954 -0.011272495612502098 0.06214049085974693
v -0.05425359308719635 -0.010413628071546555 0.061282094568014145
v -0.05368848145008087 -0.013314825482666492 0.06073589250445366
v -0.05295390263199806 -0.01473385188728571 0.06085512414574623
v -0.05114496871829033 -0.012210458517074585 0.06290973722934723
v -0.05135343596339226 -0.011872556060552597 0.06280125677585602
v -0.05240921303629875 -0.010505825281143188 0.06345106661319733
v -0.05314229801297188 -0.00953659974038601 0.06329718977212906
v -0.05178055167198181 -0.011288261041045189 0.06341187655925751
v -0.05120182782411575 -0.01088770292699337 0.06461971998214722
v -0.0517190545797348 -0.00997968390583992 0.06483213603496552
v -0.0522410087287426 -0.009003397077322006 0.06478234380483627
v -0.050652455538511276 -0.009622767567634583 0.06658682227134705
v -0.051048822700977325 -0.00829417072236538 0.0665823444724083
v -0.05022072046995163 -0.010701511055231094 0.06614674627780914
v -0.05109352618455887 -0.011419488117098808 0.0633808970451355
v -0.05058671534061432 -0.011063331738114357 0.06425868719816208
v -0.049734409898519516 -0.010835209861397743 0.06556190550327301
v -0.048369310796260834 -0.010820727795362473 0.0672619491815567
v -0.04628864303231239 -0.010410090908408165 0.06917467713356018
v -0.04594730958342552 -0.009712636470794678 0.06768038123846054
v -0.043514836579561234 -0.009811343625187874 0.07090254873037338
v -0.04323548823595047 -0.009363749995827675 0.06934192031621933
v -0.04016115143895149 -0.0027145370841026306 0.07421217858791351
v -0.045712657272815704 -0.0032778456807136536 0.07300813496112823
v -0.04298936575651169 -0.008667983114719391 0.0672684907913208
v -0.040606409311294556 -0.008751966059207916 0.06436367332935333
v -0.03913987800478935 -0.008626556023955345 0.06461430341005325
v -0.03999743238091469 -0.008585799485445023 0.06830847263336182
v -0.03022260218858719 -0.009336769580841064 0.06778790056705475
v -0.031200354918837547 -0.008980605751276016 0.06846673041582108
v -0.03464749827980995 -0.00882367417216301 0.06501060724258423
v -0.034059688448905945 -0.008863048627972603 0.06474088132381439
v -0.028274908661842346 -0.00928579829633236 0.06858348101377487
v -0.02979443408548832 -0.009001165628433228 0.06945637613534927
v -0.03469990938901901 -0.008746329694986343 0.0689944475889206
v -0.036514364182949066 -0.008794965222477913 0.06528843194246292
v -0.0354391448199749 -0.008817389607429504 0.06520268321037292
v -0.03289095684885979 -0.008836805820465088 0.06872987747192383
v -0.03387187793850899 -0.008758187294006348 0.07072870433330536
v -0.03150486201047897 -0.00889672338962555 0.07015451788902283
v -0.03995282202959061 -0.008996851742267609 0.07055727392435074
v -0.04228740185499191 0.07844512909650803 -0.09856724739074707
v -0.041006460785865784 0.06403230130672455 -0.1051856279373169
v -0.05990220606327057 0.062179140746593475 -0.09535397589206696
v -0.060580868273973465 0.07476015388965607 -0.0898008719086647
v -0.04526780545711517 -0.008885066956281662 0.066121406853199
v -0.042005930095911026 -0.008853781968355179 0.063747338950634
v -0.06996245682239532 0.07321824878454208 -0.08156906068325043
v -0.0695481151342392 0.08099214732646942 -0.07692045718431473
v -0.06148645281791687 0.08490022271871567 -0.08229253441095352
v -0.044867031276226044 -0.06325091421604156 -0.0807080790400505
v -0.03459139168262482 -0.07214447855949402 -0.09003462642431259
v -0.025993306189775467 -0.009562497958540916 0.06949011236429214
v -0.027927104383707047 -0.009103400632739067 0.07022298872470856
v -0.02460707537829876 -0.010083463042974472 0.06883411854505539
v -0.023632319644093513 -0.010096421465277672 0.06888779997825623
v -0.025114238262176514 -0.009475145488977432 0.06969408690929413
v -0.02683241292834282 -0.00884055346250534 0.07041212171316147
v -0.03027208521962166 -0.008820006623864174 0.070955291390419
v -0.02932659722864628 -0.008530199527740479 0.07148890942335129
v -0.03278914839029312 -0.008387412875890732 0.07265567034482956
v -0.032918352633714676 -0.00881609320640564 0.07173387706279755
v -0.03990139067173004 -0.009260917082428932 0.07203187048435211
v -0.039927203208208084 -0.0086807981133461 0.0729813352227211
v -0.03229646012187004 -0.00719698891043663 0.07271160930395126
v -0.028740739449858665 -0.007548738270998001 0.07131775468587875
v -0.03168388083577156 -0.0055534448474645615 0.07243986427783966
v -0.02865753136575222 -0.006058964878320694 0.07119820266962051
v -0.03980427235364914 -0.00557377003133297 0.07298924773931503
v -0.040205616503953934 -0.007101135328412056 0.07315637916326523
v -0.027393817901611328 -0.012205306440591812 0.06917072832584381
v -0.025129346176981926 -0.01174294576048851 0.06885076314210892
v -0.02813960611820221 -0.011874794960021973 0.06894062459468842
v -0.0259222574532032 -0.0113625917583704 0.06855771690607071
v -0.02932342141866684 -0.011644991114735603 0.0683099627494812
v -0.024797040969133377 -0.010854300111532211 0.06837309151887894
v -0.023790037259459496 -0.01104615069925785 0.06865721940994263
v -0.030629849061369896 -0.011437486857175827 0.06754662841558456
v -0.02425219863653183 -0.009255750104784966 0.06930461525917053
v -0.022741597145795822 -0.010090094059705734 0.06883157789707184
v -0.023261215537786484 -0.008022276684641838 0.06872899830341339
v -0.02211606130003929 -0.009790521115064621 0.06857556849718094
v -0.025943785905838013 -0.006270596757531166 0.06979642063379288
v -0.026045244187116623 -0.0081209447234869 0.06996438652276993
v -0.02278452180325985 -0.011088548228144646 0.06856463849544525
v -0.02352624200284481 -0.011715117841959 0.06868452578783035
v -0.02216377481818199 -0.010878011584281921 0.06839412450790405
v -0.02285180427134037 -0.01159246452152729 0.0684533566236496
v -0.03006862848997116 -0.015411973930895329 0.06990247219800949
v -0.02983253076672554 -0.015747137367725372 0.06953942775726318
v -0.026752499863505363 -0.013718105852603912 0.0693657323718071
v -0.026148982346057892 -0.013746031560003757 0.06895628571510315
v -0.03825731948018074 -0.018933424726128578 0.06840265542268753
v -0.041287556290626526 -0.019119981676340103 0.06753160804510117
v -0.03774917498230934 -0.019873719662427902 0.06810159236192703
v -0.04101654887199402 -0.02016446739435196 0.06711354851722717
v -0.03284723311662674 -0.019088318571448326 0.069031722843647
v -0.0333939753472805 -0.018234703689813614 0.06914133578538895
v -0.0316087082028389 -0.13542945683002472 -0.010106615722179413
v -0.051671866327524185 -0.01726289838552475 0.061180755496025085
v -0.05282260477542877 -0.01831926219165325 0.06040849909186363
v -0.050896503031253815 -0.01914600282907486 0.061801787465810776
v -0.050051212310791016 -0.017847176641225815 0.062382880598306656
v -0.048211537301540375 -0.018331211060285568 0.06369166821241379
v -0.0486438050866127 -0.019666869193315506 0.06328152120113373
v -0.04613906890153885 -0.019958620890975 0.06466977298259735
v -0.04596645385026932 -0.018757015466690063 0.0650913268327713
v -0.04378572851419449 -0.01890251785516739 0.066169373691082
v -0.0438370518386364 -0.02023228257894516 0.06583157926797867
v -0.05538284033536911 -0.013400522992014885 0.059300314635038376
v -0.056484561413526535 -0.009932082146406174 0.05922636389732361
v -0.05710151046514511 -0.013683527708053589 0.0575130470097065
v -0.05880872532725334 -0.01012435369193554 0.05718573182821274
v -0.021488666534423828 -0.006776537746191025 0.06900738179683685
v -0.02098545804619789 -0.009162964299321175 0.06832922995090485
v -0.019991792738437653 -0.005693655461072922 0.07026322185993195
v -0.019647426903247833 -0.008319886401295662 0.06932435184717178
v -0.02129584550857544 -0.003133004531264305 0.07180794328451157
v -0.023266755044460297 -0.004296105355024338 0.07025519758462906
v -0.02134714275598526 -0.010604407638311386 0.06839116662740707
v -0.022180140018463135 -0.01165570504963398 0.0682377815246582
v -0.020277397707104683 -0.010610891506075859 0.068686343729496
v -0.021317407488822937 -0.012088939547538757 0.06861981004476547
v -0.02925861068069935 -0.01637784205377102 0.06917870789766312
v -0.028658628463745117 -0.0171821191906929 0.06909866631031036
v -0.02553456276655197 -0.01414197962731123 0.06890881061553955
v -0.024619849398732185 -0.014905600808560848 0.06894980370998383
v -0.06184495985507965 -0.010973975993692875 -0.08611713349819183
v -0.06934357434511185 0.03207628056406975 -0.08954199403524399
v -0.05339902639389038 0.0002580080181360245 0.07154726982116699
v -0.05077134072780609 -0.0019300803542137146 0.07139578461647034
v -0.04715585336089134 -0.001017402857542038 0.07375077158212662
v -0.04916778579354286 0.0014981739223003387 0.07475793361663818
v -0.056693751364946365 0.0036140475422143936 0.07059762626886368
v -0.0589313805103302 0.0007402673363685608 0.0669567659497261
v -0.05616627633571625 -0.00156371109187603 0.06818678230047226
v -0.05352458730340004 -0.0033678151667118073 0.06866244226694107
v -0.057369016110897064 -0.0073113832622766495 0.06057940796017647
v -0.055511366575956345 -0.007593048736453056 0.061987508088350296
v -0.05558037385344505 -0.006091563031077385 0.06366174668073654
v -0.05745742470026016 -0.005490574985742569 0.06253664940595627
v -0.05967004597187042 -0.007263246923685074 0.05862352252006531
v -0.060068003833293915 -0.004806607961654663 0.06093798950314522
v -0.05700178071856499 -0.0036688540130853653 0.0651397556066513
v -0.05481124296784401 -0.0047310348600149155 0.06595983356237411
v -0.05988120660185814 -0.002391628921031952 0.063945472240448
v -0.029454443603754044 0.0002490691840648651 0.07498928904533386
v -0.030000559985637665 -0.001245003193616867 0.07352831214666367
v -0.027135750278830528 -0.002926640212535858 0.07182557135820389
v -0.025742100551724434 -0.001852644607424736 0.07259003818035126
v -0.028032630681991577 0.0013839658349752426 0.07624268531799316
v -0.023628972470760345 -0.0009091384708881378 0.07365728914737701
v -0.04221273213624954 0.0019266344606876373 0.07727526128292084
v -0.041241541504859924 -0.00010452233254909515 0.07551972568035126
v -0.031484294682741165 -0.004204725846648216 0.07236595451831818
v -0.029490230605006218 -0.004972217604517937 0.0717487707734108
v -0.030854476615786552 -0.003635058179497719 0.07225819677114487
v -0.028539353981614113 -0.00474516861140728 0.07145081460475922
v -0.07795669138431549 0.08695574849843979 -0.05691457539796829
v -0.07976222783327103 0.08978865295648575 -0.04335043579339981
v -0.06460444629192352 0.10318538546562195 -0.047914035618305206
v -0.0639757364988327 0.09874748438596725 -0.06153456121683121
v -0.046866562217473984 -0.0062011536210775375 0.07076916098594666
v -0.04773334413766861 -0.005495844408869743 0.07072486728429794
v -0.05028042197227478 -0.0061563123017549515 0.06869147717952728
v -0.04943278804421425 -0.006823685020208359 0.06891202181577682
v -0.051360972225666046 -0.007396986708045006 0.06687991321086884
v -0.05220261216163635 -0.00670148991048336 0.06662191450595856
v -0.05330321192741394 -0.007483324036002159 0.06473799049854279
v -0.05263172835111618 -0.007965495809912682 0.06501933932304382
v -0.05329686030745506 -0.008510665968060493 0.06371993571519852
v -0.05389004945755005 -0.008324559777975082 0.06312192231416702
v -0.028708063066005707 -0.003580128774046898 0.07203195244073868
v -0.030759397894144058 -0.0027277935296297073 0.07272680848836899
v -0.07063932716846466 0.061864010989665985 -0.08529561758041382
v -0.05480065196752548 0.04139390215277672 0.0690857544541359
v -0.06179011985659599 0.03858717158436775 0.06223158538341522
v -0.058602869510650635 0.031280141323804855 0.06593821942806244
v -0.04876890778541565 -0.004121566191315651 0.07115024328231812
v -0.05145680159330368 -0.004947559908032417 0.06878887861967087
v -0.053238995373249054 -0.005800452083349228 0.06644179672002792
v -0.05426159128546715 -0.0067480020225048065 0.06448518484830856
v -0.05464005097746849 -0.007537640631198883 0.0631536915898323
v -0.07954098284244537 -0.03221924602985382 -0.00995186809450388
v -0.07982560992240906 -0.03164112567901611 -0.011715606786310673
v -0.08895551413297653 -0.016750216484069824 -0.034770332276821136
v -0.0876166895031929 -0.010493465699255466 -0.0323370136320591
v -0.08662357926368713 -0.007415118161588907 -0.03003254160284996
v -0.0899605005979538 -0.003475712612271309 -0.015715382993221283
v -0.09192430973052979 9.547080844640732e-05 -0.01779954694211483
v -0.09048371762037277 -0.03633648157119751 -0.03180704265832901
v -0.0869789645075798 -0.03869164362549782 -0.028543589636683464
v -0.09043851494789124 -0.035322338342666626 -0.03210330381989479
v -0.0985889807343483 -0.002463079057633877 -0.027138127014040947
v -0.0990447923541069 -0.0037722669076174498 -0.028780078515410423
v -0.09997805207967758 -0.004257773049175739 -0.02844223752617836
v -0.05298995599150658 -0.033392056822776794 -0.08133121579885483
v -0.05859582871198654 -0.02021566778421402 -0.0843716561794281
v -0.09928189218044281 -0.0051882341504096985 -0.030449608340859413
v -0.08190889656543732 -0.026652585715055466 -0.013054059818387032
v -0.08993281424045563 -0.017256710678339005 -0.03506341204047203
v -0.09149429947137833 -0.01755056343972683 -0.03687877953052521
v -0.09196986258029938 -0.0225294791162014 -0.03816027566790581
v -0.09126859903335571 -0.022121939808130264 -0.03741883113980293
v -0.09088000655174255 -0.02783747762441635 -0.0375453419983387
v -0.09031175076961517 -0.027118690311908722 -0.03690100461244583
v -0.09225516021251678 -0.032147690653800964 -0.033993061631917953
v -0.09285303950309753 -0.027354944497346878 -0.03583630174398422
v -0.09301198273897171 0.0007265424355864525 -0.019020926207304
v -0.0929805189371109 -0.0002579204738140106 -0.018402699381113052
v -0.09378744661808014 0.0007764659821987152 -0.019334658980369568
v -0.0826842337846756 -0.027473878115415573 -0.014628373086452484
v -0.08817216753959656 -0.005457684397697449 -0.016287371516227722
v -0.08759208768606186 -0.0074675180949270725 -0.014890353195369244
v -0.08731573820114136 -0.006909490562975407 -0.015321975573897362
v -0.08126458525657654 -0.021501298993825912 -0.017746370285749435
v -0.08110653609037399 -0.020654354244470596 -0.0177636556327343
v -0.08230209350585938 -0.023186352103948593 -0.017560787498950958
v -0.08378466963768005 -0.025057043880224228 -0.01566816307604313
v -0.07761368900537491 -0.031319648027420044 -0.019561102613806725
v -0.07730497419834137 -0.03161240369081497 -0.021207012236118317
v -0.07664855569601059 -0.03241468220949173 -0.020762521773576736
v -0.09698502719402313 0.006394032388925552 -0.020330186933279037
v -0.08768074959516525 -0.008533244952559471 -0.014651544392108917
v -0.08890647441148758 -0.007578582502901554 -0.014745369553565979
v -0.08970007300376892 -0.006536202505230904 -0.014837956055998802
v -0.09449883550405502 9.344145655632019e-05 -0.019486049190163612
v -0.09020433574914932 -0.005637321155518293 -0.014876337721943855
v -0.08924747258424759 -0.005468971095979214 -0.01512984186410904
v -0.0906522125005722 -0.003840312361717224 -0.015578358434140682
v -0.08861330151557922 -0.005233924835920334 -0.015544340014457703
v -0.08353891968727112 -0.026198407635092735 -0.032414063811302185
v -0.08241765946149826 -0.026656650006771088 -0.030491577461361885
v -0.082729272544384 -0.012824846431612968 -0.005823105573654175
v -0.0831076055765152 -0.01408358570188284 -0.008541315793991089
v -0.08586263656616211 -0.03976471722126007 -0.026473019272089005
v -0.08665892481803894 -0.0030997595749795437 -0.02312307432293892
v -0.08783352375030518 0.00011322647333145142 -0.02415045164525509
v -0.09495517611503601 -0.023228373378515244 -0.036030497401952744
v -0.08744493126869202 -0.030666273087263107 -0.028146399185061455
v -0.08521302789449692 -0.03170879930257797 -0.027211397886276245
v -0.08997372537851334 -0.02933509461581707 -0.029178112745285034
v -0.09202160686254501 -0.026670612394809723 -0.0300489142537117
v -0.08446892350912094 -0.013085479848086834 -0.020196780562400818
v -0.09352836012840271 -0.008420145139098167 -0.024546604603528976
v -0.09371721744537354 -0.01020821277052164 -0.02607511170208454
v -0.0922093540430069 -0.008417395874857903 -0.023332493379712105
v -0.08892514556646347 0.0026643937453627586 -0.021720441058278084
v -0.08910773694515228 0.001878557726740837 -0.019498713314533234
v -0.08610963821411133 -0.00045229215174913406 -0.02182510495185852
v -0.08885014057159424 7.313024252653122e-05 -0.01957889460027218
v -0.07973206788301468 -0.028348702937364578 -0.018470991402864456
v -0.07745158672332764 -0.03272376209497452 -0.023312008008360863
v -0.0794108659029007 -0.03124057687819004 -0.024393487721681595
v -0.07856618613004684 -0.03319789841771126 -0.024404527619481087
v -0.0799228847026825 -0.03196433186531067 -0.025835180655121803
v -0.0802808329463005 -0.030466202646493912 -0.027106810361146927
v -0.0809415951371193 -0.028592240065336227 -0.027982104569673538
v -0.0824199691414833 -0.02680739015340805 -0.027594832703471184
v -0.07987956702709198 -0.024260662496089935 -0.0182627085596323
v -0.08816909790039062 0.0004816073924303055 -0.010491028428077698
v -0.07927984744310379 -0.025956589728593826 -0.01866237074136734
v -0.08143289387226105 -0.022864162921905518 -0.017732569947838783
v -0.08121497929096222 -0.024618355557322502 -0.017749393358826637
v -0.0805753618478775 -0.026452170684933662 -0.01793035678565502
v -0.08332518488168716 -0.03577830269932747 -0.021767668426036835
v -0.08362677693367004 -0.03380025178194046 -0.023976178839802742
v -0.08207672089338303 -0.035201746970415115 -0.02098431997001171
v -0.08393530547618866 -0.03278291970491409 -0.026013556867837906
v -0.08101826906204224 -0.034861400723457336 -0.02053418941795826
v -0.0881865918636322 -0.00260910764336586 -0.022214379161596298
v -0.08910521119832993 3.9301812648773193e-07 -0.0213205236941576
v -0.07986333966255188 -0.02951381355524063 -0.007457004860043526
v -0.06989434361457825 -0.03186837211251259 0.04349255934357643
v -0.07225053757429123 -0.021595031023025513 0.04007745906710625
v -0.027613410726189613 -0.08128154277801514 0.04865263029932976
v -0.0264446884393692 -0.08425228297710419 0.04810440540313721
v -0.060868725180625916 -0.04478880763053894 0.05442606657743454
v -0.05628344044089317 -0.04812176525592804 0.05832687392830849
v -0.026483798399567604 -0.0788484439253807 0.06106065213680267
v -0.02534637041389942 -0.07983975112438202 0.060907091945409775
v -0.024426564574241638 -0.07932022213935852 0.06140340864658356
v -0.025496164336800575 -0.07883116602897644 0.0611705556511879
v -0.023307539522647858 -0.0783434584736824 0.05961254611611366
v -0.024291863664984703 -0.07822173833847046 0.059009745717048645
v -0.02438492514193058 -0.07844674587249756 0.060311444103717804
v -0.023349452763795853 -0.07876677811145782 0.06093093752861023
v -0.03124869614839554 -0.06375731527805328 0.06834996491670609
v -0.03499423712491989 -0.05981767922639847 0.06816867738962173
v -0.037710707634687424 -0.06444485485553741 0.06565168499946594
v -0.034306012094020844 -0.06776146590709686 0.06579513102769852
v -0.026440951973199844 -0.0785202607512474 0.05195457488298416
v -0.026652507483959198 -0.07671527564525604 0.052966345101594925
v -0.025529038161039352 -0.07703948765993118 0.05563047528266907
v -0.025409121066331863 -0.07799361646175385 0.05493747442960739
v -0.026118310168385506 -0.0797988623380661 0.05149681866168976
v -0.025161582976579666 -0.07858969271183014 0.054735928773880005
v -0.027907751500606537 -0.07934027910232544 0.0492728129029274
v -0.02812633477151394 -0.07663053274154663 0.05044163018465042
v -0.034687358886003494 -0.08560692518949509 0.056476887315511703
v -0.03145751357078552 -0.0832715705037117 0.05812068656086922
v -0.0329115055501461 -0.08003881573677063 0.059713006019592285
v -0.03634381294250488 -0.08095960319042206 0.05841228365898132
v -0.02825007028877735 -0.050979264080524445 0.07106994837522507
v -0.03183423727750778 -0.05515148490667343 0.06989339739084244
v -0.028938379138708115 -0.05947530269622803 0.06967367976903915
v -0.024948762729763985 -0.054552409797906876 0.07087349891662598
v -0.021561354398727417 -0.0497465655207634 0.07270166277885437
v -0.024617068469524384 -0.0464014932513237 0.07234565913677216
v -0.02020239643752575 -0.04213503748178482 0.07801618427038193
v -0.020392030477523804 -0.046009812504053116 0.0784153863787651
v -0.019239157438278198 -0.04763675853610039 0.0814715176820755
v -0.019931655377149582 -0.04518451914191246 0.08086403459310532
v -0.017418567091226578 -0.05120423063635826 0.07900885492563248
v -0.020252782851457596 -0.04793007671833038 0.0765223279595375
v -0.013303922489285469 -0.05246683955192566 0.07905659824609756
v -0.013019058853387833 -0.05209264159202576 0.08016683161258698
v -0.01770549826323986 -0.05141739547252655 0.07730916142463684
v -0.018064087256789207 -0.0520763099193573 0.07520520687103271
v -0.013882357627153397 -0.05294126272201538 0.07772955298423767
v -0.01233714260160923 -0.05147672817111015 0.08114003390073776
v -0.015261942520737648 -0.05120283365249634 0.0814085379242897
v -0.016773352399468422 -0.049446143209934235 0.08353299647569656
v -0.005548158660531044 -0.051204267889261246 0.08954793214797974
v -0.006685876753181219 -0.050265826284885406 0.09184267371892929
v -0.013924161903560162 -0.018511982634663582 0.08155632019042969
v -0.016681935638189316 -0.021674659103155136 0.07807518541812897
v -0.013688295148313046 -0.021638542413711548 0.0832885205745697
v -0.016333216801285744 -0.02435513399541378 0.07973092049360275
v -0.015957452356815338 -0.047769397497177124 0.08738875389099121
v -0.017702126875519753 -0.0458637960255146 0.08638649433851242
v -0.013377862982451916 -0.04720602184534073 0.09116230905056
v -0.014519410207867622 -0.044601768255233765 0.09151839464902878
v -0.009301932528614998 -0.003677133470773697 0.08344347029924393
v -0.0035928450524806976 -0.05379873886704445 0.08452478051185608
v -0.003926834091544151 -0.05436435714364052 0.08383990079164505
v -0.0032571260817348957 -0.052843205630779266 0.08650414645671844
v -0.0437832847237587 0.09767165035009384 -0.0815458595752716
v -0.04445815086364746 0.10721990466117859 -0.06801799684762955
v -0.04304470121860504 0.11502121388912201 -0.04267548397183418
v -0.040346093475818634 0.11667832732200623 -0.029751140624284744
v -0.0053336420096457005 -0.07216627895832062 0.07937587797641754
v -0.005507110618054867 -0.0692208856344223 0.08034681528806686
v -0.013936607167124748 -0.07325805723667145 0.061528388410806656
v -0.007968893274664879 -0.07321642339229584 0.06284070760011673
v -0.007445968221873045 -0.07486385107040405 0.06566016376018524
v -0.013321694917976856 -0.07518452405929565 0.06434572488069534
v -0.017431778833270073 -0.07521803677082062 0.06254668533802032
v -0.018295271322131157 -0.07343223690986633 0.05967329815030098
v -0.014639794826507568 -0.07144859433174133 0.05942676216363907
v -0.00859851948916912 -0.07116852700710297 0.06041809543967247
v -0.01215971726924181 -0.07743863761425018 0.0694889947772026
v -0.00647532194852829 -0.07718680799007416 0.07159169018268585
v -0.005846121348440647 -0.07646907866001129 0.07441577315330505
v -0.011737020686268806 -0.07670105248689651 0.07205486297607422
v -0.020555250346660614 -0.0561041459441185 0.0729469358921051
v -0.016268476843833923 -0.05569791421294212 0.07561228424310684
v -0.011793888173997402 -0.05610061436891556 0.07886455208063126
v -0.008161069825291634 -0.05655902996659279 0.08118513226509094
v -0.007559916004538536 -0.0544862374663353 0.08190861344337463
v -0.010424487292766571 -0.05375484377145767 0.08003903180360794
v -0.007222281768918037 -0.05366121232509613 0.08246617019176483
v -0.009870080277323723 -0.05303791165351868 0.0807298868894577
v -0.009658386930823326 -0.05247550457715988 0.08142596483230591
v -0.010114762000739574 -0.05171724408864975 0.08186879754066467
v -0.008344931527972221 -0.05179876834154129 0.08313387632369995
v -0.008864508010447025 -0.05111609399318695 0.08314899355173111
v -0.0071277013048529625 -0.05301985517144203 0.08307940512895584
v -0.007250444032251835 -0.029084600508213043 0.09445623308420181
v -0.007396144792437553 -0.025163833051919937 0.092367984354496
v -0.010685140267014503 -0.06762982904911041 0.07915091514587402
v -0.005885153077542782 -0.06676732748746872 0.08050122112035751
v -0.005197031423449516 -0.062086071819067 0.08107344061136246
v -0.009849044494330883 -0.06249751150608063 0.07997746020555496
v -0.014788055792450905 -0.06312918663024902 0.07747583091259003
v -0.015925055369734764 -0.06920696794986725 0.07605837285518646
v -0.004257288761436939 -0.05514788255095482 0.08324151486158371
v -0.010726921260356903 -0.07020622491836548 0.07847804576158524
v -0.010832902044057846 -0.07279407978057861 0.07707569003105164
v -0.01606411300599575 -0.07180123031139374 0.07511914521455765
v -0.016113420948386192 -0.07388852536678314 0.07356364279985428
v -0.02084292098879814 -0.07125641405582428 0.07183822989463806
v -0.0203938540071249 -0.06489431113004684 0.07397902011871338
v -0.02627669833600521 -0.06671334058046341 0.06996878981590271
v -0.02476164512336254 -0.0732770562171936 0.06770443171262741
v -0.03277986869215965 -0.07700369507074356 0.06170741841197014
v -0.02801169827580452 -0.07910192012786865 0.060746897011995316
v -0.027982039377093315 -0.07777838408946991 0.06175687909126282
v -0.027750853449106216 -0.07656500488519669 0.0631503164768219
v -0.03232523053884506 -0.07394611835479736 0.06391416490077972
v -0.03618384897708893 -0.07647386193275452 0.060965780168771744
v -0.03578290715813637 -0.07208036631345749 0.06343338638544083
v -0.030565861612558365 -0.07035331428050995 0.06657842546701431
v -0.02688707411289215 -0.07499076426029205 0.06501264870166779
v -0.026722852140665054 -0.0778968334197998 0.06198221445083618
v -0.02572416141629219 -0.0782678872346878 0.061636604368686676
v -0.026387469843029976 -0.07717061042785645 0.06304845213890076
v -0.02550041861832142 -0.07769560813903809 0.06249961256980896
v -0.02573787048459053 -0.07638850808143616 0.06439699232578278
v -0.024866877123713493 -0.07718702405691147 0.06360165774822235
v -0.02353525161743164 -0.076400026679039 0.06532540172338486
v -0.024166792631149292 -0.07516635954380035 0.06655827164649963
v -0.023893829435110092 -0.07764564454555511 0.060758862644433975
v -0.022715644910931587 -0.07748739421367645 0.06182614341378212
v -0.022620057687163353 -0.07762819528579712 0.06308937072753906
v -0.023765668272972107 -0.07782550156116486 0.061757419258356094
v -0.024521807208657265 -0.077797070145607 0.059745222330093384
v -0.024345220997929573 -0.07805188745260239 0.06093688681721687
v -0.025042571127414703 -0.07643276453018188 0.056549686938524246
v -0.024166669696569443 -0.07578979432582855 0.057463377714157104
v -0.024928143247961998 -0.077961765229702 0.05906303599476814
v -0.024844380095601082 -0.07817670702934265 0.06007017567753792
v -0.024774007499217987 -0.07852815091609955 0.061213329434394836
v -0.024771858006715775 -0.07799706608057022 0.061786673963069916
v -0.02421305887401104 -0.07756927609443665 0.06272241473197937
v -0.02304106578230858 -0.07718534767627716 0.06413782387971878
v -0.016116878017783165 -0.07550376653671265 0.07157663255929947
v -0.020152557641267776 -0.07501307129859924 0.06949292868375778
v -0.02001265622675419 -0.07629774510860443 0.06766597181558609
v -0.016268931329250336 -0.07710300385951996 0.06915567815303802
v -0.019912876188755035 -0.077372707426548 0.06592944264411926
v -0.019424738362431526 -0.07170149683952332 0.05753715708851814
v -0.01647430658340454 -0.07747277617454529 0.06683790683746338
v -0.022389337420463562 -0.07374891638755798 0.05704552307724953
v -0.023867573589086533 -0.07225574553012848 0.055022530257701874
v -0.02125830203294754 -0.07534146308898926 0.05988014116883278
v -0.026162412017583847 -0.07560469210147858 0.05402640998363495
v -0.02549177221953869 -0.0743955671787262 0.054847657680511475
v -0.027930954471230507 -0.07471653074026108 0.05169196054339409
v -0.027059312909841537 -0.07325240969657898 0.052888333797454834
v -0.020090019330382347 -0.07736139744520187 0.06418665498495102
v -0.020530378445982933 -0.07343173027038574 0.07081868499517441
v -0.011159884743392467 -0.07479283213615417 0.07470029592514038
v -0.005592416971921921 -0.074379101395607 0.07701978832483292
v -0.006869370583444834 -0.03793634474277496 0.09926009923219681
v -0.007216254249215126 -0.03313574194908142 0.09677945822477341
v -0.023688998073339462 -0.07902051508426666 0.06158973649144173
v -0.007569283712655306 -0.14404864609241486 -0.0005409512668848038
v -0.026719842106103897 -0.08050934970378876 0.060292139649391174
v -0.025223582983016968 -0.08202511072158813 0.05085922032594681
v -0.02423982508480549 -0.07978150248527527 0.054600391536951065
v -0.031086798757314682 -0.0905570387840271 0.05546017736196518
v -0.02538924291729927 -0.09443111717700958 0.05736089497804642
v -0.024064738303422928 -0.09038887917995453 0.059418074786663055
v -0.028745101764798164 -0.08717793226242065 0.05747855082154274
v -0.021639058366417885 -0.08499276638031006 0.06260655075311661
v -0.02478109672665596 -0.08227261900901794 0.06098264828324318
v -0.02344640903174877 -0.0812477394938469 0.062042590230703354
v -0.020329760387539864 -0.08295442163944244 0.0639657974243164
v -0.019570782780647278 -0.08135318011045456 0.0648120790719986
v -0.02256033942103386 -0.08023916929960251 0.06257566809654236
v -0.017919262871146202 -0.0787184089422226 0.06406844407320023
v -0.012865946628153324 -0.07826952636241913 0.06625501811504364
v -0.012919853441417217 -0.08088664710521698 0.06040350720286369
v -0.01807001791894436 -0.08130307495594025 0.05825817212462425
v -0.022784339264035225 -0.08022835850715637 0.05559437721967697
v -0.021896036341786385 -0.07849881052970886 0.060647591948509216
v -0.018447235226631165 -0.07929559797048569 0.06483370810747147
v -0.02169102616608143 -0.0790482833981514 0.062162864953279495
v -0.013579627498984337 -0.07886712998151779 0.06766785681247711
v -0.01896495744585991 -0.14086706936359406 -0.004429381340742111
v -0.02211793139576912 -0.0794844776391983 0.06258770823478699
v -0.018954243510961533 -0.07993529736995697 0.06485624611377716
v -0.01410763431340456 -0.08006343990564346 0.06811053305864334
v -0.014768420718610287 -0.08217047899961472 0.06820306181907654
v -0.015432842075824738 -0.08456556499004364 0.06778082996606827
v -0.01624629832804203 -0.08748655021190643 0.06651058793067932
v -0.01797090284526348 -0.09421456605195999 0.06237831711769104
v -0.018810655921697617 -0.09898824989795685 0.06006990373134613
v -0.010874176397919655 -0.09609729051589966 0.06545455753803253
v -0.01139333751052618 -0.1013057678937912 0.06395116448402405
v -0.010427471250295639 -0.08879658579826355 0.06979343295097351
v -0.010084081441164017 -0.08532516658306122 0.07143434137105942
v -0.009642728604376316 -0.08250036090612411 0.07149266451597214
v -0.009206932038068771 -0.08016665279865265 0.07104329019784927
v -0.004754882305860519 -0.056763000786304474 0.0823470950126648
v -0.0070288460701704025 -0.051820285618305206 0.08452599495649338
v -0.005815016571432352 -0.05163901299238205 0.08681689947843552
v -0.008978992700576782 -0.04911303520202637 0.09303288161754608
v -0.003111547790467739 -0.05234629660844803 0.08902207016944885
v -0.011785609647631645 -0.047642603516578674 0.09294033795595169
v -0.00994125660508871 -0.048243895173072815 0.0942523330450058
v -0.01062435656785965 -0.046778205782175064 0.09543849527835846
v -0.011938021518290043 -0.04601975157856941 0.09440059214830399
v -0.00827146228402853 -0.04891333356499672 0.09538156539201736
v -0.009650830179452896 -0.04709620028734207 0.0964806005358696
v -0.004014366306364536 -0.0500187911093235 0.09686113893985748
v -0.004947748966515064 -0.0471796877682209 0.09963718056678772
v -0.006327359471470118 -0.04177628457546234 0.10050120204687119
v -0.005494533106684685 -0.04510566219687462 0.10045026987791061
v -0.01104668714106083 -0.04530886933207512 0.0963706225156784
v -0.012607434764504433 -0.04331574961543083 0.09513255208730698
v -0.0132903466001153 -0.04000813513994217 0.09365551918745041
v -0.015516499057412148 -0.04160685837268829 0.0897035300731659
v -0.02901143580675125 0.1130305826663971 0.01366117037832737
v -0.008599704131484032 -0.07863986492156982 0.07034485787153244
v -0.0076197125017642975 -0.07784996181726456 0.06848804652690887
v -0.012910299003124237 -0.08870568871498108 0.051434099674224854
v -0.012690150178968906 -0.0854235589504242 0.05460665374994278
v -0.00798675138503313 -0.08521700650453568 0.05600949004292488
v -0.007769905496388674 -0.08877676725387573 0.052860748022794724
v -0.003152560442686081 -0.07733073830604553 0.06957480311393738
v -0.003437063191086054 -0.08026555180549622 0.0627211481332779
v -0.007762495428323746 -0.08047297596931458 0.06193916127085686
v -0.003480661427602172 -0.07813000679016113 0.07153793424367905
v -0.003861981211230159 -0.07978452742099762 0.07251647859811783
v -0.004113431088626385 -0.08228697627782822 0.07334680110216141
v -0.0034229217562824488 -0.08518484234809875 0.05651424080133438
v -0.003651247126981616 -0.0888337641954422 0.05339425429701805
v -0.023345647379755974 -0.08353248238563538 0.05133714899420738
v -0.02363160252571106 -0.08669912815093994 0.04847024381160736
v -0.018254464492201805 -0.08513805270195007 0.05310956388711929
v -0.018649037927389145 -0.08790434896945953 0.05036359652876854
v -0.004073748365044594 -0.10171136260032654 0.06684596836566925
v -0.00375045882537961 -0.09658387303352356 0.0676121935248375
v -0.004488488659262657 -0.08529602736234665 0.07318416237831116
v -0.004330831579864025 -0.08905605971813202 0.07152149081230164
v -0.04423981159925461 0.11240380257368088 -0.055706460028886795
v -0.07512234151363373 0.048618391156196594 0.04136653244495392
v -0.0725560337305069 0.04032482951879501 0.047455787658691406
v -0.06582431495189667 0.046516187489032745 0.05595478415489197
v -0.06874588876962662 0.05338551104068756 0.049938395619392395
v -0.07677638530731201 0.0578266903758049 0.03503989428281784
v -0.07020501792430878 0.061463937163352966 0.04376116022467613
v -0.059037771075963974 0.10689061135053635 -0.005780966952443123
v -0.05868939310312271 0.10309586673974991 0.008036596700549126
v -0.03999057039618492 0.10976812988519669 0.012372374534606934
v -0.05476689711213112 0.11043059825897217 -0.019635185599327087
v -0.06704430282115936 0.10335821658372879 -0.029996175318956375
v -0.06824516505002975 0.10152353346347809 -0.010378044098615646
v -0.06722426414489746 0.09801820665597916 0.004536809399724007
v -0.03382911905646324 -0.08355896174907684 -0.09375271201133728
v -0.070243701338768 0.04468792304396629 -0.08818436414003372
v -0.06504867225885391 0.0941392332315445 0.01774408668279648
v -0.05708322674036026 0.09838216006755829 0.021071523427963257
v -0.05564943328499794 0.09275262802839279 0.03248821198940277
v -0.06291208416223526 0.08948671817779541 0.02863156981766224
v -0.03880777955055237 0.10433973371982574 0.025922341272234917
v -0.02787981927394867 0.10711472481489182 0.027740342542529106
v -0.0353984534740448 0.014787556603550911 -0.11036307364702225
v -0.007724038325250149 -0.02129320055246353 0.09042324125766754
v -0.05613383278250694 -0.053483135998249054 -0.06875097751617432
v -0.06420721858739853 -0.058489568531513214 -0.05122799053788185
v -0.061073604971170425 -0.11481700092554092 -0.04034682363271713
v -0.07750881463289261 -0.04108350723981857 -0.028287531808018684
v -0.07731068879365921 -0.04020659253001213 -0.02879442274570465
v -0.0636148527264595 -0.07770025730133057 -0.03580357879400253
v -0.06607479602098465 -0.06375950574874878 -0.033748164772987366
v -0.04776352643966675 -0.04902685061097145 -0.0801282525062561
v -0.08731485158205032 -0.028547493740916252 -0.036332596093416214
v -0.0884101465344429 -0.02479366958141327 -0.03647264093160629
v -0.08844827860593796 -0.02962242066860199 -0.036214444786310196
v -0.08951893448829651 -0.025531232357025146 -0.03654120862483978
v -0.08988809585571289 -0.02118978276848793 -0.03615068271756172
v -0.08886021375656128 -0.03156691789627075 -0.03581559658050537
v -0.08894837647676468 0.00138052087277174 -0.01796667091548443
v -0.09058506041765213 0.002451341599225998 -0.016490701586008072
v -0.07649394869804382 -0.04347638040781021 -0.024465491995215416
v -0.07658800482749939 -0.04244748502969742 -0.025955908000469208
v -0.07586716115474701 -0.04294130578637123 -0.025262346491217613
v -0.07559748739004135 -0.043676525354385376 -0.024041352793574333
v -0.07605007290840149 -0.04464742913842201 -0.023080360144376755
v -0.07523047924041748 -0.044457241892814636 -0.02306545339524746
v -0.08935487270355225 0.016174135729670525 -0.006778568960726261
v -0.07402363419532776 -0.04278361797332764 -0.02632761001586914
v -0.07647447288036346 -0.04071350395679474 -0.02842082642018795
v -0.07629402726888657 -0.041626736521720886 -0.027092935517430305
v -0.07567108422517776 -0.04275517910718918 -0.02591029927134514
v -0.07483407109975815 -0.04397320747375488 -0.02414322830736637
v -0.074606753885746 -0.04522304981946945 -0.02269633486866951
v -0.07522550225257874 -0.04600873962044716 -0.022279785946011543
v -0.089095838367939 -0.032633259892463684 -0.036365970969200134
v -0.0807369202375412 -0.044415853917598724 -0.027311159297823906
v -0.0877741351723671 -0.0032602818682789803 -0.024915138259530067
v -0.08770187944173813 -0.004686418920755386 -0.026932448148727417
v -0.09008025377988815 -0.0030853035859763622 -0.02790709398686886
v -0.09004747867584229 -0.0014183423481881618 -0.026018265634775162
v -0.07124399393796921 -0.013692683540284634 -0.07368841022253036
v -0.07456212490797043 -0.0020997105166316032 -0.07616260647773743
v -0.021001216024160385 -0.07917836308479309 -0.09819456934928894
v -0.02170191891491413 -0.06677339226007462 -0.0953214019536972
v -0.09002551436424255 0.024806540459394455 -0.053794004023075104
v -0.08780020475387573 -0.0021396055817604065 -0.02326035499572754
v -0.09019922465085983 -0.00014892499893903732 -0.024262839928269386
v -0.08891332149505615 -0.02064082771539688 -0.035920556634664536
v -0.08582078665494919 -0.0019924030639231205 -0.02355443499982357
v -0.08609470725059509 -0.003325965255498886 -0.02526259236037731
v -0.09156602621078491 0.0016012806445360184 -0.02545604482293129
v -0.09135578572750092 0.00011078594252467155 -0.02736026421189308
v -0.09158188104629517 -0.0018761754035949707 -0.029301345348358154
v -0.08631447702646255 -0.004860157147049904 -0.02710232511162758
v -0.0889427587389946 0.0015780758112668991 -0.02380647137761116
v -0.09514136612415314 0.048814162611961365 -0.02388053573668003
v -0.09480492025613785 0.04631289094686508 -0.0388772115111351
v -0.0932275727391243 0.06626926362514496 -0.023743432015180588
v -0.09279133379459381 0.0648590549826622 -0.03976820409297943
v -0.088872030377388 0.06298740208148956 -0.056758902966976166
v -0.09064693003892899 0.04348577931523323 -0.05615391582250595
v -0.08897276967763901 0.001595216803252697 -0.018318522721529007
v -0.09156648069620132 0.003532733768224716 -0.016795074567198753
v -0.07812808454036713 0.06574288010597229 0.028786785900592804
v -0.08327304571866989 0.06210080161690712 0.020810063928365707
v -0.0711563229560852 0.06867699325084686 0.03797236457467079
v -0.07170401513576508 0.07528173923492432 0.03249500319361687
v -0.07829305529594421 0.07327859103679657 0.023226667195558548
v -0.08571602404117584 0.06874769181013107 0.010209595784544945
v -0.09260352700948715 0.03649205341935158 -0.011397668160498142
v -0.09297143667936325 0.051071032881736755 -0.008982615545392036
v -0.08948288857936859 0.052265316247940063 0.005049552768468857
v -0.09063947945833206 0.06776775419712067 -0.007484132423996925
v -0.082499198615551 0.07939273118972778 0.005736101418733597
v -0.08674795180559158 0.07879821211099625 -0.009155256673693657
v -0.07626814395189285 0.08909820020198822 0.003459438681602478
v -0.07910248637199402 0.09023872762918472 -0.011199159547686577
v -0.07968861609697342 0.09122161567211151 -0.027393437922000885
v -0.08898981660604477 0.0781145691871643 -0.024770261719822884
v -0.07714150100946426 0.08013767004013062 0.01827014423906803
v -0.07070551812648773 0.08125517517328262 0.028102438896894455
v -0.07272804528474808 0.08755877614021301 0.015980159863829613
v -0.06895949691534042 0.08635599911212921 0.02438606694340706
v -0.08719602227210999 0.05252379551529884 0.012474434450268745
v -0.06974343955516815 -0.049960218369960785 -0.02330809459090233
v -0.07140875607728958 -0.051701419055461884 -0.01820428855717182
v -0.07628078758716583 -0.04353892430663109 -0.007977728731930256
v -0.07482403516769409 -0.027116939425468445 0.032141052186489105
v -0.07588336616754532 -0.014209676533937454 0.03206794336438179
v -0.07919111102819443 -0.020022861659526825 0.02028612047433853
v -0.07632860541343689 -0.03484073281288147 0.019091693684458733
v -0.07535988092422485 -0.0002803802490234375 0.03282785415649414
v -0.07927042990922928 -0.005702568218111992 0.02156689018011093
v -0.08060950040817261 0.008747581392526627 0.022151608020067215
v -0.07655700296163559 0.01373102143406868 0.03510802239179611
v -0.08076687157154083 0.06180842965841293 -0.07305313646793365
v -0.08171680569648743 0.044888801872730255 -0.0747186467051506
v -0.08115501701831818 0.03198407590389252 -0.07570485025644302
v -0.05644690617918968 0.024276167154312134 0.06875598430633545
v -0.043264225125312805 0.09037233889102936 -0.08956947177648544
v -0.057974960654973984 0.04982275143265724 0.06363154947757721
v -0.07453055679798126 0.08238162845373154 -0.06924568116664886
v -0.062420547008514404 0.0908697322010994 -0.07492214441299438
v -0.08877137303352356 0.07684877514839172 -0.04058418422937393
v -0.0860176682472229 0.0750662237405777 -0.055038921535015106
v -0.0785154327750206 0.07284626364707947 -0.07120498269796371
v -0.07898055016994476 0.015862561762332916 -0.07734154164791107
v -0.06275180727243423 0.08391659706830978 0.03520627319812775
v -0.062431689351797104 -0.007255472242832184 0.05589507520198822
v -0.06139989569783211 -0.011175503022968769 0.054214876145124435
v -0.06298819184303284 -0.0033634863793849945 0.058311089873313904
v -0.05956032872200012 -0.01585230603814125 0.05500929802656174
v -0.019906170666217804 -0.024825070053339005 0.0752093493938446
v -0.01922297105193138 -0.027035631239414215 0.07678592205047607
v -0.018817385658621788 -0.02988751046359539 0.07808443158864975
v -0.02250213548541069 -0.02958226017653942 0.074195496737957
v -0.021796032786369324 -0.03277554735541344 0.0752863958477974
v -0.015345560386776924 -0.03033974952995777 0.08350206911563873
v -0.01597096398472786 -0.027350109070539474 0.08141827583312988
v -0.01797822117805481 -0.03261630982160568 0.07958562672138214
v -0.017477912828326225 -0.0360005758702755 0.08071333169937134
v -0.015214907005429268 -0.033734310418367386 0.08497406542301178
v -0.021125715225934982 -0.047631800174713135 0.07441540062427521
v -0.022470444440841675 -0.04277896136045456 0.07407929748296738
v -0.020034804940223694 -0.0389624685049057 0.0768028050661087
v -0.02532961778342724 -0.0355534590780735 0.07338398694992065
v -0.024031128734350204 -0.03894592076539993 0.07397163659334183
v -0.020849088206887245 -0.03562113642692566 0.07620338350534439
v -0.02653920277953148 -0.03206898272037506 0.07229280471801758
v -0.018079442903399467 -0.03986555337905884 0.082240030169487
v -0.018499059602618217 -0.0436081625521183 0.08457904309034348
v -0.015241778455674648 -0.037680428475141525 0.08727662265300751
v -0.013366835191845894 -0.03618815913796425 0.09106715768575668
v -0.01331885065883398 -0.032083284109830856 0.08879244327545166
v -0.023411035537719727 -0.02719302475452423 0.07291549444198608
v -0.02803400531411171 -0.029399359598755836 0.07145674526691437
v -0.027492210268974304 -0.042507048696279526 0.0727238729596138
v -0.03190385922789574 -0.04621792212128639 0.07187653332948685
v -0.029783593490719795 -0.038226958364248276 0.07214878499507904
v -0.03393666073679924 -0.04124786704778671 0.07136691361665726
v -0.03109537437558174 -0.034434620290994644 0.07137896865606308
v -0.03545565530657768 -0.03718156740069389 0.07049240171909332
v -0.035745345056056976 -0.05063679814338684 0.07054919004440308
v -0.03911453112959862 -0.05496738851070404 0.06853356212377548
v -0.04204602167010307 -0.06061958894133568 0.06540311127901077
v -0.0423349104821682 -0.049694888293743134 0.06825830042362213
v -0.04591361805796623 -0.05526690557599068 0.06498673558235168
v -0.0445689857006073 -0.044073548167943954 0.06768754869699478
v -0.04891710355877876 -0.04950997978448868 0.06442254036664963
v -0.0383952334523201 -0.044988155364990234 0.07018746435642242
v -0.04023982584476471 -0.04047359898686409 0.0692833960056305
v -0.036827683448791504 -0.03313989192247391 0.069571353495121
v -0.03260733559727669 -0.031032949686050415 0.07061527669429779
v -0.0460379384458065 -0.03248390927910805 0.06630460917949677
v -0.045604437589645386 -0.03831782937049866 0.06703375279903412
v -0.04125060886144638 -0.035604458302259445 0.06830677390098572
v -0.042035531252622604 -0.030788378790020943 0.06744671612977982
v -0.050708234310150146 -0.0422259196639061 0.06430746614933014
v -0.05062931776046753 -0.034425221383571625 0.0645710751414299
v -0.050092440098524094 -0.029068492352962494 0.0641855001449585
v -0.03695186227560043 -0.021732164546847343 0.06815415620803833
v -0.03207607567310333 -0.02081592008471489 0.06898178160190582
v -0.04043206945061684 -0.022246114909648895 0.06719406694173813
v -0.04602702707052231 -0.028108147904276848 0.0657736286520958
v -0.042637698352336884 -0.02731008268892765 0.06688143312931061
v -0.05476076528429985 -0.021260196343064308 0.059739578515291214
v -0.05224796012043953 -0.022176427766680717 0.06160532683134079
v -0.0462527796626091 -0.022622959688305855 0.06490762531757355
v -0.04345753416419029 -0.022555559873580933 0.06606598198413849
v -0.04934823513031006 -0.022497382014989853 0.06337767094373703
v -0.0274992436170578 -0.018938791006803513 0.06933373212814331
v -0.02291586808860302 -0.016606386750936508 0.06973911821842194
v -0.061719685792922974 -0.07191422581672668 -0.051315341144800186
v -0.013054048642516136 -0.028420358896255493 0.08716817945241928
v -0.013341403566300869 -0.02505720779299736 0.08513663709163666
v -0.020916346460580826 -0.0007039923220872879 0.07519103586673737
v -0.01860847882926464 -0.002962738275527954 0.0739654153585434
v -0.012629270553588867 -0.003575921058654785 0.08086752891540527
v -0.024651851505041122 0.002100002020597458 0.07843446731567383
v -0.019884074106812477 -0.013761009089648724 0.07023049890995026
v -0.01822490617632866 -0.01118222251534462 0.0705980658531189
v -0.017429376021027565 -0.008547894656658173 0.07141325622797012
v -0.017334802076220512 -0.00551266223192215 0.07252750545740128
v -0.036658599972724915 0.012906007468700409 0.08292283862829208
v -0.032668255269527435 0.006752200424671173 0.08318344503641129
v -0.06787149608135223 0.03211104869842529 0.05494542419910431
v -0.07114185392856598 0.024259964004158974 0.04926309734582901
v -0.05819248408079147 0.009090805426239967 0.06876491010189056
v -0.0612206794321537 0.005425967276096344 0.06494630128145218
v -0.0628497451543808 0.001000894233584404 0.06125648319721222
v -0.07226383686065674 0.01330246590077877 0.04396912083029747
v -0.07219332456588745 0.0014829114079475403 0.040870923548936844
v -0.07261509448289871 -0.010154034942388535 0.03960644081234932
v -0.061789050698280334 0.06443511694669724 0.05242105945944786
v -0.06245389208197594 0.07140491157770157 0.0468921884894371
v -0.06049342080950737 0.057101741433143616 0.05810976400971413
v -0.05452365800738335 0.0867329016327858 0.04081689566373825
v -0.05382966250181198 0.08058592677116394 0.04809116572141647
v -0.06281398981809616 0.07791607826948166 0.04122794419527054
v -0.0535292886197567 0.07397972792387009 0.05414683744311333
v -0.05308740586042404 0.06704513728618622 0.0596005953848362
v -0.05176890641450882 0.05982846021652222 0.06527430564165115
v -0.04972255229949951 0.05232146382331848 0.07069054245948792
v -0.04696049913764 0.0430416539311409 0.07513139396905899
v -0.0542152114212513 -0.06617699563503265 -0.06926193833351135
v -0.009852749295532703 -0.04063895344734192 0.08184415102005005
v -0.009393502958118916 -0.04076726734638214 0.0822891891002655
v -0.00960503239184618 -0.040593359619379044 0.08166193962097168
v -0.009084610268473625 -0.04070766270160675 0.08216387033462524
v -0.009424882009625435 -0.041138362139463425 0.08216191083192825
v -0.008701037615537643 -0.04936487600207329 0.08287670463323593
v -0.00796244665980339 -0.0470961257815361 0.08238554000854492
v -0.008641106076538563 -0.04354569688439369 0.08250603824853897
v -0.07517655193805695 -0.04928016662597656 -0.011504510417580605
v -0.060884539037942886 -0.10728589445352554 -0.0539681538939476
v -0.05814506486058235 -0.10060995817184448 -0.06650660932064056
v 0.05350647121667862 -0.09670886397361755 -0.05801746994256973
v 0.04855668544769287 -0.09071572870016098 -0.07030332833528519
v 0.023807935416698456 -0.14199568331241608 -0.008996522054076195
v 0.035257257521152496 -0.13583146035671234 -0.014908633194863796
v 0.03671841323375702 -0.1435794234275818 -0.017949091270565987
v 0.024818114936351776 -0.14916621148586273 -0.01224292442202568
v 0.0581054650247097 -0.11260463297367096 -0.06743746995925903
v 0.055388957262039185 -0.10508179664611816 -0.06143241375684738
v 0.0505884513258934 -0.09886553138494492 -0.07471848279237747
v 0.054171122610569 -0.10602879524230957 -0.08160769194364548
v 0.04259588569402695 -0.09479304403066635 -0.0862235352396965
v 0.046150367707014084 -0.10274145007133484 -0.09389922767877579
v 0.03491313010454178 -0.10189152508974075 -0.10316942632198334
v 0.03216184675693512 -0.09224455058574677 -0.09498269855976105
v 0.019835254177451134 -0.09106607735157013 -0.10119324922561646
v 0.021991301327943802 -0.10204659402370453 -0.1089075356721878
v 0.046086858958005905 -0.12812577188014984 -0.023292727768421173
v 0.053959932178258896 -0.11976549029350281 -0.03436702489852905
v 0.05580422282218933 -0.1281781792640686 -0.038683176040649414
v 0.04759974032640457 -0.13623526692390442 -0.02689003013074398
v 0.05738052725791931 -0.11203649640083313 -0.0472521148622036
v 0.05926007404923439 -0.12008440494537354 -0.05267986282706261
v 0.008055532351136208 -0.10268723964691162 -0.11137054115533829
v 0.006432597525417805 -0.09042995423078537 -0.1038735881447792
v 0.027649499475955963 -0.16724447906017303 -0.019524045288562775
v 0.014713536016643047 -0.1707838475704193 -0.018168091773986816
v 0.014312153682112694 -0.16127914190292358 -0.013251431286334991
v 0.026219751685857773 -0.15783585608005524 -0.015945754945278168
v 0.05740264430642128 -0.16367951035499573 -0.039820484817028046
v 0.06989050656557083 -0.15327443182468414 -0.051942892372608185
v 0.07717809081077576 -0.1616973876953125 -0.05094897001981735
v 0.06265412271022797 -0.17341750860214233 -0.039177387952804565
v 0.09783060848712921 -0.15468427538871765 -0.06302134692668915
v 0.10508692264556885 -0.13836553692817688 -0.08220577239990234
v 0.04271549731492996 -0.17136728763580322 -0.029320141300559044
v 0.04606332629919052 -0.1813374012708664 -0.02804679609835148
v -0.005560849793255329 -0.11455186456441879 -0.12070440500974655
v -0.0061829281039536 -0.10355758666992188 -0.11127502471208572
v 0.09458473324775696 -0.13356763124465942 -0.08313393592834473
v 0.09217925369739532 -0.1247827559709549 -0.10574400424957275
v 0.10492503643035889 -0.12952792644500732 -0.10596969723701477
v 0.050315458327531815 -0.14117586612701416 -0.14675047993659973
v 0.050980713218450546 -0.14725595712661743 -0.1509798914194107
v 0.06573084741830826 -0.1417856216430664 -0.1483643800020218
v 0.06128541752696037 -0.1366465985774994 -0.1433185636997223
v 0.07081682980060577 -0.11596690863370895 -0.0971871018409729
v 0.05911446362733841 -0.11439336836338043 -0.11155962198972702
v 0.0673951506614685 -0.11992361396551132 -0.11886735260486603
v 0.08119935542345047 -0.120101198554039 -0.10284321010112762
v 0.03253984823822975 -0.12854494154453278 -0.13579867780208588
v 0.050375062972307205 -0.12329497933387756 -0.1293322741985321
v 0.04426143690943718 -0.11698342859745026 -0.1219882145524025
v 0.028115686029195786 -0.11987488716840744 -0.12792640924453735
v 0.08458733558654785 -0.12943895161151886 -0.0822494775056839
v 0.07404755055904388 -0.12507933378219604 -0.07903753966093063
v 0.07868794351816177 -0.1420167088508606 -0.06619537621736526
v 0.0701872780919075 -0.13578255474567413 -0.06367546319961548
v 0.06363216787576675 -0.14541074633598328 -0.049518026411533356
v 0.05188344791531563 -0.10924751311540604 -0.10291659832000732
v 0.039135053753852844 -0.10984490811824799 -0.11261799931526184
v 0.02465774491429329 -0.11146719008684158 -0.11852623522281647
v 0.009565742686390877 -0.11319629102945328 -0.12082195281982422
v -0.002492457628250122 -0.15838047862052917 -0.14893870055675507
v -0.0033713271841406822 -0.14680491387844086 -0.1443428099155426
v 0.013982824981212616 -0.13251954317092896 -0.13737556338310242
v 0.01168367825448513 -0.12278851121664047 -0.1300824135541916
v 0.08769171684980392 -0.14790557324886322 -0.06605317443609238
v 0.06330318748950958 -0.12827670574188232 -0.05903922766447067
v 0.05905897170305252 -0.13685603439807892 -0.044430408626794815
v 0.07007236033678055 -0.18197613954544067 -0.030700813978910446
v 0.08671921491622925 -0.1708872765302658 -0.04551566392183304
v 0.05125869810581207 -0.19049321115016937 -0.019934911280870438
v 0.0339018777012825 -0.19708478450775146 -0.013658339157700539
v 0.016290387138724327 -0.1440715193748474 -0.14382293820381165
v 0.0164810698479414 -0.15540175139904022 -0.1486770659685135
v 0.03536231443285942 -0.1508195400238037 -0.14975474774837494
v 0.03815138339996338 -0.13885289430618286 -0.14389628171920776
v 0.05334684997797012 -0.15447677671909332 -0.03646526858210564
v 0.040913306176662445 -0.16195999085903168 -0.025903688743710518
v 0.028627652674913406 -0.1767255961894989 -0.021852120757102966
v 0.06095902994275093 -0.11178655177354813 -0.08933229744434357
v 0.06421967595815659 -0.11932207643985748 -0.0737738162279129
v 0.05024534463882446 -0.14497661590576172 -0.03183366358280182
v 0.038588088005781174 -0.15249009430408478 -0.022214656695723534
v 0.013563038781285286 -0.15317600965499878 -0.008600166067481041
v 0.030691254884004593 -0.18684051930904388 -0.019931204617023468
v 0.09308668226003647 -0.13016372919082642 -0.12720942497253418
v 0.07988162338733673 -0.13571904599666595 -0.14089621603488922
v 0.07261243462562561 -0.133062481880188 -0.13807430863380432
v -0.004439636133611202 -0.13477827608585358 -0.13791243731975555
v 0.0031668422743678093 -0.16301749646663666 -0.01244034431874752
v 0.0033851424232125282 -0.17239545285701752 -0.017726827412843704
v 0.00317942863330245 -0.1550086885690689 -0.007006987929344177
v 0.0770399421453476 -0.12637588381767273 -0.12696146965026855
v 0.05656407028436661 -0.13070623576641083 -0.13700807094573975
v 0.0030272044241428375 -0.14891387522220612 -0.0026131439954042435
v -0.007094264961779118 -0.0907420665025711 -0.10409104079008102
v 0.003988829907029867 -0.1827874332666397 -0.022371187806129456
v 0.005161551292985678 -0.19492390751838684 -0.021502716466784477
v 0.006638264749199152 -0.20594516396522522 -0.013859881088137627
v 0.01330508291721344 -0.14671039581298828 -0.0045970287173986435
v 0.01744869165122509 -0.19189590215682983 -0.020206112414598465
v 0.015714894980192184 -0.18070322275161743 -0.021478749811649323
v 0.01969786360859871 -0.20289434492588043 -0.013600960373878479
v -0.004969542846083641 -0.12448996305465698 -0.13017338514328003
v -0.018769940361380577 -0.14603091776371002 -0.007430797442793846
v -0.03154413402080536 -0.14194516837596893 -0.012530088424682617
v -0.03211349993944168 -0.1498125195503235 -0.015516513958573341
v -0.019055865705013275 -0.15316413342952728 -0.010734722018241882
v -0.06334073841571808 -0.12379540503025055 -0.06312796473503113
v -0.06161254271864891 -0.11597630381584167 -0.05736725777387619
v -0.059110283851623535 -0.10904011130332947 -0.07080297917127609
v -0.062009990215301514 -0.1165556013584137 -0.07736726850271225
v -0.05323345214128494 -0.10360206663608551 -0.0827493742108345
v -0.05591873079538345 -0.11195632070302963 -0.09014672040939331
v -0.04585231840610504 -0.10918059945106506 -0.10021205991506577
v -0.04424194246530533 -0.0992816686630249 -0.09216783195734024
v -0.032907720655202866 -0.0959261953830719 -0.09926816076040268
v -0.0336371511220932 -0.1070997416973114 -0.10689115524291992
v -0.044446222484111786 -0.13650719821453094 -0.020065832883119583
v -0.05459648370742798 -0.13003502786159515 -0.03063853085041046
v -0.0551455058157444 -0.13834600150585175 -0.03469698131084442
v -0.04492185264825821 -0.14464101195335388 -0.023550737649202347
v -0.06110350415110588 -0.12323924899101257 -0.04314566031098366
v -0.06165977567434311 -0.13147856295108795 -0.04849168658256531
v -0.020126555114984512 -0.10528846085071564 -0.11032907664775848
v -0.02027117647230625 -0.09292609244585037 -0.10289496183395386
v -0.020448243245482445 -0.1715794950723648 -0.017598040401935577
v -0.00752048846334219 -0.17277361452579498 -0.01726689748466015
v -0.007500356063246727 -0.16314034163951874 -0.012492034584283829
v -0.01990862935781479 -0.161917582154274 -0.014305192977190018
v -0.05101325735449791 -0.17385520040988922 -0.036495961248874664
v -0.06609778851270676 -0.16573496162891388 -0.047438785433769226
v -0.071755051612854 -0.1751684844493866 -0.04583970829844475
v -0.054877862334251404 -0.18406572937965393 -0.034798890352249146
v -0.09424808621406555 -0.17196962237358093 -0.056178219616413116
v -0.10585322976112366 -0.15722480416297913 -0.07447634637355804
v -0.03519536182284355 -0.17862802743911743 -0.026415612548589706
v -0.03696684166789055 -0.1891542673110962 -0.024913456290960312
v -0.09661164879798889 -0.15062671899795532 -0.07611483335494995
v -0.09779290854930878 -0.1416148543357849 -0.09862522035837173
v -0.10941153764724731 -0.1484893411397934 -0.09798579663038254
v -0.057300686836242676 -0.1506655067205429 -0.14280322194099426
v -0.0572471022605896 -0.1567579209804535 -0.14700117707252502
v -0.07234996557235718 -0.15388566255569458 -0.1432877779006958
v -0.06855538487434387 -0.14810284972190857 -0.13849182426929474
v -0.07792804390192032 -0.12911735475063324 -0.09154194593429565
v -0.06780754774808884 -0.12607954442501068 -0.10684171319007874
v -0.07551374286413193 -0.1326998472213745 -0.11346566677093506
v -0.0876239538192749 -0.13516873121261597 -0.09646125137805939
v -0.041251346468925476 -0.13512778282165527 -0.13308295607566833
v -0.05915316939353943 -0.13294729590415955 -0.1252085417509079
v -0.05371897667646408 -0.12510299682617188 -0.11804210394620895
v -0.03781719133257866 -0.1257731318473816 -0.12542952597141266
v -0.08750969171524048 -0.14485087990760803 -0.07588201761245728
v -0.07760404050350189 -0.13864538073539734 -0.07342300564050674
v -0.07809774577617645 -0.1561896651983261 -0.06060366332530975
v -0.07040499895811081 -0.1486094892024994 -0.05880375951528549
v -0.06098051369190216 -0.15686577558517456 -0.04541891813278198
v -0.061043061316013336 -0.119325190782547 -0.09870757162570953
v -0.04927588999271393 -0.11775676161050797 -0.10932371020317078
v -0.03530960902571678 -0.11685363948345184 -0.11624156683683395
v -0.020267151296138763 -0.1165977418422699 -0.1199021115899086
v -0.022667448967695236 -0.13627015054225922 -0.13620248436927795
v -0.022032825276255608 -0.1246027946472168 -0.12853379547595978
v -0.08581539988517761 -0.16356360912322998 -0.05989813059568405
v -0.06443434953689575 -0.1400921642780304 -0.054683081805706024
v -0.05751311779022217 -0.14745713770389557 -0.0403144434094429
v -0.060258664190769196 -0.19402632117271423 -0.025652652606368065
v -0.07930078357458115 -0.18587003648281097 -0.03944051265716553
v -0.03996875509619713 -0.19904735684394836 -0.016326969489455223
v -0.021587533876299858 -0.20220059156417847 -0.011179959401488304
v -0.023371122777462006 -0.14751532673835754 -0.142390638589859
v -0.021769553422927856 -0.1587495654821396 -0.14721988141536713
v -0.0410032719373703 -0.15765324234962463 -0.14699424803256989
v -0.045543670654296875 -0.14628444612026215 -0.14082932472229004
v -0.04854653775691986 -0.16378259658813477 -0.03309019282460213
v -0.03462257608771324 -0.16888560354709625 -0.023010550066828728
v -0.020419549196958542 -0.18139895796775818 -0.02012801170349121
v -0.06831423193216324 -0.1233530193567276 -0.08456910401582718
v -0.068565234541893 -0.1313934475183487 -0.06901641190052032
v -0.046711474657058716 -0.15376554429531097 -0.028360331431031227
v -0.03327330946922302 -0.15897566080093384 -0.019644228741526604
v -0.007582488469779491 -0.15509186685085297 -0.007970578968524933
v -0.020802807062864304 -0.19163388013839722 -0.017789006233215332
v -0.0994194746017456 -0.14730337262153625 -0.11988545954227448
v -0.08667994290590286 -0.15046760439872742 -0.1346132755279541
v -0.07981757074594498 -0.14657168090343475 -0.13229751586914062
v -0.0844230130314827 -0.14074450731277466 -0.12088083475828171
v -0.0644337385892868 -0.1414806842803955 -0.1324891895055771
v -0.00752625148743391 -0.14862391352653503 -0.003978025168180466
v -0.007101491559296846 -0.19428019225597382 -0.01913924515247345
v -0.00738430954515934 -0.183031365275383 -0.020768189802765846
v -0.006534406449645758 -0.2051795870065689 -0.012362107634544373
v -0.009874554350972176 -0.0410776250064373 0.08180821686983109
v -0.07275997847318649 -0.056602105498313904 0.00954030454158783
v -0.07189983129501343 -0.06225777044892311 0.0005784141831099987
v -0.06727922707796097 -0.07450062036514282 0.005062577314674854
v -0.06877335906028748 -0.06823521852493286 0.01461036503314972
v -0.06098419427871704 -0.08561728894710541 0.0101463058963418
v -0.06450290977954865 -0.07767797261476517 0.01846902258694172
v -0.053786858916282654 -0.09497413039207458 0.016626395285129547
v -0.05909991264343262 -0.08653783798217773 0.023266833275556564
v -0.047907646745443344 -0.10206476598978043 0.024580568075180054
v -0.05348728969693184 -0.09335105121135712 0.029610201716423035
v -0.0314464308321476 -0.11013899743556976 0.04343672841787338
v -0.02952241152524948 -0.11415886878967285 0.038633331656455994
v -0.021600374951958656 -0.11800846457481384 0.0450320765376091
v -0.02219969406723976 -0.11519673466682434 0.05013260990381241
v -0.013259381987154484 -0.12119260430335999 0.05056741088628769
v -0.013929378241300583 -0.11851343512535095 0.0556427538394928
v -0.0047082481905817986 -0.12218068540096283 0.053673818707466125
v -0.004798189736902714 -0.1197364330291748 0.059042248874902725
v 0.005031396169215441 -0.12176167964935303 0.05523025617003441
v 0.005064594093710184 -0.11907364428043365 0.06063879281282425
v 0.0045659588649868965 -0.110631063580513 0.06658545136451721
v -0.004471046384423971 -0.11176013946533203 0.06569570302963257
v -0.004607431590557098 -0.11607494205236435 0.06302011013031006
v 0.0048850891180336475 -0.11566545069217682 0.06395960599184036
v -0.01246774010360241 -0.1107567548751831 0.062314942479133606
v -0.013610649853944778 -0.1150861456990242 0.05941452085971832
v -0.020105892792344093 -0.10763124376535416 0.057349786162376404
v -0.021566767245531082 -0.11181250959634781 0.054240573197603226
v -0.028739023953676224 -0.10279671847820282 0.051967792212963104
v -0.030383002012968063 -0.10675008594989777 0.0481814369559288
v -0.03596462309360504 -0.09759359806776047 0.04956851527094841
v -0.03942364081740379 -0.09928523004055023 0.04501939192414284
v -0.00426611490547657 -0.12329258024692535 0.046755388379096985
v 0.004709520377218723 -0.12283506244421005 0.048565614968538284
v -0.012262517586350441 -0.12233498692512512 0.04391615837812424
v -0.020098095759749413 -0.11967197060585022 0.039109766483306885
v -0.027004782110452652 -0.11689310520887375 0.03323835879564285
v -0.04065699502825737 -0.1076798066496849 0.03242030739784241
v -0.03448113799095154 -0.11335108429193497 0.026576081290841103
v -0.04263702407479286 -0.10735204815864563 0.020022369921207428
v -0.04877743124961853 -0.10022098571062088 0.011274421587586403
v -0.05744357779622078 -0.09023410081863403 0.0033037662506103516
v -0.06540464609861374 -0.07773558795452118 -0.003256814554333687
v -0.07061184197664261 -0.06459023803472519 -0.007708690129220486
v -0.07412264496088028 -0.05338592454791069 -0.0026906514540314674
v -0.011390438303351402 -0.10658974200487137 0.0637633353471756
v -0.004204633180052042 -0.10691538453102112 0.06669721752405167
v -0.01827751100063324 -0.10395684093236923 0.05949435755610466
v -0.02666170708835125 -0.09892250597476959 0.05493207648396492
v -0.03363863751292229 -0.09422744810581207 0.05292762815952301
v -0.04021415486931801 -0.08180172741413116 0.05625905841588974
v -0.03825154900550842 -0.08812205493450165 0.0539853572845459
v -0.039657168090343475 -0.06988436728715897 0.06243136152625084
v -0.040062569081783295 -0.07571899145841599 0.059425514191389084
v -0.048548582941293716 -0.0627787858247757 0.060134172439575195
v -0.04979303479194641 -0.07110999524593353 0.054573386907577515
v -0.04488850384950638 -0.07450996339321136 0.05697357654571533
v -0.04420720040798187 -0.06695553660392761 0.0613299161195755
v -0.052395083010196686 -0.056390319019556046 0.0591806136071682
v -0.05439377203583717 -0.06629905104637146 0.05232875794172287
v -0.003778495592996478 -0.12403622269630432 0.04071185365319252
v 0.004339021630585194 -0.12373103201389313 0.04141350835561752
v -0.010840456001460552 -0.12352927774190903 0.03792601078748703
v -0.01748472824692726 -0.12180400639772415 0.033341050148010254
v -0.022710738703608513 -0.12012067437171936 0.027559177950024605
v -0.028396373614668846 -0.11769343912601471 0.02106662467122078
v -0.034660279750823975 -0.11348457634449005 0.013898935168981552
v -0.042739614844322205 -0.10699529945850372 0.0055779628455638885
v -0.05294819176197052 -0.0964260995388031 -0.003371225669980049
v -0.06314055621623993 -0.08089736849069595 -0.010422512888908386
v -0.06808146834373474 -0.06686259061098099 -0.015107403509318829
v -0.019760223105549812 -0.1234363466501236 0.01501789502799511
v -0.015167146921157837 -0.12398716807365417 0.020489223301410675
v -0.011037430725991726 -0.12513910233974457 0.024878647178411484
v -0.007454735226929188 -0.12573334574699402 0.028831254690885544
v -0.0027095030527561903 -0.12627467513084412 0.027968453243374825
v 0.0037097735330462456 -0.12638312578201294 0.02732018753886223
v -0.0026112773921340704 -0.12645134329795837 0.021044539287686348
v 0.0034379069693386555 -0.1268712282180786 0.021058987826108932
v -0.005275274161249399 -0.12799659371376038 0.016852984204888344
v 0.00326657947152853 -0.1283353716135025 0.0174377653747797
v -0.007639734074473381 -0.13029144704341888 0.013457637280225754
v 0.003085504285991192 -0.13158249855041504 0.013526178896427155
v -0.04151150584220886 -0.09076827764511108 0.050233494490385056
v -0.04615594446659088 -0.0902104526758194 0.04586281254887581
v -0.049358341842889786 -0.08047142624855042 0.049425676465034485
v -0.054414939135313034 -0.07670055329799652 0.04579678177833557
v -0.051559507846832275 -0.08791648596525192 0.04076526314020157
v -0.04445606842637062 -0.08284854888916016 0.05278188735246658
v -0.057604964822530746 -0.08279478549957275 0.03500283509492874
v -0.05947184935212135 -0.07117270678281784 0.04177973046898842
v -0.05872242525219917 -0.059756532311439514 0.050305500626564026
v -0.0632496103644371 -0.06449035555124283 0.03854639455676079
v -0.0623776949942112 -0.0759182795882225 0.02992863766849041
v -0.06248442828655243 -0.05470651388168335 0.04717047140002251
v -0.0655422955751419 -0.049656517803668976 0.044247694313526154
v -0.0660347267985344 -0.05871644988656044 0.035517528653144836
v -0.06585860252380371 -0.06836292147636414 0.026867367327213287
v -0.04506634175777435 -0.10016831010580063 0.03710636496543884
v -0.06893102824687958 -0.06105351448059082 0.02326640672981739
v -0.06824731826782227 -0.04470578953623772 0.040733400732278824
v -0.06858848035335541 -0.052549511194229126 0.032289519906044006
v -0.0712558850646019 -0.0380624420940876 0.03632410988211632
v -0.07202515006065369 -0.04511300474405289 0.026185354217886925
v -0.0726829320192337 -0.05156973749399185 0.017265286296606064
v -0.07553106546401978 -0.046305101364851 0.0030205678194761276
v 0.004110478796064854 -0.10589799284934998 0.06782935559749603
v -0.07036149501800537 -0.047617316246032715 -0.027282319962978363
v -0.02406281605362892 -0.061975520104169846 0.07155334949493408
v -0.01844050921499729 -0.060253649950027466 0.07498931139707565
v -0.013256154023110867 -0.05965503677725792 0.07825968414545059
v -0.008954156190156937 -0.05951324850320816 0.08057030290365219
v -0.004839396569877863 -0.059399381279945374 0.08168502151966095
v 0.003003144171088934 -0.1402631551027298 0.0053587425500154495
v -0.0063149593770504 0.009035486727952957 0.08686068654060364
v 0.002900962717831135 -0.13483351469039917 0.010215016081929207
v 0.0014826487749814987 -0.08850616216659546 0.05347663164138794
v -0.017651554197072983 0.10876750200986862 0.028631635010242462
v 0.0036776168271899223 -0.10109178721904755 0.06851693987846375
v 0.0014265147037804127 -0.08464746177196503 0.056877002120018005
v -0.0024961174931377172 -0.03243093192577362 0.09862719476222992
v 0.003281765151768923 -0.09673047810792923 0.06849554181098938
v 0.002624750370159745 -0.08533996343612671 0.07375943660736084
v 0.0021229195408523083 -0.07910355925559998 0.07279696315526962
v -0.009550418704748154 0.0466272234916687 0.08495309948921204
v 0.002360493876039982 -0.08169534802436829 0.07381736487150192
v -0.0014060373650863767 -0.05691921338438988 0.08247724920511246
v -0.0019695160444825888 -0.03707475587725639 0.10101258009672165
v 0.0018884630408138037 -0.07740937173366547 0.07152488082647324
v -0.011139854788780212 -0.040390074253082275 -0.095302052795887
v 0.00280893687158823 -0.08923731744289398 0.07177430391311646
v 0.0013504016678780317 -0.07993218302726746 0.06288683414459229
v 0.0016042180359363556 -0.07677321881055832 0.06979410350322723
v -0.00047430815175175667 -0.07090143114328384 0.06062540039420128
v -0.0010228361934423447 -0.05981452763080597 0.08151939511299133
v -0.004463229328393936 -0.01307748630642891 0.0882580429315567
v -0.015313370153307915 0.00233315397053957 -0.110354945063591
v -0.004214202519506216 -0.016499867662787437 0.09005172550678253
v -0.012755407020449638 0.07378560304641724 0.07268186658620834
v -0.010722924023866653 0.05763781815767288 0.08184240013360977
v -0.0030356086790561676 -0.02791295014321804 0.09621904045343399
v -0.020288879051804543 0.06619242578744888 -0.10948367416858673
v -0.02121659182012081 0.08159054815769196 -0.1028386726975441
v -0.0080046895891428 0.028224091976881027 0.08670274913311005
v -0.021243851631879807 0.12078577280044556 -0.03342316299676895
v -0.0015385375590994954 -0.041274867951869965 0.10226990282535553
v -0.0015200123889371753 -0.052637092769145966 0.08891420066356659
v -0.01558077521622181 0.09542494267225266 0.05122978985309601
v -0.017830463126301765 0.03216634690761566 -0.1145460456609726
v -0.022102482616901398 0.11700935661792755 -0.05918069928884506
v 0.0004124632105231285 -0.07607679069042206 0.07514192909002304
v -0.01661253720521927 0.1023205816745758 0.040552251040935516
v 0.0004613769706338644 -0.07671841979026794 0.07204084098339081
v -0.0011830105213448405 -0.05053039267659187 0.09729503095149994
v -0.016523342579603195 0.01593717187643051 -0.11378069221973419
v -0.018858427181839943 0.04594651609659195 -0.11352723836898804
v -0.0004243333823978901 -0.06678422540426254 0.08038076013326645
v -0.0008031830657273531 -0.06261134147644043 0.08090727031230927
v -0.02176160365343094 0.1198805570602417 -0.046519190073013306
v -0.006655486300587654 0.014892812818288803 0.08745278418064117
v -0.00011106440797448158 -0.0697418749332428 0.08033798635005951
v -0.005369347985833883 -0.003388339653611183 0.08493336290121078
v 0.00016623688861727715 -0.0723552256822586 0.07966871559619904
v 0.003038758412003517 -0.14462433755397797 0.000974731519818306
v -0.022053008899092674 0.102103590965271 -0.08507932722568512
v 0.00027596880681812763 -0.07430768013000488 0.07766775041818619
v 7.364526391029358e-05 -0.07456529140472412 0.06626741588115692
v -0.0034233215264976025 -0.023707915097475052 0.0939188301563263
v -0.00019020866602659225 -0.07285836338996887 0.06327278912067413
v -0.008717923425137997 0.03626927360892296 0.08598168194293976
v -0.0015811071498319507 -0.05454569309949875 0.08436263352632523
v -0.001566660706885159 -0.0540769025683403 0.08511430025100708
v -0.0052285222336649895 -0.005967007949948311 0.08528055250644684
v -0.011850234121084213 0.06620654463768005 0.0776735469698906
v -0.0054732924327254295 -0.0009329319000244141 0.08522943407297134
v -0.0014924108982086182 -0.055161185562610626 0.08364705741405487
v -0.02182610146701336 0.09450110793113708 -0.09333187341690063
v -0.02053895592689514 0.12152256816625595 -0.015501309186220169
v -0.01984464004635811 0.11962760239839554 -0.0024099554866552353
v -0.00486318115144968 -0.00965869054198265 0.08667004108428955
v -0.0037747984752058983 -0.019824767485260963 0.09180616587400436
v -0.01026286743581295 -0.050315018743276596 -0.0957111045718193
v -0.0011486639268696308 -0.047677550464868546 0.10065212845802307
v -0.0012607291573658586 -0.04510008916258812 0.10200975090265274
v -0.014575717970728874 0.0881049782037735 0.0600740984082222
v -0.014346333220601082 -0.008055998012423515 -0.10731659829616547
v -0.018796250224113464 0.11527922004461288 0.014213589951395988
v -0.013648048043251038 0.0809285044670105 0.066940538585186
v -0.012388248927891254 -0.027681412175297737 -0.0995597168803215
v -0.013535590842366219 -0.016461385414004326 -0.10473603755235672
v -0.0012901880545541644 -0.051406681537628174 0.09526370465755463
v -0.005892420187592506 0.0021820664405822754 0.08548440784215927
v -0.0014170324429869652 -0.05224272236227989 0.09180285036563873
v -0.02225017175078392 0.11202353984117508 -0.07134249061346054
v -0.0015447185141965747 -0.053301773965358734 0.08653610944747925
v 0.00407177722081542 -0.03997347503900528 0.08165483921766281
v 0.06222410500049591 -0.04396890103816986 0.0050504570826888084
v 0.06094463914632797 -0.04954885318875313 -0.003918197937309742
v 0.05922750383615494 -0.06252598762512207 0.0008524982258677483
v 0.060952577739953995 -0.05618482083082199 0.01025075651705265
v 0.056144993752241135 -0.07450481504201889 0.006020834669470787
v 0.05910293757915497 -0.06610322743654251 0.014048007316887379
v 0.05167461931705475 -0.08487677574157715 0.01268264465034008
v 0.05607933923602104 -0.07555808871984482 0.018917275592684746
v -0.005636583082377911 -0.050433263182640076 0.09488493949174881
v -0.00468235369771719 -0.051434315741062164 0.09203644096851349
v 0.048457808792591095 -0.09276047348976135 0.020749112591147423
v 0.05275000259280205 -0.08316531032323837 0.02549082413315773
v -0.021120712161064148 -0.009914476424455643 0.06835688650608063
v -0.009915961883962154 -0.05197107046842575 0.08175016939640045
v -0.01041075773537159 -0.03031572327017784 0.09221942722797394
v -0.01991264894604683 -0.00947709009051323 0.06894481927156448
v 0.03645552322268486 -0.10327278077602386 0.040289461612701416
v 0.03475160151720047 -0.10765178501605988 0.03565770387649536
v 0.028395118191838264 -0.11264991015195847 0.04252982139587402
v 0.029099980369210243 -0.10979869216680527 0.04754636064171791
v -0.01260380819439888 -0.05162322521209717 0.08082138746976852
v 0.02188190631568432 -0.11752711981534958 0.04882163926959038
v 0.022635072469711304 -0.1147780790925026 0.05383960157632828
v 0.014385102316737175 -0.1204037293791771 0.05277271568775177
v 0.014596981927752495 -0.11789476871490479 0.05813179165124893
v -0.010677110403776169 -0.022745072841644287 0.08817268162965775
v -0.013952365145087242 -0.011608066037297249 0.07749378681182861
v 0.01344950869679451 -0.1100451648235321 0.06512869894504547
v 0.01412048190832138 -0.11440110206604004 0.062375977635383606
v -0.010328361764550209 -0.026596520096063614 0.09026440232992172
v -0.018072709441184998 -0.04878123849630356 0.08233078569173813
v -0.016323335468769073 -0.05112723633646965 0.0803244411945343
v -0.008489388972520828 -0.04523707553744316 0.09869562089443207
v -0.009671510197222233 -0.04243128374218941 0.09834223240613937
v 0.02066636271774769 -0.10752880573272705 0.06094224005937576
v -0.009093089029192924 -0.047913581132888794 0.0961042270064354
v -0.006218411028385162 -0.049532126635313034 0.0962657630443573
v 0.021994488313794136 -0.11159930378198624 0.057810477912425995
v -0.022523868829011917 -0.010518619790673256 0.06860289722681046
v -0.03303034231066704 -0.009159289300441742 0.06434231996536255
v -0.007588833570480347 -0.047093890607357025 0.09817095100879669
v -0.004392120521515608 -0.04893840104341507 0.09825711697340012
v -0.025945590808987617 -0.009853344410657883 0.06725800037384033
v -0.021971650421619415 -0.010270748287439346 0.06849826872348785
v -0.013918804936110973 -0.0458059087395668 0.0915297195315361
v -0.01227901503443718 -0.013342920690774918 0.08148185908794403
v 0.02676253765821457 -0.10295461863279343 0.055151425302028656
v 0.028362082317471504 -0.10681265592575073 0.051816217601299286
v 0.03354936093091965 -0.09666404873132706 0.049113862216472626
v 0.035260558128356934 -0.10026311874389648 0.045149125158786774
v -0.016759755089879036 -0.04672737419605255 0.08708695322275162
v 0.03918119892477989 -0.09036305546760559 0.04638240486383438
v 0.0421709269285202 -0.09143984317779541 0.04162485897541046
v 0.013319282792508602 -0.12135539948940277 0.04584444314241409
v -0.023392781615257263 -0.010477164760231972 0.06857579201459885
v -0.024171289056539536 -0.010354658588767052 0.06845762580633163
v -0.010671371594071388 -0.0345173105597496 0.09436605870723724
v 0.02039184793829918 -0.11875519156455994 0.04220841825008392
v 0.026796231046319008 -0.11451946198940277 0.036740537732839584
v 0.032492224127054214 -0.11066095530986786 0.030440889298915863
v 0.04361920431256294 -0.09953253716230392 0.028879359364509583
v -0.02852155640721321 -0.009901497513055801 0.06716299057006836
v -0.004569457843899727 -0.052291229367256165 0.0866985023021698
v -0.011930139735341072 -0.04677034914493561 0.09370986372232437
v -0.010389610193669796 -0.0474371500313282 0.09505978226661682
v -0.005216193851083517 -0.05269937217235565 0.08464155346155167
v 0.03817691281437874 -0.1061781644821167 0.02335936762392521
v 0.04401204362511635 -0.09875793009996414 0.01637827418744564
v -0.017679259181022644 -0.009830242022871971 0.07100111991167068
v 0.04718474671244621 -0.09076143801212311 0.007460480555891991
v -0.011471410281956196 -0.016201341524720192 0.0845809131860733
v -0.010854223743081093 -0.019406383857131004 0.0868200734257698
v 0.052851732820272446 -0.07953843474388123 -0.0007615182548761368
v 0.057120539247989655 -0.06588105857372284 -0.007501682266592979
v -0.00438001099973917 -0.05186818540096283 0.08931007981300354
v 0.059363026171922684 -0.05209484323859215 -0.01216739509254694
v 0.06175326555967331 -0.040675088763237 -0.007159809581935406
v 0.0190797857940197 -0.10365154594182968 0.06266025453805923
v 0.01251245103776455 -0.10528511554002762 0.06631836295127869
v 0.02463771030306816 -0.09977460652589798 0.0575859397649765
v -0.01036513689905405 -0.038722001016139984 0.09694429486989975
v 0.031203536316752434 -0.09332066774368286 0.05237646773457527
v 0.0367589071393013 -0.08755790442228317 0.05000778287649155
v 0.040734242647886276 -0.07435540854930878 0.05323758348822594
v -0.00777920987457037 -0.05216652899980545 0.08328206837177277
v 0.03997373580932617 -0.08088251948356628 0.0510399304330349
v 0.03807496279478073 -0.06282372027635574 0.05982449650764465
v 0.03936482593417168 -0.0684434026479721 0.056554488837718964
v 0.04514140263199806 -0.05426902323961258 0.057122234255075455
v 0.047463320195674896 -0.06216995045542717 0.05113152414560318
v 0.043638356029987335 -0.06634107977151871 0.053817227482795715
v -0.0011315486626699567 -0.04934627562761307 0.09904514998197556
v -0.006824340205639601 -0.048496585339307785 0.09730435162782669
v 0.04191576689481735 -0.059119146317243576 0.058544304221868515
v 0.04758428782224655 -0.047347843647003174 0.056048162281513214
v 0.0506708025932312 -0.056761398911476135 0.04879414290189743
v 0.012291902676224709 -0.12215649336576462 0.039863791316747665
v -0.035452701151371 0.001346830278635025 0.07679062336683273
v -0.035358279943466187 -0.00044585205614566803 0.07511967420578003
v 0.01862279139459133 -0.12017595022916794 0.03639242798089981
v 0.024059155955910683 -0.11731676757335663 0.031237030401825905
v 0.027983203530311584 -0.11478148400783539 0.025054549798369408
v 0.03240839019417763 -0.1115778386592865 0.01825082115828991
v 0.03675314038991928 -0.10639101266860962 0.010853471234440804
v 0.04204689338803291 -0.09859102964401245 0.002369377762079239
v -0.02832956239581108 0.0040239691734313965 0.08096717298030853
v -0.010913441888988018 0.00517672672867775 0.08539662510156631
v -0.016164297237992287 0.004989750683307648 0.08421501517295837
v 0.04923858866095543 -0.08654176443815231 -0.00712222047150135
v -0.03621312230825424 -0.007242795079946518 0.07312516123056412
v -0.03665609285235405 -0.008771514520049095 0.07062560319900513
v -0.035214606672525406 -0.002638930454850197 0.07375524938106537
v -0.03623678535223007 -0.009069817140698433 0.07184311747550964
v -0.03626667708158493 -0.008620096370577812 0.07297182083129883
v 0.055057838559150696 -0.06956303864717484 -0.014608988538384438
v -0.035080235451459885 -0.00401938334107399 0.07304121553897858
v 0.05626648664474487 -0.05470782890915871 -0.01926324889063835
v -0.03508954867720604 -0.004718512296676636 0.07302933186292648
v 0.02408544532954693 -0.11909763514995575 0.01293594017624855
v -0.033474862575531006 0.0031346622854471207 0.0789097249507904
v 0.02062966488301754 -0.12039811909198761 0.018555492162704468
v 0.017649248242378235 -0.12211423367261887 0.023324718698859215
v -0.035597823560237885 -0.005788059905171394 0.07289860397577286
v -0.03715217113494873 -0.008714122697710991 0.06896153092384338
v 0.014789816923439503 -0.12316229194402695 0.027603549882769585
v -0.03784964606165886 -0.008721401914954185 0.06512658298015594
v 0.010164467617869377 -0.1248621940612793 0.027258608490228653
v -0.006088295020163059 0.005480911582708359 0.08610515296459198
v -0.02803448960185051 0.013392269611358643 0.08568054437637329
v -0.05939202010631561 0.013796066865324974 0.06620943546295166
v 0.009116130881011486 -0.12528494000434875 0.020413130521774292
v -0.06232120469212532 0.008906789124011993 0.0625789687037468
v 0.011263702064752579 -0.12628555297851562 0.015927601605653763
v -0.05311974510550499 -0.025484202429652214 0.06186230853199959
v -0.05603976920247078 -0.02446710877120495 0.0596957802772522
v -0.024750476703047752 0.007513895630836487 0.08480171114206314
v 0.013423478230834007 -0.1282273530960083 0.012531792744994164
v 0.04316391423344612 -0.08279354870319366 0.046872418373823166
v 0.046776846051216125 -0.081430584192276 0.042186543345451355
v 0.04826207086443901 -0.07135456800460815 0.045748818665742874
v 0.05200019106268883 -0.06681293249130249 0.04191310331225395
v -0.03545729070901871 0.034814342856407166 0.08195070922374725
v -0.04622552543878555 0.08922946453094482 0.044842205941677094
v -0.033079713582992554 0.026898030191659927 0.08355474472045898
v -0.04683782160282135 0.018513983115553856 0.07707825303077698
v 0.051031626760959625 -0.07827814668416977 0.036782726645469666
v -0.04548100009560585 0.0827663317322731 0.05279739201068878
v 0.04454537108540535 -0.0745091661810875 0.049368374049663544
v 0.05515895038843155 -0.07230687141418457 0.030883440747857094
v 0.055405888706445694 -0.06053683161735535 0.03775746375322342
v 0.05347312241792679 -0.04944077879190445 0.046630844473838806
v 0.05752876028418541 -0.05317980796098709 0.03434581309556961
v -0.054512035101652145 0.017427846789360046 0.07115437835454941
v 0.05789380520582199 -0.06475426256656647 0.025575803592801094
v -0.06148669123649597 -0.01834440417587757 0.05361305549740791
v -0.013964720070362091 0.020708788186311722 0.08751849085092545
v -0.06330359727144241 -0.012538248673081398 0.05206673964858055
v 0.055981315672397614 -0.04371356591582298 0.043314218521118164
v -0.022099614143371582 0.020060203969478607 0.08715991675853729
v -0.04714521765708923 0.1131359189748764 -0.014181284233927727
v 0.0578165240585804 -0.03808760643005371 0.04019637778401375
v 0.05877862498164177 -0.04710421711206436 0.03132078796625137
v 0.059552889317274094 -0.05668410658836365 0.022407375276088715
v 0.04692256823182106 -0.09127087891101837 0.03337135910987854
v -0.019367635250091553 0.0021423958241939545 0.08044065535068512
v 0.06078821048140526 -0.04908744990825653 0.018826868385076523
v -0.04313962161540985 -0.024632181972265244 0.0663430243730545
v -0.046058084815740585 -0.025019362568855286 0.06522253155708313
v 0.05906083807349205 -0.032819751650094986 0.03651637211441994
v -0.050340019166469574 0.11012382060289383 -0.0030562952160835266
v -0.06029261648654938 -0.020967969670891762 0.05526653304696083
v -0.04069463163614273 0.05405259504914284 0.07574768364429474
v -0.015281333588063717 -0.0031709857285022736 0.07746023684740067
v -0.017193764448165894 -0.0007006991654634476 0.07806232571601868
v -0.042447738349437714 0.0619935505092144 0.07073413580656052
v 0.05981481075286865 -0.040495865046978 0.027981732040643692
v 0.06042984500527382 -0.025841228663921356 0.03191021829843521
v 0.061377670615911484 -0.03271593153476715 0.021655164659023285
v -0.04366596043109894 0.06933843344449997 0.06524479389190674
v 0.06213906779885292 -0.03899866342544556 0.012713414616882801
v 0.0626055896282196 -0.033550623804330826 -0.0014359233900904655
v -0.04747772589325905 0.09548653662204742 0.03533247113227844
v -0.02662014029920101 -0.020560864359140396 0.06985079497098923
v 0.0548601970076561 -0.03588474914431572 -0.031129376962780952
v 0.021115295588970184 -0.058117251843214035 0.07005903124809265
v 0.01551253255456686 -0.057442739605903625 0.07392965257167816
v -0.06426435708999634 0.003390232101082802 0.05889434367418289
v -0.06468867510557175 -0.0023595839738845825 0.0559777170419693
v -0.050092913210392 0.10646679252386093 0.010377319529652596
v -0.036213912069797516 -0.02338174358010292 0.06845789402723312
v -0.0641632229089737 -0.007400704547762871 0.053490884602069855
v -0.03606440871953964 0.11780412495136261 -0.02213311940431595
v 0.010522178374230862 -0.05773313343524933 0.07760704308748245
v -0.058444853872060776 -0.023070799186825752 0.05743950605392456
v 0.006505482830107212 -0.0582406260073185 0.08031207323074341
v 0.0025602050591260195 -0.0587850846350193 0.08167396485805511
v -0.03928753733634949 0.01929553598165512 0.08164062350988388
v -0.039901502430438995 -0.02415093407034874 0.06746618449687958
v -0.014720185659825802 -0.006005454808473587 0.07623130828142166
v -0.02205915004014969 -0.01804455928504467 0.07059377431869507
v -0.018818622455000877 -0.015000580810010433 0.07157517224550247
v -0.044593553990125656 0.07616180181503296 0.05945134907960892
v -0.0166353490203619 -0.012210598215460777 0.07294539362192154
v -0.01493273675441742 -0.009110542014241219 0.07490293681621552
v -0.031374625861644745 -0.02235281839966774 0.06934081763029099
v -0.03827141970396042 0.04422210901975632 0.07978972047567368
v -0.04866844415664673 0.10133321583271027 0.023617802187800407
v -0.049566786736249924 -0.025309264659881592 0.06375386565923691
v -0.0208986047655344 0.12099479883909225 -0.025244833901524544
v -0.00737384706735611 0.02111286297440529 0.08732015639543533
v -0.015658710151910782 -0.010690610855817795 0.07406540960073471
v -0.0220307819545269 0.004511896520853043 0.08284340798854828
v -0.030807986855506897 0.01965654082596302 0.08524582535028458
v 0.0030385921709239483 -0.09293049573898315 0.06975039094686508
v -0.028395669534802437 -0.07314856350421906 0.06595443934202194
v -0.029703335836529732 -0.0753975659608841 0.06362424045801163
v -0.02892284095287323 -0.08132322132587433 0.05952402949333191
v -0.020967962220311165 -0.06834328174591064 0.07299715280532837
v -0.025451382622122765 -0.07069039344787598 0.06898455321788788
v -0.017162181437015533 -0.09074579924345016 0.06469564884901047
v -0.029975807294249535 -0.07740877568721771 0.06183204799890518
v -0.010744640603661537 -0.09227292239665985 0.06767340749502182
v -0.030155668035149574 -0.07928702235221863 0.06049312651157379
v -0.004230908118188381 -0.0925356075167656 0.06940209120512009
v -0.000613498268648982 -0.06456141173839569 0.08072718977928162
v -0.010367115028202534 -0.06496156752109528 0.07962435483932495
v -0.005235964898020029 -0.06450073421001434 0.08097898960113525
v -0.015641294419765472 -0.06622375547885895 0.07681705802679062
v -0.02639164589345455 -0.08430293947458267 0.05951472371816635
v -0.022542575374245644 -0.08805371820926666 0.061274588108062744
v 0.0028678644448518753 -0.049852561205625534 0.09471581876277924
v 0.001683271024376154 -0.05090045556426048 0.09188669174909592
v 0.009099104441702366 -0.007450254634022713 0.06816940754652023
v 0.005990626290440559 -0.050704266875982285 0.08145369589328766
v 0.003922979347407818 -0.029128799214959145 0.09191585332155228
v 0.007804824970662594 -0.0072308313101530075 0.0686631053686142
v 0.008596443571150303 -0.04998450726270676 0.08035502582788467
v 0.002735147252678871 -0.021583445370197296 0.08796869963407516
v 0.0029316735453903675 -0.010215004906058311 0.0772026851773262
v 0.0031040110625326633 -0.025457490235567093 0.09002659469842911
v 0.013564473018050194 -0.04619841277599335 0.08144953846931458
v 0.012090662494301796 -0.0488319955766201 0.07959289103746414
v 0.005381242372095585 -0.044136375188827515 0.09850260615348816
v 0.005954531487077475 -0.04116471856832504 0.0980270579457283
v 0.00590357044711709 -0.046687036752700806 0.09575404226779938
v 0.003522003535181284 -0.04889784753322601 0.09610354155302048
v 0.010675042867660522 -0.007923679426312447 0.06839030981063843
v 0.020646030083298683 -0.004958970472216606 0.06337668746709824
v 0.004684227053076029 -0.04613655060529709 0.09797779470682144
v 0.0019517187029123306 -0.04858870059251785 0.09820713847875595
v 0.013949827291071415 -0.006835468113422394 0.06680101901292801
v 0.010049622505903244 -0.007712377235293388 0.06832221150398254
v 0.009766018018126488 -0.04388127103447914 0.09094535559415817
v 0.002080453559756279 -0.01215541735291481 0.08125803619623184
v 0.012382438406348228 -0.04439734295010567 0.08632306754589081
v 0.011565376073122025 -0.007748585194349289 0.06835304945707321
v 0.012300623580813408 -0.007509937509894371 0.06825137883424759
v 0.004982933402061462 -0.03323027491569519 0.0940077006816864
v 0.016483720391988754 -0.006783107295632362 0.06647001206874847
v 0.0011207601055502892 -0.051719993352890015 0.08650960773229599
v 0.008124502375721931 -0.04508431255817413 0.09320522099733353
v 0.006878103595227003 -0.04596787691116333 0.0946212187409401
v 0.0016358406282961369 -0.05208737403154373 0.08450670540332794
v 0.005770089570432901 -0.007912449538707733 0.07070295512676239
v 0.0021166878286749125 -0.015037298202514648 0.08434350043535233
v 0.0023458118084818125 -0.018242936581373215 0.08661448955535889
v 0.0011126878671348095 -0.05131726339459419 0.08915349096059799
v 0.005796055309474468 -0.03738188371062279 0.09660283476114273
v 0.003972168080508709 -0.05120452865958214 0.08307633548974991
v 0.004064657259732485 -0.0477212592959404 0.09712030738592148
v 0.02259356528520584 0.006486997008323669 0.07559455186128616
v 0.02263297699391842 0.0044359974563121796 0.07401321828365326
v 0.015449408441781998 0.007823493331670761 0.08004426956176758
v -0.0014243866316974163 0.006088081747293472 0.08540797978639603
v 0.003638522932305932 0.0067232586443424225 0.08403550833463669
v 0.024102261289954185 -0.0022334419190883636 0.07196887582540512
v 0.02431206777691841 -0.0037614963948726654 0.06917726248502731
v 0.022660652175545692 0.001927107572555542 0.07285922765731812
v 0.02424422651529312 -0.004134323447942734 0.0707179456949234
v 0.024358948692679405 -0.003549017012119293 0.07179728150367737
v 0.022668588906526566 0.0004670117050409317 0.07227275520563126
v 0.022719696164131165 -6.223097443580627e-05 0.07225829362869263
v 0.020573383197188377 0.00781872496008873 0.07778455317020416
v 0.023279458284378052 -0.0009660199284553528 0.07200855761766434
v 0.024692486971616745 -0.003487730398774147 0.06744210422039032
v 0.02522389590740204 -0.0033678635954856873 0.06365659087896347
v 0.01418608333915472 0.017153434455394745 0.08496446907520294
v 0.04278378561139107 0.023203376680612564 0.06280531734228134
v 0.04597314074635506 0.018859069794416428 0.05884232744574547
v 0.04279881343245506 -0.016916802152991295 0.05910737067461014
v 0.0453190952539444 -0.015345687046647072 0.05663442984223366
v 0.011800508946180344 0.010843411087989807 0.08436128497123718
v 0.017185945063829422 0.03955535963177681 0.08031747490167618
v 0.014919141307473183 0.09472416341304779 0.042384110391139984
v 0.016417765989899635 0.0312938466668129 0.08205966651439667
v 0.03078734129667282 0.025474680587649345 0.07477737963199615
v 0.015915794298052788 0.08820566534996033 0.05035260319709778
v 0.03789493814110756 0.025842390954494476 0.06823974847793579
v 0.04940124601125717 -0.008353786543011665 0.050299808382987976
v -0.00083372020162642 0.021885566413402557 0.08727172017097473
v 0.050345826894044876 -0.0023886077105998993 0.048691488802433014
v 0.007174880243837833 0.0227850079536438 0.08653634041547775
v 0.007053829729557037 0.11801620572805405 -0.01639021374285221
v 0.006833656691014767 0.004471395164728165 0.08010276407003403
v 0.033154379576444626 -0.018009591847658157 0.06458215415477753
v 0.03604133427143097 -0.017847489565610886 0.06317052245140076
v 0.011617142707109451 0.11573033034801483 -0.005581911653280258
v 0.04858897253870964 -0.011133480817079544 0.05187449976801872
v 0.01842924952507019 0.05932319164276123 0.07348852604627609
v 0.00327885989099741 -0.0013981517404317856 0.07716376334428787
v 0.004833727143704891 0.0013720877468585968 0.07770741730928421
v 0.018060628324747086 0.06702283024787903 0.06854576617479324
v 0.017482008785009384 0.07455012947320938 0.06292678415775299
v 0.014342768117785454 0.10109490901231766 0.03282538801431656
v 0.016275517642498016 -0.017110738903284073 0.06882654875516891
v 0.048493798822164536 0.013663265854120255 0.054997704923152924
v 0.04979294165968895 0.007932091131806374 0.05226069316267967
v 0.01307324506342411 0.11221624910831451 0.007800308987498283
v 0.026179272681474686 -0.018168456852436066 0.06703866273164749
v 0.050335176289081573 0.0028182771056890488 0.04993604123592377
v -0.005239956080913544 0.12054364383220673 -0.023390188813209534
v 0.04732844978570938 -0.013529215008020401 0.054152268916368484
v 0.023551803082227707 0.024888601154088974 0.07992275804281235
v 0.029870016500353813 -0.01817484386265278 0.06592006981372833
v 0.002811899408698082 -0.004336278885602951 0.07592051476240158
v 0.01138379517942667 -0.015411860309541225 0.06988023221492767
v 0.00781708862632513 -0.012940239161252975 0.07113200426101685
v 0.01671479642391205 0.08149366080760956 0.0570506751537323
v 0.005297738593071699 -0.010509064421057701 0.0726202055811882
v 0.00331328297033906 -0.007516814395785332 0.07458259165287018
v 0.021116171032190323 -0.01802210509777069 0.06812424957752228
v 0.01816081814467907 0.04939977824687958 0.07786457985639572
v 0.01359739899635315 0.10700978338718414 0.02108045667409897
v 0.039395757019519806 -0.017474345862865448 0.06131256744265556
v 0.0041564106941223145 -0.009058116003870964 0.07374375313520432
v 0.009390145540237427 0.007261507213115692 0.08239972591400146
v 0.015653442591428757 0.023800648748874664 0.08400718122720718
v 0.027719441801309586 -0.06804680079221725 0.06361448764801025
v 0.02953425422310829 -0.06995721161365509 0.0612122118473053
v 0.030081788077950478 -0.07581481337547302 0.05716617777943611
v 0.019668778404593468 -0.06486968696117401 0.0714344009757042
v 0.02433829754590988 -0.06629572808742523 0.06694739311933517
v 0.02125709131360054 -0.08680669218301773 0.06293457746505737
v 0.03023458644747734 -0.07184464484453201 0.05943458899855614
v 0.01588521897792816 -0.0895291417837143 0.06657013297080994
v 0.030828798189759254 -0.07363337278366089 0.058118708431720734
v 0.009829910472035408 -0.09120868146419525 0.06900182366371155
v 0.008982792496681213 -0.06336147338151932 0.07912642508745193
v 0.003915746230632067 -0.06376779824495316 0.08089214563369751
v 0.014180755242705345 -0.06372886896133423 0.07581576704978943
v 0.02840380370616913 -0.07902452349662781 0.05703676491975784
v 0.025694342330098152 -0.08323934674263 0.05894474685192108
v 0.024979878216981888 -0.002804391086101532 0.05876774340867996
v -0.0379340685904026 -0.008242426440119743 0.059915948659181595
v 0.02387629635632038 -0.006151845678687096 0.07045719027519226
v 0.022291149944067 -0.006184309720993042 0.07004725188016891
v 0.020813655108213425 -0.006142511963844299 0.06933539360761642
v 0.01955222897231579 -0.006032511591911316 0.06839508563280106
v 0.023883182555437088 -0.005840320140123367 0.07052738964557648
v 0.022303419187664986 -0.005571514368057251 0.07018173485994339
v 0.020832154899835587 -0.005253566429018974 0.06952918320894241
v 0.019577421247959137 -0.004912510514259338 0.06864450871944427
v 0.023950740694999695 -0.005533512681722641 0.07059057801961899
v 0.02243708446621895 -0.004972964525222778 0.07030943781137466
v 0.021025661379098892 -0.004384415224194527 0.0697161927819252
v 0.01982227712869644 -0.0038164500147104263 0.06887321919202805
v 0.024077948182821274 -0.0052461400628089905 0.07064620405435562
v 0.02268845960497856 -0.004407938569784164 0.07041431963443756
v 0.021389709785580635 -0.003565598279237747 0.06987366080284119
v 0.020281078293919563 -0.002785349264740944 0.06907554715871811
v 0.02426164597272873 -0.004988981410861015 0.07069310545921326
v 0.02304714359343052 -0.0039032138884067535 0.07050719857215881
v 0.02190927416086197 -0.002830931916832924 0.07000336796045303
v 0.020935356616973877 -0.001857515424489975 0.06923706084489822
v 0.024491123855113983 -0.004769165068864822 0.07072599977254868
v 0.023497983813285828 -0.0034735165536403656 0.07057017832994461
v 0.022564798593521118 -0.002208646386861801 0.07009970396757126
v 0.02176305465400219 -0.001072494313120842 0.06936442852020264
v 0.024759771302342415 -0.004598287865519524 0.07074645906686783
v 0.02402547560632229 -0.003138164058327675 0.07061316072940826
v 0.02332964539527893 -0.0017218776047229767 0.07016007602214813
v 0.022727614268660545 -0.0004592929035425186 0.06943870335817337
v 0.02505786344408989 -0.0044810157269239426 0.07075274735689163
v 0.02460724487900734 -0.002908719703555107 0.07062365114688873
v 0.02417408488690853 -0.0013891831040382385 0.0701771005988121
v 0.023791491985321045 -4.082918167114258e-05 0.06946247071027756
v 0.025372207164764404 -0.004424048587679863 0.07074803113937378
v 0.02522408962249756 -0.0027960967272520065 0.0706159695982933
v 0.025068076327443123 -0.0012248735874891281 0.07016289979219437
v 0.024916958063840866 0.00016745179891586304 0.06943922489881516
v 0.025690782815217972 -0.004426600411534309 0.07072783261537552
v 0.02584923803806305 -0.002801615744829178 0.0705743208527565
v 0.02597515843808651 -0.001233840361237526 0.07010605186223984
v 0.02606123872101307 0.00015395693480968475 0.06937075406312943
v 0.026003437116742134 -0.004491347819566727 0.0706973597407341
v 0.026460278779268265 -0.0029280614107847214 0.07051625102758408
v 0.02686179056763649 -0.0014169476926326752 0.07001760601997375
v 0.027177752926945686 -7.58245587348938e-05 0.06925574690103531
v 0.026295501738786697 -0.004613237455487251 0.07065313309431076
v 0.02703322283923626 -0.0031679943203926086 0.0704277753829956
v 0.02769308350980282 -0.0017655827105045319 0.06989358365535736
v 0.028225306421518326 -0.0005149953067302704 0.0691012591123581
v 0.026556972414255142 -0.004790676757693291 0.07060141861438751
v 0.027546387165784836 -0.0035142172127962112 0.07032765448093414
v 0.028437785804271698 -0.0022664982825517654 0.06974353641271591
v 0.0291634239256382 -0.0011451076716184616 0.06890829652547836
v 0.026779169216752052 -0.005013208836317062 0.07054063677787781
v 0.027980349957942963 -0.003951238468289375 0.07020706683397293
v 0.029066743329167366 -0.002901332452893257 0.06957246363162994
v 0.029956452548503876 -0.001947043463587761 0.06869451701641083
v 0.026950707659125328 -0.005275087431073189 0.07047539204359055
v 0.028318054974079132 -0.004465136677026749 0.07008038461208344
v 0.02955690585076809 -0.0036462098360061646 0.06938599795103073
v 0.030574515461921692 -0.0028857626020908356 0.06845806539058685
v 0.027068035677075386 -0.005566103383898735 0.07040633261203766
v 0.02854720503091812 -0.00503324531018734 0.06994388997554779
v 0.029888950288295746 -0.0044717006385326385 0.0691884458065033
v 0.03099287673830986 -0.0039259083569049835 0.0682121068239212
v 0.02712322399020195 -0.005873624235391617 0.07033780962228775
v 0.028656288981437683 -0.005636978894472122 0.0698099434375763
v 0.030048146843910217 -0.005347304046154022 0.06899124383926392
v 0.03119349107146263 -0.0050276461988687515 0.0679578110575676
v 0.02711733989417553 -0.006186343729496002 0.07027120888233185
v 0.02864275500178337 -0.006251027807593346 0.06967546045780182
v 0.030026670545339584 -0.006236931309103966 0.0687958151102066
v 0.031168069690465927 -0.006150942295789719 0.06771796941757202
v 0.027046257629990578 -0.0064940862357616425 0.07020797580480576
v 0.028504325076937675 -0.006852446123957634 0.0695536658167839
v 0.029826752841472626 -0.0071084629744291306 0.06861647218465805
v 0.030915267765522003 -0.0072464123368263245 0.06748684495687485
v 0.02691752463579178 -0.006782606244087219 0.07015252113342285
v 0.02825033664703369 -0.0074178073555231094 0.06944222003221512
v 0.02945791184902191 -0.00792808085680008 0.06845599412918091
v 0.0304496418684721 -0.008278252556920052 0.06728365272283554
v 0.02673247456550598 -0.007041279226541519 0.0701073706150055
v 0.02789008617401123 -0.00792582705616951 0.06935529410839081
v 0.02893473207950592 -0.008664051070809364 0.06832366436719894
v 0.029790103435516357 -0.009206138551235199 0.06711186468601227
v 0.02650255709886551 -0.007262291386723518 0.07007397711277008
v 0.027437254786491394 -0.008355580270290375 0.0692853257060051
v 0.028277380391955376 -0.009287616237998009 0.06822510063648224
v 0.028961457312107086 -0.00999474711716175 0.06699218600988388
v 0.026232672855257988 -0.007432945072650909 0.07005200535058975
v 0.02690901793539524 -0.008692394942045212 0.06924570351839066
v 0.027511637657880783 -0.00977599248290062 0.06816526502370834
v 0.027996068820357323 -0.010609835386276245 0.06691572815179825
v 0.02593439258635044 -0.0075508058071136475 0.0700436607003212
v 0.02632560394704342 -0.008920431137084961 0.06922478973865509
v 0.026665063574910164 -0.010107604786753654 0.0681389793753624
v 0.026930809020996094 -0.011027980595827103 0.06688804179430008
v 0.025620151311159134 -0.007607497274875641 0.07004860788583755
v 0.025709277018904686 -0.009034087881445885 0.06923852860927582
v 0.02577151544392109 -0.01027289405465126 0.06815563142299652
v 0.02580440789461136 -0.011235339567065239 0.0669030100107193
v 0.02530166506767273 -0.007604198530316353 0.07006669789552689
v 0.025083614513278008 -0.009025290608406067 0.0692705512046814
v 0.024864206090569496 -0.010261399671435356 0.06820543110370636
v 0.024661632254719734 -0.011221446096897125 0.066973477602005
v 0.02498941496014595 -0.007538320496678352 0.07009769976139069
v 0.024474404752254486 -0.008898915722966194 0.06933614611625671
v 0.023980114609003067 -0.010077942162752151 0.06829996407032013
v 0.023546651005744934 -0.010991645976901054 0.06708712875843048
v 0.02469823695719242 -0.007414808496832848 0.07013880461454391
v 0.023902876302599907 -0.00865444540977478 0.0694141685962677
v 0.02315106987953186 -0.00972653366625309 0.06842051446437836
v 0.022501513361930847 -0.010548973456025124 0.06724477559328079
v 0.02443816512823105 -0.0072368960827589035 0.07019257545471191
v 0.023392312228679657 -0.008308300748467445 0.06952276825904846
v 0.02241021767258644 -0.009221883490681648 0.06856973469257355
v 0.021564479917287827 -0.009914146736264229 0.06743001192808151
v 0.024218041449785233 -0.007012233138084412 0.07025030255317688
v 0.022962667047977448 -0.007866865023970604 0.06963413953781128
v 0.021786296740174294 -0.00858350284397602 0.0687401294708252
v 0.020777691155672073 -0.009110623970627785 0.0676526427268982
v 0.025507159531116486 -0.006047353148460388 0.07055538892745972
v 0.024047421291470528 -0.006750388070940971 0.0703178271651268
v 0.02262633666396141 -0.007355503737926483 0.06977188587188721
v 0.02130037546157837 -0.007838832214474678 0.06893245875835419
v 0.020166562870144844 -0.008170541375875473 0.06788985431194305
v 0.02393253892660141 -0.006459351629018784 0.0703883096575737
v 0.022400399670004845 -0.006786607205867767 0.06990718841552734
v 0.02097398228943348 -0.007012996822595596 0.06912756711244583
v 0.01975369080901146 -0.007131952792406082 0.06814107298851013
v 0.01832416094839573 -0.005951985716819763 0.06760083138942719
v 0.016418661922216415 -0.005800168961286545 0.06625243276357651
v 0.014753238297998905 -0.005530713126063347 0.0644577294588089
v 0.01347866840660572 -0.005171297118067741 0.062379270792007446
v 0.012635624036192894 -0.004735361784696579 0.06010369583964348
v 0.012252933345735073 -0.00423884391784668 0.057709068059921265
v 0.01235850527882576 -0.0037061497569084167 0.05531569570302963
v 0.012919293716549873 -0.003149809315800667 0.052979569882154465
v 0.013947432860732079 -0.0025929175317287445 0.050814609974622726
v 0.015389451757073402 -0.0020580049604177475 0.04889553785324097
v 0.017188673838973045 -0.0015654824674129486 0.047294892370700836
v 0.019277852028608322 -0.0011343248188495636 0.04607495293021202
v 0.021575018763542175 -0.0007814839482307434 0.04528395086526871
v 0.018354404717683792 -0.004605505615472794 0.06789866834878922
v 0.0164589025080204 -0.004102975130081177 0.06661935150623322
v 0.014799080789089203 -0.0035349931567907333 0.06488608568906784
v 0.013529239222407341 -0.0029553212225437164 0.06285382807254791
v 0.012688249349594116 -0.002382555976510048 0.06060456112027168
v 0.012312283739447594 -0.0018408950418233871 0.0582285150885582
v 0.012411212548613548 -0.0013520289212465286 0.05581498146057129
v 0.012983911670744419 -0.0009350627660751343 0.053457628935575485
v 0.013991509564220905 -0.0005935095250606537 0.051244501024484634
v 0.015426717698574066 -0.000357871875166893 0.04926075041294098
v 0.01721835881471634 -0.00022906064987182617 0.047581978142261505
v 0.019297167658805847 -0.00021399371325969696 0.04627330228686333
v 0.021585501730442047 -0.00031241215765476227 0.04538508132100105
v 0.01865096390247345 -0.0032871048897504807 0.06817323714494705
v 0.016832683235406876 -0.0024406183511018753 0.06696007400751114
v 0.015241619199514389 -0.0015798602253198624 0.06527836620807648
v 0.014018630608916283 -0.0007814187556505203 0.06328723579645157
v 0.013207873329520226 -7.464177906513214e-05 0.06106683611869812
v 0.012840933166444302 0.000510847195982933 0.05870369076728821
v 0.012928628362715244 0.000955699011683464 0.05628211051225662
v 0.013470840640366077 0.001240607351064682 0.05389730632305145
v 0.014432346448302269 0.0013636313378810883 0.05164257809519768
v 0.015801049768924713 0.0013073422014713287 0.049599435180425644
v 0.017512250691652298 0.0010780766606330872 0.04784729331731796
v 0.01950031891465187 0.0006869975477457047 0.04645557701587677
v 0.021688859909772873 0.0001471005380153656 0.04547801986336708
v 0.01920328289270401 -0.0020464621484279633 0.06841064244508743
v 0.017529167234897614 -0.0008773095905780792 0.06725369393825531
v 0.016060667112469673 0.00025655701756477356 0.06562060117721558
v 0.014928504824638367 0.001259567216038704 0.06367373466491699
v 0.014173604547977448 0.0020918529480695724 0.06147801876068115
v 0.013824433088302612 0.0027214474976062775 0.059122465550899506
v 0.013893913477659225 0.003123832866549492 0.05669216066598892
v 0.014378927648067474 0.0032843630760908127 0.054283544421195984
v 0.015252666547894478 0.003203185275197029 0.05199248716235161
v 0.016498448327183723 0.002871612086892128 0.04989759251475334
v 0.018060365691781044 0.0023077689111232758 0.04808178171515465
v 0.019877733662724495 0.0015330016613006592 0.0466170534491539
v 0.021880952641367912 0.0005787201225757599 0.04556059092283249
v 0.019992144778370857 -0.0009316224604845047 0.06860937178134918
v 0.018517453223466873 0.0005286000669002533 0.06749965250492096
v 0.01722547598183155 0.001903574913740158 0.06589646637439728
v 0.01622430793941021 0.003092186525464058 0.06398706138134003
v 0.015549936331808567 0.0040381066501140594 0.06181560456752777
v 0.015227144584059715 0.004706189036369324 0.05946649610996246
v 0.015268806368112564 0.005071032792329788 0.05703086405992508
v 0.015671804547309875 0.0051190853118896484 0.05460219830274582
v 0.016420720145106316 0.004854021593928337 0.05228050425648689
v 0.01749216392636299 0.004275446757674217 0.050142280757427216
v 0.01884094439446926 0.0034110676497220993 0.048274844884872437
v 0.020415175706148148 0.002293599769473076 0.04674995318055153
v 0.02215561270713806 0.0009654927998781204 0.045627791434526443
v 0.02098841592669487 1.5076249837875366e-05 0.06876187026500702
v 0.019769569858908653 0.001713622361421585 0.06767486035823822
v 0.018689339980483055 0.003301359713077545 0.0661032497882843
v 0.017854098230600357 0.004646375775337219 0.06422287970781326
v 0.017281413078308105 0.00568869523704052 0.062068451195955276
v 0.016991857439279556 0.0063898563385009766 0.05972464382648468
v 0.017000067979097366 0.0067224930971860886 0.057284288108348846
v 0.01730336993932724 0.006674479693174362 0.054842013865709305
v 0.017891354858875275 0.006248485296964645 0.05248875543475151
v 0.018743526190519333 0.005465466529130936 0.05032580718398094
v 0.01982419565320015 0.004346061497926712 0.04841881990432739
v 0.021093260496854782 0.002937477082014084 0.046849384903907776
v 0.02250022068619728 0.0012942440807819366 0.04567897319793701
v 0.022150302305817604 0.0007481463253498077 0.06885410845279694
v 0.021224666386842728 0.0026496071368455887 0.06779330223798752
v 0.020403988659381866 0.00439557246863842 0.06623545289039612
v 0.019759774208068848 0.005863558501005173 0.06437081098556519
v 0.019302915781736374 0.00698087178170681 0.06222536414861679
v 0.019054383039474487 0.0077069420367479324 0.05988553538918495
v 0.01902192085981369 0.00801425613462925 0.05744456872344017
v 0.01920914463698864 0.007891517132520676 0.054993078112602234
v 0.019606489688158035 0.007344074547290802 0.052626319229602814
v 0.02020483836531639 0.006395598873496056 0.050441037863492966
v 0.020973021164536476 0.00507696345448494 0.04850902408361435
v 0.021883539855480194 0.0034407321363687515 0.0469110906124115
v 0.02290347032248974 0.0015505440533161163 0.04571016505360603
v 0.023424450308084488 0.0012525971978902817 0.06887663900852203
v 0.022845767438411713 0.0032839402556419373 0.06784219294786453
v 0.022304197773337364 0.0051473937928676605 0.06629568338394165
v 0.021869154646992683 0.006696056574583054 0.06443198025226593
v 0.021540150046348572 0.007864106446504593 0.06228520721197128
v 0.021333331242203712 0.00860680267214775 0.05994423106312752
v 0.02125810831785202 0.00889728032052517 0.05750216171145439
v 0.021315837278962135 0.008723374456167221 0.05504876375198364
v 0.021503182128071785 0.008092619478702545 0.052677221596241
v 0.02182086929678917 0.007030025124549866 0.05048297718167305
v 0.022241666913032532 0.005575088784098625 0.04854252189397812
v 0.02275794744491577 0.0037847235798835754 0.0469348281621933
v 0.023349445313215256 0.0017257612198591232 0.045722220093011856
v 0.024776970967650414 0.0015028174966573715 0.06884613633155823
v 0.024551037698984146 0.003597186878323555 0.06780917942523956
v 0.024317778646945953 0.0055223554372787476 0.06627466529607773
v 0.024099256843328476 0.007109750062227249 0.06439919769763947
v 0.02390611730515957 0.008302561938762665 0.062248509377241135
v 0.023740939795970917 0.00905730202794075 0.05989425256848335
v 0.02362220361828804 0.009335767477750778 0.05745844542980194
v 0.023542728275060654 0.009137187153100967 0.05500858649611473
v 0.02350786328315735 0.008465621620416641 0.05264187231659889
v 0.023519419133663177 0.007346846163272858 0.05045103654265404
v 0.02358308434486389 0.0058227479457855225 0.04851743206381798
v 0.023681946098804474 0.0039551518857479095 0.0469173938035965
v 0.023820407688617706 0.001812649890780449 0.045713648200035095
v 0.026151062920689583 0.0014853309839963913 0.06876330822706223
v 0.02628520131111145 0.0035742558538913727 0.06770618259906769
v 0.026359006762504578 0.005494864657521248 0.06616152822971344
v 0.02636178582906723 0.00708959624171257 0.06427004188299179
v 0.0263073667883873 0.008281880989670753 0.06210634112358093
v 0.026193851605057716 0.009032126516103745 0.059759560972452164
v 0.026023518294095993 0.009315360337495804 0.05731683224439621
v 0.025804486125707626 0.009117558598518372 0.05487377196550369
v 0.025544393807649612 0.008447805419564247 0.05252063646912575
v 0.025250378996133804 0.00733211450278759 0.05034727603197098
v 0.024944961071014404 0.005808742716908455 0.04843461140990257
v 0.02462017349898815 0.003945749253034592 0.04686107486486435
v 0.024298669770359993 0.0018076971173286438 0.045684851706027985
v 0.02749471552670002 0.0012064334005117416 0.06862671673297882
v 0.027976851910352707 0.003223676234483719 0.06753517687320709
v 0.028350474312901497 0.005079574882984161 0.06595450639724731
v 0.028571227565407753 0.006633564829826355 0.06404557079076767
v 0.02865450456738472 0.007799709215760231 0.06186901777982712
v 0.028588099405169487 0.00854187086224556 0.05951954424381256
v 0.028371529653668404 0.008834118023514748 0.05708083510398865
v 0.028015296906232834 0.008664198219776154 0.05464988946914673
v 0.027533480897545815 0.008040010929107666 0.05231831595301628
v 0.026942530646920204 0.006986139342188835 0.050175245851278305
v 0.0262648593634367 0.005542293190956116 0.0483023039996624
v 0.025536030530929565 0.003756355494260788 0.04676585644483566
v 0.02476576901972294 0.001711396500468254 0.04563628137111664
v 0.02875026874244213 0.0006854459643363953 0.06843989342451096
v 0.029560409486293793 0.0025641396641731262 0.06729615479707718
v 0.0302117969840765 0.004303976893424988 0.06567803770303726
v 0.030645491555333138 0.005761917680501938 0.0637386366724968
v 0.030854683369398117 0.006875930353999138 0.06154482066631317
v 0.030831433832645416 0.007601449266076088 0.05918852612376213
v 0.03057120367884636 0.007911879569292068 0.056755512952804565
v 0.030088290572166443 0.007795948535203934 0.05434316769242287
v 0.029398493468761444 0.007259028032422066 0.052041903138160706
v 0.02852882817387581 0.006321953609585762 0.04994088038802147
v 0.02751186676323414 0.005020575597882271 0.04811830818653107
v 0.026394523680210114 0.00339573435485363 0.04663849249482155
v 0.025203950703144073 0.0015278775244951248 0.04557174816727638
v 0.029877588152885437 -7.538683712482452e-05 0.06821116805076599
v 0.03097626008093357 0.001608068123459816 0.06700615584850311
v 0.03187591955065727 0.0031808391213417053 0.06533583253622055
v 0.03249802067875862 0.004511835053563118 0.06335850805044174
v 0.0328245609998703 0.005548244342207909 0.06114492192864418
v 0.0328390933573246 0.006248606368899345 0.05877990275621414
v 0.032541435211896896 0.006584590300917625 0.05635540187358856
v 0.0319434329867363 0.006545946002006531 0.0539662167429924
v 0.031067928299307823 0.006134316325187683 0.05170274153351784
v 0.029948201030492783 0.005364967510104179 0.049652308225631714
v 0.028627293184399605 0.004268951714038849 0.047892261296510696
v 0.027156008407473564 0.002887183800339699 0.04649076238274574
v 0.025594957172870636 0.0012628566473722458 0.04549102112650871
v 0.03082944080233574 -0.0010377783328294754 0.06794967502355576
v 0.032176218926906586 0.0003974735736846924 0.06667786091566086
v 0.033285435289144516 0.0017571765929460526 0.06494922935962677
v 0.03406568989157677 0.0029297582805156708 0.06292662769556046
v 0.034488800913095474 0.003868561238050461 0.060685910284519196
v 0.034535348415374756 0.004535604268312454 0.05831106752157211
v 0.034204788506031036 0.004903633147478104 0.05589550733566284
v 0.03350990638136864 0.004962559789419174 0.053533345460891724
v 0.03247720003128052 0.0047090016305446625 0.05131290480494499
v 0.031147122383117676 0.004153013229370117 0.049321651458740234
v 0.029568959027528763 0.0033164657652378082 0.04763231799006462
v 0.027804505079984665 0.0022302530705928802 0.0463116317987442
v 0.025926360860466957 0.0009282827377319336 0.04539971053600311
v 0.03157080337405205 -0.002166328951716423 0.06766698509454727
v 0.03310702368617058 -0.0010248422622680664 0.0663226768374443
v 0.03438292071223259 9.024329483509064e-05 0.06452938169240952
v 0.035284705460071564 0.0010770447552204132 0.06245553866028786
v 0.03578154370188713 0.0019011963158845901 0.060183435678482056
v 0.03585430979728699 0.002527710050344467 0.057799357920885086
v 0.0354987233877182 0.0029349923133850098 0.05539628863334656
v 0.034728363156318665 0.003106236457824707 0.05306253209710121
v 0.03357335925102234 0.003038054332137108 0.05088937655091286
v 0.03207875415682793 0.00273214653134346 0.048960696905851364
v 0.03030088171362877 0.0021994411945343018 0.04734835401177406
v 0.02830781415104866 0.0014616884291172028 0.0461156889796257
v 0.026182960718870163 0.0005355346947908401 0.04529927670955658
v 0.032073598355054855 -0.0034166257828474045 0.0673680305480957
v 0.03374142199754715 -0.0026023797690868378 0.06594502925872803
v 0.03512292727828026 -0.0017623193562030792 0.06408891826868057
v 0.036108169704675674 -0.0009798165410757065 0.06196709722280502
v 0.03665497153997421 -0.00028195232152938843 0.059660185128450394
v 0.03674294799566269 0.00030248984694480896 0.05726470425724983
v 0.03637062758207321 0.000751083716750145 0.054871995002031326
v 0.03554997965693474 0.0010487809777259827 0.05257044732570648
v 0.03431278094649315 0.0011861715465784073 0.05044780299067497
v 0.03270693123340607 0.0011561978608369827 0.04858497157692909
v 0.030794532969594002 0.0009623486548662186 0.04705386981368065
v 0.028649311512708664 0.0006088986992835999 0.04591279476881027
v 0.026356669142842293 9.985268115997314e-05 0.0451953187584877
v 0.032316192984580994 -0.0047415513545274734 0.06706355512142181
v 0.03404828533530235 -0.004269849509000778 0.06556717306375504
v 0.03548925742506981 -0.003727959468960762 0.0636451244354248
v 0.03651021420955658 -0.0031590089201927185 0.061475444585084915
v 0.0370774120092392 -0.0025940537452697754 0.059141065925359726
v 0.037168849259614944 -0.002054007723927498 0.05672480911016464
v 0.036788858473300934 -0.001563534140586853 0.05434851348400116
v 0.035944901406764984 -0.0011315885931253433 0.05207863450050354
v 0.03466793894767761 -0.0007760152220726013 0.05000524967908859
v 0.033008646219968796 -0.0005120374262332916 0.04820960760116577
v 0.031032385304570198 -0.0003490801900625229 0.046759579330682755
v 0.028813276439905167 -0.0002933405339717865 0.04571187123656273
v 0.026440322399139404 -0.00036139972507953644 0.04509137198328972
v 0.03228732571005821 -0.00608968548476696 0.06677483022212982
v 0.034018952399492264 -0.005971789360046387 0.06520407646894455
v 0.035454459488391876 -0.005725570023059845 0.06321978569030762
v 0.03647416830062866 -0.005378110334277153 0.06100036948919296
v 0.03701623156666756 -0.004954079166054726 0.05861452594399452
v 0.03712037578225136 -0.004460344091057777 0.056218575686216354
v 0.03674056753516197 -0.003919990733265877 0.05384719744324684
v 0.03589792549610138 -0.003350609913468361 0.05160525441169739
v 0.034625571221113205 -0.002773527055978775 0.04957953467965126
v 0.032971642911434174 -0.002209257334470749 0.04784751683473587
v 0.031002460047602654 -0.0016834642738103867 0.04647429659962654
v 0.02880100905895233 -0.0012302212417125702 0.04549836367368698
v 0.02642987295985222 -0.0008305348455905914 0.044990334659814835
v 0.03198247775435448 -0.007408438250422478 0.06649845093488693
v 0.03363318368792534 -0.007631788030266762 0.06485684216022491
v 0.034991249442100525 -0.007680194452404976 0.06280156970024109
v 0.03596153482794762 -0.00755583681166172 0.060536496341228485
v 0.03650493919849396 -0.007264118641614914 0.05815865099430084
v 0.036592576652765274 -0.006817834451794624 0.055740341544151306
v 0.03622379153966904 -0.00623052753508091 0.053378865122795105
v 0.035411134362220764 -0.005524611100554466 0.05116801708936691
v 0.034186951816082 -0.004728829488158226 0.04918708652257919
v 0.03259854018688202 -0.0038720183074474335 0.047513529658317566
v 0.030708903446793556 -0.0029885582625865936 0.04621150717139244
v 0.028597526252269745 -0.0021312646567821503 0.04531507194042206
v 0.026326127350330353 -0.00128992460668087 0.04489678516983986
v 0.031424976885318756 -0.00864826887845993 0.06625235080718994
v 0.03292878717184067 -0.009194266051054 0.06454744189977646
v 0.0341719388961792 -0.009521512314677238 0.062454357743263245
v 0.035055406391620636 -0.009600436314940453 0.06016157567501068
v 0.03553912043571472 -0.009435197338461876 0.057750917971134186
v 0.03560624644160271 -0.009031370282173157 0.05532212555408478
v 0.03525497391819954 -0.0084009300917387 0.05296780914068222
v 0.03449825569987297 -0.007569970563054085 0.05077851936221123
v 0.03336535394191742 -0.006568543612957001 0.04883567616343498
v 0.03190085291862488 -0.005435353145003319 0.04721689969301224
v 0.030161725357174873 -0.004217207431793213 0.045980725437402725
v 0.028220638632774353 -0.002977391704916954 0.04515531286597252
v 0.026134662330150604 -0.0017218664288520813 0.04481542110443115
v 0.03063306026160717 -0.00976632535457611 0.06605129688978195
v 0.03193002939224243 -0.010607210919260979 0.06429342925548553
v 0.033006880432367325 -0.011166349053382874 0.06217335909605026
v 0.03376028686761856 -0.011433154344558716 0.059850145131349564
v 0.034162621945142746 -0.011383267119526863 0.05741782486438751
v 0.03420252725481987 -0.011017224751412868 0.054980479180812836
v 0.033876772969961166 -0.010349186137318611 0.052629947662353516
v 0.033199794590473175 -0.00940469279885292 0.05045843496918678
v 0.03219742327928543 -0.008219718933105469 0.04854794591665268
v 0.030906669795513153 -0.006838588044047356 0.046971697360277176
v 0.0293913334608078 -0.005345107987523079 0.045766256749629974
v 0.027683287858963013 -0.003738250583410263 0.04502240568399429
v 0.025859545916318893 -0.0021083932369947433 0.044747546315193176
v 0.029638104140758514 -0.010712936520576477 0.06590181589126587
v 0.030682113021612167 -0.01178513653576374 0.06412278115749359
v 0.03154043108224869 -0.012554044835269451 0.06197746470570564
v 0.03212830796837807 -0.012981804087758064 0.05962064862251282
v 0.03242683410644531 -0.013031179085373878 0.0571664497256279
v 0.03243317827582359 -0.012699875980615616 0.05472302809357643
v 0.03214041516184807 -0.011999699287116528 0.052376121282577515
v 0.031564708799123764 -0.010959404520690441 0.050219178199768066
v 0.030725182965397835 -0.009618490003049374 0.04833178222179413
v 0.02965470962226391 -0.00802895799279213 0.04678816348314285
v 0.02840803936123848 -0.006280265748500824 0.04562188684940338
v 0.027005061507225037 -0.004382170736789703 0.04492296651005745
v 0.025515133515000343 -0.0024373047053813934 0.04469701275229454
v 0.023992864415049553 -0.0005197357386350632 0.044948991388082504
v 0.02847936376929283 -0.01144956424832344 0.06581620126962662
v 0.02922479435801506 -0.01270347274839878 0.0640244260430336
v 0.029824795201420784 -0.013642918318510056 0.061850909143686295
v 0.03021744266152382 -0.014194689691066742 0.05946972221136093
v 0.03040025755763054 -0.014320055954158306 0.05700621381402016
v 0.030366642400622368 -0.014014731161296368 0.05455997958779335
v 0.030114341527223587 -0.013289829716086388 0.05221635103225708
v 0.02965507097542286 -0.012174693867564201 0.05006888508796692
v 0.02900671400129795 -0.010712535120546818 0.048197150230407715
v 0.028206050395965576 -0.008988576009869576 0.04665033891797066
v 0.027258772403001785 -0.007010899484157562 0.045530203729867935
v 0.026213988661766052 -0.004884997382760048 0.044859468936920166
v 0.025111306458711624 -0.0026933178305625916 0.04466450959444046
v 0.02719879522919655 -0.011948900297284126 0.0657840296626091
v 0.02761184051632881 -0.013333607465028763 0.06399054080247879
v 0.02792617492377758 -0.014391092583537102 0.061803001910448074
v 0.028106912970542908 -0.015024774707853794 0.059414830058813095
v 0.02815873734652996 -0.01520028617233038 0.05694672465324402
v 0.02808043174445629 -0.014911022037267685 0.054497040808200836
v 0.02787240594625473 -0.01416971255093813 0.05215439572930336
v 0.0275441762059927 -0.013004188425838947 0.05001189559698105
v 0.02710718661546707 -0.01145948376506567 0.04814686253666878
v 0.026589589193463326 -0.009622929617762566 0.046606868505477905
v 0.025989864021539688 -0.007508980110287666 0.04549673944711685
v 0.025340020656585693 -0.005229253321886063 0.044836901128292084
v 0.024665549397468567 -0.0028686709702014923 0.04465307295322418
v 0.025846723467111588 -0.012197662144899368 0.06581496447324753
v 0.025906123220920563 -0.013649016618728638 0.06402257084846497
v 0.025918658822774887 -0.014764307998120785 0.06183673068881035
v 0.025877155363559723 -0.015438077040016651 0.05945438891649246
v 0.02579212374985218 -0.015637364238500595 0.056991323828697205
v 0.025662168860435486 -0.015354498289525509 0.05453069135546684
v 0.02550509013235569 -0.014605911448597908 0.05219724401831627
v 0.025315338745713234 -0.013415652327239513 0.050053201615810394
v 0.02510176971554756 -0.011828507296741009 0.04818398877978325
v 0.024883031845092773 -0.009937603026628494 0.0466386079788208
v 0.024648422375321388 -0.0077567677944898605 0.04552153870463371
v 0.02441553771495819 -0.005398401990532875 0.044853515923023224
v 0.024194393306970596 -0.0029554516077041626 0.04466131329536438
v 0.024472054094076157 -0.01218297891318798 0.06589267402887344
v 0.024174850434064865 -0.013638813979923725 0.06412575393915176
v 0.02387813664972782 -0.014749234542250633 0.06194760277867317
v 0.02361254207789898 -0.015418626368045807 0.059585779905319214
v 0.023387886583805084 -0.015615432523190975 0.057131264358758926
v 0.023215562105178833 -0.015332957729697227 0.05468587204813957
v 0.02310296706855297 -0.014583788812160492 0.052343640476465225
v 0.02305263839662075 -0.013394182547926903 0.05019073188304901
v 0.023073244839906693 -0.011838188394904137 0.04828478395938873
v 0.023150717839598656 -0.009920096956193447 0.04674362391233444
v 0.02328641526401043 -0.00774260051548481 0.04560420662164688
v 0.023477822542190552 -0.005390096455812454 0.044910892844200134
v 0.023716475814580917 -0.0029506273567676544 0.04469074308872223
v 0.023130323737859726 -0.011908570304512978 0.06602757424116135
v 0.02248213440179825 -0.013293241150677204 0.06429298222064972
v 0.02188749611377716 -0.014343597926199436 0.062144145369529724
v 0.02140112966299057 -0.014966519549489021 0.05980770289897919
v 0.021041426807641983 -0.015135567635297775 0.05737161636352539
v 0.02082519419491291 -0.014843856915831566 0.05493354797363281
v 0.02075737714767456 -0.014103122986853123 0.05258706584572792
v 0.02084244228899479 -0.012939713895320892 0.050419606268405914
v 0.021083535626530647 -0.01142785232514143 0.04849042370915413
v 0.02145775966346264 -0.009571637026965618 0.04691842198371887
v 0.02195724844932556 -0.007468873634934425 0.045741006731987
v 0.022561438381671906 -0.005200553685426712 0.045004695653915405
v 0.023249080404639244 -0.002854151651263237 0.04473847523331642
v 0.021871980279684067 -0.011378619819879532 0.06620873510837555
v 0.020894691348075867 -0.012633312493562698 0.06451553851366043
v 0.02002173662185669 -0.013564115390181541 0.06241597980260849
v 0.019328366965055466 -0.014099138788878918 0.06011403724551201
v 0.018842948600649834 -0.01421414315700531 0.05769994109869003
v 0.018582237884402275 -0.01390454825013876 0.055268194526433945
v 0.018558602780103683 -0.013181564398109913 0.052913714200258255
v 0.018771089613437653 -0.012074537575244904 0.05072811245918274
v 0.01921812817454338 -0.010643879882991314 0.04876890778541565
v 0.019871175289154053 -0.00890514999628067 0.04715568199753761
v 0.020710032433271408 -0.006945174187421799 0.04592764005064964
v 0.021703504025936127 -0.004840066656470299 0.04513351246714592
v 0.022811386734247208 -0.0026707611978054047 0.04480423033237457
v 0.020746510475873947 -0.010614963248372078 0.06643926352262497
v 0.019475571811199188 -0.01167372614145279 0.0647999718785286
v 0.01835128851234913 -0.012438975274562836 0.06275142729282379
v 0.017473306506872177 -0.01284897979348898 0.0604902058839798
v 0.016873903572559357 -0.012886323034763336 0.058100223541259766
v 0.016575651243329048 -0.012550813145935535 0.05567757785320282
v 0.016590937972068787 -0.011854397132992744 0.053315792232751846
v 0.016920411959290504 -0.010842687450349331 0.05108726769685745
v 0.017547983676195145 -0.009516311809420586 0.049110304564237595
v 0.018451064825057983 -0.007945682853460312 0.04744568094611168
v 0.01959412544965744 -0.006191685795783997 0.04615555331110954
v 0.020934119820594788 -0.004321185871958733 0.04529045149683952
v 0.022420097142457962 -0.002405421808362007 0.04488404095172882
v 0.019797902554273605 -0.00965145044028759 0.06670625507831573
v 0.018278047442436218 -0.010459790006279945 0.06513144820928574
v 0.01694365404546261 -0.011012928560376167 0.06314276903867722
v 0.015907667577266693 -0.011264827102422714 0.06092323735356331
v 0.01521169114857912 -0.01120426133275032 0.058559298515319824
v 0.01488121785223484 -0.010836252942681313 0.05614519864320755
v 0.014930038712918758 -0.01017262227833271 0.05377412214875221
v 0.015354787930846214 -0.009241366758942604 0.051538292318582535
v 0.01613803580403328 -0.008087782189249992 0.049500640481710434
v 0.017251724377274513 -0.006731197237968445 0.047777969390153885
v 0.018652185797691345 -0.005237221717834473 0.04641680419445038
v 0.02028535306453705 -0.0036630574613809586 0.04547050967812538
v 0.022088883444666862 -0.0020711105316877365 0.04497591778635979
v 0.01906261220574379 -0.008522860705852509 0.06699566543102264
v 0.01734829880297184 -0.009038463234901428 0.0654931515455246
v 0.01584785059094429 -0.009342590346932411 0.06356757134199142
v 0.014689487405121326 -0.009407652541995049 0.06139203533530235
v 0.013919485732913017 -0.009233742952346802 0.059056464582681656
v 0.013564318418502808 -0.008825674653053284 0.05665244162082672
v 0.013641328550875187 -0.008202869445085526 0.054273709654808044
v 0.014142325147986412 -0.007384957745671272 0.05200645327568054
v 0.01504228264093399 -0.006413636729121208 0.04992661252617836
v 0.016320189461112022 -0.005307536572217941 0.04813976213335991
v 0.017919819802045822 -0.004117969423532486 0.04670076444745064
v 0.019781123846769333 -0.0028929803520441055 0.045665644109249115
v 0.021832043305039406 -0.0016780663281679153 0.04507529363036156
v 0.018565315753221512 -0.007273342460393906 0.0672965943813324
v 0.016720741987228394 -0.0074642617255449295 0.06587189435958862
v 0.015108661726117134 -0.007492033764719963 0.0640115886926651
v 0.013869641348719597 -0.007349677383899689 0.061884306371212006
v 0.013048402033746243 -0.007047660648822784 0.05957617610692978
v 0.012678980827331543 -0.006597425788640976 0.057181328535079956
v 0.012772493064403534 -0.006017452105879784 0.054793164134025574
v 0.013323759660124779 -0.005326375365257263 0.052498623728752136
v 0.014302448369562626 -0.004558246582746506 0.050369951874017715
v 0.015691138803958893 -0.0037288088351488113 0.048516895622015
v 0.01742621511220932 -0.002878870815038681 0.04699729010462761
v 0.01944034732878208 -0.0020391568541526794 0.0458705760538578
v 0.021658483892679214 -0.0012425873428583145 0.0451798290014267
v -0.0388854555785656 -0.011240800842642784 0.07175751775503159
v -0.040468376129865646 -0.011271804571151733 0.07134900242090225
v -0.04194345325231552 -0.01122610829770565 0.07064002752304077
v -0.04319753125309944 -0.011110488325357437 0.06969898194074631
v -0.03887709602713585 -0.010927945375442505 0.0718228742480278
v -0.04045340418815613 -0.010657856240868568 0.07147745788097382
v -0.04192293807864189 -0.01033754087984562 0.07083271443843842
v -0.04317231848835945 -0.009992824867367744 0.0699482187628746
v -0.03880947455763817 -0.010622011497616768 0.07188697904348373
v -0.0403188057243824 -0.010060509666800499 0.07160362601280212
v -0.041726816445589066 -0.009469281882047653 0.07101410627365112
v -0.04292507842183113 -0.008898749947547913 0.07017463445663452
v -0.03868148848414421 -0.01033482700586319 0.07194206118583679
v -0.04006664827466011 -0.009496642276644707 0.07171092927455902
v -0.04136182367801666 -0.008652875199913979 0.07117209583520889
v -0.0424654483795166 -0.007869865745306015 0.0703757181763649
v -0.03849855810403824 -0.01007801853120327 0.07198931276798248
v -0.039708975702524185 -0.008992508053779602 0.07180395722389221
v -0.04084224998950958 -0.007920367643237114 0.07130276411771774
v -0.041810836642980576 -0.0069457050412893295 0.07053812593221664
v -0.038269028067588806 -0.009858692064881325 0.07202469557523727
v -0.039257995784282684 -0.008563747629523277 0.07186980545520782
v -0.04018748551607132 -0.007299838587641716 0.07140054553747177
v -0.040985096246004105 -0.006166156381368637 0.07066261023283005
v -0.03800085932016373 -0.009688852354884148 0.07204713672399521
v -0.03873136639595032 -0.008229751139879227 0.07191509753465652
v -0.039423417299985886 -0.006814807653427124 0.07146338373422623
v -0.040022000670433044 -0.005556229501962662 0.07073882222175598
v -0.03770297020673752 -0.009571759030222893 0.0720551460981369
v -0.03814990073442459 -0.00800091028213501 0.0719284936785698
v -0.038579076528549194 -0.006483342498540878 0.07148555666208267
v -0.0389583595097065 -0.005139384418725967 0.07076723873615265
v -0.03738974779844284 -0.009514862671494484 0.07205018401145935
v -0.03753487020730972 -0.007888499647378922 0.07192061096429825
v -0.03768700361251831 -0.006319232285022736 0.07147174328565598
v -0.03783483803272247 -0.0049301814287900925 0.07074884325265884
v -0.037071604281663895 -0.009517518803477287 0.07203011959791183
v -0.03691040351986885 -0.007894391193985939 0.07188025116920471
v -0.03678188472986221 -0.006328364834189415 0.07141652703285217
v -0.036695778369903564 -0.004941476508975029 0.070686474442482
v -0.03676028549671173 -0.009582120925188065 0.07199744880199432
v -0.0363016277551651 -0.008020967245101929 0.07182042300701141
v -0.03589878976345062 -0.006511269137263298 0.07132965326309204
v -0.03558233007788658 -0.005169544368982315 0.07057750225067139
v -0.036469534039497375 -0.009704535827040672 0.071953684091568
v -0.03573064133524895 -0.008261406794190407 0.07173296809196472
v -0.03507024794816971 -0.006860105320811272 0.07120547443628311
v -0.03453801944851875 -0.005610603839159012 0.07042313367128372
v -0.03620968759059906 -0.009881619364023209 0.07189933955669403
v -0.03522045910358429 -0.008607391268014908 0.07162875682115555
v -0.03432884067296982 -0.007361376658082008 0.07105131447315216
v -0.0336008295416832 -0.006242040544748306 0.0702262669801712
v -0.03599005565047264 -0.010103469714522362 0.07183577865362167
v -0.03479047492146492 -0.009043412283062935 0.07150326669216156
v -0.033703748136758804 -0.007996350526809692 0.07087355107069016
v -0.032812993973493576 -0.007043913006782532 0.07000298798084259
v -0.03582072630524635 -0.01036437600851059 0.07176706939935684
v -0.034455448389053345 -0.009556500241160393 0.07137265801429749
v -0.03321831300854683 -0.0087401382625103 0.0706799253821373
v -0.032201703637838364 -0.007981235161423683 0.06975521892309189
v -0.035705577582120895 -0.010654686018824577 0.07169623672962189
v -0.034232042729854584 -0.010122885927557945 0.07122960686683655
v -0.03289343789219856 -0.00956277921795845 0.07047179341316223
v -0.03179053217172623 -0.009017786011099815 0.06949706375598907
v -0.03565257415175438 -0.010960027575492859 0.07162293791770935
v -0.034125737845897675 -0.010723663493990898 0.07108825445175171
v -0.03273888677358627 -0.01043407991528511 0.07026677578687668
v -0.03159261494874954 -0.01011674478650093 0.06923837959766388
v -0.03565828129649162 -0.011272294446825981 0.07155758887529373
v -0.034139469265937805 -0.011334946379065514 0.0709536075592041
v -0.03276175260543823 -0.011319352313876152 0.07006668299436569
v -0.03162113577127457 -0.011235008016228676 0.06899001449346542
v -0.03572782501578331 -0.011578535661101341 0.07149333506822586
v -0.03427264839410782 -0.011934548616409302 0.07083342224359512
v -0.03295362368226051 -0.012189973145723343 0.06989296525716782
v -0.03186563402414322 -0.012329529970884323 0.0687650740146637
v -0.03585468605160713 -0.011866165325045586 0.07143904268741608
v -0.03452477231621742 -0.012496985495090485 0.07072126865386963
v -0.03331645578145981 -0.013007290661334991 0.0697358101606369
v -0.03232051432132721 -0.013362275436520576 0.06857310235500336
v -0.03603527694940567 -0.012125516310334206 0.07139860838651657
v -0.03487773612141609 -0.013005703687667847 0.07064192742109299
v -0.033830828964710236 -0.013744182884693146 0.06961272656917572
v -0.032970037311315536 -0.014290855266153812 0.06841181218624115
v -0.036263708025217056 -0.012345751747488976 0.07136507332324982
v -0.03532707318663597 -0.013434495776891708 0.07057373225688934
v -0.03448222950100899 -0.014367911033332348 0.06951981782913208
v -0.03379344195127487 -0.01507650874555111 0.06829464435577393
v -0.03653043881058693 -0.012517634779214859 0.07134706526994705
v -0.03585107624530792 -0.013773082755506039 0.07053909450769424
v -0.035244185477495193 -0.014856021851301193 0.06946269422769547
v -0.03475469350814819 -0.01569078117609024 0.06821935623884201
v -0.03682737797498703 -0.012636052444577217 0.07134000211954117
v -0.03643130883574486 -0.01400222908705473 0.07052143663167953
v -0.0360872820019722 -0.015187866985797882 0.06943811476230621
v -0.03581828624010086 -0.01610834151506424 0.06819093972444534
v -0.03714028373360634 -0.01269359141588211 0.0713469386100769
v -0.0370459146797657 -0.01411708164960146 0.0705379992723465
v -0.036978788673877716 -0.015353433787822723 0.0694587454199791
v -0.03694245219230652 -0.016315873712301254 0.06820815056562424
v -0.037457969039678574 -0.012691719457507133 0.07136756926774979
v -0.03766993433237076 -0.014110613614320755 0.07057326287031174
v -0.0378844179213047 -0.015342533588409424 0.06951174885034561
v -0.0380854457616806 -0.016301967203617096 0.06828130036592484
v -0.03777007758617401 -0.01262683980166912 0.07140025496482849
v -0.03827963024377823 -0.013985956087708473 0.07064083218574524
v -0.03876868635416031 -0.015160570852458477 0.06960505992174149
v -0.03919948637485504 -0.01606995239853859 0.06839435547590256
v -0.03806131333112717 -0.012504829093813896 0.07144411653280258
v -0.0388510599732399 -0.013743933290243149 0.07072277367115021
v -0.03959778696298599 -0.014810396358370781 0.0697263702750206
v -0.040243856608867645 -0.015627944841980934 0.06854762881994247
v -0.03832230716943741 -0.012326432392001152 0.0714961588382721
v -0.039363760501146317 -0.013398243114352226 0.07083044201135635
v -0.04033996909856796 -0.014307262375950813 0.06987686455249786
v -0.041178058832883835 -0.014990942552685738 0.06873007863759995
v -0.03854328393936157 -0.01210268959403038 0.07155569642782211
v -0.03979554772377014 -0.012959035113453865 0.07094645500183105
v -0.040968157351017 -0.013671926222741604 0.0700530856847763
v -0.0419669970870018 -0.014187187887728214 0.06895115971565247
v -0.03725822642445564 -0.011136341840028763 0.07185333967208862
v -0.038714706897735596 -0.011840008199214935 0.07162101566791534
v -0.04013291001319885 -0.012444522231817245 0.07107823342084885
v -0.04145660251379013 -0.012926086783409119 0.07024356722831726
v -0.04258158057928085 -0.013250181451439857 0.06919146329164505
v -0.03882937878370285 -0.011547872796654701 0.0716887041926384
v -0.040358610451221466 -0.011873463168740273 0.07120928168296814
v -0.041784245520830154 -0.012098263949155807 0.07043757289648056
v -0.042998962104320526 -0.01221301220357418 0.0694485604763031
v -0.04441799968481064 -0.011025788262486458 0.06890107691287994
v -0.04631485044956207 -0.010868245735764503 0.06755130738019943
v -0.047972939908504486 -0.010589079931378365 0.065758615732193
v -0.04924771189689636 -0.010222367942333221 0.06368638575077057
v -0.050091177225112915 -0.009783701971173286 0.06141430139541626
v -0.050470925867557526 -0.009293094277381897 0.059028737246990204
v -0.05037075653672218 -0.008761465549468994 0.05663415044546127
v -0.049795277416706085 -0.00820809043943882 0.05430884286761284
v -0.048766277730464935 -0.007654611021280289 0.052144598215818405
v -0.047323938459157944 -0.007124004885554314 0.0502263605594635
v -0.04552510008215904 -0.0066363997757434845 0.04862653836607933
v -0.043437182903289795 -0.0062111299484968185 0.04740794748067856
v -0.04116398096084595 -0.005878625437617302 0.046618085354566574
v -0.04438794031739235 -0.009681805968284607 0.06920135021209717
v -0.04627217352390289 -0.009173456579446793 0.06792183220386505
v -0.04792092368006706 -0.008593330159783363 0.06619275361299515
v -0.04919018968939781 -0.008008219301700592 0.06416386365890503
v -0.050034504383802414 -0.007432419806718826 0.06192031875252724
v -0.05041332170367241 -0.00689336284995079 0.059547826647758484
v -0.05031530559062958 -0.006405940279364586 0.05713886022567749
v -0.04974276199936867 -0.005989348515868187 0.05478319153189659
v -0.048719123005867004 -0.005657343193888664 0.05257159844040871
v -0.0472840890288353 -0.005425730720162392 0.050589099526405334
v -0.04549363628029823 -0.005301238968968391 0.048911213874816895
v -0.04341670870780945 -0.005290072411298752 0.04760313779115677
v -0.04115383327007294 -0.00540972501039505 0.046719033271074295
v -0.044089484959840775 -0.008366012945771217 0.06947644054889679
v -0.04589446634054184 -0.0075090862810611725 0.06826557964086533
v -0.047481246292591095 -0.006644492968916893 0.06659155339002609
v -0.04869754612445831 -0.005843276157975197 0.06460607051849365
v -0.0495101660490036 -0.005133088678121567 0.06239020824432373
v -0.04988029599189758 -0.004545377567410469 0.06002647057175636
v -0.04979214072227478 -0.004102040082216263 0.057607006281614304
v -0.049249716103076935 -0.0038187075406312943 0.05522274971008301
v -0.04827599599957466 -0.0037033390253782272 0.05296650528907776
v -0.04690797999501228 -0.003762800246477127 0.05092483013868332
v -0.04519812762737274 -0.003995584324002266 0.04917487874627113
v -0.04323889687657356 -0.004409497603774071 0.047788068652153015
v -0.04105060175061226 -0.004950320348143578 0.04681261256337166
v -0.043535515666007996 -0.007128894329071045 0.0697125494480133
v -0.045199766755104065 -0.0059494152665138245 0.06855860352516174
v -0.04665675014257431 -0.004817279055714607 0.06693766266107559
v -0.04778347909450531 -0.0038099605590105057 0.0649944469332695
v -0.048539042472839355 -0.0029737260192632675 0.0628029927611351
v -0.04888952150940895 -0.0023419559001922607 0.06044737622141838
v -0.048819802701473236 -0.0019402895122766495 0.05801840499043465
v -0.048334889113903046 -0.001779327169060707 0.05561131238937378
v -0.047453150153160095 -0.0018672943115234375 0.05331548675894737
v -0.04620867222547531 -0.002200992777943611 0.051221463829278946
v -0.0446489080786705 -0.0027674417942762375 0.04940783604979515
v -0.04283403605222702 -0.0035450998693704605 0.0479448139667511
v -0.040858447551727295 -0.0045184846967458725 0.04689442738890648
v -0.04274879768490791 -0.0060197580605745316 0.06990805268287659
v -0.044207602739334106 -0.004554456099867821 0.06880302727222443
v -0.04549088329076767 -0.003175012767314911 0.06722826510667801
v -0.04648303613066673 -0.0019908901304006577 0.06531545519828796
v -0.04715906083583832 -0.00103733129799366 0.06314481794834137
v -0.047481536865234375 -0.00036498159170150757 0.06079534441232681
v -0.04743945226073265 1.8067657947540283e-06 0.05835912376642227
v -0.047034867107868195 5.0537288188934326e-05 0.05593150481581688
v -0.046283502131700516 -0.0002197660505771637 0.05360322445631027
v -0.045213550329208374 -0.000799940899014473 0.05146580934524536
v -0.04386727884411812 -0.0016661640256643295 0.04959960654377937
v -0.04232417419552803 -0.002802722156047821 0.048081859946250916
v -0.04058385267853737 -0.004131905734539032 0.04696222022175789
v -0.04175593703985214 -0.00507776252925396 0.07005156576633453
v -0.042962439358234406 -0.003379732370376587 0.06899233907461166
v -0.04402143508195877 -0.0017852578312158585 0.06745098531246185
v -0.04485269635915756 -0.00044332072138786316 0.06556360423564911
v -0.04542434960603714 0.0006064325571060181 0.06340222805738449
v -0.04571176692843437 0.0013114158064126968 0.06105624884366989
v -0.045702479779720306 0.0016468428075313568 0.05861450731754303
v -0.045398734509944916 0.0016005728393793106 0.05617082118988037
v -0.04481090232729912 0.001175474375486374 0.05381852388381958
v -0.043961621820926666 0.00038724765181541443 0.05164872482419014
v -0.04288357123732567 -0.0007335823029279709 0.04974295571446419
v -0.04164682328701019 -0.0021593086421489716 0.04818200320005417
v -0.04023953899741173 -0.0038029812276363373 0.04701322317123413
v -0.0406000055372715 -0.0043549928814172745 0.0701405480504036
v -0.04150443524122238 -0.002465302124619484 0.06911316514015198
v -0.04230771213769913 -0.0007003452628850937 0.06759665906429291
v -0.04294714704155922 0.0007706806063652039 0.06571532040834427
v -0.043400101363658905 0.0018926896154880524 0.06356190145015717
v -0.04364530369639397 0.0026217475533485413 0.06121859326958656
v -0.04367656633257866 0.0029321089386940002 0.05877329409122467
v -0.04348905012011528 0.002811143174767494 0.05632045120000839
v -0.04309225082397461 0.0022645555436611176 0.053953297436237335
v -0.04250025004148483 0.0013135932385921478 0.05176304653286934
v -0.04176697880029678 -1.9608065485954285e-05 0.049840398132801056
v -0.04085663706064224 -0.001656319946050644 0.048244837671518326
v -0.03983593359589577 -0.0035467911511659622 0.04704483225941658
v -0.039322204887866974 -0.0038491711020469666 0.07017417252063751
v -0.03989320248365402 -0.0018237438052892685 0.06916148960590363
v -0.040414076298475266 5.414336919784546e-05 0.06765271723270416
v -0.0408405140042305 0.0015995446592569351 0.06577052921056747
v -0.04116128757596016 0.002769051119685173 0.0636182576417923
v -0.04136272519826889 0.0035139694809913635 0.06127527728676796
v -0.041436292231082916 0.003807259723544121 0.05882929265499115
v -0.04137938842177391 0.003635464236140251 0.05637431517243385
v -0.04119393974542618 0.0030063949525356293 0.05400184541940689
v -0.04088510945439339 0.0019440855830907822 0.051804106682538986
v -0.04049906134605408 0.0004786010831594467 0.04987411946058273
v -0.039982691407203674 -0.0013121645897626877 0.048268161714076996
v -0.039390187710523605 -0.0033714845776557922 0.04705669358372688
v -0.037976689636707306 -0.0036005936563014984 0.07015383243560791
v -0.03818750008940697 -0.0015020724385976791 0.06912361830472946
v -0.03840569406747818 0.00042642466723918915 0.067603200674057
v -0.038612280040979385 0.0020092707127332687 0.0657220259308815
v -0.03879682719707489 0.0032013505697250366 0.0635702908039093
v -0.03895062953233719 0.003955816850066185 0.06122177839279175
v -0.039071667939424515 0.004237394779920578 0.05878168344497681
v -0.03915165364742279 0.004041267558932304 0.05633028224110603
v -0.0391886867582798 0.003371650353074074 0.05396328121423721
v -0.03921317681670189 0.002249099314212799 0.05178202688694
v -0.03915813937783241 0.0007263012230396271 0.049849480390548706
v -0.03905852511525154 -0.0011417586356401443 0.04825063794851303
v -0.03891933709383011 -0.0032845400273799896 0.047047942876815796
v -0.03661004453897476 -0.0036117974668741226 0.07008568942546844
v -0.03645551577210426 -0.0015217643231153488 0.06901466846466064
v -0.036359209567308426 0.000395333394408226 0.0674520954489708
v -0.03634887561202049 0.0019815564155578613 0.06557273864746094
v -0.03639648109674454 0.003173133358359337 0.06341704726219177
v -0.036505069583654404 0.003925137221813202 0.061073437333106995
v -0.036672454327344894 0.004209751263260841 0.058634135872125626
v -0.03689103201031685 0.004014324396848679 0.05619003623723984
v -0.03715185821056366 0.00334797240793705 0.05383402854204178
v -0.037481535226106644 0.0022313538938760757 0.05167725682258606
v -0.037796348333358765 0.0007121656090021133 0.049766819924116135
v -0.038120608776807785 -0.0011511221528053284 0.0481937974691391
v -0.03844129294157028 -0.003289448097348213 0.047018926590681076
v -0.035272542387247086 -0.003877166658639908 0.06996161490678787
v -0.03476739302277565 -0.0018683169037103653 0.0688408762216568
v -0.03437180444598198 -2.2683292627334595e-05 0.06723155081272125
v -0.034141093492507935 0.0015213266015052795 0.06533697992563248
v -0.03405354544520378 0.002686168998479843 0.06317251920700073
v -0.03411698713898659 0.0034284479916095734 0.06082560122013092
v -0.03433021157979965 0.003721589222550392 0.05839094892144203
v -0.034684035927057266 0.00355411134660244 0.05596017837524414
v -0.0351966992020607 0.002937374636530876 0.05364566668868065
v -0.03578874468803406 0.0018830355256795883 0.05150314047932625
v -0.03646746277809143 0.0004385393112897873 0.049630165100097656
v -0.03720457851886749 -0.0013405028730630875 0.04809927940368652
v -0.037974100559949875 -0.0033857915550470352 0.04697076976299286
v -0.03401816263794899 -0.004414832219481468 0.06977129727602005
v -0.03318680822849274 -0.0025387126952409744 0.06860484927892685
v -0.0325155146420002 -0.0008046850562095642 0.06696010380983353
v -0.03207514435052872 0.0006493944674730301 0.06502989679574966
v -0.03186030685901642 0.0017587821930646896 0.06284497678279877
v -0.031880103051662445 0.0024831481277942657 0.06049162894487381
v -0.032135434448719025 0.002793658524751663 0.058061543852090836
v -0.03261527419090271 0.0026793088763952255 0.05564897879958153
v -0.03333168104290962 0.0021532103419303894 0.05336765944957733
v -0.03420274704694748 0.0012165699154138565 0.05126708745956421
v -0.03522037714719772 -8.510984480381012e-05 0.04944416135549545
v -0.03634665161371231 -0.0017010681331157684 0.04797137528657913
v -0.03753641992807388 -0.0035692639648914337 0.04690568894147873
v -0.03288713097572327 -0.005173839628696442 0.0695318654179573
v -0.031771618872880936 -0.003497520461678505 0.06831932067871094
v -0.030856989324092865 -0.0019272565841674805 0.06663413345813751
v -0.03022781014442444 -0.0006017889827489853 0.06465774774551392
v -0.029898112639784813 0.0004280898720026016 0.062445033341646194
v -0.02987920492887497 0.0011244993656873703 0.06008198857307434
v -0.0301723200827837 0.0014593899250030518 0.05765896290540695
v -0.030765604227781296 0.0014225933700799942 0.05526917427778244
v -0.03166201338171959 0.001025637611746788 0.05302627384662628
v -0.03278302028775215 0.00025735050439834595 0.05097690969705582
v -0.03410477191209793 -0.0008385814726352692 0.049216240644454956
v -0.03557753562927246 -0.0022198744118213654 0.04781446233391762
v -0.03714530169963837 -0.003834504634141922 0.04682554304599762
v -0.031935662031173706 -0.006137145683169365 0.069266676902771
v -0.030577827244997025 -0.00470864400267601 0.0679912269115448
v -0.029455013573169708 -0.0033515319228172302 0.06625718623399734
v -0.02866744063794613 -0.0021856985986232758 0.06423240900039673
v -0.028240099549293518 -0.0012548286467790604 0.06198883801698685
v -0.0281885527074337 -0.0005931835621595383 0.0596156120300293
v -0.028514757752418518 -0.0002275463193655014 0.05719911679625511
v -0.029205109924077988 -0.0001685749739408493 0.054835136979818344
v -0.03025275468826294 -0.000402599573135376 0.05263539031147957
v -0.031584233045578 -0.0009570829570293427 0.05064450576901436
v -0.03316301107406616 -0.0017930101603269577 0.048955097794532776
v -0.03492896258831024 -0.002878023311495781 0.04763462021946907
v -0.03681414946913719 -0.0041688960045576096 0.04673418030142784
v -0.031197423115372658 -0.007263731211423874 0.06897270679473877
v -0.029649991542100906 -0.006128070876002312 0.06763013452291489
v -0.02836306020617485 -0.005020009353756905 0.06583838164806366
v -0.027454428374767303 -0.0040422286838293076 0.06376313418149948
v -0.026952039450407028 -0.0032271016389131546 0.06149068474769592
v -0.0268760584294796 -0.002608262002468109 0.05910719186067581
v -0.02722712978720665 -0.0022032223641872406 0.05670076608657837
v -0.027990959584712982 -0.0020316820591688156 0.05436517670750618
v -0.02915707230567932 -0.0020766612142324448 0.052209366112947464
v -0.03065253421664238 -0.002380700781941414 0.050282396376132965
v -0.032430876046419144 -0.002912275493144989 0.04867070913314819
v -0.034424833953380585 -0.003648044541478157 0.0474388562142849
v -0.036557406187057495 -0.004561871290206909 0.04663432762026787
v -0.030700061470270157 -0.00851145014166832 0.06866584718227386
v -0.02902337908744812 -0.007702268660068512 0.06724873185157776
v -0.027624566107988358 -0.006868729367852211 0.06540083885192871
v -0.026633314788341522 -0.006100647151470184 0.06327850371599197
v -0.02608080953359604 -0.005413703620433807 0.06097523495554924
v -0.02598937228322029 -0.0048375967890024185 0.05858031287789345
v -0.026359915733337402 -0.004396015778183937 0.05618338659405708
v -0.02718048170208931 -0.004109514877200127 0.05387775972485542
v -0.028417646884918213 -0.003932340070605278 0.051765188574790955
v -0.030023857951164246 -0.003959517925977707 0.049904827028512955
v -0.03193735331296921 -0.004151474684476852 0.04837455973029137
v -0.034084100276231766 -0.004502033814787865 0.04723507910966873
v -0.03638383746147156 -0.0049974992871284485 0.04653060808777809
v -0.030461927875876427 -0.009833086282014847 0.06835582852363586
v -0.028718963265419006 -0.00936557725071907 0.06686694920063019
v -0.027269020676612854 -0.008824562653899193 0.06495403498411179
v -0.026238949969410896 -0.008273335173726082 0.0627860277891159
v -0.0256643109023571 -0.007721811532974243 0.060454584658145905
v -0.02556149661540985 -0.00719212181866169 0.05804651975631714
v -0.02594415843486786 -0.006707670167088509 0.055668607354164124
v -0.02678699791431427 -0.00625559501349926 0.053392861038446426
v -0.02806311473250389 -0.005897335708141327 0.05132068321108818
v -0.02972225472331047 -0.0056305695325136185 0.04952653497457504
v -0.031699832528829575 -0.005464969202876091 0.048077523708343506
v -0.0339205265045166 -0.005406862124800682 0.047030624002218246
v -0.03630032762885094 -0.005458638072013855 0.04642650857567787
v -0.030496086925268173 -0.01117643155157566 0.06805805116891861
v -0.028759395703673363 -0.011059887707233429 0.06649824231863022
v -0.027314282953739166 -0.01082371361553669 0.06452140212059021
v -0.026289502158761024 -0.010491950437426567 0.062308624386787415
v -0.025715842843055725 -0.010075587779283524 0.05994913727045059
v -0.025616878643631935 -0.009590836241841316 0.05753669887781143
v -0.02599482052028179 -0.009054973721504211 0.05516643077135086
v -0.026840798556804657 -0.00849386677145958 0.052926138043403625
v -0.02810695767402649 -0.007897105067968369 0.0508926585316658
v -0.02975943684577942 -0.007330872118473053 0.04916195943951607
v -0.03172943741083145 -0.006801655516028404 0.047791361808776855
v -0.03394068777561188 -0.006327670067548752 0.04683445394039154
v -0.036310598254203796 -0.005928076803684235 0.04632725939154625
v -0.0307902991771698 -0.012494530528783798 0.06778877973556519
v -0.029134046286344528 -0.012721439823508263 0.06615834683179855
v -0.02775578945875168 -0.012780102901160717 0.06412352621555328
v -0.026778066530823708 -0.012664335779845715 0.061866577714681625
v -0.02623366378247738 -0.012381162494421005 0.05948204919695854
v -0.026144428178668022 -0.011939432471990585 0.05706223100423813
v -0.026512740179896355 -0.01135703269392252 0.05470234900712967
v -0.02732311189174652 -0.010651849210262299 0.05248940736055374
v -0.028547585010528564 -0.009854641743004322 0.05049622058868408
v -0.030133888125419617 -0.008996391668915749 0.04882463440299034
v -0.03202318772673607 -0.008109018206596375 0.04752691462635994
v -0.03414309024810791 -0.0072293635457754135 0.04665540158748627
v -0.03641386702656746 -0.006387645378708839 0.046234384179115295
v -0.031338389962911606 -0.013735305517911911 0.06755482405424118
v -0.029827525839209557 -0.014285844750702381 0.06586245447397232
v -0.028576403856277466 -0.014618594199419022 0.06377261877059937
v -0.027690300717949867 -0.01470719650387764 0.06147851049900055
v -0.027202587574720383 -0.014547372236847878 0.05907042697072029
v -0.027130667120218277 -0.014147737063467503 0.05664439499378204
v -0.02747786045074463 -0.013521481305360794 0.05429583415389061
v -0.02823680453002453 -0.012696286663413048 0.052090659737586975
v -0.029368024319410324 -0.011694488115608692 0.05014677345752716
v -0.030831247568130493 -0.010560831986367702 0.04852760210633278
v -0.03257136791944504 -0.009338761679828167 0.04729272052645683
v -0.03452117368578911 -0.00807492807507515 0.04649141803383827
v -0.03660601004958153 -0.0068193841725587845 0.04615223407745361
v -0.032122500240802765 -0.01485034916549921 0.06736026704311371
v -0.03081812709569931 -0.015690654516220093 0.06561652570962906
v -0.029742995277047157 -0.016269231215119362 0.06348158419132233
v -0.02898772992193699 -0.01654038578271866 0.06115645915269852
v -0.028580235317349434 -0.01649320498108864 0.05872958526015282
v -0.028535572811961174 -0.01612989977002144 0.05629679560661316
v -0.028855808079242706 -0.015463856980204582 0.05395149439573288
v -0.02953527122735977 -0.014531156048178673 0.051769085228443146
v -0.030535975471138954 -0.013345824554562569 0.04985817149281502
v -0.03182490915060043 -0.011964994482696056 0.04828224331140518
v -0.033351924270391464 -0.010442104190587997 0.04709954932332039
v -0.035058774054050446 -0.00883537158370018 0.04635712131857872
v -0.03688085079193115 -0.007205890491604805 0.04608338326215744
v -0.03311276063323021 -0.015795184299349785 0.06721590459346771
v -0.032067302614450455 -0.016881413757801056 0.06543226540088654
v -0.03121439926326275 -0.017668001353740692 0.06326425075531006
v -0.030622325837612152 -0.018093904480338097 0.06091393902897835
v -0.03031526878476143 -0.01814228668808937 0.05847197026014328
v -0.03030412644147873 -0.017810141667723656 0.0560334138572216
v -0.030590588226914406 -0.017110425978899002 0.053692471235990524
v -0.0311700738966465 -0.016085732728242874 0.05152837932109833
v -0.03200778365135193 -0.01474500261247158 0.049641720950603485
v -0.03307609632611275 -0.01315526943653822 0.04809782654047012
v -0.03433509171009064 -0.011377038434147835 0.0469546876847744
v -0.035736795514822006 -0.009479298256337643 0.04625720530748367
v -0.03722543269395828 -0.007534755393862724 0.04603239521384239
v -0.038745880126953125 -0.005617640912532806 0.046285562217235565
v -0.03426925837993622 -0.016535256057977676 0.06712701916694641
v -0.0335267074406147 -0.017812300473451614 0.06531833857297897
v -0.03293081000447273 -0.018761292099952698 0.06312771886587143
v -0.03252953663468361 -0.019308067858219147 0.06076107174158096
v -0.032339684665203094 -0.019430311396718025 0.05830879509449005
v -0.0323687419295311 -0.0191226527094841 0.05586681514978409
v -0.03261604905128479 -0.01839722879230976 0.05352949723601341
v -0.03307100012898445 -0.017281055450439453 0.051384832710027695
v -0.03372593969106674 -0.015838835388422012 0.04950524494051933
v -0.03453734144568443 -0.014085286296904087 0.04798194766044617
v -0.03548373281955719 -0.012107918038964272 0.04686371237039566
v -0.036526959389448166 -0.00998242013156414 0.0461946539580822
v -0.03762861341238022 -0.007790945470333099 0.04600051790475845
v -0.03554735332727432 -0.017039306461811066 0.06709275394678116
v -0.03513909503817558 -0.018447095528244972 0.06527701765298843
v -0.03482750430703163 -0.01950686052441597 0.06307782232761383
v -0.034637823700904846 -0.020136255770921707 0.0607045479118824
v -0.03457842022180557 -0.020308295264840126 0.05824712663888931
v -0.034651536494493484 -0.020016832277178764 0.055803414434194565
v -0.03485497832298279 -0.01927480474114418 0.05346720665693283
v -0.03518000617623329 -0.018108556047081947 0.051326774060726166
v -0.03562469035387039 -0.016585126519203186 0.049454476684331894
v -0.03615305945277214 -0.0147198885679245 0.04793902486562729
v -0.036752138286828995 -0.012606211937963963 0.04683021083474159
v -0.03740113973617554 -0.0103266891092062 0.046171750873327255
v -0.038074273616075516 -0.007966522127389908 0.045990001410245895
v -0.0369003601372242 -0.0172861497849226 0.06711535155773163
v -0.0368436761200428 -0.018760308623313904 0.06531313806772232
v -0.036831848323345184 -0.019875843077898026 0.06311627477407455
v -0.036865849047899246 -0.020546158775687218 0.06074633076786995
v -0.03694424405694008 -0.02074291557073593 0.05829179286956787
v -0.03706236928701401 -0.020460031926631927 0.0558435395359993
v -0.03722038492560387 -0.019709434360265732 0.053510382771492004
v -0.03740822896361351 -0.018518488854169846 0.05136764049530029
v -0.03763115406036377 -0.016955159604549408 0.049491144716739655
v -0.03785931318998337 -0.015034666284918785 0.047970566898584366
v -0.038093335926532745 -0.012854008935391903 0.046855054795742035
v -0.03832471743226051 -0.010496244765818119 0.0461900532245636
v -0.03854403644800186 -0.008054383099079132 0.0460037924349308
v -0.03827396407723427 -0.017271533608436584 0.06719709187746048
v -0.03857513889670372 -0.018740396946668625 0.06541905552148819
v -0.038867659866809845 -0.019853847101330757 0.06323958188295364
v -0.03912830725312233 -0.02052190527319908 0.06088317930698395
v -0.03934593126177788 -0.02071790024638176 0.05843610316514969
v -0.0395132340490818 -0.020434368401765823 0.05599658191204071
v -0.039622753858566284 -0.01968395709991455 0.05365569517016411
v -0.039670318365097046 -0.018494009971618652 0.05150504782795906
v -0.03965413197875023 -0.016909120604395866 0.04962388798594475
v -0.03959144651889801 -0.015017117373645306 0.04807540774345398
v -0.03945515304803848 -0.012839961796998978 0.046937406063079834
v -0.03926295042037964 -0.010487663559615612 0.04624548554420471
v -0.039023108780384064 -0.008048541843891144 0.04602748900651932
v -0.03961431235074997 -0.016990501433610916 0.06733326613903046
v -0.04026548191905022 -0.018388565629720688 0.06558752804994583
v -0.04085617884993553 -0.019441213458776474 0.06344208866357803
v -0.04133838415145874 -0.020063500851392746 0.06110953912138939
v -0.041693322360515594 -0.020232263952493668 0.05867797136306763
v -0.04190535098314285 -0.01994018256664276 0.05624385178089142
v -0.04197006672620773 -0.01919831708073616 0.05389821529388428
v -0.04188064485788345 -0.01803518645465374 0.05173236504197121
v -0.04164327308535576 -0.016496144235134125 0.049827851355075836
v -0.04128430783748627 -0.014668358489871025 0.04824921861290932
v -0.04078420624136925 -0.012566291727125645 0.047073930501937866
v -0.04017886146903038 -0.010298156179487705 0.046339333057403564
v -0.03949043154716492 -0.00795188918709755 0.046074118465185165
v -0.04087027162313461 -0.016457000747323036 0.06751604378223419
v -0.04184913635253906 -0.017717979848384857 0.06581609696149826
v -0.04272077605128288 -0.018653906881809235 0.06371770054101944
v -0.043410565704107285 -0.019189100712537766 0.06141778081655502
v -0.04389261454343796 -0.019304299727082253 0.05900627002120018
v -0.04414888098835945 -0.01899404264986515 0.05657821521162987
v -0.0441686287522316 -0.018270103260874748 0.05422640219330788
v -0.043952394276857376 -0.017161399126052856 0.05204130709171295
v -0.04350784420967102 -0.01570931263267994 0.05010566487908363
v -0.04287084564566612 -0.014001594856381416 0.04848555848002434
v -0.04203162342309952 -0.012042616493999958 0.04725946858525276
v -0.041037190705537796 -0.00993751734495163 0.04646692052483559
v -0.039928436279296875 -0.0077683646231889725 0.04613889381289482
v -0.04199451953172684 -0.015692437067627907 0.06774482876062393
v -0.043265461921691895 -0.0167535450309515 0.06610285490751266
v -0.0443890243768692 -0.017522741109132767 0.06405661255121231
v -0.04526510462164879 -0.017933089286088943 0.06179540231823921
v -0.045861415565013885 -0.017970504239201546 0.05940786004066467
v -0.046155933290719986 -0.017633631825447083 0.056987933814525604
v -0.046137142926454544 -0.016936631873250008 0.05462845787405968
v -0.04580650106072426 -0.01590581052005291 0.052419885993003845
v -0.04517677426338196 -0.01457997877150774 0.05044625326991081
v -0.044270891696214676 -0.013010367751121521 0.04878445714712143
v -0.04314717277884483 -0.011288827285170555 0.047487229108810425
v -0.04180654138326645 -0.00941879115998745 0.0466235987842083
v -0.04031950980424881 -0.007503008469939232 0.04621864855289459
v -0.04294152185320854 -0.014724415726959705 0.06800267100334167
v -0.04446221888065338 -0.015535106882452965 0.06642994284629822
v -0.04579726979136467 -0.016090694814920425 0.06444527953863144
v -0.04683113843202591 -0.01634199172258377 0.0622284859418869
v -0.04752398282289505 -0.016280652955174446 0.05986759066581726
v -0.047850728034973145 -0.015912780538201332 0.057457733899354935
v -0.04779909551143646 -0.015248239040374756 0.05508851259946823
v -0.04737157002091408 -0.014315745793282986 0.052853818982839584
v -0.0465848371386528 -0.013149273581802845 0.05083642899990082
v -0.04546944051980972 -0.011793771758675575 0.04911627247929573
v -0.04408858343958855 -0.010333484970033169 0.04774777963757515
v -0.042454928159713745 -0.008760275319218636 0.04680309444665909
v -0.040650900453329086 -0.007168695330619812 0.04631014168262482
v -0.043675605207681656 -0.013593744486570358 0.06828785687685013
v -0.04538803547620773 -0.01410808227956295 0.06678636372089386
v -0.046890564262866974 -0.01441019494086504 0.06486755609512329
v -0.048049446195364 -0.014475611969828606 0.06270141154527664
v -0.04881606623530388 -0.014301449991762638 0.060368962585926056
v -0.04916738346219063 -0.013894569128751755 0.05796891823410988
v -0.049090467393398285 -0.013271262869238853 0.055589694529771805
v -0.048587679862976074 -0.012452022172510624 0.053327061235904694
v -0.04767904058098793 -0.011473016813397408 0.05126189440488815
v -0.04639918729662895 -0.010371333919465542 0.04947572946548462
v -0.0447985902428627 -0.009188048541545868 0.048036932945251465
v -0.04295874759554863 -0.007990123704075813 0.04699889197945595
v -0.040907345712184906 -0.006775684654712677 0.046409863978624344
v -0.04417780041694641 -0.012347552925348282 0.06859403848648071
v -0.046022869646549225 -0.012537332251667976 0.06717124581336975
v -0.04763251543045044 -0.012555195018649101 0.06531292200088501
v -0.04886917769908905 -0.012403364293277264 0.06319329887628555
v -0.04968525469303131 -0.01210299227386713 0.060893185436725616
v -0.05005202814936638 -0.01165764220058918 0.058503154665231705
v -0.04995780438184738 -0.01107888761907816 0.056114282459020615
v -0.04940533638000488 -0.010390290059149265 0.053817421197891235
v -0.04841502755880356 -0.009618742391467094 0.051702387630939484
v -0.047025084495544434 -0.008793367072939873 0.04985051229596138
v -0.045289818197488785 -0.007949121296405792 0.04833120480179787
v -0.043299317359924316 -0.007135774940252304 0.04720287024974823
v -0.041081156581640244 -0.006340177729725838 0.04651414230465889
f 4 2 1
f 8 6 5
f 13 15 14
f 17 19 18
f 32 30 29
f 36 34 33
f 37 39 38
f 21 23 20
f 25 27 24
f 41 43 42
f 48 46 45
f 52 50 49
f 53 55 54
f 60 58 57
f 29 62 61
f 66 64 63
f 67 6 68
f 72 70 69
f 76 74 73
f 77 79 78
f 81 83 82
f 59 86 85
f 88 90 89
f 96 94 93
f 100 98 97
f 101 103 102
f 106 34 87
f 108 115 107
f 117 36 118
f 124 126 125
f 131 129 128
f 132 134 133
f 142 140 139
f 148 60 147
f 144 127 124
f 149 151 150
f 156 154 153
f 159 158 157
f 116 164 105
f 171 169 168
f 174 173 172
f 179 181 180
f 186 188 187
f 194 196 195
f 199 139 198
f 206 208 207
f 213 211 210
f 202 214 201
f 96 216 54
f 92 43 44
f 97 246 100
f 250 229 228
f 252 58 253
f 258 256 255
f 260 229 259
f 110 112 113
f 114 263 109
f 265 267 266
f 56 270 269
f 274 249 250
f 185 63 64
f 280 278 276
f 285 283 157
f 288 211 212
f 141 92 46
f 289 175 176
f 148 105 106
f 312 170 171
f 238 42 43
f 318 160 317
f 310 308 307
f 241 325 324
f 160 240 317
f 47 307 308
f 108 315 164
f 345 86 119
f 348 350 349
f 356 358 357
f 355 353 352
f 363 32 362
f 149 150 176
f 364 253 365
f 366 368 367
f 183 371 63
f 163 161 160
f 209 101 208
f 378 165 166
f 379 381 380
f 383 3 4
f 284 386 385
f 387 389 388
f 391 229 249
f 73 397 396
f 405 407 406
f 203 411 410
f 414 413 412
f 1 357 4
f 277 131 275
f 254 57 58
f 358 415 351
f 417 386 408
f 401 192 420
f 419 127 143
f 421 182 422
f 103 302 409
f 428 368 174
f 380 359 356
f 62 266 323
f 140 431 430
f 357 351 348
f 356 379 380
f 415 403 434
f 437 436 435
f 438 440 439
f 188 450 449
f 452 454 453
f 265 181 421
f 224 64 225
f 237 213 427
f 275 128 458
f 281 460 459
f 50 79 461
f 73 282 281
f 468 466 465
f 390 352 359
f 482 484 483
f 489 487 486
f 493 495 494
f 472 470 469
f 502 500 499
f 220 222 223
f 512 143 66
f 518 511 80
f 513 230 286
f 205 31 244
f 189 451 188
f 163 532 8
f 533 225 251
f 446 447 412
f 335 540 334
f 544 546 545
f 329 291 292
f 199 262 238
f 385 416 550
f 532 191 247
f 363 118 243
f 236 237 250
f 578 580 579
f 573 571 570
f 561 562 272
f 241 259 240
f 590 592 591
f 545 595 594
f 503 155 504
f 606 624 623
f 478 480 479
f 646 648 647
f 590 689 684
f 564 651 650
f 728 184 727
f 714 716 715
f 692 575 693
f 541 581 578
f 346 248 400
f 161 230 160
f 128 94 95
f 698 704 703
f 574 576 575
f 290 401 328
f 630 725 726
f 733 735 734
f 755 496 493
f 759 481 760
f 757 762 761
f 764 466 467
f 768 3808 3809
f 759 488 489
f 492 475 771
f 474 769 473
f 773 465 772
f 771 486 483
f 484 775 491
f 774 489 486
f 495 764 756
f 495 761 494
f 137 784 136
f 325 797 547
f 165 51 52
f 369 29 370
f 730 568 569
f 90 301 89
f 243 516 242
f 800 806 805
f 817 808 816
f 816 823 822
f 306 447 807
f 815 809 808
f 829 828 825
f 726 501 502
f 274 424 423
f 879 881 880
f 884 879 885
f 219 217 211
f 906 904 897
f 455 205 542
f 898 830 829
f 903 880 881
f 906 897 898
f 377 519 165
f 923 948 946
f 946 951 950
f 3519 739 3517
f 900 886 880
f 225 65 144
f 182 442 422
f 809 947 824
f 954 962 961
f 927 965 966
f 885 880 886
f 925 966 967
f 343 341 340
f 965 971 968
f 968 970 969
f 972 969 973
f 963 981 978
f 336 338 339
f 992 827 828
f 810 996 959
f 1007 1002 1008
f 1012 827 1009
f 1011 1007 1008
f 294 292 291
f 907 920 919
f 1017 1019 1018
f 1020 1022 1021
f 1035 1020 1044
f 1061 1047 1046
f 1063 1046 1062
f 1044 1021 1045
f 1102 1097 1109
f 1116 1118 1117
f 1016 1014 1013
f 881 904 903
f 816 1127 817
f 1094 949 1097
f 514 167 515
f 146 81 82
f 1133 1130 1129
f 1102 1126 822
f 822 1116 816
f 1145 1148 1136
f 1076 1151 1069
f 1148 1086 1087
f 1109 1114 1136
f 1154 1156 1155
f 1153 967 1156
f 3464 463 3714
f 1144 1152 1151
f 1156 1163 1162
f 1164 1169 1165
f 1145 1176 1147
f 1114 1154 1171
f 1183 1164 1177
f 1184 1177 1185
f 1069 1062 1064
f 1023 1194 1022
f 1162 1170 1169
f 1195 1185 1191
f 1183 1176 1155
f 1201 1152 1196
f 1061 1201 1202
f 3825 843 3836
f 1203 1195 1034
f 1202 1184 1195
f 1218 1203 1217
f 1060 1202 1203
f 1225 1217 1219
f 671 694 670
f 1219 1024 1035
f 1217 1034 1024
f 1226 1015 1227
f 1243 1234 1233
f 1231 1229 1228
f 847 1233 843
f 843 1244 878
f 1233 1245 1244
f 1923 233 216
f 2100 499 500
f 3914 2135 3900
f 61 323 505
f 210 217 457
f 1299 1309 1300
f 3863 1231 3862
f 1066 1321 1322
f 1322 1228 1229
f 1060 1321 1047
f 1325 1323 1310
f 1244 1332 1330
f 1290 1242 1288
f 1337 1339 1338
f 1330 1340 1339
f 1341 1245 1294
f 1342 1332 1341
f 1343 1341 1344
f 1344 1294 1293
f 3857 1345 1346
f 1347 1342 1343
f 3856 1295 1345
f 1349 1348 1347
f 3861 1347 3853
f 3853 1343 3857
f 906 829 1353
f 905 1353 1354
f 865 1355 1357
f 1355 829 825
f 1357 825 826
f 1356 1353 1355
f 3834 1338 3833
f 866 1356 865
f 1358 1354 1356
f 3828 1337 3834
f 838 1012 841
f 1363 1338 1339
f 1368 1339 1340
f 1348 1340 1342
f 1371 3824 3829
f 524 526 523
f 528 530 527
f 1372 1369 1371
f 535 537 538
f 1367 1348 1350
f 1370 1359 1369
f 1369 3833 3824
f 1373 903 904
f 555 557 558
f 1374 910 1373
f 1373 905 1375
f 1374 1375 1376
f 1375 1354 1370
f 1378 908 1377
f 376 651 1387
f 1388 973 969
f 586 588 585
f 1390 1388 1391
f 1391 969 970
f 597 599 596
f 600 602 603
f 1392 970 979
f 608 610 607
f 612 523 611
f 614 616 613
f 617 25 24
f 620 622 619
f 1397 1391 1392
f 1398 1392 1399
f 1400 920 1378
f 1402 1165 1169
f 636 638 635
f 930 1402 929
f 641 643 644
f 929 1169 1170
f 1404 1403 1402
f 1411 1365 1406
f 1412 1415 1414
f 652 654 655
f 609 657 658
f 659 661 662
f 558 586 585
f 665 667 664
f 1413 1406 1412
f 1418 3810 3813
f 1417 1371 1416
f 1416 3829 3810
f 1419 1416 1418
f 1386 1374 1420
f 677 679 676
f 1385 1420 1421
f 1420 1376 1422
f 685 687 688
f 1421 1422 1423
f 528 691 658
f 1422 1372 1417
f 1018 747 1425
f 699 701 702
f 1424 579 1017
f 3663 1767 3660
f 700 711 712
f 1093 3754 1571
f 717 530 719
f 721 723 720
f 704 3543 3554
f 19 1426 1430
f 1429 1427 1426
f 1658 3542 3544
f 1439 1434 1438
f 1437 1435 1434
f 1426 1433 1432
f 1442 1432 1440
f 742 744 745
f 1432 1441 1440
f 751 753 750
f 1438 1403 1405
f 1446 1444 1443
f 1447 1446 1443
f 3860 1443 3848
f 1415 1445 1446
f 1414 1446 1448
f 2173 469 470
f 777 779 686
f 780 782 783
f 1676 1806 1675
f 3859 1349 3861
f 789 791 788
f 745 793 742
f 652 795 653
f 1455 1457 1456
f 1454 1350 1452
f 610 802 801
f 3831 698 703
f 1352 1045 1351
f 1015 1459 1460
f 811 813 814
f 2118 3817 2117
f 819 821 818
f 1466 1194 1190
f 1467 1465 1466
f 1182 1468 1467
f 832 833 831
f 835 837 834
f 1467 1190 1182
f 1469 1444 1445
f 840 712 690
f 1453 1469 1454
f 599 845 846
f 1226 3849 3855
f 851 853 850
f 855 856 854
f 858 860 857
f 861 863 864
f 1014 3855 3858
f 867 868 869
f 870 872 873
f 874 876 877
f 1310 1471 1309
f 1476 1427 1475
f 1461 1475 1460
f 887 889 890
f 788 892 891
f 894 896 893
f 1460 1227 1015
f 901 524 612
f 1465 1477 1464
f 1865 3500 1864
f 911 913 914
f 916 918 915
f 1850 3507 1851
f 921 895 894
f 1479 1436 1478
f 926 667 601
f 1481 563 1480
f 269 84 1482
f 931 933 916
f 934 614 869
f 936 688 937
f 938 662 939
f 1484 122 123
f 941 835 834
f 320 509 510
f 1849 3505 1850
f 84 1484 83
f 1487 1488 539
f 1757 3502 3509
f 365 1491 364
f 461 80 511
f 117 362 1496
f 1494 541 1495
f 926 957 958
f 1477 1433 1476
f 1709 1585 1700
f 119 1496 345
f 271 504 156
f 511 189 186
f 345 1492 365
f 255 344 254
f 57 299 132
f 1501 268 1500
f 267 1499 145
f 974 976 977
f 1678 1693 1676
f 3846 1807 3840
f 557 663 558
f 983 984 985
f 1443 3849 3848
f 421 268 265
f 989 991 988
f 1490 418 1504
f 279 309 310
f 997 676 679
f 998 999 875
f 1504 38 1505
f 1506 1507 1486
f 360 1508 1506
f 1506 207 360
f 939 1006 938
f 270 1483 269
f 66 546 512
f 1010 793 935
f 367 437 1509
f 244 363 243
f 1670 3534 1669
f 209 1510 226
f 235 1512 1511
f 1511 234 235
f 388 426 425
f 427 250 237
f 161 521 231
f 100 45 44
f 1025 608 1027
f 1029 1031 1028
f 939 1033 1032
f 41 594 99
f 1036 783 1037
f 702 1038 1039
f 1040 1042 1043
f 362 369 1493
f 187 477 186
f 70 539 198
f 1511 1521 234
f 1049 603 1048
f 613 869 614
f 860 1051 857
f 1005 1053 1006
f 753 1056 1054
f 1057 1059 1055
f 293 1522 292
f 288 1521 1522
f 292 1523 329
f 331 1508 1524
f 306 453 305
f 100 41 99
f 462 78 79
f 330 1524 462
f 635 1068 636
f 1485 1526 1528
f 206 1528 1510
f 1070 1072 831
f 942 1073 1074
f 916 1075 917
f 440 1530 439
f 157 1514 285
f 1529 5 1530
f 371 546 63
f 790 663 791
f 1077 857 1078
f 1403 1435 1165
f 1080 1082 1079
f 531 1529 440
f 21 1084 1085
f 272 1531 561
f 137 396 397
f 690 802 691
f 335 3567 581
f 1090 1029 1091
f 1092 794 1042
f 1533 137 138
f 661 1095 1096
f 69 445 72
f 1099 1101 1098
f 38 1536 1505
f 1104 1106 1103
f 852 1108 853
f 1377 909 1386
f 291 411 294
f 316 516 33
f 539 1533 534
f 1505 316 313
f 1110 1112 1113
f 1539 460 264
f 522 1537 1539
f 834 1120 1119
f 1122 1124 1121
f 612 1041 901
f 935 615 614
f 276 130 131
f 1686 3522 1685
f 193 1541 273
f 231 1540 287
f 556 982 557
f 365 85 345
f 190 318 1541
f 1810 3574 3528
f 3924 3512 3791
f 1132 985 1131
f 208 102 132
f 1134 662 661
f 1491 80 77
f 429 1542 147
f 1137 915 918
f 172 428 174
f 1139 1141 1142
f 549 54 55
f 1517 1518 296
f 976 1146 938
f 834 984 941
f 1543 286 115
f 1544 239 513
f 133 1544 1542
f 506 257 258
f 420 328 401
f 1158 1160 1157
f 587 1103 588
f 1513 1514 151
f 607 1027 608
f 304 1545 303
f 364 77 506
f 69 198 139
f 1006 976 938
f 700 1112 701
f 3877 3525 3787
f 1166 657 656
f 1167 858 1077
f 1300 3524 1299
f 1172 1174 1175
f 218 200 217
f 1179 1181 1178
f 372 97 98
f 89 227 88
f 1186 1188 1189
f 172 1517 1549
f 1482 81 1498
f 1090 1193 1030
f 394 353 1551
f 526 1198 1197
f 811 858 812
f 1199 1026 1025
f 606 697 696
f 1204 1206 743
f 1207 523 526
f 1209 867 613
f 914 685 936
f 1478 1441 1477
f 1029 1161 1091
f 1211 1213 1214
f 3858 1451 3859
f 844 1216 845
f 423 273 274
f 1220 1222 1083
f 22 1224 23
f 882 897 881
f 1519 173 387
f 1189 1232 1178
f 349 550 416
f 1071 1236 1072
f 1237 1239 745
f 1221 1189 1240
f 1510 1512 333
f 939 1241 1005
f 1556 5 67
f 1553 394 1551
f 404 67 347
f 1247 1249 1246
f 142 238 92
f 1251 635 1250
f 850 1253 851
f 1254 1077 1255
f 57 133 429
f 443 552 551
f 1187 1175 1188
f 1256 831 833
f 432 382 383
f 741 747 746
f 434 351 415
f 349 383 348
f 251 1481 1480
f 395 352 353
f 1518 1550 1551
f 1558 378 340
f 109 314 315
f 285 1513 407
f 395 393 392
f 202 410 1558
f 417 405 432
f 1246 1258 1247
f 3 297 2
f 1259 1261 1262
f 403 347 284
f 955 953 952
f 462 51 330
f 1096 687 1263
f 429 60 57
f 896 1265 932
f 1267 1268 1266
f 423 327 420
f 37 180 40
f 20 1187 1186
f 1256 1071 1070
f 155 156 504
f 1188 1269 1232
f 1236 1271 1262
f 1272 535 621
f 565 463 464
f 1273 745 1239
f 876 1255 1274
f 316 164 315
f 437 503 1509
f 194 1495 197
f 1275 864 863
f 624 631 630
f 1277 1137 1278
f 569 567 566
f 1481 125 366
f 324 547 326
f 1279 1107 1280
f 1525 329 1523
f 1281 1137 918
f 171 1553 1552
f 1488 396 1533
f 1557 1562 1559
f 1282 1206 1205
f 1053 1278 1281
f 778 607 1283
f 713 3566 3569
f 251 144 124
f 4 348 383
f 709 707 706
f 728 45 246
f 261 1563 544
f 789 1287 790
f 74 263 282
f 403 385 434
f 1178 1240 1189
f 1223 1289 1224
f 158 150 151
f 1220 1186 1221
f 296 354 433
f 784 1538 1566
f 1181 1291 1222
f 1269 1257 1246
f 1566 438 399
f 136 1566 1564
f 1563 169 1565
f 107 109 108
f 1297 1298 1296
f 1464 1476 1461
f 1520 507 508
f 1301 1303 1304
f 1306 1308 1305
f 175 1532 272
f 1532 200 201
f 1311 1312 1313
f 872 1315 1316
f 1317 1318 1319
f 3836 878 3828
f 1305 864 1276
f 1040 863 1320
f 1564 399 169
f 592 1575 591
f 591 1088 689
f 1581 1583 1582
f 1196 1147 1176
f 710 583 713
f 285 408 386
f 953 961 963
f 1594 1589 1593
f 1585 1587 1586
f 1592 1590 1589
f 3885 944 3899
f 1600 1598 1597
f 1604 1602 1601
f 1399 979 980
f 1589 1596 1595
f 1610 1608 1607
f 298 361 360
f 551 276 277
f 1627 3814 3819
f 859 818 860
f 1078 1328 1329
f 1555 1530 1556
f 572 680 681
f 772 776 774
f 977 918 917
f 404 392 393
f 1054 750 753
f 1644 1643 1642
f 932 1082 933
f 1067 1334 1068
f 1540 264 114
f 597 643 1336
f 471 762 470
f 1642 3831 3842
f 1644 3842 3843
f 923 950 927
f 96 548 95
f 520 522 521
f 445 443 442
f 849 848 842
f 480 755 493
f 1646 481 1639
f 311 1567 170
f 464 3497 3495
f 3497 1361 3495
f 234 236 235
f 190 192 191
f 153 152 149
f 231 286 230
f 1552 1551 1550
f 760 1648 488
f 3832 1649 3830
f 828 826 825
f 52 166 165
f 1663 1661 1660
f 287 115 286
f 668 670 669
f 634 640 639
f 553 559 554
f 118 33 516
f 492 491 490
f 3552 1651 3553
f 582 584 583
f 384 392 415
f 1381 1383 1380
f 1562 435 436
f 952 951 947
f 3529 583 584
f 1660 1667 1666
f 1394 1396 1393
f 1660 1664 1663
f 1671 1669 1668
f 1624 1673 1672
f 1407 1409 1410
f 1677 1675 1674
f 1613 1677 1625
f 1679 1676 1677
f 1626 3811 3814
f 534 198 539
f 176 150 159
f 803 734 800
f 400 191 192
f 65 143 144
f 3526 1656 3540
f 402 157 283
f 629 627 626
f 461 49 50
f 758 495 756
f 796 786 785
f 406 1513 1560
f 342 166 167
f 1694 1658 1695
f 1692 1694 1696
f 3557 1652 3552
f 3921 1703 3923
f 326 302 90
f 3916 1702 1706
f 3919 1698 1701
f 1699 3927 3918
f 1557 1560 1561
f 1127 1117 1128
f 400 289 346
f 1706 1707 1708
f 1707 1599 1600
f 1709 1708 1588
f 1714 1711 1713
f 3919 1709 1700
f 1704 1577 1703
f 1716 1713 1715
f 1559 1549 297
f 1722 1720 1719
f 1335 596 1489
f 410 377 378
f 973 1163 972
f 168 399 398
f 1571 1089 1093
f 1572 682 1571
f 749 647 754
f 1730 1723 1729
f 1594 1729 1592
f 1729 1591 1592
f 1731 1730 1583
f 1384 1377 1379
f 1732 1712 1714
f 1724 1731 1732
f 1712 1731 1580
f 1722 1732 1733
f 1721 1733 1734
f 1734 1716 1717
f 1735 1736 1697
f 1733 1714 1716
f 1663 1741 1668
f 1742 1740 1743
f 1738 1737 1735
f 1665 1666 1740
f 1665 1744 1664
f 1725 1746 1745
f 1591 1745 1590
f 1590 1747 1596
f 1745 1748 1747
f 1659 3538 3542
f 3287 3545 3282
f 1185 1182 1190
f 1664 1749 1741
f 1741 1739 1738
f 1746 1743 1748
f 1726 1742 1746
f 1153 924 925
f 1115 1153 1154
f 1654 3575 1655
f 1896 3549 1686
f 1720 1744 1726
f 1721 1749 1720
f 1750 1701 1698
f 1697 1750 1696
f 1151 1063 1062
f 1751 1670 1671
f 1695 1752 1751
f 961 986 981
f 1770 1768 1767
f 1766 1593 1765
f 1731 1579 1580
f 1579 1774 1578
f 3928 1771 3929
f 1764 3928 3917
f 1777 1775 1774
f 3762 1699 1700
f 1004 1128 1003
f 1774 1771 1772
f 987 1399 980
f 1578 1772 1764
f 1783 1781 1778
f 1597 1770 1767
f 639 3895 3884
f 3928 1769 1770
f 1793 1789 1788
f 3929 1798 1769
f 3508 3773 1806
f 1802 3924 3922
f 1788 1794 1793
f 1793 1795 1776
f 3773 1675 1806
f 1584 1783 1789
f 1771 3920 3929
f 1801 1798 1800
f 1768 1798 1799
f 1775 1797 1771
f 508 515 1520
f 1796 1802 1797
f 1800 3920 3922
f 1794 1804 1795
f 3532 1752 3547
f 485 1807 775
f 3809 1640 768
f 3837 1810 1653
f 485 1640 1808
f 1690 3770 3772
f 487 1648 1811
f 3839 1816 3822
f 3838 1648 3830
f 3839 1811 3838
f 1812 487 1811
f 1641 767 768
f 465 755 776
f 767 3823 3808
f 3822 3826 3847
f 1809 1815 767
f 3837 1651 3840
f 675 3541 3496
f 1814 1822 1821
f 1821 3821 3820
f 1824 1649 1825
f 1827 1850 1805
f 1668 1662 1663
f 1779 1848 1828
f 1790 1805 1794
f 1833 1853 1852
f 3521 693 575
f 1614 1616 1617
f 1852 3498 3501
f 1620 1622 1623
f 1855 1574 1861
f 1847 3501 3513
f 1766 1855 1782
f 1629 1631 1628
f 1633 1634 1632
f 1635 1637 1638
f 1848 1852 1847
f 1855 1863 1862
f 1803 1867 1802
f 1862 1831 1832
f 1782 1862 1781
f 3922 1865 1800
f 1873 1870 1869
f 1874 799 804
f 2045 3897 2044
f 1219 1295 1225
f 1615 1396 1395
f 3884 1877 1876
f 645 3786 3559
f 1345 1035 1346
f 634 3884 3880
f 15 1327 14
f 3910 1878 1893
f 1894 605 1893
f 3506 627 693
f 3560 645 3559
f 340 454 1558
f 1897 195 1898
f 1889 1877 1890
f 1901 129 1900
f 196 754 232
f 1705 3921 3916
f 340 166 343
f 1570 563 561
f 1904 194 1897
f 1781 1832 1780
f 1905 55 1906
f 1000 995 996
f 986 920 987
f 1191 1190 1194
f 2094 2075 2093
f 1920 1919 1915
f 453 1912 1911
f 1915 1918 1916
f 3882 2106 3901
f 1655 3531 1868
f 1916 1926 1925
f 704 3561 703
f 278 1925 1900
f 3565 1818 1820
f 1097 1115 1114
f 1927 727 1923
f 3578 3654 3758
f 1920 307 1929
f 1929 48 728
f 503 1497 1509
f 1902 787 796
f 1816 3820 3826
f 1925 1923 1924
f 1535 1568 1534
f 254 258 255
f 1509 366 367
f 119 35 36
f 219 293 294
f 141 47 431
f 542 244 245
f 1940 430 431
f 1779 1827 1790
f 1701 3915 3919
f 1661 3515 1667
f 270 754 647
f 197 749 196
f 1727 1212 1211
f 53 232 754
f 1465 1479 1478
f 1284 3854 1293
f 1951 412 413
f 168 1554 1553
f 1486 206 207
f 506 78 361
f 994 1007 993
f 951 963 964
f 1013 3861 1351
f 3826 1820 1818
f 1498 1954 1482
f 299 543 132
f 1754 1756 1753
f 1681 1683 1682
f 1696 1695 1697
f 13 738 737
f 473 475 474
f 482 768 1640
f 204 30 205
f 1761 820 819
f 611 1125 612
f 1501 1908 1909
f 1074 711 699
f 1960 82 83
f 120 1960 123
f 35 87 34
f 1773 1025 1031
f 1965 1569 1535
f 494 471 479
f 1966 1969 1968
f 446 1971 1967
f 174 125 126
f 1580 1578 1577
f 1785 1787 1784
f 1972 304 305
f 1254 875 999
f 1973 342 514
f 321 1973 509
f 1910 275 1907
f 509 514 508
f 1486 1527 1485
f 1974 804 1975
f 1977 1974 1978
f 1980 1966 1981
f 379 2 295
f 1718 1710 1701
f 884 992 883
f 1680 1678 1679
f 902 525 524
f 344 256 299
f 135 137 136
f 236 228 333
f 448 1967 1966
f 589 604 584
f 910 908 907
f 1981 1968 1987
f 1982 1987 1979
f 1988 1987 1989
f 1990 1989 1991
f 1991 1993 1992
f 322 320 319
f 992 830 883
f 1144 1086 1143
f 1995 1978 1994
f 1133 1118 1126
f 1997 1994 1996
f 870 1335 1489
f 805 1982 1998
f 727 2000 1999
f 1996 1988 1990
f 1994 1979 1988
f 1829 792 1273
f 1830 941 983
f 798 800 799
f 729 731 730
f 2011 2023 2022
f 1834 846 1159
f 402 284 347
f 2022 2024 2025
f 1838 989 988
f 810 952 809
f 1823 1840 644
f 1430 1432 1431
f 1215 1841 1079
f 149 176 177
f 1316 873 872
f 2112 1384 2106
f 1842 1844 1845
f 1159 845 1160
f 837 1846 1120
f 1971 2030 2027
f 517 370 189
f 858 833 812
f 1471 2027 1888
f 3551 626 627
f 2174 770 490
f 935 1854 1010
f 1613 1611 1618
f 1231 1225 1295
f 1856 891 892
f 1300 748 741
f 1150 1858 1859
f 1643 696 1642
f 1215 1264 1216
f 1320 902 901
f 1956 1944 1960
f 2031 669 1474
f 2034 1310 1299
f 1879 1656 1657
f 40 242 39
f 1992 2039 1456
f 888 957 889
f 1882 1996 1990
f 1078 1255 1077
f 1871 1192 1090
f 294 218 219
f 1323 2026 1471
f 123 83 1484
f 1324 2041 1323
f 384 359 352
f 1324 2038 2036
f 1883 1885 1829
f 287 114 107
f 1096 1134 661
f 915 931 916
f 806 1981 1982
f 3533 584 604
f 1425 2042 1018
f 1018 1948 1017
f 3562 740 3519
f 1948 649 646
f 1881 1990 1991
f 1900 130 278
f 992 994 993
f 923 925 924
f 3878 2047 3876
f 1643 625 606
f 2050 2051 2049
f 2045 1404 2047
f 3876 945 3885
f 1139 1079 1841
f 1037 892 982
f 2055 2057 2056
f 1198 718 717
f 1619 1612 1611
f 2058 1606 2059
f 2059 1607 2058
f 2058 1624 1605
f 71 179 37
f 405 1557 382
f 976 1006 977
f 322 1972 1911
f 2061 2063 2062
f 2066 2067 1825
f 2052 2064 2051
f 1609 2066 1647
f 1515 152 1516
f 1009 993 1007
f 1644 3815 2118
f 279 1916 278
f 1285 3862 1284
f 1647 1825 1649
f 2056 2067 2065
f 319 1953 1952
f 667 1913 1914
f 2070 625 2048
f 2052 2055 2063
f 2038 1655 1458
f 1606 2073 2072
f 1235 1270 1236
f 2072 2075 2074
f 2059 2072 2062
f 2074 2077 2076
f 1601 2078 2073
f 2049 1643 1645
f 1000 1001 994
f 1089 684 689
f 1931 1306 1930
f 1462 1021 1022
f 1932 1934 1935
f 875 1846 998
f 1936 1937 1938
f 44 46 92
f 1534 1956 120
f 1541 317 391
f 2081 2084 2083
f 146 1959 300
f 1360 1942 1361
f 985 1032 1033
f 1995 1892 2043
f 2079 2082 2081
f 2095 2076 2077
f 2081 2078 2079
f 2055 2054 2053
f 501 2095 500
f 2097 2099 2098
f 2098 2094 2083
f 2140 3893 3866
f 2141 3894 3893
f 2051 2048 2049
f 592 2101 1576
f 2071 2076 2096
f 2102 2098 2101
f 593 2102 592
f 1019 746 747
f 1950 12 1327
f 725 2096 501
f 1385 2104 1379
f 1379 2106 1384
f 2107 2100 2097
f 3908 502 3896
f 3896 499 3901
f 940 2109 944
f 928 1170 973
f 3868 684 3899
f 1962 1964 1961
f 3878 573 3897
f 2039 1968 1969
f 1389 2110 2109
f 1398 2113 1397
f 3757 3753 3743
f 3911 2107 2103
f 949 924 1115
f 260 324 326
f 1390 2113 2110
f 2070 2064 2071
f 3867 2103 593
f 2105 1421 2114
f 2114 1423 2115
f 3892 2115 3903
f 3908 2114 3892
f 554 1902 553
f 972 967 966
f 1765 1573 1574
f 1984 1986 1983
f 2053 2069 2057
f 3573 724 714
f 1625 1674 1673
f 3881 2119 2122
f 3903 2123 3904
f 56 1906 55
f 626 3879 629
f 2001 2003 2004
f 3912 2127 3907
f 2006 2008 2009
f 2127 1412 2128
f 2014 2016 2017
f 2018 2020 2021
f 1495 1947 197
f 1379 1386 1385
f 3814 1680 1618
f 2029 1884 2028
f 3902 2120 3887
f 629 3914 3872
f 682 943 1089
f 724 2121 716
f 1757 3821 3845
f 765 3844 3809
f 3851 715 3852
f 706 3870 3872
f 981 987 980
f 1457 1656 1880
f 2017 2032 2033
f 1458 1868 1457
f 1776 1792 1793
f 1959 1946 1958
f 3663 3725 3661
f 3913 2122 3850
f 1093 689 1088
f 966 968 972
f 3852 3881 3913
f 2172 2170 2171
f 670 2137 669
f 3761 1903 233
f 1429 28 1449
f 964 978 971
f 3841 1413 2127
f 1473 669 2137
f 3834 1359 1358
f 2138 1870 2137
f 1872 2137 1870
f 715 3888 3881
f 1881 1992 1880
f 3843 739 740
f 1837 3513 3514
f 253 59 85
f 1808 3840 1807
f 1647 3818 1609
f 3865 671 668
f 2112 3883 2111
f 1405 2044 1438
f 3829 1364 1366
f 273 391 249
f 576 3520 3555
f 3875 668 2031
f 1430 2140 2139
f 2136 3860 28
f 1430 18 19
f 3893 570 695
f 1442 2046 2141
f 1431 2141 2140
f 3869 3850 2136
f 3808 1817 766
f 3866 695 671
f 2142 798 2138
f 571 2142 694
f 3819 1618 1611
f 2143 2025 2142
f 694 2138 670
f 681 2144 572
f 2144 2022 2143
f 328 457 290
f 1572 2011 2144
f 630 3903 624
f 2085 2087 2088
f 2090 2092 2089
f 572 2143 571
f 1875 2153 2149
f 1873 2149 2154
f 2103 2097 2102
f 2157 2155 2156
f 2128 1414 2120
f 3874 589 582
f 3872 628 629
f 2149 2158 2159
f 2159 3905 3890
f 698 3902 705
f 3823 3827 1817
f 2158 3874 3905
f 1438 2046 1439
f 2035 2160 2161
f 2161 3889 3886
f 3871 605 589
f 3873 18 3875
f 370 61 451
f 649 413 648
f 2153 2156 2158
f 1428 1449 1450
f 1490 73 1488
f 3890 710 633
f 2155 3891 3871
f 1456 1880 1992
f 2125 2087 2124
f 2160 3890 3889
f 300 505 323
f 1064 1046 1065
f 2043 1891 2155
f 2129 2004 2003
f 2131 2133 2134
f 3848 1450 1449
f 1998 804 805
f 3879 3864 3914
f 474 490 770
f 1164 1182 1177
f 707 3909 3870
f 708 2162 707
f 2162 3886 3909
f 548 1905 458
f 1145 1114 1171
f 705 1650 704
f 2043 1977 1995
f 737 554 559
f 1034 1191 1023
f 458 1907 275
f 195 232 233
f 2040 1969 1970
f 2145 2147 2148
f 2054 2049 1645
f 3832 1639 3818
f 9 11 10
f 252 506 258
f 472 479 471
f 1865 3791 3503
f 900 910 907
f 1941 2151 1942
f 1921 1927 1919
f 2163 1898 2116
f 271 153 178
f 1904 12 9
f 282 264 460
f 1872 2154 2035
f 1326 1897 2163
f 628 693 627
f 1724 1719 1723
f 1549 436 172
f 1582 1730 1729
f 1921 1929 1928
f 3563 10 11
f 2152 1950 1949
f 475 774 771
f 769 2171 473
f 2171 476 473
f 476 772 475
f 1791 464 1760
f 2166 2168 2169
f 595 372 98
f 483 1641 482
f 762 2173 470
f 771 484 492
f 486 1809 483
f 297 1517 296
f 763 2174 762
f 776 759 489
f 184 2176 2000
f 412 303 414
f 2005 185 224
f 3811 1682 3846
f 2164 756 764
f 1472 2161 2162
f 950 964 965
f 2177 2179 2180
f 227 1510 333
f 764 467 2164
f 2182 2184 2181
f 2186 2018 2185
f 1985 2181 1986
f 214 729 1531
f 1545 1546 1569
f 865 842 866
f 849 1357 1362
f 452 1558 454
f 559 3188 737
f 16 737 3188
f 560 498 374
f 3193 3195 3194
f 3200 3198 3199
f 3211 3213 3212
f 3215 3217 3216
f 2187 2002 2001
f 2169 2189 2190
f 2192 2085 2191
f 2193 2195 2196
f 2198 2200 2197
f 1998 1979 1975
f 3664 3668 3671
f 2116 1903 1902
f 1859 2009 1150
f 3904 2126 3906
f 1135 1087 1130
f 2201 2015 2014
f 1149 110 1858
f 3221 3218 3215
f 2203 2205 2206
f 579 1895 1019
f 1755 2208 1756
f 3891 1893 605
f 1211 2150 1727
f 868 2210 2209
f 944 930 940
f 2130 2202 2201
f 233 1898 195
f 665 750 666
f 1167 999 618
f 2211 2213 2214
f 2215 2217 2218
f 3867 590 3868
f 2220 220 2219
f 823 948 1094
f 3225 3227 3226
f 266 455 265
f 3882 2107 3883
f 2221 3519 3517
f 2223 2225 2226
f 2207 2124 2208
f 673 3869 3864
f 817 996 815
f 2227 2146 2145
f 1947 646 749
f 3900 17 3873
f 2229 1638 1381
f 1679 1618 1680
f 1637 2232 2230
f 2233 1617 1616
f 2231 2236 2237
f 1381 2238 1382
f 3586 2242 3587
f 1630 2233 1631
f 1681 472 469
f 1408 2243 2244
f 3236 3238 3237
f 3232 3240 3235
f 1637 2238 1638
f 3237 3233 3234
f 1409 1634 2245
f 1380 2247 2246
f 1628 2245 1621
f 2249 1622 1633
f 1632 1408 2244
f 2248 1631 2250
f 2235 1637 1636
f 3245 3199 3198
f 631 2071 725
f 515 52 49
f 782 2251 1251
f 2253 2255 2252
f 397 459 784
f 1456 2040 1455
f 2040 2036 1455
f 1401 2111 1398
f 2041 1970 2026
f 1535 414 1965
f 1586 2080 2079
f 2256 1132 1886
f 1700 3918 3919
f 3815 1686 3817
f 1263 1886 1096
f 598 844 599
f 2257 2259 2260
f 2258 2262 2259
f 2259 2263 2216
f 2260 2216 2215
f 1967 1970 1969
f 2212 1963 2213
f 922 2218 2217
f 1312 1101 2264
f 1307 1286 789
f 1548 1546 1972
f 2266 2268 2265
f 2265 2270 2269
f 2272 2269 2271
f 2273 2265 2272
f 2275 2277 2274
f 2278 2277 2279
f 2284 3617 3639
f 2287 2286 2281
f 2288 2283 2287
f 2290 3639 3620
f 2291 2293 2294
f 2295 2294 2279
f 2296 2291 2295
f 2297 2292 2291
f 2294 2299 2300
f 2279 2300 2278
f 2298 2302 2292
f 2292 2303 2293
f 2293 2304 2299
f 2304 2306 2299
f 2306 2300 2299
f 2308 2310 2307
f 2302 2310 2303
f 2301 2307 2302
f 2312 2307 2311
f 2313 2315 2316
f 2318 2320 2317
f 3748 2322 2323
f 2324 2273 2326
f 2313 2326 2327
f 2328 2313 2316
f 2329 2324 2328
f 2331 2333 2330
f 2330 2267 2266
f 2325 2266 2273
f 2329 2330 2325
f 2333 2335 2267
f 2336 2333 2332
f 2338 2332 2337
f 2331 2337 2332
f 2329 2339 2331
f 2328 2340 2329
f 2316 2341 2328
f 2342 2315 2343
f 2344 2346 2347
f 2341 2347 2340
f 2342 2344 2341
f 2348 2345 2344
f 2350 2352 2353
f 2339 2353 2337
f 2340 2350 2339
f 2347 2351 2350
f 2337 2354 2338
f 2353 2355 2354
f 2356 2276 2357
f 2356 2358 2359
f 2356 2296 2295
f 2279 2356 2295
f 2360 2270 2268
f 2267 2360 2268
f 2362 2364 2365
f 2362 2361 2358
f 2366 2358 2357
f 2366 2363 2362
f 2357 2368 2366
f 2366 2369 2367
f 2276 2370 2368
f 2368 2282 2369
f 2372 2374 2371
f 2375 2377 2007
f 2378 2380 2381
f 2382 2381 2383
f 2384 2378 2382
f 2385 2379 2378
f 2388 2390 2387
f 2387 2392 2391
f 2393 2387 2391
f 2394 2388 2387
f 2186 2402 2400
f 2403 2327 2326
f 2272 2326 2273
f 2271 2403 2272
f 2405 2404 2403
f 2404 2408 2327
f 2409 2411 2412
f 2409 2271 2269
f 2413 2269 2270
f 2413 2410 2409
f 2417 2416 2418
f 2417 2406 2405
f 2412 2405 2271
f 2411 2417 2412
f 2406 2407 2404
f 3569 632 713
f 2420 2397 2421
f 2420 2423 2422
f 2424 2422 2419
f 2424 2398 2420
f 2425 2392 2426
f 2421 2426 2423
f 2397 2425 2421
f 2396 2391 2425
f 2427 2315 2314
f 2427 2408 2428
f 2430 2428 2429
f 2343 2427 2430
f 2432 2430 2431
f 2431 2429 2433
f 2435 2433 2434
f 2436 2431 2435
f 2428 2407 2437
f 2422 2407 2419
f 2438 2422 2423
f 2429 2437 2438
f 2440 2433 2439
f 2441 2433 2429
f 2442 2439 2441
f 2443 2440 2439
f 2445 2444 2443
f 2447 2443 2442
f 2383 2445 2447
f 2381 2446 2445
f 2448 2423 2426
f 2449 2426 2392
f 2441 2449 2442
f 2441 2438 2448
f 2449 2390 2450
f 2450 2389 2451
f 2447 2451 2383
f 2442 2450 2447
f 2451 2453 2452
f 2452 2455 2454
f 2382 2454 2384
f 2383 2452 2382
f 2456 2373 2372
f 2459 2461 2458
f 2463 2465 2462
f 2462 2285 2284
f 2466 2284 2290
f 2467 2462 2466
f 2461 3703 3701
f 2468 2470 2471
f 2472 2471 2473
f 2474 3701 3688
f 2475 2477 2478
f 2458 2453 2479
f 2479 2389 2388
f 2395 2479 2388
f 2480 2458 2479
f 2481 2483 2478
f 2484 2485 221
f 2471 2464 2463
f 2473 2463 2467
f 2487 2466 2486
f 2486 2290 2488
f 2490 2488 2489
f 2491 2486 2490
f 2492 2467 2487
f 2493 2487 2491
f 2494 2492 2493
f 2495 2473 2492
f 3690 2474 3688
f 3691 2496 3690
f 2498 2493 2499
f 2500 2499 2501
f 3700 2498 2500
f 3687 2494 2498
f 2306 2278 2300
f 2305 2504 2306
f 2504 2507 2506
f 2506 2288 2508
f 2274 2508 2275
f 2278 2506 2274
f 3633 2489 2488
f 3620 2488 2290
f 2507 2289 2288
f 2505 2509 2507
f 2508 2287 2511
f 2511 2281 2280
f 2370 2280 2282
f 2275 2511 2370
f 2512 2489 2513
f 2514 2513 2515
f 2517 2514 2516
f 2517 2490 2512
f 2499 2491 2517
f 2499 2516 2501
f 2510 2519 2518
f 2518 2521 2520
f 3616 2520 3621
f 3632 2518 3616
f 2522 2303 2310
f 2523 2310 2309
f 2305 2522 2524
f 2524 2523 2525
f 2519 2525 2521
f 2505 2524 2519
f 2308 2527 2526
f 2526 2529 2528
f 2531 2528 2530
f 2309 2526 2531
f 1214 2151 1211
f 2419 2418 2424
f 2533 2349 2317
f 2534 2317 2320
f 2535 2533 2534
f 2536 2345 2533
f 2537 2346 2536
f 2538 2536 2535
f 2539 2537 2538
f 2540 2351 2537
f 2312 2541 2527
f 2527 2542 2529
f 2543 2434 2544
f 2545 2544 2546
f 2319 2543 2545
f 2318 2435 2543
f 2514 2548 2547
f 2547 2550 2549
f 2552 2549 2551
f 2552 2514 2547
f 2520 2554 2553
f 2553 2556 2555
f 3590 2555 3593
f 3621 2553 3590
f 2523 2531 2557
f 2557 2530 2558
f 2525 2557 2559
f 2559 2558 2560
f 2554 2560 2556
f 2521 2559 2554
f 2561 2007 2006
f 2376 2225 2377
f 2564 2566 2563
f 2563 338 2567
f 2569 2567 2568
f 2570 2563 2569
f 2572 2574 2571
f 2571 2576 2575
f 2544 2575 2546
f 2544 2572 2571
f 2578 2569 2577
f 2579 2569 2568
f 2574 2579 2576
f 2573 2577 2574
f 2581 2583 2580
f 2584 2583 2585
f 3697 2580 2584
f 3676 2580 3675
f 2582 2552 2583
f 2583 2551 2585
f 2500 2589 2588
f 2590 2589 2591
f 3693 2588 2590
f 3695 2500 2588
f 2501 2591 2589
f 2592 2594 2595
f 2386 2503 2502
f 2596 2386 2374
f 2596 2373 2597
f 2599 2597 2598
f 2599 2379 2596
f 2600 2380 2599
f 2600 2598 2601
f 2603 2601 2602
f 2603 2446 2600
f 2604 2602 2605
f 2440 2605 2434
f 2444 2604 2440
f 2606 2581 2607
f 2606 2590 2591
f 2591 2582 2606
f 3676 2456 3689
f 3689 2372 3693
f 2478 2608 2481
f 2609 2611 2199
f 2564 2613 2612
f 2612 2598 2597
f 2457 2597 2373
f 2565 2612 2457
f 2614 2570 2578
f 2615 2578 2573
f 2602 2614 2615
f 2601 2613 2614
f 2572 2605 2616
f 2616 2602 2615
f 2573 2616 2615
f 1459 1045 1021
f 1265 1079 1082
f 1612 1609 1611
f 2067 2069 2068
f 1135 1136 1148
f 1938 2618 2617
f 95 458 128
f 2058 1608 1612
f 1454 1445 1367
f 655 1048 2619
f 722 2621 723
f 1131 1033 1134
f 562 366 1497
f 1723 1725 1591
f 1786 1122 1787
f 267 323 266
f 1325 1654 2038
f 1468 1435 1479
f 658 529 528
f 8 247 7
f 382 1559 3
f 788 1307 789
f 940 929 928
f 911 2623 912
f 2621 655 654
f 2624 2625 2626
f 998 27 26
f 635 2626 2625
f 2627 644 1840
f 2628 1840 2629
f 1200 2627 2628
f 1199 641 2627
f 1520 49 477
f 1452 1349 1451
f 2630 1859 1858
f 644 1335 1823
f 1197 717 2632
f 2632 719 1166
f 2628 1166 1200
f 2629 2632 2628
f 1762 1050 821
f 1823 873 1839
f 2634 794 652
f 1028 1027 1161
f 1042 2635 1043
f 93 1901 1924
f 2036 1458 1455
f 1527 1525 1526
f 877 1274 1277
f 134 797 1544
f 1328 931 1329
f 607 1091 1161
f 1043 2637 2636
f 2636 2639 2638
f 1275 2638 1276
f 1275 1043 2636
f 1272 2626 2640
f 2640 638 637
f 1110 2640 637
f 536 2640 2641
f 1472 1474 1473
f 2042 1951 649
f 1058 1105 1059
f 2642 2643 2644
f 1192 2644 1193
f 912 2642 1192
f 3898 3526 3786
f 1049 2620 2621
f 616 1885 613
f 1331 666 750
f 990 1198 525
f 1911 321 322
f 1298 1205 2645
f 76 1504 75
f 1502 421 422
f 610 658 691
f 1146 659 938
f 2646 914 936
f 1280 1238 1279
f 975 2647 2648
f 2647 975 974
f 1453 1452 1451
f 1514 158 151
f 835 1843 1842
f 1271 1173 1289
f 2649 813 2650
f 1893 1826 1894
f 1050 1937 1051
f 2651 814 813
f 1006 1281 977
f 2653 2654 2655
f 1001 1003 1002
f 585 679 558
f 2624 621 620
f 555 2028 556
f 1207 1197 2629
f 1626 478 472
f 426 419 1567
f 1030 1773 1031
f 3898 634 3880
f 534 138 262
f 1125 1042 1041
f 333 88 227
f 569 561 730
f 1489 871 870
f 1857 620 891
f 1673 3770 3763
f 622 864 1308
f 2647 974 2657
f 619 891 620
f 261 545 262
f 393 1556 404
f 2658 2647 2657
f 1075 2657 917
f 1081 2658 1075
f 1080 2659 2658
f 2644 1141 2660
f 2660 1140 1336
f 642 1336 643
f 1193 2660 642
f 679 555 558
f 1503 1500 1502
f 1318 1101 1100
f 2661 1139 1142
f 2661 2663 2662
f 2662 2659 2661
f 2662 2622 2664
f 2664 911 2646
f 2648 2646 1146
f 2648 2662 2664
f 2083 2093 2081
f 1442 1437 1439
f 519 330 51
f 1885 1209 613
f 799 805 804
f 1946 1952 1953
f 1302 1253 1252
f 566 224 533
f 1389 928 1388
f 683 681 680
f 836 1842 2665
f 2665 1845 1303
f 2666 1303 1302
f 24 2665 2666
f 831 2650 832
f 1845 1304 1303
f 2010 2012 2011
f 1051 2667 2668
f 1522 1511 1523
f 531 441 522
f 782 1251 1250
f 1250 2625 2669
f 2669 1857 1856
f 783 1856 1037
f 782 2669 783
f 720 2671 721
f 1055 1930 1056
f 1333 1251 2251
f 619 1308 1307
f 652 2619 2634
f 521 1539 1540
f 1838 537 2672
f 2672 536 2641
f 1113 2641 1110
f 1113 1838 2672
f 1016 1351 1045
f 3897 570 3894
f 226 104 101
f 3564 3827 1818
f 1036 1884 1883
f 2674 1304 2673
f 2673 1844 2675
f 1334 2675 1039
f 1333 2673 1334
f 2676 1039 2675
f 1843 2675 1844
f 942 2676 1843
f 1074 702 2676
f 811 859 858
f 752 1055 753
f 1200 656 1026
f 1120 874 2677
f 2677 877 1052
f 1241 1052 1005
f 1119 2677 1241
f 1560 151 1515
f 1208 611 523
f 215 736 214
f 1460 1462 1461
f 1208 1839 873
f 854 1282 1297
f 72 182 179
f 544 1565 512
f 217 456 457
f 2047 930 945
f 1204 1937 2633
f 913 686 685
f 840 1113 1112
f 1531 730 561
f 2678 1283 801
f 601 1914 602
f 1537 459 460
f 1819 3509 3527
f 991 862 538
f 2679 1073 1830
f 2680 983 2256
f 779 2256 1263
f 778 2680 779
f 2678 1830 2680
f 180 245 40
f 1886 1131 1134
f 1138 1274 1255
f 1841 1140 1139
f 75 314 74
f 193 420 192
f 2681 1099 1098
f 170 1565 169
f 349 417 432
f 1121 2684 2683
f 547 409 302
f 123 121 120
f 2643 1142 1141
f 1542 513 1543
f 899 907 919
f 1210 676 867
f 791 982 892
f 24 837 836
f 893 932 931
f 1860 863 862
f 535 862 861
f 832 813 812
f 2650 813 832
f 1569 1547 1568
f 181 542 180
f 660 937 688
f 2013 568 2012
f 887 2631 2630
f 1524 361 78
f 520 162 1529
f 2653 854 2685
f 1238 2655 2686
f 718 527 530
f 1492 518 1491
f 792 615 793
f 599 1835 596
f 290 456 175
f 312 1552 425
f 1248 1179 1249
f 153 177 178
f 1240 1222 1221
f 1257 1235 1071
f 1291 1083 1222
f 1052 1277 1053
f 743 2618 1204
f 444 430 443
f 23 1172 1187
f 2687 1180 1179
f 102 409 134
f 1283 610 801
f 373 650 651
f 1180 1084 1291
f 855 2655 1237
f 1173 1917 1174
f 2689 853 2688
f 2688 1108 1279
f 2686 1279 1238
f 2687 2688 2686
f 2691 1252 2690
f 2690 850 2689
f 1248 2689 2687
f 1248 2691 2690
f 2692 24 2666
f 2691 2666 1302
f 1247 2692 2691
f 1258 617 2692
f 394 1555 393
f 2693 1259 1223
f 1072 1262 1261
f 1257 1168 1258
f 398 1555 1554
f 871 1314 872
f 1178 1249 1179
f 1224 1173 1172
f 1010 2618 742
f 1175 1292 1269
f 2654 2686 2655
f 2694 1216 1264
f 71 1487 70
f 701 1111 1038
f 1072 2649 2650
f 1085 22 21
f 895 1264 896
f 1601 1605 1604
f 1259 1271 1289
f 21 1220 1083
f 988 538 537
f 598 1336 1140
f 820 1762 821
f 1050 818 821
f 1298 1761 2652
f 1168 618 617
f 858 1256 833
f 39 516 1536
f 2652 819 814
f 313 315 314
f 2026 1971 2027
f 2656 596 1835
f 814 818 811
f 2696 813 2649
f 1260 2649 1261
f 2693 2696 1260
f 2697 2651 2696
f 381 390 380
f 3818 1611 1609
f 1475 1428 1227
f 1292 1917 1235
f 1551 354 1518
f 1526 1523 1511
f 1593 1595 1573
f 1232 1246 1249
f 2695 1223 22
f 2698 1296 2697
f 2698 2693 2695
f 2685 2695 1085
f 2685 1297 2698
f 562 271 272
f 2652 1296 1298
f 1365 1364 1363
f 1958 1953 1957
f 585 2210 997
f 1561 1515 435
f 975 1146 976
f 347 68 346
f 1038 636 1068
f 2700 780 2699
f 2699 1036 1883
f 2701 1883 1829
f 851 2699 2701
f 2674 2251 2702
f 2702 781 2700
f 1253 2700 851
f 1301 2702 1253
f 1519 388 1550
f 1273 1280 2703
f 2703 1107 852
f 2701 852 851
f 1829 2703 2701
f 91 326 90
f 1784 2656 1785
f 2683 2705 2704
f 604 3499 3533
f 1669 3548 1662
f 2062 2060 2059
f 621 861 622
f 2023 732 2024
f 686 1263 687
f 857 2668 1328
f 883 882 879
f 637 1111 1110
f 2668 893 1328
f 2667 894 2668
f 1039 1068 1334
f 313 1504 1505
f 1911 305 453
f 1936 1964 2212
f 2707 2401 2183
f 2708 2183 2182
f 738 2116 554
f 2349 2432 2436
f 2711 2020 2019
f 2400 2019 2186
f 2714 2716 2713
f 2717 2719 2720
f 2721 2723 2724
f 2726 2728 2725
f 2725 2730 2729
f 2731 2729 2709
f 2732 2725 2731
f 2734 2736 2733
f 2738 2740 2737
f 2737 2741 2742
f 2744 2746 2743
f 2745 2748 2747
f 2749 2747 2751
f 2753 2751 2752
f 2250 2246 2248
f 2754 1614 2755
f 3598 2755 3609
f 3608 2747 3609
f 1617 2755 1614
f 2242 1620 2757
f 2191 2760 2759
f 2761 2760 2762
f 3648 2761 3649
f 3623 2759 3648
f 3209 3223 3224
f 1395 2236 2235
f 1395 1636 1615
f 1616 2229 2233
f 1617 2763 2756
f 2756 3628 3608
f 2765 2234 1630
f 2766 3628 3622
f 3202 3246 3247
f 1516 435 1515
f 2768 3552 3553
f 1495 578 1424
f 2135 28 17
f 3526 2773 2774
f 1690 3926 3925
f 2778 2780 2777
f 2777 2781 2782
f 2784 2777 2783
f 3555 575 576
f 1494 9 540
f 3529 2015 3566
f 451 505 450
f 2786 2788 2785
f 2779 2785 2780
f 2789 2741 2740
f 2790 2752 2789
f 2792 2794 2791
f 2793 2796 2794
f 2796 2750 2749
f 2794 2749 2753
f 2798 1396 2754
f 3591 2754 3598
f 2798 2800 1393
f 3591 2799 2798
f 2797 2795 2801
f 2791 2753 2790
f 216 232 54
f 3804 2807 3803
f 3805 2804 3803
f 2769 3557 3552
f 183 184 97
f 2811 2775 2776
f 2804 2776 2805
f 2809 2811 2804
f 2812 2813 2814
f 3805 2816 3795
f 3796 2815 3795
f 3798 2820 2821
f 3793 2819 3798
f 2824 2735 2819
f 2823 2824 2819
f 2825 2826 2724
f 3793 2827 3792
f 3796 2826 3792
f 2713 2829 2828
f 2828 2831 2830
f 2822 2828 2830
f 2821 2713 2828
f 2832 2822 2830
f 2833 2830 2831
f 2834 2832 2833
f 2835 2827 2832
f 2837 2839 2836
f 2836 2841 2840
f 2842 2840 2727
f 2843 2836 2842
f 2840 2845 2844
f 2718 2845 2719
f 2730 2844 2718
f 2727 2844 2728
f 2846 2719 2845
f 2846 2841 2847
f 2829 2847 2831
f 2829 2716 2846
f 2847 2839 2848
f 2848 2838 2849
f 2833 2849 2834
f 2831 2848 2833
f 2850 2851 2852
f 2853 2852 2854
f 2783 2782 2855
f 2785 2853 2856
f 2780 2856 2781
f 2857 2855 2782
f 2859 2782 2781
f 2861 2842 2860
f 2860 2727 2726
f 2862 2726 2732
f 2863 2860 2862
f 2861 2858 2857
f 2843 2857 2859
f 2856 2854 2864
f 2781 2864 2859
f 2837 2859 2864
f 2838 2864 2854
f 2852 2834 2849
f 2854 2849 2838
f 2865 2818 2835
f 2851 2835 2834
f 2813 2815 2865
f 2814 2865 2851
f 2866 2814 2850
f 2788 2850 2853
f 2866 2787 2867
f 2812 2867 2775
f 1892 1890 1891
f 2720 2846 2870
f 298 256 257
f 2872 2713 2820
f 3794 2735 2734
f 2729 2874 2873
f 2846 2715 2870
f 2876 2878 2875
f 2733 2878 2734
f 3806 2879 2880
f 3806 2872 3794
f 2882 2884 2881
f 2881 2715 2714
f 2880 2714 2872
f 2879 2881 2880
f 2885 2887 2888
f 2888 2890 2885
f 2885 2892 2891
f 2893 2885 2891
f 1942 2532 2894
f 2895 2720 2870
f 2884 2870 2715
f 2883 2895 2884
f 2896 2892 2895
f 2889 2717 2890
f 2890 2720 2892
f 2897 2891 2896
f 2898 2896 2883
f 2899 2883 2882
f 2900 2882 2879
f 3797 2879 3807
f 2876 2901 2877
f 2901 2904 2903
f 1785 1835 1834
f 2905 2899 2900
f 2907 2897 2898
f 3797 2903 3799
f 632 577 633
f 3532 2867 2787
f 434 550 350
f 2768 3640 3643
f 2910 1623 2249
f 2241 2758 2242
f 3640 2913 3652
f 1623 2757 1620
f 3587 2757 3652
f 2229 1380 2250
f 2765 1629 2914
f 2915 1629 2912
f 3642 2914 2915
f 3641 2765 2914
f 2919 3642 3613
f 2918 2912 2241
f 3614 2241 3586
f 3618 3613 3670
f 3541 2180 3496
f 3521 2188 3506
f 3705 714 3851
f 2925 2917 2924
f 2924 2916 2919
f 3610 2919 3618
f 3611 2924 3610
f 2926 2766 2925
f 3658 2925 3611
f 1715 1705 1710
f 785 498 796
f 1387 565 1791
f 374 1899 560
f 3573 2206 3556
f 2929 2886 2893
f 2932 2934 2931
f 1905 1908 1907
f 2930 2936 2937
f 2938 2930 2929
f 1493 517 518
f 1603 1586 1602
f 2939 2929 2908
f 2940 2908 2907
f 3665 1600 3661
f 2886 2937 2887
f 2906 2898 2899
f 2908 2893 2897
f 2942 2933 2941
f 2941 2937 2936
f 3501 2936 3513
f 3498 2941 3501
f 2943 2710 2873
f 2943 2874 2889
f 2945 2889 2888
f 2946 2943 2945
f 2932 2888 2887
f 2931 2945 2932
f 727 1929 728
f 2903 2947 2948
f 545 42 262
f 1480 533 251
f 2907 2949 2940
f 2906 2950 2949
f 1558 215 202
f 3799 2948 3801
f 2054 1644 2118
f 3705 2203 3573
f 1828 1849 1827
f 2953 2955 2952
f 2952 2957 2956
f 2956 2258 2952
f 2953 2258 2257
f 2454 2474 2496
f 3747 2959 3766
f 3747 2131 3737
f 2961 2963 2958
f 2958 2964 2959
f 222 2485 2965
f 2477 2966 2608
f 2631 2006 1859
f 2384 2496 2497
f 2967 2959 2964
f 2968 2970 2969
f 3759 2971 3784
f 3784 2960 3766
f 2972 2033 2032
f 2007 2973 2008
f 3560 2134 2133
f 1836 1832 1831
f 3506 2090 3551
f 955 959 956
f 672 674 673
f 633 713 632
f 2024 733 803
f 2025 803 798
f 425 1550 388
f 2975 888 887
f 1319 1157 2694
f 1212 2977 1213
f 889 2228 2227
f 1978 1975 1979
f 1138 1329 915
f 751 2979 2978
f 1619 1625 1624
f 2252 1728 1727
f 1157 845 1216
f 2706 1938 2617
f 2980 2254 2981
f 2982 887 2630
f 802 711 2679
f 678 2029 2028
f 527 690 528
f 1839 2629 1840
f 2983 602 1914
f 2983 1913 1331
f 2985 1331 1054
f 2986 2983 2985
f 2987 2635 2634
f 2985 2639 2986
f 2990 1318 2989
f 2991 2993 2994
f 2995 2994 2996
f 1106 2991 2995
f 1058 2992 2991
f 1415 1365 1367
f 1317 2217 2997
f 1932 2255 2980
f 926 2999 664
f 3001 2992 3000
f 3000 1057 2978
f 2999 2978 2979
f 2998 3000 2999
f 3002 2209 3003
f 3002 2996 2994
f 2993 3002 2994
f 3001 2998 3002
f 1103 2995 3004
f 3004 2996 3003
f 2209 3004 3003
f 588 3004 2210
f 295 433 381
f 2638 2988 3005
f 3005 1056 1930
f 1305 1930 1306
f 1276 3005 1305
f 1987 1993 1989
f 2633 1761 2645
f 1423 1417 1419
f 3561 739 703
f 2671 2704 2705
f 1473 2035 1472
f 922 2694 895
f 1401 1378 1384
f 556 1884 1037
f 842 3825 3836
f 1854 2617 1010
f 933 1081 1075
f 1440 1436 1437
f 529 719 530
f 1031 1027 1028
f 777 912 1871
f 2645 1204 2633
f 441 1538 1537
f 790 587 586
f 2065 1610 1607
f 1860 990 902
f 60 87 59
f 1424 1948 1947
f 332 1507 331
f 261 138 135
f 187 449 507
f 1719 1726 1725
f 1931 1059 3006
f 3006 1105 1104
f 1287 1104 587
f 1286 3006 1287
f 3007 3009 3010
f 3009 653 795
f 618 26 25
f 2029 1210 1209
f 957 600 2228
f 1049 2228 600
f 2631 3011 2561
f 890 2227 3011
f 3011 2145 3012
f 2561 3012 2375
f 1026 609 608
f 2706 1961 1964
f 3013 2485 3014
f 2148 1267 3015
f 3015 1266 1311
f 2997 1101 1317
f 642 1773 1193
f 186 461 511
f 1041 1320 901
f 1121 3017 1122
f 2984 2987 3018
f 3018 2634 2619
f 1048 3018 2619
f 603 2984 3018
f 2679 801 802
f 2062 2074 2061
f 2061 2076 2064
f 414 1545 1965
f 3016 2683 3019
f 3019 2704 2670
f 3020 2670 720
f 3007 3019 3020
f 1871 1091 777
f 3021 1122 3017
f 3022 3017 3010
f 1314 3022 1315
f 1784 3021 1314
f 1316 1763 611
f 3023 3010 3009
f 3023 795 1092
f 1763 1092 1125
f 1315 3023 1763
f 3016 3010 3017
f 752 2978 1057
f 2986 2637 2987
f 3024 653 3008
f 3020 3008 3007
f 720 3024 3020
f 723 654 3024
f 2681 1268 3025
f 2671 1268 721
f 2705 3025 2671
f 1313 3027 1311
f 3026 3029 3027
f 3027 3030 3031
f 1311 3031 3015
f 2012 731 2023
f 917 974 977
f 743 856 744
f 1888 2030 1425
f 2682 2684 3032
f 3032 1124 2989
f 1100 2989 1318
f 1099 3032 1100
f 1123 2989 1124
f 3033 1159 1158
f 2990 1158 1319
f 1123 3033 2990
f 1786 1834 3033
f 1054 2988 2985
f 2979 664 2999
f 2623 2663 2643
f 1095 688 687
f 3034 2261 2956
f 3036 2956 2957
f 3037 3034 3036
f 3038 3035 3034
f 3040 3026 1313
f 2263 3041 3040
f 3042 3043 3041
f 3041 3028 3026
f 3044 3043 3039
f 3046 3045 3044
f 3047 3049 3045
f 3043 3049 3028
f 3038 3051 3050
f 3050 3053 3052
f 3052 3044 3050
f 3039 3050 3044
f 3054 3039 3042
f 3042 2262 3054
f 2261 3054 2262
f 2216 2997 2217
f 2212 2667 1936
f 3056 2209 3055
f 934 1961 1854
f 2013 3757 567
f 3058 3060 3061
f 3059 3063 3060
f 3060 2213 1963
f 3061 1963 1962
f 3063 2214 2213
f 3062 3064 3063
f 3065 2260 3064
f 3064 2215 2214
f 3066 3031 3030
f 2608 3067 3066
f 2966 3068 3067
f 3031 3068 3015
f 2455 2461 2474
f 2476 2226 2477
f 3551 2089 3525
f 3526 3769 3786
f 433 355 381
f 2115 1419 2123
f 3509 2922 3527
f 3769 2131 2134
f 3069 2167 2166
f 2971 2928 2960
f 2961 2773 2962
f 3070 2478 2483
f 2610 3071 2954
f 2502 2374 2386
f 3072 2595 3073
f 2964 3052 2967
f 3048 3074 3049
f 2593 3075 3074
f 3075 3029 3074
f 3074 3028 3049
f 3072 3075 2592
f 3076 2482 2481
f 2481 3066 3076
f 3076 3030 3075
f 2967 3053 2970
f 2482 3073 2483
f 479 493 494
f 706 3873 709
f 3561 2221 3517
f 2013 3754 3755
f 3533 2016 3529
f 3562 2222 2974
f 1171 1155 1176
f 2586 2565 2587
f 2982 113 2484
f 2562 3077 3068
f 2376 3012 3077
f 3012 2148 3077
f 3077 3015 3068
f 2963 3046 2964
f 3051 2970 3053
f 1683 491 775
f 3850 1447 3860
f 1986 3734 3768
f 3079 2546 2575
f 3081 2575 2576
f 1983 3768 3765
f 3082 2319 2545
f 3080 2545 2546
f 3734 3082 3080
f 3732 2323 3082
f 1309 1888 748
f 3073 2772 2771
f 2760 3084 2762
f 2760 2088 3083
f 3085 3086 3087
f 3089 3090 3088
f 3089 3084 3085
f 3092 3090 3091
f 3093 2744 2743
f 2751 2748 3093
f 3093 2752 2751
f 2742 3093 3094
f 3094 2743 3095
f 3096 3098 3087
f 3099 3087 3086
f 3097 3095 3098
f 3100 2746 3101
f 3101 3102 3100
f 2764 2927 3101
f 2745 3101 2746
f 3102 3091 3100
f 3100 3095 2743
f 2869 3592 3634
f 3102 3104 3092
f 3658 2869 3634
f 2927 3103 3102
f 3098 3091 3090
f 3087 3090 3085
f 2088 3105 3083
f 3083 3086 3084
f 2483 2771 3070
f 2401 2185 2321
f 3099 3105 3106
f 2125 3106 3105
f 3108 2742 3107
f 3107 3094 3097
f 3110 3107 3109
f 3109 3097 3096
f 3111 3096 3099
f 3112 3109 3111
f 3113 2737 3108
f 3115 2722 3114
f 3117 3114 3116
f 3119 3116 3118
f 3118 3120 3121
f 3116 3113 3120
f 3122 3111 3123
f 3122 1755 1754
f 3124 3126 3127
f 3125 3121 3126
f 3128 3118 3125
f 3129 3125 3124
f 2020 3128 3129
f 3853 1346 1352
f 1065 1047 1066
f 1814 3830 1649
f 2021 3129 3130
f 3111 3106 3123
f 3123 2207 1755
f 2377 2224 2973
f 3014 113 112
f 1756 3782 3767
f 3131 2530 2528
f 3133 2528 2529
f 1753 3767 3775
f 3134 3127 3135
f 2327 2314 2313
f 2436 2317 2349
f 2018 3711 3712
f 2534 3137 2535
f 2320 3136 2534
f 2185 3712 3771
f 3138 2542 2539
f 3134 3744 3745
f 3785 3134 3745
f 3140 2539 2538
f 2535 3140 2538
f 3711 3130 3785
f 2558 3132 3141
f 3782 3141 3132
f 2560 3141 3142
f 3760 3142 3141
f 958 2976 2981
f 1933 2980 3143
f 2399 2418 2416
f 2348 2343 2432
f 2322 2319 2323
f 2718 2874 2730
f 2709 2873 2710
f 2894 1361 1942
f 346 176 347
f 1876 1882 1881
f 2802 3607 3592
f 3104 3088 3092
f 2974 3649 3603
f 3089 2761 2762
f 3088 3145 3089
f 2803 3603 3607
f 3870 692 628
f 2123 1418 2126
f 1365 1368 1367
f 1581 1782 1783
f 3569 2129 3520
f 3555 2002 3521
f 3146 2551 3147
f 3751 3147 3750
f 3742 3146 3751
f 3149 2585 3146
f 3196 3197 3195
f 3604 2191 3623
f 3142 2556 2560
f 3777 3150 3142
f 3646 2550 3593
f 3150 2555 2556
f 3778 3151 3150
f 3788 3152 3646
f 3153 2551 2549
f 3152 2549 2550
f 3781 3153 3152
f 3776 3147 3153
f 3148 2206 2205
f 2183 2321 2184
f 2132 2928 2133
f 3684 2204 2203
f 3719 2197 3721
f 2594 2773 2951
f 2595 2951 2772
f 1870 799 1869
f 3713 2178 3706
f 3706 3736 3790
f 336 3774 3722
f 339 3154 336
f 3789 3149 3742
f 3683 2584 3149
f 2963 3048 3047
f 3722 337 336
f 339 2566 2586
f 3156 2168 2167
f 2610 2167 2611
f 2954 3156 2610
f 3157 2953 2257
f 3707 2169 3709
f 2567 3159 2568
f 337 2567 338
f 3730 2166 3707
f 3764 1983 3765
f 2579 3081 2576
f 2568 3160 2579
f 3709 2190 3764
f 3065 3162 3161
f 3161 1984 2189
f 3157 2189 2168
f 2257 3161 3157
f 734 1922 806
f 3059 2708 3163
f 3163 2182 1985
f 3162 1985 1984
f 3062 3163 3162
f 3203 3205 3204
f 2122 1448 1447
f 3817 1685 3812
f 139 444 69
f 1570 566 533
f 2957 3165 3036
f 2955 3164 2957
f 1912 341 1973
f 3130 3124 3134
f 1548 319 1547
f 1949 1327 1887
f 2969 3078 3167
f 3167 3169 3168
f 3724 2017 3720
f 3720 2033 3759
f 3168 3165 3170
f 3170 3164 3171
f 3779 3171 3756
f 3724 3170 3779
f 3171 3166 3172
f 3172 3071 3173
f 3752 3173 3749
f 3756 3172 3752
f 3169 3036 3165
f 2593 2962 2594
f 3173 2609 3174
f 3174 2199 2198
f 3783 2198 3719
f 3749 3174 3783
f 2190 1984 1983
f 2196 2767 3148
f 2119 1414 1448
f 1464 1466 1465
f 2199 3069 2200
f 2457 2587 2565
f 2226 2562 2966
f 481 1627 1639
f 333 235 236
f 3078 3037 3169
f 3040 2997 2263
f 2219 1933 2220
f 2385 2497 2503
f 221 3175 2484
f 2220 3143 3175
f 3175 2976 2975
f 2484 2975 2982
f 2954 3166 2955
f 2630 110 2982
f 1547 1952 1955
f 2091 2188 2187
f 3733 2178 2177
f 1918 1927 1926
f 3563 111 3511
f 955 960 954
f 2037 112 3563
f 3143 2981 2976
f 2218 2214 2215
f 672 3787 3541
f 2152 3014 2037
f 1147 1143 1145
f 2248 1409 2245
f 1615 1635 1616
f 1410 2246 2247
f 3241 3242 3240
f 3177 1383 1382
f 2238 3176 1382
f 3176 2230 3178
f 1410 3179 1407
f 3179 2243 1407
f 1633 2800 2249
f 1621 2758 2912
f 1622 2245 1634
f 2236 3181 3182
f 2237 3182 3183
f 2250 2233 2229
f 2912 1628 1621
f 135 1564 1563
f 1567 512 1565
f 1085 2653 2685
f 3184 868 3056
f 869 3057 934
f 1266 1098 1312
f 1267 722 721
f 937 2646 936
f 2146 722 2147
f 2211 921 2667
f 1957 507 449
f 1313 2264 3040
f 1496 1493 1492
f 2681 2705 2682
f 2887 2933 2932
f 1687 1659 1694
f 145 1498 81
f 1317 1319 2694
f 37 418 71
f 1935 3185 2977
f 104 301 103
f 2101 2083 2084
f 543 360 207
f 1934 3186 3185
f 234 212 237
f 3845 1822 1824
f 1976 1874 1974
f 223 2219 220
f 3655 3605 3612
f 468 773 2165
f 1935 1728 1932
f 3240 3226 3235
f 3261 3250 3260
f 3215 3244 3264
f 3265 3215 3264
f 3267 3198 3196
f 3205 3269 3255
f 3214 3265 3270
f 3271 3214 3192
f 3251 3239 3236
f 3222 3266 3272
f 3232 3234 3233
f 3216 3243 3244
f 3196 3268 3267
f 3244 3254 3255
f 3238 3247 3246
f 3264 3255 3269
f 3253 3216 3217
f 3211 3221 3265
f 3257 3218 3256
f 3258 3272 3259
f 3274 3280 3273
f 3228 3262 3263
f 3275 3281 3280
f 3226 3273 3280
f 3236 3260 3251
f 3281 3236 3237
f 3287 3192 3189
f 3235 3280 3234
f 3234 3281 3237
f 3288 3259 3272
f 3260 3276 3251
f 3289 3278 3284
f 3210 3224 3283
f 3199 3201 3200
f 3228 3230 3229
f 3290 3285 3286
f 3282 3271 3287
f 3260 3262 3261
f 3243 3268 3254
f 3267 3241 3232
f 3194 3208 3193
f 3191 3269 3206
f 3270 3192 3214
f 3275 3230 3231
f 3264 3270 3265
f 3252 3276 3291
f 3248 3291 3223
f 3213 3279 3277
f 3272 3289 3288
f 3277 3212 3213
f 3228 3281 3231
f 3220 3253 3219
f 3219 3217 3257
f 3256 3222 3258
f 3247 3252 3248
f 3245 3232 3233
f 3266 3212 3289
f 3208 3255 3254
f 3288 3284 3285
f 3204 3208 3207
f 560 3187 559
f 3209 3201 3202
f 3189 3191 3190
f 448 807 447
f 647 122 270
f 1833 1780 1832
f 510 508 507
f 3210 1887 3201
f 1887 3200 3201
f 15 3197 3200
f 16 3195 3197
f 3195 3187 3194
f 3194 1899 3207
f 3207 375 3204
f 387 126 127
f 3189 1760 3287
f 3577 757 758
f 763 2172 2175
f 3583 3580 3581
f 3581 3579 3578
f 3594 3596 3595
f 3400 3602 3401
f 3626 3625 3627
f 3631 3599 3601
f 3636 3595 3596
f 3647 3588 3645
f 3650 3584 3647
f 3653 3580 3651
f 3653 3654 3579
f 1801 3656 3655
f 3651 3582 3650
f 3644 3595 3637
f 1767 3659 3660
f 1597 3661 1600
f 1708 3665 3664
f 3671 3667 3666
f 3666 3673 3672
f 1588 3664 1587
f 2080 3666 2082
f 2082 3672 2084
f 3674 3635 3631
f 3677 3636 3635
f 3682 3645 3681
f 3692 3650 3686
f 3681 3644 3680
f 786 3692 785
f 3694 3651 3692
f 785 3686 497
f 497 3682 650
f 650 3681 564
f 3696 3681 3680
f 3405 3605 3402
f 3702 3678 3677
f 3699 3679 3678
f 3645 3638 3644
f 1799 3659 1768
f 3708 3458 3460
f 3462 3708 3460
f 3714 564 3696
f 3615 3602 3600
f 3710 3696 3698
f 3635 3596 3599
f 3629 3627 3630
f 3597 3599 3596
f 3630 3715 3629
f 3627 3597 3594
f 3717 3723 3718
f 3715 3660 3629
f 3716 3725 3715
f 3668 3661 3725
f 3668 3717 3667
f 3667 3718 3673
f 3727 3673 3718
f 3728 3672 3673
f 3726 3718 3723
f 1576 2084 3672
f 3727 3731 3729
f 3203 1387 3190
f 3190 1791 3189
f 3283 1949 3210
f 317 259 391
f 2000 3653 3694
f 3601 3600 3602
f 3589 3584 3585
f 3577 756 2170
f 3585 3582 3583
f 3678 3637 3636
f 3204 376 3203
f 1801 3657 1799
f 3729 3728 3727
f 1575 3738 1088
f 3735 1576 3728
f 1776 1796 1775
f 1293 1290 1284
f 1326 1327 12
f 1294 1234 1290
f 878 1330 1337
f 497 374 498
f 122 413 121
f 3699 3704 3708
f 3606 3401 3602
f 3708 3698 3699
f 3464 3710 3462
f 3704 3443 3458
f 439 399 438
f 1512 1526 1511
f 1668 1738 1671
f 839 1362 838
f 1362 826 1012
f 3843 1896 3815
f 2053 2118 2117
f 3888 2120 2119
f 696 3816 3831
f 1826 639 640
f 3740 3729 3731
f 956 886 960
f 1980 1922 807
f 33 105 164
f 1343 3856 3857
f 3907 2128 3902
f 1766 1582 1594
f 14 2163 738
f 595 99 594
f 3233 3246 3245
f 1346 1044 1352
f 748 1425 747
f 3193 3254 3268
f 3190 3206 3203
f 3612 3606 3615
f 3624 3615 3625
f 3631 3443 3674
f 3679 3644 3637
f 3686 3647 3682
f 3702 3674 3704
f 3625 3600 3597
f 3601 3415 3631
f 3739 3735 3729
f 3630 3594 3741
f 3741 3716 3630
f 1284 1288 1285
f 3698 3680 3679
f 1778 1780 1779
f 1792 1584 1789
f 695 571 694
f 3638 3594 3595
f 3741 3588 3589
f 3247 3209 3202
f 3292 3294 3295
f 3296 3298 3299
f 3299 3300 3301
f 3302 3304 3305
f 3306 3308 3309
f 3307 3311 3308
f 3303 3301 3300
f 3312 3304 3313
f 3314 3316 3317
f 3318 3320 3321
f 3324 3321 3325
f 3326 3328 3323
f 3329 3331 3332
f 3333 3335 3336
f 3337 3339 3340
f 3333 3341 3342
f 3342 3343 3344
f 3319 3344 3343
f 3338 3334 3339
f 3346 3302 3347
f 3305 3347 3302
f 3312 3223 3349
f 3350 3340 3351
f 3312 3348 3305
f 3352 3341 3326
f 3311 3354 3308
f 3341 3327 3326
f 3359 3361 3362
f 3360 3250 3249
f 3318 3345 3319
f 3364 3318 3324
f 3314 3324 3365
f 3366 3301 3346
f 3299 3367 3296
f 3308 3368 3309
f 3369 3295 3294
f 3317 3364 3314
f 3370 3317 3316
f 3325 3365 3324
f 3352 3319 3343
f 3296 3353 3311
f 3297 3311 3310
f 3363 3354 3345
f 3345 3353 3344
f 3344 3367 3342
f 3366 3342 3367
f 3347 3334 3346
f 3339 3348 3340
f 3348 3351 3340
f 3363 3369 3368
f 3294 3368 3369
f 3293 3309 3294
f 3331 3374 3332
f 3346 3333 3366
f 3323 3352 3326
f 3356 3321 3320
f 3355 3325 3321
f 3357 3371 3325
f 3322 3320 3352
f 3361 3329 3362
f 3373 3375 3374
f 3374 3376 3332
f 3329 3376 3362
f 3327 3372 3328
f 3336 3375 3327
f 3335 3376 3375
f 3376 3337 3362
f 3337 3359 3362
f 3359 3276 3250
f 3377 3295 3370
f 3277 3315 3278
f 3371 3379 3365
f 3378 3358 3380
f 3365 3315 3314
f 3316 3279 3370
f 3282 3370 3279
f 3313 3224 3312
f 3378 3284 3379
f 3380 3285 3378
f 3379 3278 3315
f 3276 3351 3291
f 3291 3349 3223
f 3313 2965 3013
f 2965 3303 222
f 222 3300 223
f 223 3298 3186
f 3298 3185 3186
f 3297 2977 3185
f 3310 1213 2977
f 3307 1214 1213
f 2532 3306 3293
f 2894 3293 3292
f 2871 3292 3377
f 3253 3240 3242
f 3283 3013 2152
f 1997 1889 1892
f 1237 744 855
f 1535 120 121
f 1531 201 214
f 1119 1032 984
f 946 824 947
f 163 5 162
f 3589 3723 3741
f 1155 1162 1164
f 427 327 424
f 553 796 498
f 3381 2231 2237
f 3381 2230 2232
f 2237 3180 3381
f 3383 3385 3382
f 3384 3387 3385
f 3386 3389 3387
f 3388 3391 3389
f 3392 3394 3395
f 3395 3396 3397
f 3398 3397 3396
f 3400 3399 3398
f 3403 3405 3402
f 3406 3404 3403
f 3408 3407 3406
f 3410 3409 3408
f 3412 3411 3410
f 3415 3398 3414
f 3414 3396 3416
f 3416 3394 3417
f 3417 3393 3418
f 3393 3420 3418
f 3419 3421 3420
f 3390 3422 3421
f 3388 3423 3422
f 3386 3424 3423
f 3384 3425 3424
f 3425 3426 3184
f 2904 3428 2947
f 3429 2904 2902
f 3430 2902 2876
f 2875 3430 2876
f 3432 2733 2736
f 2825 3435 2824
f 3437 3439 3436
f 3441 3436 3440
f 2724 3434 2825
f 3436 3115 3117
f 3440 3117 3119
f 3443 3414 3442
f 3442 3416 3444
f 3444 3417 3445
f 3445 3418 3446
f 3446 3420 3447
f 3420 3448 3447
f 3421 3449 3448
f 3422 3450 3449
f 3423 3451 3450
f 3424 3452 3451
f 3425 3056 3452
f 3451 2253 2252
f 3450 2252 1727
f 3449 1727 2150
f 3448 2150 1941
f 3453 3448 1941
f 3454 3447 3453
f 3455 3446 3454
f 3456 3445 3455
f 3442 3456 3457
f 3443 3457 3458
f 3459 3458 3457
f 3457 3455 3459
f 3459 3454 3461
f 3462 3459 3461
f 3461 3453 3463
f 3464 3461 3463
f 3463 1941 1360
f 3404 3401 3405
f 3407 3399 3404
f 3409 3397 3407
f 3411 3395 3409
f 3465 3413 3412
f 3467 3469 3466
f 3465 3431 3433
f 3470 3466 3465
f 3438 3432 3435
f 3467 3438 3437
f 3468 3437 3441
f 3471 3468 3472
f 3472 3441 3473
f 3473 3440 2712
f 2712 3119 3128
f 3475 3472 3474
f 3474 3473 3476
f 3476 2712 2711
f 3477 2711 2400
f 3478 3476 3477
f 3479 3474 3478
f 3392 3413 3480
f 3466 3480 3413
f 3419 3392 3480
f 3390 3480 3391
f 3469 3391 3480
f 3389 3471 3475
f 3387 3475 3479
f 3385 3479 3481
f 3482 2400 2402
f 3483 3477 3482
f 3481 3478 3483
f 3484 2402 2707
f 3058 2707 2708
f 3061 3484 3058
f 3485 3482 3484
f 3382 3481 3486
f 3486 3483 3485
f 3426 3382 3487
f 3487 3486 1962
f 3486 3061 1962
f 1961 3487 1962
f 3057 3426 3487
f 3428 3402 3488
f 3427 3403 3428
f 3429 3406 3427
f 3430 3408 3429
f 3431 3410 3430
f 3470 3433 3432
f 3434 3438 3435
f 2723 3439 3434
f 2875 3433 3431
f 2736 3435 3432
f 2947 3488 3500
f 3464 1360 3497
f 1900 1924 1901
f 1736 1718 1750
f 1955 1943 1956
f 1671 1735 1751
f 1696 1698 1692
f 1800 1864 1801
f 2063 2056 2060
f 1737 1717 1736
f 1751 1697 1695
f 943 3899 684
f 3656 3402 3605
f 1577 1764 1703
f 3917 1599 3923
f 1945 82 1944
f 68 7 248
f 147 1543 148
f 1109 1133 1102
f 1503 1907 1908
f 1499 1909 1498
f 452 735 215
f 1824 3835 3845
f 1825 2068 1824
f 1463 1022 1194
f 841 1009 1011
f 1568 1955 1534
f 1926 1927 1923
f 1910 1502 1939
f 1939 422 442
f 309 1940 308
f 1804 1866 1803
f 269 1954 56
f 2065 2060 2056
f 3812 1758 3835
f 280 552 1940
f 1875 1869 1874
f 1739 1734 1737
f 1778 1790 1788
f 310 1915 279
f 1909 1906 1954
f 1789 1778 1788
f 978 980 979
f 1584 1731 1583
f 425 311 312
f 148 115 116
f 2044 3894 2046
f 277 1939 551
f 1943 1945 1944
f 1461 1463 1464
f 2253 3056 3055
f 2981 3489 958
f 2209 3489 3055
f 2254 3055 3489
f 2998 958 3489
f 2826 2721 2724
f 3490 2721 2817
f 2816 3490 2817
f 2334 2296 2335
f 2298 2334 2336
f 2301 2336 2338
f 2311 2338 2354
f 2312 2354 2355
f 2359 2361 2360
f 2335 2359 2360
f 2414 2365 2364
f 2413 2361 2365
f 2355 2540 2541
f 2541 2539 2542
f 2722 2739 2738
f 3114 2738 3113
f 3110 3121 3120
f 3108 3120 3113
f 3122 3127 3126
f 3112 3126 3121
f 3127 1753 3135
f 3139 2529 2542
f 3744 3133 3139
f 3490 2740 2739
f 3491 2789 3490
f 228 91 88
f 245 243 242
f 248 247 191
f 2 296 295
f 145 300 267
f 327 210 328
f 329 331 330
f 250 228 236
f 239 240 230
f 373 375 374
f 178 176 175
f 1218 1228 1321
f 3862 1295 3854
f 808 824 823
f 3858 1013 1014
f 3813 1411 1413
f 2154 2159 2160
f 3845 1758 1757
f 306 1922 452
f 2157 1976 1977
f 708 2031 1474
f 1450 1227 1428
f 1672 1605 1624
f 1813 1821 1816
f 1717 1715 1718
f 176 402 347
f 1710 3916 3915
f 1712 1577 1711
f 1705 1711 1704
f 971 979 970
f 822 1094 1102
f 2909 2793 2792
f 2810 2795 2793
f 2799 2249 2800
f 3662 2910 2799
f 2769 2801 2795
f 3177 3178 3179
f 3178 3180 3179
f 3181 1393 2800
f 3181 1632 3182
f 3182 2244 3183
f 3183 2243 3180
f 3492 2790 3491
f 2808 3491 2816
f 2239 3572 2240
f 1149 3571 3570
f 1150 3567 3571
f 2202 3566 2015
f 2921 3565 2923
f 3568 2133 2928
f 1777 1759 1792
f 1201 1183 1184
f 3561 2195 2194
f 3553 2770 2768
f 3927 1687 1692
f 1516 154 503
f 3549 2974 2803
f 3550 2779 2778
f 2771 3575 3546
f 3070 3546 3558
f 3547 2775 2867
f 1376 1370 1372
f 2767 3556 2206
f 2195 3543 2767
f 2775 3542 2776
f 3377 3545 2871
f 3804 3539 2806
f 2776 3538 2805
f 2240 3535 2920
f 2920 3669 3619
f 3548 2786 2779
f 1805 1851 1804
f 3534 2787 2786
f 2951 3540 3531
f 2772 3531 3575
f 2973 3530 3536
f 2224 3537 3530
f 1957 320 510
f 306 304 303
f 2770 3528 2913
f 2913 3574 2239
f 2923 3527 2922
f 308 431 47
f 207 132 543
f 1879 1881 1880
f 3733 3525 2089
f 2475 3558 3524
f 2476 3524 3523
f 2223 3523 3537
f 3522 2803 2802
f 2037 11 1950
f 1959 450 505
f 2003 3520 2129
f 9 334 540
f 2009 3518 3567
f 2008 3536 3518
f 3877 673 3879
f 3515 2778 2784
f 2935 3513 2936
f 111 3570 3511
f 3510 2935 2938
f 683 3885 943
f 3508 2810 2909
f 736 732 729
f 1795 1803 1796
f 3505 2938 2939
f 3507 2939 2940
f 2950 3504 2949
f 2940 3504 3507
f 3801 3512 2950
f 2868 3502 2869
f 2869 3522 2802
f 1024 1023 1020
f 3500 2948 2947
f 551 442 443
f 2972 3568 2928
f 2032 3499 2972
f 216 1924 1923
f 203 201 200
f 1828 1847 1837
f 1958 449 450
f 272 178 175
f 2871 3495 1361
f 3619 3564 2921
f 2801 3643 3662
f 2005 3654 2176
f 960 899 962
f 3657 3612 3624
f 3780 3646 3151
f 3151 3593 2555
f 2193 3623 2194
f 3607 3145 3144
f 3603 2761 3145
f 3592 3144 3104
f 2926 3634 3103
f 3634 3104 3103
f 3755 3746 3753
f 566 3758 2005
f 3488 1864 3500
f 1602 2079 2078
f 2868 3611 2922
f 2922 3610 2923
f 2923 3618 2921
f 3670 2918 3614
f 3619 3614 2920
f 2921 3670 3619
f 2920 3586 2240
f 3613 2915 2918
f 2917 3622 3641
f 2916 3641 3642
f 2239 3652 2913
f 2911 3652 2757
f 3643 2911 2910
f 2797 3662 3591
f 2797 3598 2750
f 3622 2763 2765
f 3608 2764 2745
f 2194 3648 2221
f 2221 3649 2222
f 2756 3609 2755
f 2750 3609 2747
f 3669 1817 3827
f 3763 1691 1699
f 2515 3590 2548
f 2548 3593 2550
f 2513 3632 3616
f 2513 3621 2515
f 2509 3620 2289
f 2510 3633 2509
f 2289 3639 2283
f 2283 3617 2286
f 2240 3587 2239
f 3659 3624 3626
f 716 3887 3888
f 727 3761 1923
f 2165 2170 2164
f 3660 3626 3629
f 3743 3578 3757
f 2175 769 770
f 2100 2095 2099
f 3758 3757 3578
f 640 3568 1826
f 1653 3553 1651
f 1895 3530 746
f 746 3537 741
f 1653 3528 3576
f 3762 1604 1672
f 2093 2073 2078
f 959 995 884
f 962 919 986
f 1400 1398 1399
f 1000 1127 1004
f 956 884 885
f 1662 3550 1661
f 2034 3546 1654
f 3926 3539 3802
f 3535 766 1817
f 3572 765 766
f 334 3571 335
f 1868 3540 1656
f 1684 1652 1678
f 1682 775 1807
f 1585 3762 1700
f 3763 1672 1673
f 2173 490 491
f 1658 3547 1752
f 3556 1650 724
f 1571 2010 1572
f 1587 3671 2080
f 2099 2077 2094
f 787 1999 786
f 2000 786 1999
f 3155 3697 3683
f 3713 3683 3789
f 2180 3685 3684
f 3496 3684 3705
f 1684 3840 1651
f 1760 3495 3545
f 2607 3693 2590
f 2581 3689 2607
f 2371 3700 3695
f 2371 3693 2372
f 2587 3675 2586
f 2586 3697 339
f 2497 3687 2503
f 2502 3687 3700
f 2494 3690 2495
f 3690 2472 2495
f 3688 2468 2472
f 3701 2469 2468
f 726 3892 630
f 581 3518 580
f 10 3570 334
f 1837 3510 1849
f 741 3523 1300
f 1299 3558 2034
f 1851 3504 1866
f 3527 1820 1819
f 580 3536 1895
f 1758 3522 3502
f 1693 3508 1806
f 3504 1867 1866
f 1894 3568 3499
f 2126 3813 3841
f 3906 3841 3912
f 2113 3867 2110
f 2179 3789 3685
f 624 3904 623
f 2192 3788 3780
f 2177 3787 3733
f 1364 3833 1338
f 3858 1470 1453
f 3135 3775 3744
f 2069 3835 2068
f 1351 3853 1352
f 2108 3901 499
f 2089 3736 3733
f 3828 1358 866
f 2001 3783 2187
f 2187 3719 2091
f 2130 3752 2004
f 2004 3749 2001
f 2014 3779 2201
f 2201 3756 2130
f 3167 3759 2969
f 3168 3720 3167
f 3159 3764 3160
f 3160 3765 3081
f 3730 3158 337
f 3158 3709 3159
f 2200 3730 3722
f 3685 3742 2204
f 3722 2197 2200
f 3790 2092 3721
f 3774 3721 2197
f 3154 3790 3774
f 3155 3706 3154
f 2091 3721 2092
f 2196 3750 3776
f 2193 3776 3781
f 3604 3781 3788
f 2086 3780 3778
f 2087 3778 3777
f 2204 3751 2205
f 2205 3750 3148
f 3909 574 692
f 2124 3777 3760
f 2208 3760 3782
f 3711 3140 3137
f 3785 3138 3140
f 3745 3139 3138
f 3771 3136 2322
f 3712 3137 3136
f 3775 3131 3133
f 3767 3132 3131
f 1813 3838 1814
f 1293 3856 1344
f 2184 3748 3732
f 2181 3732 3734
f 3765 3079 3081
f 3768 3080 3079
f 709 3875 2031
f 2774 3737 3769
f 3786 2134 3559
f 3809 766 765
f 2968 3766 2959
f 2969 3784 2968
f 2958 3737 2961
f 2132 3766 2960
f 2321 3771 3748
f 3860 1449 28
f 3905 582 710
f 3886 577 574
f 3847 1818 3827
f 705 3887 2121
f 3816 3907 698
f 2111 3911 2113
f 3810 1366 1411
f 1812 3822 1815
f 675 3852 674
f 3496 3851 675
f 2110 3868 2109
f 2104 3901 2106
f 2109 3899 944
f 3842 703 739
f 1680 3846 1684
f 1639 3819 3818
f 623 3906 697
f 2139 3866 3865
f 1808 3844 3837
f 3820 1819 1820
f 3872 3900 706
f 1646 3830 1648
f 3889 633 577
f 2139 3875 18
f 2156 3871 3874
f 674 3913 3869
f 2117 3812 2069
f 1815 3847 3823
f 3855 1444 1470
f 697 3912 3816
f 866 3836 3828
f 3864 2136 2135
f 3585 3726 3589
f 3583 3731 3585
f 3753 3738 3739
f 3740 3581 3743
f 1088 3746 1093
f 3739 3743 3753
f 2791 3493 2792
f 3492 2807 3493
f 2792 3494 2909
f 3493 2806 3494
f 3508 3494 3516
f 3516 2806 3539
f 2948 3791 3801
f 2105 3896 2104
f 3538 3804 2805
f 680 3876 683
f 1891 3910 3891
f 2905 3801 2950
f 2900 3799 2905
f 2901 3807 2877
f 2734 3806 3794
f 2877 3806 2878
f 2820 3794 2872
f 2818 3792 2827
f 2823 3792 2826
f 2822 3798 2821
f 2819 3800 3798
f 2817 3795 2816
f 2809 3795 2815
f 2808 3803 2807
f 2805 3803 2804
f 1702 3923 1599
f 3922 1797 1802
f 3915 1706 1709
f 3918 1692 1698
f 1657 3880 1879
f 1890 3895 3910
f 3772 1674 1675
f 1689 3772 3773
f 3926 3538 1688
f 3516 1689 3773
f 3917 1703 1764
f 1598 3928 1770
f 3880 1876 1879
f 1691 3925 3927
f 3925 1688 1687
f 1117 1118 3930
f 1066 1322 3930
f 1243 847 3930
f 3825 848 3930
f 1128 1117 3930
f 1129 1130 3930
f 841 1011 3930
f 1230 3863 3930
f 1242 1243 3930
f 1322 1229 3930
f 1064 1065 3930
f 1003 1128 3930
f 1229 1230 3930
f 3863 1285 3930
f 1285 1288 3930
f 848 839 3930
f 847 3825 3930
f 1118 1129 3930
f 1065 1066 3930
f 1087 1086 3930
f 1008 1002 3930
f 1011 1008 3930
f 1002 1003 3930
f 1076 1069 3930
f 838 841 3930
f 839 838 3930
f 1288 1242 3930
f 1130 1087 3930
f 1086 1076 3930
f 1069 1064 3930
f 2410 2414 3931
f 2411 2410 3931
f 3617 2285 3931
f 2394 2393 3931
f 2393 2396 3931
f 2281 2286 3931
f 2282 2280 3931
f 2398 2399 3931
f 2465 2464 3931
f 2396 2397 3931
f 2470 2469 3931
f 2399 2416 3931
f 2480 2395 3931
f 2459 2480 3931
f 2369 2282 3931
f 2460 2459 3931
f 2415 2411 3931
f 2416 2415 3931
f 2364 2363 3931
f 2286 3617 3931
f 2464 2470 3931
f 2469 3703 3931
f 2285 2465 3931
f 2414 2364 3931
f 2395 2394 3931
f 2363 2367 3931
f 2397 2398 3931
f 2280 2281 3931
f 3703 2460 3931
f 2367 2369 3931
f 3934 3937 3938
f 3934 3939 3935
f 3932 3937 3933
f 3938 3943 3939
f 3937 3940 3941
f 3937 3942 3938
f 3942 3947 3943
f 3941 3944 3945
f 3942 3945 3946
f 3947 3950 3951
f 3944 3949 3945
f 3945 3950 3946
f 3950 3955 3951
f 3949 3952 3953
f 3950 3953 3954
f 3955 3958 3959
f 3953 3956 3957
f 3953 3958 3954
f 3959 3962 3963
f 3957 3960 3961
f 3958 3961 3962
f 3962 3967 3963
f 3960 3965 3961
f 3961 3966 3962
f 3966 3971 3967
f 3965 3968 3969
f 3966 3969 3970
f 3970 3975 3971
f 3968 3973 3969
f 3969 3974 3970
f 3974 3979 3975
f 3973 3976 3977
f 3974 3977 3978
f 3979 3982 3983
f 3976 3981 3977
f 3977 3982 3978
f 3982 3987 3983
f 3981 3984 3985
f 3982 3985 3986
f 3987 3990 3991
f 3984 3989 3985
f 3985 3990 3986
f 3991 3994 3995
f 3989 3992 3993
f 3990 3993 3994
f 3995 3998 3999
f 3992 3997 3993
f 3993 3998 3994
f 3998 4003 3999
f 3997 4000 4001
f 3998 4001 4002
f 4002 4007 4003
f 4000 4005 4001
f 4001 4006 4002
f 4006 4011 4007
f 4005 4008 4009
f 4006 4009 4010
f 4011 4014 4015
f 4008 4013 4009
f 4009 4014 4010
f 4014 4019 4015
f 4013 4016 4017
f 4014 4017 4018
f 4019 4022 4023
f 4016 4021 4017
f 4017 4022 4018
f 4023 4026 4027
f 4021 4024 4025
f 4022 4025 4026
f 4027 4030 4031
f 4024 4029 4025
f 4025 4030 4026
f 4031 4034 4035
f 4029 4032 4033
f 4030 4033 4034
f 4034 4039 4035
f 4032 4037 4033
f 4033 4038 4034
f 4038 4043 4039
f 4037 4040 4041
f 4038 4041 4042
f 4043 4046 4047
f 4040 4045 4041
f 4041 4046 4042
f 4046 4051 4047
f 4045 4048 4049
f 4046 4049 4050
f 4051 4055 4056
f 4048 4054 4049
f 4049 4055 4050
f 4056 4059 4060
f 4053 4058 4054
f 4055 4058 4059
f 3932 4052 3936
f 3936 4052 3940
f 3940 4052 3944
f 3944 4052 3948
f 3948 4052 3952
f 3952 4052 3956
f 3956 4052 3960
f 3960 4052 3964
f 3964 4052 3968
f 3968 4052 3972
f 3972 4052 3976
f 3976 4052 3980
f 3980 4052 3984
f 3984 4052 3988
f 3988 4052 3992
f 3992 4052 3996
f 3996 4052 4000
f 4000 4052 4004
f 4004 4052 4008
f 4008 4052 4012
f 4012 4052 4016
f 4016 4052 4020
f 4020 4052 4024
f 4024 4052 4028
f 4028 4052 4032
f 4032 4052 4036
f 4036 4052 4040
f 4040 4052 4044
f 4044 4052 4048
f 4048 4052 4053
f 4053 4052 4057
f 4060 3934 3935
f 4058 3932 3933
f 4058 3934 4059
f 4057 4052 3932
f 4069 4081 4082
f 4066 4080 4067
f 4065 4077 4078
f 4063 4075 4076
f 4071 4085 4072
f 4069 4083 4070
f 4067 4081 4068
f 4066 4078 4079
f 4063 4077 4064
f 4061 4075 4062
f 4072 4086 4073
f 4071 4083 4084
f 4076 4090 4077
f 4074 4088 4075
f 4086 4098 4099
f 4083 4097 4084
f 4082 4094 4095
f 4079 4093 4080
f 4078 4090 4091
f 4076 4088 4089
f 4085 4097 4098
f 4082 4096 4083
f 4080 4094 4081
f 4079 4091 4092
f 4089 4103 4090
f 4088 4100 4101
f 4098 4112 4099
f 4096 4110 4097
f 4095 4107 4108
f 4092 4106 4093
f 4090 4104 4091
f 4089 4101 4102
f 4097 4111 4098
f 4095 4109 4096
f 4094 4106 4107
f 4092 4104 4105
f 4103 4115 4116
f 4100 4114 4101
f 4112 4124 4125
f 4110 4122 4123
f 4107 4121 4108
f 4105 4119 4106
f 4103 4117 4104
f 4101 4115 4102
f 4110 4124 4111
f 4109 4121 4122
f 4107 4119 4120
f 4105 4117 4118
f 4115 4129 4116
f 4114 4126 4127
f 4124 4138 4125
f 4123 4135 4136
f 4120 4134 4121
f 4119 4131 4132
f 4117 4129 4130
f 4114 4128 4115
f 4124 4136 4137
f 4122 4134 4135
f 4119 4133 4120
f 4117 4131 4118
f 4129 4141 4142
f 4126 4140 4127
f 4138 4150 4151
f 4136 4148 4149
f 4133 4147 4134
f 4131 4145 4132
f 4130 4142 4143
f 4127 4141 4128
f 4137 4149 4150
f 4135 4147 4148
f 4132 4146 4133
f 4131 4143 4144
f 4142 4154 4155
f 4140 4152 4153
f 4150 4164 4151
f 4149 4161 4162
f 4146 4160 4147
f 4144 4158 4145
f 4142 4156 4143
f 4140 4154 4141
f 4149 4163 4150
f 4148 4160 4161
f 4146 4158 4159
f 4144 4156 4157
f 4155 4167 4168
f 4153 4165 4166
f 4163 4177 4164
f 4161 4175 4162
f 4159 4173 4160
f 4158 4170 4171
f 4155 4169 4156
f 4153 4167 4154
f 4163 4175 4176
f 4161 4173 4174
f 4159 4171 4172
f 4156 4170 4157
f 4167 4181 4168
f 4165 4179 4166
f 4176 4190 4177
f 4175 4187 4188
f 4173 4185 4186
f 4170 4184 4171
f 4169 4181 4182
f 4167 4179 4180
f 4175 4189 4176
f 4173 4187 4174
f 4171 4185 4172
f 4170 4182 4183
f 4180 4194 4181
f 4178 4192 4179
f 4190 4202 4203
f 4187 4201 4188
f 4186 4198 4199
f 4183 4197 4184
f 4182 4194 4195
f 4180 4192 4193
f 4189 4201 4202
f 4186 4200 4187
f 4184 4198 4185
f 4183 4195 4196
f 4193 4207 4194
f 4192 4204 4205
f 4202 4216 4203
f 4200 4214 4201
f 4199 4211 4212
f 4196 4210 4197
f 4194 4208 4195
f 4193 4205 4206
f 4201 4215 4202
f 4199 4213 4200
f 4198 4210 4211
f 4196 4208 4209
f 4207 4219 4220
f 4204 4218 4205
f 4216 4228 4229
f 4213 4227 4214
f 4211 4225 4212
f 4209 4223 4210
f 4207 4221 4208
f 4205 4219 4206
f 4214 4228 4215
f 4213 4225 4226
f 4211 4223 4224
f 4209 4221 4222
f 4219 4233 4220
f 4218 4230 4231
f 4228 4242 4229
f 4226 4240 4227
f 4225 4237 4238
f 4223 4235 4236
f 4221 4233 4234
f 4218 4232 4219
f 4228 4240 4241
f 4226 4238 4239
f 4223 4237 4224
f 4221 4235 4222
f 4233 4245 4246
f 4230 4244 4231
f 4242 4254 4255
f 4240 4252 4253
f 4237 4251 4238
f 4235 4249 4236
f 4234 4246 4247
f 4231 4245 4232
f 4241 4253 4254
f 4239 4251 4252
f 4236 4250 4237
f 4235 4247 4248
f 4246 4258 4259
f 4244 4256 4257
f 4254 4268 4255
f 4253 4265 4266
f 4250 4264 4251
f 4248 4262 4249
f 4246 4260 4247
f 4244 4258 4245
f 4253 4267 4254
f 4252 4264 4265
f 4250 4262 4263
f 4248 4260 4261
f 4259 4271 4272
f 4257 4269 4270
f 4267 4281 4268
f 4265 4279 4266
f 4263 4277 4264
f 4262 4274 4275
f 4259 4273 4260
f 4257 4271 4258
f 4266 4280 4267
f 4265 4277 4278
f 4263 4275 4276
f 4260 4274 4261
f 4271 4285 4272
f 4269 4283 4270
f 4281 4293 4294
f 4279 4291 4292
f 4277 4289 4290
f 4274 4288 4275
f 4273 4285 4286
f 4271 4283 4284
f 4280 4292 4293
f 4277 4291 4278
f 4275 4289 4276
f 4274 4286 4287
f 4284 4298 4285
f 4282 4296 4283
f 4294 4306 4307
f 4291 4305 4292
f 4290 4302 4303
f 4287 4301 4288
f 4286 4298 4299
f 4284 4296 4297
f 4293 4305 4306
f 4290 4304 4291
f 4288 4302 4289
f 4287 4299 4300
f 4297 4311 4298
f 4296 4308 4309
f 4306 4320 4307
f 4304 4318 4305
f 4303 4315 4316
f 4300 4314 4301
f 4298 4312 4299
f 4297 4309 4310
f 4305 4319 4306
f 4304 4316 4317
f 4302 4314 4315
f 4300 4312 4313
f 4310 4324 4311
f 4308 4322 4309
f 4320 4332 4333
f 4318 4330 4331
f 4316 4328 4329
f 4313 4327 4314
f 4311 4325 4312
f 4310 4322 4323
f 4318 4332 4319
f 4316 4330 4317
f 4315 4327 4328
f 4312 4326 4313
f 4323 4337 4324
f 4322 4334 4335
f 4332 4346 4333
f 4330 4344 4331
f 4329 4341 4342
f 4327 4339 4340
f 4325 4337 4338
f 4322 4336 4323
f 4332 4344 4345
f 4330 4342 4343
f 4327 4341 4328
f 4325 4339 4326
f 4337 4350 4351
f 4334 4349 4335
f 4346 4359 4360
f 4344 4357 4358
f 4341 4356 4342
f 4340 4353 4354
f 4338 4351 4352
f 4335 4350 4336
f 4345 4358 4359
f 4343 4356 4357
f 4340 4355 4341
f 4338 4353 4339
f 4351 4363 4364
f 4349 4361 4362
f 4359 4373 4360
f 4358 4370 4371
f 4355 4369 4356
f 4354 4366 4367
f 4351 4365 4352
f 4349 4363 4350
f 4358 4372 4359
f 4357 4369 4370
f 4355 4367 4368
f 4352 4366 4353
f 4364 4376 4377
f 4362 4374 4375
f 4373 4385 4386
f 4370 4384 4371
f 4368 4382 4369
f 4367 4379 4380
f 4364 4378 4365
f 4362 4376 4363
f 4372 4384 4385
f 4370 4382 4383
f 4368 4380 4381
f 4365 4379 4366
f 4376 4390 4377
f 4374 4388 4375
f 4385 4399 4386
f 4384 4396 4397
f 4382 4394 4395
f 4379 4393 4380
f 4378 4390 4391
f 4376 4388 4389
f 4384 4398 4385
f 4382 4396 4383
f 4380 4394 4381
f 4379 4391 4392
f 4389 4403 4390
f 4387 4401 4388
f 4399 4411 4412
f 4396 4410 4397
f 4395 4407 4408
f 4393 4405 4406
f 4391 4403 4404
f 4389 4401 4402
f 4398 4410 4411
f 4395 4409 4396
f 4393 4407 4394
f 4391 4405 4392
f 4402 4416 4403
f 4401 4413 4414
f 4411 4425 4412
f 4409 4423 4410
f 4408 4420 4421
f 4406 4418 4419
f 4403 4417 4404
f 4402 4414 4415
f 4410 4424 4411
f 4408 4422 4409
f 4407 4419 4420
f 4404 4418 4405
f 4416 4428 4429
f 4413 4427 4414
f 4425 4437 4438
f 4423 4435 4436
f 4421 4433 4434
f 4418 4432 4419
f 4416 4430 4417
f 4415 4427 4428
f 4423 4437 4424
f 4421 4435 4422
f 4420 4432 4433
f 4418 4430 4431
f 4428 4442 4429
f 4426 4440 4427
f 4437 4451 4438
f 4435 4449 4436
f 4434 4446 4447
f 4432 4444 4445
f 4430 4442 4443
f 4427 4441 4428
f 4437 4449 4450
f 4435 4447 4448
f 4432 4446 4433
f 4430 4444 4431
f 4442 4454 4455
f 4439 4453 4440
f 4451 4463 4464
f 4449 4461 4462
f 4446 4460 4447
f 4444 4458 4445
f 4443 4455 4456
f 4440 4454 4441
f 4450 4462 4463
f 4447 4461 4448
f 4445 4459 4446
f 4444 4456 4457
f 4455 4467 4468
f 4453 4465 4466
f 4463 4477 4464
f 4462 4474 4475
f 4459 4473 4460
f 4457 4471 4458
f 4455 4469 4456
f 4453 4467 4454
f 4462 4476 4463
f 4461 4473 4474
f 4459 4471 4472
f 4457 4469 4470
f 4347 4073 4086
f 4347 4086 4099
f 4347 4099 4112
f 4347 4112 4125
f 4347 4125 4138
f 4347 4138 4151
f 4347 4151 4164
f 4347 4164 4177
f 4347 4177 4190
f 4347 4190 4203
f 4347 4203 4216
f 4347 4216 4229
f 4347 4229 4242
f 4347 4242 4255
f 4347 4255 4268
f 4347 4268 4281
f 4347 4281 4294
f 4347 4294 4307
f 4347 4307 4320
f 4347 4320 4333
f 4347 4333 4346
f 4347 4346 4360
f 4347 4360 4373
f 4347 4373 4386
f 4347 4386 4399
f 4347 4399 4412
f 4347 4412 4425
f 4347 4425 4438
f 4347 4438 4451
f 4347 4451 4464
f 4347 4464 4477
f 4468 4063 4064
f 4466 4061 4062
f 4477 4072 4073
f 4474 4071 4475
f 4472 4069 4473
f 4471 4066 4067
f 4468 4065 4469
f 4466 4063 4467
f 4347 4477 4073
f 4476 4071 4072
f 4474 4069 4070
f 4472 4067 4068
f 4469 4066 4470
f 3935 4465 4060
f 4465 4056 4060
f 4452 4051 4056
f 4439 4047 4051
f 4047 4413 4043
f 4043 4400 4039
f 4039 4387 4035
f 4387 4031 4035
f 4031 4361 4027
f 4361 4023 4027
f 4348 4019 4023
f 4334 4015 4019
f 4015 4308 4011
f 4011 4295 4007
f 4007 4282 4003
f 4282 3999 4003
f 3999 4256 3995
f 4256 3991 3995
f 4243 3987 3991
f 4230 3983 3987
f 3983 4204 3979
f 3979 4191 3975
f 3975 4178 3971
f 4178 3967 3971
f 3967 4152 3963
f 4152 3959 3963
f 4139 3955 3959
f 4126 3951 3955
f 3951 4100 3947
f 3947 4087 3943
f 3943 4074 3939
f 4074 3935 3939
f 4480 4483 4484
f 4480 4485 4481
f 4479 4482 4483
f 4484 4489 4485
f 4482 4487 4483
f 4483 4488 4484
f 4488 4493 4489
f 4487 4490 4491
f 4488 4491 4492
f 4493 4496 4497
f 4490 4495 4491
f 4491 4496 4492
f 4496 4501 4497
f 4495 4498 4499
f 4496 4499 4500
f 4501 4504 4505
f 4498 4503 4499
f 4499 4504 4500
f 4505 4508 4509
f 4503 4506 4507
f 4504 4507 4508
f 4509 4512 4513
f 4506 4511 4507
f 4507 4512 4508
f 4513 4516 4517
f 4511 4514 4515
f 4512 4515 4516
f 4516 4521 4517
f 4514 4519 4515
f 4515 4520 4516
f 4520 4525 4521
f 4518 4523 4519
f 4520 4523 4524
f 4525 4528 4529
f 4522 4527 4523
f 4523 4528 4524
f 4528 4533 4529
f 4527 4530 4531
f 4528 4531 4532
f 4533 4536 4537
f 4530 4535 4531
f 4531 4536 4532
f 4537 4540 4541
f 4534 4539 4535
f 4536 4539 4540
f 4541 4544 4545
f 4539 4542 4543
f 4539 4544 4540
f 4544 4549 4545
f 4542 4547 4543
f 4544 4547 4548
f 4548 4553 4549
f 4547 4550 4551
f 4547 4552 4548
f 4552 4557 4553
f 4551 4554 4555
f 4552 4555 4556
f 4557 4560 4561
f 4554 4559 4555
f 4555 4560 4556
f 4560 4565 4561
f 4559 4562 4563
f 4560 4563 4564
f 4565 4568 4569
f 4562 4567 4563
f 4563 4568 4564
f 4569 4572 4573
f 4567 4570 4571
f 4568 4571 4572
f 4572 4577 4573
f 4570 4575 4571
f 4571 4576 4572
f 4576 4581 4577
f 4575 4578 4579
f 4576 4579 4580
f 4580 4585 4581
f 4578 4583 4579
f 4579 4584 4580
f 4584 4589 4585
f 4583 4586 4587
f 4584 4587 4588
f 4589 4592 4593
f 4586 4591 4587
f 4587 4592 4588
f 4592 4597 4593
f 4591 4594 4595
f 4592 4595 4596
f 4597 4601 4602
f 4594 4600 4595
f 4595 4601 4596
f 4602 4605 4606
f 4600 4603 4604
f 4601 4604 4605
f 4478 4598 4482
f 4482 4598 4486
f 4486 4598 4490
f 4490 4598 4494
f 4494 4598 4498
f 4498 4598 4502
f 4502 4598 4506
f 4506 4598 4510
f 4510 4598 4514
f 4514 4598 4518
f 4518 4598 4522
f 4522 4598 4526
f 4526 4598 4530
f 4530 4598 4534
f 4534 4598 4538
f 4538 4598 4542
f 4542 4598 4546
f 4546 4598 4550
f 4550 4598 4554
f 4554 4598 4558
f 4558 4598 4562
f 4562 4598 4566
f 4566 4598 4570
f 4570 4598 4574
f 4574 4598 4578
f 4578 4598 4582
f 4582 4598 4586
f 4586 4598 4590
f 4590 4598 4594
f 4594 4598 4599
f 4599 4598 4603
f 4606 4480 4481
f 4603 4479 4604
f 4604 4480 4605
f 4603 4598 4478
f 4615 4627 4628
f 4612 4626 4613
f 4611 4623 4624
f 4609 4621 4622
f 4618 4630 4631
f 4615 4629 4616
f 4613 4627 4614
f 4612 4624 4625
f 4609 4623 4610
f 4607 4621 4608
f 4619 4631 4632
f 4617 4629 4630
f 4622 4636 4623
f 4620 4634 4621
f 4632 4644 4645
f 4629 4643 4630
f 4628 4640 4641
f 4626 4638 4639
f 4624 4636 4637
f 4622 4634 4635
f 4631 4643 4644
f 4628 4642 4629
f 4626 4640 4627
f 4624 4638 4625
f 4635 4649 4636
f 4634 4646 4647
f 4644 4658 4645
f 4642 4656 4643
f 4641 4653 4654
f 4639 4651 4652
f 4636 4650 4637
f 4635 4647 4648
f 4643 4657 4644
f 4642 4654 4655
f 4640 4652 4653
f 4637 4651 4638
f 4648 4662 4649
f 4646 4660 4647
f 4658 4670 4671
f 4656 4668 4669
f 4653 4667 4654
f 4651 4665 4652
f 4649 4663 4650
f 4648 4660 4661
f 4656 4670 4657
f 4654 4668 4655
f 4653 4665 4666
f 4651 4663 4664
f 4661 4675 4662
f 4660 4672 4673
f 4670 4684 4671
f 4668 4682 4669
f 4667 4679 4680
f 4665 4677 4678
f 4663 4675 4676
f 4661 4673 4674
f 4670 4682 4683
f 4667 4681 4668
f 4665 4679 4666
f 4663 4677 4664
f 4675 4687 4688
f 4672 4686 4673
f 4684 4696 4697
f 4682 4694 4695
f 4679 4693 4680
f 4678 4690 4691
f 4676 4688 4689
f 4673 4687 4674
f 4683 4695 4696
f 4681 4693 4694
f 4678 4692 4679
f 4676 4690 4677
f 4688 4700 4701
f 4686 4698 4699
f 4696 4710 4697
f 4695 4707 4708
f 4692 4706 4693
f 4691 4703 4704
f 4688 4702 4689
f 4686 4700 4687
f 4695 4709 4696
f 4694 4706 4707
f 4692 4704 4705
f 4689 4703 4690
f 4701 4713 4714
f 4699 4711 4712
f 4710 4722 4723
f 4707 4721 4708
f 4705 4719 4706
f 4704 4716 4717
f 4701 4715 4702
f 4699 4713 4700
f 4709 4721 4722
f 4707 4719 4720
f 4705 4717 4718
f 4702 4716 4703
f 4713 4727 4714
f 4711 4725 4712
f 4723 4735 4736
f 4721 4733 4734
f 4719 4731 4732
f 4716 4730 4717
f 4715 4727 4728
f 4713 4725 4726
f 4721 4735 4722
f 4719 4733 4720
f 4717 4731 4718
f 4716 4728 4729
f 4726 4740 4727
f 4724 4738 4725
f 4736 4748 4749
f 4733 4747 4734
f 4732 4744 4745
f 4730 4742 4743
f 4728 4740 4741
f 4726 4738 4739
f 4735 4747 4748
f 4732 4746 4733
f 4730 4744 4731
f 4728 4742 4729
f 4739 4753 4740
f 4738 4750 4751
f 4748 4762 4749
f 4746 4760 4747
f 4745 4757 4758
f 4743 4755 4756
f 4740 4754 4741
f 4739 4751 4752
f 4747 4761 4748
f 4745 4759 4746
f 4744 4756 4757
f 4741 4755 4742
f 4753 4765 4766
f 4750 4764 4751
f 4762 4774 4775
f 4759 4773 4760
f 4758 4770 4771
f 4755 4769 4756
f 4753 4767 4754
f 4752 4764 4765
f 4760 4774 4761
f 4758 4772 4759
f 4757 4769 4770
f 4755 4767 4768
f 4765 4779 4766
f 4764 4776 4777
f 4774 4788 4775
f 4772 4786 4773
f 4771 4783 4784
f 4769 4781 4782
f 4767 4779 4780
f 4765 4777 4778
f 4774 4786 4787
f 4771 4785 4772
f 4769 4783 4770
f 4767 4781 4768
f 4779 4791 4792
f 4776 4790 4777
f 4788 4800 4801
f 4786 4798 4799
f 4783 4797 4784
f 4782 4794 4795
f 4780 4792 4793
f 4777 4791 4778
f 4787 4799 4800
f 4785 4797 4798
f 4782 4796 4783
f 4780 4794 4781
f 4792 4804 4805
f 4790 4802 4803
f 4800 4814 4801
f 4799 4811 4812
f 4796 4810 4797
f 4795 4807 4808
f 4792 4806 4793
f 4790 4804 4791
f 4799 4813 4800
f 4798 4810 4811
f 4796 4808 4809
f 4793 4807 4794
f 4805 4817 4818
f 4803 4815 4816
f 4814 4826 4827
f 4811 4825 4812
f 4809 4823 4810
f 4808 4820 4821
f 4805 4819 4806
f 4803 4817 4804
f 4813 4825 4826
f 4811 4823 4824
f 4809 4821 4822
f 4806 4820 4807
f 4817 4831 4818
f 4815 4829 4816
f 4826 4840 4827
f 4825 4837 4838
f 4823 4835 4836
f 4820 4834 4821
f 4819 4831 4832
f 4817 4829 4830
f 4825 4839 4826
f 4823 4837 4824
f 4821 4835 4822
f 4820 4832 4833
f 4830 4844 4831
f 4828 4842 4829
f 4840 4852 4853
f 4837 4851 4838
f 4836 4848 4849
f 4834 4846 4847
f 4832 4844 4845
f 4830 4842 4843
f 4839 4851 4852
f 4836 4850 4837
f 4834 4848 4835
f 4832 4846 4833
f 4843 4857 4844
f 4842 4854 4855
f 4852 4866 4853
f 4850 4864 4851
f 4849 4861 4862
f 4847 4859 4860
f 4844 4858 4845
f 4843 4855 4856
f 4851 4865 4852
f 4849 4863 4850
f 4848 4860 4861
f 4845 4859 4846
f 4857 4869 4870
f 4855 4867 4868
f 4866 4878 4879
f 4864 4876 4877
f 4862 4874 4875
f 4859 4873 4860
f 4857 4871 4858
f 4856 4868 4869
f 4864 4878 4865
f 4862 4876 4863
f 4861 4873 4874
f 4859 4871 4872
f 4869 4883 4870
f 4868 4880 4881
f 4878 4892 4879
f 4877 4889 4890
f 4874 4888 4875
f 4873 4885 4886
f 4871 4883 4884
f 4868 4882 4869
f 4878 4890 4891
f 4876 4888 4889
f 4873 4887 4874
f 4871 4885 4872
f 4883 4896 4897
f 4880 4895 4881
f 4892 4905 4906
f 4890 4903 4904
f 4887 4902 4888
f 4885 4900 4886
f 4884 4897 4898
f 4881 4896 4882
f 4891 4904 4905
f 4889 4902 4903
f 4886 4901 4887
f 4885 4898 4899
f 4897 4909 4910
f 4895 4907 4908
f 4905 4919 4906
f 4904 4916 4917
f 4901 4915 4902
f 4899 4913 4900
f 4897 4911 4898
f 4895 4909 4896
f 4904 4918 4905
f 4903 4915 4916
f 4901 4913 4914
f 4899 4911 4912
f 4910 4922 4923
f 4908 4920 4921
f 4919 4931 4932
f 4916 4930 4917
f 4914 4928 4915
f 4913 4925 4926
f 4910 4924 4911
f 4908 4922 4909
f 4918 4930 4931
f 4916 4928 4929
f 4914 4926 4927
f 4911 4925 4912
f 4922 4936 4923
f 4920 4934 4921
f 4931 4945 4932
f 4930 4942 4943
f 4928 4940 4941
f 4925 4939 4926
f 4924 4936 4937
f 4922 4934 4935
f 4930 4944 4931
f 4928 4942 4929
f 4926 4940 4927
f 4925 4937 4938
f 4935 4949 4936
f 4933 4947 4934
f 4945 4957 4958
f 4942 4956 4943
f 4941 4953 4954
f 4938 4952 4939
f 4937 4949 4950
f 4935 4947 4948
f 4944 4956 4957
f 4941 4955 4942
f 4939 4953 4940
f 4938 4950 4951
f 4948 4962 4949
f 4947 4959 4960
f 4957 4971 4958
f 4955 4969 4956
f 4954 4966 4967
f 4951 4965 4952
f 4949 4963 4950
f 4948 4960 4961
f 4956 4970 4957
f 4954 4968 4955
f 4953 4965 4966
f 4951 4963 4964
f 4962 4974 4975
f 4959 4973 4960
f 4971 4983 4984
f 4968 4982 4969
f 4966 4980 4967
f 4964 4978 4965
f 4962 4976 4963
f 4960 4974 4961
f 4969 4983 4970
f 4967 4981 4968
f 4966 4978 4979
f 4964 4976 4977
f 4975 4987 4988
f 4973 4985 4986
f 4983 4997 4984
f 4981 4995 4982
f 4979 4993 4980
f 4978 4990 4991
f 4976 4988 4989
f 4973 4987 4974
f 4983 4995 4996
f 4981 4993 4994
f 4978 4992 4979
f 4976 4990 4977
f 4988 5000 5001
f 4985 4999 4986
f 4997 5009 5010
f 4995 5007 5008
f 4992 5006 4993
f 4991 5003 5004
f 4989 5001 5002
f 4986 5000 4987
f 4996 5008 5009
f 4994 5006 5007
f 4991 5005 4992
f 4989 5003 4990
f 5001 5013 5014
f 4999 5011 5012
f 5009 5023 5010
f 5008 5020 5021
f 5005 5019 5006
f 5004 5016 5017
f 5001 5015 5002
f 4999 5013 5000
f 5008 5022 5009
f 5007 5019 5020
f 5005 5017 5018
f 5002 5016 5003
f 4893 4619 4632
f 4893 4632 4645
f 4893 4645 4658
f 4893 4658 4671
f 4893 4671 4684
f 4893 4684 4697
f 4893 4697 4710
f 4893 4710 4723
f 4893 4723 4736
f 4893 4736 4749
f 4893 4749 4762
f 4893 4762 4775
f 4893 4775 4788
f 4893 4788 4801
f 4893 4801 4814
f 4893 4814 4827
f 4893 4827 4840
f 4893 4840 4853
f 4893 4853 4866
f 4893 4866 4879
f 4893 4879 4892
f 4893 4892 4906
f 4893 4906 4919
f 4893 4919 4932
f 4893 4932 4945
f 4893 4945 4958
f 4893 4958 4971
f 4893 4971 4984
f 4893 4984 4997
f 4893 4997 5010
f 4893 5010 5023
f 5014 4609 4610
f 5012 4607 4608
f 5022 4619 5023
f 5020 4617 5021
f 5018 4615 5019
f 5017 4612 4613
f 5014 4611 5015
f 5012 4609 5013
f 4893 5023 4619
f 5021 4618 5022
f 5020 4615 4616
f 5018 4613 4614
f 5015 4612 5016
f 4481 5011 4606
f 5011 4602 4606
f 4998 4597 4602
f 4985 4593 4597
f 4593 4959 4589
f 4589 4946 4585
f 4585 4933 4581
f 4933 4577 4581
f 4577 4907 4573
f 4907 4569 4573
f 4894 4565 4569
f 4880 4561 4565
f 4561 4854 4557
f 4557 4841 4553
f 4553 4828 4549
f 4828 4545 4549
f 4545 4802 4541
f 4802 4537 4541
f 4789 4533 4537
f 4776 4529 4533
f 4529 4750 4525
f 4525 4737 4521
f 4521 4724 4517
f 4724 4513 4517
f 4513 4698 4509
f 4698 4505 4509
f 4685 4501 4505
f 4672 4497 4501
f 4497 4646 4493
f 4493 4633 4489
f 4489 4620 4485
f 4620 4481 4485
f 4 3 2
f 8 7 6
f 13 16 15
f 17 28 19
f 32 31 30
f 36 35 34
f 37 40 39
f 21 22 23
f 25 26 27
f 41 44 43
f 48 47 46
f 52 51 50
f 53 56 55
f 60 59 58
f 29 30 62
f 66 65 64
f 67 5 6
f 72 71 70
f 76 75 74
f 77 80 79
f 81 84 83
f 59 87 86
f 88 91 90
f 96 95 94
f 100 99 98
f 101 104 103
f 106 105 34
f 108 116 115
f 117 119 36
f 124 127 126
f 131 130 129
f 132 102 134
f 142 141 140
f 148 106 60
f 144 143 127
f 149 152 151
f 156 155 154
f 159 150 158
f 116 108 164
f 171 170 169
f 174 126 173
f 179 182 181
f 186 189 188
f 194 197 196
f 199 142 139
f 206 209 208
f 213 212 211
f 202 215 214
f 96 93 216
f 92 238 43
f 97 184 246
f 250 249 229
f 252 254 58
f 258 257 256
f 260 91 229
f 110 111 112
f 114 264 263
f 265 268 267
f 56 53 270
f 274 273 249
f 185 183 63
f 280 279 278
f 285 284 283
f 288 219 211
f 141 142 92
f 289 290 175
f 148 116 105
f 312 311 170
f 238 262 42
f 318 163 160
f 310 309 308
f 241 239 325
f 160 230 240
f 47 48 307
f 108 109 315
f 345 85 86
f 348 351 350
f 356 359 358
f 355 354 353
f 363 31 32
f 364 252 253
f 366 125 368
f 183 372 371
f 163 162 161
f 209 226 101
f 378 377 165
f 379 295 381
f 383 382 3
f 284 285 386
f 387 127 389
f 391 259 229
f 73 281 397
f 405 408 407
f 203 218 411
f 414 121 413
f 1 356 357
f 277 276 131
f 254 344 57
f 358 384 415
f 417 416 386
f 401 400 192
f 419 389 127
f 421 181 182
f 103 301 302
f 428 367 368
f 380 390 359
f 62 204 266
f 140 141 431
f 357 358 351
f 356 1 379
f 415 392 403
f 437 428 436
f 438 441 440
f 188 451 450
f 265 455 181
f 224 185 64
f 237 212 213
f 275 131 128
f 281 282 460
f 50 462 79
f 73 74 282
f 468 467 466
f 390 355 352
f 482 485 484
f 489 488 487
f 493 496 495
f 472 471 470
f 502 501 500
f 220 221 222
f 512 419 143
f 518 517 511
f 513 239 230
f 205 30 31
f 189 370 451
f 163 318 532
f 533 224 225
f 446 448 447
f 335 541 540
f 544 512 546
f 329 519 291
f 199 534 262
f 385 386 416
f 532 190 191
f 363 117 118
f 578 581 580
f 573 572 571
f 561 563 562
f 241 260 259
f 590 593 592
f 545 546 595
f 503 154 155
f 606 625 624
f 478 481 480
f 646 649 648
f 590 591 689
f 564 565 651
f 728 246 184
f 714 724 716
f 692 574 575
f 541 335 581
f 346 68 248
f 161 231 230
f 128 129 94
f 698 705 704
f 574 577 576
f 290 289 401
f 630 631 725
f 733 736 735
f 755 466 496
f 759 480 481
f 757 763 762
f 764 496 466
f 768 767 3808
f 759 760 488
f 492 474 475
f 474 770 769
f 773 468 465
f 771 774 486
f 484 485 775
f 774 776 489
f 495 496 764
f 495 757 761
f 137 397 784
f 325 239 797
f 165 519 51
f 369 32 29
f 730 731 568
f 90 302 301
f 243 118 516
f 800 734 806
f 817 815 808
f 816 808 823
f 306 303 447
f 815 810 809
f 829 830 828
f 726 725 501
f 274 427 424
f 879 882 881
f 884 883 879
f 219 218 217
f 906 905 904
f 455 204 205
f 898 882 830
f 903 900 880
f 377 291 519
f 923 949 948
f 946 947 951
f 3519 740 739
f 900 899 886
f 225 64 65
f 182 445 442
f 809 952 947
f 954 960 962
f 927 950 965
f 885 879 880
f 925 927 966
f 343 342 341
f 965 964 971
f 968 971 970
f 972 968 969
f 963 961 981
f 336 337 338
f 992 993 827
f 810 815 996
f 1007 1001 1002
f 1012 826 827
f 1011 1009 1007
f 294 293 292
f 907 908 920
f 1017 579 1019
f 1020 1023 1022
f 1035 1024 1020
f 1061 1060 1047
f 1063 1061 1046
f 1044 1020 1021
f 1102 1094 1097
f 1116 1126 1118
f 1016 1015 1014
f 881 897 904
f 816 1116 1127
f 1094 948 949
f 514 342 167
f 146 145 81
f 1133 1135 1130
f 1102 1133 1126
f 822 1126 1116
f 1145 1143 1148
f 1076 1144 1151
f 1148 1143 1086
f 1109 1097 1114
f 1154 1153 1156
f 1153 925 967
f 3464 3497 463
f 1144 1147 1152
f 1156 967 1163
f 1164 1162 1169
f 1145 1171 1176
f 1114 1115 1154
f 1183 1155 1164
f 1184 1183 1177
f 1069 1151 1062
f 1023 1191 1194
f 1162 1163 1170
f 1195 1184 1185
f 1183 1196 1176
f 1201 1063 1152
f 1061 1063 1201
f 3825 847 843
f 1203 1202 1195
f 1202 1201 1184
f 1218 1060 1203
f 1060 1061 1202
f 1225 1218 1217
f 671 695 694
f 1219 1217 1024
f 1217 1203 1034
f 1226 1014 1015
f 1243 1242 1234
f 1231 1230 1229
f 847 1243 1233
f 843 1233 1244
f 1233 1234 1245
f 1923 3761 233
f 2100 2108 499
f 3914 3864 2135
f 61 62 323
f 210 211 217
f 1299 1310 1309
f 3863 1230 1231
f 1066 1047 1321
f 1322 1321 1228
f 1060 1218 1321
f 1325 1324 1323
f 1244 1245 1332
f 1290 1234 1242
f 1337 1330 1339
f 1330 1332 1340
f 1341 1332 1245
f 1342 1340 1332
f 1343 1342 1341
f 1344 1341 1294
f 3857 3856 1345
f 1347 1348 1342
f 3856 3854 1295
f 1349 1350 1348
f 3861 1349 1347
f 3853 1347 1343
f 906 898 829
f 905 906 1353
f 865 1356 1355
f 1355 1353 829
f 1357 1355 825
f 1356 1354 1353
f 3834 1337 1338
f 866 1358 1356
f 1358 1359 1354
f 3828 878 1337
f 838 1362 1012
f 1363 1364 1338
f 1368 1363 1339
f 1348 1368 1340
f 1371 1369 3824
f 524 525 526
f 528 529 530
f 1372 1370 1369
f 535 536 537
f 1367 1368 1348
f 1370 1354 1359
f 1369 1359 3833
f 1373 910 903
f 555 556 557
f 1374 909 910
f 1373 904 905
f 1374 1373 1375
f 1375 905 1354
f 1378 920 908
f 376 373 651
f 1388 928 973
f 586 587 588
f 1390 1389 1388
f 1391 1388 969
f 597 598 599
f 600 601 602
f 1392 1391 970
f 608 609 610
f 612 524 523
f 614 615 616
f 617 618 25
f 620 621 622
f 1397 1390 1391
f 1398 1397 1392
f 1400 987 920
f 1402 1403 1165
f 636 637 638
f 930 1404 1402
f 641 642 643
f 929 1402 1169
f 1404 1405 1403
f 1411 1366 1365
f 1412 1406 1415
f 652 653 654
f 609 656 657
f 659 660 661
f 558 663 586
f 665 666 667
f 1413 1411 1406
f 1418 1416 3810
f 1417 1372 1371
f 1416 1371 3829
f 1419 1417 1416
f 1386 909 1374
f 677 678 679
f 1385 1386 1420
f 1420 1374 1376
f 685 686 687
f 1421 1420 1422
f 528 690 691
f 1422 1376 1372
f 1018 1019 747
f 699 700 701
f 1424 578 579
f 3663 1597 1767
f 700 699 711
f 1093 3746 3754
f 717 718 530
f 721 722 723
f 704 1650 3543
f 19 1429 1426
f 1429 1428 1427
f 1658 1659 3542
f 1439 1437 1434
f 1437 1436 1435
f 1426 1427 1433
f 1442 1431 1432
f 742 743 744
f 1432 1433 1441
f 751 752 753
f 1438 1434 1403
f 1446 1445 1444
f 1447 1448 1446
f 3860 1447 1443
f 1415 1367 1445
f 1414 1415 1446
f 2173 1683 469
f 777 778 779
f 780 781 782
f 1676 1693 1806
f 3859 1451 1349
f 789 790 791
f 745 792 793
f 652 794 795
f 1455 1458 1457
f 1454 1367 1350
f 610 691 802
f 3831 3816 698
f 1352 1044 1045
f 1015 1016 1459
f 811 812 813
f 2118 3815 3817
f 819 820 821
f 1466 1463 1194
f 1467 1468 1465
f 1182 1165 1468
f 832 812 833
f 835 836 837
f 1467 1466 1190
f 1469 1470 1444
f 840 700 712
f 1453 1470 1469
f 599 844 845
f 1226 1450 3849
f 851 852 853
f 855 744 856
f 858 859 860
f 861 862 863
f 1014 1226 3855
f 867 676 868
f 870 871 872
f 874 875 876
f 1310 1323 1471
f 1476 1433 1427
f 1461 1476 1475
f 887 888 889
f 788 791 892
f 894 895 896
f 1460 1475 1227
f 901 902 524
f 1465 1478 1477
f 1865 3503 3500
f 911 912 913
f 916 917 918
f 1850 3505 3507
f 921 922 895
f 1479 1435 1436
f 926 664 667
f 1481 562 563
f 269 1483 84
f 931 932 933
f 934 935 614
f 936 685 688
f 938 659 662
f 1484 270 122
f 941 942 835
f 320 321 509
f 1849 3510 3505
f 84 1483 1484
f 1487 1490 1488
f 1757 1758 3502
f 365 1492 1491
f 461 79 80
f 117 363 362
f 1494 540 541
f 926 601 957
f 1477 1441 1433
f 1709 1588 1585
f 119 117 1496
f 271 1497 504
f 511 517 189
f 345 1496 1492
f 57 344 299
f 1501 1499 268
f 267 268 1499
f 974 975 976
f 1678 1652 1693
f 3846 1682 1807
f 557 982 663
f 983 941 984
f 1443 1444 3849
f 421 1500 268
f 989 990 991
f 1490 1487 418
f 279 280 309
f 997 868 676
f 998 26 999
f 1504 418 38
f 1506 1508 1507
f 360 361 1508
f 1506 1486 207
f 939 1005 1006
f 270 1484 1483
f 66 63 546
f 1010 742 793
f 367 428 437
f 244 31 363
f 1670 3532 3534
f 209 206 1510
f 388 389 426
f 427 274 250
f 161 520 521
f 100 246 45
f 1025 1026 608
f 1029 1030 1031
f 939 662 1033
f 41 42 594
f 1036 780 783
f 702 701 1038
f 1040 1041 1042
f 362 32 369
f 187 1520 477
f 70 1487 539
f 1049 600 603
f 613 867 869
f 860 1050 1051
f 1005 1052 1053
f 753 1055 1056
f 1057 1058 1059
f 293 288 1522
f 288 212 1521
f 292 1522 1523
f 331 1507 1508
f 306 452 453
f 100 44 41
f 462 1524 78
f 330 331 1524
f 635 1067 1068
f 1485 1527 1526
f 206 1485 1528
f 1070 1071 1072
f 942 941 1073
f 916 933 1075
f 440 1529 1530
f 157 158 1514
f 1529 162 5
f 371 595 546
f 790 586 663
f 1077 858 857
f 1403 1434 1435
f 1080 1081 1082
f 531 520 1529
f 21 1083 1084
f 272 1532 1531
f 690 712 802
f 335 3571 3567
f 1090 1030 1029
f 1092 795 794
f 1533 396 137
f 661 660 1095
f 69 444 445
f 1099 1100 1101
f 38 39 1536
f 1104 1105 1106
f 852 1107 1108
f 1377 908 909
f 291 377 411
f 316 1536 516
f 539 1488 1533
f 1505 1536 316
f 1110 1111 1112
f 1539 1537 460
f 522 441 1537
f 834 837 1120
f 1122 1123 1124
f 612 1125 1041
f 935 793 615
f 276 278 130
f 1686 3549 3522
f 193 190 1541
f 231 521 1540
f 556 1037 982
f 365 253 85
f 190 532 318
f 1810 765 3574
f 3924 1867 3512
f 1132 983 985
f 208 101 102
f 1134 1033 662
f 1491 518 80
f 429 133 1542
f 1137 1138 915
f 172 436 428
f 1139 1140 1141
f 549 96 54
f 1517 1519 1518
f 834 1119 984
f 1543 513 286
f 1544 797 239
f 133 134 1544
f 506 361 257
f 420 327 328
f 1158 1159 1160
f 587 1104 1103
f 607 1161 1027
f 304 1546 1545
f 364 1491 77
f 69 70 198
f 700 840 1112
f 3877 626 3525
f 1166 719 657
f 1167 1168 858
f 1300 3523 3524
f 1172 1173 1174
f 218 203 200
f 1179 1180 1181
f 372 183 97
f 89 104 227
f 1186 1187 1188
f 172 173 1517
f 1482 84 81
f 1090 1192 1193
f 394 395 353
f 526 525 1198
f 1199 1200 1026
f 606 623 697
f 1204 1205 1206
f 1207 1208 523
f 1209 1210 867
f 914 913 685
f 1478 1436 1441
f 1029 1028 1161
f 1211 1212 1213
f 3858 1453 1451
f 844 1215 1216
f 423 193 273
f 1220 1221 1222
f 22 1223 1224
f 882 898 897
f 1519 1517 173
f 1189 1188 1232
f 349 350 550
f 1071 1235 1236
f 1237 1238 1239
f 1221 1186 1189
f 1510 1528 1512
f 939 1032 1241
f 1556 1530 5
f 1553 1554 394
f 404 1556 67
f 1247 1248 1249
f 142 199 238
f 1251 1067 635
f 850 1252 1253
f 1254 1167 1077
f 57 132 133
f 443 430 552
f 1187 1172 1175
f 1256 1070 831
f 432 405 382
f 741 748 747
f 434 350 351
f 349 432 383
f 251 124 1481
f 395 384 352
f 1518 1519 1550
f 1558 410 378
f 109 263 314
f 285 1514 1513
f 395 394 393
f 202 203 410
f 417 408 405
f 1246 1257 1258
f 3 1559 297
f 1259 1260 1261
f 403 404 347
f 955 954 953
f 462 50 51
f 1096 1095 687
f 429 147 60
f 896 1264 1265
f 1267 721 1268
f 423 424 327
f 37 179 180
f 20 23 1187
f 1256 1168 1071
f 1188 1175 1269
f 1236 1270 1271
f 1272 536 535
f 565 564 463
f 1273 792 745
f 876 1254 1255
f 316 33 164
f 437 1516 503
f 194 1494 1495
f 1275 1276 864
f 624 625 631
f 1277 1274 1137
f 569 568 567
f 1481 124 125
f 324 325 547
f 1279 1108 1107
f 1525 332 329
f 1281 1278 1137
f 171 168 1553
f 1488 73 396
f 1557 1561 1562
f 1282 856 1206
f 1053 1277 1278
f 778 777 607
f 713 583 3566
f 251 225 144
f 4 357 348
f 709 708 707
f 728 48 45
f 261 135 1563
f 789 1286 1287
f 74 314 263
f 403 284 385
f 1178 1181 1240
f 1223 1259 1289
f 1220 20 1186
f 296 1518 354
f 784 459 1538
f 1181 1180 1291
f 1269 1292 1257
f 1566 1538 438
f 136 784 1566
f 1563 1564 169
f 107 114 109
f 1297 1282 1298
f 1464 1477 1476
f 1520 187 507
f 1301 1302 1303
f 1306 1307 1308
f 175 456 1532
f 1532 456 200
f 1311 1266 1312
f 872 1314 1315
f 3836 843 878
f 1305 1308 864
f 1040 1275 863
f 1564 1566 399
f 592 1576 1575
f 591 1575 1088
f 1581 1584 1583
f 1196 1152 1147
f 710 582 583
f 285 407 408
f 953 954 961
f 1594 1592 1589
f 1585 1588 1587
f 1592 1591 1590
f 3885 945 944
f 1600 1599 1598
f 1604 1603 1602
f 1399 1392 979
f 1589 1590 1596
f 1610 1609 1608
f 298 257 361
f 551 552 276
f 1627 1626 3814
f 859 811 818
f 1078 857 1328
f 1555 439 1530
f 572 573 680
f 772 465 776
f 977 1281 918
f 404 403 392
f 1054 1331 750
f 1644 1645 1643
f 932 1265 1082
f 1067 1333 1334
f 1540 1539 264
f 597 1335 643
f 471 761 762
f 1642 696 3831
f 1644 1642 3842
f 923 946 950
f 96 549 548
f 520 531 522
f 445 444 443
f 849 839 848
f 480 759 755
f 1646 760 481
f 311 426 1567
f 464 463 3497
f 3497 1360 1361
f 234 237 236
f 190 193 192
f 153 154 152
f 231 287 286
f 1552 1553 1551
f 760 1646 1648
f 3832 1647 1649
f 828 827 826
f 52 167 166
f 1663 1662 1661
f 287 107 115
f 668 671 670
f 634 645 640
f 553 560 559
f 118 36 33
f 492 484 491
f 3552 1652 1651
f 582 589 584
f 384 395 392
f 1381 1382 1383
f 1562 1561 435
f 952 953 951
f 3529 3566 583
f 1660 1661 1667
f 1394 1395 1396
f 1660 1665 1664
f 1671 1670 1669
f 1624 1625 1673
f 1407 1408 1409
f 1677 1676 1675
f 1613 1679 1677
f 1679 1678 1676
f 1626 1681 3811
f 534 199 198
f 803 733 734
f 400 248 191
f 65 66 143
f 3526 1657 1656
f 402 159 157
f 629 628 627
f 461 477 49
f 758 757 495
f 796 787 786
f 406 407 1513
f 342 343 166
f 1694 1659 1658
f 1692 1687 1694
f 3557 1693 1652
f 3921 1704 1703
f 326 547 302
f 3916 3921 1702
f 3919 3918 1698
f 1699 1691 3927
f 1557 406 1560
f 1127 1116 1117
f 400 401 289
f 1706 1702 1707
f 1707 1702 1599
f 1709 1706 1708
f 1714 1712 1711
f 3919 3915 1709
f 1704 1711 1577
f 1716 1714 1713
f 1559 1562 1549
f 1722 1721 1720
f 1335 597 596
f 410 411 377
f 973 1170 1163
f 168 169 399
f 1571 682 1089
f 1572 681 682
f 749 646 647
f 1730 1724 1723
f 1594 1582 1729
f 1729 1723 1591
f 1384 1378 1377
f 1732 1731 1712
f 1724 1730 1731
f 1722 1724 1732
f 1721 1722 1733
f 1734 1733 1716
f 1735 1737 1736
f 1733 1732 1714
f 1663 1664 1741
f 1742 1665 1740
f 1738 1739 1737
f 1665 1660 1666
f 1665 1742 1744
f 1725 1726 1746
f 1591 1725 1745
f 1590 1745 1747
f 1745 1746 1748
f 1659 1688 3538
f 3287 1760 3545
f 1185 1177 1182
f 1664 1744 1749
f 1741 1749 1739
f 1746 1742 1743
f 1726 1744 1742
f 1115 924 1153
f 1654 3546 3575
f 1896 3562 3549
f 1720 1749 1744
f 1721 1739 1749
f 1750 1718 1701
f 1697 1736 1750
f 1151 1152 1063
f 1751 1752 1670
f 1695 1658 1752
f 961 962 986
f 1770 1769 1768
f 1766 1594 1593
f 1731 1759 1579
f 1579 1777 1774
f 3928 1772 1771
f 1764 1772 3928
f 1777 1776 1775
f 3762 3763 1699
f 1004 1127 1128
f 1774 1775 1771
f 987 1400 1399
f 1578 1774 1772
f 1783 1782 1781
f 1597 1598 1770
f 639 1878 3895
f 3928 3929 1769
f 1793 1792 1789
f 3929 3920 1798
f 3508 3516 3773
f 1802 1867 3924
f 1788 1790 1794
f 1793 1794 1795
f 3773 3772 1675
f 1584 1581 1783
f 1771 1797 3920
f 1801 1799 1798
f 1768 1769 1798
f 1775 1796 1797
f 508 514 515
f 1796 1803 1802
f 1800 1798 3920
f 1794 1805 1804
f 3532 1670 1752
f 485 1808 1807
f 3809 3844 1640
f 3837 3844 1810
f 485 482 1640
f 1690 1691 3770
f 487 488 1648
f 3839 1813 1816
f 3838 1811 1648
f 3839 1812 1811
f 1812 1809 487
f 1641 1809 767
f 465 466 755
f 767 1815 3823
f 3822 1816 3826
f 1809 1812 1815
f 3837 1653 1651
f 675 672 3541
f 1814 1649 1822
f 1821 1822 3821
f 1824 1822 1649
f 1827 1849 1850
f 1668 1669 1662
f 1779 1780 1848
f 1790 1827 1805
f 1833 1836 1853
f 3521 3506 693
f 1614 1615 1616
f 1852 1853 3498
f 1620 1621 1622
f 1855 1765 1574
f 1847 1852 3501
f 1766 1765 1855
f 1629 1630 1631
f 1633 1622 1634
f 1635 1636 1637
f 1848 1833 1852
f 1855 1861 1863
f 1803 1866 1867
f 1862 1863 1831
f 1782 1855 1862
f 3922 3924 1865
f 1873 1872 1870
f 1874 1869 799
f 2045 3878 3897
f 1219 1345 1295
f 1615 1614 1396
f 3884 3895 1877
f 645 3898 3786
f 1345 1219 1035
f 634 639 3884
f 15 1887 1327
f 3910 3895 1878
f 1894 604 605
f 3506 3551 627
f 3560 640 645
f 340 341 454
f 1897 194 195
f 1889 1882 1877
f 1901 94 129
f 196 749 754
f 1705 1704 3921
f 340 378 166
f 1570 1480 563
f 1904 1494 194
f 1781 1862 1832
f 1905 549 55
f 1000 994 995
f 986 919 920
f 1191 1185 1190
f 2094 2077 2075
f 1920 1921 1919
f 453 454 1912
f 1915 1919 1918
f 3882 2112 2106
f 1655 3575 3531
f 1916 1918 1926
f 704 3554 3561
f 278 1916 1925
f 3565 3564 1818
f 1097 949 1115
f 1927 1928 727
f 3578 3579 3654
f 1920 310 307
f 1929 307 48
f 503 504 1497
f 1902 1903 787
f 1816 1821 3820
f 1925 1926 1923
f 1535 1569 1568
f 254 252 258
f 1509 1497 366
f 119 86 35
f 219 288 293
f 141 46 47
f 542 205 244
f 1940 552 430
f 1779 1828 1827
f 1701 1710 3915
f 1661 3550 3515
f 270 53 754
f 197 1947 749
f 1727 1728 1212
f 53 54 232
f 1465 1468 1479
f 1284 3862 3854
f 1951 446 412
f 168 398 1554
f 1486 1485 206
f 506 77 78
f 994 1001 1007
f 951 953 963
f 1013 3859 3861
f 3826 3820 1820
f 1498 1909 1954
f 299 298 543
f 1754 1755 1756
f 1681 469 1683
f 1696 1694 1695
f 13 14 738
f 473 476 475
f 482 1641 768
f 204 62 30
f 1761 1762 820
f 611 1763 1125
f 1501 1503 1908
f 1074 1073 711
f 1960 1944 82
f 120 1956 1960
f 35 86 87
f 1773 1199 1025
f 1965 1545 1569
f 494 761 471
f 1966 1967 1969
f 446 1951 1971
f 174 368 125
f 1580 1579 1578
f 1785 1786 1787
f 1972 1546 304
f 1254 876 875
f 1973 341 342
f 321 1912 1973
f 1910 277 275
f 509 1973 514
f 1486 1507 1527
f 1974 1874 804
f 1977 1976 1974
f 1980 448 1966
f 379 1 2
f 1718 1715 1710
f 884 995 992
f 1680 1684 1678
f 902 990 525
f 344 255 256
f 135 138 137
f 448 446 1967
f 589 605 604
f 910 909 908
f 1981 1966 1968
f 1982 1981 1987
f 1988 1979 1987
f 1990 1988 1989
f 1991 1989 1993
f 322 321 320
f 992 828 830
f 1144 1076 1086
f 1995 1977 1978
f 1133 1129 1118
f 1997 1995 1994
f 870 1823 1335
f 805 806 1982
f 727 184 2000
f 1996 1994 1988
f 1994 1978 1979
f 1829 616 792
f 1830 1073 941
f 798 803 800
f 729 732 731
f 2011 2012 2023
f 1834 1835 846
f 402 283 284
f 2022 2023 2024
f 1838 718 989
f 810 955 952
f 1823 1839 1840
f 1430 1426 1432
f 1215 844 1841
f 1316 1208 873
f 2112 1401 1384
f 1842 1843 1844
f 1159 846 845
f 837 27 1846
f 1971 1951 2030
f 517 369 370
f 1471 2026 2027
f 3551 3525 626
f 2174 2175 770
f 935 934 1854
f 1613 1619 1611
f 1231 1228 1225
f 1856 1857 891
f 1300 1309 748
f 1150 1149 1858
f 1643 606 696
f 1215 1265 1264
f 1320 1860 902
f 1956 1943 1944
f 2031 668 669
f 2034 1325 1310
f 1879 1880 1656
f 40 245 242
f 1992 1993 2039
f 888 958 957
f 1882 1889 1996
f 1078 1138 1255
f 1871 912 1192
f 294 411 218
f 1323 2041 2026
f 123 1960 83
f 1324 2036 2041
f 384 358 359
f 1324 1325 2038
f 1883 1884 1885
f 287 1540 114
f 1096 1886 1134
f 915 1329 931
f 806 1980 1981
f 3533 3529 584
f 1425 2030 2042
f 1018 2042 1948
f 3562 1896 740
f 1948 2042 649
f 1881 1882 1990
f 1900 129 130
f 992 995 994
f 923 927 925
f 3878 2045 2047
f 1643 2048 625
f 2050 2052 2051
f 2045 1405 1404
f 3876 2047 945
f 1139 1080 1079
f 1037 1856 892
f 2055 2053 2057
f 1198 989 718
f 1619 2058 1612
f 2058 1605 1606
f 2059 2060 1607
f 2058 1619 1624
f 71 72 179
f 405 406 1557
f 322 1548 1972
f 2061 2052 2063
f 2066 2065 2067
f 2052 2061 2064
f 1609 1610 2066
f 1515 151 152
f 1009 827 993
f 1644 3843 3815
f 279 1915 1916
f 1285 3863 3862
f 1647 2066 1825
f 2056 2057 2067
f 319 320 1953
f 667 666 1913
f 2070 631 625
f 2052 2050 2055
f 2038 1654 1655
f 1606 1601 2073
f 1235 1917 1270
f 2072 2073 2075
f 2059 1606 2072
f 2074 2075 2077
f 1601 1602 2078
f 2049 2048 1643
f 1000 1004 1001
f 1089 943 684
f 1931 1286 1306
f 1462 1459 1021
f 1932 1933 1934
f 875 874 1846
f 1936 1051 1937
f 44 45 46
f 1534 1955 1956
f 1541 318 317
f 2081 2082 2084
f 146 1945 1959
f 1360 1941 1942
f 985 984 1032
f 1995 1997 1892
f 2079 2080 2082
f 2095 2096 2076
f 2081 2093 2078
f 2055 2050 2054
f 501 2096 2095
f 2097 2100 2099
f 2098 2099 2094
f 2140 2141 3893
f 2141 2046 3894
f 2051 2070 2048
f 592 2102 2101
f 2071 2064 2076
f 2102 2097 2098
f 593 2103 2102
f 1019 1895 746
f 1950 11 12
f 725 2071 2096
f 1385 2105 2104
f 1379 2104 2106
f 2107 2108 2100
f 3908 726 502
f 3896 502 499
f 940 1389 2109
f 928 929 1170
f 3868 590 684
f 1962 1963 1964
f 3878 680 573
f 2039 1993 1968
f 1389 1390 2110
f 1398 2111 2113
f 3757 3755 3753
f 3911 3883 2107
f 949 923 924
f 260 241 324
f 1390 1397 2113
f 2070 2051 2064
f 3867 3911 2103
f 2105 1385 1421
f 2114 1421 1423
f 3892 2114 2115
f 3908 2105 2114
f 554 2116 1902
f 972 1163 967
f 1765 1593 1573
f 1984 1985 1986
f 2053 2117 2069
f 3573 3556 724
f 1625 1677 1674
f 3881 3888 2119
f 3903 2115 2123
f 56 1954 1906
f 626 3877 3879
f 2001 2002 2003
f 3912 3841 2127
f 2006 2007 2008
f 2127 1413 1412
f 2014 2015 2016
f 2018 2019 2020
f 1495 1424 1947
f 1379 1377 1386
f 3814 3811 1680
f 2029 1885 1884
f 3902 2128 2120
f 629 3879 3914
f 682 683 943
f 724 1650 2121
f 1757 1819 3821
f 765 1810 3844
f 3851 714 715
f 706 707 3870
f 981 986 987
f 1457 1868 1656
f 2017 2016 2032
f 1458 1655 1868
f 1776 1777 1792
f 1959 1945 1946
f 3663 3715 3725
f 3913 3881 2122
f 1093 1089 689
f 966 965 968
f 3852 715 3881
f 2172 3577 2170
f 670 2138 2137
f 3761 787 1903
f 1429 19 28
f 964 963 978
f 3841 3813 1413
f 1473 1474 669
f 3834 3833 1359
f 2138 798 1870
f 1872 1473 2137
f 715 716 3888
f 1881 1991 1992
f 3843 3842 739
f 1837 1847 3513
f 253 58 59
f 1808 3837 3840
f 1647 3832 3818
f 3865 3866 671
f 2112 3882 3883
f 1405 2045 2044
f 3829 3824 1364
f 273 1541 391
f 576 632 3520
f 3875 3865 668
f 1430 1431 2140
f 2136 3850 3860
f 1430 2139 18
f 3893 3894 570
f 1442 1439 2046
f 1431 1442 2141
f 3869 3913 3850
f 3808 3823 1817
f 3866 3893 695
f 2142 2025 798
f 571 2143 2142
f 3819 3814 1618
f 2143 2022 2025
f 694 2142 2138
f 681 1572 2144
f 2144 2011 2022
f 328 210 457
f 1572 2010 2011
f 630 3892 3903
f 2085 2086 2087
f 2090 2091 2092
f 572 2144 2143
f 1875 1976 2153
f 1873 1875 2149
f 2103 2107 2097
f 2157 2043 2155
f 2128 1412 1414
f 3874 3871 589
f 3872 3870 628
f 2149 2153 2158
f 2159 2158 3905
f 698 3907 3902
f 3823 3847 3827
f 2158 2156 3874
f 1438 2044 2046
f 2035 2154 2160
f 2161 2160 3889
f 3871 3891 605
f 3873 17 18
f 370 29 61
f 649 1951 413
f 2153 2157 2156
f 1428 1429 1449
f 1490 76 73
f 3890 3905 710
f 2155 1891 3891
f 1456 1457 1880
f 2125 2088 2087
f 2160 2159 3890
f 300 1959 505
f 1064 1062 1046
f 2043 1892 1891
f 2129 2130 2004
f 2131 2132 2133
f 3848 3849 1450
f 1998 1975 804
f 3879 673 3864
f 474 492 490
f 1164 1165 1182
f 707 2162 3909
f 708 1472 2162
f 2162 2161 3886
f 548 549 1905
f 1145 1136 1114
f 705 2121 1650
f 2043 2157 1977
f 737 738 554
f 1034 1195 1191
f 458 1905 1907
f 195 196 232
f 2040 2039 1969
f 2145 2146 2147
f 2054 2050 2049
f 3832 1646 1639
f 9 12 11
f 252 364 506
f 472 478 479
f 1865 3924 3791
f 900 903 910
f 1941 2150 2151
f 1921 1928 1927
f 2163 1897 1898
f 271 156 153
f 1904 1326 12
f 282 263 264
f 1872 1873 2154
f 1326 1904 1897
f 628 692 693
f 1724 1722 1719
f 1549 1562 436
f 1582 1583 1730
f 1921 1920 1929
f 3563 3511 10
f 2152 2037 1950
f 475 772 774
f 769 2172 2171
f 2171 2165 476
f 476 773 772
f 1791 565 464
f 2166 2167 2168
f 595 371 372
f 483 1809 1641
f 762 2174 2173
f 771 483 484
f 486 487 1809
f 297 1549 1517
f 763 2175 2174
f 776 755 759
f 184 185 2176
f 412 447 303
f 2005 2176 185
f 3811 1681 1682
f 2164 2170 756
f 1472 2035 2161
f 950 951 964
f 2177 2178 2179
f 227 226 1510
f 2182 2183 2184
f 2186 2019 2018
f 1985 2182 2181
f 214 736 729
f 865 849 842
f 849 865 1357
f 559 3187 3188
f 16 13 737
f 560 553 498
f 3193 3196 3195
f 3200 3197 3198
f 3211 3214 3213
f 3215 3218 3217
f 2187 2188 2002
f 2169 2168 2189
f 2192 2086 2085
f 2193 2194 2195
f 2198 2199 2200
f 1998 1982 1979
f 3664 3665 3668
f 2116 1898 1903
f 1859 2006 2009
f 3904 2123 2126
f 1135 1148 1087
f 2201 2202 2015
f 1149 111 110
f 3221 3222 3218
f 2203 2204 2205
f 579 580 1895
f 1755 2207 2208
f 3891 3910 1893
f 1211 2151 2150
f 868 997 2210
f 944 945 930
f 2130 2129 2202
f 233 1903 1898
f 665 751 750
f 1167 1254 999
f 2211 2212 2213
f 2215 2216 2217
f 3867 593 590
f 2220 221 220
f 823 824 948
f 3225 3220 3227
f 266 204 455
f 3882 2108 2107
f 2221 2222 3519
f 2223 2224 2225
f 2207 2125 2124
f 673 674 3869
f 817 1000 996
f 2227 2228 2146
f 1947 1948 646
f 3900 2135 17
f 2229 1635 1638
f 1679 1613 1618
f 1637 2231 2232
f 2233 2234 1617
f 2231 2235 2236
f 1381 1638 2238
f 3586 2241 2242
f 1630 2234 2233
f 1681 1626 472
f 1408 1407 2243
f 3236 3239 3238
f 3232 3241 3240
f 1637 2230 2238
f 3237 3238 3233
f 1409 1408 1634
f 1380 1383 2247
f 1628 2248 2245
f 2249 1623 1622
f 1632 1634 1408
f 2248 1628 1631
f 2235 2231 1637
f 3245 3246 3199
f 631 2070 2071
f 515 167 52
f 782 781 2251
f 2253 2254 2255
f 397 281 459
f 1456 2039 2040
f 2040 2041 2036
f 1401 2112 2111
f 2041 2040 1970
f 1535 121 414
f 1586 1587 2080
f 2256 983 1132
f 1700 1699 3918
f 3815 1896 1686
f 1263 2256 1886
f 598 1841 844
f 2257 2258 2259
f 2258 2261 2262
f 2259 2262 2263
f 2260 2259 2216
f 1967 1971 1970
f 2212 1964 1963
f 922 921 2218
f 1312 1098 1101
f 1307 1306 1286
f 1548 1569 1546
f 2266 2267 2268
f 2265 2268 2270
f 2272 2265 2269
f 2273 2266 2265
f 2275 2276 2277
f 2278 2274 2277
f 2284 2285 3617
f 2287 2283 2286
f 2288 2289 2283
f 2290 2284 3639
f 2291 2292 2293
f 2295 2291 2294
f 2296 2297 2291
f 2297 2298 2292
f 2294 2293 2299
f 2279 2294 2300
f 2298 2301 2302
f 2292 2302 2303
f 2293 2303 2304
f 2304 2305 2306
f 2308 2309 2310
f 2302 2307 2310
f 2301 2311 2307
f 2312 2308 2307
f 2313 2314 2315
f 2318 2319 2320
f 3748 3771 2322
f 2324 2325 2273
f 2313 2324 2326
f 2328 2324 2313
f 2329 2325 2324
f 2331 2332 2333
f 2330 2333 2267
f 2325 2330 2266
f 2329 2331 2330
f 2333 2334 2335
f 2336 2334 2333
f 2338 2336 2332
f 2331 2339 2337
f 2329 2340 2339
f 2328 2341 2340
f 2316 2342 2341
f 2342 2316 2315
f 2344 2345 2346
f 2341 2344 2347
f 2342 2348 2344
f 2348 2349 2345
f 2350 2351 2352
f 2339 2350 2353
f 2340 2347 2350
f 2347 2346 2351
f 2337 2353 2354
f 2353 2352 2355
f 2356 2277 2276
f 2356 2357 2358
f 2356 2359 2296
f 2279 2277 2356
f 2360 2361 2270
f 2267 2335 2360
f 2362 2363 2364
f 2362 2365 2361
f 2366 2362 2358
f 2366 2367 2363
f 2357 2276 2368
f 2366 2368 2369
f 2276 2275 2370
f 2368 2370 2282
f 2372 2373 2374
f 2375 2376 2377
f 2378 2379 2380
f 2382 2378 2381
f 2384 2385 2378
f 2385 2386 2379
f 2388 2389 2390
f 2387 2390 2392
f 2393 2394 2387
f 2394 2395 2388
f 2186 2401 2402
f 2403 2404 2327
f 2272 2403 2326
f 2271 2405 2403
f 2405 2406 2404
f 2404 2407 2408
f 2409 2410 2411
f 2409 2412 2271
f 2413 2409 2269
f 2413 2414 2410
f 2417 2415 2416
f 2417 2418 2406
f 2412 2417 2405
f 2411 2415 2417
f 2406 2419 2407
f 3569 3520 632
f 2420 2398 2397
f 2420 2421 2423
f 2424 2420 2422
f 2424 2399 2398
f 2425 2391 2392
f 2421 2425 2426
f 2397 2396 2425
f 2396 2393 2391
f 2427 2314 2408
f 2430 2427 2428
f 2343 2315 2427
f 2432 2343 2430
f 2431 2430 2429
f 2435 2431 2433
f 2436 2432 2431
f 2428 2408 2407
f 2422 2437 2407
f 2438 2437 2422
f 2429 2428 2437
f 2440 2434 2433
f 2441 2439 2433
f 2442 2443 2439
f 2443 2444 2440
f 2445 2446 2444
f 2447 2445 2443
f 2383 2381 2445
f 2381 2380 2446
f 2448 2438 2423
f 2449 2448 2426
f 2441 2448 2449
f 2441 2429 2438
f 2449 2392 2390
f 2450 2390 2389
f 2447 2450 2451
f 2442 2449 2450
f 2451 2389 2453
f 2452 2453 2455
f 2382 2452 2454
f 2383 2451 2452
f 2456 2457 2373
f 2459 2460 2461
f 2463 2464 2465
f 2462 2465 2285
f 2466 2462 2284
f 2467 2463 2462
f 2461 2460 3703
f 2468 2469 2470
f 2472 2468 2471
f 2474 2461 3701
f 2475 2476 2477
f 2458 2455 2453
f 2479 2453 2389
f 2395 2480 2479
f 2480 2459 2458
f 2481 2482 2483
f 2484 113 2485
f 2471 2470 2464
f 2473 2471 2463
f 2487 2467 2466
f 2486 2466 2290
f 2490 2486 2488
f 2491 2487 2486
f 2492 2473 2467
f 2493 2492 2487
f 2494 2495 2492
f 2495 2472 2473
f 3690 2496 2474
f 3691 2497 2496
f 2498 2494 2493
f 2500 2498 2499
f 3700 3687 2498
f 3687 3691 2494
f 2306 2504 2278
f 2305 2505 2504
f 2504 2505 2507
f 2506 2507 2288
f 2274 2506 2508
f 2278 2504 2506
f 3633 3632 2489
f 3620 3633 2488
f 2507 2509 2289
f 2505 2510 2509
f 2508 2288 2287
f 2511 2287 2281
f 2370 2511 2280
f 2275 2508 2511
f 2512 2490 2489
f 2514 2512 2513
f 2517 2512 2514
f 2517 2491 2490
f 2499 2493 2491
f 2499 2517 2516
f 2510 2505 2519
f 2518 2519 2521
f 3616 2518 2520
f 3632 2510 2518
f 2522 2304 2303
f 2523 2522 2310
f 2305 2304 2522
f 2524 2522 2523
f 2519 2524 2525
f 2505 2305 2524
f 2308 2312 2527
f 2526 2527 2529
f 2531 2526 2528
f 2309 2308 2526
f 1214 2532 2151
f 2419 2406 2418
f 2533 2345 2349
f 2534 2533 2317
f 2535 2536 2533
f 2536 2346 2345
f 2537 2351 2346
f 2538 2537 2536
f 2539 2540 2537
f 2540 2352 2351
f 2312 2355 2541
f 2527 2541 2542
f 2543 2435 2434
f 2545 2543 2544
f 2319 2318 2543
f 2318 2436 2435
f 2514 2515 2548
f 2547 2548 2550
f 2552 2547 2549
f 2552 2516 2514
f 2520 2521 2554
f 2553 2554 2556
f 3590 2553 2555
f 3621 2520 2553
f 2523 2309 2531
f 2557 2531 2530
f 2525 2523 2557
f 2559 2557 2558
f 2554 2559 2560
f 2521 2525 2559
f 2561 2375 2007
f 2376 2562 2225
f 2564 2565 2566
f 2563 2566 338
f 2569 2563 2567
f 2570 2564 2563
f 2572 2573 2574
f 2571 2574 2576
f 2544 2571 2575
f 2544 2434 2572
f 2578 2570 2569
f 2579 2577 2569
f 2574 2577 2579
f 2573 2578 2577
f 2581 2582 2583
f 2584 2580 2583
f 3697 3675 2580
f 3676 2581 2580
f 2582 2516 2552
f 2583 2552 2551
f 2500 2501 2589
f 2590 2588 2589
f 3693 3695 2588
f 3695 3700 2500
f 2501 2516 2591
f 2592 2593 2594
f 2386 2385 2503
f 2596 2379 2386
f 2596 2374 2373
f 2599 2596 2597
f 2599 2380 2379
f 2600 2446 2380
f 2600 2599 2598
f 2603 2600 2601
f 2603 2444 2446
f 2604 2603 2602
f 2440 2604 2605
f 2444 2603 2604
f 2606 2582 2581
f 2606 2607 2590
f 2591 2516 2582
f 3676 2587 2456
f 3689 2456 2372
f 2478 2477 2608
f 2609 2610 2611
f 2564 2570 2613
f 2612 2613 2598
f 2457 2612 2597
f 2565 2564 2612
f 2614 2613 2570
f 2615 2614 2578
f 2602 2601 2614
f 2601 2598 2613
f 2572 2434 2605
f 2616 2605 2602
f 2573 2572 2616
f 1459 1016 1045
f 1265 1215 1079
f 1612 1608 1609
f 2067 2057 2069
f 1135 1109 1136
f 1938 1937 2618
f 95 548 458
f 2058 1607 1608
f 1454 1469 1445
f 655 2620 1048
f 722 1049 2621
f 1131 985 1033
f 562 1481 366
f 1723 1719 1725
f 1786 1123 1122
f 267 300 323
f 1325 2034 1654
f 1468 1165 1435
f 658 657 529
f 8 532 247
f 382 1557 1559
f 788 619 1307
f 940 930 929
f 911 2622 2623
f 2621 2620 655
f 2624 1857 2625
f 998 1846 27
f 635 638 2626
f 2627 641 644
f 2628 2627 1840
f 1200 1199 2627
f 1199 1773 641
f 1520 515 49
f 1452 1350 1349
f 2630 2631 1859
f 644 643 1335
f 1197 1198 717
f 2632 717 719
f 2628 2632 1166
f 2629 1197 2632
f 1762 2633 1050
f 1823 870 873
f 2634 2635 794
f 1042 794 2635
f 93 94 1901
f 2036 2038 1458
f 1527 332 1525
f 877 876 1274
f 134 409 797
f 1328 893 931
f 607 777 1091
f 1043 2635 2637
f 2636 2637 2639
f 1275 2636 2638
f 1275 1040 1043
f 1272 2624 2626
f 2640 2626 638
f 1110 2641 2640
f 536 1272 2640
f 1472 708 1474
f 2042 2030 1951
f 1058 1106 1105
f 2642 2623 2643
f 1192 2642 2644
f 912 2623 2642
f 3898 1657 3526
f 1049 1048 2620
f 616 1829 1885
f 1331 1913 666
f 990 989 1198
f 1911 1912 321
f 1298 1282 1205
f 76 1490 1504
f 1502 1500 421
f 610 609 658
f 1146 937 659
f 2646 911 914
f 1280 1239 1238
f 1453 1454 1452
f 835 942 1843
f 1271 1270 1173
f 1893 1878 1826
f 1050 2633 1937
f 2651 2652 814
f 1006 1053 1281
f 2653 1084 2654
f 1001 1004 1003
f 585 997 679
f 2624 1272 621
f 555 678 2028
f 1207 526 1197
f 1626 1627 478
f 426 389 419
f 1030 1193 1773
f 3898 645 634
f 534 1533 138
f 1125 1092 1042
f 333 228 88
f 569 1570 561
f 1489 2656 871
f 1857 2624 620
f 1673 1674 3770
f 622 861 864
f 619 788 891
f 261 544 545
f 393 1555 1556
f 2658 2659 2647
f 1075 2658 2657
f 1081 1080 2658
f 1080 1139 2659
f 2644 2643 1141
f 2660 1141 1140
f 642 2660 1336
f 1193 2644 2660
f 679 678 555
f 1503 1501 1500
f 1318 1317 1101
f 2661 2659 1139
f 2661 1142 2663
f 2662 2647 2659
f 2662 2663 2622
f 2664 2622 911
f 2648 2664 2646
f 2648 2647 2662
f 2083 2094 2093
f 1442 1440 1437
f 519 329 330
f 1885 2029 1209
f 799 800 805
f 1946 1943 1952
f 1302 1301 1253
f 566 2005 224
f 1389 940 928
f 683 682 681
f 836 835 1842
f 2665 1842 1845
f 2666 2665 1303
f 24 836 2665
f 831 1072 2650
f 1845 1844 1304
f 2010 2013 2012
f 1051 1936 2667
f 1522 1521 1511
f 531 440 441
f 1250 635 2625
f 2669 2625 1857
f 783 2669 1856
f 782 1250 2669
f 720 2670 2671
f 1055 1931 1930
f 1333 1067 1251
f 619 622 1308
f 652 655 2619
f 521 522 1539
f 1838 988 537
f 2672 537 536
f 1113 2672 2641
f 1113 527 1838
f 1016 1013 1351
f 3897 573 570
f 226 227 104
f 3564 3669 3827
f 1036 1037 1884
f 2674 1301 1304
f 2673 1304 1844
f 1334 2673 2675
f 1333 2674 2673
f 2676 702 1039
f 1843 2676 2675
f 942 1074 2676
f 1074 699 702
f 752 1057 1055
f 1200 1166 656
f 1120 1846 874
f 2677 874 877
f 1241 2677 1052
f 1119 1120 2677
f 1560 1513 151
f 1208 1316 611
f 215 735 736
f 1460 1459 1462
f 1208 1207 1839
f 854 856 1282
f 72 445 182
f 544 1563 1565
f 217 200 456
f 2047 1404 930
f 1204 2618 1937
f 913 777 686
f 840 527 1113
f 1531 729 730
f 2678 778 1283
f 601 667 1914
f 1537 1538 459
f 1819 1757 3509
f 991 1860 862
f 2679 711 1073
f 2680 1830 983
f 779 2680 2256
f 778 2678 2680
f 2678 2679 1830
f 180 542 245
f 1886 1132 1131
f 1138 1137 1274
f 1841 598 1140
f 75 313 314
f 193 423 420
f 2681 2682 1099
f 170 1567 1565
f 349 416 417
f 1121 1124 2684
f 547 797 409
f 123 122 121
f 2643 2663 1142
f 1542 1544 513
f 899 900 907
f 1210 677 676
f 791 663 982
f 24 27 837
f 893 896 932
f 1860 1320 863
f 535 538 862
f 1569 1548 1547
f 181 455 542
f 660 659 937
f 2013 567 568
f 887 890 2631
f 1524 1508 361
f 520 161 162
f 2653 855 854
f 1238 1237 2655
f 718 1838 527
f 1492 1493 518
f 792 616 615
f 599 846 1835
f 290 457 456
f 312 171 1552
f 1248 2687 1179
f 153 149 177
f 1240 1181 1222
f 1257 1292 1235
f 1291 1084 1083
f 1052 877 1277
f 743 742 2618
f 444 140 430
f 23 1224 1172
f 2687 2654 1180
f 102 103 409
f 1283 607 610
f 373 497 650
f 1180 2654 1084
f 855 2653 2655
f 1173 1270 1917
f 2689 850 853
f 2688 853 1108
f 2686 2688 1279
f 2687 2689 2688
f 2691 1302 1252
f 2690 1252 850
f 1248 2690 2689
f 1248 1247 2691
f 2692 617 24
f 2691 2692 2666
f 1247 1258 2692
f 1258 1168 617
f 394 1554 1555
f 2693 1260 1259
f 1072 1236 1262
f 1257 1071 1168
f 398 439 1555
f 871 1784 1314
f 1178 1232 1249
f 1224 1289 1173
f 1010 2617 2618
f 1175 1174 1292
f 2654 2687 2686
f 2694 1157 1216
f 71 418 1487
f 701 1112 1111
f 1072 1261 2649
f 1085 2695 22
f 895 2694 1264
f 1601 1606 1605
f 1259 1262 1271
f 21 20 1220
f 988 991 538
f 598 597 1336
f 1050 860 818
f 1298 2645 1761
f 1168 1167 618
f 858 1168 1256
f 39 242 516
f 2652 1761 819
f 313 316 315
f 2026 1970 1971
f 2656 1489 596
f 814 819 818
f 2696 2651 813
f 1260 2696 2649
f 2693 2697 2696
f 2697 1296 2651
f 381 355 390
f 3818 3819 1611
f 1475 1427 1428
f 1292 1174 1917
f 1551 353 354
f 1526 1525 1523
f 1593 1589 1595
f 1232 1269 1246
f 2695 2693 1223
f 2698 1297 1296
f 2698 2697 2693
f 2685 2698 2695
f 2685 854 1297
f 562 1497 271
f 2652 2651 1296
f 1365 1366 1364
f 1958 1946 1953
f 585 588 2210
f 1561 1560 1515
f 975 2648 1146
f 347 67 68
f 1038 1111 636
f 2700 781 780
f 2699 780 1036
f 2701 2699 1883
f 851 2700 2699
f 2674 1333 2251
f 2702 2251 781
f 1253 2702 2700
f 1301 2674 2702
f 1519 387 388
f 1273 1239 1280
f 2703 1280 1107
f 2701 2703 852
f 1829 1273 2703
f 91 260 326
f 1784 871 2656
f 2683 2684 2705
f 604 1894 3499
f 1669 3534 3548
f 2062 2063 2060
f 621 535 861
f 2023 731 732
f 686 779 1263
f 857 1051 2668
f 883 830 882
f 637 636 1111
f 2668 894 893
f 2667 921 894
f 1039 1038 1068
f 313 75 1504
f 1911 1972 305
f 1936 2706 1964
f 2707 2402 2401
f 2708 2707 2183
f 738 2163 2116
f 2349 2348 2432
f 2711 2712 2020
f 2400 2711 2019
f 2714 2715 2716
f 2717 2718 2719
f 2721 2722 2723
f 2726 2727 2728
f 2725 2728 2730
f 2731 2725 2729
f 2732 2726 2725
f 2734 2735 2736
f 2738 2739 2740
f 2737 2740 2741
f 2744 2745 2746
f 2745 2744 2748
f 2749 2750 2747
f 2753 2749 2751
f 2250 1380 2246
f 2754 1396 1614
f 3598 2754 2755
f 3608 2745 2747
f 1617 2756 2755
f 2242 2758 1620
f 2191 2085 2760
f 2761 2759 2760
f 3648 2759 2761
f 3623 2191 2759
f 3209 3248 3223
f 1395 1394 2236
f 1395 2235 1636
f 1616 1635 2229
f 1617 2234 2763
f 2756 2763 3628
f 2765 2763 2234
f 2766 2764 3628
f 3202 3199 3246
f 1516 437 435
f 2768 2769 3552
f 1495 541 578
f 2135 2136 28
f 3526 3540 2773
f 1690 1689 3926
f 2778 2779 2780
f 2777 2780 2781
f 2784 2778 2777
f 3555 3521 575
f 1494 1904 9
f 3529 2016 2015
f 451 61 505
f 2786 2787 2788
f 2779 2786 2785
f 2789 2752 2741
f 2790 2753 2752
f 2792 2793 2794
f 2793 2795 2796
f 2796 2797 2750
f 2794 2796 2749
f 2798 1393 1396
f 3591 2798 2754
f 2798 2799 2800
f 3591 3662 2799
f 2797 2796 2795
f 2791 2794 2753
f 216 233 232
f 3804 2806 2807
f 3805 2809 2804
f 2769 2810 3557
f 183 185 184
f 2811 2812 2775
f 2804 2811 2776
f 2809 2813 2811
f 2812 2811 2813
f 3805 2808 2816
f 3796 2818 2815
f 3798 3800 2820
f 3793 2823 2819
f 2824 2736 2735
f 2823 2825 2824
f 2825 2823 2826
f 3793 2822 2827
f 3796 2817 2826
f 2713 2716 2829
f 2828 2829 2831
f 2822 2821 2828
f 2821 2820 2713
f 2832 2827 2822
f 2833 2832 2830
f 2834 2835 2832
f 2835 2818 2827
f 2837 2838 2839
f 2836 2839 2841
f 2842 2836 2840
f 2843 2837 2836
f 2840 2841 2845
f 2718 2844 2845
f 2730 2728 2844
f 2727 2840 2844
f 2846 2845 2841
f 2829 2846 2847
f 2847 2841 2839
f 2848 2839 2838
f 2833 2848 2849
f 2831 2847 2848
f 2850 2814 2851
f 2853 2850 2852
f 2783 2777 2782
f 2785 2788 2853
f 2780 2785 2856
f 2857 2858 2855
f 2859 2857 2782
f 2861 2843 2842
f 2860 2842 2727
f 2862 2860 2726
f 2863 2861 2860
f 2861 2863 2858
f 2843 2861 2857
f 2856 2853 2854
f 2781 2856 2864
f 2837 2843 2859
f 2838 2837 2864
f 2852 2851 2834
f 2854 2852 2849
f 2865 2815 2818
f 2851 2865 2835
f 2813 2809 2815
f 2814 2813 2865
f 2866 2812 2814
f 2788 2866 2850
f 2866 2788 2787
f 2812 2866 2867
f 1892 1889 1890
f 2720 2719 2846
f 298 299 256
f 2872 2714 2713
f 3794 3800 2735
f 2729 2730 2874
f 2846 2716 2715
f 2876 2877 2878
f 2733 2875 2878
f 3806 3807 2879
f 3806 2880 2872
f 2882 2883 2884
f 2881 2884 2715
f 2880 2881 2714
f 2879 2882 2881
f 2885 2886 2887
f 2888 2889 2890
f 2885 2890 2892
f 2893 2886 2885
f 1942 2151 2532
f 2895 2892 2720
f 2884 2895 2870
f 2883 2896 2895
f 2896 2891 2892
f 2889 2874 2717
f 2890 2717 2720
f 2897 2893 2891
f 2898 2897 2896
f 2899 2898 2883
f 2900 2899 2882
f 3797 2900 2879
f 2876 2902 2901
f 2901 2902 2904
f 1785 2656 1835
f 2905 2906 2899
f 2907 2908 2897
f 3797 2901 2903
f 632 576 577
f 3532 3547 2867
f 434 385 550
f 2768 2770 3640
f 2910 2911 1623
f 2241 2912 2758
f 3640 2770 2913
f 1623 2911 2757
f 3587 2242 2757
f 2229 1381 1380
f 2765 1630 1629
f 2915 2914 1629
f 3642 3641 2914
f 3641 3622 2765
f 2919 2916 3642
f 2918 2915 2912
f 3614 2918 2241
f 3618 2919 3613
f 3541 2177 2180
f 3521 2002 2188
f 3705 3573 714
f 2925 2766 2917
f 2924 2917 2916
f 3610 2924 2919
f 3611 2925 2924
f 2926 2927 2766
f 3658 2926 2925
f 1715 1713 1705
f 785 497 498
f 1387 651 565
f 374 375 1899
f 3573 2203 2206
f 2929 2930 2886
f 2932 2933 2934
f 1905 1906 1908
f 2930 2935 2936
f 2938 2935 2930
f 1493 369 517
f 1603 1585 1586
f 2939 2938 2929
f 2940 2939 2908
f 3665 1707 1600
f 2886 2930 2937
f 2906 2907 2898
f 2908 2929 2893
f 2942 2934 2933
f 2941 2933 2937
f 3501 2941 2936
f 3498 2942 2941
f 2943 2944 2710
f 2943 2873 2874
f 2945 2943 2889
f 2946 2944 2943
f 2932 2945 2888
f 2931 2946 2945
f 727 1928 1929
f 2903 2904 2947
f 545 594 42
f 1480 1570 533
f 2907 2906 2949
f 2906 2905 2950
f 1558 452 215
f 3799 2903 2948
f 2054 1645 1644
f 3705 3684 2203
f 1828 1837 1849
f 2953 2954 2955
f 2952 2955 2957
f 2956 2261 2258
f 2953 2952 2258
f 2454 2455 2474
f 3747 2958 2959
f 3747 2132 2131
f 2961 2962 2963
f 2958 2963 2964
f 222 221 2485
f 2477 2226 2966
f 2631 2561 2006
f 2384 2454 2496
f 2967 2968 2959
f 2968 2967 2970
f 3759 2033 2971
f 3784 2971 2960
f 2972 2971 2033
f 2007 2377 2973
f 3560 3559 2134
f 1836 1833 1832
f 3506 2188 2090
f 955 810 959
f 672 675 674
f 633 710 713
f 2024 732 733
f 2025 2024 803
f 425 1552 1550
f 2975 2976 888
f 1319 1158 1157
f 1212 1935 2977
f 889 957 2228
f 1978 1974 1975
f 1138 1078 1329
f 751 665 2979
f 1619 1613 1625
f 2252 2255 1728
f 1157 1160 845
f 2706 1936 1938
f 2980 2255 2254
f 2982 2975 887
f 802 712 711
f 678 677 2029
f 527 840 690
f 1839 1207 2629
f 2983 2984 602
f 2983 1914 1913
f 2985 2983 1331
f 2986 2984 2983
f 2987 2637 2635
f 2985 2988 2639
f 2990 1319 1318
f 2991 2992 2993
f 2995 2991 2994
f 1106 1058 2991
f 1058 1057 2992
f 1415 1406 1365
f 1317 922 2217
f 1932 1728 2255
f 926 2998 2999
f 3001 2993 2992
f 3000 2992 1057
f 2999 3000 2978
f 2998 3001 3000
f 3002 2998 2209
f 3002 3003 2996
f 2993 3001 3002
f 1103 1106 2995
f 3004 2995 2996
f 2209 2210 3004
f 588 1103 3004
f 295 296 433
f 2638 2639 2988
f 3005 2988 1056
f 1305 3005 1930
f 1276 2638 3005
f 1987 1968 1993
f 2633 1762 1761
f 1423 1422 1417
f 3561 3517 739
f 2671 2670 2704
f 1473 1872 2035
f 922 1317 2694
f 1401 1400 1378
f 556 2028 1884
f 842 848 3825
f 1854 2706 2617
f 933 1082 1081
f 1440 1441 1436
f 529 657 719
f 1031 1025 1027
f 777 913 912
f 2645 1205 1204
f 441 438 1538
f 790 1287 587
f 2065 2066 1610
f 1860 991 990
f 60 106 87
f 1424 1017 1948
f 332 1527 1507
f 261 262 138
f 187 188 449
f 1719 1720 1726
f 1931 1055 1059
f 3006 1059 1105
f 1287 3006 1104
f 1286 1931 3006
f 3007 3008 3009
f 3009 3008 653
f 618 999 26
f 2029 677 1210
f 957 601 600
f 1049 2146 2228
f 2631 890 3011
f 890 889 2227
f 3011 2227 2145
f 2561 3011 3012
f 1026 656 609
f 2706 1854 1961
f 3013 2965 2485
f 2148 2147 1267
f 3015 1267 1266
f 2997 2264 1101
f 642 641 1773
f 186 477 461
f 1041 1040 1320
f 1121 3016 3017
f 2984 2986 2987
f 3018 2987 2634
f 1048 603 3018
f 603 602 2984
f 2679 2678 801
f 2062 2072 2074
f 2061 2074 2076
f 414 303 1545
f 3016 1121 2683
f 3019 2683 2704
f 3020 3019 2670
f 3007 3016 3019
f 1871 1090 1091
f 3021 1787 1122
f 3022 3021 3017
f 1314 3021 3022
f 1784 1787 3021
f 1316 1315 1763
f 3023 3022 3010
f 3023 3009 795
f 1763 3023 1092
f 1315 3022 3023
f 3016 3007 3010
f 752 751 2978
f 2986 2639 2637
f 3024 654 653
f 3020 3024 3008
f 720 723 3024
f 723 2621 654
f 2681 1098 1268
f 2671 3025 1268
f 2705 2681 3025
f 1313 3026 3027
f 3026 3028 3029
f 3027 3029 3030
f 1311 3027 3031
f 2012 568 731
f 917 2657 974
f 743 1206 856
f 1888 2027 2030
f 2682 2705 2684
f 3032 2684 1124
f 1100 3032 2989
f 1099 2682 3032
f 1123 2990 2989
f 3033 1834 1159
f 2990 3033 1158
f 1123 1786 3033
f 1786 1785 1834
f 1054 1056 2988
f 2979 665 664
f 2623 2622 2663
f 1095 660 688
f 3034 3035 2261
f 3036 3034 2956
f 3037 3038 3034
f 3038 3039 3035
f 3040 3041 3026
f 2263 3042 3041
f 3042 3039 3043
f 3041 3043 3028
f 3044 3045 3043
f 3046 3047 3045
f 3047 3048 3049
f 3043 3045 3049
f 3038 3037 3051
f 3050 3051 3053
f 3052 3046 3044
f 3039 3038 3050
f 3054 3035 3039
f 3042 2263 2262
f 2261 3035 3054
f 2216 2263 2997
f 2212 2211 2667
f 3056 868 2209
f 934 3057 1961
f 2013 3755 3757
f 3058 3059 3060
f 3059 3062 3063
f 3060 3063 2213
f 3061 3060 1963
f 3063 3064 2214
f 3062 3065 3064
f 3065 2257 2260
f 3064 2260 2215
f 3066 3067 3031
f 2608 2966 3067
f 2966 2562 3068
f 3031 3067 3068
f 2455 2458 2461
f 2476 2223 2226
f 3551 2090 2089
f 3526 2774 3769
f 433 354 355
f 2115 1423 1419
f 3509 2868 2922
f 3769 3737 2131
f 3069 2611 2167
f 2971 2972 2928
f 2961 2774 2773
f 3070 2475 2478
f 2610 2609 3071
f 2502 2371 2374
f 3072 2592 2595
f 2964 3046 3052
f 3048 2593 3074
f 2593 2592 3075
f 3075 3030 3029
f 3074 3029 3028
f 3072 3076 3075
f 3076 3072 2482
f 2481 2608 3066
f 3076 3066 3030
f 2967 3052 3053
f 2482 3072 3073
f 479 480 493
f 706 3900 3873
f 3561 2194 2221
f 2013 2010 3754
f 3533 2032 2016
f 3562 3519 2222
f 1171 1154 1155
f 2586 2566 2565
f 2982 110 113
f 2562 2376 3077
f 2376 2375 3012
f 3012 2145 2148
f 3077 2148 3015
f 2963 3047 3046
f 3051 3078 2970
f 1683 2173 491
f 3850 2122 1447
f 1986 2181 3734
f 3079 3080 2546
f 3081 3079 2575
f 1983 1986 3768
f 3082 2323 2319
f 3080 3082 2545
f 3734 3732 3082
f 3732 3748 2323
f 1309 1471 1888
f 3073 2595 2772
f 2760 3083 3084
f 2760 2085 2088
f 3085 3084 3086
f 3089 3085 3090
f 3089 2762 3084
f 3092 3088 3090
f 3093 2748 2744
f 2751 2747 2748
f 3093 2741 2752
f 2742 2741 3093
f 3094 3093 2743
f 3096 3097 3098
f 3099 3096 3087
f 3097 3094 3095
f 3100 2743 2746
f 3101 2927 3102
f 2764 2766 2927
f 2745 2764 3101
f 3102 3092 3091
f 3100 3091 3095
f 2869 2802 3592
f 3102 3103 3104
f 3658 2868 2869
f 2927 2926 3103
f 3098 3095 3091
f 3087 3098 3090
f 2088 2125 3105
f 3083 3105 3086
f 2483 3073 2771
f 2401 2186 2185
f 3099 3086 3105
f 2125 2207 3106
f 3108 2737 2742
f 3107 2742 3094
f 3110 3108 3107
f 3109 3107 3097
f 3111 3109 3096
f 3112 3110 3109
f 3113 2738 2737
f 3115 2723 2722
f 3117 3115 3114
f 3119 3117 3116
f 3118 3116 3120
f 3116 3114 3113
f 3122 3112 3111
f 3122 3123 1755
f 3124 3125 3126
f 3125 3118 3121
f 3128 3119 3118
f 3129 3128 3125
f 2020 2712 3128
f 3853 3857 1346
f 1065 1046 1047
f 1814 3838 3830
f 2021 2020 3129
f 3111 3099 3106
f 3123 3106 2207
f 2377 2225 2224
f 3014 2485 113
f 1756 2208 3782
f 3131 3132 2530
f 3133 3131 2528
f 1753 1756 3767
f 3134 3124 3127
f 2327 2408 2314
f 2436 2318 2317
f 2018 2021 3711
f 2534 3136 3137
f 2320 2322 3136
f 2185 2018 3712
f 3138 3139 2542
f 3134 3135 3744
f 3785 3130 3134
f 3140 3138 2539
f 2535 3137 3140
f 3711 2021 3130
f 2558 2530 3132
f 3782 3760 3141
f 2560 2558 3141
f 3760 3777 3142
f 958 888 2976
f 1933 1932 2980
f 2399 2424 2418
f 2348 2342 2343
f 2322 2320 2319
f 2718 2717 2874
f 2709 2729 2873
f 2894 2871 1361
f 346 289 176
f 1876 1877 1882
f 2802 2803 3607
f 3104 3144 3088
f 2974 2222 3649
f 3089 3145 2761
f 3088 3144 3145
f 2803 2974 3603
f 3870 3909 692
f 2123 1419 1418
f 1365 1363 1368
f 1581 1766 1782
f 3569 2202 2129
f 3555 2003 2002
f 3146 2585 2551
f 3751 3146 3147
f 3742 3149 3146
f 3149 2584 2585
f 3196 3198 3197
f 3604 2192 2191
f 3142 3150 2556
f 3777 3778 3150
f 3646 3152 2550
f 3150 3151 2555
f 3778 3780 3151
f 3788 3781 3152
f 3153 3147 2551
f 3152 3153 2549
f 3781 3776 3153
f 3776 3750 3147
f 3148 2767 2206
f 2183 2401 2321
f 2132 2960 2928
f 3684 3685 2204
f 3719 2198 2197
f 2594 2962 2773
f 2595 2594 2951
f 1870 798 799
f 3713 2179 2178
f 3706 2178 3736
f 336 3154 3774
f 339 3155 3154
f 3789 3683 3149
f 3683 3697 2584
f 2963 2962 3048
f 3722 3730 337
f 339 338 2566
f 3156 3157 2168
f 2610 3156 2167
f 2954 2953 3156
f 3157 3156 2953
f 3707 2166 2169
f 2567 3158 3159
f 337 3158 2567
f 3730 3069 2166
f 3764 2190 1983
f 2579 3160 3081
f 2568 3159 3160
f 3709 2169 2190
f 3065 3062 3162
f 3161 3162 1984
f 3157 3161 2189
f 2257 3065 3161
f 734 735 1922
f 3059 3058 2708
f 3163 2708 2182
f 3162 3163 1985
f 3062 3059 3163
f 3203 3206 3205
f 2122 2119 1448
f 3817 1686 1685
f 139 140 444
f 1570 569 566
f 2957 3164 3165
f 2955 3166 3164
f 1912 454 341
f 3130 3129 3124
f 1548 322 319
f 1949 1950 1327
f 2969 2970 3078
f 3167 3078 3169
f 3724 2014 2017
f 3720 2017 2033
f 3168 3169 3165
f 3170 3165 3164
f 3779 3170 3171
f 3724 3168 3170
f 3171 3164 3166
f 3172 3166 3071
f 3752 3172 3173
f 3756 3171 3172
f 3169 3037 3036
f 2593 3048 2962
f 3173 3071 2609
f 3174 2609 2199
f 3783 3174 2198
f 3749 3173 3174
f 2190 2189 1984
f 2196 2195 2767
f 2119 2120 1414
f 1464 1463 1466
f 2199 2611 3069
f 2457 2456 2587
f 2226 2225 2562
f 481 478 1627
f 333 1512 235
f 3078 3051 3037
f 3040 2264 2997
f 2219 1934 1933
f 2385 2384 2497
f 221 2220 3175
f 2220 1933 3143
f 3175 3143 2976
f 2484 3175 2975
f 2954 3071 3166
f 2630 1858 110
f 1547 319 1952
f 2091 2090 2188
f 3733 3736 2178
f 1918 1919 1927
f 3563 112 111
f 955 956 960
f 2037 3014 112
f 3143 2980 2981
f 2218 2211 2214
f 672 3877 3787
f 2152 3013 3014
f 1147 1144 1143
f 2248 2246 1409
f 1615 1636 1635
f 1410 1409 2246
f 3241 3243 3242
f 1382 3176 3177
f 3177 1410 2247
f 2247 1383 3177
f 3176 2238 2230
f 1410 3177 3179
f 3179 3180 2243
f 1633 3181 2800
f 1621 1620 2758
f 1622 1621 2245
f 2236 1394 3181
f 2237 2236 3182
f 2250 1631 2233
f 2912 1629 1628
f 135 136 1564
f 1567 419 512
f 1085 1084 2653
f 3184 869 868
f 869 3184 3057
f 1266 1268 1098
f 1267 2147 722
f 937 1146 2646
f 2146 1049 722
f 2211 2218 921
f 1957 510 507
f 1313 1312 2264
f 1496 362 1493
f 2887 2937 2933
f 1687 1688 1659
f 145 1499 1498
f 37 38 418
f 1935 1934 3185
f 104 89 301
f 2101 2098 2083
f 543 298 360
f 1934 2219 3186
f 234 1521 212
f 3845 3821 1822
f 1976 1875 1874
f 223 3186 2219
f 3655 3656 3605
f 2165 2164 467
f 467 468 2165
f 773 476 2165
f 1935 1212 1728
f 3240 3225 3226
f 3261 3249 3250
f 3215 3216 3244
f 3265 3221 3215
f 3267 3245 3198
f 3205 3206 3269
f 3214 3211 3265
f 3271 3213 3214
f 3251 3252 3239
f 3222 3221 3266
f 3232 3235 3234
f 3216 3242 3243
f 3196 3193 3268
f 3244 3243 3254
f 3238 3239 3247
f 3264 3244 3255
f 3253 3242 3216
f 3211 3266 3221
f 3257 3217 3218
f 3258 3222 3272
f 3274 3275 3280
f 3228 3229 3262
f 3275 3231 3281
f 3226 3227 3273
f 3236 3263 3260
f 3281 3263 3236
f 3287 3271 3192
f 3235 3226 3280
f 3234 3280 3281
f 3288 3290 3259
f 3260 3250 3276
f 3289 3212 3278
f 3210 3209 3224
f 3199 3202 3201
f 3228 3231 3230
f 3290 3288 3285
f 3282 3279 3271
f 3260 3263 3262
f 3243 3241 3268
f 3267 3268 3241
f 3194 3207 3208
f 3191 3270 3269
f 3270 3191 3192
f 3275 3274 3230
f 3264 3269 3270
f 3252 3251 3276
f 3248 3252 3291
f 3213 3271 3279
f 3272 3266 3289
f 3277 3278 3212
f 3228 3263 3281
f 3220 3225 3253
f 3219 3253 3217
f 3256 3218 3222
f 3247 3239 3252
f 3245 3267 3232
f 3266 3211 3212
f 3208 3205 3255
f 3288 3289 3284
f 3204 3205 3208
f 560 1899 3187
f 3209 3210 3201
f 3189 3192 3191
f 448 1980 807
f 647 648 122
f 1833 1848 1780
f 510 509 508
f 3210 1949 1887
f 1887 15 3200
f 15 16 3197
f 16 3188 3195
f 3195 3188 3187
f 3194 3187 1899
f 3207 1899 375
f 387 173 126
f 3189 1791 1760
f 3577 763 757
f 763 3577 2172
f 3583 3582 3580
f 3581 3580 3579
f 3594 3597 3596
f 3400 3601 3602
f 3626 3624 3625
f 3631 3635 3599
f 3636 3637 3595
f 3647 3584 3588
f 3650 3582 3584
f 3653 3579 3580
f 3653 2176 3654
f 1801 1864 3656
f 3651 3580 3582
f 3644 3638 3595
f 1767 1768 3659
f 1597 3663 3661
f 1708 1707 3665
f 3671 3668 3667
f 3666 3667 3673
f 1588 1708 3664
f 2080 3671 3666
f 2082 3666 3672
f 3674 3677 3635
f 3677 3678 3636
f 3682 3647 3645
f 3692 3651 3650
f 3681 3645 3644
f 786 3694 3692
f 3694 3653 3651
f 785 3692 3686
f 497 3686 3682
f 650 3682 3681
f 3696 564 3681
f 3405 3606 3605
f 3702 3699 3678
f 3699 3698 3679
f 3645 3588 3638
f 1799 3657 3659
f 3708 3704 3458
f 3462 3710 3708
f 3714 463 564
f 3615 3606 3602
f 3710 3714 3696
f 3635 3636 3596
f 3629 3626 3627
f 3597 3600 3599
f 3630 3716 3715
f 3627 3625 3597
f 3717 3716 3723
f 3715 3663 3660
f 3716 3717 3725
f 3668 3665 3661
f 3668 3725 3717
f 3667 3717 3718
f 3727 3728 3673
f 3728 1576 3672
f 3726 3727 3718
f 1576 2101 2084
f 3727 3726 3731
f 3203 376 1387
f 3190 1387 1791
f 3283 2152 1949
f 317 240 259
f 2000 2176 3653
f 3601 3599 3600
f 3589 3588 3584
f 3577 758 756
f 3585 3584 3582
f 3678 3679 3637
f 3204 375 376
f 1801 3655 3657
f 3729 3735 3728
f 1575 3735 3738
f 3735 1575 1576
f 1776 1795 1796
f 1293 1294 1290
f 1326 14 1327
f 1294 1245 1234
f 878 1244 1330
f 497 373 374
f 122 648 413
f 3699 3702 3704
f 3606 3405 3401
f 3708 3710 3698
f 3464 3714 3710
f 3704 3674 3443
f 439 398 399
f 1512 1528 1526
f 1668 1741 1738
f 839 849 1362
f 1362 1357 826
f 3843 740 1896
f 2053 2054 2118
f 3888 3887 2120
f 696 697 3816
f 1826 1878 639
f 3740 3739 3729
f 956 885 886
f 1980 806 1922
f 33 34 105
f 1343 1344 3856
f 3907 2127 2128
f 1766 1581 1582
f 14 1326 2163
f 595 98 99
f 3233 3238 3246
f 1346 1035 1044
f 748 1888 1425
f 3193 3208 3254
f 3190 3191 3206
f 3612 3605 3606
f 3624 3612 3615
f 3631 3415 3443
f 3679 3680 3644
f 3686 3650 3647
f 3702 3677 3674
f 3625 3615 3600
f 3601 3400 3415
f 3739 3738 3735
f 3630 3627 3594
f 3741 3723 3716
f 1284 1290 1288
f 3698 3696 3680
f 1778 1781 1780
f 1792 1759 1584
f 695 570 571
f 3638 3741 3594
f 3741 3638 3588
f 3247 3248 3209
f 3292 3293 3294
f 3296 3297 3298
f 3299 3298 3300
f 3302 3303 3304
f 3306 3307 3308
f 3307 3310 3311
f 3303 3302 3301
f 3312 3305 3304
f 3314 3315 3316
f 3318 3319 3320
f 3324 3318 3321
f 3326 3327 3328
f 3329 3330 3331
f 3333 3334 3335
f 3337 3338 3339
f 3333 3336 3341
f 3342 3341 3343
f 3319 3345 3344
f 3338 3335 3334
f 3346 3301 3302
f 3305 3348 3347
f 3312 3224 3223
f 3350 3337 3340
f 3312 3349 3348
f 3352 3343 3341
f 3311 3353 3354
f 3341 3336 3327
f 3359 3360 3361
f 3360 3359 3250
f 3318 3363 3345
f 3364 3363 3318
f 3314 3364 3324
f 3366 3299 3301
f 3299 3366 3367
f 3308 3354 3368
f 3369 3317 3295
f 3317 3369 3364
f 3370 3295 3317
f 3325 3371 3365
f 3352 3320 3319
f 3296 3367 3353
f 3297 3296 3311
f 3363 3368 3354
f 3345 3354 3353
f 3344 3353 3367
f 3366 3333 3342
f 3347 3339 3334
f 3339 3347 3348
f 3348 3349 3351
f 3363 3364 3369
f 3294 3309 3368
f 3293 3306 3309
f 3331 3373 3374
f 3346 3334 3333
f 3323 3322 3352
f 3356 3355 3321
f 3355 3357 3325
f 3357 3358 3371
f 3322 3356 3320
f 3361 3330 3329
f 3373 3372 3375
f 3374 3375 3376
f 3329 3332 3376
f 3327 3375 3372
f 3336 3335 3375
f 3335 3338 3376
f 3376 3338 3337
f 3337 3350 3359
f 3359 3350 3276
f 3377 3292 3295
f 3277 3316 3315
f 3371 3378 3379
f 3378 3371 3358
f 3365 3379 3315
f 3316 3277 3279
f 3282 3377 3370
f 3313 3283 3224
f 3378 3285 3284
f 3380 3286 3285
f 3379 3284 3278
f 3276 3350 3351
f 3291 3351 3349
f 3313 3304 2965
f 2965 3304 3303
f 222 3303 3300
f 223 3300 3298
f 3298 3297 3185
f 3297 3310 2977
f 3310 3307 1213
f 3307 3306 1214
f 2532 1214 3306
f 2894 2532 3293
f 2871 2894 3292
f 3253 3225 3240
f 3283 3313 3013
f 1997 1996 1889
f 1237 745 744
f 1535 1534 120
f 1531 1532 201
f 1119 1241 1032
f 946 948 824
f 163 8 5
f 3589 3726 3723
f 1155 1156 1162
f 427 213 327
f 553 1902 796
f 3381 2232 2231
f 3381 3178 2230
f 2237 3183 3180
f 3383 3384 3385
f 3384 3386 3387
f 3386 3388 3389
f 3388 3390 3391
f 3392 3393 3394
f 3395 3394 3396
f 3398 3399 3397
f 3400 3401 3399
f 3403 3404 3405
f 3406 3407 3404
f 3408 3409 3407
f 3410 3411 3409
f 3412 3413 3411
f 3415 3400 3398
f 3414 3398 3396
f 3416 3396 3394
f 3417 3394 3393
f 3393 3419 3420
f 3419 3390 3421
f 3390 3388 3422
f 3388 3386 3423
f 3386 3384 3424
f 3384 3383 3425
f 3425 3383 3426
f 2904 3427 3428
f 3429 3427 2904
f 3430 3429 2902
f 2875 3431 3430
f 3432 3433 2733
f 2825 3434 3435
f 3437 3438 3439
f 3441 3437 3436
f 2724 2723 3434
f 3436 3439 3115
f 3440 3436 3117
f 3443 3415 3414
f 3442 3414 3416
f 3444 3416 3417
f 3445 3417 3418
f 3446 3418 3420
f 3420 3421 3448
f 3421 3422 3449
f 3422 3423 3450
f 3423 3424 3451
f 3424 3425 3452
f 3425 3184 3056
f 3451 3452 2253
f 3450 3451 2252
f 3449 3450 1727
f 3448 3449 2150
f 3453 3447 3448
f 3454 3446 3447
f 3455 3445 3446
f 3456 3444 3445
f 3442 3444 3456
f 3443 3442 3457
f 3459 3460 3458
f 3457 3456 3455
f 3459 3455 3454
f 3462 3460 3459
f 3461 3454 3453
f 3464 3462 3461
f 3463 3453 1941
f 3404 3399 3401
f 3407 3397 3399
f 3409 3395 3397
f 3411 3392 3395
f 3465 3466 3413
f 3467 3468 3469
f 3465 3412 3431
f 3470 3467 3466
f 3438 3470 3432
f 3467 3470 3438
f 3468 3467 3437
f 3471 3469 3468
f 3472 3468 3441
f 3473 3441 3440
f 2712 3440 3119
f 3475 3471 3472
f 3474 3472 3473
f 3476 3473 2712
f 3477 3476 2711
f 3478 3474 3476
f 3479 3475 3474
f 3392 3411 3413
f 3466 3469 3480
f 3419 3393 3392
f 3390 3419 3480
f 3469 3471 3391
f 3389 3391 3471
f 3387 3389 3475
f 3385 3387 3479
f 3482 3477 2400
f 3483 3478 3477
f 3481 3479 3478
f 3484 3482 2402
f 3058 3484 2707
f 3061 3485 3484
f 3485 3483 3482
f 3382 3385 3481
f 3486 3481 3483
f 3426 3383 3382
f 3487 3382 3486
f 3486 3485 3061
f 1961 3057 3487
f 3057 3184 3426
f 3428 3403 3402
f 3427 3406 3403
f 3429 3408 3406
f 3430 3410 3408
f 3431 3412 3410
f 3470 3465 3433
f 3434 3439 3438
f 2723 3115 3439
f 2875 2733 3433
f 2736 2824 3435
f 2947 3428 3488
f 3464 3463 1360
f 1900 1925 1924
f 1736 1717 1718
f 1955 1952 1943
f 1671 1738 1735
f 1696 1750 1698
f 1800 1865 1864
f 2063 2055 2056
f 1737 1734 1717
f 1751 1735 1697
f 943 3885 3899
f 3656 3488 3402
f 1577 1578 1764
f 3917 1598 1599
f 1945 146 82
f 68 6 7
f 147 1542 1543
f 1109 1135 1133
f 1503 1910 1907
f 1499 1501 1909
f 452 1922 735
f 1824 2068 3835
f 1825 2067 2068
f 1463 1462 1022
f 841 1012 1009
f 1568 1547 1955
f 1910 1503 1502
f 1939 1502 422
f 309 280 1940
f 1804 1851 1866
f 269 1482 1954
f 2065 1607 2060
f 3812 1685 1758
f 280 276 552
f 1875 1873 1869
f 1739 1721 1734
f 1778 1779 1790
f 310 1920 1915
f 1909 1908 1906
f 1789 1783 1778
f 978 981 980
f 1584 1759 1731
f 425 426 311
f 148 1543 115
f 2044 3897 3894
f 277 1910 1939
f 1943 1946 1945
f 1461 1462 1463
f 2253 3452 3056
f 2981 2254 3489
f 2209 2998 3489
f 2254 2253 3055
f 2998 926 958
f 2826 2817 2721
f 3490 2739 2721
f 2816 3491 3490
f 2334 2297 2296
f 2298 2297 2334
f 2301 2298 2336
f 2311 2301 2338
f 2312 2311 2354
f 2359 2358 2361
f 2335 2296 2359
f 2414 2413 2365
f 2413 2270 2361
f 2355 2352 2540
f 2541 2540 2539
f 2722 2721 2739
f 3114 2722 2738
f 3110 3112 3121
f 3108 3110 3120
f 3122 1754 3127
f 3112 3122 3126
f 3127 1754 1753
f 3139 3133 2529
f 3744 3775 3133
f 3490 2789 2740
f 3491 2790 2789
f 228 229 91
f 245 244 243
f 248 7 247
f 2 297 296
f 145 146 300
f 327 213 210
f 329 332 331
f 239 241 240
f 373 376 375
f 178 177 176
f 1218 1225 1228
f 3862 1231 1295
f 808 809 824
f 3858 3859 1013
f 3813 3810 1411
f 2154 2149 2159
f 3845 3835 1758
f 306 807 1922
f 2157 2153 1976
f 708 709 2031
f 1450 1226 1227
f 1672 1604 1605
f 1813 1814 1821
f 1717 1716 1715
f 176 159 402
f 1710 1705 3916
f 1712 1580 1577
f 1705 1713 1711
f 971 978 979
f 822 823 1094
f 2909 2810 2793
f 2810 2769 2795
f 2799 2910 2249
f 3662 3643 2910
f 2769 2768 2801
f 3177 3176 3178
f 3178 3381 3180
f 3181 1394 1393
f 3181 1633 1632
f 3182 1632 2244
f 3183 2244 2243
f 3492 2791 2790
f 2808 3492 3491
f 2239 3574 3572
f 1149 1150 3571
f 1150 2009 3567
f 2202 3569 3566
f 2921 3564 3565
f 3568 3560 2133
f 1777 1579 1759
f 1201 1196 1183
f 3561 3554 2195
f 3553 3576 2770
f 3927 3925 1687
f 1516 152 154
f 3549 3562 2974
f 3550 3548 2779
f 2771 2772 3575
f 3070 2771 3546
f 3547 3544 2775
f 1376 1375 1370
f 2767 3543 3556
f 2195 3554 3543
f 2775 3544 3542
f 3377 3282 3545
f 3804 3802 3539
f 2776 3542 3538
f 2240 3572 3535
f 2920 3535 3669
f 3548 3534 2786
f 1805 1850 1851
f 3534 3532 2787
f 2951 2773 3540
f 2772 2951 3531
f 2973 2224 3530
f 2224 2223 3537
f 1957 1953 320
f 306 305 304
f 2770 3576 3528
f 2913 3528 3574
f 2923 3565 3527
f 308 1940 431
f 207 208 132
f 1879 1876 1881
f 3733 3787 3525
f 2475 3070 3558
f 2476 2475 3524
f 2223 2476 3523
f 3522 3549 2803
f 2037 3563 11
f 1959 1958 450
f 2003 3555 3520
f 9 10 334
f 2009 2008 3518
f 2008 2973 3536
f 3877 672 673
f 3515 3550 2778
f 2935 3514 3513
f 111 1149 3570
f 3510 3514 2935
f 683 3876 3885
f 3508 3557 2810
f 736 733 732
f 1795 1804 1803
f 3505 3510 2938
f 3507 3505 2939
f 2950 3512 3504
f 2940 2949 3504
f 3801 3791 3512
f 2868 3509 3502
f 2869 3502 3522
f 1024 1034 1023
f 3500 3503 2948
f 551 1939 442
f 2972 3499 3568
f 2032 3533 3499
f 216 93 1924
f 203 202 201
f 1828 1848 1847
f 1958 1957 449
f 272 271 178
f 2871 3545 3495
f 3619 3669 3564
f 2801 2768 3643
f 2005 3758 3654
f 960 886 899
f 3657 3655 3612
f 3780 3788 3646
f 3151 3646 3593
f 2193 3604 3623
f 3607 3603 3145
f 3603 3649 2761
f 3592 3607 3144
f 2926 3658 3634
f 3634 3592 3104
f 3755 3754 3746
f 566 567 3758
f 3488 3656 1864
f 1602 1586 2079
f 2868 3658 3611
f 2922 3611 3610
f 2923 3610 3618
f 3670 3613 2918
f 3619 3670 3614
f 2921 3618 3670
f 2920 3614 3586
f 3613 3642 2915
f 2917 2766 3622
f 2916 2917 3641
f 2239 3587 3652
f 2911 3640 3652
f 3643 3640 2911
f 2797 2801 3662
f 2797 3591 3598
f 3622 3628 2763
f 3608 3628 2764
f 2194 3623 3648
f 2221 3648 3649
f 2756 3608 3609
f 2750 3598 3609
f 3669 3535 1817
f 3763 3770 1691
f 2515 3621 3590
f 2548 3590 3593
f 2513 2489 3632
f 2513 3616 3621
f 2509 3633 3620
f 2510 3632 3633
f 2289 3620 3639
f 2283 3639 3617
f 2240 3586 3587
f 3659 3657 3624
f 716 2121 3887
f 727 1999 3761
f 2165 2171 2170
f 3660 3659 3626
f 3743 3581 3578
f 2175 2172 769
f 2100 500 2095
f 3758 567 3757
f 640 3560 3568
f 1653 3576 3553
f 1895 3536 3530
f 746 3530 3537
f 1653 1810 3528
f 3762 1603 1604
f 2093 2075 2073
f 959 996 995
f 962 899 919
f 1400 1401 1398
f 1000 817 1127
f 956 959 884
f 1662 3548 3550
f 2034 3558 3546
f 3926 1689 3539
f 3535 3572 766
f 3572 3574 765
f 334 3570 3571
f 1868 3531 3540
f 1684 1651 1652
f 1682 1683 775
f 1585 1603 3762
f 3763 3762 1672
f 2173 2174 490
f 1658 3544 3547
f 3556 3543 1650
f 1571 3754 2010
f 1587 3664 3671
f 2099 2095 2077
f 787 3761 1999
f 2000 3694 786
f 3155 339 3697
f 3713 3155 3683
f 2180 2179 3685
f 3496 2180 3684
f 1684 3846 3840
f 1760 464 3495
f 2607 3689 3693
f 2581 3676 3689
f 2371 2502 3700
f 2371 3695 3693
f 2587 3676 3675
f 2586 3675 3697
f 2497 3691 3687
f 2502 2503 3687
f 2494 3691 3690
f 3690 3688 2472
f 3688 3701 2468
f 3701 3703 2469
f 726 3908 3892
f 581 3567 3518
f 10 3511 3570
f 1837 3514 3510
f 741 3537 3523
f 1299 3524 3558
f 1851 3507 3504
f 3527 3565 1820
f 580 3518 3536
f 1758 1685 3522
f 1693 3557 3508
f 3504 3512 1867
f 1894 1826 3568
f 2126 1418 3813
f 3906 2126 3841
f 2113 3911 3867
f 2179 3713 3789
f 624 3903 3904
f 2192 3604 3788
f 2177 3541 3787
f 1364 3824 3833
f 3858 3855 1470
f 3135 1753 3775
f 2069 3812 3835
f 1351 3861 3853
f 2108 3882 3901
f 2089 2092 3736
f 3828 3834 1358
f 2001 3749 3783
f 2187 3783 3719
f 2130 3756 3752
f 2004 3752 3749
f 2014 3724 3779
f 2201 3779 3756
f 3167 3720 3759
f 3168 3724 3720
f 3159 3709 3764
f 3160 3764 3765
f 3730 3707 3158
f 3158 3707 3709
f 2200 3069 3730
f 3685 3789 3742
f 3722 3774 2197
f 3790 3736 2092
f 3774 3790 3721
f 3154 3706 3790
f 3155 3713 3706
f 2091 3719 3721
f 2196 3148 3750
f 2193 2196 3776
f 3604 2193 3781
f 2086 2192 3780
f 2087 2086 3778
f 2204 3742 3751
f 2205 3751 3750
f 3909 3886 574
f 2124 2087 3777
f 2208 2124 3760
f 3711 3785 3140
f 3785 3745 3138
f 3745 3744 3139
f 3771 3712 3136
f 3712 3711 3137
f 3775 3767 3131
f 3767 3782 3132
f 1813 3839 3838
f 1293 3854 3856
f 2184 2321 3748
f 2181 2184 3732
f 3765 3768 3079
f 3768 3734 3080
f 709 3873 3875
f 2774 2961 3737
f 3786 3769 2134
f 3809 3808 766
f 2968 3784 3766
f 2969 3759 3784
f 2958 3747 3737
f 2132 3747 3766
f 2321 2185 3771
f 3860 3848 1449
f 3905 3874 582
f 3886 3889 577
f 3847 3826 1818
f 705 3902 3887
f 3816 3912 3907
f 2111 3883 3911
f 3810 3829 1366
f 1812 3839 3822
f 675 3851 3852
f 3496 3705 3851
f 2110 3867 3868
f 2104 3896 3901
f 2109 3868 3899
f 3842 3831 703
f 1680 3811 3846
f 1639 1627 3819
f 623 3904 3906
f 2139 2140 3866
f 1808 1640 3844
f 3820 3821 1819
f 3872 3914 3900
f 1646 3832 3830
f 3889 3890 633
f 2139 3865 3875
f 2156 2155 3871
f 674 3852 3913
f 2117 3817 3812
f 1815 3822 3847
f 3855 3849 1444
f 697 3906 3912
f 866 842 3836
f 3864 3869 2136
f 3585 3731 3726
f 3583 3740 3731
f 3753 3746 3738
f 3740 3583 3581
f 1088 3738 3746
f 3739 3740 3743
f 2791 3492 3493
f 3492 2808 2807
f 2792 3493 3494
f 3493 2807 2806
f 3508 2909 3494
f 3516 3494 2806
f 2948 3503 3791
f 2105 3908 3896
f 3538 3802 3804
f 680 3878 3876
f 1891 1890 3910
f 2905 3799 3801
f 2900 3797 3799
f 2901 3797 3807
f 2734 2878 3806
f 2877 3807 3806
f 2820 3800 3794
f 2818 3796 3792
f 2823 3793 3792
f 2822 3793 3798
f 2819 2735 3800
f 2817 3796 3795
f 2809 3805 3795
f 2808 3805 3803
f 2805 3804 3803
f 1702 3921 3923
f 3922 3920 1797
f 3915 3916 1706
f 3918 3927 1692
f 1657 3898 3880
f 1890 1877 3895
f 3772 3770 1674
f 1689 1690 3772
f 3926 3802 3538
f 3516 3539 1689
f 3917 3923 1703
f 1598 3917 3928
f 3880 3884 1876
f 1691 1690 3925
f 3925 3926 1688
f 3934 3933 3937
f 3934 3938 3939
f 3932 3936 3937
f 3938 3942 3943
f 3937 3936 3940
f 3937 3941 3942
f 3942 3946 3947
f 3941 3940 3944
f 3942 3941 3945
f 3947 3946 3950
f 3944 3948 3949
f 3945 3949 3950
f 3950 3954 3955
f 3949 3948 3952
f 3950 3949 3953
f 3955 3954 3958
f 3953 3952 3956
f 3953 3957 3958
f 3959 3958 3962
f 3957 3956 3960
f 3958 3957 3961
f 3962 3966 3967
f 3960 3964 3965
f 3961 3965 3966
f 3966 3970 3971
f 3965 3964 3968
f 3966 3965 3969
f 3970 3974 3975
f 3968 3972 3973
f 3969 3973 3974
f 3974 3978 3979
f 3973 3972 3976
f 3974 3973 3977
f 3979 3978 3982
f 3976 3980 3981
f 3977 3981 3982
f 3982 3986 3987
f 3981 3980 3984
f 3982 3981 3985
f 3987 3986 3990
f 3984 3988 3989
f 3985 3989 3990
f 3991 3990 3994
f 3989 3988 3992
f 3990 3989 3993
f 3995 3994 3998
f 3992 3996 3997
f 3993 3997 3998
f 3998 4002 4003
f 3997 3996 4000
f 3998 3997 4001
f 4002 4006 4007
f 4000 4004 4005
f 4001 4005 4006
f 4006 4010 4011
f 4005 4004 4008
f 4006 4005 4009
f 4011 4010 4014
f 4008 4012 4013
f 4009 4013 4014
f 4014 4018 4019
f 4013 4012 4016
f 4014 4013 4017
f 4019 4018 4022
f 4016 4020 4021
f 4017 4021 4022
f 4023 4022 4026
f 4021 4020 4024
f 4022 4021 4025
f 4027 4026 4030
f 4024 4028 4029
f 4025 4029 4030
f 4031 4030 4034
f 4029 4028 4032
f 4030 4029 4033
f 4034 4038 4039
f 4032 4036 4037
f 4033 4037 4038
f 4038 4042 4043
f 4037 4036 4040
f 4038 4037 4041
f 4043 4042 4046
f 4040 4044 4045
f 4041 4045 4046
f 4046 4050 4051
f 4045 4044 4048
f 4046 4045 4049
f 4051 4050 4055
f 4048 4053 4054
f 4049 4054 4055
f 4056 4055 4059
f 4053 4057 4058
f 4055 4054 4058
f 4060 4059 3934
f 4058 4057 3932
f 4058 3933 3934
f 4069 4068 4081
f 4066 4079 4080
f 4065 4064 4077
f 4063 4062 4075
f 4071 4084 4085
f 4069 4082 4083
f 4067 4080 4081
f 4066 4065 4078
f 4063 4076 4077
f 4061 4074 4075
f 4072 4085 4086
f 4071 4070 4083
f 4076 4089 4090
f 4074 4087 4088
f 4086 4085 4098
f 4083 4096 4097
f 4082 4081 4094
f 4079 4092 4093
f 4078 4077 4090
f 4076 4075 4088
f 4085 4084 4097
f 4082 4095 4096
f 4080 4093 4094
f 4079 4078 4091
f 4089 4102 4103
f 4088 4087 4100
f 4098 4111 4112
f 4096 4109 4110
f 4095 4094 4107
f 4092 4105 4106
f 4090 4103 4104
f 4089 4088 4101
f 4097 4110 4111
f 4095 4108 4109
f 4094 4093 4106
f 4092 4091 4104
f 4103 4102 4115
f 4100 4113 4114
f 4112 4111 4124
f 4110 4109 4122
f 4107 4120 4121
f 4105 4118 4119
f 4103 4116 4117
f 4101 4114 4115
f 4110 4123 4124
f 4109 4108 4121
f 4107 4106 4119
f 4105 4104 4117
f 4115 4128 4129
f 4114 4113 4126
f 4124 4137 4138
f 4123 4122 4135
f 4120 4133 4134
f 4119 4118 4131
f 4117 4116 4129
f 4114 4127 4128
f 4124 4123 4136
f 4122 4121 4134
f 4119 4132 4133
f 4117 4130 4131
f 4129 4128 4141
f 4126 4139 4140
f 4138 4137 4150
f 4136 4135 4148
f 4133 4146 4147
f 4131 4144 4145
f 4130 4129 4142
f 4127 4140 4141
f 4137 4136 4149
f 4135 4134 4147
f 4132 4145 4146
f 4131 4130 4143
f 4142 4141 4154
f 4140 4139 4152
f 4150 4163 4164
f 4149 4148 4161
f 4146 4159 4160
f 4144 4157 4158
f 4142 4155 4156
f 4140 4153 4154
f 4149 4162 4163
f 4148 4147 4160
f 4146 4145 4158
f 4144 4143 4156
f 4155 4154 4167
f 4153 4152 4165
f 4163 4176 4177
f 4161 4174 4175
f 4159 4172 4173
f 4158 4157 4170
f 4155 4168 4169
f 4153 4166 4167
f 4163 4162 4175
f 4161 4160 4173
f 4159 4158 4171
f 4156 4169 4170
f 4167 4180 4181
f 4165 4178 4179
f 4176 4189 4190
f 4175 4174 4187
f 4173 4172 4185
f 4170 4183 4184
f 4169 4168 4181
f 4167 4166 4179
f 4175 4188 4189
f 4173 4186 4187
f 4171 4184 4185
f 4170 4169 4182
f 4180 4193 4194
f 4178 4191 4192
f 4190 4189 4202
f 4187 4200 4201
f 4186 4185 4198
f 4183 4196 4197
f 4182 4181 4194
f 4180 4179 4192
f 4189 4188 4201
f 4186 4199 4200
f 4184 4197 4198
f 4183 4182 4195
f 4193 4206 4207
f 4192 4191 4204
f 4202 4215 4216
f 4200 4213 4214
f 4199 4198 4211
f 4196 4209 4210
f 4194 4207 4208
f 4193 4192 4205
f 4201 4214 4215
f 4199 4212 4213
f 4198 4197 4210
f 4196 4195 4208
f 4207 4206 4219
f 4204 4217 4218
f 4216 4215 4228
f 4213 4226 4227
f 4211 4224 4225
f 4209 4222 4223
f 4207 4220 4221
f 4205 4218 4219
f 4214 4227 4228
f 4213 4212 4225
f 4211 4210 4223
f 4209 4208 4221
f 4219 4232 4233
f 4218 4217 4230
f 4228 4241 4242
f 4226 4239 4240
f 4225 4224 4237
f 4223 4222 4235
f 4221 4220 4233
f 4218 4231 4232
f 4228 4227 4240
f 4226 4225 4238
f 4223 4236 4237
f 4221 4234 4235
f 4233 4232 4245
f 4230 4243 4244
f 4242 4241 4254
f 4240 4239 4252
f 4237 4250 4251
f 4235 4248 4249
f 4234 4233 4246
f 4231 4244 4245
f 4241 4240 4253
f 4239 4238 4251
f 4236 4249 4250
f 4235 4234 4247
f 4246 4245 4258
f 4244 4243 4256
f 4254 4267 4268
f 4253 4252 4265
f 4250 4263 4264
f 4248 4261 4262
f 4246 4259 4260
f 4244 4257 4258
f 4253 4266 4267
f 4252 4251 4264
f 4250 4249 4262
f 4248 4247 4260
f 4259 4258 4271
f 4257 4256 4269
f 4267 4280 4281
f 4265 4278 4279
f 4263 4276 4277
f 4262 4261 4274
f 4259 4272 4273
f 4257 4270 4271
f 4266 4279 4280
f 4265 4264 4277
f 4263 4262 4275
f 4260 4273 4274
f 4271 4284 4285
f 4269 4282 4283
f 4281 4280 4293
f 4279 4278 4291
f 4277 4276 4289
f 4274 4287 4288
f 4273 4272 4285
f 4271 4270 4283
f 4280 4279 4292
f 4277 4290 4291
f 4275 4288 4289
f 4274 4273 4286
f 4284 4297 4298
f 4282 4295 4296
f 4294 4293 4306
f 4291 4304 4305
f 4290 4289 4302
f 4287 4300 4301
f 4286 4285 4298
f 4284 4283 4296
f 4293 4292 4305
f 4290 4303 4304
f 4288 4301 4302
f 4287 4286 4299
f 4297 4310 4311
f 4296 4295 4308
f 4306 4319 4320
f 4304 4317 4318
f 4303 4302 4315
f 4300 4313 4314
f 4298 4311 4312
f 4297 4296 4309
f 4305 4318 4319
f 4304 4303 4316
f 4302 4301 4314
f 4300 4299 4312
f 4310 4323 4324
f 4308 4321 4322
f 4320 4319 4332
f 4318 4317 4330
f 4316 4315 4328
f 4313 4326 4327
f 4311 4324 4325
f 4310 4309 4322
f 4318 4331 4332
f 4316 4329 4330
f 4315 4314 4327
f 4312 4325 4326
f 4323 4336 4337
f 4322 4321 4334
f 4332 4345 4346
f 4330 4343 4344
f 4329 4328 4341
f 4327 4326 4339
f 4325 4324 4337
f 4322 4335 4336
f 4332 4331 4344
f 4330 4329 4342
f 4327 4340 4341
f 4325 4338 4339
f 4337 4336 4350
f 4334 4348 4349
f 4346 4345 4359
f 4344 4343 4357
f 4341 4355 4356
f 4340 4339 4353
f 4338 4337 4351
f 4335 4349 4350
f 4345 4344 4358
f 4343 4342 4356
f 4340 4354 4355
f 4338 4352 4353
f 4351 4350 4363
f 4349 4348 4361
f 4359 4372 4373
f 4358 4357 4370
f 4355 4368 4369
f 4354 4353 4366
f 4351 4364 4365
f 4349 4362 4363
f 4358 4371 4372
f 4357 4356 4369
f 4355 4354 4367
f 4352 4365 4366
f 4364 4363 4376
f 4362 4361 4374
f 4373 4372 4385
f 4370 4383 4384
f 4368 4381 4382
f 4367 4366 4379
f 4364 4377 4378
f 4362 4375 4376
f 4372 4371 4384
f 4370 4369 4382
f 4368 4367 4380
f 4365 4378 4379
f 4376 4389 4390
f 4374 4387 4388
f 4385 4398 4399
f 4384 4383 4396
f 4382 4381 4394
f 4379 4392 4393
f 4378 4377 4390
f 4376 4375 4388
f 4384 4397 4398
f 4382 4395 4396
f 4380 4393 4394
f 4379 4378 4391
f 4389 4402 4403
f 4387 4400 4401
f 4399 4398 4411
f 4396 4409 4410
f 4395 4394 4407
f 4393 4392 4405
f 4391 4390 4403
f 4389 4388 4401
f 4398 4397 4410
f 4395 4408 4409
f 4393 4406 4407
f 4391 4404 4405
f 4402 4415 4416
f 4401 4400 4413
f 4411 4424 4425
f 4409 4422 4423
f 4408 4407 4420
f 4406 4405 4418
f 4403 4416 4417
f 4402 4401 4414
f 4410 4423 4424
f 4408 4421 4422
f 4407 4406 4419
f 4404 4417 4418
f 4416 4415 4428
f 4413 4426 4427
f 4425 4424 4437
f 4423 4422 4435
f 4421 4420 4433
f 4418 4431 4432
f 4416 4429 4430
f 4415 4414 4427
f 4423 4436 4437
f 4421 4434 4435
f 4420 4419 4432
f 4418 4417 4430
f 4428 4441 4442
f 4426 4439 4440
f 4437 4450 4451
f 4435 4448 4449
f 4434 4433 4446
f 4432 4431 4444
f 4430 4429 4442
f 4427 4440 4441
f 4437 4436 4449
f 4435 4434 4447
f 4432 4445 4446
f 4430 4443 4444
f 4442 4441 4454
f 4439 4452 4453
f 4451 4450 4463
f 4449 4448 4461
f 4446 4459 4460
f 4444 4457 4458
f 4443 4442 4455
f 4440 4453 4454
f 4450 4449 4462
f 4447 4460 4461
f 4445 4458 4459
f 4444 4443 4456
f 4455 4454 4467
f 4453 4452 4465
f 4463 4476 4477
f 4462 4461 4474
f 4459 4472 4473
f 4457 4470 4471
f 4455 4468 4469
f 4453 4466 4467
f 4462 4475 4476
f 4461 4460 4473
f 4459 4458 4471
f 4457 4456 4469
f 4468 4467 4063
f 4466 4465 4061
f 4477 4476 4072
f 4474 4070 4071
f 4472 4068 4069
f 4471 4470 4066
f 4468 4064 4065
f 4466 4062 4063
f 4476 4475 4071
f 4474 4473 4069
f 4472 4471 4067
f 4469 4065 4066
f 3935 4061 4465
f 4465 4452 4056
f 4452 4439 4051
f 4439 4426 4047
f 4047 4426 4413
f 4043 4413 4400
f 4039 4400 4387
f 4387 4374 4031
f 4031 4374 4361
f 4361 4348 4023
f 4348 4334 4019
f 4334 4321 4015
f 4015 4321 4308
f 4011 4308 4295
f 4007 4295 4282
f 4282 4269 3999
f 3999 4269 4256
f 4256 4243 3991
f 4243 4230 3987
f 4230 4217 3983
f 3983 4217 4204
f 3979 4204 4191
f 3975 4191 4178
f 4178 4165 3967
f 3967 4165 4152
f 4152 4139 3959
f 4139 4126 3955
f 4126 4113 3951
f 3951 4113 4100
f 3947 4100 4087
f 3943 4087 4074
f 4074 4061 3935
f 4480 4479 4483
f 4480 4484 4485
f 4479 4478 4482
f 4484 4488 4489
f 4482 4486 4487
f 4483 4487 4488
f 4488 4492 4493
f 4487 4486 4490
f 4488 4487 4491
f 4493 4492 4496
f 4490 4494 4495
f 4491 4495 4496
f 4496 4500 4501
f 4495 4494 4498
f 4496 4495 4499
f 4501 4500 4504
f 4498 4502 4503
f 4499 4503 4504
f 4505 4504 4508
f 4503 4502 4506
f 4504 4503 4507
f 4509 4508 4512
f 4506 4510 4511
f 4507 4511 4512
f 4513 4512 4516
f 4511 4510 4514
f 4512 4511 4515
f 4516 4520 4521
f 4514 4518 4519
f 4515 4519 4520
f 4520 4524 4525
f 4518 4522 4523
f 4520 4519 4523
f 4525 4524 4528
f 4522 4526 4527
f 4523 4527 4528
f 4528 4532 4533
f 4527 4526 4530
f 4528 4527 4531
f 4533 4532 4536
f 4530 4534 4535
f 4531 4535 4536
f 4537 4536 4540
f 4534 4538 4539
f 4536 4535 4539
f 4541 4540 4544
f 4539 4538 4542
f 4539 4543 4544
f 4544 4548 4549
f 4542 4546 4547
f 4544 4543 4547
f 4548 4552 4553
f 4547 4546 4550
f 4547 4551 4552
f 4552 4556 4557
f 4551 4550 4554
f 4552 4551 4555
f 4557 4556 4560
f 4554 4558 4559
f 4555 4559 4560
f 4560 4564 4565
f 4559 4558 4562
f 4560 4559 4563
f 4565 4564 4568
f 4562 4566 4567
f 4563 4567 4568
f 4569 4568 4572
f 4567 4566 4570
f 4568 4567 4571
f 4572 4576 4577
f 4570 4574 4575
f 4571 4575 4576
f 4576 4580 4581
f 4575 4574 4578
f 4576 4575 4579
f 4580 4584 4585
f 4578 4582 4583
f 4579 4583 4584
f 4584 4588 4589
f 4583 4582 4586
f 4584 4583 4587
f 4589 4588 4592
f 4586 4590 4591
f 4587 4591 4592
f 4592 4596 4597
f 4591 4590 4594
f 4592 4591 4595
f 4597 4596 4601
f 4594 4599 4600
f 4595 4600 4601
f 4602 4601 4605
f 4600 4599 4603
f 4601 4600 4604
f 4606 4605 4480
f 4603 4478 4479
f 4604 4479 4480
f 4615 4614 4627
f 4612 4625 4626
f 4611 4610 4623
f 4609 4608 4621
f 4618 4617 4630
f 4615 4628 4629
f 4613 4626 4627
f 4612 4611 4624
f 4609 4622 4623
f 4607 4620 4621
f 4619 4618 4631
f 4617 4616 4629
f 4622 4635 4636
f 4620 4633 4634
f 4632 4631 4644
f 4629 4642 4643
f 4628 4627 4640
f 4626 4625 4638
f 4624 4623 4636
f 4622 4621 4634
f 4631 4630 4643
f 4628 4641 4642
f 4626 4639 4640
f 4624 4637 4638
f 4635 4648 4649
f 4634 4633 4646
f 4644 4657 4658
f 4642 4655 4656
f 4641 4640 4653
f 4639 4638 4651
f 4636 4649 4650
f 4635 4634 4647
f 4643 4656 4657
f 4642 4641 4654
f 4640 4639 4652
f 4637 4650 4651
f 4648 4661 4662
f 4646 4659 4660
f 4658 4657 4670
f 4656 4655 4668
f 4653 4666 4667
f 4651 4664 4665
f 4649 4662 4663
f 4648 4647 4660
f 4656 4669 4670
f 4654 4667 4668
f 4653 4652 4665
f 4651 4650 4663
f 4661 4674 4675
f 4660 4659 4672
f 4670 4683 4684
f 4668 4681 4682
f 4667 4666 4679
f 4665 4664 4677
f 4663 4662 4675
f 4661 4660 4673
f 4670 4669 4682
f 4667 4680 4681
f 4665 4678 4679
f 4663 4676 4677
f 4675 4674 4687
f 4672 4685 4686
f 4684 4683 4696
f 4682 4681 4694
f 4679 4692 4693
f 4678 4677 4690
f 4676 4675 4688
f 4673 4686 4687
f 4683 4682 4695
f 4681 4680 4693
f 4678 4691 4692
f 4676 4689 4690
f 4688 4687 4700
f 4686 4685 4698
f 4696 4709 4710
f 4695 4694 4707
f 4692 4705 4706
f 4691 4690 4703
f 4688 4701 4702
f 4686 4699 4700
f 4695 4708 4709
f 4694 4693 4706
f 4692 4691 4704
f 4689 4702 4703
f 4701 4700 4713
f 4699 4698 4711
f 4710 4709 4722
f 4707 4720 4721
f 4705 4718 4719
f 4704 4703 4716
f 4701 4714 4715
f 4699 4712 4713
f 4709 4708 4721
f 4707 4706 4719
f 4705 4704 4717
f 4702 4715 4716
f 4713 4726 4727
f 4711 4724 4725
f 4723 4722 4735
f 4721 4720 4733
f 4719 4718 4731
f 4716 4729 4730
f 4715 4714 4727
f 4713 4712 4725
f 4721 4734 4735
f 4719 4732 4733
f 4717 4730 4731
f 4716 4715 4728
f 4726 4739 4740
f 4724 4737 4738
f 4736 4735 4748
f 4733 4746 4747
f 4732 4731 4744
f 4730 4729 4742
f 4728 4727 4740
f 4726 4725 4738
f 4735 4734 4747
f 4732 4745 4746
f 4730 4743 4744
f 4728 4741 4742
f 4739 4752 4753
f 4738 4737 4750
f 4748 4761 4762
f 4746 4759 4760
f 4745 4744 4757
f 4743 4742 4755
f 4740 4753 4754
f 4739 4738 4751
f 4747 4760 4761
f 4745 4758 4759
f 4744 4743 4756
f 4741 4754 4755
f 4753 4752 4765
f 4750 4763 4764
f 4762 4761 4774
f 4759 4772 4773
f 4758 4757 4770
f 4755 4768 4769
f 4753 4766 4767
f 4752 4751 4764
f 4760 4773 4774
f 4758 4771 4772
f 4757 4756 4769
f 4755 4754 4767
f 4765 4778 4779
f 4764 4763 4776
f 4774 4787 4788
f 4772 4785 4786
f 4771 4770 4783
f 4769 4768 4781
f 4767 4766 4779
f 4765 4764 4777
f 4774 4773 4786
f 4771 4784 4785
f 4769 4782 4783
f 4767 4780 4781
f 4779 4778 4791
f 4776 4789 4790
f 4788 4787 4800
f 4786 4785 4798
f 4783 4796 4797
f 4782 4781 4794
f 4780 4779 4792
f 4777 4790 4791
f 4787 4786 4799
f 4785 4784 4797
f 4782 4795 4796
f 4780 4793 4794
f 4792 4791 4804
f 4790 4789 4802
f 4800 4813 4814
f 4799 4798 4811
f 4796 4809 4810
f 4795 4794 4807
f 4792 4805 4806
f 4790 4803 4804
f 4799 4812 4813
f 4798 4797 4810
f 4796 4795 4808
f 4793 4806 4807
f 4805 4804 4817
f 4803 4802 4815
f 4814 4813 4826
f 4811 4824 4825
f 4809 4822 4823
f 4808 4807 4820
f 4805 4818 4819
f 4803 4816 4817
f 4813 4812 4825
f 4811 4810 4823
f 4809 4808 4821
f 4806 4819 4820
f 4817 4830 4831
f 4815 4828 4829
f 4826 4839 4840
f 4825 4824 4837
f 4823 4822 4835
f 4820 4833 4834
f 4819 4818 4831
f 4817 4816 4829
f 4825 4838 4839
f 4823 4836 4837
f 4821 4834 4835
f 4820 4819 4832
f 4830 4843 4844
f 4828 4841 4842
f 4840 4839 4852
f 4837 4850 4851
f 4836 4835 4848
f 4834 4833 4846
f 4832 4831 4844
f 4830 4829 4842
f 4839 4838 4851
f 4836 4849 4850
f 4834 4847 4848
f 4832 4845 4846
f 4843 4856 4857
f 4842 4841 4854
f 4852 4865 4866
f 4850 4863 4864
f 4849 4848 4861
f 4847 4846 4859
f 4844 4857 4858
f 4843 4842 4855
f 4851 4864 4865
f 4849 4862 4863
f 4848 4847 4860
f 4845 4858 4859
f 4857 4856 4869
f 4855 4854 4867
f 4866 4865 4878
f 4864 4863 4876
f 4862 4861 4874
f 4859 4872 4873
f 4857 4870 4871
f 4856 4855 4868
f 4864 4877 4878
f 4862 4875 4876
f 4861 4860 4873
f 4859 4858 4871
f 4869 4882 4883
f 4868 4867 4880
f 4878 4891 4892
f 4877 4876 4889
f 4874 4887 4888
f 4873 4872 4885
f 4871 4870 4883
f 4868 4881 4882
f 4878 4877 4890
f 4876 4875 4888
f 4873 4886 4887
f 4871 4884 4885
f 4883 4882 4896
f 4880 4894 4895
f 4892 4891 4905
f 4890 4889 4903
f 4887 4901 4902
f 4885 4899 4900
f 4884 4883 4897
f 4881 4895 4896
f 4891 4890 4904
f 4889 4888 4902
f 4886 4900 4901
f 4885 4884 4898
f 4897 4896 4909
f 4895 4894 4907
f 4905 4918 4919
f 4904 4903 4916
f 4901 4914 4915
f 4899 4912 4913
f 4897 4910 4911
f 4895 4908 4909
f 4904 4917 4918
f 4903 4902 4915
f 4901 4900 4913
f 4899 4898 4911
f 4910 4909 4922
f 4908 4907 4920
f 4919 4918 4931
f 4916 4929 4930
f 4914 4927 4928
f 4913 4912 4925
f 4910 4923 4924
f 4908 4921 4922
f 4918 4917 4930
f 4916 4915 4928
f 4914 4913 4926
f 4911 4924 4925
f 4922 4935 4936
f 4920 4933 4934
f 4931 4944 4945
f 4930 4929 4942
f 4928 4927 4940
f 4925 4938 4939
f 4924 4923 4936
f 4922 4921 4934
f 4930 4943 4944
f 4928 4941 4942
f 4926 4939 4940
f 4925 4924 4937
f 4935 4948 4949
f 4933 4946 4947
f 4945 4944 4957
f 4942 4955 4956
f 4941 4940 4953
f 4938 4951 4952
f 4937 4936 4949
f 4935 4934 4947
f 4944 4943 4956
f 4941 4954 4955
f 4939 4952 4953
f 4938 4937 4950
f 4948 4961 4962
f 4947 4946 4959
f 4957 4970 4971
f 4955 4968 4969
f 4954 4953 4966
f 4951 4964 4965
f 4949 4962 4963
f 4948 4947 4960
f 4956 4969 4970
f 4954 4967 4968
f 4953 4952 4965
f 4951 4950 4963
f 4962 4961 4974
f 4959 4972 4973
f 4971 4970 4983
f 4968 4981 4982
f 4966 4979 4980
f 4964 4977 4978
f 4962 4975 4976
f 4960 4973 4974
f 4969 4982 4983
f 4967 4980 4981
f 4966 4965 4978
f 4964 4963 4976
f 4975 4974 4987
f 4973 4972 4985
f 4983 4996 4997
f 4981 4994 4995
f 4979 4992 4993
f 4978 4977 4990
f 4976 4975 4988
f 4973 4986 4987
f 4983 4982 4995
f 4981 4980 4993
f 4978 4991 4992
f 4976 4989 4990
f 4988 4987 5000
f 4985 4998 4999
f 4997 4996 5009
f 4995 4994 5007
f 4992 5005 5006
f 4991 4990 5003
f 4989 4988 5001
f 4986 4999 5000
f 4996 4995 5008
f 4994 4993 5006
f 4991 5004 5005
f 4989 5002 5003
f 5001 5000 5013
f 4999 4998 5011
f 5009 5022 5023
f 5008 5007 5020
f 5005 5018 5019
f 5004 5003 5016
f 5001 5014 5015
f 4999 5012 5013
f 5008 5021 5022
f 5007 5006 5019
f 5005 5004 5017
f 5002 5015 5016
f 5014 5013 4609
f 5012 5011 4607
f 5022 4618 4619
f 5020 4616 4617
f 5018 4614 4615
f 5017 5016 4612
f 5014 4610 4611
f 5012 4608 4609
f 5021 4617 4618
f 5020 5019 4615
f 5018 5017 4613
f 5015 4611 4612
f 4481 4607 5011
f 5011 4998 4602
f 4998 4985 4597
f 4985 4972 4593
f 4593 4972 4959
f 4589 4959 4946
f 4585 4946 4933
f 4933 4920 4577
f 4577 4920 4907
f 4907 4894 4569
f 4894 4880 4565
f 4880 4867 4561
f 4561 4867 4854
f 4557 4854 4841
f 4553 4841 4828
f 4828 4815 4545
f 4545 4815 4802
f 4802 4789 4537
f 4789 4776 4533
f 4776 4763 4529
f 4529 4763 4750
f 4525 4750 4737
f 4521 4737 4724
f 4724 4711 4513
f 4513 4711 4698
f 4698 4685 4505
f 4685 4672 4501
f 4672 4659 4497
f 4497 4659 4646
f 4493 4646 4633
f 4489 4633 4620
f 4620 4607 4481
