v 0.0605100616812706 -0.015496334061026573 -0.031179215759038925
v 0.0641319677233696 -0.016577623784542084 -0.03014085441827774
v 0.06465545296669006 -0.015141380950808525 -0.029486631974577904
v 0.06108357012271881 -0.014533995650708675 -0.030729113146662712
v 0.07094425708055496 -0.013682129792869091 -0.039335764944553375
v 0.0721716582775116 -0.010966707020998001 -0.03422722592949867
v 0.07170043140649796 -0.008739490993320942 -0.0328437015414238
v 0.07105890661478043 -0.008195923641324043 -0.03571352735161781
v 0.021622098982334137 -0.04343101382255554 -0.09791289269924164
v 0.006520271301269531 -0.043168798089027405 -0.10160911083221436
v 0.007017079740762711 -0.05441007763147354 -0.10114685446023941
v 0.021197110414505005 -0.05757612735033035 -0.09675586223602295
v 0.043228138238191605 -0.08254847675561905 -0.0825149193406105
v 0.03716594725847244 -0.07406263053417206 -0.08645912259817123
v 0.03513731434941292 -0.08520859479904175 -0.09198236465454102
v 0.04512619227170944 -0.09003229439258575 -0.0832388624548912
v 0.03534255176782608 0.025791309773921967 0.06827115267515182
v 0.04251070320606232 0.025583062320947647 0.06265232712030411
v 0.04168753698468208 0.019535083323717117 0.06497782468795776
v -0.0686003714799881 -0.02059139497578144 -0.029042446985840797
v -0.07208661735057831 -0.021944157779216766 -0.02778666466474533
v -0.07271032780408859 -0.02057402953505516 -0.027221305295825005
v -0.06917696446180344 -0.019635900855064392 -0.028659751638770103
v -0.07984413206577301 -0.01942059025168419 -0.037185460329055786
v -0.08111797273159027 -0.016786083579063416 -0.03204604610800743
v -0.08055229485034943 -0.01453571766614914 -0.030739542096853256
v -0.08017483353614807 -0.013952084816992283 -0.033696554601192474
v 0.03470709174871445 0.019514458253979683 0.06911100447177887
v 0.08686575293540955 0.010446278378367424 -0.04352245479822159
v 0.08700710535049438 0.008199414238333702 -0.045254774391651154
v 0.08786500990390778 0.006104455329477787 -0.04391985014081001
v 0.08757588267326355 0.007903019897639751 -0.04202592000365257
v 0.08381371200084686 -0.006737459916621447 -0.04665058106184006
v 0.0839289054274559 0.000418785959482193 -0.04614805802702904
v 0.08503399789333344 0.002996383234858513 -0.04617554321885109
v 0.08528903871774673 0.0006806864403188229 -0.04595738276839256
v 0.08383210003376007 -0.017531033605337143 -0.04604293406009674
v 0.08248613029718399 -0.01690506562590599 -0.04570293053984642
v 0.08374965190887451 -0.012112378142774105 -0.04643131420016289
v 0.08536218851804733 -0.01237345952540636 -0.04705250635743141
v 0.07198713719844818 -0.0432070717215538 -0.026135411113500595
v 0.07428751140832901 -0.03957928344607353 -0.028272144496440887
v 0.0745643600821495 -0.042545802891254425 -0.030258942395448685
v 0.07034599781036377 -0.04472575709223747 -0.028610844165086746
v 0.06709799915552139 -0.04247118532657623 -0.029384378343820572
v 0.0711623802781105 -0.042193878442049026 -0.03399789705872536
v 0.0705011859536171 -0.03840998560190201 -0.03455371782183647
v 0.06715213507413864 -0.03901815041899681 -0.03121219575405121
v 0.0823591947555542 0.016907881945371628 -0.028889702633023262
v 0.0830024927854538 0.013128181919455528 -0.028892938047647476
v 0.08191053569316864 0.011645205318927765 -0.027057979255914688
v 0.08104964345693588 0.015249567106366158 -0.02678772062063217
v 0.06796599924564362 -0.012844780460000038 -0.04515395313501358
v 0.06644316762685776 -0.0193723663687706 -0.044909439980983734
v 0.07242034375667572 -0.014149650931358337 -0.04646286368370056
v 0.07294155657291412 -0.011450800113379955 -0.045971792191267014
v 0.08228431642055511 0.00844972487539053 -0.03645731136202812
v 0.082192562520504 0.0096168527379632 -0.039323534816503525
v 0.08265198767185211 0.00784137099981308 -0.04104677215218544
v 0.08221474289894104 0.0061773331835865974 -0.039069317281246185
v 0.08369521796703339 0.012018263339996338 -0.04406808689236641
v 0.08384712040424347 0.009490467607975006 -0.046018198132514954
v 0.06995180994272232 -0.03307721018791199 -0.023781590163707733
v 0.06894060969352722 -0.029615823179483414 -0.02225528657436371
v 0.06926076114177704 -0.02791195921599865 -0.023332344368100166
v 0.06945028156042099 -0.028811832889914513 -0.02519981563091278
v 0.0706779733300209 -0.014278387650847435 -0.036180850118398666
v 0.07232178747653961 -0.010196859948337078 -0.03264099359512329
v 0.0809878259897232 -0.029304955154657364 -0.04354514926671982
v 0.08057789504528046 -0.027456210926175117 -0.04216619208455086
v 0.08261200040578842 -0.022700298577547073 -0.044403333216905594
v 0.08273997157812119 -0.023862633854150772 -0.046099111437797546
v 0.07732843607664108 -0.025625577196478844 -0.03982522711157799
v 0.07945819199085236 -0.021997861564159393 -0.042409464716911316
v 0.0803564041852951 -0.020910583436489105 -0.04400242120027542
v 0.07962235063314438 -0.023552164435386658 -0.04248885065317154
v 0.08341105282306671 0.011071658693253994 -0.03727421164512634
v 0.08226808160543442 0.012386913411319256 -0.0319957472383976
v 0.08372905850410461 0.011185667477548122 -0.031021349132061005
v 0.08531066030263901 0.009883060120046139 -0.03556403890252113
v 0.07473929971456528 4.178471863269806e-05 -0.04277656599879265
v 0.07320045679807663 0.004493263550102711 -0.039647653698921204
v 0.07212293148040771 0.003702787682414055 -0.0397961251437664
v 0.07328666001558304 -0.0001628040336072445 -0.04265529289841652
v 0.08391968905925751 0.0092815225943923 -0.04229366034269333
v 0.08434240520000458 0.007378171198070049 -0.0440000519156456
v 0.08309398591518402 0.00583720114082098 -0.042974866926670074
v 0.0744083970785141 0.00346293393522501 -0.02593466080725193
v 0.07600612193346024 0.005081948824226856 -0.02777544967830181
v 0.07608360797166824 0.003660827875137329 -0.02901056967675686
v 0.07582753896713257 0.002349010668694973 -0.028516655787825584
v 0.0741044357419014 -0.04271218553185463 -0.03395317867398262
v 0.06581543385982513 -0.029072068631649017 -0.04016950726509094
v 0.06747116893529892 -0.028338689357042313 -0.04185717925429344
v 0.06990839540958405 -0.02359006553888321 -0.04391090199351311
v 0.06811770796775818 -0.022388413548469543 -0.04398782551288605
v 0.06743317097425461 -0.041254300624132156 -0.023432746529579163
v 0.07062055915594101 -0.040949828922748566 -0.023855507373809814
v 0.07116221636533737 -0.04211030900478363 -0.025088995695114136
v 0.06816903501749039 -0.043416328728199005 -0.02546265721321106
v 0.07673966884613037 0.008333592675626278 -0.02724338322877884
v 0.07870082557201385 0.007992355152964592 -0.029187999665737152
v 0.07700769603252411 0.007063268683850765 -0.02884490415453911
v 0.07582879811525345 0.007223452441394329 -0.027336332947015762
v 0.08286412805318832 -0.0016412001568824053 -0.044988665729761124
v 0.08238455653190613 0.0040251752361655235 -0.041344091296195984
v 0.08223465085029602 -0.011445650830864906 -0.042233023792505264
v 0.08228425681591034 -0.010563351213932037 -0.04487745463848114
v 0.08192814141511917 -0.014921136200428009 -0.04420118033885956
v -0.034201864153146744 -0.045851051807403564 -0.0961311087012291
v -0.01950887031853199 -0.04425854608416557 -0.10077447444200516
v -0.018964417278766632 -0.05556941032409668 -0.10031553357839584
v -0.03243951126933098 -0.060032911598682404 -0.0950092300772667
v 0.08140651136636734 -0.015566819347441196 -0.04183632880449295
v 0.08235424757003784 -0.0037524132058024406 -0.040282994508743286
v 0.08243656903505325 -0.0030323700048029423 -0.04344818368554115
v 0.08576001971960068 0.005102350376546383 -0.04270905256271362
v 0.08593190461397171 -0.0003237491473555565 -0.0449754074215889
v 0.08513219654560089 0.005965247750282288 -0.043387655168771744
v 0.07131895422935486 0.0067500099539756775 -0.036426227539777756
v 0.07149311900138855 0.010422351770102978 -0.03972535952925682
v 0.07016291469335556 0.004635917022824287 -0.043011367321014404
v 0.07128693908452988 0.0046613942831754684 -0.03871066868305206
v 0.0698300153017044 -0.023869339376688004 -0.022814074531197548
v 0.07080395519733429 -0.02136014774441719 -0.02378769963979721
v 0.06910785287618637 -0.023259242996573448 -0.026027623564004898
v 0.06824187189340591 -0.026012057438492775 -0.02596214972436428
v 0.07088275998830795 -0.025951823219656944 -0.043202560395002365
v 0.06843443214893341 -0.02951240912079811 -0.04130391776561737
v 0.06914816796779633 -0.030297942459583282 -0.040775906294584274
v 0.07163624465465546 -0.027856290340423584 -0.042122915387153625
v 0.08070939034223557 0.009075302630662918 -0.030884692445397377
v 0.0810486376285553 0.005170287564396858 -0.03305555880069733
v 0.07953774929046631 0.004908925853669643 -0.03183140978217125
v 0.07333400845527649 -0.026364754885435104 -0.032575823366642
v 0.07344984263181686 -0.024679742753505707 -0.03438706323504448
v 0.07501791417598724 -0.027124106884002686 -0.03602577745914459
v 0.07498684525489807 -0.02957836166024208 -0.034511499106884
v 0.07782268524169922 -0.03721923008561134 -0.03896772116422653
v 0.07504994422197342 -0.03735863417387009 -0.03977390378713608
v 0.07314014434814453 -0.04019629582762718 -0.03673899546265602
v 0.07606597244739532 -0.040322862565517426 -0.03654139116406441
v 0.0690789744257927 -0.027255192399024963 -0.02562013268470764
v 0.06928820163011551 -0.026416566222906113 -0.023277398198843002
v 0.07678069919347763 0.0007617627270519733 -0.0443720705807209
v 0.07560043781995773 0.006015492603182793 -0.040503859519958496
v 0.08208181709051132 0.004434906877577305 -0.03735460713505745
v 0.08230526000261307 0.0025168005377054214 -0.039451632648706436
v 0.07158558070659637 -0.010334989987313747 -0.025256652384996414
v 0.0698418989777565 -0.00970800593495369 -0.02694655954837799
v 0.07017865777015686 -0.010525955818593502 -0.027060244232416153
v 0.07236000150442123 -0.011755806393921375 -0.02534840628504753
v 0.07167775183916092 -0.010951262898743153 -0.023851003497838974
v 0.07223546504974365 -0.012512363493442535 -0.024085981771349907
v 0.07157053053379059 -0.012712419033050537 -0.023261701688170433
v 0.07120407372713089 -0.011939841322600842 -0.022895628586411476
v 0.06907021999359131 -0.009501242078840733 -0.027420198544859886
v 0.06951338797807693 -0.009781797416508198 -0.02721359208226204
v 0.06966102123260498 -0.009261459112167358 -0.02713065966963768
v 0.07307633012533188 -0.005197828635573387 -0.03715239465236664
v 0.07257652282714844 -0.011821938678622246 -0.04056760296225548
v 0.07176928222179413 -0.013090278953313828 -0.04116173833608627
v 0.07345075160264969 -0.007838682271540165 -0.03756021335721016
v 0.08281082659959793 -0.00926066841930151 -0.046135079115629196
v 0.07886146754026413 0.011123807169497013 -0.023539260029792786
v 0.07790511101484299 0.01383970957249403 -0.022789571434259415
v 0.08006361871957779 0.0171467587351799 -0.026141081005334854
v 0.06755830347537994 -0.022756502032279968 -0.0362519696354866
v 0.07110290974378586 -0.022893685847520828 -0.03391944244503975
v 0.07077404856681824 -0.023304644972085953 -0.03224639222025871
v 0.06818035989999771 -0.02315795235335827 -0.034490641206502914
v 0.0697588250041008 -0.018686309456825256 -0.028140375390648842
v 0.06750743836164474 -0.021871794015169144 -0.028620198369026184
v 0.07108351588249207 -0.020555417984724045 -0.026294119656085968
v 0.07170473039150238 -0.005381947848945856 -0.02230311743915081
v 0.0710391253232956 -0.008641509339213371 -0.02580609731376171
v 0.07115472853183746 -0.009683309122920036 -0.024713585153222084
v 0.07123246788978577 -0.009579310193657875 -0.023319050669670105
v 0.08381962776184082 -0.01797616481781006 -0.04753006994724274
v 0.0848705992102623 -0.012267610058188438 -0.048589691519737244
v 0.08310044556856155 -0.012122794054448605 -0.049931079149246216
v 0.08218623697757721 -0.0182369202375412 -0.04896567761898041
v 0.06861387193202972 -0.03724975511431694 -0.02183346450328827
v 0.06391726434230804 -0.038744088262319565 -0.02534995600581169
v 0.06723777204751968 -0.033747296780347824 -0.021318446844816208
v 0.08539348095655441 0.015786126255989075 -0.03730175644159317
v 0.0832328200340271 0.017486784607172012 -0.03721332177519798
v 0.08347754180431366 0.015982702374458313 -0.039763301610946655
v 0.08608096092939377 0.01432583387941122 -0.039666350930929184
v 0.07125119864940643 -0.003214287105947733 -0.029656007885932922
v 0.07092494517564774 -0.005177464336156845 -0.02995910868048668
v 0.07146845012903214 -0.004324539564549923 -0.02840142883360386
v 0.07122711092233658 -0.0021151364780962467 -0.02792181447148323
v 0.04622206464409828 -0.03135804086923599 -0.07896855473518372
v 0.05513390898704529 -0.03399549424648285 -0.060744594782590866
v 0.058467715978622437 -0.0190635547041893 -0.0663738027215004
v 0.050712212920188904 -0.017050843685865402 -0.08163145929574966
v 0.07823281735181808 -0.03416809067130089 -0.03759683668613434
v 0.07776476442813873 -0.036919690668582916 -0.03550361096858978
v 0.07343649864196777 0.0018656225875020027 -0.019402004778385162
v 0.07259722799062729 0.0034465938806533813 -0.01821400225162506
v 0.07277914881706238 0.009251213632524014 -0.019009243696928024
v 0.0741264671087265 0.006106498651206493 -0.019632471725344658
v 0.08469557762145996 0.0024793660268187523 -0.049167849123477936
v 0.0872645378112793 0.0016298862174153328 -0.04815363511443138
v 0.07630681991577148 0.008078161627054214 -0.02567846141755581
v 0.07827802002429962 0.0113657396286726 -0.02796059288084507
v 0.07696699351072311 0.00906186643987894 -0.027301764115691185
v 0.0757816806435585 0.0074563417583703995 -0.02602805756032467
v 0.07625586539506912 -0.00041363388299942017 -0.024510379880666733
v 0.07691298425197601 0.0008129365742206573 -0.024201415479183197
v 0.07506054639816284 0.001695031300187111 -0.024267306551337242
v 0.07408370077610016 0.0004216386005282402 -0.024747127667069435
v 0.07156898826360703 0.008342189714312553 -0.016385462135076523
v 0.07214459776878357 0.013937290757894516 -0.018821777775883675
v 0.06369546055793762 -0.0294295996427536 -0.03964699059724808
v 0.07557510584592819 0.0010362695902585983 -0.02141907811164856
v 0.07616706192493439 0.0036902958527207375 -0.021225126460194588
v 0.0774523988366127 0.002558899112045765 -0.02369391918182373
v -0.05128131061792374 -0.0872294083237648 -0.0795164555311203
v -0.04614764451980591 -0.07820673286914825 -0.08371488749980927
v -0.04377972334623337 -0.08910821378231049 -0.08949741721153259
v -0.052584365010261536 -0.09485935419797897 -0.0802844688296318
v 0.06803744286298752 -0.028887782245874405 -0.019997481256723404
v 0.06899221241474152 -0.027039697393774986 -0.021715927869081497
v 0.07541032135486603 0.007087741047143936 -0.025898979976773262
v 0.07478193193674088 0.005895507521927357 -0.026011377573013306
v 0.07366208732128143 0.0017050839960575104 -0.02522135153412819
v 0.07439365237951279 0.0012033963575959206 -0.027727311477065086
v 0.07798909395933151 -0.003950294107198715 -0.03608197346329689
v 0.07883422076702118 -0.011649195104837418 -0.039190009236335754
v 0.06217946112155914 -0.020684927701950073 -0.05263487249612808
v 0.059796299785375595 -0.03583234176039696 -0.04096177965402603
v 0.07392293214797974 0.002123667858541012 -0.02444510906934738
v 0.07411222904920578 0.002649325877428055 -0.02447563223540783
v 0.07357222586870193 0.0018977252766489983 -0.02435993030667305
v 0.07305152714252472 0.0010914560407400131 -0.025029901415109634
v 0.0768255740404129 -0.0393904447555542 -0.03336142748594284
v 0.07800407707691193 0.0017338553443551064 -0.03277822211384773
v 0.07539866119623184 -0.0007407353259623051 -0.031123582273721695
v 0.07695061713457108 0.001329285092651844 -0.030792690813541412
v 0.08563604205846786 -0.007970379665493965 -0.04621678963303566
v 0.08703550696372986 -0.0006253072060644627 -0.04490760713815689
v 0.08834657818078995 -0.00012140627950429916 -0.04633181169629097
v 0.08690465986728668 -0.007858575321733952 -0.04743397980928421
v 0.0653192549943924 -0.04130328446626663 -0.02767595276236534
v 0.07069449126720428 -0.005704166367650032 -0.03141343221068382
v 0.0718378946185112 -0.007044922560453415 -0.031108932569622993
v 0.07295650988817215 -0.0002697738818824291 -0.028381042182445526
v 0.07242565602064133 0.00028605014085769653 -0.02549181692302227
v 0.06911719590425491 -0.024099290370941162 -0.020673543214797974
v 0.08296331018209457 0.012220239266753197 -0.03879248723387718
v 0.08358348906040192 0.010929271578788757 -0.04047618806362152
v 0.08211702853441238 0.010871981270611286 -0.037795279175043106
v 0.08196811378002167 0.011658648028969765 -0.036086130887269974
v 0.08144903182983398 0.013708305545151234 -0.033958449959754944
v 0.08078175038099289 0.01410312857478857 -0.03343432396650314
v 0.08243238180875778 0.013396850787103176 -0.03681386634707451
v 0.07510405778884888 0.0005078008398413658 -0.029133854433894157
v 0.07632368057966232 0.0016436167061328888 -0.029666952788829803
v 0.07360218465328217 -0.027879711240530014 -0.031122393906116486
v 0.07486463338136673 -0.03348267078399658 -0.032139115035533905
v 0.08085043728351593 -0.018850717693567276 -0.04291226714849472
v 0.07982593774795532 -0.01876761019229889 -0.040410738438367844
v 0.08034029603004456 -0.006601356901228428 -0.04949572682380676
v 0.08008628338575363 0.001940942369401455 -0.04769168049097061
v 0.0784260630607605 0.0012361062690615654 -0.04579310491681099
v 0.07909087091684341 -0.0067881932482123375 -0.04816251993179321
v 0.07295556366443634 -0.0059313103556632996 -0.04475075751543045
v 0.06939815729856491 -0.005411762278527021 -0.04433027654886246
v 0.07090436667203903 -0.011193310841917992 -0.02216603420674801
v 0.07039491832256317 -0.007828010246157646 -0.019321531057357788
v 0.0717063769698143 -0.0013779094442725182 -0.02775174379348755
v 0.07189349085092545 8.999230340123177e-05 -0.025963952764868736
v 0.07458232343196869 -0.02287246845662594 -0.04530000686645508
v 0.07158835977315903 -0.0312919095158577 -0.03908929228782654
v 0.07504509389400482 -0.025258254259824753 -0.043834883719682693
v 0.06759683042764664 -0.032246775925159454 -0.03707542642951012
v 0.06758485734462738 -0.0336274653673172 -0.034910429269075394
v 0.07005028426647186 -0.03342206031084061 -0.03656262159347534
v 0.0770377442240715 -0.023879792541265488 -0.03866682946681976
v 0.07905972748994827 -0.021999139338731766 -0.04081235080957413
v 0.0696854367852211 -0.009826031513512135 -0.028108803555369377
v 0.06853906065225601 -0.011146745644509792 -0.03013545274734497
v 0.06781228631734848 -0.009984346106648445 -0.027927139773964882
v 0.08096145838499069 -0.004020078107714653 -0.03816889598965645
v 0.08147522062063217 -0.011576117016375065 -0.040382012724876404
v 0.0764603391289711 0.0030675893649458885 -0.024399977177381516
v 0.07373408228158951 -0.006215730216354132 -0.026036137714982033
v 0.07448899000883102 -0.0032316227443516254 -0.023393699899315834
v 0.07914621382951736 0.006116385571658611 -0.02407778613269329
v 0.0780525654554367 0.004705195315182209 -0.024693123996257782
v 0.07738591730594635 0.0037820078432559967 -0.024550411850214005
v 0.07819157093763351 0.004200754687190056 -0.023592304438352585
v 0.0632491260766983 -0.018541965633630753 -0.03155241161584854
v 0.06556800752878189 -0.020516101270914078 -0.030096735805273056
v 0.06720852851867676 -0.017568005248904228 -0.02888565883040428
v 0.08052265644073486 0.012916994281113148 -0.031089358031749725
v 0.0811580941081047 0.01142336055636406 -0.03242342919111252
v 0.07736839354038239 0.006951233372092247 -0.04181550443172455
v 0.07653994113206863 0.0055128904059529305 -0.02859489433467388
v 0.07652821391820908 0.004324931651353836 -0.029959507286548615
v 0.07441411167383194 0.017759498208761215 -0.032399531453847885
v 0.07507308572530746 0.014805891551077366 -0.02949618734419346
v 0.0748307928442955 0.014965036883950233 -0.028177954256534576
v 0.07431647181510925 0.019582614302635193 -0.02744525857269764
v 0.06732968986034393 -0.0370769128203392 -0.032096315175294876
v 0.06981261074542999 -0.036210209131240845 -0.03480515629053116
v 0.06936599314212799 -0.034817926585674286 -0.03506680577993393
v 0.0675983726978302 -0.03526110202074051 -0.03317451849579811
v 0.0702628418803215 -0.023524774238467216 -0.03158912435173988
v 0.06824344396591187 -0.023497752845287323 -0.03348630294203758
v 0.08144597709178925 -0.016851775348186493 -0.0454438142478466
v 0.08102243393659592 -0.01796533539891243 -0.04458550363779068
v 0.08211173117160797 -0.013581442646682262 -0.04574380815029144
v 0.08220762759447098 -0.011973337270319462 -0.04639259725809097
v 0.07200584560632706 -0.001852638553828001 -0.03271514177322388
v 0.07166276127099991 -0.0032180214766412973 -0.0317513607442379
v 0.07357639819383621 0.01030689850449562 -0.03215177357196808
v 0.07589714974164963 0.012482261285185814 -0.033079225569963455
v 0.07601787149906158 0.014028371311724186 -0.02950214594602585
v 0.07414212822914124 0.012409918941557407 -0.02977534756064415
v 0.07905103266239166 0.008171412162482738 -0.043644316494464874
v 0.07652878761291504 0.0028236545622348785 -0.030283236876130104
v 0.07684122025966644 0.003148128278553486 -0.03108895570039749
v 0.07639119029045105 0.0031208964064717293 -0.02962700091302395
v 0.0732317864894867 -0.00043271342292428017 -0.02524603344500065
v 0.07539981603622437 -0.0014682309702038765 -0.025523193180561066
v 0.0789729580283165 0.006602342240512371 -0.025359557941555977
v 0.08130104839801788 0.010340681299567223 -0.02734334021806717
v 0.08045753836631775 0.0111427316442132 -0.028464531525969505
v 0.07846906036138535 0.007496098056435585 -0.02536890283226967
v 0.07478533685207367 0.00442865863442421 -0.02463109791278839
v 0.0072725857608020306 -0.030220648273825645 -0.10555154085159302
v 0.008501248434185982 -0.01892133802175522 -0.11065193265676498
v -0.039786309003829956 0.022395944222807884 0.06934227794408798
v -0.04751192405819893 0.021481849253177643 0.06430542469024658
v -0.04598429799079895 0.015561673790216446 0.0665232315659523
v -0.038443710654973984 0.0162403155118227 0.07003628462553024
v 0.07670377939939499 0.013525399379432201 -0.022382274270057678
v 0.07659280300140381 0.015496219508349895 -0.025416219606995583
v 0.07760068029165268 0.016464516520500183 -0.025782562792301178
v 0.0772431418299675 0.014328465797007084 -0.02276715449988842
v 0.08200348913669586 0.010477847419679165 -0.03590510040521622
v 0.08449949324131012 0.008177151903510094 -0.04180648922920227
v 0.07301297783851624 -0.009047787636518478 -0.030431512743234634
v 0.07030700147151947 -0.011743925511837006 -0.0317905955016613
v 0.060795072466135025 -0.012851622886955738 -0.030844423919916153
v 0.06112361699342728 -0.01173966284841299 -0.03035930171608925
v 0.06173056364059448 -0.011849328875541687 -0.03145403414964676
v 0.061650265008211136 -0.012661423534154892 -0.03207084909081459
v 0.06493838131427765 -0.01764625683426857 -0.03412945196032524
v 0.06715826690196991 -0.01851484179496765 -0.03348683938384056
v 0.06634503602981567 -0.02023787423968315 -0.03220447152853012
v 0.06441667675971985 -0.019064370542764664 -0.0336017906665802
v 0.06033507362008095 -0.015406032092869282 -0.03182036429643631
v 0.060574792325496674 -0.014010252431035042 -0.031250957399606705
v 0.06127963960170746 -0.01418172474950552 -0.032830022275447845
v 0.06096925958991051 -0.015606299974024296 -0.03379036858677864
v 0.07978913187980652 0.013094427064061165 -0.029365483671426773
v 0.08132228255271912 0.01328256819397211 -0.03159372881054878
v 0.08656669408082962 0.006604792550206184 -0.04094860702753067
v 0.08681680262088776 0.004830908961594105 -0.04258937016129494
v 0.0839647501707077 0.011380181647837162 -0.038227323442697525
v 0.08434566110372543 0.009854311123490334 -0.03993628919124603
v 0.07092788070440292 -0.01872294768691063 -0.02300453558564186
v 0.07184315472841263 -0.018228990957140923 -0.02464071288704872
v 0.07158771902322769 -0.0198247991502285 -0.02498565800487995
v 0.08757004141807556 0.009091737680137157 -0.04020753502845764
v 0.08657342195510864 0.012307442724704742 -0.04153910651803017
v 0.07079637050628662 -0.03670276701450348 -0.02365127019584179
v 0.06998483091592789 -0.038654446601867676 -0.02275225520133972
v 0.04813585802912712 -0.11285024136304855 -0.01760871522128582
v 0.05621327832341194 -0.10408351570367813 -0.030329987406730652
v 0.05544834956526756 -0.114204540848732 -0.031163986772298813
v 0.047115474939346313 -0.12263927608728409 -0.019239746034145355
v 0.07788211852312088 0.009057339280843735 -0.02243047207593918
v 0.07618673145771027 0.011792238801717758 -0.021932251751422882
v 0.06041166931390762 -0.017344892024993896 -0.03262673318386078
v 0.0604015551507473 -0.017446741461753845 -0.03266320377588272
v 0.063059963285923 -0.019124403595924377 -0.03282756358385086
v 0.06509693711996078 -0.013705173507332802 -0.029163440689444542
v 0.06144347041845322 -0.013264280743896961 -0.030235666781663895
v 0.06554374098777771 -0.016165301203727722 -0.03365702927112579
v 0.06513430178165436 -0.01129864901304245 -0.03093944676220417
v 0.0648900642991066 -0.010426112450659275 -0.029469601809978485
v 0.06614591926336288 -0.02349665015935898 -0.0299299918115139
v 0.06699024885892868 -0.024153858423233032 -0.03197690099477768
v 0.06875194609165192 -0.025100726634263992 -0.0290621779859066
v 0.061360299587249756 -0.01761411875486374 -0.034260883927345276
v 0.07291793823242188 -0.0006244676187634468 -0.030643058940768242
v 0.06827264279127121 -0.015773983672261238 -0.03338956832885742
v 0.0693463683128357 -0.017543775960803032 -0.03583409637212753
v 0.06865859031677246 -0.01943856105208397 -0.03532658517360687
v 0.06765783578157425 -0.01751689426600933 -0.03373386710882187
v 0.07580610364675522 -0.027186110615730286 -0.037467390298843384
v 0.07558941841125488 -0.025390654802322388 -0.03721941262483597
v 0.06766793131828308 -0.021557964384555817 -0.03818938136100769
v 0.07091191411018372 -0.02221396192908287 -0.03669704124331474
v 0.07312110811471939 -0.006422692444175482 -0.029858659952878952
v 0.07451532036066055 -0.003900006879121065 -0.026981621980667114
v 0.0704176127910614 -0.009617318399250507 -0.02863217517733574
v 0.06839169561862946 -0.01378772221505642 -0.032016754150390625
v 0.0699579119682312 -0.015625689178705215 -0.034786246716976166
v 0.06519490480422974 -0.01257375255227089 -0.029075613245368004
v 0.06841754168272018 -0.01229923591017723 -0.027665220201015472
v 0.06811844557523727 -0.01125092338770628 -0.027737900614738464
v 0.06513001769781113 -0.011606444604694843 -0.02911756932735443
v 0.07812383025884628 0.004733830690383911 -0.031170060858130455
v 0.07497093081474304 0.009524621069431305 -0.020537611097097397
v 0.07713386416435242 0.006416172720491886 -0.021631769835948944
v 0.07419855892658234 0.024034686386585236 -0.043120548129081726
v 0.07183712720870972 0.01663357764482498 -0.049644581973552704
v 0.07357711344957352 0.015171336010098457 -0.036756906658411026
v 0.06630659103393555 -0.014536650851368904 -0.033176179975271225
v 0.06135489046573639 -0.011266152374446392 -0.030378414317965508
v 0.06198856234550476 -0.011855672113597393 -0.030226722359657288
v 0.0814206600189209 -0.02155952900648117 -0.04414026439189911
v 0.06932462006807327 -0.02596476301550865 -0.028822794556617737
v 0.07221004366874695 -0.002253882586956024 -0.02610625885426998
v 0.07974976301193237 -0.011826500296592712 -0.04940322786569595
v 0.07904765009880066 -0.017641335725784302 -0.04856293275952339
v 0.07187119126319885 -0.0008492143824696541 -0.025992874056100845
v 0.07207174599170685 0.00017617270350456238 -0.025807078927755356
v 0.06774229556322098 -0.02394920401275158 -0.03297800198197365
v 0.06987574696540833 -0.024339796975255013 -0.03049018234014511
v 0.07241039723157883 0.0004120366647839546 -0.025476211681962013
v 0.07196800410747528 -0.018438106402754784 -0.0261459331959486
v 0.08211787045001984 0.005589800886809826 -0.03581777960062027
v 0.07332757860422134 -0.034589096903800964 -0.03965308144688606
v 0.07171053439378738 -0.036677174270153046 -0.03695385158061981
v 0.06187483295798302 -0.012301299721002579 -0.02989738993346691
v 0.0651472732424736 -0.02017657831311226 -0.0314655527472496
v 0.06545446068048477 -0.012877456843852997 -0.031740084290504456
v 0.0706784650683403 -0.014413688331842422 -0.027208460494875908
v 0.07038650661706924 -0.01663397066295147 -0.027439184486865997
v 0.07205307483673096 -0.01620464026927948 -0.025455744937062263
v 0.07178617268800735 -0.021256737411022186 -0.038198698312044144
v 0.06820283085107803 -0.01903887279331684 -0.03968611732125282
v 0.0692279189825058 -0.017773866653442383 -0.04149622097611427
v 0.07363033294677734 -0.019796904176473618 -0.03915064409375191
v 0.0780491977930069 -0.023142069578170776 -0.04724081605672836
v 0.07658436894416809 -0.028274506330490112 -0.04495324194431305
v 0.07903213798999786 -0.03007359988987446 -0.045345403254032135
v 0.08108474314212799 -0.024437716230750084 -0.04761527478694916
v 0.07382762432098389 0.041396789252758026 -0.04869880527257919
v 0.0748739093542099 0.0286509208381176 -0.035218674689531326
v 0.07459625601768494 0.0459643192589283 -0.03622797876596451
v 0.0785246267914772 0.014942309819161892 -0.03756638243794441
v 0.07837646454572678 0.012948624789714813 -0.03950749710202217
v 0.08358903974294662 0.01417490653693676 -0.04194888100028038
v 0.07394587248563766 0.017048291862010956 -0.022915152832865715
v 0.07460476458072662 0.014901959337294102 -0.026782596483826637
v 0.07649987936019897 0.01468079537153244 -0.025323351845145226
v 0.0839340090751648 -0.006771976128220558 -0.0502784363925457
v 0.07278341054916382 -0.0018575056456029415 -0.020228147506713867
v 0.07481128722429276 -0.0013217679224908352 -0.022114070132374763
v 0.07342138141393661 -0.021507956087589264 -0.045934826135635376
v 0.07525529712438583 -0.022148873656988144 -0.037090715020895004
v 0.07767065614461899 -0.020900238305330276 -0.0385734997689724
v 0.0843643993139267 0.013662464916706085 -0.03119434230029583
v 0.0824122503399849 0.011137444525957108 -0.029118197038769722
v 0.013230213895440102 -0.13274747133255005 0.012132596224546432
v 0.012760227546095848 -0.13861246407032013 0.007192580029368401
v 0.007509260438382626 -0.03230592980980873 0.07898952066898346
v 0.00844575371593237 -0.03219877555966377 0.07778888940811157
v 0.006923976819962263 -0.030573274940252304 0.0770457461476326
v 0.006606661714613438 -0.0306856632232666 0.07759877294301987
v 0.008332507684826851 -0.040453698486089706 0.07684439420700073
v 0.0076139806769788265 -0.039091020822525024 0.07646700739860535
v 0.008833049796521664 -0.03886466100811958 0.07549328356981277
v 0.009972956031560898 -0.03996450826525688 0.07605823129415512
v 0.005717437714338303 -0.03056594729423523 0.07727332413196564
v 0.004857800900936127 -0.032824207097291946 0.07948396354913712
v 0.005850515328347683 -0.03275919705629349 0.08013895153999329
v 0.0060609206557273865 -0.03064347431063652 0.07752134650945663
v 0.08441105484962463 0.016850661486387253 -0.031408291310071945
v 0.012365859001874924 -0.03948909789323807 0.07671136409044266
v 0.01102671679109335 -0.03784841299057007 0.07647297531366348
v 0.011346189305186272 -0.03762786090373993 0.07819265127182007
v 0.013617313466966152 -0.03862316906452179 0.07857298851013184
v 0.004960071295499802 -0.040102388709783554 0.08499602973461151
v 0.005974368192255497 -0.03806113451719284 0.08527210354804993
v 0.004910591524094343 -0.038792934268713 0.08303723484277725
v 0.004913637414574623 -0.04058125615119934 0.0823340117931366
v 0.007914513349533081 -0.03743309900164604 0.0845346674323082
v 0.009859652258455753 -0.03756214305758476 0.08633752912282944
v 0.011541048064827919 -0.03725554794073105 0.08444429188966751
v 0.00939917378127575 -0.03748984634876251 0.08284235000610352
v 0.005012075882405043 -0.03648589551448822 0.07898247241973877
v 0.00604034960269928 -0.03859107196331024 0.07973640412092209
v 0.0043763648718595505 -0.03635862469673157 0.08207967132329941
v 0.010722780600190163 -0.035443805158138275 0.07723044604063034
v 0.010456710122525692 -0.036149293184280396 0.07597723603248596
v 0.008557707071304321 -0.032986026257276535 0.07647990435361862
v 0.008780572563409805 -0.032656047493219376 0.07643943279981613
v 0.05106235295534134 -0.09589501470327377 -0.014791440218687057
v 0.05707759037613869 -0.08998735249042511 -0.02969001978635788
v 0.03333030641078949 -0.012635727412998676 0.060712650418281555
v 0.032640885561704636 -0.015649806708097458 0.06145152449607849
v 0.02855316549539566 -0.01476958766579628 0.0624002180993557
v 0.029399476945400238 -0.012058909982442856 0.061595331877470016
v 0.07236036658287048 -0.0143296979367733 -0.024199672043323517
v 0.07158921658992767 -0.013796098530292511 -0.023041516542434692
v 0.0783577710390091 0.010659419000148773 -0.041491251438856125
v 0.08267079293727875 0.012423664331436157 -0.03748743608593941
v 0.0788581594824791 0.01617147959768772 -0.03539484366774559
v 0.07845734059810638 0.016852788627147675 -0.03048611804842949
v 0.07706096023321152 0.015370247885584831 -0.02993195317685604
v 0.07708293199539185 0.014344122260808945 -0.034137073904275894
v 0.08624313771724701 0.012033697217702866 -0.03629433363676071
v 0.07050196826457977 -0.02746940404176712 -0.02892846055328846
v 0.07962976396083832 0.001342062372714281 -0.034843847155570984
v 0.07803885638713837 0.01684984192252159 -0.027944393455982208
v 0.08108732104301453 0.018187887966632843 -0.028311077505350113
v 0.08394668996334076 -0.007578592281788588 -0.04598802700638771
v 0.08682791888713837 0.011038755998015404 -0.038323480635881424
v 0.08570428937673569 0.009190315380692482 -0.03745526075363159
v 0.08003196865320206 0.008255889639258385 -0.024544812738895416
v 0.07156698405742645 -0.014780386351048946 -0.04186660051345825
v 0.07751133292913437 -0.015084924176335335 -0.03968008980154991
v 0.0757216140627861 -0.017961900681257248 -0.03959169611334801
v -0.09746500849723816 0.0032934541814029217 -0.04036075249314308
v -0.09763787686824799 0.0010106544941663742 -0.04205732420086861
v -0.09806263446807861 -0.001191561110317707 -0.040510393679142
v -0.09786107391119003 0.0006624762900173664 -0.038743600249290466
v -0.09323852509260178 -0.013791052624583244 -0.04357632249593735
v -0.0938388779759407 -0.006666828878223896 -0.04323682561516762
v -0.09499451518058777 -0.004084354732185602 -0.043247707188129425
v -0.09535948932170868 -0.006488023325800896 -0.04292852431535721
v 0.07082495093345642 -0.01683449000120163 -0.042124975472688675
v 0.07128680497407913 -0.00436205230653286 -0.031727101653814316
v 0.06901151686906815 -0.023717623203992844 -0.01833909936249256
v 0.07612663507461548 -0.03227192163467407 -0.03546256572008133
v -0.09267844259738922 -0.02460814081132412 -0.0424291230738163
v -0.09142004698514938 -0.023961463943123817 -0.042399659752845764
v -0.09301981329917908 -0.019217241555452347 -0.042944032698869705
v -0.09468974173069 -0.019611287862062454 -0.04322854429483414
v 0.0768534317612648 -0.03055766224861145 -0.037607140839099884
v 0.023807775229215622 -0.029960276558995247 -0.10025452077388763
v 0.026894450187683105 -0.017893290147185326 -0.10449942946434021
v 0.08606862276792526 -0.00730085838586092 -0.049091313034296036
v 0.08037705719470978 0.013723119162023067 -0.030636267736554146
v 0.07237514853477478 -0.027771886438131332 -0.030189115554094315
v 0.07307170331478119 -0.03351406380534172 -0.02891267091035843
v 0.07163308560848236 -0.03298204392194748 -0.02711806818842888
v 0.07668176293373108 0.0035819774493575096 -0.03076111152768135
v 0.0725373923778534 -0.020195860415697098 -0.04557282477617264
v 0.07223185896873474 -0.01778004691004753 -0.04634618014097214
v 0.06192225217819214 -0.011275552213191986 -0.031089799478650093
v 0.07561714947223663 -0.026693373918533325 -0.04415002092719078
v 0.07262307405471802 -0.032808031886816025 -0.03924565762281418
v 0.058599118143320084 -0.0842069685459137 -0.04358260706067085
v 0.05424986407160759 -0.07833410799503326 -0.05910831689834595
v -0.07797926664352417 -0.04861167073249817 -0.02243749238550663
v -0.08049190789461136 -0.045312635600566864 -0.024545060470700264
v -0.08071009069681168 -0.04809320718050003 -0.026364866644144058
v -0.07631311565637589 -0.04974726215004921 -0.02508499100804329
v 0.05577734112739563 -0.09017632156610489 -0.058546941727399826
v 0.05912916734814644 -0.09673304110765457 -0.04399315267801285
v 0.069358691573143 -0.009961025789380074 -0.01653231866657734
v 0.06997926533222198 -0.01651466265320778 -0.020310424268245697
v 0.06968587636947632 -0.01795937679708004 -0.018861643970012665
v 0.02773958444595337 -0.12132158875465393 0.006677044555544853
v 0.024314988404512405 -0.13252988457679749 0.0014819148927927017
v 0.0687253549695015 -0.023514673113822937 -0.014495374634861946
v 0.06865426152944565 -0.025661900639533997 -0.0029281037859618664
v 0.0696142315864563 -0.010079075582325459 -0.00018526730127632618
v 0.0686742514371872 -0.01378602348268032 -0.01182233914732933
v 0.05622761324048042 0.014117242768406868 0.04132232442498207
v 0.057882823050022125 0.015694094821810722 0.03682047873735428
v 0.05912765860557556 0.006696807220578194 0.03545223921537399
v 0.05694162845611572 0.007159337401390076 0.03945368900895119
v 0.015423276461660862 0.06515228003263474 0.06723186373710632
v 0.005663062445819378 0.065493643283844 0.06962597370147705
v 0.0050700344145298 0.07318619638681412 0.06546185910701752
v 0.015138255432248116 0.07262825965881348 0.06283991038799286
v 0.028436772525310516 -0.008990960195660591 -0.10657590627670288
v 0.029834449291229248 0.0021903514862060547 -0.10873202234506607
v 0.009795840829610825 -0.00025331974029541016 -0.11583065986633301
v 0.009136509150266647 -0.010698683559894562 -0.11305201798677444
v 0.014035708270967007 0.09271477162837982 0.045676544308662415
v 0.0037085660733282566 0.09345138818025589 0.048506706953048706
v 0.0033360852394253016 0.10003481060266495 0.04010570049285889
v -0.07340451329946518 -0.04784242808818817 -0.025940094143152237
v -0.07733143866062164 -0.04756024479866028 -0.03037630207836628
v -0.0769849643111229 -0.044050343334674835 -0.03106868453323841
v -0.07384426146745682 -0.044634319841861725 -0.02778453193604946
v 0.013880115933716297 0.09903725236654282 0.037521280348300934
v 0.051782071590423584 -0.01431277859956026 0.051028817892074585
v 0.054141491651535034 -0.02054561674594879 0.04998820647597313
v 0.05048320069909096 -0.021426590159535408 0.05366697907447815
v 0.04851197078824043 -0.014955436810851097 0.053991928696632385
v 0.07344843447208405 -0.038608357310295105 -0.02680746093392372
v 0.07235599309206009 -0.03763420134782791 -0.02541108801960945
v -0.09246131032705307 0.009985017590224743 -0.02585728093981743
v -0.09279799461364746 0.006202884949743748 -0.0258796326816082
v -0.09147478640079498 0.004787723533809185 -0.02414897084236145
v -0.09089760482311249 0.00843342300504446 -0.023733055219054222
v -0.07879964262247086 -0.019099371507763863 -0.042135775089263916
v -0.07688329368829727 -0.025757789611816406 -0.04185234755277634
v -0.08309740573167801 -0.020801197737455368 -0.043241921812295914
v -0.08360877633094788 -0.017950203269720078 -0.0429634153842926
v 0.0029847626574337482 0.10624665021896362 0.029837187379598618
v 0.01381678692996502 0.10505431890487671 0.02756209671497345
v 0.01081189326941967 -0.007352170534431934 0.06894148141145706
v -0.09121450036764145 0.001711458433419466 -0.03417646512389183
v -0.0918530598282814 0.0027886973693966866 -0.03687191754579544
v -0.09237872809171677 0.0009805373847484589 -0.03841586038470268
v -0.09150168299674988 -0.0006575295701622963 -0.03650100529193878
v -0.09448346495628357 0.005066253244876862 -0.041069429367780685
v -0.09462648630142212 0.0025328113697469234 -0.04302412271499634
v -0.07677899301052094 -0.039115555584430695 -0.0202161967754364
v -0.07580623030662537 -0.03558316081762314 -0.018862754106521606
v -0.07621865719556808 -0.03379886597394943 -0.020104842260479927
v -0.0767056941986084 -0.034690555185079575 -0.021814122796058655
v -0.07919944077730179 -0.01995220221579075 -0.033983420580625534
v -0.08087926357984543 -0.016008637845516205 -0.030456596985459328
v -0.08841364085674286 -0.03572436049580574 -0.03981234133243561
v -0.08844467252492905 -0.03409988060593605 -0.0385420136153698
v -0.09092741459608078 -0.02955656498670578 -0.040743015706539154
v -0.09083776921033859 -0.03061818890273571 -0.042453691363334656
v 0.010967115871608257 -0.004984546452760696 0.06644848734140396
v 0.014703751541674137 -0.00809277594089508 0.06478612869977951
v 0.014530966989696026 -0.010559914633631706 0.06674735993146896
v 0.004931267350912094 0.0374317541718483 0.07605303823947906
v 0.0053971195593476295 0.04535478353500366 0.07433228194713593
v 0.014026503078639507 0.04579680413007736 0.07290379703044891
v 0.013084287755191326 0.037868432700634 0.07519381493330002
v 0.019443457946181297 -0.01019456796348095 0.06328108161687851
v 0.01871751993894577 -0.01253535132855177 0.06460218131542206
v 0.004584969021379948 0.08029867708683014 0.06062427908182144
v 0.014812784269452095 0.07974807918071747 0.057798393070697784
v 0.011407037265598774 0.11952459067106247 -0.01971065066754818
v -0.08533009886741638 -0.03212546557188034 -0.03665763512253761
v -0.08795219659805298 -0.02872106432914734 -0.03922309726476669
v -0.08892431110143661 -0.027731992304325104 -0.04078252613544464
v -0.08798442780971527 -0.030312757939100266 -0.03925864398479462
v 0.012120373547077179 0.11830271035432816 -0.011518293991684914
v 0.0008882819674909115 0.12051022797822952 -0.011150503531098366
v -0.0930466428399086 0.004321165382862091 -0.03463060408830643
v -0.09167312830686569 0.005721980705857277 -0.029447969049215317
v -0.09318260848522186 0.004342873580753803 -0.028250012546777725
v -0.09489407390356064 0.0029470911249518394 -0.032688502222299576
v 0.0015609567053616047 0.12183679640293121 -0.023519940674304962
v 0.06321609020233154 0.00033460045233368874 -0.06992368400096893
v 0.06694475561380386 -0.003588822204619646 -0.054955944418907166
v 0.06957080960273743 0.008541826158761978 -0.05401057004928589
v 0.06685543060302734 0.017181208357214928 -0.06919709593057632
v 0.03891433775424957 -0.11162502318620682 -0.0026864297688007355
v 0.036241959780454636 -0.12345826625823975 -0.007134712301194668
v -0.08536799252033234 -0.006472557317465544 -0.039810556918382645
v -0.08385463804006577 -0.001933201216161251 -0.036690421402454376
v -0.08321373909711838 -0.0027110236696898937 -0.03675238415598869
v -0.08445083349943161 -0.006614783313125372 -0.039693646132946014
v -0.0939440205693245 0.00232384679839015 -0.03954817354679108
v -0.09440675377845764 0.0003671320155262947 -0.041174061596393585
v -0.09286047518253326 -0.0010837363079190254 -0.040224406868219376
v -0.08319416642189026 -0.0028232340700924397 -0.0239880234003067
v -0.0850512906908989 -0.0014879480004310608 -0.025809714570641518
v -0.08479928970336914 -0.0027243602089583874 -0.026995621621608734
v -0.08460643142461777 -0.004101047292351723 -0.026515599340200424
v -0.08024370670318604 -0.04813135415315628 -0.030204515904188156
v -0.07490932941436768 -0.035410694777965546 -0.03694234415888786
v -0.07650121301412582 -0.03468471020460129 -0.03862207010388374
v -0.07947082072496414 -0.03012949228286743 -0.040672626346349716
v -0.07807069271802902 -0.028925593942403793 -0.04080815985798836
v 0.04867902398109436 0.033386699855327606 0.052275605499744415
v 0.0505845732986927 0.03969008848071098 0.04911539703607559
v 0.053712353110313416 0.03352663666009903 0.044007282704114914
v 0.05185791105031967 0.028157323598861694 0.04795091226696968
v 0.003969172947108746 0.024990156292915344 0.07752221822738647
v 0.01109987311065197 0.025060154497623444 0.07714632898569107
v 0.009436322376132011 0.019474167376756668 0.0760359987616539
v 0.0034804963506758213 0.01950015127658844 0.0768200159072876
v -0.07351551949977875 -0.04686683416366577 -0.019917646422982216
v -0.0766705721616745 -0.046693816781044006 -0.02013079822063446
v -0.07718639075756073 -0.04767840355634689 -0.021462343633174896
v -0.07415354251861572 -0.04867023974657059 -0.02204817906022072
v 0.05756576359272003 5.090795457363129e-05 0.03914220258593559
v 0.06019574776291847 -0.0022779591381549835 0.03587831184267998
v 0.05987463891506195 -0.010831465944647789 0.039596449583768845
v 0.05684390664100647 -0.007359457202255726 0.042269617319107056
v 0.05421755462884903 -0.0127006396651268 0.047915805131196976
v -0.08593811094760895 0.0017841430380940437 -0.025328902527689934
v -0.08774428814649582 0.0014221752062439919 -0.027219783514738083
v -0.08606480062007904 0.0005885357968509197 -0.026905691251158714
v -0.08501501381397247 0.000732865184545517 -0.025440530851483345
v 0.056847214698791504 -0.018451979383826256 0.04661359265446663
v -0.0925690308213234 -0.008672862313687801 -0.0420377179980278
v -0.09187428653240204 -0.00284328474663198 -0.03859584778547287
v 0.015066666528582573 0.05540881305932999 0.07108759880065918
v 0.0056755393743515015 0.05539657920598984 0.07277028262615204
v 0.056192606687545776 0.025105543434619904 0.0394933745265007
v 0.054469961673021317 0.021479066461324692 0.04402664676308632
v 0.00815752986818552 -0.004574399441480637 0.07183975726366043
v 0.008562343195080757 -0.002507168799638748 0.06847593188285828
v 0.006315313279628754 0.001539492979645729 0.0712268203496933
v -0.09127834439277649 -0.01839243248105049 -0.03899942338466644
v -0.09130921959877014 -0.0175289548933506 -0.041730791330337524
v -0.09079952538013458 -0.021822258830070496 -0.040983714163303375
v -0.09018325060606003 -0.022380657494068146 -0.03849703073501587
v 0.003263153601437807 0.00015681982040405273 0.07741067558526993
v 0.003006936749443412 0.004340566694736481 0.07595380395650864
v 0.005753945559263229 0.004929797723889351 0.0721307098865509
v 0.029672790318727493 0.03850319981575012 0.06831593066453934
v 0.030865531414747238 0.046067818999290466 0.06565834581851959
v 0.038282640278339386 0.04574761539697647 0.06050889566540718
v 0.0369819737970829 0.038418255746364594 0.0631263256072998
v 0.01441478542983532 0.08628051728010178 0.05223166570067406
v -0.09160853922367096 -0.010720153339207172 -0.03724442049860954
v -0.09186910837888718 -0.010035661049187183 -0.04043751209974289
v 0.004118229262530804 0.08688823878765106 0.05510587990283966
v 0.003020982490852475 0.012850321829319 0.07568833976984024
v 0.006815199740231037 0.013494869694113731 0.07331898808479309
v 0.006106950342655182 0.010425405576825142 0.07236014306545258
v -0.09576310962438583 -0.0019768064375966787 -0.039631184190511703
v -0.09596225619316101 -0.007525227032601833 -0.04175172001123428
v -0.09519176930189133 -0.0010682335123419762 -0.040455412119627
v -0.08211620151996613 0.0003257961943745613 -0.03327970951795578
v -0.08274488151073456 0.003963399678468704 -0.0363365076482296
v -0.08195146173238754 -0.0016250989865511656 -0.039674315601587296
v -0.08239173889160156 -0.0017006478738039732 -0.03551269322633743
v 0.0031065288931131363 0.009953971952199936 0.07532841712236404
v 0.02357596717774868 -0.013874187134206295 0.06336535513401031
v 0.024327876046299934 -0.011403441429138184 0.062448520213365555
v 0.06385257840156555 -0.03675692901015282 -0.03159540891647339
v 0.06566409766674042 -0.038330789655447006 -0.030702466145157814
v 0.07033577561378479 0.007585763931274414 -0.010145479813218117
v 0.06919785588979721 -0.0031731235794723034 -0.01048539113253355
v 0.06988706439733505 0.00316581130027771 0.0012565613724291325
v 0.06927146762609482 0.01614772155880928 0.0012195645831525326
v 0.07050345838069916 0.02871166728436947 -3.6823563277721405e-05
v 0.07076115906238556 0.037486813962459564 -0.003644315991550684
v 0.07271519303321838 0.022882111370563507 -0.013551132753491402
v 0.07157766073942184 0.016896430402994156 -0.010819248855113983
v 0.05049312114715576 -0.08532127737998962 -0.07153148949146271
v 0.04722319170832634 -0.07474185526371002 -0.07337618619203568
v 0.0036616993602365255 -0.0032944604754447937 0.08006389439105988
v 0.0037959907203912735 -0.006721783429384232 0.0822773426771164
v 0.010533921420574188 0.04326002672314644 -0.11780954152345657
v -0.07655560225248337 -0.02966585010290146 -0.01996246911585331
v -0.07778918743133545 -0.027224596589803696 -0.02104014903306961
v -0.07614339143037796 -0.02896800823509693 -0.02325734682381153
v -0.0754823386669159 -0.031824782490730286 -0.023041047155857086
v 0.010379720479249954 0.02949443645775318 -0.11890845745801926
v 0.031145004555583 0.0329255573451519 -0.11026696115732193
v 0.03105703555047512 0.04598928242921829 -0.10882563889026642
v 0.0604078583419323 -0.010842867195606232 -0.06841649860143661
v -0.0800311490893364 -0.03244008868932724 -0.039834536612033844
v -0.0771327018737793 -0.03581830859184265 -0.03797062486410141
v -0.07757236063480377 -0.036558642983436584 -0.0374046266078949
v -0.08027645200490952 -0.03427546098828316 -0.038723915815353394
v 0.06447327882051468 -0.012623194605112076 -0.054256781935691833
v 0.00980757549405098 -0.034976959228515625 0.07915890961885452
v 0.006737626623362303 -0.030343372374773026 0.07637012749910355
v 0.0075434735044837 -0.03333047404885292 0.0768149122595787
v 0.006828039884567261 -0.030434919521212578 0.07635780423879623
v 0.0106820585206151 -0.0375373400747776 0.0806969553232193
v 0.013216838240623474 -0.03747100755572319 0.08193270117044449
v 0.008067171089351177 -0.037118297070264816 0.07538706809282303
v 0.007094670087099075 -0.03720787540078163 0.07585682719945908
v 0.0068688769824802876 -0.0331624299287796 0.0771062895655632
v 0.007034957408905029 -0.0303519144654274 0.07649370282888412
v 0.002563212998211384 -0.04203087091445923 0.08711603283882141
v 0.003278015647083521 -0.04106853902339935 0.09031681716442108
v 0.006866400130093098 -0.039418622851371765 0.08929641544818878
v 0.00526631623506546 -0.04064330831170082 0.08701961487531662
v 0.005942060612142086 -0.030452299863100052 0.07720735669136047
v 0.005169529002159834 -0.033174119889736176 0.07823288440704346
v 0.005198379512876272 -0.03587961196899414 0.08355946838855743
v 0.006650179158896208 -0.032512515783309937 0.07988385856151581
v 0.00633305823430419 -0.0306529738008976 0.07761646062135696
v 0.007003236562013626 -0.035280127078294754 0.082695372402668
v 0.006000422406941652 -0.04063069075345993 0.07974323630332947
v 0.008446061052381992 -0.03505273163318634 0.08112649619579315
v -0.0894162505865097 0.0024719396606087685 -0.02890206314623356
v -0.08979758620262146 -0.0015268949791789055 -0.030896533280611038
v -0.08838791400194168 -0.0016981898806989193 -0.02973124571144581
v -0.08116644620895386 -0.03248537704348564 -0.029323752969503403
v -0.08173569291830063 -0.030856329947710037 -0.031142132356762886
v -0.08280813694000244 -0.033373259007930756 -0.032781317830085754
v -0.08233682811260223 -0.03573184832930565 -0.031191371381282806
v 0.07386748492717743 -0.023403264582157135 -0.03591117262840271
v 0.05754249542951584 -0.07285419851541519 -0.021796081215143204
v 0.05956144630908966 -0.05649128556251526 -0.02741202712059021
v 0.05880476161837578 -0.05672102048993111 -0.03326809033751488
v -0.08426216244697571 -0.04315291345119476 -0.0352012999355793
v -0.08181755989789963 -0.04341233894228935 -0.03630736470222473
v -0.0797244980931282 -0.045974038541316986 -0.03320543095469475
v -0.08230416476726532 -0.045999523252248764 -0.03278788924217224
v -0.07653255760669708 -0.033141449093818665 -0.02243482694029808
v -0.0761619284749031 -0.03227292001247406 -0.020235538482666016
v -0.08717021346092224 -0.005800333805382252 -0.041556138545274734
v -0.08655304461717606 -0.00059855030849576 -0.03764309361577034
v 0.05802005156874657 -0.07283724844455719 -0.031520530581474304
v 0.07813132554292679 0.0033372556790709496 -0.032058145850896835
v 0.06156082823872566 0.043505676090717316 0.02754577063024044
v 0.06190260499715805 0.056041210889816284 0.02076420560479164
v 0.0674154981970787 0.04719991236925125 0.007191558834165335
v -0.09104341268539429 -0.002407998777925968 -0.03485237434506416
v -0.09141077101230621 -0.004365750588476658 -0.03668840974569321
v 0.06802216917276382 0.03648131340742111 0.010192196816205978
v 0.061985891312360764 0.06683358550071716 0.014920900575816631
v 0.06729579716920853 0.0587015226483345 0.0023203296586871147
v 0.07088365405797958 0.04881298914551735 -0.00937134400010109
v 0.07406200468540192 0.030774876475334167 -0.026349980384111404
v 0.040034882724285126 -0.0001931712031364441 0.057182252407073975
v 0.0402601920068264 -0.0003787148743867874 0.05736406892538071
v 0.038766808807849884 -0.0008676517754793167 0.058600008487701416
v -0.07968912273645401 -0.016306232661008835 -0.02293841913342476
v -0.07811827212572098 -0.01552409678697586 -0.02475820668041706
v -0.07838203758001328 -0.016371751204133034 -0.024780357256531715
v -0.08034864068031311 -0.01780247688293457 -0.022890867665410042
v 0.038818586617708206 -0.0007034670561552048 0.05832894146442413
v 0.03947940096259117 0.000275319442152977 0.05663321912288666
v 0.03812699019908905 -0.0003577135503292084 0.05770844221115112
v -0.07964256405830383 -0.016979578882455826 -0.02145981229841709
v -0.08009712398052216 -0.018580254167318344 -0.02159057930111885
v -0.07938206195831299 -0.01873190328478813 -0.020761702209711075
v -0.07905704528093338 -0.01793399266898632 -0.02044113539159298
v 0.04039999470114708 0.0007209461182355881 0.05572095513343811
v 0.040999580174684525 0.00025002099573612213 0.056147363036870956
v 0.041293587535619736 1.8680468201637268e-05 0.05632161721587181
v 0.02264164574444294 -0.00010658614337444305 0.06084500625729561
v 0.023541055619716644 0.00030013546347618103 0.06047101318836212
v 0.026205942034721375 -0.0004916787147521973 0.060395192354917526
v 0.025290241464972496 -0.0007745902985334396 0.06125309690833092
v 0.02249535545706749 -0.0004586838185787201 0.061279747635126114
v 0.025460533797740936 -0.0012014862149953842 0.06171939894556999
v -0.07742109894752502 -0.01520618051290512 -0.02528747171163559
v -0.07780235260725021 -0.015543806366622448 -0.025042034685611725
v -0.07800216972827911 -0.015024842694401741 -0.024983244016766548
v -0.08220917731523514 -0.010765109211206436 -0.03572302311658859
v -0.08211661130189896 -0.017852937802672386 -0.03870406374335289
v -0.0810275599360466 -0.01903519406914711 -0.039024971425533295
v -0.08237390220165253 -0.013668033294379711 -0.035689257085323334
v 0.02613217756152153 0.0026192348450422287 0.055851008743047714
v 0.025486834347248077 0.002859806641936302 0.05575694888830185
v -0.0919962152838707 -0.01625090464949608 -0.0430397093296051
v 0.027108313515782356 0.002333030104637146 0.055895376950502396
v 0.020898524671792984 0.0015224218368530273 0.05887340009212494
v 0.021002497524023056 0.002361748367547989 0.05890575423836708
v -0.08852596580982208 0.004362350329756737 -0.0205620639026165
v -0.08775049448013306 0.007016691379249096 -0.019740397110581398
v -0.09032054245471954 0.01018484402447939 -0.023037513718008995
v 0.025236159563064575 0.0035348739475011826 0.05575500428676605
v 0.02509314939379692 0.0030016209930181503 0.05568638816475868
v 0.021421242505311966 0.0014123283326625824 0.05907071754336357
v -0.07593876123428345 -0.028573468327522278 -0.03362150490283966
v -0.07945258915424347 -0.028896596282720566 -0.03090020641684532
v -0.07863623648881912 -0.029121313244104385 -0.02919824793934822
v -0.076431043446064 -0.028973545879125595 -0.03172590211033821
v -0.07735107839107513 -0.02449002116918564 -0.02545897848904133
v -0.0748908519744873 -0.02749086543917656 -0.02594221569597721
v -0.0783676952123642 -0.026445506140589714 -0.023529548197984695
v -0.07979430258274078 -0.011368214152753353 -0.020164716988801956
v -0.07921663671731949 -0.01450809184461832 -0.023602092638611794
v -0.07927165925502777 -0.015660928562283516 -0.022438814863562584
v -0.0792468935251236 -0.015576985664665699 -0.0210274551063776
v -0.09262643754482269 -0.024993102997541428 -0.04397015646100044
v -0.09422384947538376 -0.019464612007141113 -0.045047372579574585
v -0.09268102049827576 -0.019230931997299194 -0.04677259176969528
v -0.09115501493215561 -0.02520502731204033 -0.04574631527066231
v 0.019690925255417824 0.0009193830192089081 0.05933093652129173
v 0.01860085502266884 0.0010481476783752441 0.05903785675764084
v -0.07486069202423096 -0.04312651976943016 -0.018178647384047508
v -0.07039308547973633 -0.044482968747615814 -0.021932300180196762
v -0.07403778284788132 -0.03978016600012779 -0.01773132011294365
v -0.09593947231769562 0.008662956766784191 -0.03418850898742676
v -0.09396020323038101 0.010424906387925148 -0.03410077840089798
v -0.09427163749933243 0.008954915218055248 -0.036685794591903687
v -0.09668287634849548 0.007209957577288151 -0.03656794875860214
v -0.08009825646877289 -0.009107435122132301 -0.027762509882450104
v -0.07961207628250122 -0.010994297452270985 -0.02805176191031933
v -0.08005207777023315 -0.010213464498519897 -0.026455555111169815
v -0.0800311416387558 -0.008109765127301216 -0.02600470930337906
v 0.01861877553164959 0.002306334674358368 0.0592866949737072
v 0.030736858025193214 -0.0020816177129745483 0.06150545924901962
v 0.031066671013832092 -0.0028177592903375626 0.06135949492454529
v 0.026355942711234093 -0.0026065409183502197 0.061710551381111145
v 0.0258737001568079 -0.0018072761595249176 0.06181259825825691
v 0.030405186116695404 -0.0015929937362670898 0.06145498529076576
v 0.03382769972085953 -0.0013083796948194504 0.06056481599807739
v 0.034027520567178726 -0.0018138512969017029 0.060579366981983185
v 0.03425046056509018 -0.0025578048080205917 0.06037234514951706
v -0.05805801972746849 -0.035922739654779434 -0.0758998915553093
v -0.06526724994182587 -0.039371054619550705 -0.057244494557380676
v -0.07026764005422592 -0.02460489422082901 -0.0629054605960846
v -0.06375501304864883 -0.021946236491203308 -0.0784885585308075
v -0.08518628031015396 -0.04036276787519455 -0.033924490213394165
v -0.08432083576917648 -0.04290197417140007 -0.031739670783281326
v -0.08198072016239166 -0.004412545822560787 -0.017216145992279053
v -0.0812966600060463 -0.002894994802772999 -0.015583235770463943
v -0.08217883855104446 0.0027826987206935883 -0.01599820703268051
v -0.08303426206111908 -0.00027271080762147903 -0.01691156066954136
v 0.02299351990222931 -0.0017696022987365723 0.06172177568078041
v 0.022795720025897026 -0.0009123757481575012 0.061608150601387024
v 0.03431755676865578 -0.003200709819793701 0.060153208673000336
v 0.0314282588660717 -0.003434034064412117 0.06110863760113716
v -0.09521638602018356 -0.004553972277790308 -0.04620202258229256
v -0.09752850234508514 -0.0056176395155489445 -0.044854599982500076
v 0.026627453044056892 -0.0032103918492794037 0.061523180454969406
v 0.022957103326916695 -0.002178618684411049 0.0617091991007328
v 0.01999538019299507 -0.0009677223861217499 0.06133143976330757
v 0.02117808163166046 -0.0007591564208269119 0.0614410899579525
v 0.03147001564502716 -0.004049144685268402 0.060517098754644394
v 0.03139897435903549 -0.004682566970586777 0.060364723205566406
v 0.026622246950864792 -0.004453815519809723 0.06108393147587776
v 0.026668954640626907 -0.0038534365594387054 0.061152905225753784
v -0.0853474885225296 0.001615895889699459 -0.023810427635908127
v -0.08726932853460312 0.004854119382798672 -0.02604522556066513
v -0.08594125509262085 0.002641177736222744 -0.025437340140342712
v -0.08484165370464325 0.0010071946308016777 -0.024140629917383194
v -0.08477412164211273 -0.006737454794347286 -0.022455809637904167
v -0.08541596680879593 -0.0055195651948452 -0.02216898277401924
v -0.08362734317779541 -0.004599711857736111 -0.02230806276202202
v -0.0826733261346817 -0.005794694181531668 -0.02279810979962349
v 0.0343218669295311 -0.0038043856620788574 0.059479326009750366
v 0.034313611686229706 -0.004490792751312256 0.05918474495410919
v -0.08086325228214264 0.0018447637557983398 -0.013482555747032166
v -0.08188154548406601 0.007230312563478947 -0.015736954286694527
v 0.04240177944302559 0.00025473907589912415 0.054625701159238815
v 0.04293399304151535 0.0008394066244363785 0.05383704975247383
v 0.042879071086645126 0.0002381410449743271 0.05381382256746292
v -0.07270258665084839 -0.03561826050281525 -0.03635011985898018
v 0.04249803349375725 -0.0001997482031583786 0.05420670658349991
v 0.045243531465530396 -0.0018372293561697006 0.05075063183903694
v 0.04631449282169342 -0.0005129948258399963 0.050203293561935425
v 0.048054661601781845 -0.0010029561817646027 0.04861093685030937
v -0.08394184708595276 -0.005263548344373703 -0.019453445449471474
v -0.08475048094987869 -0.0027024373412132263 -0.019050687551498413
v -0.08596475422382355 -0.0038159077521413565 -0.02163046970963478
v -0.07474556565284729 -0.03487328439950943 -0.01674824394285679
v -0.07568694651126862 -0.03295265883207321 -0.018599985167384148
v -0.08448699116706848 0.0006205667741596699 -0.024041321128606796
v -0.08382192254066467 -0.0005221245810389519 -0.024142291396856308
v -0.08231210708618164 -0.004561536945402622 -0.023301847279071808
v -0.08317146450281143 -0.005236864555627108 -0.02576051466166973
v 0.04688150808215141 -0.0025729257613420486 0.04967911168932915
v -0.08736874163150787 -0.010456438176333904 -0.0336708202958107
v -0.08786151558160782 -0.01819230243563652 -0.03641682118177414
v 0.055888738483190536 -0.010477311909198761 0.04476934298872948
v 0.04953105002641678 -0.005254489369690418 0.04865981265902519
v 0.050827547907829285 -0.0035065896809101105 0.046793382614851
v 0.0418730303645134 -1.3181939721107483e-05 0.055383872240781784
v 0.041251011192798615 -0.0003874674439430237 0.05626022815704346
v 0.041891809552907944 0.0003305617719888687 0.055433183908462524
v 0.04238090664148331 0.0007537640631198883 0.054572392255067825
v 0.04196981340646744 -0.0006350912153720856 0.05494062602519989
v 0.04127923771739006 -0.0010032318532466888 0.05591382086277008
v 0.04027189314365387 -0.0007241461426019669 0.057284604758024216
v 0.04024112969636917 -0.0013888627290725708 0.05702011287212372
v 0.03873270004987717 -0.0019049867987632751 0.05828008055686951
v 0.038708947598934174 -0.0011927168816328049 0.05853978171944618
v 0.03675810992717743 -0.001519959419965744 0.0596119724214077
v -0.07285650074481964 -0.026578202843666077 -0.04922180250287056
v -0.06805513799190521 -0.041735243052244186 -0.03732004016637802
v 0.036983881145715714 -0.001065906137228012 0.059546105563640594
v 0.03686454892158508 -0.002283446490764618 0.05932856723666191
v 0.03877602145075798 -0.00249604694545269 0.0578724704682827
v 0.036881718784570694 -0.0028986167162656784 0.059036169201135635
v 0.04024547338485718 -0.002010304480791092 0.056499890983104706
v 0.04136025905609131 -0.0015321765094995499 0.05537770316004753
v 0.04211162403225899 -0.0010377466678619385 0.05438123643398285
v 0.042807817459106445 -0.0005704071372747421 0.05364922061562538
v 0.04331071302294731 5.9194862842559814e-05 0.05320572480559349
v 0.04246694967150688 -0.001424713060259819 0.05368249863386154
v 0.04318852722644806 -0.0019567757844924927 0.05279921367764473
v 0.04192091524600983 -0.00260111503303051 0.05401809141039848
v 0.041541293263435364 -0.0019907113164663315 0.05474230647087097
v 0.04340297728776932 -0.0008317213505506516 0.052905138581991196
v 0.044247664511203766 -0.001269705593585968 0.05184416100382805
v -0.08250389993190765 -0.004109648987650871 -0.022547099739313126
v -0.08269824087619781 -0.0035920918453484774 -0.02256576344370842
v -0.08219002932310104 -0.0043763527646660805 -0.022417353466153145
v -0.08167548477649689 -0.005091712810099125 -0.023140592500567436
v 0.040440548211336136 -0.002454632893204689 0.05588465929031372
v 0.040589459240436554 -0.0030745845288038254 0.05534626916050911
v 0.03883816674351692 -0.0036487113684415817 0.056739263236522675
v 0.038773585110902786 -0.0030093491077423096 0.0572691410779953
v -0.08319604396820068 -0.04519214108586311 -0.029548965394496918
v -0.08693787455558777 -0.0047498345375061035 -0.03048963099718094
v -0.08453420549631119 -0.007141295354813337 -0.028962351381778717
v -0.08584742248058319 -0.005158339627087116 -0.028596680611371994
v 0.03688676655292511 -0.003431476652622223 0.05839546024799347
v 0.03705712780356407 -0.0041529107838869095 0.05791770666837692
v -0.09503109753131866 -0.015125789679586887 -0.042562972754240036
v -0.09708960354328156 -0.007928877137601376 -0.04129723086953163
v -0.09845032542943954 -0.007529950700700283 -0.04258998483419418
v -0.09629333019256592 -0.015075881034135818 -0.043626248836517334
v 0.030131729319691658 -0.0013697389513254166 0.061086684465408325
v 0.029643181711435318 -0.0008029676973819733 0.06012880057096481
v 0.032905708998441696 -0.0008655060082674026 0.05956686660647392
v 0.03393781557679176 -0.0012119542807340622 0.06016092747449875
v 0.03704184293746948 -0.000997304916381836 0.05924157425761223
v -0.0716751217842102 -0.046804651618003845 -0.024257037788629532
v -0.07944171130657196 -0.0114525705575943 -0.029521523043513298
v -0.0805501714348793 -0.012908793985843658 -0.02910570241510868
v 0.03592385724186897 -0.0005673430860042572 0.058663781732320786
v 0.03295818343758583 -0.00047408975660800934 0.05826115235686302
v 0.03119097650051117 0.0018756911158561707 0.05527662858366966
v 0.03256791830062866 0.0019397903233766556 0.054899927228689194
v 0.03540235385298729 -0.0002647191286087036 0.05744229629635811
v -0.08171543478965759 -0.006705381441861391 -0.0264540184289217
v -0.08105502277612686 -0.005944601260125637 -0.02355431206524372
v 0.02998529002070427 -0.0002989247441291809 0.05879926308989525
v 0.029757345095276833 0.0019757766276597977 0.055428579449653625
v 0.026966752484440804 0.00015544705092906952 0.059200387448072433
v -0.0759655237197876 -0.03003481775522232 -0.01777806505560875
v 0.028380686417222023 0.0020928625017404556 0.05577149614691734
v 0.024427002295851707 0.0006385575979948044 0.05956069752573967
v 0.03116277977824211 0.008915912359952927 0.0640641301870346
v 0.03132524713873863 0.009485892951488495 0.06431370228528976
v 0.036697693169116974 0.009191477671265602 0.06314073503017426
v 0.03588990122079849 0.008663039654493332 0.06293492019176483
v 0.043172162026166916 0.004308413248509169 -0.09792190045118332
v 0.04410660266876221 0.020018989220261574 -0.10033854842185974
v 0.03114406205713749 0.01661771535873413 -0.1105247363448143
v 0.03879109025001526 0.005851417779922485 0.061199821531772614
v 0.03873926028609276 0.007365049794316292 0.06123824045062065
v 0.041127853095531464 0.006769876927137375 0.05915045365691185
v 0.04107246175408363 0.005414143204689026 0.05910053104162216
v 0.03876163065433502 0.004456382244825363 0.06097188964486122
v -0.09272018074989319 0.005377843044698238 -0.036276545375585556
v -0.09349489212036133 0.004009772092103958 -0.037829719483852386
v -0.09160226583480835 0.0041090212762355804 -0.035419974476099014
v -0.0914190262556076 0.004909336566925049 -0.03374163806438446
v -0.09085343778133392 0.006960329599678516 -0.03161153197288513
v -0.09027838706970215 0.007503555156290531 -0.031078828498721123
v -0.09210453927516937 0.006608730182051659 -0.03441014140844345
v -0.08404817432165146 -0.0060080308467149734 -0.02705041505396366
v -0.0850609689950943 -0.004795989487320185 -0.027569126337766647
v 0.04086989909410477 0.004028646275401115 0.058816757053136826
v 0.03605752810835838 0.004881875589489937 0.06300120055675507
v -0.0811818316578865 -0.03395150229334831 -0.02777807228267193
v -0.08168689906597137 -0.039460938423871994 -0.0286470465362072
v -0.0895065888762474 -0.02562171034514904 -0.03963856399059296
v -0.08873417973518372 -0.025573570281267166 -0.037031304091215134
v -0.09032534062862396 -0.013479209505021572 -0.04637466371059418
v -0.09077378362417221 -0.00494043342769146 -0.044679660350084305
v -0.08901635557413101 -0.005509122274816036 -0.04286687821149826
v -0.08907193690538406 -0.013562019914388657 -0.04509096220135689
v 0.036084987223148346 0.006459752097725868 0.06322593986988068
v 0.03600088506937027 0.007918402552604675 0.06305000185966492
v 0.039376150816679 0.004704127088189125 0.05455305799841881
v 0.03864448890089989 0.0048570334911346436 0.05534004047513008
v -0.0838111937046051 -0.012324979528784752 -0.0418219193816185
v -0.08071448653936386 -0.011515618301928043 -0.04142085090279579
v -0.07880405336618423 -0.01719905436038971 -0.019694413989782333
v -0.07825306057929993 -0.013812700286507607 -0.016897648572921753
v -0.08054308593273163 -0.007513636257499456 -0.025816844776272774
v -0.08070679754018784 -0.006109604611992836 -0.024029551073908806
v -0.08389704674482346 -0.0295729897916317 -0.04192372038960457
v -0.07962437719106674 -0.0376632884144783 -0.03577388823032379
v -0.0838811919093132 -0.031954072415828705 -0.040538474917411804
v -0.07560891658067703 -0.038430579006671906 -0.03377208486199379
v -0.07521814107894897 -0.039740175008773804 -0.03161455690860748
v -0.07766598463058472 -0.03963722288608551 -0.03326521813869476
v 0.039586372673511505 0.004178503528237343 0.05669736489653587
v 0.0406152717769146 0.004079679027199745 0.055343374609947205
v 0.03990883752703667 0.004444034770131111 0.05384587123990059
v 0.04113300144672394 0.004096033051609993 0.054344043135643005
v 0.03545594587922096 0.004488369449973106 0.05286846682429314
v 0.03509404510259628 0.004578312858939171 0.05324743315577507
v 0.034518320113420486 0.004621358588337898 0.05376003310084343
v -0.08534270524978638 -0.03038499504327774 -0.035355426371097565
v -0.08743900060653687 -0.028615104034543037 -0.03752509132027626
v 0.035693589597940445 0.004290763288736343 0.052625153213739395
v -0.07806150615215302 -0.015566898509860039 -0.02599150873720646
v -0.07686267793178558 -0.0166912954300642 -0.028116881847381592
v -0.07617329061031342 -0.015573985874652863 -0.025828951969742775
v -0.09020932018756866 -0.010859236121177673 -0.03527603670954704
v -0.09042306244373322 -0.018426837399601936 -0.037245817482471466
v -0.0850708931684494 -0.0032377396710217 -0.022405486553907394
v 0.03587502986192703 0.004012737423181534 0.052502263337373734
v -0.08205242455005646 -0.01228165253996849 -0.023943834006786346
v -0.08276274055242538 -0.00939246453344822 -0.02137584239244461
v -0.08811978250741959 -0.0004626433365046978 -0.021709313616156578
v -0.08685470372438431 -0.0017426274716854095 -0.022542059421539307
v -0.08598896116018295 -0.0025513009168207645 -0.022476496174931526
v -0.08678524941205978 -0.0022104019299149513 -0.021401114761829376
v -0.07114686071872711 -0.0238410085439682 -0.029167043045163155
v -0.07322679460048676 -0.025982864201068878 -0.027581235393881798
v -0.07499446719884872 -0.023162512108683586 -0.0263777244836092
v 0.03605928272008896 0.0036740191280841827 0.05248615890741348
v 0.03577221930027008 0.003408379852771759 0.052568431943655014
v 0.05906340479850769 -0.02648744359612465 0.04229004681110382
v 0.058685071766376495 -0.015453086234629154 0.04304785281419754
v -0.08976086229085922 0.006301277317106724 -0.028901681303977966
v -0.09027094393968582 0.004728118889033794 -0.03023965284228325
v -0.08787313103675842 0.0003913962282240391 -0.03908715024590492
v 0.061074331402778625 -0.022906197234988213 0.038359079509973526
v 0.04158739745616913 0.0006614495068788528 0.05522095412015915
v -0.08566341549158096 -0.0010894606821238995 -0.026597673073410988
v -0.0853521004319191 -0.0020871851593255997 -0.02793000265955925
v 0.0420970544219017 0.0011370405554771423 0.05439237505197525
v -0.08468548208475113 0.010781566612422466 -0.028811633586883545
v -0.08499567955732346 0.007827005349099636 -0.026088666170835495
v -0.08463755249977112 0.00805603340268135 -0.024928215891122818
v -0.08432918041944504 0.012539003975689411 -0.024066582322120667
v 0.04095422104001045 0.0010533872991800308 0.05490978807210922
v -0.07428645342588425 -0.04288775846362114 -0.028719333931803703
v -0.0769328624010086 -0.04222322255373001 -0.031452953815460205
v -0.0767374038696289 -0.04092821478843689 -0.031751055270433426
v -0.07483866065740585 -0.0412265881896019 -0.029824985191226006
v -0.07801581919193268 -0.029314186424016953 -0.028585495427250862
v -0.076402947306633 -0.02929961308836937 -0.030666533857584
v 0.0413932278752327 0.0015329327434301376 0.054188746958971024
v -0.09041916579008102 -0.023820295929908752 -0.042242731899023056
v -0.08983713388442993 -0.024853987619280815 -0.04137759655714035
v -0.09114053100347519 -0.02054624818265438 -0.0425586961209774
v -0.09154865145683289 -0.01902688667178154 -0.04320526868104935
v 0.04260309040546417 0.0017045829445123672 0.05363669618964195
v 0.04302823916077614 0.0014512799680233002 0.053650278598070145
v 0.03864431008696556 0.0006393920630216599 0.05586222559213638
v 0.03454340249300003 0.0023304596543312073 0.054018981754779816
v 0.03518945351243019 0.0025401245802640915 0.05357920005917549
v -0.08096790313720703 -0.007860821671783924 -0.030915822833776474
v -0.08057120442390442 -0.009027420543134212 -0.029978632926940918
v -0.08374667167663574 0.0037486720830202103 -0.02916633151471615
v -0.08597787469625473 0.005853828974068165 -0.030083641409873962
v -0.08584292232990265 0.007388451136648655 -0.0264739952981472
v -0.08417098969221115 0.0057365261018276215 -0.026735618710517883
v -0.08967231214046478 0.0015010274946689606 -0.040831778198480606
v 0.039469510316848755 0.001100180670619011 0.055147409439086914
v 0.03727972134947777 7.572583854198456e-05 0.056720416992902756
v 0.0336712971329689 0.002111760899424553 0.05446299910545349
v 0.03511447831988335 0.0029141809791326523 0.053089797496795654
v 0.03550169616937637 0.003111600875854492 0.052792422473430634
v -0.08539221435785294 -0.0036066346801817417 -0.028175929561257362
v -0.08578693866729736 -0.0033056687097996473 -0.0289471372961998
v 0.03957085683941841 0.0015627462416887283 0.05441085621714592
v -0.08517403155565262 -0.003285019425675273 -0.02756187878549099
v 0.04010694473981857 0.0020497404038906097 0.053763486444950104
v 0.041695814579725266 0.0021521933376789093 0.053689293563365936
v -0.08188509941101074 -0.00657915323972702 -0.023289605975151062
v -0.08398988097906113 -0.007695584092289209 -0.023465648293495178
v -0.0878402590751648 0.00012473156675696373 -0.023129845038056374
v -0.09044116735458374 0.0037225186824798584 -0.024849427863955498
v -0.08960568904876709 0.004592809826135635 -0.026184242218732834
v -0.08740133047103882 0.0009743710979819298 -0.023253601044416428
v 0.04077509045600891 0.0030050352215766907 0.05318613350391388
v 0.040610555559396744 0.0034971125423908234 0.05325539410114288
v 0.04201827570796013 0.0025763995945453644 0.05351812392473221
v -0.08354063332080841 -0.0019337376579642296 -0.022697683423757553
v 0.04201511666178703 0.00311850942671299 0.05355338752269745
v 0.04049144312739372 0.0026081185787916183 0.05331315100193024
v -0.021438270807266235 -0.03143856301903725 -0.10466496646404266
v -0.02375262975692749 -0.020275386050343513 -0.1096934825181961
v 0.04035428911447525 0.00398152694106102 0.05346646532416344
v 0.041746221482753754 0.003531280905008316 0.05387235805392265
v 0.04324100539088249 0.0009433012455701828 0.053438518196344376
v 0.043363623321056366 0.0018316730856895447 0.053295720368623734
v 0.04381842911243439 0.002555791288614273 0.05283397063612938
v 0.04364671930670738 0.0008928403258323669 0.05292452126741409
v -0.08642429113388062 0.006730498746037483 -0.01931845396757126
v -0.08657460659742355 0.00870140828192234 -0.022366035729646683
v -0.08772656321525574 0.009627435356378555 -0.022749565541744232
v -0.08705373853445053 0.007510874420404434 -0.019726315513253212
v -0.09117376804351807 0.003768201917409897 -0.03361343592405319
v 0.04431883618235588 0.0010238289833068848 0.05220084637403488
v 0.04397641867399216 -7.501989603042603e-05 0.05238442122936249
v 0.04462819918990135 0.0032766610383987427 0.05257776752114296
v 0.04587725177407265 0.0041019245982170105 0.05169082432985306
v -0.09453356266021729 0.0012455289252102375 -0.03902163729071617
v -0.08145193010568619 -0.014972200617194176 -0.0283017810434103
v -0.07869786769151688 -0.0174199678003788 -0.02968543767929077
v 0.04552452638745308 0.0011998992413282394 0.051199428737163544
v 0.04489051178097725 -0.00018349289894104004 0.051362842321395874
v 0.04305770993232727 0.002301294356584549 0.053365498781204224
v -0.0690256655216217 -0.01796833425760269 -0.028869403526186943
v -0.06939978152513504 -0.016859253868460655 -0.028469735756516457
v -0.07006369531154633 -0.01703767478466034 -0.02951657958328724
v -0.06995617598295212 -0.017842812463641167 -0.030068062245845795
v 0.043051913380622864 0.0027179326862096786 0.053216882050037384
v 0.04410930722951889 0.00404537096619606 0.053935423493385315
v -0.07303421944379807 -0.02303045615553856 -0.03153547644615173
v -0.0751945972442627 -0.024077123031020164 -0.03090684302151203
v -0.0741671621799469 -0.02575220912694931 -0.02964671328663826
v -0.07241426408290863 -0.024410704150795937 -0.031072190031409264
v 0.04471057280898094 0.005076734349131584 0.05372495949268341
v 0.04348302632570267 0.0033182185143232346 0.05391838401556015
v 0.04298252984881401 0.0036841165274381638 0.05519488453865051
v 0.043521761894226074 0.004527691751718521 0.055418819189071655
v -0.06845090538263321 -0.020491618663072586 -0.02967427857220173
v -0.06874684989452362 -0.01912347599864006 -0.02922186255455017
v -0.06953007727861404 -0.019359584897756577 -0.030711978673934937
v -0.06912976503372192 -0.020772919058799744 -0.03144892305135727
v 0.04386443272233009 0.005579130724072456 0.05524758994579315
v 0.04259520769119263 0.004841655492782593 0.05718227103352547
v -0.08903782069683075 0.006558761931955814 -0.027201535180211067
v -0.0906391367316246 0.006691399961709976 -0.029223620891571045
v 0.04279649630188942 0.006116138771176338 0.05711078643798828
v 0.042169179767370224 0.0037835687398910522 0.0567869134247303
v 0.04278165474534035 0.0031830649822950363 0.05386919900774956
v -0.0965496227145195 -0.0005108262412250042 -0.03780647739768028
v -0.09683721512556076 -0.002357055200263858 -0.03924044221639633
v -0.09374663233757019 0.004539604298770428 -0.035619087517261505
v -0.09429474920034409 0.0029495181515812874 -0.03724049776792526
v 0.042291756719350815 0.0035364143550395966 0.05481572449207306
v 0.041545797139406204 0.003618042916059494 0.056190259754657745
v 0.040387194603681564 0.0035893358290195465 0.05797654390335083
v -0.07817056030035019 -0.02466261200606823 -0.020330198109149933
v -0.07920850813388824 -0.024212097749114037 -0.021949119865894318
v -0.07881982624530792 -0.02577439695596695 -0.022253427654504776
v -0.09778529405593872 0.0018767816945910454 -0.03697066009044647
v -0.09714808315038681 0.005178914405405521 -0.0384187251329422
v -0.07708476483821869 -0.042641907930374146 -0.020033523440361023
v -0.0761214941740036 -0.04452799633145332 -0.018991151824593544
v -0.04765797406435013 -0.11733940243721008 -0.014898950234055519
v -0.05767446383833885 -0.10946623235940933 -0.026862241327762604
v -0.05660942941904068 -0.11967591941356659 -0.027990169823169708
v -0.04638126119971275 -0.12711623311042786 -0.01657717674970627
v -0.08727578073740005 0.002407134510576725 -0.019597122445702553
v -0.08592767268419266 0.005115991458296776 -0.018881548196077347
v 0.03851380571722984 0.0038686320185661316 0.060062527656555176
v 0.037680622190237045 0.004316834732890129 0.05844908207654953
v 0.03580598905682564 0.004251575097441673 0.06199367344379425
v -0.06846977025270462 -0.022426478564739227 -0.030417339876294136
v -0.06847251206636429 -0.02254001423716545 -0.030407875776290894
v -0.07101312279701233 -0.02438240498304367 -0.03039282187819481
v -0.07324138283729553 -0.019168399274349213 -0.02697107009589672
v -0.06968064606189728 -0.018438342958688736 -0.028234897181391716
v 0.035049304366111755 0.004324238747358322 0.05992598831653595
v 0.03172339126467705 0.010585764423012733 0.06526818871498108
v 0.037451617419719696 0.01059671863913536 0.06360463798046112
v 0.03444880247116089 0.005140537396073341 0.05801432579755783
v 0.03216501697897911 0.0046113766729831696 0.0551309660077095
v 0.03067992627620697 0.004617659375071526 0.055489204823970795
v 0.03159060329198837 0.004737617447972298 0.05901440232992172
v -0.07372606545686722 -0.021558744832873344 -0.0313001312315464
v 0.02172142080962658 0.003116590902209282 0.059408221393823624
v 0.022741157561540604 0.003709612414240837 0.06003985181450844
v -0.0735035315155983 -0.016611918807029724 -0.02901943027973175
v -0.07331569492816925 -0.015775881707668304 -0.0275319404900074
v -0.07387739419937134 -0.029150327667593956 -0.02722814865410328
v -0.07490832358598709 -0.02982858568429947 -0.029189523309469223
v -0.07643254846334457 -0.030927039682865143 -0.026121212169528008
v -0.0694114938378334 -0.02271566540002823 -0.0317855067551136
v -0.0817749947309494 -0.0068426355719566345 -0.028785787522792816
v 0.02623133733868599 0.00392887182533741 0.056226812303066254
v 0.025650817900896072 0.003777792677283287 0.05598544329404831
v 0.01999082788825035 0.002900008112192154 0.06023097410798073
v 0.02142898179590702 0.0036277882754802704 0.06110889092087746
v -0.0764988362789154 -0.021343190222978592 -0.03103785030543804
v -0.07763482630252838 -0.02325548231601715 -0.033342085778713226
v -0.07678736001253128 -0.025143468752503395 -0.03274787217378616
v -0.07578188180923462 -0.023071181029081345 -0.031223546713590622
v -0.08352953940629959 -0.03353790193796158 -0.03431857004761696
v -0.08362322300672531 -0.03174620866775513 -0.033989667892456055
v -0.0757899358868599 -0.027284834533929825 -0.035851188004016876
v -0.07924964278936386 -0.02816735953092575 -0.03388259559869766
v -0.08173161000013351 -0.012337561696767807 -0.0278745349496603
v -0.08312128484249115 -0.010023309849202633 -0.024914544075727463
v -0.07881210744380951 -0.015399191528558731 -0.02652207389473915
v -0.0766911432147026 -0.019310161471366882 -0.029832608997821808
v -0.07834917306900024 -0.02129555121064186 -0.032450225204229355
v -0.07341097295284271 -0.018020018935203552 -0.02697857655584812
v -0.07655986398458481 -0.017992235720157623 -0.025402646511793137
v -0.07635776698589325 -0.016891634091734886 -0.025560738518834114
v -0.07343163341283798 -0.01701439917087555 -0.027107642963528633
v -0.08701183646917343 -0.00175821827724576 -0.029088454321026802
v -0.08424685895442963 0.0030614128336310387 -0.017444200813770294
v -0.08580891788005829 -3.868713974952698e-06 -0.019078698009252548
v -0.08627746254205704 0.017172647640109062 -0.039240188896656036
v -0.08432647585868835 0.01009622123092413 -0.04588404297828674
v -0.08428157866001129 0.008427804335951805 -0.033211953938007355
v -0.07456298172473907 -0.019918618723750114 -0.03092794492840767
v -0.06969436258077621 -0.016358288004994392 -0.02849321998655796
v -0.07034225761890411 -0.01703476719558239 -0.02835625410079956
v -0.08983384072780609 -0.028475917875766754 -0.040850650519132614
v -0.07704656571149826 -0.03183645009994507 -0.025716984644532204
v -0.08085337281227112 -0.008299997076392174 -0.024140754714608192
v -0.08956160396337509 -0.01876213774085045 -0.0462624691426754
v -0.08830347657203674 -0.024501118808984756 -0.04546787589788437
v -0.08063171058893204 -0.006932245101779699 -0.024074340239167213
v -0.08083425462245941 -0.005933931563049555 -0.023901399224996567
v -0.0757867842912674 -0.0297097098082304 -0.03017548844218254
v -0.07747741043567657 -0.030094556510448456 -0.027475079521536827
v -0.08110953867435455 -0.005733677186071873 -0.02359124831855297
v -0.07941126078367233 -0.024405736476182938 -0.023412955924868584
v -0.09104909002780914 -0.0012367046438157558 -0.0334601029753685
v 0.026276826858520508 0.004200218245387077 0.06020461767911911
v 0.028058819472789764 0.00418119877576828 0.05632917955517769
v -0.08054588735103607 -0.040776655077934265 -0.036367665976285934
v -0.07865762710571289 -0.04266592487692833 -0.0336005799472332
v 0.026991968974471092 0.004045121371746063 0.056350450962781906
v -0.0701591894030571 -0.01749628596007824 -0.027952522039413452
v 0.02450619265437126 0.003973033279180527 0.06013384833931923
v -0.07293577492237091 -0.025602776557207108 -0.028956640511751175
v -0.07375330477952957 -0.018271997570991516 -0.02960575744509697
v 0.0255416426807642 0.004197916015982628 0.062111951410770416
v 0.02319907210767269 0.004024386405944824 0.06168568134307861
v 0.03174065798521042 0.004388304427266121 0.06116752326488495
v -0.07859978079795837 -0.02032792940735817 -0.02469436638057232
v -0.07809446007013321 -0.022492550313472748 -0.024829376488924026
v -0.0796930342912674 -0.022218652069568634 -0.022818047553300858
v 0.011061939410865307 0.07815340161323547 -0.10760941356420517
v 0.010916708037257195 0.06325516849756241 -0.11399173736572266
v -0.08046235144138336 -0.02728831022977829 -0.03534097969532013
v -0.07699670642614365 -0.024917587637901306 -0.037334948778152466
v -0.07859550416469574 -0.02378738299012184 -0.03896727412939072
v -0.08255383372306824 -0.02594640851020813 -0.03612950071692467
v -0.0866798534989357 -0.02987741120159626 -0.04411844164133072
v -0.08469231426715851 -0.03484643995761871 -0.04166907072067261
v -0.0865461677312851 -0.036547280848026276 -0.0419054850935936
v -0.08928274363279343 -0.031167786568403244 -0.04423286020755768
v 0.03088214434683323 0.06443524360656738 -0.10526144504547119
v 0.03053583949804306 0.07737735658884048 -0.09987626224756241
v -0.08763586729764938 0.034489408135414124 -0.04463319107890129
v -0.08653522282838821 0.0216272734105587 -0.03138843551278114
v -0.08778274804353714 0.03891687095165253 -0.03223738819360733
v -0.08913838118314743 0.008168887346982956 -0.03461363911628723
v -0.08901405334472656 0.006260845810174942 -0.036632128059864044
v -0.0943961888551712 0.007198438048362732 -0.03895615413784981
v -0.08374060690402985 0.010159560479223728 -0.019750230014324188
v -0.0843692272901535 0.008079376071691513 -0.023679738864302635
v -0.08626068383455276 0.007859752513468266 -0.022183068096637726
v -0.09380846470594406 -0.013848617672920227 -0.047230787575244904
v 0.03684200718998909 0.005061358213424683 0.05681844428181648
v 0.03348538652062416 0.004635527729988098 0.0544695183634758
v 0.04083440825343132 0.07761408388614655 -0.09219129383563995
v 0.03983046114444733 0.08555259555578232 -0.08759871125221252
v 0.03081820346415043 0.08801465481519699 -0.092556431889534
v 0.031812187284231186 -0.06034315377473831 -0.08850040286779404
v 0.022018149495124817 -0.07077671587467194 -0.09699585288763046
v -0.08096077293157578 -0.007967276498675346 -0.018265897408127785
v -0.08309859037399292 -0.00754320016130805 -0.02018081396818161
v 0.017949232831597328 0.0024462025612592697 0.06137227267026901
v -0.08310547471046448 -0.02820047363638878 -0.04257301986217499
v 0.019819779321551323 0.003196682780981064 0.06204120069742203
v -0.08372320234775543 -0.028467919677495956 -0.033787161111831665
v -0.08619562536478043 -0.027394287288188934 -0.03520342335104942
v -0.09430412948131561 0.006644614972174168 -0.02812865935266018
v -0.09171154350042343 0.004366970621049404 -0.026447582989931107
v 0.016638146713376045 0.0017560925334692001 0.060833096504211426
v 0.01572815328836441 0.0017012450844049454 0.060870926827192307
v 0.017108967527747154 0.002574574202299118 0.06150433048605919
v 0.01876692660152912 0.0034504886716604233 0.06219104677438736
v 0.022121308371424675 0.003797074779868126 0.06267150491476059
v 0.021262750029563904 0.004086378961801529 0.06320050358772278
v 0.02480223774909973 0.0045970045030117035 0.06426410377025604
v 0.024880221113562584 0.004069972783327103 0.06341638416051865
v 0.032035961747169495 0.004399681463837624 0.0632871612906456
v 0.03210954740643501 0.00511079840362072 0.06424470245838165
v 0.024211332201957703 0.005787748843431473 0.06423959881067276
v 0.020613521337509155 0.005005205050110817 0.06291420012712479
v 0.02340129390358925 0.007317276671528816 0.06410947442054749
v 0.02036483958363533 0.006421077996492386 0.06286909431219101
v 0.031781554222106934 0.00809917040169239 0.06416970491409302
v 0.03223967179656029 0.006661273539066315 0.0644151121377945
v 0.01968827284872532 -2.5656074285507202e-05 0.06103557348251343
v 0.017376676201820374 0.0001860056072473526 0.06089873984456062
v 0.020305300131440163 0.00032928958535194397 0.060804083943367004
v 0.01798795908689499 0.0005362816154956818 0.060586169362068176
v 0.021443478763103485 0.0007970817387104034 0.060086481273174286
v 0.016908161342144012 0.0009304266422986984 0.060479190200567245
v 0.015998531132936478 0.0007259659469127655 0.06073218211531639
v -0.009312381036579609 -0.13369160890579224 0.012877387925982475
v -0.008972087875008583 -0.13951024413108826 0.007816474884748459
v 0.022503865882754326 0.0011208821088075638 0.05944570153951645
v 0.016194306313991547 0.0027774255722761154 0.061060868203639984
v 0.014795420691370964 0.0016839336603879929 0.06074856221675873
v 0.014967548660933971 0.003918774425983429 0.060417719185352325
v 0.01403723657131195 0.002066357061266899 0.060518063604831696
v 0.017553366720676422 0.00586499460041523 0.061414897441864014
v 0.017896538600325584 0.004122760146856308 0.0615805946290493
v 0.01499749906361103 0.0006084851920604706 0.0606653168797493
v 0.015796879306435585 6.470084190368652e-05 0.060845889151096344
v 0.014337056316435337 0.0008342340588569641 0.06053829938173294
v 0.015144105069339275 0.00016162358224391937 0.060705360025167465
v 0.0227250624448061 -0.002800527960062027 0.0616406612098217
v 0.022538816556334496 -0.0031950343400239944 0.061438221484422684
v 0.019227640703320503 -0.001499498263001442 0.061340004205703735
v 0.0186443068087101 -0.0016245748847723007 0.061159782111644745
v 0.03119855746626854 -0.005286680534482002 0.06007485091686249
v 0.03420935571193695 -0.00519385002553463 0.05907123535871506
v 0.03099544160068035 -0.006347044371068478 0.06009905785322189
v -0.007324588485062122 -0.03290000557899475 0.07904308289289474
v -0.008339669555425644 -0.032863397151231766 0.07781148701906204
v -0.006967154331505299 -0.031115224584937096 0.07702317088842392
v -0.006619638297706842 -0.031208962202072144 0.07760594040155411
v 0.034185171127319336 -0.0062376707792282104 0.058964550495147705
v 0.025968777015805244 -0.006089245900511742 0.061116185039281845
v 0.026395592838525772 -0.005158858373761177 0.06101696565747261
v 0.035493794828653336 -0.131028413772583 -0.009607838466763496
v 0.04404735192656517 -0.0027408935129642487 0.052021585404872894
v 0.04529651626944542 -0.003791356459259987 0.051323287189006805
v 0.04361918941140175 -0.004646828398108482 0.052892670035362244
v 0.042564209550619125 -0.00334840826690197 0.053351882845163345
v 0.04086674377322197 -0.00389997661113739 0.05475510284304619
v -0.007686241064220667 -0.041100941598415375 0.07698965817689896
v -0.007107148878276348 -0.03967796266078949 0.07657647877931595
v -0.008380900137126446 -0.03953661024570465 0.0756697729229927
v -0.009366963058710098 -0.04070693999528885 0.0762934759259224
v 0.04149968549609184 -0.005260094068944454 0.05452154204249382
v 0.03917825594544411 -0.005692297592759132 0.05613800883293152
v 0.03881068900227547 -0.004485968500375748 0.05628417059779167
v 0.03704002499580383 -0.004863260313868523 0.05760868266224861
v 0.03703441098332405 -0.006091736257076263 0.05756887048482895
v 0.04721074178814888 0.0010859612375497818 0.04971378669142723
v 0.04783674329519272 0.004542907699942589 0.04958418011665344
v 0.04882747679948807 0.0006876271218061447 0.047983910888433456
v 0.04999984800815582 0.004407599568367004 0.04742267727851868
v 0.012927966192364693 0.005195204168558121 0.060467127710580826
v -0.005801920313388109 -0.031027281656861305 0.07727842032909393
v -0.0046635521575808525 -0.03323555737733841 0.07942607998847961
v -0.005630261264741421 -0.03323725610971451 0.0801396295428276
v -0.0061178007163107395 -0.031131135299801826 0.0775344967842102
v 0.012731817550957203 0.0026476923376321793 0.06007063016295433
v 0.011335669085383415 0.006176775321364403 0.061494603753089905
v 0.011305366642773151 0.003418007865548134 0.0608542263507843
v 0.012658538296818733 0.008986415341496468 0.06272222846746445
v 0.014591814950108528 0.00781998597085476 0.06154154613614082
v 0.013493919745087624 0.0010755974799394608 0.06054849550127983
v 0.014476742595434189 6.758421659469604e-05 0.06054157763719559
v 0.012421252205967903 0.000999772921204567 0.06084105372428894
v 0.013678302057087421 -0.0004272647202014923 0.06091523915529251
v 0.02207205817103386 -0.0038077104836702347 0.061340734362602234
v 0.02162356674671173 -0.004689579829573631 0.061374012380838394
v 0.018117213621735573 -0.0020697377622127533 0.0612201988697052
v 0.017305202782154083 -0.002861959859728813 0.06128748878836632
v 0.04180687293410301 -0.007471470162272453 -0.09549564868211746
v 0.04435078054666519 0.03609639033675194 -0.09970884770154953
v 0.04411318153142929 0.01466008648276329 0.06123565137386322
v 0.041959986090660095 0.012214099988341331 0.061494238674640656
v 0.038594432175159454 0.012970780953764915 0.06404786556959152
v 0.04009368643164635 0.015665186569094658 0.06468068063259125
v 0.04662500321865082 0.01804208755493164 0.05984572321176529
v 0.04899980500340462 0.01549864187836647 0.05626093968749046
v 0.046813324093818665 0.01302403211593628 0.057828933000564575
v 0.04462387412786484 0.011027662083506584 0.05871627852320671
v 0.04843854904174805 0.007155165076255798 0.05063220486044884
v 0.04676085337996483 0.006866296753287315 0.05221869423985481
v 0.04671677574515343 0.008366473019123077 0.05374427139759064
v 0.04835045337677002 0.009074889123439789 0.05244302377104759
v 0.05054065212607384 0.007356882095336914 0.04852115735411644
v 0.050718873739242554 0.009952690452337265 0.050661005079746246
v 0.0477704256772995 0.010882876813411713 0.05494450405240059
v 0.045875854790210724 0.009658973664045334 0.05599931627511978
v 0.05025255307555199 0.012400548905134201 0.0534370020031929
v 0.020601769909262657 0.012906752526760101 0.06573092937469482
v 0.02128531038761139 0.0113040991127491 0.06472926586866379
v 0.01855788379907608 0.00935840792953968 0.06313695013523102
v 0.017054099589586258 0.010421022772789001 0.06353527307510376
v 0.019210444763302803 0.014035362750291824 0.06655393540859222
v 0.014889995567500591 0.011492408812046051 0.06420326232910156
v 0.03336236998438835 0.015711655840277672 0.0674733892083168
v 0.03264462202787399 0.01343422383069992 0.0662161111831665
v 0.02301747351884842 0.008503163233399391 0.06402232497930527
v 0.02107374370098114 0.007505305111408234 0.06341589242219925
v 0.02236027643084526 0.008930383250117302 0.06379029154777527
v 0.020189467817544937 0.007657267153263092 0.06299342960119247
v 0.04894961044192314 0.09369280934333801 -0.06833156943321228
v 0.05137544870376587 0.09757024049758911 -0.055110808461904526
v 0.03429841995239258 0.10859939455986023 -0.058938734233379364
v 0.03321142867207527 0.10330638289451599 -0.07231304049491882
v 0.03867093473672867 0.007960570976138115 0.061531055718660355
v 0.039434026926755905 0.00856969878077507 0.06131867319345474
v 0.04178638756275177 0.008098552003502846 0.05910776928067207
v 0.04113646224141121 0.007513944059610367 0.05949671193957329
v 0.04302353784441948 0.007039166986942291 0.05724102258682251
v 0.0436202809214592 0.007710188627243042 0.056960996240377426
v 0.04467985779047012 0.007054505869746208 0.05505455657839775
v 0.04419269040226936 0.006586326286196709 0.05536405369639397
v 0.04479314386844635 0.00609959103167057 0.05402781069278717
v 0.04527734965085983 0.006256582215428352 0.05348533019423485
v 0.020196862518787384 0.00878649391233921 0.0634007677435875
v 0.0221189446747303 0.00968349538743496 0.06428336352109909
v 0.04255596548318863 0.06617692112922668 -0.09584683924913406
v 0.040046755224466324 0.05389738455414772 0.057158082723617554
v 0.04687279835343361 0.05170982703566551 0.05031329765915871
v 0.04514239728450775 0.04441408812999725 0.054610028862953186
v 0.04024676978588104 0.009949842467904091 0.06157296523451805
v 0.042797062546014786 0.009229961782693863 0.05909581109881401
v 0.04449218884110451 0.008536804467439651 0.056669797748327255
v 0.04552348330616951 0.007676474750041962 0.05465763434767723
v 0.04593638703227043 0.00697009451687336 0.05338479205965996
v 0.06954658031463623 -0.020787764340639114 -0.019422752782702446
v 0.06968016922473907 -0.020478414371609688 -0.02115245908498764
v 0.07477299869060516 -0.006377487909048796 -0.04496913403272629
v 0.0724112018942833 -0.00042374851182103157 -0.042634524405002594
v 0.07120662182569504 0.0026752669364213943 -0.04054884985089302
v 0.07691950350999832 0.00825857650488615 -0.025318672880530357
v 0.07868757843971252 0.01189123559743166 -0.027585206553339958
v 0.07976172864437103 -0.025521930307149887 -0.0418870747089386
v 0.07657768577337265 -0.028291277587413788 -0.03849479928612709
v -0.0947461649775505 0.009807036258280277 -0.02826162613928318
v 0.07947523891925812 -0.024471407756209373 -0.042205050587654114
v 0.0848957896232605 0.009668232873082161 -0.0376315601170063
v 0.08528377115726471 0.008339723572134972 -0.03934164345264435
v 0.0862385705113411 0.007947827689349651 -0.03911736607551575
v 0.03572966903448105 -0.030399249866604805 -0.09045174717903137
v 0.03973407298326492 -0.01682700403034687 -0.09375950694084167
v 0.0854906514286995 0.006877262145280838 -0.041066888719797134
v 0.0710638090968132 -0.015436094254255295 -0.022648092359304428
v 0.07600992918014526 -0.006673273630440235 -0.0452502965927124
v 0.07768011093139648 -0.006731338333338499 -0.04708761349320412
v 0.0787191092967987 -0.011617597192525864 -0.048366397619247437
v 0.0778840184211731 -0.011316525749862194 -0.04762830585241318
v 0.07818685472011566 -0.01703222468495369 -0.04760342091321945
v 0.07739651203155518 -0.016391349956393242 -0.046999379992485046
v 0.08085235953330994 -0.02104051038622856 -0.04416952282190323
v 0.08083098381757736 -0.01616222783923149 -0.04602014273405075
v 0.07966440916061401 0.012564640492200851 -0.0289032980799675
v 0.0796143189072609 0.011693024076521397 -0.028310677036643028
v 0.0804530531167984 0.012648225761950016 -0.02933848462998867
v 0.07187061756849289 -0.016289331018924713 -0.0243031345307827
v 0.07523637264966965 0.006016087718307972 -0.025743240490555763
v 0.07510992884635925 0.003931540064513683 -0.024358099326491356
v 0.0747872069478035 0.00446474552154541 -0.024757688865065575
v 0.06947453320026398 -0.010909490287303925 -0.027326906099915504
v 0.06922071427106857 -0.010094169527292252 -0.027307763695716858
v 0.07074151933193207 -0.012340079993009567 -0.027230145409703255
v 0.07257207483053207 -0.01387784257531166 -0.02536904066801071
v 0.06691837310791016 -0.02130068466067314 -0.029104607179760933
v 0.06648707389831543 -0.021806754171848297 -0.030727336183190346
v 0.0660170167684555 -0.022650383412837982 -0.030193202197551727
v 0.08202788233757019 0.018767260015010834 -0.03128625452518463
v 0.07526661455631256 0.0029056845232844353 -0.024135109037160873
v 0.07642655074596405 0.003993413411080837 -0.024319468066096306
v 0.07698489725589752 0.005164390429854393 -0.02444697543978691
v 0.08118483424186707 0.011977001093327999 -0.02962017059326172
v 0.07747602462768555 0.006103207357227802 -0.02451407164335251
v 0.07641235738992691 0.006184317171573639 -0.024695783853530884
v 0.07768529653549194 0.007951301522552967 -0.025242632254958153
v 0.07573872059583664 0.00634108018130064 -0.025056900456547737
v 0.07116839289665222 -0.01614988036453724 -0.04204414784908295
v 0.07022657245397568 -0.016659818589687347 -0.04012569040060043
v 0.07044258713722229 -0.0006507262587547302 -0.015786418691277504
v 0.07110452651977539 -0.0024346299469470978 -0.018169410526752472
v 0.07564038038253784 -0.02954217419028282 -0.03647959977388382
v 0.07202442735433578 0.007566082291305065 -0.033621758222579956
v 0.07305289059877396 0.010920561850070953 -0.03487507253885269
v 0.08249327540397644 -0.011815818026661873 -0.04650679975748062
v 0.07576397806406021 -0.020149100571870804 -0.03837640956044197
v 0.07366527616977692 -0.021478261798620224 -0.0373656339943409
v 0.07800186425447464 -0.018384341150522232 -0.03943633660674095
v 0.08002719283103943 -0.015457400120794773 -0.040388092398643494
v 0.0717846155166626 -0.0022420906461775303 -0.029556406661868095
v 0.08080228418111801 0.0033584963530302048 -0.03459770232439041
v 0.08116231113672256 0.0014312183484435081 -0.03627600520849228
v 0.07941176742315292 0.0032741380855441093 -0.03325360640883446
v 0.07420310378074646 0.01404471043497324 -0.0326044000685215
v 0.07449614256620407 0.013463189825415611 -0.030249804258346558
v 0.07146801054477692 0.010371529497206211 -0.03216728940606117
v 0.07434619963169098 0.011584681458771229 -0.03014194220304489
v 0.0687653198838234 -0.017970513552427292 -0.028106238692998886
v 0.06631205976009369 -0.022952891886234283 -0.03281776234507561
v 0.06833049654960632 -0.021374819800257683 -0.03410019353032112
v 0.06731019914150238 -0.023352056741714478 -0.03401607647538185
v 0.06877367943525314 -0.022145241498947144 -0.03557460382580757
v 0.068914033472538 -0.02066326141357422 -0.03680776432156563
v 0.06932495534420013 -0.018733028322458267 -0.03764009475708008
v 0.07062915712594986 -0.0167087409645319 -0.03727338835597038
v 0.06836864352226257 -0.013843782246112823 -0.027846287935972214
v 0.07400904595851898 0.012828070670366287 -0.021190742030739784
v 0.06793054938316345 -0.01564684882760048 -0.0282690841704607
v 0.06981036812067032 -0.012204984202980995 -0.027357302606105804
v 0.06980027258396149 -0.013958349823951721 -0.027379130944609642
v 0.06935763359069824 -0.01589028537273407 -0.027561571449041367
v 0.07228320091962814 -0.025529811158776283 -0.03189673274755478
v 0.07221654057502747 -0.02359108254313469 -0.03407440707087517
v 0.07133594900369644 -0.025038426741957664 -0.031050056219100952
v 0.07255811989307404 -0.022674504667520523 -0.03610489144921303
v 0.07034717500209808 -0.02467934601008892 -0.030479557812213898
v 0.07361549884080887 0.008449912071228027 -0.03278841823339462
v 0.07438579946756363 0.011387374252080917 -0.03202139958739281
v 0.06936492025852203 -0.017610393464565277 -0.01702764444053173
v 0.06266645342111588 -0.016874371096491814 0.03407205268740654
v 0.06355936825275421 -0.006640953943133354 0.030140284448862076
v 0.029238110408186913 -0.07069890201091766 0.04545076936483383
v 0.0285606998950243 -0.07389315217733383 0.04522109776735306
v 0.056276317685842514 -0.029750661924481392 0.046205759048461914
v 0.052143633365631104 -0.03350761532783508 0.05052373185753822
v 0.028180062770843506 -0.067672960460186 0.05816499888896942
v 0.027159521356225014 -0.06859707832336426 0.05807029455900192
v 0.026308894157409668 -0.06809520721435547 0.058569956570863724
v 0.0272388756275177 -0.06766803562641144 0.058292094618082047
v 0.02529815584421158 -0.06741394102573395 0.05689014121890068
v 0.02617289125919342 -0.0672779381275177 0.05617630481719971
v 0.026274491101503372 -0.06742995977401733 0.057505469769239426
v 0.025384217500686646 -0.06761880218982697 0.05825323238968849
v 0.0304307471960783 -0.05147048830986023 0.06323420256376266
v 0.03373270481824875 -0.04718698561191559 0.06296882033348083
v 0.03704214096069336 -0.05176437273621559 0.060410141944885254
v 0.03402620926499367 -0.055489860475063324 0.06088784337043762
v 0.02741987258195877 -0.0681346207857132 0.04865751042962074
v 0.027204427868127823 -0.0665874183177948 0.049514804035425186
v 0.026560865342617035 -0.06672541052103043 0.052455801516771317
v 0.026608239859342575 -0.06764820218086243 0.051879364997148514
v 0.02739717811346054 -0.06915674358606339 0.04824953153729439
v 0.026487095281481743 -0.06788848340511322 0.051633093506097794
v 0.02912629395723343 -0.06889712810516357 0.04589361324906349
v 0.028764214366674423 -0.06635107845067978 0.04677565395832062
v 0.037079308182001114 -0.07406877726316452 0.052978046238422394
v 0.033512238413095474 -0.07186877727508545 0.05486781522631645
v 0.0344645231962204 -0.06849353015422821 0.056110039353370667
v 0.03792548179626465 -0.06919773668050766 0.054450228810310364
v 0.025819871574640274 -0.038709744811058044 0.0657387226819992
v 0.03004598803818226 -0.04263065382838249 0.06472866982221603
v 0.027516160160303116 -0.047330744564533234 0.06439723819494247
v 0.022984016686677933 -0.04259094223380089 0.06556020677089691
v 0.018885118886828423 -0.03797166794538498 0.06710756570100784
v 0.021512217819690704 -0.03429126739501953 0.06674756109714508
v 0.016475409269332886 -0.030358556658029556 0.07186727225780487
v 0.017489125952124596 -0.03415616974234581 0.0723777711391449
v 0.017044661566615105 -0.03587125241756439 0.0755809098482132
v 0.017174512147903442 -0.03333994746208191 0.07483577728271484
v 0.015498938038945198 -0.0397285632789135 0.07343358546495438
v 0.017648661509156227 -0.03616408258676529 0.07053226232528687
v 0.011584439314901829 -0.04151540249586105 0.07397972047328949
v -0.01176025066524744 -0.04042186960577965 0.07702277600765228
v -0.010563015937805176 -0.038681671023368835 0.07671424746513367
v -0.010794348083436489 -0.0384424664080143 0.07846613973379135
v -0.012925224378705025 -0.039645299315452576 0.0789654329419136
v 0.011333487927913666 -0.04114431142807007 0.07495977729558945
v 0.015639806166291237 -0.03990699723362923 0.07185143232345581
v -0.0038986338768154383 -0.04045421630144119 0.08507686853408813
v -0.005029505118727684 -0.03850571811199188 0.08533385396003723
v -0.004096337594091892 -0.03918736055493355 0.08308897167444229
v -0.004029217176139355 -0.04097994044423103 0.08244161307811737
v 0.015913844108581543 -0.040631167590618134 0.06985452026128769
v 0.012146989814937115 -0.04203301668167114 0.07277173548936844
v 0.010644139721989632 -0.04060061275959015 0.07592335343360901
v 0.013584574684500694 -0.03998583182692528 0.07591704279184341
v -0.007048293948173523 -0.038022954016923904 0.08466604351997375
v -0.008876530453562737 -0.038350436836481094 0.08657460659742355
v -0.010684650391340256 -0.038173653185367584 0.08473178744316101
v -0.008604543283581734 -0.03821225464344025 0.08302413672208786
v -0.004591012839227915 -0.03690268099308014 0.07898695766925812
v -0.005391152575612068 -0.03907853364944458 0.07983263581991196
v -0.003805567743256688 -0.03671447932720184 0.08204643428325653
v -0.010394349694252014 -0.03626091405749321 0.07741139084100723
v -0.01016043871641159 -0.03695426136255264 0.07619074732065201
v -0.008446453139185905 -0.03364894539117813 0.0765797421336174
v -0.008683371357619762 -0.03332772105932236 0.0765419527888298
v 0.015049340203404427 -0.03800792619585991 0.07783465087413788
v 0.004432208836078644 -0.04106768220663071 0.0845736637711525
v 0.005718679167330265 -0.04002799093723297 0.0867859423160553
v 0.008296306245028973 -0.007132921367883682 0.07456725835800171
v 0.011073574423789978 -0.01013169065117836 0.07117535173892975
v 0.008546835742890835 -0.010244044475257397 0.07652515172958374
v 0.011175407096743584 -0.012808346189558506 0.0730060562491417
v 0.014317063614726067 -0.03638402000069618 0.08167827129364014
v 0.015619403682649136 -0.034213483333587646 0.08048900216817856
v 0.011867217719554901 -0.03604090213775635 0.08559693396091461
v 0.012688569724559784 -0.03325767442584038 0.08576865494251251
v 0.0029709888622164726 0.007369255647063255 0.07537390291690826
v 0.00246809097006917 -0.0439310222864151 0.07981713116168976
v 0.002850102260708809 -0.0444631464779377 0.07924053817987442
v 0.0022169663570821285 -0.04295128956437111 0.08171573281288147
v 0.011662561446428299 0.09847885370254517 -0.09088517725467682
v 0.012215867638587952 0.10882803052663803 -0.07768789678812027
v 0.011797129176557064 0.11788679659366608 -0.05254785344004631
v 0.009822933934628963 0.11987228691577911 -0.03953148424625397
v 0.007165736984461546 -0.062089599668979645 0.07688887417316437
v 0.006855655461549759 -0.059060413390398026 0.07765298336744308
v 0.014549795538187027 -0.064189612865448 0.05903524160385132
v 0.008878594264388084 -0.06462690234184265 0.06073801964521408
v 0.008851888589560986 -0.06609149277210236 0.06364166736602783
v 0.014540739357471466 -0.06599387526512146 0.06200048327445984
v 0.018459541723132133 -0.06570236384868622 0.06003090739250183
v 0.018901757895946503 -0.06405457109212875 0.05687389522790909
v 0.01481735147535801 -0.06246349960565567 0.05679190903902054
v 0.008999805897474289 -0.06276032328605652 0.05812784284353256
v 0.014114590361714363 -0.06795524805784225 0.0673907995223999
v 0.008764117024838924 -0.06797407567501068 0.0698380097746849
v 0.0081524308770895 -0.06687866151332855 0.07254772633314133
v 0.013825319707393646 -0.0667465329170227 0.0698794350028038
v 0.01898445375263691 -0.044608645141124725 0.06788860261440277
v 0.01487806998193264 -0.044600263237953186 0.07071385532617569
v 0.010725727304816246 -0.04543647915124893 0.0743786096572876
v 0.00733770290389657 -0.04620964080095291 0.07690940052270889
v 0.006437370553612709 -0.04419848322868347 0.07734916359186172
v 0.009007107466459274 -0.04321388155221939 0.07534454017877579
v 0.005949109792709351 -0.043376222252845764 0.07771921157836914
v 0.00838775746524334 -0.04251796752214432 0.07591512054204941
v 0.008100452832877636 -0.04194052144885063 0.07646453380584717
v 0.00841229036450386 -0.04111330211162567 0.07680030912160873
v 0.006678061559796333 -0.041382499039173126 0.07814271748065948
v 0.0070969341322779655 -0.04064658656716347 0.07810144871473312
v 0.005765305832028389 -0.042743705213069916 0.07816005498170853
v 0.004319049417972565 -0.018040776252746582 0.08868423104286194
v 0.0039718421176075935 -0.014081775210797787 0.08637014031410217
v 0.01175077073276043 -0.05690211057662964 0.07614250481128693
v 0.00670902244746685 -0.05662144720554352 0.07772274315357208
v 0.005342121701687574 -0.05206858366727829 0.07779598236083984
v 0.00999514665454626 -0.05189960449934006 0.0764375552535057
v 0.014887414872646332 -0.05213530361652374 0.07363399118185043
v 0.017061132937669754 -0.05813070386648178 0.07281702011823654
v 0.0032921077217906713 -0.04517851024866104 0.07874737679958344
v 0.012145429849624634 -0.05950167775154114 0.0755700096487999
v 0.012607665732502937 -0.06222526729106903 0.07446980476379395
v 0.01753714680671692 -0.06074996665120125 0.0720309317111969
v 0.017835170030593872 -0.06307262927293777 0.07073169201612473
v 0.021961158141493797 -0.059971269220113754 0.06842000782489777
v 0.02048318460583687 -0.05344939976930618 0.0698971301317215
v 0.02639797329902649 -0.054968953132629395 0.06554124504327774
v 0.026031361892819405 -0.06202173978090286 0.0642310231924057
v 0.03405913710594177 -0.06528045982122421 0.05792061984539032
v 0.029630247503519058 -0.06787270307540894 0.05777982622385025
v 0.02957645058631897 -0.0665225088596344 0.05867699906229973
v 0.02925732359290123 -0.06529685854911804 0.05996469408273697
v 0.03324199095368385 -0.06206629425287247 0.05976158753037453
v 0.03723600506782532 -0.06443741172552109 0.056543149054050446
v 0.03613635152578354 -0.059822678565979004 0.058653902262449265
v 0.030970249325037003 -0.0584927462041378 0.06216364726424217
v 0.028259025886654854 -0.06370044499635696 0.061608389019966125
v 0.0283208005130291 -0.06677543371915817 0.05900932103395462
v 0.02738003432750702 -0.06717996299266815 0.058750029653310776
v 0.02795327454805374 -0.0660819560289383 0.06003045663237572
v 0.027063768357038498 -0.06674028187990189 0.059613801538944244
v 0.027253245934844017 -0.06530438363552094 0.06129225343465805
v 0.026428990066051483 -0.06629133224487305 0.060663316398859024
v 0.025146078318357468 -0.06561093777418137 0.062368135899305344
v 0.025672631338238716 -0.06416817754507065 0.06338699907064438
v 0.025240441784262657 -0.06710740178823471 0.057779788970947266
v 0.024026595056056976 -0.06714965403079987 0.05900239944458008
v 0.024146875366568565 -0.06719256937503815 0.06034161150455475
v 0.025274816900491714 -0.06718876957893372 0.058910928666591644
v 0.026050640270113945 -0.06712859869003296 0.056702181696891785
v 0.025929924100637436 -0.06725356727838516 0.05804229527711868
v 0.02599191479384899 -0.0662703663110733 0.05329790711402893
v 0.025039130821824074 -0.06581107527017593 0.05427820608019829
v -0.051556553691625595 -0.10088607668876648 -0.011638829484581947
v -0.05924146994948387 -0.09559721499681473 -0.02616092562675476
v 0.02654227241873741 -0.06711656600236893 0.056124262511730194
v 0.02663142792880535 -0.0672672688961029 0.0571393184363842
v 0.0265060868114233 -0.0675167441368103 0.05838509649038315
v 0.026369284838438034 -0.06711319833993912 0.05896646901965141
v 0.02574341557919979 -0.06687615811824799 0.059886634349823
v 0.024586718529462814 -0.06659071892499924 0.06128703057765961
v 0.01794823259115219 -0.06499184668064117 0.06897740066051483
v 0.021729201078414917 -0.064246267080307 0.06662222743034363
v 0.02161482349038124 -0.06578019261360168 0.06498964875936508
v 0.018045399338006973 -0.06693679094314575 0.06673335283994675
v 0.021471358835697174 -0.06701650470495224 0.0634390339255333
v 0.01955273188650608 -0.062415044754743576 0.05439228564500809
v 0.018054179847240448 -0.06777496635913849 0.06451139599084854
v 0.022840850055217743 -0.06411165744066238 0.05377650633454323
v 0.023869233205914497 -0.06264302134513855 0.05137324705719948
v 0.022090807557106018 -0.06554251909255981 0.057034626603126526
v 0.026719460263848305 -0.06563334167003632 0.05041371285915375
v 0.025804851204156876 -0.06465351581573486 0.051295205950737
v 0.028072547167539597 -0.06464879214763641 0.04772626608610153
v 0.026988433673977852 -0.06340920925140381 0.048891790211200714
v 0.02143431082367897 -0.06733851134777069 0.061763398349285126
v 0.02192785032093525 -0.06237377971410751 0.06768012046813965
v 0.013082077726721764 -0.06453019380569458 0.07235842943191528
v 0.007668699603527784 -0.06450390070676804 0.07489479333162308
v -0.03553621098399162 -0.015522580593824387 0.06178542971611023
v -0.03462180867791176 -0.01840115524828434 0.06267097592353821
v -0.030533723533153534 -0.01706734672188759 0.06359890848398209
v -0.03159218281507492 -0.014494581148028374 0.06269995868206024
v 0.005483020097017288 -0.027037102729082108 0.0937446802854538
v 0.00491681694984436 -0.022148914635181427 0.09110309928655624
v 0.02568836696445942 -0.06781330704689026 0.05872727930545807
v 0.012513191439211369 -0.14299798011779785 0.003077002242207527
v -0.08008785545825958 -0.020404662936925888 -0.02160789631307125
v -0.07932960242033005 -0.01982266455888748 -0.020491013303399086
v -0.08907181024551392 0.004000666551291943 -0.038715120404958725
v 0.02856525406241417 -0.06928834319114685 0.05738155171275139
v 0.026949401944875717 -0.07144906371831894 0.04787350818514824
v 0.02575545944273472 -0.06852463632822037 0.051271483302116394
v 0.034179918467998505 -0.07920191437005997 0.05242139846086502
v 0.029120981693267822 -0.0832577720284462 0.054569222033023834
v 0.02724536880850792 -0.07915958762168884 0.0566253587603569
v 0.03127669915556908 -0.07575198262929916 0.05441806837916374
v 0.02427000366151333 -0.07342375814914703 0.05993516370654106
v 0.026979953050613403 -0.07093892991542816 0.05818251147866249
v -0.09238316118717194 0.0057640718296170235 -0.035029731690883636
v 0.02566651813685894 -0.06988957524299622 0.05925682932138443
v 0.023024339228868484 -0.07139354199171066 0.0613614059984684
v 0.022284889593720436 -0.06977227330207825 0.06231093779206276
v 0.02480509877204895 -0.06894628703594208 0.059850502759218216
v 0.020412560552358627 -0.06776063144207001 0.061762891709804535
v 0.015696799382567406 -0.06754960119724274 0.0645044669508934
v 0.015435024164617062 -0.07075908780097961 0.05876188725233078
v 0.02033417299389839 -0.07079435884952545 0.05626411736011505
v 0.02501746267080307 -0.0702255368232727 0.05337894707918167
v 0.02401983179152012 -0.06769877672195435 0.058074310421943665
v -0.08936520665884018 0.009364333003759384 -0.032415516674518585
v -0.08894137293100357 0.009974503889679909 -0.02751355618238449
v -0.08707159012556076 0.008683939464390278 -0.026951096951961517
v -0.08732516318559647 0.007647274062037468 -0.03118111565709114
v 0.02096031978726387 -0.06782138347625732 0.06247774511575699
v 0.02396504394710064 -0.06788788735866547 0.059500861912965775
v 0.01655309461057186 -0.06779010593891144 0.06578916311264038
v 0.023850005120038986 -0.1381169557571411 -0.0022965241223573685
v 0.02440839633345604 -0.06819117069244385 0.05993686243891716
v 0.021589823067188263 -0.0683542937040329 0.06249014288187027
v 0.01728900894522667 -0.06882147490978241 0.06615768373012543
v 0.018091747537255287 -0.070741206407547 0.06605474650859833
v 0.018849609419703484 -0.07300072908401489 0.0655326321721077
v 0.019646860659122467 -0.07585244625806808 0.06410734355449677
v 0.022009581327438354 -0.08322716504335403 0.06035471335053444
v 0.02352113276720047 -0.08826875686645508 0.058245379477739334
v 0.015644241124391556 -0.08547879755496979 0.06412822753190994
v 0.01692386530339718 -0.09096643328666687 0.06304050236940384
v 0.014502182602882385 -0.07758697867393494 0.06801097095012665
v 0.014033199287950993 -0.07419465482234955 0.06961627304553986
v 0.01338987611234188 -0.0714694932103157 0.06973400712013245
v 0.012736412696540356 -0.06924766302108765 0.06945028156042099
v 0.004020240157842636 -0.04677259176969528 0.07816118001937866
v 0.005472944118082523 -0.04153265804052353 0.07953792065382004
v 0.0044539133086800575 -0.041419416666030884 0.08183830231428146
v 0.007952380925416946 -0.03852764517068863 0.08779481053352356
v 0.002195999724790454 -0.042451560497283936 0.08423224091529846
v 0.010480384342372417 -0.03661453723907471 0.08742178231477737
v 0.008876645006239414 -0.037457674741744995 0.08888965100049973
v 0.00951941218227148 -0.035843051970005035 0.08999127149581909
v 0.010607361793518066 -0.034944962710142136 0.0888640433549881
v 0.0075712683610618114 -0.03842175379395485 0.0901697650551796
v 0.008818014524877071 -0.03627205267548561 0.09107957780361176
v 0.0038201375864446163 -0.0401138961315155 0.09196767956018448
v 0.00475937407463789 -0.036902450025081635 0.09453961998224258
v 0.0056147584691643715 -0.03109705075621605 0.09519397467374802
v 0.005210358649492264 -0.034614138305187225 0.09539301693439484
v 0.009975607506930828 -0.03427322953939438 0.09080558270215988
v 0.011089527048170567 -0.03206377476453781 0.08938205242156982
v -0.0963057354092598 0.004905541427433491 -0.033162765204906464
v 0.011052452959120274 -0.028665276244282722 0.08775431662797928
v 0.012966802343726158 -0.030153747648000717 0.08375908434391022
v 0.0019712746143341064 0.11722535640001297 0.00413777120411396
v 0.011937684379518032 -0.06792500615119934 0.06887214630842209
v 0.010775126516819 -0.06742571294307709 0.06709294766187668
v -0.07829279452562332 -0.033420439809560776 -0.02559485286474228
v -0.08858321607112885 -0.005293241702020168 -0.03226885944604874
v 0.015863902866840363 -0.079619400203228 0.05007908493280411
v 0.015588547103106976 -0.07572419196367264 0.05313442274928093
v 0.010460163466632366 -0.07617653161287308 0.05490895360708237
v -0.08835440129041672 0.009997847490012646 -0.024933097884058952
v -0.09154628217220306 0.011195603758096695 -0.025232480838894844
v 0.010675258934497833 -0.08018732070922852 0.05196501314640045
v 0.006610195152461529 -0.06725101917982101 0.06848227977752686
v -0.0934140756726265 -0.014645881950855255 -0.04265960305929184
v -0.09699933975934982 0.0038738269358873367 -0.0351857990026474
v -0.09544466435909271 0.0021984511986374855 -0.03451249375939369
v -0.08920368552207947 0.001542951911687851 -0.021964259445667267
v -0.08115990459918976 -0.020927559584379196 -0.03944111987948418
v -0.0866474062204361 -0.021520301699638367 -0.03670855984091759
v -0.08480189740657806 -0.024280745536088943 -0.03652093559503555
v -0.08020530641078949 -0.022849608212709427 -0.03944292291998863
v -0.08024497330188751 -0.010128183290362358 -0.02982412278652191
v 0.006414586212486029 -0.07073986530303955 0.061729222536087036
v 0.010480252094566822 -0.07064035534858704 0.06067074090242386
v 0.007160804234445095 -0.06792452931404114 0.07035642862319946
v 0.007822826504707336 -0.06941486895084381 0.0712924599647522
v 0.008394374512135983 -0.07182987034320831 0.07199163734912872
v 0.00636748131364584 -0.07636131346225739 0.055760569870471954
v 0.006577074993401766 -0.08072119206190109 0.05277184024453163
v -0.07591491937637329 -0.02974390611052513 -0.015351040288805962
v 0.025440800935029984 -0.07335276901721954 0.04882887750864029
v -0.08316708356142044 -0.03837057948112488 -0.03197979927062988
v -0.08417858928442001 -0.03688221052289009 -0.03427203372120857
v -0.037545785307884216 -0.03254822641611099 -0.09836123883724213
v -0.04166531562805176 -0.02076754719018936 -0.10248322784900665
v -0.09567344933748245 -0.014487355016171932 -0.045702558010816574
v 0.02609921060502529 -0.07654876261949539 0.04602770507335663
v 0.020864760503172874 -0.07550785690546036 0.05134645104408264
v 0.021357985213398933 -0.07824447751045227 0.048505112528800964
v 0.010131322778761387 -0.09194294363260269 0.06688877195119858
v 0.00908270850777626 -0.08660385012626648 0.06716909259557724
v 0.00902146939188242 -0.07485900074243546 0.07189518958330154
v 0.008889572694897652 -0.07858224213123322 0.07027192413806915
v 0.012318778783082962 0.11467321962118149 -0.06553652137517929
v 0.05662207677960396 0.061358146369457245 0.02926466055214405
v 0.05563662201166153 0.0536322221159935 0.03538526967167854
v -0.08955740928649902 0.007070152088999748 -0.02847147360444069
v 0.04895449057221413 0.05932077020406723 0.04370209574699402
v 0.05026973411440849 0.06566353142261505 0.03772887960076332
v 0.056867364794015884 0.07031654566526413 0.02290070429444313
v 0.05045424401760101 0.0734408050775528 0.031659260392189026
v 0.03118511475622654 0.11396344751119614 -0.016778988763689995
v 0.032188963145017624 0.11094465106725693 -0.002984600141644478
v 0.013119727373123169 0.11536242067813873 0.002220146358013153
v 0.025596581399440765 0.116134874522686 -0.030305206775665283
v 0.03796270862221718 0.1101365014910698 -0.04130260646343231
v 0.0407060831785202 0.10964514315128326 -0.021867146715521812
v 0.04106597974896431 0.10687045753002167 -0.00689268484711647
v -0.08006566762924194 -0.033793654292821884 -0.026809679344296455
v -0.08003202080726624 -0.03960345685482025 -0.025483492761850357
v -0.07858222723007202 -0.03903096541762352 -0.02365717664361
v -0.08557787537574768 -0.0028426877688616514 -0.028674961999058723
v 0.022383425384759903 -0.08197395503520966 -0.10010626167058945
v 0.04395442083477974 0.04886394739151001 -0.09840797632932663
v 0.04020504280924797 0.10349084436893463 0.006433635950088501
v 0.03199213743209839 0.10680877417325974 0.010101772844791412
v 0.031954921782016754 0.10169342160224915 0.021521486341953278
v 0.039306558668613434 0.09922873973846436 0.01740553416311741
v 0.013511146418750286 0.1105581670999527 0.015766138210892677
v 0.002529395977035165 0.11196832358837128 0.01808464527130127
v 0.010385870933532715 0.013240871950984001 -0.11843035370111465
v 0.0038001295179128647 -0.010131285525858402 0.08422216773033142
v 0.042782582342624664 -0.04865816608071327 -0.07740415632724762
v 0.0532025583088398 -0.051429130136966705 -0.06022356450557709
v 0.059194281697273254 -0.10654864460229874 -0.04486521705985069
v 0.06653143465518951 -0.03155283257365227 -0.03787833824753761
v 0.06600379198789597 -0.030717238783836365 -0.03840555250644684
v 0.057159364223480225 -0.06941239535808563 -0.043676842004060745
v 0.05728340893983841 -0.05519852787256241 -0.042351268231868744
v 0.03272586315870285 -0.04618208855390549 -0.08850459009408951
v 0.07413408905267715 -0.018210984766483307 -0.04651680588722229
v 0.07474303245544434 -0.01437967550009489 -0.046692244708538055
v 0.07568967342376709 -0.019130036234855652 -0.04636906832456589
v 0.07616777718067169 -0.014908426441252232 -0.046758983284235
v 0.07628589868545532 -0.010601341724395752 -0.04633983597159386
v 0.07658325880765915 -0.020984072238206863 -0.04583541676402092
v 0.07457149773836136 0.01320930290967226 -0.028589198365807533
v 0.07623115926980972 0.014543924480676651 -0.02723577618598938
v -0.08238297700881958 -0.026867859065532684 -0.04231032729148865
v -0.0824858546257019 -0.02444879338145256 -0.04309702292084694
v 0.06634216755628586 -0.033873625099658966 -0.03392288088798523
v 0.06605023145675659 -0.03281048685312271 -0.03543912246823311
v -0.07027461379766464 -0.016451872885227203 -0.02918146550655365
v 0.0654241219162941 -0.033287204802036285 -0.034734517335891724
v 0.0654173344373703 -0.03405390679836273 -0.0334736704826355
v 0.066366046667099 -0.03514754772186279 -0.032485783100128174
v 0.06542204320430756 -0.03491415083408356 -0.03246556222438812
v 0.07319015264511108 0.02883744053542614 -0.01800033263862133
v 0.06392774730920792 -0.033536382019519806 -0.035825345665216446
v 0.06516758352518082 -0.031181827187538147 -0.03800975903868675
v 0.06543894112110138 -0.03202449902892113 -0.036621756851673126
v 0.0650249794125557 -0.033020712435245514 -0.03537101298570633
v 0.06506583094596863 -0.034525156021118164 -0.03354393318295479
v 0.06523728370666504 -0.03577771782875061 -0.03204748034477234
v 0.06582590937614441 -0.03654203936457634 -0.0316406711935997
v -0.08411671966314316 -0.03333805873990059 -0.040877167135477066
v -0.08024583756923676 -0.03912787884473801 -0.03598283231258392
v -0.062133077532052994 -0.0896030142903328 -0.04017806798219681
v -0.06013913080096245 -0.08431842923164368 -0.055301494896411896
v -0.0609937347471714 -0.09596434235572815 -0.05489035323262215
v -0.06241060420870781 -0.10260069370269775 -0.04034029319882393
v -0.07742620259523392 -0.016138453036546707 -0.013882690109312534
v -0.07736843824386597 -0.022490011528134346 -0.017704099416732788
v -0.07713326811790466 -0.02406172640621662 -0.016106409952044487
v 0.07711733877658844 -0.022038664668798447 -0.04633200913667679
v 0.07101666182279587 -0.0347214937210083 -0.03684195876121521
v -0.025160767138004303 -0.12406747043132782 0.008671266958117485
v -0.02144921012222767 -0.13481777906417847 0.0029743649065494537
v 0.07307063788175583 0.007671833038330078 -0.03533259406685829
v 0.07296589761972427 0.0060697924345731735 -0.03740566223859787
v 0.07543985545635223 0.007837454788386822 -0.03838059678673744
v 0.07544443011283875 0.009715594351291656 -0.03651239722967148
v 0.05260830745100975 -0.008129504509270191 -0.08372482657432556
v 0.05451113358139992 0.0035965796560049057 -0.08630345016717911
v 0.008308113552629948 -0.07988566905260086 -0.10390924662351608
v 0.007721052039414644 -0.06767105311155319 -0.10164263099431992
v 0.06906680762767792 0.03383253887295723 -0.06537432223558426
v 0.07320861518383026 0.008947405964136124 -0.03367988020181656
v 0.0756690576672554 0.011189828626811504 -0.034793123602867126
v 0.07506224513053894 -0.010284865275025368 -0.046111010015010834
v 0.07108937948942184 0.00874132476747036 -0.03394192084670067
v 0.07126271724700928 0.007286970503628254 -0.035699836909770966
v 0.07687176764011383 0.013135060667991638 -0.036053139716386795
v 0.0766688734292984 0.011423342861235142 -0.037888724356889725
v 0.076483815908432 0.009343392215669155 -0.03974667191505432
v 0.0714372992515564 0.005602670833468437 -0.037571657449007034
v -0.07598259299993515 -0.029683439061045647 -0.011384395882487297
v -0.07509687542915344 -0.031874045729637146 0.0003674314939416945
v -0.07648784667253494 -0.01636345311999321 0.0029193959198892117
v -0.07656347006559372 -0.020023228600621223 -0.008918397128582
v 0.0739765614271164 0.012782021425664425 -0.03466241434216499
v 0.07335849106311798 0.06036478281021118 -0.03607860580086708
v 0.07231952995061874 0.05682600289583206 -0.05095135420560837
v 0.06910289824008942 0.077341228723526 -0.03617257997393608
v 0.06780873984098434 0.0748828798532486 -0.052054885774850845
v 0.06290785223245621 0.07144561409950256 -0.06867425888776779
v 0.06713186949491501 0.0523030087351799 -0.06788846850395203
v 0.07452954351902008 0.013288995251059532 -0.028992000967264175
v 0.07701356709003448 0.015646744519472122 -0.027519231662154198
v 0.057013899087905884 0.07789093255996704 0.01668008789420128
v 0.062149375677108765 0.07452992349863052 0.008675905875861645
v 0.050287045538425446 0.08033573627471924 0.026007644832134247
v 0.04981345683336258 0.0865950807929039 0.02066025882959366
v 0.05604927986860275 0.08500603586435318 0.011173754930496216
v 0.06323199719190598 0.08080685138702393 -0.002084124833345413
v 0.07335865497589111 0.04882887750864029 -0.02330831065773964
v 0.07174117118120193 0.06328856945037842 -0.02118302881717682
v 0.06877397745847702 0.06484224647283554 -0.007053107023239136
v -0.06156332790851593 0.008712716400623322 0.043804846704006195
v -0.06362167000770569 0.010042408481240273 0.03940145671367645
v -0.06427977234125137 0.0010303482413291931 0.03807106241583824
v -0.061659619212150574 0.0017392169684171677 0.04188286140561104
v 0.06727733463048935 0.07944460213184357 -0.019848724827170372
v 0.058562904596328735 0.09057579189538956 -0.0063812388107180595
v 0.06193725764751434 0.08965533971786499 -0.02138528786599636
v 0.051097020506858826 0.09918879717588425 -0.008336549624800682
v 0.05283556878566742 0.09987397491931915 -0.023174544796347618
v 0.05222314968705177 0.09996218234300613 -0.03932300582528114
v 0.0632566586136818 0.08839581161737442 -0.03708503395318985
v 0.05388046056032181 0.09132320433855057 0.006348210386931896
v 0.04793860390782356 0.09211008995771408 0.016463013365864754
v 0.04853527247905731 0.09791731834411621 0.004353925585746765
v 0.045432496815919876 0.09671363234519958 0.012921979650855064
v 0.06672908365726471 0.06516055017709732 0.00040357839316129684
v 0.06061038374900818 -0.04014617204666138 -0.03221331909298897
v 0.06392452865839005 -0.041526466608047485 -0.0274798683822155
v -0.023436397314071655 0.06341847777366638 0.06793404370546341
v -0.013430831022560596 0.06463145464658737 0.06996934860944748
v -0.014212485402822495 0.07250870764255524 0.06570467352867126
v -0.02447488345205784 0.07119530439376831 0.06343802064657211
v 0.06742370873689651 -0.03186149522662163 -0.017271388322114944
v -0.04392848163843155 -0.012011459097266197 -0.10449036955833435
v -0.04617905244231224 -0.0009548533707857132 -0.10655714571475983
v -0.026620017364621162 -0.0017715636640787125 -0.11478293687105179
v -0.025104578584432602 -0.012134166434407234 -0.1120547354221344
v 0.06630223244428635 -0.012379171326756477 0.02221963182091713
v 0.06593547761440277 0.00031297001987695694 0.02168090268969536
v 0.06942380964756012 -0.005654672160744667 0.010115176439285278
v 0.06846193969249725 -0.02075393870472908 0.009219271130859852
v -0.026201091706752777 0.09104302525520325 0.046558454632759094
v -0.01575283892452717 0.0926554799079895 0.048904936760663986
v -0.01642417348921299 0.09919548034667969 0.0405387207865715
v -0.027027055621147156 0.09727944433689117 0.03845733031630516
v -0.054355692118406296 -0.01887521892786026 0.05334005132317543
v -0.05620512738823891 -0.025364432483911514 0.052338410168886185
v -0.05226268619298935 -0.025872789323329926 0.05573215335607529
v -0.05085265636444092 -0.019202182069420815 0.05607026815414429
v 0.06365717947483063 0.014022482559084892 0.022139864042401314
v 0.06791768223047256 0.008444761857390404 0.010880546644330025
v 0.06732594221830368 0.022898539900779724 0.011271512135863304
v 0.06321195513010025 0.027899235486984253 0.024120038375258446
v 0.05370299518108368 0.06820610910654068 -0.08432029187679291
v 0.05651414394378662 0.05136268585920334 -0.08566708117723465
v -0.07969608157873154 -0.044381033629179 -0.023127051070332527
v -0.07862354069948196 -0.0435384064912796 -0.02177039161324501
v 0.05744613707065582 0.03843243420124054 -0.08652415871620178
v 0.04379664361476898 0.037526264786720276 0.05741586163640022
v -0.017174093052744865 0.10536381602287292 0.03029603511095047
v -0.02801181748509407 0.10321445763111115 0.028544314205646515
v 0.011349262669682503 0.090672567486763 -0.09882157295942307
v 0.04151948541402817 0.062017373740673065 0.05149901285767555
v 0.045217663049697876 0.08802644163370132 -0.08026248961687088
v -0.005557713098824024 -0.06659334897994995 -0.10240799188613892
v 0.03162342309951782 0.09451068192720413 -0.08531876653432846
v 0.062166713178157806 0.08616428077220917 -0.05274543538689613
v 0.05862613022327423 0.08311991393566132 -0.06682520359754562
v 0.05025237426161766 0.07899996638298035 -0.08239824324846268
v 0.05697014927864075 0.022003820165991783 -0.08790285885334015
v 0.040164511650800705 0.09407266974449158 0.023874878883361816
v 0.05318567901849747 0.007477333769202232 0.04554988443851471
v 0.05279959365725517 0.00344122014939785 0.0443401038646698
v 0.05317292734980583 0.011493152007460594 0.04771141707897186
v 0.051463525742292404 -0.0013484954833984375 0.045589230954647064
v 0.014465046115219593 -0.012991777621209621 0.06845587491989136
v 0.014184347353875637 -0.015259976498782635 0.07007096707820892
v 0.014083831571042538 -0.01816008798778057 0.07165105640888214
v 0.017623798921704292 -0.017482338473200798 0.06763149052858353
v 0.017314467579126358 -0.020779719576239586 0.06906725466251373
v 0.010969150811433792 -0.01892254129052162 0.07701268792152405
v 0.011207563802599907 -0.015838831663131714 0.07489056140184402
v 0.013530835509300232 -0.021004389971494675 0.0732109323143959
v 0.01328108087182045 -0.024482637643814087 0.07445596158504486
v 0.011112152598798275 -0.022343216463923454 0.07875145971775055
v 0.01804782636463642 -0.03581569343805313 0.06843601912260056
v 0.01873590052127838 -0.030863355845212936 0.06807340681552887
v 0.015896102413535118 -0.027304304763674736 0.07062366604804993
v 0.0211919154971838 -0.023251933977007866 0.06738877296447754
v 0.020144620910286903 -0.02684442698955536 0.06807002425193787
v 0.01652907393872738 -0.023800484836101532 0.07003778964281082
v 0.021930068731307983 -0.019600026309490204 0.06579464673995972
v 0.01452411338686943 -0.028228357434272766 0.076165109872818
v 0.015880409628152847 -0.03186760097742081 0.07856576889753342
v 0.01179696898907423 -0.02628687582910061 0.0812508761882782
v 0.010279431939125061 -0.024848589673638344 0.08504330366849899
v 0.009600644931197166 -0.020734157413244247 0.08259575814008713
v 0.018141496926546097 -0.015018157660961151 0.0661788359284401
v 0.022874174639582634 -0.01681026816368103 0.06453870236873627
v 0.024093197658658028 -0.030060160905122757 0.06712500005960464
v 0.02887914702296257 -0.03338054195046425 0.06628775596618652
v 0.025909461081027985 -0.02551465481519699 0.06617870926856995
v 0.030381368473172188 -0.028146829456090927 0.06536425650119781
v 0.026638898998498917 -0.021570051088929176 0.06476851552724838
v 0.031284406781196594 -0.023902922868728638 0.06395140290260315
v 0.033312346786260605 -0.03762132301926613 0.0650033950805664
v 0.03721899166703224 -0.04173417016863823 0.06294550746679306
v 0.04079502448439598 -0.04740579053759575 0.05968358367681503
v 0.039692968130111694 -0.03608516976237297 0.0619862824678421
v 0.043672796338796616 -0.04144715145230293 0.058556970208883286
v 0.04103595018386841 -0.03003394603729248 0.06084010377526283
v 0.045674119144678116 -0.03537032753229141 0.05733104422688484
v -0.013039039447903633 -0.008265945129096508 0.06930706650018692
v -0.013442701660096645 -0.005927691236138344 0.06679005175828934
v -0.017136262729763985 -0.009279684163630009 0.06540574133396149
v -0.016656242311000824 -0.011719116009771824 0.06731165945529938
v -0.009811393916606903 0.03668198361992836 0.07615930587053299
v -0.01103871688246727 0.04470154643058777 0.07462082803249359
v -0.019952507689595222 0.04422498121857643 0.07353610545396805
v -0.018083088099956512 0.036317016929388046 0.0756034329533577
v 0.03527956083416939 -0.03154105693101883 0.06402195990085602
v 0.0364508330821991 -0.02677597850561142 0.0626767948269844
v 0.03209772706031799 -0.01967974565923214 0.06261563301086426
v 0.027606045827269554 -0.01801471598446369 0.06355585157871246
v 0.04105204716324806 -0.018071522936224937 0.0590997189283371
v 0.0413842648267746 -0.02409490756690502 0.059931740164756775
v 0.03683322295546532 -0.021734103560447693 0.0614534392952919
v 0.03689655289053917 -0.016709350049495697 0.06032010540366173
v 0.046638909727334976 -0.027676302939653397 0.05679290369153023
v 0.045784056186676025 -0.019753828644752502 0.057012878358364105
v 0.04448108375072479 -0.014396494254469872 0.05639506131410599
v 0.030467398464679718 -0.008303754031658173 0.06050118803977966
v 0.025449594482779503 -0.007883630692958832 0.06148022785782814
v 0.033915307372808456 -0.008380627259612083 0.05945141986012459
v 0.040414053946733475 -0.013687625527381897 0.05818534269928932
v 0.03698166832327843 -0.01314637716859579 0.05948137491941452
v 0.04762393981218338 -0.006638066843152046 0.050809819251298904
v 0.04545506089925766 -0.007586591877043247 0.052985336631536484
v 0.03973480314016342 -0.00829192716628313 0.05676231533288956
v 0.03699424862861633 -0.008394806645810604 0.058180876076221466
v 0.042674899101257324 -0.007998410612344742 0.0549352690577507
v 0.020770417526364326 -0.006529604084789753 0.06180533766746521
v 0.015925990417599678 -0.0047029610723257065 0.06229541450738907
v 0.0527312196791172 -0.06484060734510422 -0.0595579668879509
v 0.008974260650575161 -0.017084401100873947 0.08076531440019608
v 0.008696519769728184 -0.013705783523619175 0.07858429849147797
v 0.012240316718816757 0.011653253808617592 0.0656043142080307
v 0.010140765458345413 0.009082876145839691 0.06470432877540588
v 0.00568752083927393 0.007790572941303253 0.07232378423213959
v 0.01596846617758274 0.014563970267772675 0.06862328201532364
v 0.012565270066261292 -0.0021978765726089478 0.06267397850751877
v -0.02176365628838539 -0.011725886724889278 0.06418062746524811
v -0.02078668214380741 -0.014006128534674644 0.06543955951929092
v 0.010508999228477478 0.0002295561134815216 0.06281638145446777
v 0.009193073958158493 0.00304592028260231 0.06297700852155685
v 0.00888746790587902 0.006197817623615265 0.0637197270989418
v -0.014710896648466587 0.07957740128040314 0.06091824918985367
v -0.02512197196483612 0.0782218798995018 0.05851617082953453
v -0.02954927086830139 0.11774443835020065 -0.018637515604496002
v -0.029668906703591347 0.11643420904874802 -0.010480459779500961
v -0.018635926768183708 0.11963513493537903 -0.010665282607078552
v -0.020162291824817657 0.12092654407024384 -0.022918865084648132
v 0.027023371309041977 0.025357339531183243 0.07264548540115356
v 0.023855632171034813 0.019264213740825653 0.07312633842229843
v 0.053190719336271286 0.04576391354203224 0.04303746670484543
v 0.05706661567091942 0.03834695369005203 0.037609443068504333
v 0.04723628610372543 0.023360000923275948 0.057692743837833405
v 0.05042564868927002 0.020105913281440735 0.05388394370675087
v 0.052438169717788696 0.015918295830488205 0.05034594237804413
v 0.059289418160915375 0.02764587663114071 0.03274574503302574
v 0.06061121076345444 0.016045818105340004 0.030041087418794632
v 0.06244407966732979 0.004497744143009186 0.029215313494205475
v -0.07650840282440186 -0.005484490655362606 -0.06632418930530548
v -0.0790281891822815 -0.009633878245949745 -0.051504358649253845
v -0.0822400227189064 0.002254738938063383 -0.050305988639593124
v -0.08100780099630356 0.01103282906115055 -0.06540306657552719
v 0.04238392412662506 0.07568690925836563 0.04049035161733627
v -0.03760183975100517 -0.11555077135562897 -0.0002274792641401291
v -0.03436826542019844 -0.12690989673137665 -0.00511415209621191
v -0.005255450028926134 -0.07942768186330795 -0.10459441691637039
v 0.041934482753276825 0.08233679085969925 0.03517758846282959
v 0.0423264317214489 0.06859224289655685 0.04600841552019119
v 0.032047469168901443 0.09606567025184631 0.02976527065038681
v 0.032505713403224945 0.09030703455209732 0.036860451102256775
v 0.041241344064474106 0.08849187195301056 0.02971186861395836
v 0.033337730914354324 0.08407774567604065 0.042669396847486496
v 0.03406592085957527 0.07748706638813019 0.047869328409433365
v 0.034031324088573456 0.07051555067300797 0.05337764695286751
v 0.03361665457487106 0.06377194076776505 0.058518581092357635
v 0.03249560296535492 0.05484843626618385 0.06313198804855347
v 0.04284222796559334 -0.061339475214481354 -0.07749535888433456
v 0.0067969681695103645 -0.030228499323129654 0.07673724740743637
v 0.006359356455504894 -0.03038787841796875 0.07708623260259628
v -0.05465288832783699 0.028380395844578743 0.0541260652244091
v -0.05690627545118332 0.034601494669914246 0.050925418734550476
v -0.060230549424886703 0.02810034528374672 0.046399958431720734
v -0.05788452923297882 0.022932399064302444 0.05015123635530472
v 0.006544292904436588 -0.03021157905459404 0.0764380618929863
v 0.006033770274370909 -0.03036441281437874 0.07693593204021454
v 0.00642704963684082 -0.030685817822813988 0.07687508314847946
v 0.0067045059986412525 -0.03896145522594452 0.07783430814743042
v 0.005656898953020573 -0.036825891584157944 0.0773356631398201
v 0.005919012241065502 -0.033163003623485565 0.07734199613332748
v 0.06741061806678772 -0.03822340816259384 -0.020977750420570374
v -0.0075345286168158054 0.024364003911614418 0.07761020958423615
v -0.014703843742609024 0.02373984269797802 0.07722677290439606
v -0.012625289149582386 0.018372906371951103 0.07602483779191971
v -0.00661991722881794 0.018836110830307007 0.07688368856906891
v -0.06175743043422699 -0.0052748508751392365 0.041562099009752274
v -0.06469845026731491 -0.007880688644945621 0.03859609365463257
v -0.06355313956737518 -0.016253098845481873 0.042383115738630295
v -0.06059440225362778 -0.012518778443336487 0.04488830268383026
v -0.05709974840283394 -0.01746469736099243 0.0504678338766098
v -0.05928635597229004 -0.02345706894993782 0.049213603138923645
v -0.02186625264585018 0.05360906943678856 0.07178933918476105
v -0.012272987514734268 0.05452124401926994 0.07313872128725052
v -0.06219291687011719 0.019481847062706947 0.04206761345267296
v -0.06026650592684746 0.016101816669106483 0.046514417976140976
v -0.010394039563834667 -0.0053075142204761505 0.07208221405744553
v -0.01114058867096901 -0.0033019371330738068 0.06873473525047302
v -0.008728984743356705 0.00080101378262043 0.07137265801429749
v -0.004965069703757763 -0.00033474527299404144 0.07737629115581512
v -0.0047990065068006516 0.0038318727165460587 0.07581667602062225
v -0.008052734658122063 0.004170553758740425 0.0720788761973381
v -0.03543996065855026 0.03549528121948242 0.069419726729393
v -0.037512585520744324 0.04294364154338837 0.06700941920280457
v -0.045040737837553024 0.04202680289745331 0.06181195378303528
v -0.0429367832839489 0.034697409719228745 0.0645364373922348
v -0.025648726150393486 0.0846845880150795 0.05304906144738197
v -0.015190931968390942 0.08613114804029465 0.055455803871154785
v -0.005407189019024372 0.012482495978474617 0.07532614469528198
v -0.00958569347858429 0.012720219790935516 0.07322502136230469
v -0.008621293120086193 0.009677238762378693 0.07222165167331696
v -0.005151640623807907 0.00953051820397377 0.07496797293424606
v -0.02573416195809841 -0.015733469277620316 0.0644867867231369
v -0.026689188554883003 -0.013392860069870949 0.06353502720594406
v -0.07084926962852478 -0.042602311819791794 -0.02805957943201065
v -0.07250326126813889 -0.044017501175403595 -0.02720724791288376
v -0.07914657890796661 0.001144452951848507 -0.007252043578773737
v -0.07725579291582108 -0.009448057040572166 -0.007685391698032618
v -0.07759125530719757 -0.003322577103972435 0.004346443805843592
v -0.07762883603572845 0.009699203073978424 0.004185852594673634
v -0.07977224141359329 0.021924398839473724 0.0029521100223064423
v -0.0814133882522583 0.03061729297041893 -0.00031809136271476746
v -0.08283480256795883 0.015915337949991226 -0.010223477147519588
v -0.08096975833177567 0.01019834354519844 -0.0077905068174004555
v -0.057225290685892105 -0.09066521376371384 -0.06814483553171158
v -0.054955583065748215 -0.07988106459379196 -0.07007690519094467
v -0.004790374077856541 -0.0037495624274015427 0.08002986758947372
v -0.004490976221859455 -0.007184961810708046 0.08218785375356674
v -0.0301307812333107 0.04157516360282898 -0.11666794866323471
v -0.029222680255770683 0.02785729244351387 -0.11779319494962692
v -0.04944249615073204 0.029599834233522415 -0.10801312327384949
v -0.05002644285559654 0.04262782260775566 -0.106564462184906
v -0.07292879372835159 -0.016455594450235367 -0.06499259918928146
v -0.07596367597579956 -0.01854562759399414 -0.05090540274977684
v -0.009434079751372337 -0.03572186082601547 0.07922494411468506
v -0.006833679974079132 -0.030888348817825317 0.07634936273097992
v -0.00745074637234211 -0.03391696885228157 0.07688850909471512
v -0.006994212046265602 -0.030955854803323746 0.07637849450111389
v -0.010006289929151535 -0.03833242878317833 0.0809270590543747
v -0.012433849275112152 -0.038475897163152695 0.08229433000087738
v -0.0077529242262244225 -0.03774270415306091 0.07552044838666916
v -0.006776290945708752 -0.03776257485151291 0.07596956193447113
v -0.006787887774407864 -0.03369589149951935 0.07716390490531921
v -0.007118691690266132 -0.030904250219464302 0.07648246735334396
v -0.0010701220016926527 -0.04215818643569946 0.08715600520372391
v -0.001524373539723456 -0.041129350662231445 0.09033667296171188
v -0.00537252239882946 -0.03976397588849068 0.08939430117607117
v -0.003917785361409187 -0.040936581790447235 0.08709927648305893
v -0.006057539954781532 -0.030952539294958115 0.07718268036842346
v -0.005049946252256632 -0.033607903867959976 0.07820668071508408
v -0.004570889286696911 -0.03628908097743988 0.08355049788951874
v -0.006415487267076969 -0.033054765313863754 0.07990287989377975
v -0.006356906145811081 -0.031160609796643257 0.07762769609689713
v -0.006424609571695328 -0.03584122657775879 0.08272482454776764
v -0.005278344266116619 -0.04113220050930977 0.0798855647444725
v -0.00791983399540186 -0.035712502896785736 0.08120062947273254
v -0.0820988118648529 -0.029570281505584717 -0.032736748456954956
v -0.061369191855192184 -0.07880927622318268 -0.018133047968149185
v -0.06605296581983566 -0.06305200606584549 -0.023749196901917458
v -0.06517709791660309 -0.0629357174038887 -0.029500024393200874
v -0.06234687194228172 -0.07887721061706543 -0.02778957225382328
v -0.08704231679439545 -0.0031739885453134775 -0.029886260628700256
v -0.07043853402137756 0.037369031459093094 0.03039424866437912
v -0.07294873148202896 0.0501575842499733 0.023883353918790817
v -0.07843587547540665 0.04068443179130554 0.010473445989191532
v -0.07701176404953003 0.029759567230939865 0.013073667883872986
v -0.07403907924890518 0.06087380275130272 0.018160611391067505
v -0.07942605763673782 0.05224210023880005 0.00578420702368021
v -0.08277778327465057 0.04200132563710213 -0.005793757736682892
v -0.08532219380140305 0.02376754768192768 -0.022642474621534348
v -0.04302823171019554 -0.0036405064165592194 0.058617204427719116
v -0.04329097270965576 -0.003872320055961609 0.058846767991781235
v -0.041738130152225494 -0.004219941794872284 0.059990376234054565
v -0.04181702062487602 -0.004047432914376259 0.059704750776290894
v -0.04248964041471481 -0.0033097434788942337 0.05801612138748169
v -0.04125511273741722 -0.003944426774978638 0.05896510183811188
v -0.04349050670862198 -0.0027952957898378372 0.05710139125585556
v -0.044022005051374435 -0.0032750945538282394 0.05764199048280716
v -0.044288963079452515 -0.003541579470038414 0.057849638164043427
v -0.025664987042546272 -0.00204581581056118 0.061401281505823135
v -0.026631221175193787 -0.002059951424598694 0.06094754859805107
v -0.02934935688972473 -0.0028913840651512146 0.06096579134464264
v -0.02824298106133938 -0.0028847232460975647 0.06198909133672714
v -0.025461340323090553 -0.0024043209850788116 0.06188233569264412
v -0.02835431694984436 -0.0033409111201763153 0.06250615417957306
v -0.029702497646212578 5.992129445075989e-06 0.05638217553496361
v -0.029004249721765518 0.00037103332579135895 0.05629980191588402
v -0.030690576881170273 -0.00034163519740104675 0.05641556158661842
v -0.02404545061290264 -2.6579946279525757e-05 0.059235285967588425
v -0.02445785515010357 0.0004907082766294479 0.05933738127350807
v -0.028825104236602783 0.0011779777705669403 0.056405406445264816
v -0.02852357178926468 0.000735083594918251 0.05622897669672966
v -0.024672765284776688 -0.0005253292620182037 0.05944785475730896
v -0.022770363837480545 -0.0005389228463172913 0.05979292839765549
v -0.02158915437757969 -0.00012257695198059082 0.059380099177360535
v -0.02184133045375347 0.0007801707834005356 0.05958394706249237
v -0.03358689695596695 -0.00467601977288723 0.062499962747097015
v -0.03388071805238724 -0.0054781679064035416 0.06236248463392258
v -0.02915532886981964 -0.00488969124853611 0.06251893937587738
v -0.028723085299134254 -0.0040067993104457855 0.06261709332466125
v -0.03329288586974144 -0.004141712561249733 0.06244475021958351
v -0.03676667436957359 -0.00417100265622139 0.06169726327061653
v -0.03693817928433418 -0.004706624895334244 0.06170869991183281
v -0.037118345499038696 -0.005509622395038605 0.0615040622651577
v -0.025831857696175575 -0.0037852171808481216 0.06237954646348953
v -0.025711366906762123 -0.0028803665190935135 0.06225164234638214
v -0.037140924483537674 -0.006192004308104515 0.06129660829901695
v -0.03423239290714264 -0.006158631294965744 0.062105778604745865
v -0.02940351329743862 -0.005541205406188965 0.062331221997737885
v -0.025761518627405167 -0.004208697006106377 0.06234421953558922
v -0.02288457751274109 -0.002766912803053856 0.061799630522727966
v -0.024092189967632294 -0.0026244018226861954 0.06196734309196472
v -0.0342494361102581 -0.0067060040310025215 0.06141350045800209
v -0.03411751613020897 -0.007327022030949593 0.06123144179582596
v -0.029327716678380966 -0.006744030863046646 0.06179655343294144
v -0.029451360926032066 -0.006066989153623581 0.06198297441005707
v -0.03707050159573555 -0.0067467838525772095 0.060538578778505325
v -0.03700567036867142 -0.00740110594779253 0.06017503887414932
v -0.04550250619649887 -0.0034779999405145645 0.05624467507004738
v -0.0461282841861248 -0.0029395222663879395 0.05549107491970062
v -0.04603654891252518 -0.003573192283511162 0.055479977279901505
v -0.04561465606093407 -0.003987539559602737 0.05584554374217987
v -0.04867623746395111 -0.00596262700855732 0.05263470113277435
v -0.04977493733167648 -0.0047521525993943214 0.05209101736545563
v -0.05158213526010513 -0.005392142571508884 0.0506192110478878
v -0.05029328539967537 -0.006843539886176586 0.051684197038412094
v -0.059272777289152145 -0.01546083390712738 0.04741836339235306
v -0.052933719009160995 -0.009780574589967728 0.050855785608291626
v -0.054420359432697296 -0.00814608484506607 0.04899497330188751
v -0.04490543156862259 -0.0036665983498096466 0.05695529654622078
v -0.04420912638306618 -0.003954682499170303 0.05777604132890701
v -0.04495423287153244 -0.0033061616122722626 0.05701041594147682
v -0.04552600905299187 -0.002938905730843544 0.056179679930210114
v -0.04504012688994408 -0.00435701385140419 0.05651545524597168
v -0.04420741647481918 -0.004608996212482452 0.05743434280157089
v -0.04326896741986275 -0.004239942878484726 0.05875756964087486
v -0.04321076720952988 -0.004932768642902374 0.058497004210948944
v -0.041640639305114746 -0.005308361724019051 0.05966195836663246
v -0.041671209037303925 -0.004574345424771309 0.05991809815168381
v -0.03970414400100708 -0.0046943798661231995 0.060860525816679
v -0.03994172438979149 -0.004242049530148506 0.06081826239824295
v -0.03975529968738556 -0.005506942048668861 0.060573991388082504
v -0.041635721921920776 -0.005913998931646347 0.05926845595240593
v -0.039687443524599075 -0.0061281826347112656 0.060295797884464264
v -0.04318974167108536 -0.005577907897531986 0.057991404086351395
v -0.04430447146296501 -0.005188477225601673 0.05692699924111366
v -0.045201465487480164 -0.0047998856753110886 0.05598792806267738
v -0.04596208781003952 -0.004408424720168114 0.05532758682966232
v -0.04651927202939987 -0.0038196593523025513 0.05491241067647934
v -0.04562344029545784 -0.005223514512181282 0.05533428117632866
v -0.04638882726430893 -0.005836330354213715 0.05449894070625305
v -0.044975705444812775 -0.006323649547994137 0.05560736730694771
v -0.04450354725122452 -0.005633918568491936 0.056311000138521194
v -0.04663402959704399 -0.004749204032123089 0.0546213760972023
v -0.0475565604865551 -0.005263363942503929 0.05365385115146637
v -0.04325828701257706 -0.0059784529730677605 0.05730759724974632
v -0.04341539368033409 -0.006615537218749523 0.05678783729672432
v -0.041571129113435745 -0.00704082939773798 0.058067675679922104
v -0.0415324866771698 -0.006402565166354179 0.05859069898724556
v -0.039113547652959824 -0.006457633338868618 0.0595368817448616
v -0.03925563395023346 -0.007219921797513962 0.0590364933013916
v -0.03303879499435425 -0.003862651064991951 0.06204131990671158
v -0.03288039192557335 -0.0034872833639383316 0.06073587015271187
v -0.036081552505493164 -0.0038744769990444183 0.060351286083459854
v -0.03690999373793602 -0.004074053838849068 0.061290986835956573
v -0.04001247510313988 -0.00416453555226326 0.06049933657050133
v -0.03900860995054245 -0.0040751732885837555 0.05972170829772949
v -0.03616147115826607 -0.003689361736178398 0.05906291306018829
v -0.034629326313734055 -0.0011941827833652496 0.056051239371299744
v -0.0358143225312233 -0.0012278147041797638 0.055754370987415314
v -0.038521911948919296 -0.0037149935960769653 0.05841603875160217
v -0.03329004719853401 -0.0032319258898496628 0.059400927275419235
v -0.03329203650355339 -0.0009544622153043747 0.05610095337033272
v -0.030312862247228622 -0.0024893805384635925 0.059657078236341476
v -0.03196937218308449 -0.0006914995610713959 0.05635252222418785
v -0.027735287323594093 -0.0018692295998334885 0.05992467328906059
v -0.03434595465660095 0.006184520199894905 0.0647016242146492
v -0.034548383206129074 0.006747569888830185 0.06504157185554504
v -0.04000699520111084 0.005804093554615974 0.06419482827186584
v -0.03912314400076866 0.005411606281995773 0.06388425827026367
v -0.058751851320266724 9.172223508358002e-05 -0.0950741320848465
v -0.060780081897974014 0.01566736400127411 -0.09746528416872025
v -0.04845679923892021 0.01334262453019619 -0.10828268527984619
v -0.04193464294075966 0.0022994540631771088 0.0623035728931427
v -0.04203636944293976 0.003820359706878662 0.062361642718315125
v -0.04451089724898338 0.0030144434422254562 0.06043769046664238
v -0.04428115114569664 0.0016820821911096573 0.06031275913119316
v -0.04181140661239624 0.0008577033877372742 0.06211487948894501
v -0.043913450092077255 0.0002862177789211273 0.060073789209127426
v -0.0390167199075222 0.0014951173216104507 0.06399475783109665
v -0.03917931765317917 0.0031187254935503006 0.0641961619257927
v -0.039239779114723206 0.004630224779248238 0.06401566416025162
v -0.04296095296740532 0.0009419061243534088 0.0558282732963562
v -0.042243871837854385 0.0013154000043869019 0.056653980165719986
v -0.04306378588080406 0.0006105564534664154 0.05793898180127144
v -0.044144827872514725 0.0004100147634744644 0.056668221950531006
v -0.04338740184903145 0.0006221979856491089 0.05519304424524307
v -0.044607486575841904 0.00019212067127227783 0.05576784536242485
v -0.03914838284254074 0.0010623559355735779 0.05396891012787819
v -0.038790930062532425 0.0011788606643676758 0.05433919280767441
v -0.038220878690481186 0.0013762358576059341 0.05488881841301918
v -0.03935379162430763 0.0008352082222700119 0.05376487970352173
v -0.03956541046500206 0.0005429200828075409 0.05367011949419975
v -0.03966831415891647 0.00024633854627609253 0.05369504541158676
v -0.039328429847955704 4.73950058221817e-05 0.053773026913404465
v -0.06107551231980324 -0.03166988492012024 0.045015983283519745
v -0.06169314682483673 -0.02065078727900982 0.04581470787525177
v -0.06370504200458527 -0.028322072699666023 0.0411963015794754
v -0.04468757286667824 -0.0029167775064706802 0.056759949773550034
v -0.04528751224279404 -0.0024956930428743362 0.055951111018657684
v -0.044088833034038544 -0.0024567358195781708 0.05631021410226822
v -0.0446091927587986 -0.002085607498884201 0.05567923188209534
v -0.04588630795478821 -0.0020113401114940643 0.05520033836364746
v -0.04628453403711319 -0.0023169592022895813 0.055282071232795715
v -0.04170680791139603 -0.0029696058481931686 0.05711786076426506
v -0.03795456141233444 -0.001002877950668335 0.0550166517496109
v -0.03860362246632576 -0.0007379390299320221 0.05465444549918175
v -0.042591750621795654 -0.002424871549010277 0.0564265102148056
v -0.04050697758793831 -0.003632543608546257 0.05782068148255348
v -0.03712199628353119 -0.001214129850268364 0.05539175868034363
v -0.03854456543922424 -0.0003388281911611557 0.05419125780463219
v -0.03897176310420036 -0.00016577169299125671 0.05397364869713783
v -0.04272451996803284 -0.00195983424782753 0.0557340532541275
v -0.04333547502756119 -0.0015676412731409073 0.05519871413707733
v -0.045026231557130814 -0.0016044247895479202 0.055239710956811905
v -0.04428451135754585 -0.0007337629795074463 0.054633934050798416
v -0.044126320630311966 -0.0003112237900495529 0.05469350516796112
v -0.04551052302122116 -0.0012321136891841888 0.05505209043622017
v -0.04557395726442337 -0.0007065590471029282 0.05505569279193878
v -0.043906040489673615 -0.0011365320533514023 0.054764896631240845
v -0.04381192475557327 0.0001481417566537857 0.054883912205696106
v -0.045198097825050354 -0.0003559868782758713 0.055352337658405304
v -0.046478014439344406 -0.0028942469507455826 0.05511517822742462
v -0.0466446615755558 -0.002001143991947174 0.05492980033159256
v -0.04734131321310997 -0.0014085210859775543 0.05447789281606674
v -0.046924758702516556 -0.0030251946300268173 0.054622799158096313
v -0.0476900152862072 -0.002976231276988983 0.053921062499284744
v -0.04730815067887306 -0.004053100943565369 0.054131776094436646
v -0.04813580960035324 -0.0007542502135038376 0.05417225882411003
v -0.04933438450098038 -0.0001275520771741867 0.053317535668611526
v -0.04900582879781723 -0.0029658321291208267 0.0529266893863678
v -0.04837720841169357 -0.004295019432902336 0.05318862944841385
v -0.046338751912117004 -0.0014976933598518372 0.054943811148405075
v -0.04653262346982956 -0.001154281198978424 0.054793719202280045
v -0.04756418243050575 7.755868136882782e-05 0.055416494607925415
v -0.04824540391564369 0.000934721902012825 0.05526483431458473
v -0.04695157706737518 -0.000616827979683876 0.05542260780930519
v -0.046372007578611374 -0.00022417306900024414 0.0566006563603878
v -0.046857863664627075 0.0006139073520898819 0.05677137151360512
v -0.0473782941699028 0.001502305269241333 0.056715525686740875
v -0.04581695795059204 0.0010315235704183578 0.058492474257946014
v -0.04621446505188942 0.0022594965994358063 0.05849428474903107
v -0.0454091802239418 -2.8051435947418213e-06 0.05811288207769394
v -0.046255845576524734 -0.0006855912506580353 0.055365368723869324
v -0.045740511268377304 -0.000338016077876091 0.056239113211631775
v -0.044905614107847214 -0.00011789985001087189 0.05753616243600845
v -0.04357267543673515 -0.00012694299221038818 0.05925390124320984
v -0.041509583592414856 0.00030744075775146484 0.061197616159915924
v -0.04114125296473503 0.0008861776441335678 0.05969899520277977
v -0.03875519707798958 0.000938931480050087 0.06297322362661362
v -0.038434579968452454 0.0011891424655914307 0.06140662729740143
v -0.03494292125105858 0.007681688293814659 0.06614096462726593
v -0.04086298868060112 0.007025454193353653 0.06495972722768784
v -0.03819427266716957 0.001831836998462677 0.059287961572408676
v -0.03582093119621277 0.0015253163874149323 0.05627996474504471
v -0.034351348876953125 0.0015977919101715088 0.05656469613313675
v -0.03523286432027817 0.0017614103853702545 0.06037341430783272
v -0.025331595912575722 0.0007661376148462296 0.05986938998103142
v -0.02628055214881897 0.0011920742690563202 0.06058124452829361
v -0.029866211116313934 0.0013167522847652435 0.056956417858600616
v -0.02927554026246071 0.0012786239385604858 0.05667965114116669
v -0.023380620405077934 0.000915229320526123 0.06059711426496506
v -0.024863917380571365 0.0012767724692821503 0.06153630092740059
v -0.029929639771580696 0.001458892598748207 0.061090581119060516
v -0.031757187098264694 0.0013149380683898926 0.05722346529364586
v -0.030672820284962654 0.0013018511235713959 0.057144928723573685
v -0.028055164963006973 0.0013797525316476822 0.06083858758211136
v -0.02907971292734146 0.001654384657740593 0.06286123394966125
v -0.026585683226585388 0.0014493558555841446 0.06226883456110954
v -0.03522563353180885 0.0014555882662534714 0.06258680671453476
v -0.03224029764533043 0.07635904103517532 -0.10638946294784546
v -0.031565114855766296 0.06149671971797943 -0.11279847472906113
v -0.05082239583134651 0.06104552000761032 -0.10297688096761703
v -0.05094523727893829 0.07398885488510132 -0.09759398549795151
v -0.040453094989061356 0.0016795042902231216 0.058098748326301575
v -0.037176430225372314 0.0014714431017637253 0.05564160272479057
v -0.06059051305055618 0.07334849238395691 -0.08940349519252777
v -0.059806667268276215 0.08136801421642303 -0.08484625816345215
v -0.051429811865091324 0.08459808677434921 -0.09024838358163834
v -0.04200609773397446 -0.06383378058671951 -0.08610033243894577
v -0.031972505152225494 -0.07335441559553146 -0.09526222199201584
v -0.02101883664727211 0.000772520899772644 0.061509400606155396
v -0.022935837507247925 0.0012848954647779465 0.062247440218925476
v -0.01966976374387741 0.0002217162400484085 0.060895174741744995
v -0.01873931847512722 0.00023782439529895782 0.06092964485287666
v -0.020162520930171013 0.0009372197091579437 0.06164587661623955
v -0.021852511912584305 0.0016084667295217514 0.062348928302526474
v -0.025295976549386978 0.001635473221540451 0.06299538910388947
v -0.024372443556785583 0.0019687730818986893 0.06347141414880753
v -0.027889970690011978 0.0022045299410820007 0.06471522152423859
v -0.028011560440063477 0.0017325282096862793 0.06384464353322983
v -0.03511195257306099 0.0014891866594552994 0.06412968784570694
v -0.03517109155654907 0.002103915438055992 0.06507258117198944
v -0.02733181230723858 0.0034531988203525543 0.06464940309524536
v -0.02375146374106407 0.0030027199536561966 0.06313453614711761
v -0.02657667174935341 0.00509110651910305 0.06427071988582611
v -0.02356177754700184 0.004471028223633766 0.06290704011917114
v -0.034988462924957275 0.005191298201680183 0.06491991132497787
v -0.035399168729782104 0.0036612041294574738 0.06521177291870117
v -0.022639576345682144 -0.0017820186913013458 0.061453163623809814
v -0.020368782803416252 -0.0014062374830245972 0.061162158846855164
v -0.023339753970503807 -0.0014603249728679657 0.06121477484703064
v -0.021079489961266518 -0.0010601077228784561 0.06083208695054054
v -0.02449706383049488 -0.0012843739241361618 0.06058495491743088
v -0.01992170326411724 -0.0005647912621498108 0.06059568375349045
v -0.019001184031367302 -0.0007442887872457504 0.06089392304420471
v -0.02578839287161827 -0.001215485855937004 0.05983498692512512
v -0.019306981936097145 0.0012050364166498184 0.06119771674275398
v -0.017855029553174973 0.0002802722156047821 0.06083009019494057
v -0.01821962743997574 0.0024827681481838226 0.06035279110074043
v -0.01720808446407318 0.0006611701101064682 0.06048235297203064
v -0.020832832902669907 0.004223549738526344 0.061328597366809845
v -0.021045207977294922 0.0023940186947584152 0.06175806373357773
v -0.01801510527729988 -0.000777117908000946 0.0608210489153862
v -0.018785113468766212 -0.0014014914631843567 0.06105014681816101
v -0.017393089830875397 -0.0005236603319644928 0.060670383274555206
v -0.018138231709599495 -0.0012509804219007492 0.060884058475494385
v -0.025476405397057533 -0.004814662039279938 0.06226010620594025
v -0.025287995114922523 -0.005145896226167679 0.062022510915994644
v -0.02211175486445427 -0.0032633431255817413 0.06176645681262016
v -0.0215431097894907 -0.0032972022891044617 0.061467550694942474
v -0.0339076928794384 -0.00804839562624693 0.06103311479091644
v -0.03691171109676361 -0.0081903962418437 0.06013067439198494
v -0.03353945165872574 -0.009021103382110596 0.061006829142570496
v -0.03681338578462601 -0.009272031486034393 0.059980813413858414
v -0.02858368121087551 -0.008335511200129986 0.061943020671606064
v -0.029023272916674614 -0.007488270290195942 0.06181357428431511
v -0.0333278626203537 -0.13426093757152557 -0.007701852358877659
v -0.047283366322517395 -0.006725214421749115 0.05379266291856766
v -0.04856845736503601 -0.007893365807831287 0.05324944853782654
v -0.04668192192912102 -0.008564351126551628 0.05466746166348457
v -0.045666567981243134 -0.007177016697824001 0.05500676482915878
v -0.04381806030869484 -0.0075418297201395035 0.05629492923617363
v -0.04439207911491394 -0.008970122784376144 0.056106340140104294
v -0.04187905788421631 -0.00916590727865696 0.05749627947807312
v -0.041526105254888535 -0.007884914055466652 0.05762796476483345
v -0.039238058030605316 -0.007956547662615776 0.05873502790927887
v -0.039624374359846115 -0.009355309419333935 0.05868935585021973
v -0.050690505653619766 -0.003279954195022583 0.05153665691614151
v -0.05141562223434448 0.00012212060391902924 0.05123724788427353
v -0.052362386137247086 -0.0038141924887895584 0.04983893036842346
v -0.05371225252747536 -0.00023697130382061005 0.04920903220772743
v -0.016330063343048096 0.003863126039505005 0.06044639274477959
v -0.016025839373469353 0.0013216249644756317 0.0600987933576107
v -0.014776523225009441 0.004969565197825432 0.061592064797878265
v -0.014684637077152729 0.002226339653134346 0.061015550047159195
v -0.01599130965769291 0.007622230798006058 0.0628332644701004
v -0.018010448664426804 0.006349379196763039 0.061508215963840485
v -0.016593245789408684 -0.00020875781774520874 0.06067223101854324
v -0.01749967411160469 -0.001284068450331688 0.060697562992572784
v -0.01554563082754612 -0.0001746993511915207 0.06099468842148781
v -0.01669158972799778 -0.0016720332205295563 0.06114964187145233
v -0.02482365444302559 -0.005754852667450905 0.061835430562496185
v -0.024317864328622818 -0.006537704728543758 0.0619397796690464
v -0.02102651819586754 -0.003651365637779236 0.06149432435631752
v -0.020175719633698463 -0.004389379173517227 0.06165722757577896
v -0.05651414394378662 -0.011584585532546043 -0.09272877871990204
v -0.06195235997438431 0.03166656941175461 -0.09680739045143127
v -0.04800889641046524 0.010404851287603378 0.062767893075943
v -0.045592375099658966 0.008241070434451103 0.06296861916780472
v -0.04207570478320122 0.009254548698663712 0.0653907060623169
v -0.04384327679872513 0.01173643209040165 0.06597276777029037
v -0.05114489421248436 0.013528537005186081 0.06170985847711563
v -0.05328661948442459 0.010693829506635666 0.058200057595968246
v -0.05069577693939209 0.008533637970685959 0.059521134942770004
v -0.04829488694667816 0.006784625351428986 0.06023649126291275
v -0.05215219035744667 0.0027427896857261658 0.052361443638801575
v -0.05040161311626434 0.002569057047367096 0.05385966598987579
v -0.050380393862724304 0.004053354263305664 0.05538236349821091
v -0.05215252935886383 0.004593973979353905 0.054156821221113205
v -0.054435692727565765 0.0027289651334285736 0.05038798227906227
v -0.054708175361156464 0.005253395065665245 0.05251483619213104
v -0.051621098071336746 0.006461760029196739 0.05664593726396561
v -0.04956204816699028 0.005419842898845673 0.05759323388338089
v -0.05436193197965622 0.007689891383051872 0.055342208594083786
v -0.023901812732219696 0.010788295418024063 0.06604811549186707
v -0.024534473195672035 0.009288743138313293 0.06493373960256577
v -0.02190779708325863 0.00762457400560379 0.06317531317472458
v -0.020429439842700958 0.008782051503658295 0.06362590193748474
v -0.02256096713244915 0.012108676135540009 0.06690149754285812
v -0.018260162323713303 0.009912136942148209 0.06439266353845596
v -0.036771226674318314 0.01226641982793808 0.06853136420249939
v -0.035913120955228806 0.010234389454126358 0.06724831461906433
v -0.026247523725032806 0.006359027698636055 0.06411010026931763
v -0.02428622357547283 0.005519794300198555 0.0634569376707077
v -0.025557685643434525 0.006878506392240524 0.06388580054044724
v -0.023390304297208786 0.005773521959781647 0.06302481889724731
v -0.06810665875673294 0.08877694606781006 -0.06510679423809052
v -0.06992346793413162 0.09241080284118652 -0.051837123930454254
v -0.054034337401390076 0.1048581451177597 -0.05652583763003349
v -0.053474076092243195 0.09967959672212601 -0.06990335881710052
v -0.042001135647296906 0.004440326243638992 0.06266064196825027
v -0.04285251721739769 0.004921300336718559 0.06262172758579254
v -0.0453646257519722 0.004184560850262642 0.06059902161359787
v -0.04457337036728859 0.003725338727235794 0.06081288680434227
v -0.046521708369255066 0.003074999898672104 0.05874454602599144
v -0.04725908860564232 0.003613455221056938 0.05851396173238754
v -0.04829329252243042 0.0028234515339136124 0.05665135011076927
v -0.0477425754070282 0.0024558790028095245 0.05691429600119591
v -0.04837671294808388 0.0018804296851158142 0.055619388818740845
v -0.048878446221351624 0.0020033735781908035 0.055076196789741516
v -0.02339855581521988 0.006860280409455299 0.06351037323474884
v -0.025341952219605446 0.007713336497545242 0.06433190405368805
v -0.06181168556213379 0.06179756671190262 -0.09298272430896759
v -0.04755989834666252 0.04983026906847954 0.05881396681070328
v -0.05457434430718422 0.047029413282871246 0.052300967276096344
v -0.051722001284360886 0.039938174188137054 0.05597706884145737
v -0.04376554861664772 0.006107743829488754 0.06305015832185745
v -0.04640623554587364 0.005264729261398315 0.06064819172024727
v -0.04814865067601204 0.004425594583153725 0.05825583264231682
v -0.049152303487062454 0.003476034849882126 0.05629483982920647
v -0.04956497624516487 0.002688029780983925 0.05500681698322296
v -0.07665693014860153 -0.02683260291814804 -0.016565639525651932
v -0.07687855511903763 -0.026463791728019714 -0.01841045171022415
v -0.08534114062786102 -0.012910312972962856 -0.04202747717499733
v -0.08378759026527405 -0.006767328828573227 -0.03971060737967491
v -0.08273128420114517 -0.0036194827407598495 -0.037478722631931305
v -0.08596545457839966 0.0017623305320739746 -0.023361215367913246
v -0.0877741202712059 0.005413728766143322 -0.02555060386657715
v -0.08776137232780457 -0.03226970508694649 -0.038619156926870346
v -0.08431003242731094 -0.03474336862564087 -0.03529808670282364
v -0.08769045770168304 -0.031214265152812004 -0.038958143442869186
v -0.09459972381591797 0.002725602127611637 -0.03482573851943016
v -0.09513407200574875 0.0013294536620378494 -0.03644421696662903
v -0.09612537920475006 0.0008706599473953247 -0.03607550635933876
v -0.04863094910979271 -0.03401225060224533 -0.08788201212882996
v -0.05372214317321777 -0.020801624283194542 -0.09109916538000107
v -0.09543340653181076 -0.000159416813403368 -0.038089629262685776
v -0.07865965366363525 -0.021436965093016624 -0.020051682367920876
v -0.08632052689790726 -0.013291112147271633 -0.042294979095458984
v -0.08787888288497925 -0.013472575694322586 -0.04409381002187729
v -0.08852851390838623 -0.01844090223312378 -0.04521457478404045
v -0.08783499896526337 -0.01810346357524395 -0.044502679258584976
v -0.08763675391674042 -0.023879274725914 -0.044454317539930344
v -0.08705276995897293 -0.023223428055644035 -0.043843429535627365
v -0.08940688520669937 -0.027932818979024887 -0.04092760756611824
v -0.08994075655937195 -0.023134319111704826 -0.04283907264471054
v -0.08882599323987961 0.006035500206053257 -0.026781804859638214
v -0.0888100117444992 0.005143284797668457 -0.026171520352363586
v -0.08957241475582123 0.006106561981141567 -0.027082178741693497
v -0.07941634953022003 -0.022316303104162216 -0.02166997641324997
v -0.08423461765050888 -0.00037279119715094566 -0.023840894922614098
v -0.08373069018125534 -0.002326847054064274 -0.022434327751398087
v -0.08344927430152893 -0.0018257908523082733 -0.0228623915463686
v -0.07769165933132172 -0.01667138561606407 -0.02508251927793026
v -0.07750285416841507 -0.015824681147933006 -0.02513650432229042
v -0.07881425321102142 -0.0182530228048563 -0.024813514202833176
v -0.08040398359298706 -0.01994459144771099 -0.022803641855716705
v -0.07441957294940948 -0.026884108781814575 -0.0265237707644701
v -0.07408010959625244 -0.027343686670064926 -0.028165509924292564
v -0.07347062975168228 -0.028137506917119026 -0.02762676402926445
v -0.09246072918176651 0.011803101748228073 -0.02819744683802128
v -0.08385132998228073 -0.0033489097841084003 -0.022188765928149223
v -0.08503904938697815 -0.002307464834302664 -0.022313101217150688
v -0.08579793572425842 -0.0012456937693059444 -0.022428572177886963
v -0.09034165740013123 0.005419716238975525 -0.027199387550354004
v -0.08628921210765839 -0.0003560800105333328 -0.022466294467449188
v -0.08531976491212845 -0.00023851962760090828 -0.02273651212453842
v -0.0866764634847641 0.00144229456782341 -0.023216087371110916
v -0.08468122035264969 -7.340405136346817e-05 -0.023137470707297325
v -0.08028208464384079 -0.022103317081928253 -0.03960498794913292
v -0.07915632426738739 -0.022534824907779694 -0.037692662328481674
v -0.07901757210493088 -0.006936443969607353 -0.013153272680938244
v -0.07937583327293396 -0.008566893637180328 -0.015901092439889908
v -0.08314269781112671 -0.035827383399009705 -0.03320775926113129
v -0.0825386494398117 0.0012241466902196407 -0.03060588426887989
v -0.08349893242120743 0.004455124028027058 -0.03160814568400383
v -0.09188764542341232 -0.018874194473028183 -0.04320349171757698
v -0.08447255939245224 -0.026454180479049683 -0.0351363830268383
v -0.0821942538022995 -0.027620024979114532 -0.034239429980516434
v -0.08703483641147614 -0.024983376264572144 -0.0361783541738987
v -0.08897683024406433 -0.022163566201925278 -0.037173617631196976
v -0.08068211376667023 -0.00826484989374876 -0.027671324089169502
v -0.08976645767688751 -0.0034044308122247458 -0.03215299919247627
v -0.08998377621173859 -0.0052629937417805195 -0.033646609634160995
v -0.08838285505771637 -0.0033856418449431658 -0.030957313254475594
v -0.08440203219652176 0.0072151049971580505 -0.029178747907280922
v -0.08465421199798584 0.006636735983192921 -0.02696894109249115
v -0.08189007639884949 0.003933697007596493 -0.029236989095807076
v -0.08449774980545044 0.004892721772193909 -0.027030743658542633
v -0.07643930613994598 -0.02369152009487152 -0.025538800284266472
v -0.07431428879499435 -0.028610501438379288 -0.03022889979183674
v -0.07618217170238495 -0.02703697979450226 -0.03144090622663498
v -0.07543174922466278 -0.029107166454195976 -0.03136225789785385
v -0.07675127685070038 -0.0278606154024601 -0.0328768752515316
v -0.07708560675382614 -0.02642238512635231 -0.03421363979578018
v -0.07773280143737793 -0.02454487606883049 -0.035155992954969406
v -0.0791616216301918 -0.022497810423374176 -0.03483050689101219
v -0.07640227675437927 -0.01955031417310238 -0.025497689843177795
v -0.08376039564609528 0.006130882538855076 -0.0181184820830822
v -0.07585775852203369 -0.021323151886463165 -0.025836536660790443
v -0.07791772484779358 -0.018020082265138626 -0.025008345022797585
v -0.07777652889490128 -0.019789887592196465 -0.024957116693258286
v -0.0772048607468605 -0.021686309948563576 -0.02507433295249939
v -0.08032161742448807 -0.0315542109310627 -0.02861797623336315
v -0.0805526077747345 -0.029666410759091377 -0.03094908781349659
v -0.07903172075748444 -0.030857883393764496 -0.027825308963656425
v -0.08087469637393951 -0.028718795627355576 -0.03304145857691765
v -0.07797827571630478 -0.030453581362962723 -0.027356144040822983
v -0.08397912234067917 0.0019692424684762955 -0.029622109606862068
v -0.08477046340703964 0.004647888243198395 -0.028737956658005714
v -0.07691645622253418 -0.02377065271139145 -0.014141078107059002
v -0.06632177531719208 -0.022608229890465736 0.036992959678173065
v -0.06833010166883469 -0.012603907845914364 0.033094510436058044
v -0.027003437280654907 -0.07232247292995453 0.047451116144657135
v -0.026080569252371788 -0.07524899393320084 0.047197483479976654
v -0.057727403938770294 -0.0346878319978714 0.04862351715564728
v -0.05319007858633995 -0.037936728447675705 0.052675917744636536
v -0.025569893419742584 -0.06958157569169998 0.05968364328145981
v -0.02455158531665802 -0.07043766975402832 0.05961814895272255
v -0.023663057014346123 -0.06981216371059418 0.060119301080703735
v -0.024596506729722023 -0.0694679468870163 0.059802718460559845
v -0.02258480153977871 -0.0686277449131012 0.058462098240852356
v -0.023438680917024612 -0.06878215819597244 0.0577421635389328
v -0.02354748174548149 -0.06896890699863434 0.059027232229709625
v -0.02266935631632805 -0.06904588639736176 0.05971737951040268
v -0.029469186440110207 -0.05382766202092171 0.0646124929189682
v -0.032938115298748016 -0.04981687292456627 0.06396114826202393
v -0.035862360149621964 -0.054578833281993866 0.06181924045085907
v -0.0326392687857151 -0.05805316939949989 0.0624975748360157
v -0.025459306314587593 -0.06952494382858276 0.0505070798099041
v -0.025461217388510704 -0.06784015893936157 0.05130401998758316
v -0.024395007640123367 -0.06800249218940735 0.05414647236466408
v -0.024403486400842667 -0.06887486577033997 0.05353951081633568
v -0.025271911174058914 -0.07066917419433594 0.050251368433237076
v -0.02425168640911579 -0.06932157278060913 0.05344400554895401
v -0.027095239609479904 -0.07046127319335938 0.04780665785074234
v -0.027062512934207916 -0.06780672818422318 0.048641666769981384
v -0.03415997326374054 -0.07651840150356293 0.05465639382600784
v -0.030712509527802467 -0.07410965859889984 0.056384168565273285
v -0.03198991343379021 -0.07086798548698425 0.0577608160674572
v -0.03553253784775734 -0.07180145382881165 0.056228384375572205
v -0.02584785595536232 -0.0408015176653862 0.06627389788627625
v -0.029636384919285774 -0.04502544552087784 0.06540831923484802
v -0.026880478486418724 -0.04951050877571106 0.0654621496796608
v -0.02270321547985077 -0.04444272071123123 0.06625647842884064
v -0.019042735919356346 -0.03954634815454483 0.06767382472753525
v -0.021996717900037766 -0.03606139495968819 0.06725999712944031
v -0.017452601343393326 -0.03162577375769615 0.07258612662553787
v -0.01791423000395298 -0.03553100302815437 0.07310279458761215
v -0.016811110079288483 -0.03713470697402954 0.07618851959705353
v -0.017398372292518616 -0.03464646264910698 0.0755080059170723
v -0.015094581991434097 -0.04086508974432945 0.07391013205051422
v -0.017872920259833336 -0.03754585236310959 0.07121221721172333
v -0.01092176977545023 -0.04225566238164902 0.07420869916677475
v -0.010648993775248528 -0.04187607392668724 0.07524875551462173
v -0.015404660254716873 -0.0411311574280262 0.07236075401306152
v -0.0157328974455595 -0.04191023111343384 0.07038640230894089
v -0.011508053168654442 -0.042821165174245834 0.07302697747945786
v -0.009965683333575726 -0.041359830647706985 0.0761856883764267
v -0.012924758717417717 -0.040984831750392914 0.07632201910018921
v -0.014391878619790077 -0.03909028321504593 0.07826398313045502
v -0.003322189673781395 -0.0413907952606678 0.0846744030714035
v -0.004470981657505035 -0.0403989776968956 0.08686207979917526
v -0.010136767290532589 -0.007851643487811089 0.07483157515525818
v -0.01295187696814537 -0.011038364842534065 0.07157377898693085
v -0.01004369929432869 -0.010957392863929272 0.0768134817481041
v -0.01275582704693079 -0.013710487633943558 0.07340069115161896
v -0.013568559661507607 -0.03742271661758423 0.08207101374864578
v -0.01513188611716032 -0.0353468619287014 0.08097077906131744
v -0.011010426096618176 -0.03695277124643326 0.08589708060026169
v -0.011917577125132084 -0.034147366881370544 0.0860532745718956
v -0.004812899511307478 0.006892794743180275 0.07505295425653458
v -0.0013929633423686028 -0.04411327838897705 0.07986287772655487
v -0.0017483120318502188 -0.044651612639427185 0.07926852256059647
v -0.0010795129928737879 -0.043130360543727875 0.08180226385593414
v -0.0330120287835598 0.09662620723247528 -0.08962663263082504
v -0.0334000363945961 0.10692615807056427 -0.07641039788722992
v -0.031903769820928574 0.11598635464906693 -0.05139375105500221
v -0.029241904616355896 0.11816967278718948 -0.038506414741277695
v -0.0040705883875489235 -0.06248980760574341 0.07706522196531296
v -0.004106731154024601 -0.059510111808776855 0.07776478677988052
v -0.012301892973482609 -0.06495262682437897 0.05974654480814934
v -0.006447718013077974 -0.06505806744098663 0.06116490438580513
v -0.006055957172065973 -0.06649353355169296 0.06406129151582718
v -0.011912694200873375 -0.06672599166631699 0.06269347667694092
v -0.015997696667909622 -0.06668112426996231 0.06083182245492935
v -0.016758214682340622 -0.06502753496170044 0.057800568640232086
v -0.012837489135563374 -0.06326951086521149 0.057497113943099976
v -0.006891172844916582 -0.06314927339553833 0.05856580659747124
v -0.010984741151332855 -0.06862572580575943 0.06798522174358368
v -0.005307837389409542 -0.0683005154132843 0.07007933408021927
v -0.004684132523834705 -0.06731604039669037 0.07279809564352036
v -0.010589303448796272 -0.06756111234426498 0.07039476931095123
v -0.018497321754693985 -0.04607928544282913 0.06856415420770645
v -0.014194509945809841 -0.045671332627534866 0.07123327255249023
v -0.009682686999440193 -0.04615749046206474 0.07455690205097198
v -0.006078717298805714 -0.04672745615243912 0.07686209678649902
v -0.005327038466930389 -0.04462429881095886 0.07732972502708435
v -0.008102535270154476 -0.043781913816928864 0.07542260736227036
v -0.004966912791132927 -0.043785981833934784 0.07778586447238922
v -0.007530613802373409 -0.04304097592830658 0.07599277794361115
v -0.0073101706802845 -0.04248253256082535 0.07659246027469635
v -0.007735598832368851 -0.04175367206335068 0.07698214054107666
v -0.005955197848379612 -0.04191093519330025 0.07827208191156387
v -0.006433951668441296 -0.04121936112642288 0.0782463550567627
v -0.004872907418757677 -0.04315879940986633 0.07830283790826797
v -0.004098515026271343 -0.018480418249964714 0.08859070390462875
v -0.00405473355203867 -0.014506800100207329 0.08628309518098831
v -0.009334411472082138 -0.057734038680791855 0.07645165920257568
v -0.0043425955809652805 -0.057045020163059235 0.07771173864603043
v -0.0034355008974671364 -0.05241113901138306 0.07761077582836151
v -0.008233251050114632 -0.052626557648181915 0.076579749584198
v -0.01328958012163639 -0.05318012833595276 0.0742095559835434
v -0.014695629477500916 -0.05931206792593002 0.0735388994216919
v -0.0020864801481366158 -0.045414119958877563 0.07874424010515213
v -0.00944873783737421 -0.0603332594037056 0.07600878924131393
v -0.009600093588232994 -0.06302127242088318 0.07490573823451996
v -0.01491241343319416 -0.061969395726919174 0.07284599542617798
v -0.014983908273279667 -0.06424308568239212 0.07154473662376404
v -0.01966933347284794 -0.061565324664115906 0.06957223266363144
v -0.018946101889014244 -0.0549679696559906 0.07085420191287994
v -0.024871494621038437 -0.05694207549095154 0.06694861501455307
v -0.023671109229326248 -0.06391789019107819 0.0656435638666153
v -0.031837303191423416 -0.06770233064889908 0.05959296599030495
v -0.027056099846959114 -0.06990459561347961 0.05927637964487076
v -0.026977308094501495 -0.06854914128780365 0.06021278724074364
v -0.02670750580728054 -0.06734371930360794 0.06148066371679306
v -0.031226960942149162 -0.0645066499710083 0.06155100464820862
v -0.035239141434431076 -0.06713011860847473 0.05845806002616882
v -0.03449754789471626 -0.06253273040056229 0.06057135388255119
v -0.029277104884386063 -0.06081432104110718 0.06386107206344604
v -0.02581740915775299 -0.06575557589530945 0.06313872337341309
v -0.0257413312792778 -0.06870734691619873 0.06050001457333565
v -0.02475581504404545 -0.06899237632751465 0.06022830307483673
v -0.025373825803399086 -0.06801797449588776 0.06147884204983711
v -0.024448908865451813 -0.06854158639907837 0.06102800741791725
v -0.024705316871404648 -0.06726022064685822 0.06271463632583618
v -0.02377687394618988 -0.0681181401014328 0.062035560607910156
v -0.02244391106069088 -0.06735540181398392 0.06362544745206833
v -0.02313948981463909 -0.06598232686519623 0.06470062583684921
v -0.022741975262761116 -0.06860952079296112 0.05925506353378296
v -0.021505003795027733 -0.06856754422187805 0.06024013087153435
v -0.021396158263087273 -0.06871048361063004 0.0614633671939373
v -0.022601395845413208 -0.06878656148910522 0.0602148100733757
v -0.023500898852944374 -0.0686379224061966 0.05834001302719116
v -0.02326461672782898 -0.06888145953416824 0.059482283890247345
v -0.023827845230698586 -0.0676223635673523 0.05494731292128563
v -0.02292163483798504 -0.06706935167312622 0.055767398327589035
v -0.023954883217811584 -0.06861704587936401 0.05771827697753906
v -0.023928089067339897 -0.06883464753627777 0.05870726704597473
v -0.02384289540350437 -0.06916416436433792 0.05984323471784592
v -0.02371479943394661 -0.0688106045126915 0.06033972278237343
v -0.023061735555529594 -0.0685429647564888 0.06118990480899811
v -0.021864820271730423 -0.06824721395969391 0.06252174079418182
v -0.01496561523526907 -0.06614498794078827 0.06979984790086746
v -0.019032154232263565 -0.06570468097925186 0.06766616553068161
v -0.018788516521453857 -0.0672399252653122 0.06600067019462585
v -0.015039876103401184 -0.068046435713768 0.06752225756645203
v -0.01858915016055107 -0.0684581995010376 0.06433536857366562
v -0.01776180788874626 -0.06336310505867004 0.05543641000986099
v -0.015184805728495121 -0.06868685781955719 0.06528918445110321
v -0.020914871245622635 -0.06526578962802887 0.0550956055521965
v -0.022290699183940887 -0.06377903372049332 0.05286040157079697
v -0.019891928881406784 -0.06672665476799011 0.05811532959342003
v -0.0248408280313015 -0.0669141560792923 0.05226217955350876
v -0.024070745334029198 -0.06585738807916641 0.052930157631635666
v -0.026649363338947296 -0.06598096340894699 0.04963177442550659
v -0.025615913793444633 -0.06462506204843521 0.05071239918470383
v -0.018753817304968834 -0.06854802370071411 0.06262451410293579
v -0.019439080730080605 -0.06392067670822144 0.06879600882530212
v -0.009971152991056442 -0.06529256701469421 0.0728336051106453
v -0.004364093765616417 -0.06490331888198853 0.07507945597171783
v -0.004167419858276844 -0.02747119404375553 0.09366564452648163
v -0.00425666244700551 -0.02258571796119213 0.09104683250188828
v -0.023005841299891472 -0.06934288144111633 0.06032494455575943
v -0.009159098379313946 -0.14402079582214355 0.0036684460937976837
v -0.02590230107307434 -0.07120228558778763 0.058932773768901825
v -0.02457772195339203 -0.07284554839134216 0.04989653080701828
v -0.023483753204345703 -0.07032492756843567 0.053515855222940445
v -0.030916977673768997 -0.08144189417362213 0.054094284772872925
v -0.025666816160082817 -0.0852377712726593 0.056398630142211914
v -0.023951681330800056 -0.08096486330032349 0.05835845321416855
v -0.02823716588318348 -0.07790916413068771 0.05607304349541664
v -0.021283751353621483 -0.07512351125478745 0.061532244086265564
v -0.024179408326745033 -0.07275806367397308 0.05976848676800728
v -0.02291840873658657 -0.07154989242553711 0.060846567153930664
v -0.020039457827806473 -0.07292994856834412 0.06288079917430878
v -0.019302502274513245 -0.07121621072292328 0.06374327838420868
v -0.022049007937312126 -0.07041977345943451 0.06138322502374649
v -0.017618030309677124 -0.0685640200972557 0.06309646368026733
v -0.012607362121343613 -0.06822115182876587 0.06540870666503906
v -0.012628670781850815 -0.071218341588974 0.05974872410297394
v -0.017662785947322845 -0.07160758972167969 0.05755757912993431
v -0.02217310480773449 -0.0705709382891655 0.05465582385659218
v -0.021358750760555267 -0.06855189800262451 0.05952630564570427
v -0.018135525286197662 -0.06909434497356415 0.0638049989938736
v -0.021232083439826965 -0.06908294558525085 0.060972910374403
v -0.013332804664969444 -0.06864925473928452 0.06670564413070679
v -0.020785847678780556 -0.1403476446866989 -0.0009536333382129669
v -0.021630771458148956 -0.06954244524240494 0.061409056186676025
v -0.018641963601112366 -0.06974080204963684 0.06382958590984344
v -0.013924434781074524 -0.06977055221796036 0.06708473712205887
v -0.014665933325886726 -0.07189024984836578 0.06713104248046875
v -0.01532614417374134 -0.07427773624658585 0.06670089066028595
v -0.01618286967277527 -0.07728643715381622 0.06549336016178131
v -0.0182795412838459 -0.0846487432718277 0.06174958124756813
v -0.019529080018401146 -0.08980964124202728 0.059720855206251144
v -0.011596783995628357 -0.08640652894973755 0.06501853466033936
v -0.012537263333797455 -0.09200743585824966 0.06394422054290771
v -0.010660002008080482 -0.0785476341843605 0.06884991377592087
v -0.010190468281507492 -0.07498596608638763 0.0703401193022728
v -0.009678587317466736 -0.07222871482372284 0.0704202651977539
v -0.009140273556113243 -0.06993083655834198 0.07005289942026138
v -0.0026562728453427553 -0.047060247510671616 0.07802858203649521
v -0.004681490361690521 -0.04197786748409271 0.07966294884681702
v -0.0035279151052236557 -0.04181471839547157 0.08196912705898285
v -0.006755867041647434 -0.03910128399729729 0.08795055001974106
v -0.0009333942434750497 -0.04260673373937607 0.08428725600242615
v -0.009488023817539215 -0.03745535388588905 0.08770357072353363
v -0.007693406194448471 -0.038143008947372437 0.08909346908330917
v -0.008269358426332474 -0.03653597831726074 0.0901683121919632
v -0.009491562843322754 -0.035694871097803116 0.08906281739473343
v -0.0060761114582419395 -0.03886526823043823 0.09027939289808273
v -0.007369925733655691 -0.03688543289899826 0.09122010320425034
v -0.0018726279959082603 -0.040122829377651215 0.09191983193159103
v -0.0027338266372680664 -0.03704626113176346 0.0944553017616272
v -0.0038510148879140615 -0.03141876310110092 0.09504348039627075
v -0.003193163312971592 -0.034873053431510925 0.09513161331415176
v -0.008664456196129322 -0.03497382625937462 0.09098933637142181
v -0.01006241049617529 -0.032859183847904205 0.08961379528045654
v -0.010507452301681042 -0.02945936843752861 0.08802786469459534
v -0.012696604244410992 -0.031093807891011238 0.08412725478410721
v -0.018540270626544952 0.11624801903963089 0.0045796968042850494
v -0.008458034135401249 -0.06850352883338928 0.0694868341088295
v -0.0074046291410923 -0.06790298223495483 0.06771447509527206
v -0.012749413028359413 -0.07995891571044922 0.05116480216383934
v -0.012503615580499172 -0.07621468603610992 0.05425708740949631
v -0.007778780534863472 -0.07618759572505951 0.05558926984667778
v -0.0076456316746771336 -0.08024222403764725 0.05268215388059616
v -0.002939345082268119 -0.06759794056415558 0.06880823522806168
v -0.003223131410777569 -0.07107463479042053 0.06205727159976959
v -0.007504955865442753 -0.07104615867137909 0.06126895919442177
v -0.0033401260152459145 -0.0681992843747139 0.07070571929216385
v -0.003837765194475651 -0.06975947320461273 0.07157199084758759
v -0.004263631999492645 -0.07219909876585007 0.0723162293434143
v -0.0033888451289385557 -0.07646965235471725 0.05614665895700455
v -0.003587673883885145 -0.08063088357448578 0.05320326238870621
v -0.022866055369377136 -0.07424163073301315 0.05059658735990524
v -0.023353736847639084 -0.07776978611946106 0.047809798270463943
v -0.01792650856077671 -0.0759090855717659 0.05260719731450081
v -0.018395259976387024 -0.07891659438610077 0.049961257725954056
v -0.005438456777483225 -0.09247612953186035 0.06705793738365173
v -0.0047970665618777275 -0.08704046905040741 0.06739870458841324
v -0.0047288634814321995 -0.07520215213298798 0.07210706174373627
v -0.0047715799883008 -0.07903493940830231 0.07050330936908722
v -0.03308115527033806 0.11274810135364532 -0.06428903341293335
v -0.06756742298603058 0.056080687791109085 0.0321686789393425
v -0.06513077020645142 0.04829135537147522 0.03812078759074211
v -0.0582817979156971 0.054599978029727936 0.04614178091287613
v -0.06101478263735771 0.06108059734106064 0.04031698778271675
v -0.06879135966300964 0.06488663703203201 0.025875631719827652
v -0.06210646778345108 0.0686742514371872 0.03431011736392975
v -0.04862809181213379 0.11046343296766281 -0.014720432460308075
v -0.048556312918663025 0.10737065225839615 -0.0009483974426984787
v -0.029610885307192802 0.11341612040996552 0.0032303910702466965
v -0.0440823994576931 0.11309993267059326 -0.028481196612119675
v -0.0566389337182045 0.10606900602579117 -0.03878101333975792
v -0.05809193477034569 0.1053113341331482 -0.019319036975502968
v -0.057316262274980545 0.10252808034420013 -0.004396343603730202
v -0.032056327909231186 -0.08468812704086304 -0.09838083386421204
v -0.06222546473145485 0.04442496597766876 -0.09550317376852036
v -0.055403247475624084 0.09924410283565521 0.008810153231024742
v -0.04726606234908104 0.10327795892953873 0.012052437290549278
v -0.04618008807301521 0.0982186570763588 0.023407338187098503
v -0.05355031043291092 0.09509237110614777 0.019666362553834915
v -0.028824040666222572 0.10865852236747742 0.0167702604085207
v -0.017859479412436485 0.11104770004749298 0.01855260506272316
v -0.02819172479212284 0.01164594478905201 -0.11733876168727875
v -0.004197994247078896 -0.010579812340438366 0.08409395068883896
v -0.0530252605676651 -0.0530693493783474 -0.0744129866361618
v -0.06202340126037598 -0.056989554315805435 -0.05662938207387924
v -0.062491901218891144 -0.11263386160135269 -0.041291601955890656
v -0.07489039748907089 -0.037747353315353394 -0.03456878662109375
v -0.07464607059955597 -0.036946557462215424 -0.0351426862180233
v -0.062449630349874496 -0.07542117685079575 -0.039820991456508636
v -0.06428483128547668 -0.06129079684615135 -0.0385313518345356
v -0.04419726878404617 -0.04964102804660797 -0.08608943969011307
v -0.08410406112670898 -0.024920754134655 -0.04327106103301048
v -0.08510855585336685 -0.02111659198999405 -0.0435246117413044
v -0.08528417348861694 -0.02587638981640339 -0.043094947934150696
v -0.08622191101312637 -0.021714426577091217 -0.04354885220527649
v -0.08642793446779251 -0.01727963238954544 -0.043275460600852966
v -0.0857834666967392 -0.027763018384575844 -0.042629729956388474
v -0.08442600071430206 0.006491714157164097 -0.025494923815131187
v -0.08615165948867798 0.007749294862151146 -0.024146316573023796
v -0.0740511417388916 -0.03997387737035751 -0.030570046976208687
v -0.07408113777637482 -0.039010949432849884 -0.032122399657964706
v -0.07337449491024017 -0.03945642337203026 -0.031365763396024704
v -0.0731649324297905 -0.04015108197927475 -0.03010132908821106
v -0.07368887215852737 -0.04108743742108345 -0.029101146385073662
v -0.07284548133611679 -0.040882933884859085 -0.029039913788437843
v -0.08387153595685959 0.021861039102077484 -0.014491453766822815
v -0.0712936744093895 -0.03928650915622711 -0.03235150873661041
v -0.07379940152168274 -0.037428274750709534 -0.034692876040935516
v -0.07367905974388123 -0.03823968023061752 -0.03329160809516907
v -0.0731334313750267 -0.03926151618361473 -0.03199361637234688
v -0.07238660007715225 -0.040410351008176804 -0.03008851781487465
v -0.07227478176355362 -0.04157523065805435 -0.028550248593091965
v -0.07295668125152588 -0.04240044206380844 -0.02819037064909935
v -0.08604954183101654 -0.02878854051232338 -0.043140508234500885
v -0.07831026613712311 -0.040856774896383286 -0.03354567289352417
v -0.08357176929712296 0.0011784969829022884 -0.03238573297858238
v -0.08357354998588562 -0.0003950675018131733 -0.03441358730196953
v -0.08593011647462845 0.0013296562246978283 -0.03545666113495827
v -0.08580128848552704 0.0031562689691781998 -0.03357536718249321
v -0.06640679389238358 -0.013138001784682274 -0.0804765447974205
v -0.06911498308181763 -0.0015509584918618202 -0.08296491950750351
v -0.018596075475215912 -0.08124372363090515 -0.10306572169065475
v -0.018515443429350853 -0.06889619678258896 -0.10079438239336014
v -0.08378478139638901 0.027401234954595566 -0.06144975125789642
v -0.08352267742156982 0.002437855117022991 -0.030740737915039062
v -0.08587224036455154 0.004600487649440765 -0.03183866664767265
v -0.08545896410942078 -0.016879824921488762 -0.04307790473103523
v -0.08165927976369858 0.0023072650656104088 -0.030977392569184303
v -0.08200129866600037 0.0008605006150901318 -0.03268839046359062
v -0.08716094493865967 0.006471723318099976 -0.033118076622486115
v -0.08704403787851334 0.004807552322745323 -0.034999020397663116
v -0.08743112534284592 0.0026549194008111954 -0.03690444678068161
v -0.08229464292526245 -0.000788345467299223 -0.03454166650772095
v -0.0845053568482399 0.006009628064930439 -0.031263355165719986
v -0.08770675957202911 0.05339159071445465 -0.03201602026820183
v -0.08744144439697266 0.04999126121401787 -0.04682663828134537
v -0.08478740602731705 0.07068429887294769 -0.03222110867500305
v -0.08436460793018341 0.06836232542991638 -0.04807267338037491
v -0.08040966838598251 0.06535905599594116 -0.0648556649684906
v -0.08325999975204468 0.04595506936311722 -0.06390468776226044
v -0.0845010057091713 0.006498678587377071 -0.02582107111811638
v -0.08716368675231934 0.008833857253193855 -0.02447947859764099
v -0.06977621465921402 0.07235610485076904 0.019735615700483322
v -0.07507333159446716 0.06852096319198608 0.012016601860523224
v -0.06272345781326294 0.07545135915279388 0.028702901676297188
v -0.06296361237764359 0.0816565454006195 0.023387383669614792
v -0.06959699839353561 0.07948344945907593 0.014242013916373253
v -0.07719144225120544 0.07464779913425446 0.0013891011476516724
v -0.0859573557972908 0.04183175787329674 -0.019499391317367554
v -0.08540832996368408 0.05641698092222214 -0.017306700348854065
v -0.08179256319999695 0.05822662264108658 -0.003391638398170471
v -0.08213046938180923 0.07293298840522766 -0.016071248799562454
v -0.07347999513149261 0.0847821980714798 -0.0030521079897880554
v -0.07766753435134888 0.0835864394903183 -0.017789792269468307
v -0.06680143624544144 0.09400863945484161 -0.005332861095666885
v -0.06949541717767715 0.09452798962593079 -0.02002318948507309
v -0.06991179287433624 0.09468403458595276 -0.03611133620142937
v -0.07985763996839523 0.08220413327217102 -0.033366404473781586
v -0.06813540309667587 0.08593708276748657 0.009366130456328392
v -0.06169525161385536 0.08726099133491516 0.01913723535835743
v -0.06339436769485474 0.09296205639839172 0.007150640711188316
v -0.05971773713827133 0.0920347273349762 0.015505047515034676
v -0.07941517233848572 0.058757781982421875 0.003953658975660801
v -0.06791987270116806 -0.0463266558945179 -0.028771843761205673
v -0.07000304758548737 -0.047537945210933685 -0.02360936999320984
v -0.07420874387025833 -0.038006044924259186 -0.01387336477637291
v -0.0710165947675705 -0.018519479781389236 0.02533411793410778
v -0.07168885320425034 -0.005911706946790218 0.024795429781079292
v -0.07558763772249222 -0.012237416580319405 0.01326366700232029
v -0.07344748824834824 -0.026997428387403488 0.012613506987690926
v -0.07034938782453537 0.007776974700391293 0.025059493258595467
v -0.07511584460735321 0.0018451940268278122 0.014100790955126286
v -0.07524438947439194 0.016428571194410324 0.014146067202091217
v -0.0704578310251236 0.02180049568414688 0.02681981772184372
v -0.07216235250234604 0.06289652734994888 -0.08091579377651215
v -0.07392217218875885 0.04590144008398056 -0.08212361484766006
v -0.07405464351177216 0.03292205184698105 -0.08300141990184784
v -0.049879275262355804 0.033218592405319214 0.058988604694604874
v -0.03275420144200325 0.08884420245885849 -0.09757813811302185
v -0.05036244913935661 0.05787123739719391 0.053426001220941544
v -0.06479156017303467 0.08340456336736679 -0.07722972333431244
v -0.052144430577754974 0.0910232663154602 -0.08297313749790192
v -0.07961585372686386 0.08008582144975662 -0.048999421298503876
v -0.07684226334095001 0.07738295197486877 -0.06316215544939041
v -0.0693110004067421 0.0739479511976242 -0.07914774864912033
v -0.07269058376550674 0.016591530293226242 -0.08444975316524506
v -0.053672581911087036 0.08992357552051544 0.02612999454140663
v -0.057251036167144775 0.00261601060628891 0.0476703979074955
v -0.056545380502939224 -0.0013772491365671158 0.04633454605937004
v -0.05757672339677811 0.006601154804229736 0.049779776483774185
v -0.05513548105955124 -0.006040477193892002 0.04762820899486542
v -0.01631242036819458 -0.014136669225990772 0.06898655742406845
v -0.015788452699780464 -0.016373392194509506 0.07060003280639648
v -0.015486259013414383 -0.019245468080043793 0.0721568763256073
v -0.01920711249113083 -0.01886916160583496 0.06824533641338348
v -0.018599089235067368 -0.022135084494948387 0.06955613195896149
v -0.012079969048500061 -0.019737226888537407 0.0774657279253006
v -0.012551408261060715 -0.016711898148059845 0.07530617713928223
v -0.014730460941791534 -0.022034062072634697 0.07370831072330475
v -0.014296296052634716 -0.025487208738923073 0.07497264444828033
v -0.01199552696198225 -0.023164553567767143 0.07916238903999329
v -0.018634576350450516 -0.03729454055428505 0.06916765123605728
v -0.019664159044623375 -0.032361097633838654 0.06869596987962723
v -0.016996407881379128 -0.02849520556628704 0.07120047509670258
v -0.022303849458694458 -0.024913426488637924 0.06794701516628265
v -0.021077260375022888 -0.028429076075553894 0.06857410818338394
v -0.01768706738948822 -0.02507462352514267 0.07051773369312286
v -0.023409591987729073 -0.021308785304427147 0.0665975958108902
v -0.015155193395912647 -0.029329335317015648 0.0767100378870964
v -0.01580900326371193 -0.033066242933273315 0.07910725474357605
v -0.012171457521617413 -0.027159901335835457 0.08161714673042297
v -0.010347006842494011 -0.0256003700196743 0.08533091098070145
v -0.0101644741371274 -0.02145107090473175 0.08291153609752655
v -0.01996004395186901 -0.01644505374133587 0.06687862426042557
v -0.024722490459680557 -0.01857295259833336 0.06559398025274277
v -0.024769464507699013 -0.032019924372434616 0.06769518554210663
v -0.029366370290517807 -0.035763561725616455 0.06709785014390945
v -0.02690603956580162 -0.027569882571697235 0.06696508824825287
v -0.031183740124106407 -0.03061080537736416 0.06636680662631989
v -0.02807081863284111 -0.023636063560843468 0.06588781625032425
v -0.032516542822122574 -0.026405971497297287 0.06517632305622101
v -0.03337759152054787 -0.04032071307301521 0.06594458222389221
v -0.03689327836036682 -0.04472419619560242 0.0640610083937645
v -0.04000047221779823 -0.05058855563402176 0.06115740165114403
v -0.03982441872358322 -0.039286769926548004 0.06342567503452301
v -0.04351278394460678 -0.04501086473464966 0.0602286271750927
v -0.041769012808799744 -0.03344244137406349 0.06247156485915184
v -0.046136438846588135 -0.03914674371480942 0.059206146746873856
v -0.0357748307287693 -0.03440815210342407 0.06528015434741974
v -0.03741517290472984 -0.029755041003227234 0.06407436728477478
v -0.03369922190904617 -0.02226674184203148 0.06387350708246231
v -0.02938016690313816 -0.02015243098139763 0.06479126960039139
v -0.04283871874213219 -0.02165520377457142 0.06056584045290947
v -0.04259691759943962 -0.027576444670557976 0.061538998037576675
v -0.03821399435400963 -0.024780653417110443 0.06278492510318756
v -0.03875984996557236 -0.019898805767297745 0.0615285187959671
v -0.04767410457134247 -0.03163343667984009 0.05873693898320198
v -0.04742305353283882 -0.023695971816778183 0.058827921748161316
v -0.04670320451259613 -0.018301019445061684 0.05818338692188263
v -0.03291455656290054 -0.010897142812609673 0.06139121204614639
v -0.027971161529421806 -0.010061823762953281 0.06219955533742905
v -0.036435920745134354 -0.011375440284609795 0.06042200326919556
v -0.04259834438562393 -0.017250819131731987 0.059661004692316055
v -0.03912832587957382 -0.016407588496804237 0.06064584106206894
v -0.05082390829920769 -0.010960675776004791 0.05294287949800491
v -0.048345085233449936 -0.011705208569765091 0.05487792566418648
v -0.042311351746320724 -0.011819583363831043 0.05815461277961731
v -0.039500489830970764 -0.011698603630065918 0.05929535999894142
v -0.04540183022618294 -0.011828023940324783 0.05660870298743248
v -0.02332226186990738 -0.008281124755740166 0.06245412304997444
v -0.018641678616404533 -0.006072854623198509 0.06270793825387955
v -0.060282714664936066 -0.0705098956823349 -0.0559811145067215
v -0.009785091504454613 -0.01776992529630661 0.08108040690422058
v -0.0098744947463274 -0.014389753341674805 0.07888667285442352
v -0.015573682263493538 0.010197721421718597 0.06582906097173691
v -0.013411752879619598 0.00787319429218769 0.06493156403303146
v -0.00796620175242424 0.007071193307638168 0.07218807190656662
v -0.019233599305152893 0.012912457808852196 0.06885989755392075
v -0.015440166927874088 -0.0032921265810728073 0.06296160072088242
v -0.013561480678617954 -0.0007242877036333084 0.06303896009922028
v -0.012576629407703876 0.001988636329770088 0.06326057016849518
v -0.012228498235344887 0.005132555961608887 0.06394515186548233
v -0.030988676473498344 0.022725731134414673 0.07324772328138351
v -0.02719195932149887 0.017007987946271896 0.07359802722930908
v -0.060823265463113785 0.04051573947072029 0.045369237661361694
v -0.06430920958518982 0.0326884500682354 0.04012509435415268
v -0.05247090384364128 0.01871594600379467 0.05975873023271561
v -0.055513832718133926 0.015224490314722061 0.056080352514982224
v -0.0572357252240181 0.010910606011748314 0.052531011402606964
v -0.06601610034704208 0.021742554381489754 0.03534575551748276
v -0.0667862743139267 0.009967578575015068 0.032797954976558685
v -0.0680398941040039 -0.0014272425323724747 0.03207781910896301
v -0.053648147732019424 0.07171978801488876 0.042707864195108414
v -0.0539889857172966 0.07825041562318802 0.037425603717565536
v -0.05269397050142288 0.06483902037143707 0.04815133288502693
v -0.04538971558213234 0.09265647828578949 0.03160269185900688
v -0.045025527477264404 0.08696594834327698 0.038666099309921265
v -0.05403295159339905 0.08434028178453445 0.031974684447050095
v -0.045060206204652786 0.08080782741308212 0.044460661709308624
v -0.04495485872030258 0.07431940734386444 0.04961763322353363
v -0.0439782589673996 0.06755027920007706 0.054994113743305206
v -0.042163264006376266 0.06039604917168617 0.06017148867249489
v -0.03976960852742195 0.0514659583568573 0.0645071342587471
v -0.05219178646802902 -0.0659925639629364 -0.07447739690542221
v -0.006888039410114288 -0.030746404081583023 0.07661396265029907
v -0.0064454637467861176 -0.03089010901749134 0.07706069946289062
v -0.006644062697887421 -0.030733276158571243 0.07641871273517609
v -0.006138225086033344 -0.030845534056425095 0.07692937552928925
v -0.006557163782417774 -0.03121100552380085 0.07687676697969437
v -0.006164338439702988 -0.039488285779953 0.0779234915971756
v -0.005303430370986462 -0.03728465735912323 0.07736562937498093
v -0.005864103324711323 -0.03364722803235054 0.0773417130112648
v -0.07347820699214935 -0.044296007603406906 -0.016993341967463493
v -0.06159258633852005 -0.10573919862508774 -0.055907998234033585
v -0.05816240236163139 -0.09981568902730942 -0.06921817362308502
v 0.056719232350587845 -0.09990177303552628 -0.059397708624601364
v 0.052005838602781296 -0.09435270726680756 -0.07251190394163132
v 0.023525644093751907 -0.14309394359588623 -0.005080766975879669
v 0.0355936698615551 -0.1374165415763855 -0.011723394505679607
v 0.03666997700929642 -0.1452394276857376 -0.014299025759100914
v 0.024232665076851845 -0.15030236542224884 -0.007896063849329948
v 0.06054859235882759 -0.11610263586044312 -0.06741487979888916
v 0.05815679579973221 -0.1084434911608696 -0.06191059947013855
v 0.05370143800973892 -0.10256583988666534 -0.07622816413640976
v 0.05702892690896988 -0.10983763635158539 -0.08263833820819855
v 0.0458340086042881 -0.0985105112195015 -0.0885886624455452
v 0.04911111667752266 -0.1065920740365982 -0.09579119831323624
v 0.037765949964523315 -0.1055174320936203 -0.10569367557764053
v 0.03535846993327141 -0.09576019644737244 -0.09805331379175186
v 0.022858962416648865 -0.0941511020064354 -0.10481339693069458
v 0.02462422475218773 -0.10525748878717422 -0.11190709471702576
v 0.04707163944840431 -0.13013379275798798 -0.021059060469269753
v 0.05583639815449715 -0.12213342636823654 -0.033037688583135605
v 0.057349566370248795 -0.13073071837425232 -0.036629900336265564
v 0.048267513513565063 -0.1383906453847885 -0.024116776883602142
v 0.059782616794109344 -0.11485863476991653 -0.046786874532699585
v 0.06124887242913246 -0.12311224639415741 -0.0515139102935791
v 0.010313705541193485 -0.10547026246786118 -0.11472616344690323
v 0.009142523631453514 -0.09328900277614594 -0.10785187035799026
v 0.026226701214909554 -0.16852207481861115 -0.013854227028787136
v 0.012680845335125923 -0.1714995801448822 -0.012409470044076443
v 0.012783065438270569 -0.1619235873222351 -0.007982755079865456
v 0.02525652013719082 -0.15904131531715393 -0.010894207283854485
v 0.05704650282859802 -0.16632696986198425 -0.03510362282395363
v 0.07050994783639908 -0.15639781951904297 -0.04831730201840401
v 0.0773402750492096 -0.1653057485818863 -0.04638653248548508
v 0.06162244454026222 -0.1764420121908188 -0.03387630358338356
v 0.09872779995203018 -0.15956422686576843 -0.05881883203983307
v 0.10707521438598633 -0.14415626227855682 -0.07955150306224823
v 0.04140172526240349 -0.17337267100811005 -0.023830823600292206
v 0.04409860447049141 -0.18354365229606628 -0.022385720163583755
v -0.004169804975390434 -0.11716081202030182 -0.12373391538858414
v -0.004372618161141872 -0.1060330793261528 -0.11476016044616699
v 0.09677094221115112 -0.1386653482913971 -0.08136598020792007
v 0.09494036436080933 -0.1306847482919693 -0.10515061020851135
v 0.10761407017707825 -0.13619953393936157 -0.10450933128595352
v 0.052267931401729584 -0.14670071005821228 -0.14748486876487732
v 0.052714116871356964 -0.15299132466316223 -0.1514604240655899
v 0.06795048713684082 -0.14809444546699524 -0.14869698882102966
v 0.06356505304574966 -0.14255881309509277 -0.14394204318523407
v 0.07350946962833405 -0.12054786086082458 -0.09775834530591965
v 0.06174158304929733 -0.11899587512016296 -0.11306875944137573
v 0.07011038810014725 -0.12516075372695923 -0.11976944655179977
v 0.08397238701581955 -0.12525123357772827 -0.10299805551767349
v 0.03449996933341026 -0.1328868269920349 -0.13750174641609192
v 0.052801407873630524 -0.12823086977005005 -0.1307016909122467
v 0.04667932540178299 -0.12153265625238419 -0.12413114309310913
v 0.030139289796352386 -0.12375795841217041 -0.1302330195903778
v 0.08682087808847427 -0.1340150535106659 -0.08113611489534378
v 0.0763046145439148 -0.12925267219543457 -0.07829991728067398
v 0.08009378612041473 -0.1458640843629837 -0.06379839777946472
v 0.0716659277677536 -0.13941866159439087 -0.061619408428668976
v 0.0645241066813469 -0.1483987420797348 -0.04617232829332352
v 0.05467533320188522 -0.11344831436872482 -0.10449336469173431
v 0.04171544685959816 -0.11382213234901428 -0.11479320377111435
v 0.026851477101445198 -0.11498609185218811 -0.12121007591485977
v 0.01134464517235756 -0.11623808741569519 -0.12375488132238388
v -0.0024934886023402214 -0.1615418940782547 -0.15027369558811188
v -0.002961232792586088 -0.1498163789510727 -0.1461332142353058
v 0.015195898711681366 -0.1357138305902481 -0.1392383873462677
v 0.013261375948786736 -0.126119464635849 -0.1325748711824417
v 0.08895790576934814 -0.152176171541214 -0.06291929632425308
v 0.06506390124559402 -0.1315726488828659 -0.05726367607712746
v 0.060251377522945404 -0.13965703547000885 -0.041601695120334625
v 0.06867250800132751 -0.1849696934223175 -0.024722842499613762
v 0.08643737435340881 -0.17485031485557556 -0.040041133761405945
v 0.048896268010139465 -0.192522332072258 -0.013715408742427826
v 0.030851691961288452 -0.1983073651790619 -0.007083503529429436
v 0.017240578308701515 -0.147989422082901 -0.14527155458927155
v 0.016850702464580536 -0.15940408408641815 -0.14979442954063416
v 0.036649905145168304 -0.15566986799240112 -0.15054255723953247
v 0.039913102984428406 -0.14367970824241638 -0.14505691826343536
v 0.05346843972802162 -0.1570015549659729 -0.032232314348220825
v 0.04011855646967888 -0.1638789176940918 -0.020842429250478745
v 0.026586372405290604 -0.17798681557178497 -0.015895981341600418
v 0.06367946416139603 -0.11591926217079163 -0.09003134816884995
v 0.06646515429019928 -0.12313393503427505 -0.07332068681716919
v 0.05071278288960457 -0.14725995063781738 -0.02832980267703533
v 0.038172293454408646 -0.15422482788562775 -0.017958030104637146
v 0.012282499112188816 -0.15378877520561218 -0.003855224698781967
v 0.028070373460650444 -0.18818677961826324 -0.013847315683960915
v 0.09593326598405838 -0.13711225986480713 -0.12661507725715637
v 0.082475945353508 -0.14251072704792023 -0.1408413052558899
v 0.07515318691730499 -0.13927499949932098 -0.13850946724414825
v -0.003811904229223728 -0.13723447918891907 -0.14007477462291718
v 0.0012080378364771605 -0.16302718222141266 -0.007260922342538834
v 0.000968757551163435 -0.1723988652229309 -0.011710583232343197
v 0.001631166785955429 -0.15509527921676636 -0.002191949635744095
v 0.07982369512319565 -0.13241982460021973 -0.12722232937812805
v 0.058929890394210815 -0.1361573189496994 -0.1379351019859314
v 0.00158878811635077 -0.14910852909088135 0.0020361486822366714
v -0.004785630851984024 -0.09333585947751999 -0.10820949077606201
v 0.0010892911814153194 -0.18294624984264374 -0.01590966433286667
v 0.0016862491611391306 -0.19529005885124207 -0.014824474230408669
v 0.00260424823500216 -0.20611312985420227 -0.006841341033577919
v 0.012382537126541138 -0.14739540219306946 -0.0001878701150417328
v 0.014404327608644962 -0.19260014593601227 -0.013589316979050636
v 0.013206186704337597 -0.18135300278663635 -0.015113361179828644
v 0.016107436269521713 -0.20354245603084564 -0.00657602958381176
v -0.003916504792869091 -0.12710337340831757 -0.13283595442771912
v -0.020600300282239914 -0.14533144235610962 -0.003854861482977867
v -0.0333562046289444 -0.14065107703208923 -0.009872842580080032
v -0.03417631611227989 -0.14842700958251953 -0.012483172118663788
v -0.021093742921948433 -0.15235675871372223 -0.006824983283877373
v -0.06456867605447769 -0.12222383916378021 -0.06395940482616425
v -0.06266962736845016 -0.11448046565055847 -0.05852478742599487
v -0.059529270976781845 -0.10817685723304749 -0.0729643702507019
v -0.06266472488641739 -0.11550816893577576 -0.07928693294525146
v -0.05304612219333649 -0.10337580740451813 -0.08571195602416992
v -0.05603614076972008 -0.11151637881994247 -0.0928412452340126
v -0.04544764384627342 -0.10941562056541443 -0.10341563820838928
v -0.04349774867296219 -0.09964223206043243 -0.09575890004634857
v -0.031631629914045334 -0.09684622287750244 -0.10328544676303864
v -0.032794661819934845 -0.10798878967761993 -0.11037701368331909
v -0.04623977467417717 -0.13461819291114807 -0.018407359719276428
v -0.05650007724761963 -0.12777405977249146 -0.029894018545746803
v -0.05735520273447037 -0.13609027862548828 -0.033355116844177246
v -0.04708733409643173 -0.14275208115577698 -0.021454140543937683
v -0.06274759024381638 -0.12115616351366043 -0.04333583638072014
v -0.06351062655448914 -0.12946085631847382 -0.04807312414050102
v -0.01877070963382721 -0.10691776126623154 -0.11390521377325058
v -0.0184481218457222 -0.09471313655376434 -0.10702871531248093
v -0.023517334833741188 -0.17065243422985077 -0.01263113971799612
v -0.010218902491033077 -0.17244353890419006 -0.011824285611510277
v -0.00979788601398468 -0.1627737134695053 -0.007572531700134277
v -0.022451262921094894 -0.16100430488586426 -0.009882044047117233
v -0.054392822086811066 -0.17186573147773743 -0.033160917460918427
v -0.06936967372894287 -0.16287761926651 -0.04529251158237457
v -0.07540889084339142 -0.17216336727142334 -0.043117456138134
v -0.0585753470659256 -0.18198038637638092 -0.031154867261648178
v -0.09791600704193115 -0.16825714707374573 -0.05424982309341431
v -0.10880966484546661 -0.1535121500492096 -0.07418503612279892
v -0.038640812039375305 -0.17719975113868713 -0.021935496479272842
v -0.04077901318669319 -0.18776941299438477 -0.02027047984302044
v -0.09918703883886337 -0.1471881866455078 -0.0764579027891159
v -0.0997050404548645 -0.1389925181865692 -0.10008183121681213
v -0.11180643737316132 -0.14544878900051117 -0.09884876757860184
v -0.058432988822460175 -0.151481032371521 -0.14484581351280212
v -0.05857759341597557 -0.1577451527118683 -0.14881360530853271
v -0.07386843115091324 -0.15410444140434265 -0.1452658772468567
v -0.06980623304843903 -0.14832384884357452 -0.14061030745506287
v -0.07906129211187363 -0.12718971073627472 -0.09355632215738297
v -0.06834570318460464 -0.12529750168323517 -0.10965804755687714
v -0.07647261768579483 -0.1316768229007721 -0.11583162844181061
v -0.08911778032779694 -0.13281673192977905 -0.09835124015808105
v -0.041458792984485626 -0.13629774749279022 -0.13560013473033905
v -0.05970320105552673 -0.13301971554756165 -0.12771391868591309
v -0.05378172919154167 -0.12510599195957184 -0.12097632139921188
v -0.03745798021554947 -0.12683847546577454 -0.12837675213813782
v -0.08972687274217606 -0.14176258444786072 -0.07653915137052536
v -0.07942173629999161 -0.1361827403306961 -0.07410305738449097
v -0.08092854917049408 -0.15310759842395782 -0.05980812385678291
v -0.0728616937994957 -0.14609752595424652 -0.05810261517763138
v -0.06385593116283417 -0.15441343188285828 -0.0433676578104496
v -0.061357103288173676 -0.11865945160388947 -0.10132167488336563
v -0.04910481721162796 -0.11794078350067139 -0.11233396083116531
v -0.03465834632515907 -0.11780364066362381 -0.11946632713079453
v -0.019164761528372765 -0.11867652088403702 -0.12327300012111664
v -0.022455647587776184 -0.1383492350578308 -0.13858547806739807
v -0.021711867302656174 -0.1253763884305954 -0.13118287920951843
v -0.08907125890254974 -0.16012221574783325 -0.05873459577560425
v -0.06655009835958481 -0.1379588097333908 -0.05397810414433479
v -0.06001900136470795 -0.14516142010688782 -0.03849182650446892
v -0.06477352976799011 -0.19138267636299133 -0.02123386040329933
v -0.08358404040336609 -0.18239524960517883 -0.03597563877701759
v -0.04451783746480942 -0.19712072610855103 -0.010977355763316154
v -0.026060396805405617 -0.2009078711271286 -0.005062215030193329
v -0.02367938682436943 -0.14964041113853455 -0.1443348079919815
v -0.022190993651747704 -0.16104598343372345 -0.14878405630588531
v -0.041921116411685944 -0.1592709720134735 -0.14874927699565887
v -0.046241916716098785 -0.14749474823474884 -0.14297662675380707
v -0.051601313054561615 -0.16184791922569275 -0.030065422877669334
v -0.037733934819698334 -0.16738002002239227 -0.018834436312317848
v -0.02378290891647339 -0.18059155344963074 -0.014893743209540844
v -0.06922022998332977 -0.1219298467040062 -0.08640517294406891
v -0.07010025531053543 -0.12952056527137756 -0.06968433409929276
v -0.04941339045763016 -0.15177102386951447 -0.02571498230099678
v -0.03584717586636543 -0.15748471021652222 -0.016121534630656242
v -0.009583359584212303 -0.15475866198539734 -0.003444237634539604
v -0.024613847956061363 -0.190693199634552 -0.012206682935357094
v -0.10135376453399658 -0.1456148475408554 -0.12138806283473969
v -0.088393434882164 -0.1498524695634842 -0.1364278793334961
v -0.08122151345014572 -0.14607156813144684 -0.13441643118858337
v -0.08583825826644897 -0.13965123891830444 -0.12289977073669434
v -0.06535068899393082 -0.1416686624288559 -0.13476631045341492
v -0.009255611337721348 -0.1484118551015854 0.0003203917294740677
v -0.010775381699204445 -0.19393320381641388 -0.012726917862892151
v -0.01049222145229578 -0.18276233971118927 -0.014776581898331642
v -0.010792217217385769 -0.2045302540063858 -0.005486581474542618
v -0.006961192470043898 -0.03113650530576706 0.07653817534446716
v -0.07157811522483826 -0.0496845617890358 0.00448979577049613
v -0.071094810962677 -0.056007757782936096 -0.004186415113508701
v -0.066700778901577 -0.06835590302944183 0.0011110194027423859
v -0.06779686361551285 -0.06127307191491127 0.010262452065944672
v -0.06065739691257477 -0.079331174492836 0.007103858515620232
v -0.06389981508255005 -0.07057441771030426 0.014816606417298317
v -0.053901880979537964 -0.08863778412342072 0.014602956362068653
v -0.05890979990363121 -0.07934761047363281 0.020414356142282486
v -0.04884465038776398 -0.09555640071630478 0.023576822131872177
v -0.053878091275691986 -0.08600816130638123 0.027599502354860306
v -0.03316012769937515 -0.10268915444612503 0.04369654133915901
v -0.0311322882771492 -0.10717025399208069 0.03926616907119751
v -0.023700259625911713 -0.1108490452170372 0.04604241997003555
v -0.024423787370324135 -0.10752280056476593 0.05096166580915451
v -0.01571778394281864 -0.1140018031001091 0.051978982985019684
v -0.016446920111775398 -0.11072854697704315 0.05685288831591606
v -0.007193249650299549 -0.11508964002132416 0.05524551123380661
v -0.007261382881551981 -0.1120469942688942 0.06039275601506233
v 0.0027760553639382124 -0.11504201591014862 0.05688369274139404
v 0.0028154454194009304 -0.1118047833442688 0.062096111476421356
v 0.0027137151919305325 -0.10233163088560104 0.06746532022953033
v -0.006532812491059303 -0.10302415490150452 0.06652820110321045
v -0.0068602110259234905 -0.1078120693564415 0.06415954977273941
v 0.002784501062706113 -0.10788343846797943 0.06523929536342621
v -0.014485667459666729 -0.10190296173095703 0.06296709179878235
v -0.01593988575041294 -0.10671192407608032 0.06044793128967285
v -0.021824859082698822 -0.09891095757484436 0.05770159140229225
v -0.023639552295207977 -0.1035742238163948 0.05493122339248657
v -0.029971672222018242 -0.09419165551662445 0.05164296552538872
v -0.03200450539588928 -0.09870097786188126 0.04819758981466293
v -0.036789752542972565 -0.08903393894433975 0.04873179644346237
v -0.04036962240934372 -0.0912555456161499 0.04421311989426613
v -0.006560616660863161 -0.11695488542318344 0.04827704280614853
v 0.0026121223345398903 -0.1167793720960617 0.05019012466073036
v -0.01447310671210289 -0.1158195361495018 0.04521770030260086
v -0.021979760378599167 -0.11314019560813904 0.040087636560201645
v -0.028604619204998016 -0.1105090081691742 0.03393857926130295
v -0.04202703386545181 -0.10089437663555145 0.032299719750881195
v -0.03582262247800827 -0.10740923881530762 0.026998106390237808
v -0.04382123425602913 -0.10173121839761734 0.019746825098991394
v -0.049222927540540695 -0.09480071067810059 0.009955196641385555
v -0.05739699676632881 -0.08468715101480484 0.0007170988246798515
v -0.06523020565509796 -0.07230028510093689 -0.00694360863417387
v -0.06998833268880844 -0.0593453049659729 -0.012387441471219063
v -0.07290154695510864 -0.04745122417807579 -0.007922866381704807
v -0.013183459639549255 -0.09743282198905945 0.0641411617398262
v -0.005967853125184774 -0.09788268804550171 0.06721267849206924
v -0.01971413381397724 -0.09489075094461441 0.05946723371744156
v -0.027480637654662132 -0.08994479477405548 0.05425690859556198
v -0.033980101346969604 -0.08535058796405792 0.051841869950294495
v -0.039489857852458954 -0.07267643511295319 0.05397244170308113
v -0.03807942196726799 -0.07918117940425873 0.05228768289089203
v -0.03814921900629997 -0.06021746248006821 0.05909710377454758
v -0.03904104605317116 -0.06631521880626678 0.05656591057777405
v -0.04635142534971237 -0.05294158309698105 0.05570847913622856
v -0.048109669238328934 -0.061752527952194214 0.050803110003471375
v -0.04363551363348961 -0.0651109591126442 0.053802356123924255
v -0.04239479452371597 -0.057201556861400604 0.05749933794140816
v -0.04970474913716316 -0.046322356909513474 0.05406370759010315
v -0.05231118202209473 -0.05695128068327904 0.047818344086408615
v -0.005831891670823097 -0.11858150362968445 0.042387209832668304
v 0.0024742004461586475 -0.11870148777961731 0.04322577267885208
v -0.012866388075053692 -0.11786110699176788 0.03941305726766586
v -0.019254155457019806 -0.1162966787815094 0.0346641018986702
v -0.02426285482943058 -0.11502127349376678 0.02880433015525341
v -0.029905887320637703 -0.1132221668958664 0.022279703989624977
v -0.03616354987025261 -0.10968388617038727 0.014843571931123734
v -0.04392149671912193 -0.10322679579257965 0.005410903133451939
v -0.05340403690934181 -0.09215900301933289 -0.005190013907849789
v -0.0630381852388382 -0.07632575929164886 -0.013779745437204838
v -0.06741581112146378 -0.062354594469070435 -0.019638974219560623
v -0.02152952365577221 -0.1211957111954689 0.017378179356455803
v -0.01689719781279564 -0.12120623886585236 0.02281947061419487
v -0.012902670539915562 -0.12175730615854263 0.02706478163599968
v -0.009352277964353561 -0.12169458717107773 0.03089526854455471
v -0.004454592242836952 -0.12289413809776306 0.030347751453518867
v 0.0023700296878814697 -0.12374469637870789 0.030015170574188232
v -0.003935355693101883 -0.12461510300636292 0.024009473621845245
v 0.0024710942525416613 -0.1253862977027893 0.024206899106502533
v -0.006729239597916603 -0.12680447101593018 0.020165054127573967
v 0.0024537830613553524 -0.12749527394771576 0.020960470661520958
v -0.009293648414313793 -0.12943947315216064 0.016961494460701942
v 0.0023041516542434692 -0.13134537637233734 0.017376212403178215
v -0.04172849282622337 -0.08195870369672775 0.04872346296906471
v -0.04620429128408432 -0.08175015449523926 0.04401172697544098
v -0.048476893454790115 -0.07158595323562622 0.046566590666770935
v -0.053210340440273285 -0.06798779219388962 0.04229448363184929
v -0.05138213932514191 -0.0797916054725647 0.038417231291532516
v -0.043879322707653046 -0.0737418532371521 0.0504998154938221
v -0.05713682994246483 -0.0748484656214714 0.031950075179338455
v -0.0579901784658432 -0.062453292310237885 0.03762539476156235
v -0.05630718171596527 -0.05015629529953003 0.045171093195676804
v -0.0613972507417202 -0.05565324425697327 0.033830687403678894
v -0.06145858392119408 -0.06808418035507202 0.026145201176404953
v -0.05984927713871002 -0.04520609229803085 0.04166843369603157
v -0.06267416477203369 -0.04017052799463272 0.0385550893843174
v -0.06385385245084763 -0.05008973926305771 0.030338449403643608
v -0.06458648294210434 -0.060496047139167786 0.022466596215963364
v -0.04601426050066948 -0.09269663691520691 0.036059167236089706
v -0.06734462827444077 -0.05347384512424469 0.018382582813501358
v -0.06511860340833664 -0.03550846874713898 0.03477368876338005
v -0.06611693650484085 -0.04401165992021561 0.02676003985106945
v -0.0678514763712883 -0.029203521087765694 0.030016321688890457
v -0.06945360451936722 -0.03687923401594162 0.020184839144349098
v -0.07097021490335464 -0.044188112020492554 0.011778529733419418
v -0.07410246878862381 -0.03987705707550049 -0.0026312246918678284
v 0.002507960656657815 -0.0972299724817276 0.06834996491670609
v -0.06799803674221039 -0.04432243853807449 -0.03295346722006798
v -0.0223116222769022 -0.05213078856468201 0.0678756907582283
v -0.016751032322645187 -0.050255030393600464 0.07122418284416199
v -0.01147455908358097 -0.049733445048332214 0.07446426153182983
v -0.007074202410876751 -0.04968617111444473 0.07670273631811142
v -0.0028812121599912643 -0.04973003268241882 0.07773836702108383
v 0.0020237755961716175 -0.14077627658843994 0.009865300729870796
v -0.0014363008085638285 0.01904679648578167 0.07736219465732574
v 0.002108912914991379 -0.13507796823978424 0.014446225017309189
v 0.0014128831680864096 -0.08068455755710602 0.05330974608659744
v -0.007665837183594704 0.11231797933578491 0.01935454085469246
v 0.0023311004042625427 -0.09209990501403809 0.06879417598247528
v 0.0015531308017671108 -0.07624775171279907 0.056520603597164154
v 0.0005161032895557582 -0.022012408822774887 0.09296327829360962
v 0.0021878257393836975 -0.08751048892736435 0.06849470734596252
v 0.002221067203208804 -0.07562834769487381 0.07273688167333603
v 0.0021834501530975103 -0.06945233792066574 0.07190942764282227
v -0.0031339721754193306 0.0547194667160511 0.07363787293434143
v 0.0022096452303230762 -0.07204308360815048 0.07287673652172089
v 0.0006300222594290972 -0.04732430726289749 0.07827352732419968
v 0.000765265547670424 -0.026747412979602814 0.09548800438642502
v 0.002091839211061597 -0.06782647967338562 0.07069280743598938
v -0.006514938082545996 -0.043466582894325256 -0.10170146077871323
v 0.002182239666581154 -0.07963573187589645 0.07105439901351929
v 0.0015559684252366424 -0.07096770405769348 0.06224004179239273
v 0.0019014335703104734 -0.06728743016719818 0.06899930536746979
v 0.0011642705649137497 -0.06316063553094864 0.05886479839682579
v 0.0008924491703510284 -0.05025770515203476 0.0778476819396019
v -0.000455919886007905 -0.0023994147777557373 0.08149734139442444
v -0.008507482707500458 -0.0016819490119814873 -0.1174045279622078
v -0.00038803962524980307 -0.005815187469124794 0.08355024456977844
v -0.005006834398955107 0.08033709973096848 0.06175907701253891
v -0.0037890432868152857 0.0652015209197998 0.07051686942577362
v 0.00020454519835766405 -0.017433080822229385 0.09038647264242172
v -0.01050966139882803 0.062483884394168854 -0.11716997623443604
v -0.010803839191794395 0.07831232249736786 -0.11072053015232086
v -0.0023789210245013237 0.03707412630319595 0.07615822553634644
v -0.009889977052807808 0.12123974412679672 -0.041957736015319824
v 0.0009575709118507802 -0.031037600710988045 0.09691943228244781
v 0.0006564951618202031 -0.04298023134469986 0.08425791561603546
v -0.006527219898998737 0.10028436034917831 0.041355200111866
v -0.009566796012222767 0.02802676521241665 -0.12181954830884933
v -0.010588573291897774 0.11618416756391525 -0.06760822236537933
v 0.0016959672793745995 -0.06715919077396393 0.07345685362815857
v -0.007091110572218895 0.10653766244649887 0.03098250925540924
v 0.0017146873287856579 -0.06804509460926056 0.07048860937356949
v 0.0009890897199511528 -0.040757741779088974 0.09247280657291412
v -0.009028645232319832 0.01177998073399067 -0.12089260667562485
v -0.009959432296454906 0.04192432016134262 -0.12083297222852707
v 0.0011801645159721375 -0.05724300444126129 0.07755979895591736
v 0.0009861658327281475 -0.05304814130067825 0.07762756943702698
v -0.010278647765517235 0.1196981817483902 -0.05503084510564804
v -0.001552379340864718 0.024537716060876846 0.07767314463853836
v 0.001368935452774167 -0.06016695871949196 0.07777944207191467
v -0.0009601175552234054 0.00706271268427372 0.07673924416303635
v 0.0015353808412328362 -0.06290363520383835 0.0774056613445282
v 0.0017991040367633104 -0.14503183960914612 0.005536630749702454
v -0.010897344909608364 0.09988608956336975 -0.09314043074846268
v 0.0015924717299640179 -0.06509943306446075 0.07564937323331833
v 0.0014659140724688768 -0.06632846593856812 0.0646599680185318
v 3.666007978608832e-05 -0.013145405799150467 0.0878738984465599
v 0.0013267253525555134 -0.0649183839559555 0.06166253238916397
v -0.002764214761555195 0.04473334923386574 0.0748966634273529
v 0.0005464146379381418 -0.044938258826732635 0.07983244210481644
v 0.0005833088071085513 -0.04450634866952896 0.08051829040050507
v -0.0009259632788598537 0.004549851641058922 0.07753120362758636
v -0.004510555882006884 0.07334308326244354 0.06644995510578156
v -0.0009475051192566752 0.00949190929532051 0.07667537778615952
v 0.0006237521884031594 -0.04554169625043869 0.07917673140764236
v -0.010929848067462444 0.09179534763097763 -0.1013803780078888
v -0.009385352022945881 0.12283707410097122 -0.02420027367770672
v -0.008937453851103783 0.12158306688070297 -0.011157214641571045
v -0.0007088769343681633 0.0009718369692564011 0.07950668036937714
v -0.0001195155709865503 -0.009194735437631607 0.08550956100225449
v -0.006076941266655922 -0.053288135677576065 -0.10173381865024567
v 0.001103259390220046 -0.03769204765558243 0.09561716020107269
v 0.0010737646371126175 -0.03497261926531792 0.09681307524442673
v -0.0059846872463822365 0.09355609118938446 0.049874626100063324
v -0.008069398812949657 -0.011893965303897858 -0.11439943313598633
v -0.008307265117764473 0.11806457489728928 0.005255218595266342
v -0.005488055292516947 0.08692563325166702 0.05638224259018898
v -0.007133764214813709 -0.031014135107398033 -0.10645590722560883
v -0.007691306993365288 -0.020103098824620247 -0.11186085641384125
v 0.0008659234154038131 -0.04168868437409401 0.0905085876584053
v -0.0012401232961565256 0.012549787759780884 0.0765753835439682
v 0.000740037125069648 -0.042555809020996094 0.08710329979658127
v -0.010811169631779194 0.11055752635002136 -0.07965747267007828
v 0.0006270165904425085 -0.043707847595214844 0.08190755546092987
v 0.006841388531029224 -0.030603177845478058 0.07650641351938248
v 0.06736719608306885 -0.04358167573809624 0.0009505255147814751
v 0.066268190741539 -0.049660779535770416 -0.007951288484036922
v 0.06337042152881622 -0.06246097385883331 -0.002398848533630371
v 0.06492879986763 -0.05555827170610428 0.006788646802306175
v 0.05909581482410431 -0.0739806517958641 0.003628896549344063
v 0.06215987727046013 -0.06513049453496933 0.01122687291353941
v 0.0536261685192585 -0.08375821262598038 0.011242914013564587
v 0.05832692235708237 -0.0742080956697464 0.01684597134590149
v -0.0034915462601929903 -0.04053060710430145 0.08993853628635406
v -0.0025238071102648973 -0.04162584990262985 0.08716685324907303
v 0.05003137141466141 -0.0912030041217804 0.020306313410401344
v 0.05459492653608322 -0.08133193850517273 0.0242058914154768
v -0.016279028728604317 0.0005293376743793488 0.060405321419239044
v -0.0075334105640649796 -0.0419805571436882 0.0768730491399765
v -0.007302295416593552 -0.019662028178572655 0.08632772415876389
v -0.015078086405992508 0.00101485475897789 0.060960087925195694
v 0.036532361060380936 -0.0996929332613945 0.04105902090668678
v 0.03450603038072586 -0.10424469411373138 0.036711327731609344
v 0.027510756626725197 -0.10829514265060425 0.043825604021549225
v 0.02841782569885254 -0.1050681322813034 0.048702679574489594
v -0.01022550743073225 -0.041449785232543945 0.0758785605430603
v 0.020528247579932213 -0.11241821944713593 0.05048009008169174
v 0.02139093354344368 -0.10917229950428009 0.055348336696624756
v 0.012558805756270885 -0.1144586130976677 0.05454816669225693
v 0.012746209278702736 -0.11136163771152496 0.05967625230550766
v -0.007175859995186329 -0.012033789418637753 0.08186031132936478
v -0.009718471206724644 -0.0010613761842250824 0.07013744115829468
v 0.011808670125901699 -0.10236039012670517 0.06610984355211258
v 0.012297440320253372 -0.10720745474100113 0.06365489214658737
v -0.007017982192337513 -0.015926418825984 0.08418048918247223
v -0.01565692387521267 -0.03832337632775307 0.07701795548200607
v -0.013979107141494751 -0.040811024606227875 0.07519582659006119
v -0.006171833723783493 -0.03495209664106369 0.09336359798908234
v -0.007175160106271505 -0.032010193914175034 0.09285803884267807
v 0.019446121528744698 -0.10066871345043182 0.06183943152427673
v -0.006863105110824108 -0.037773244082927704 0.09091228991746902
v -0.004063615575432777 -0.03955581411719322 0.09123757481575012
v 0.02075011096894741 -0.10531575232744217 0.05908282846212387
v -0.017707189545035362 -0.0001744534820318222 0.06076236069202423
v -0.02828999236226082 0.0010182075202465057 0.05633687973022461
v -0.0053595793433487415 -0.036923449486494064 0.09295167028903961
v -0.0022301804274320602 -0.0389416478574276 0.09320821613073349
v -0.021023539826273918 0.00041125528514385223 0.059343121945858
v -0.017130080610513687 0.0001292731612920761 0.060605309903621674
v -0.011432460509240627 -0.03543718531727791 0.08616145700216293
v -0.00827881135046482 -0.002704393118619919 0.07442035526037216
v 0.025991857051849365 -0.09705443680286407 0.05585871636867523
v 0.0276930071413517 -0.1014915332198143 0.05282771587371826
v 0.03349907323718071 -0.09177471697330475 0.04941141977906227
v 0.035367000848054886 -0.09598808735609055 0.04572666436433792
v -0.014263233169913292 -0.0362764373421669 0.08168390393257141
v 0.03989158570766449 -0.08611240983009338 0.046373263001441956
v 0.04311690852046013 -0.08793125301599503 0.04154107719659805
v 0.011651023291051388 -0.1160966008901596 0.04750894010066986
v -0.018541833385825157 -0.0001471191644668579 0.06070367246866226
v -0.019279295578598976 -5.3724274039268494e-05 0.06058777496218681
v -0.0077096642926335335 -0.023903151974081993 0.08865661174058914
v 0.019053151831030846 -0.11413750052452087 0.0437152162194252
v 0.02584592066705227 -0.11058719456195831 0.03801507130265236
v 0.032104216516017914 -0.10751057416200638 0.031557828187942505
v 0.04462113976478577 -0.09732562303543091 0.029332129284739494
v -0.02367253415286541 0.00026267021894454956 0.059334564954042435
v -0.002330429619178176 -0.04251283407211304 0.08191908150911331
v -0.009557565674185753 -0.036513760685920715 0.08843196928501129
v -0.008094503544270992 -0.037252746522426605 0.0898362547159195
v -0.0029044889379292727 -0.04293922334909439 0.0798703208565712
v 0.038772884756326675 -0.10414688289165497 0.024252038449048996
v 0.04542618989944458 -0.09755457937717438 0.016517026349902153
v -0.012936647050082684 0.0006575547158718109 0.06317366659641266
v 0.0490870401263237 -0.08989540487527847 0.006517298519611359
v -0.0076778363436460495 -0.0054661426693201065 0.07779962569475174
v -0.007242265157401562 -0.008657926693558693 0.08025407791137695
v 0.05588247627019882 -0.0792871043086052 -0.0028814468532800674
v 0.06131104379892349 -0.06608382612466812 -0.01062779687345028
v -0.002179691568017006 -0.042086273431777954 0.08450445532798767
v 0.06477150321006775 -0.052851345390081406 -0.016443368047475815
v 0.06713332235813141 -0.04114949703216553 -0.011600380763411522
v 0.01794780045747757 -0.09632866084575653 0.06323666125535965
v 0.01108245924115181 -0.09724831581115723 0.06696838140487671
v 0.023889854550361633 -0.09329798817634583 0.0579507052898407
v -0.007642413955181837 -0.02818501554429531 0.09132396429777145
v 0.031029274687170982 -0.08779561519622803 0.05233665183186531
v 0.037173300981521606 -0.08279778063297272 0.049814075231552124
v 0.041803374886512756 -0.06966795027256012 0.051822349429130554
v -0.005423899739980698 -0.04227977246046066 0.07845272868871689
v 0.040786437690258026 -0.07633889466524124 0.050259850919246674
v 0.039624668657779694 -0.05720054730772972 0.05722366273403168
v 0.04078825190663338 -0.06326126307249069 0.05447258800268173
v 0.04692067578434944 -0.04917241260409355 0.05357310548424721
v 0.04903101548552513 -0.057855747640132904 0.048285648226737976
v 0.045091867446899414 -0.06159348785877228 0.05145996809005737
v 0.0010667829774320126 -0.03948100656270981 0.09413165599107742
v -0.004644080065190792 -0.03843407332897186 0.09218726307153702
v 0.04357747361063957 -0.05377916246652603 0.05555279180407524
v 0.04952658340334892 -0.04228247329592705 0.05182284116744995
v 0.05248333513736725 -0.05276940390467644 0.04523658752441406
v 0.010682287625968456 -0.11762727797031403 0.04160650819540024
v -0.029896529391407967 0.011777408421039581 0.06803518533706665
v -0.02987411618232727 0.009966559708118439 0.06671898812055588
v 0.017273535951972008 -0.11612164229154587 0.03800409287214279
v 0.023178966715931892 -0.11393100023269653 0.03279893100261688
v 0.027642397210001945 -0.11224214732646942 0.026616444811224937
v 0.032923374325037 -0.1102442517876625 0.0197590459138155
v 0.038239188492298126 -0.10604174435138702 0.01194705069065094
v 0.044126491993665695 -0.09846770763397217 0.0023193173110485077
v -0.02288285456597805 0.014629384502768517 0.0713234469294548
v -0.005962006747722626 0.015504652634263039 0.07593332231044769
v -0.010975622572004795 0.015444368124008179 0.07452910393476486
v 0.052269428968429565 -0.08687891066074371 -0.008665135130286217
v -0.03133583813905716 0.0034480933099985123 0.06512607634067535
v -0.03196125105023384 0.0016106422990560532 0.06273014098405838
v -0.029870012775063515 0.007832469418644905 0.06547276675701141
v -0.03140708804130554 0.0015678461641073227 0.0639544278383255
v -0.03144398704171181 0.002060452476143837 0.06503640860319138
v 0.059203460812568665 -0.07031422853469849 -0.017505023628473282
v -0.029964793473482132 0.006603246554732323 0.06477732956409454
v 0.061315231025218964 -0.055695369839668274 -0.023374205455183983
v -0.029972700402140617 0.006022561341524124 0.06485895067453384
v 0.024843651801347733 -0.1188805103302002 0.015323052182793617
v -0.027887364849448204 0.013620894402265549 0.06963246315717697
v 0.02066035009920597 -0.11929704248905182 0.020992912352085114
v 0.01701907441020012 -0.12007423490285873 0.025607459247112274
v -0.030623795464634895 0.004947775974869728 0.06480317562818527
v -0.03240890055894852 0.0015269182622432709 0.06103532016277313
v 0.013747022487223148 -0.12021501362323761 0.029719151556491852
v -0.03306400403380394 0.0014328323304653168 0.05706607922911644
v 0.009054990485310555 -0.1221337765455246 0.029679391533136368
v -0.0013166095595806837 0.015711627900600433 0.07688158750534058
v -0.022484207525849342 0.02320609614253044 0.0758596733212471
v -0.05330610275268555 0.02313176356256008 0.05705800652503967
v 0.008549056015908718 -0.12406226247549057 0.023428892716765404
v -0.05644473060965538 0.018382281064987183 0.053642693907022476
v 0.01103980839252472 -0.1259675920009613 0.019324790686368942
v -0.04952220991253853 -0.014856461435556412 0.05552876740694046
v -0.052400149405002594 -0.014065328985452652 0.05325963348150253
v -0.01937347650527954 0.01770717278122902 0.07506735622882843
v 0.013414454646408558 -0.12843352556228638 0.016080988571047783
v 0.04426122456789017 -0.0786844938993454 0.046220168471336365
v 0.048045385628938675 -0.07800878584384918 0.04112119972705841
v 0.04967360198497772 -0.06765346229076385 0.04377569630742073
v 0.05378339812159538 -0.06361605226993561 0.039331719279289246
v -0.028830667957663536 0.04346735030412674 0.07107429206371307
v -0.037064820528030396 0.0949944332242012 0.035479433834552765
v -0.02698167972266674 0.03596675395965576 0.07330834865570068
v -0.04082401469349861 0.027933664619922638 0.0674704983830452
v 0.052624888718128204 -0.0755932480096817 0.035246290266513824
v -0.03668989613652229 0.08903056383132935 0.043181706219911575
v 0.04575791582465172 -0.07021858543157578 0.04791568964719772
v 0.05720152705907822 -0.07015388458967209 0.028674732893705368
v 0.05760117620229721 -0.05768078565597534 0.034601472318172455
v 0.05566940829157829 -0.045548148453235626 0.042533740401268005
v 0.06009775772690773 -0.05051437020301819 0.030710019171237946
v -0.04837917536497116 0.026765376329421997 0.06175738200545311
v 0.06041079759597778 -0.06303150951862335 0.022707652300596237
v -0.05738312378525734 -0.008640418760478497 0.04656558111310005
v -0.008446606807410717 0.029979202896356583 0.07745488733053207
v -0.05866978317499161 -0.002901781350374222 0.044394075870513916
v 0.058547381311655045 -0.04021017998456955 0.038918834179639816
v -0.01646086573600769 0.02942691184580326 0.07722540199756622
v -0.03635653853416443 0.11572141945362091 -0.023009205237030983
v 0.06072701886296272 -0.03482067957520485 0.035656992346048355
v 0.06175297498703003 -0.04474184662103653 0.027260378003120422
v 0.06264344602823257 -0.05509375035762787 0.019023578613996506
v 0.04827718064188957 -0.08875599503517151 0.03302094340324402
v -0.014046275988221169 0.012895923107862473 0.07082848250865936
v 0.0645342692732811 -0.047877416014671326 0.01499794889241457
v -0.039414893835783005 -0.013755563646554947 0.059894461184740067
v -0.042377669364213943 -0.014181634411215782 0.05876946449279785
v 0.06238940730690956 -0.029926862567663193 0.03175235912203789
v -0.03978720307350159 0.11342699825763702 -0.012005433440208435
v -0.056448567658662796 -0.010977738536894321 0.048447366803884506
v -0.03325878456234932 0.06206589564681053 0.06488144397735596
v -0.010343140922486782 0.007552320137619972 0.06859743595123291
v -0.01200640108436346 0.010130925104022026 0.06878086179494858
v -0.03472129628062248 0.06964221596717834 0.06013721227645874
v 0.06332471966743469 -0.038316983729600906 0.023600762709975243
v 0.06429023295640945 -0.02337191440165043 0.026893680915236473
v 0.06572116166353226 -0.03094167821109295 0.01687648892402649
v -0.035579461604356766 0.0765218734741211 0.05498999357223511
v 0.06697826087474823 -0.03813386708498001 0.008335636928677559
v 0.06821511685848236 -0.03368174284696579 -0.0060742199420928955
v -0.03794409707188606 0.10073178261518478 0.026144329458475113
v -0.022614799439907074 -0.009850595146417618 0.0631958618760109
v 0.06021169573068619 -0.03818899393081665 -0.03647622466087341
v 0.02327551878988743 -0.05037521570920944 0.06680167466402054
v 0.0178084596991539 -0.04896821826696396 0.07044601440429688
v -0.058596495538949966 0.01301693543791771 0.05017979070544243
v -0.059270940721035004 0.007390594109892845 0.04747939854860306
v -0.039825305342674255 0.11046020686626434 0.0013350751250982285
v -0.032341368496418 -0.012524222023785114 0.061941467225551605
v -0.059041790664196014 0.0022539999336004257 0.045373640954494476
v -0.024979207664728165 0.1194746270775795 -0.030860451981425285
v 0.012740179896354675 -0.04883787781000137 0.07404854148626328
v -0.05474519729614258 -0.012878196313977242 0.050841040909290314
v 0.008596336469054222 -0.04904932156205177 0.07666142284870148
v 0.004538914654403925 -0.04940791055560112 0.07786758989095688
v -0.033400923013687134 0.028771786019206047 0.07184536010026932
v -0.03610673174262047 -0.013263891451060772 0.06098821759223938
v -0.009965849108994007 0.004602320492267609 0.0678725391626358
v -0.017982851713895798 -0.007432815618813038 0.0638006180524826
v -0.014579184353351593 -0.004474092274904251 0.06450068205595016
v -0.03615739941596985 0.08288847655057907 0.04953328147530556
v -0.012221270240843296 -0.0017172228544950485 0.06561671197414398
v -0.010395371355116367 0.0014153607189655304 0.06701579689979553
v -0.027427328750491142 -0.011559320613741875 0.06277838349342346
v -0.03123902902007103 0.052592769265174866 0.06884190440177917
v -0.03875644505023956 0.10597451031208038 0.014527527615427971
v -0.04593580588698387 -0.014524329453706741 0.057349227368831635
v -0.009646767750382423 0.1218341588973999 -0.03383904695510864
v -0.002032746095210314 0.030372748151421547 0.07720717787742615
v -0.011185319162905216 -0.00019304268062114716 0.06648234277963638
v -0.016703324392437935 0.015019726008176804 0.07311695069074631
v -0.025060579180717468 0.029093913733959198 0.07537289708852768
v 0.0021916269324719906 -0.08355341851711273 0.06948213279247284
v -0.027280181646347046 -0.06376444548368454 0.06378137320280075
v -0.028656896203756332 -0.06609304994344711 0.061665117740631104
v -0.02806755155324936 -0.07217024266719818 0.05799485743045807
v -0.019705453887581825 -0.05849910527467728 0.0703580230474472
v -0.024301089346408844 -0.06111709028482437 0.06659813970327377
v -0.017301814630627632 -0.080769382417202 0.06384246796369553
v -0.0290374718606472 -0.06816542148590088 0.06006711721420288
v -0.011193291284143925 -0.08223424851894379 0.06698895245790482
v -0.02921028807759285 -0.07013963162899017 0.05880538746714592
v -0.0049081649631261826 -0.08274902403354645 0.06872274726629257
v 0.0010875215521082282 -0.054998479783535004 0.07769450545310974
v -0.008893515914678574 -0.055054888129234314 0.07662802934646606
v -0.0036346737761050463 -0.054771408438682556 0.07787950336933136
v -0.01429678499698639 -0.056274816393852234 0.07397373020648956
v -0.025752685964107513 -0.07490567862987518 0.05820256099104881
v -0.022348327562212944 -0.07829378545284271 0.060254473239183426
v 0.0051759518682956696 -0.04035671055316925 0.08990275859832764
v 0.00396009162068367 -0.041408538818359375 0.08711298555135727
v 0.013095926493406296 0.001836022362112999 0.06030646711587906
v 0.008266148157417774 -0.04139535874128342 0.07672325521707535
v 0.007152736186981201 -0.01909536123275757 0.08617091923952103
v 0.011795196682214737 0.0021763667464256287 0.06077118217945099
v 0.010937005281448364 -0.04071708396077156 0.07562550902366638
v 0.0063619669526815414 -0.011449289508163929 0.08176365494728088
v 0.007088270038366318 -0.00032363831996917725 0.06993188709020615
v 0.006518379785120487 -0.01536514051258564 0.08406203985214233
v 0.016203559935092926 -0.03716843202710152 0.07652661949396133
v 0.014583034440875053 -0.03976018354296684 0.07476910203695297
v 0.007864491082727909 -0.034468185156583786 0.09336493909358978
v 0.008531862869858742 -0.03144601359963417 0.09275326132774353
v 0.008327782154083252 -0.03722166642546654 0.0907750278711319
v 0.00585896335542202 -0.03938145935535431 0.09123294800519943
v 0.014662127010524273 0.0011923573911190033 0.06064586713910103
v 0.02486198954284191 0.003124633803963661 0.055739905685186386
v 0.00711150374263525 -0.03651949763298035 0.09294877201318741
v 0.004259522072970867 -0.038894250988960266 0.09328281134366989
v 0.01796955242753029 0.00186094269156456 0.05912237614393234
v 0.014038310386240482 0.001487836241722107 0.060520805418491364
v 0.012307547964155674 -0.03455876559019089 0.08589761704206467
v 0.006166310515254736 -0.0020875874906778336 0.07426352798938751
v 0.014982257969677448 -0.03523952141404152 0.08130228519439697
v 0.015536749735474586 0.0012775901705026627 0.06059862673282623
v 0.016257474198937416 0.0014134831726551056 0.06051990017294884
v 0.007927928119897842 -0.023298170417547226 0.0884878858923912
v 0.020514043048024178 0.001589735969901085 0.05897539108991623
v 0.003374561434611678 -0.042211778461933136 0.08178669214248657
v 0.010590018704533577 -0.03570468723773956 0.08819067478179932
v 0.009307370521128178 -0.036546818912029266 0.08962957561016083
v 0.0038170937914401293 -0.04261345788836479 0.07978058606386185
v 0.009773957543075085 0.0016660112887620926 0.0629660040140152
v 0.006097577977925539 -0.004862727597355843 0.07766088098287582
v 0.006194688379764557 -0.008060382679104805 0.08015380054712296
v 0.0033796816132962704 -0.04180864244699478 0.08442018926143646
v 0.00851287692785263 -0.02756841480731964 0.09117770940065384
v 0.006202649790793657 -0.04181681573390961 0.07833558320999146
v 0.006436795927584171 -0.038158804178237915 0.0921780988574028
v 0.026642678305506706 0.014554556459188461 0.06739576905965805
v 0.026674941182136536 0.012524144724011421 0.06618144363164902
v 0.019583236426115036 0.016506008803844452 0.07087287306785583
v 0.0031772905495017767 0.01600620150566101 0.07609713822603226
v 0.008000383153557777 0.01629992574453354 0.07456707954406738
v 0.028206877410411835 0.006125887855887413 0.06449659913778305
v 0.02835315652191639 0.004344705492258072 0.061611108481884
v 0.02666851133108139 0.01016196608543396 0.06511245667934418
v 0.02827388048171997 0.004177680239081383 0.06331708282232285
v 0.0284004844725132 0.004773436114192009 0.06436613947153091
v 0.026779986917972565 0.008882017806172371 0.06449596583843231
v 0.026769306510686874 0.008462892845273018 0.06457404047250748
v 0.024610182270407677 0.016021158546209335 0.06908714026212692
v 0.02741115354001522 0.007515193894505501 0.06438557058572769
v 0.028746698051691055 0.004438312724232674 0.05988633632659912
v 0.029366012662649155 0.004365094006061554 0.05602191388607025
v 0.018784992396831512 0.025171035900712013 0.07559967786073685
v 0.04772169888019562 0.027946069836616516 0.05509990081191063
v 0.05090345814824104 0.023464350029826164 0.051395975053310394
v 0.04682832211256027 -0.010687412694096565 0.05354263633489609
v 0.049449190497398376 -0.009653288871049881 0.05104311555624008
v 0.01611795462667942 0.01946120336651802 0.07493292540311813
v 0.02259233593940735 0.045860253274440765 0.0701523944735527
v 0.02383635751903057 0.09764038771390915 0.034053415060043335
v 0.02165689691901207 0.038231804966926575 0.07246916741132736
v 0.03575799614191055 0.03152899444103241 0.06624778360128403
v 0.02436821535229683 0.09161017090082169 0.04178199917078018
v 0.04285426437854767 0.031082581728696823 0.06011708825826645
v 0.05372185632586479 -0.0037417057901620865 0.04427940025925636
v 0.004314075224101543 0.03060861863195896 0.07734321802854538
v 0.054803501814603806 0.0020903218537569046 0.04223063215613365
v 0.012202585116028786 0.0309129785746336 0.07696124166250229
v 0.018060024827718735 0.11809402704238892 -0.02443121187388897
v 0.010962833650410175 0.014111746102571487 0.07076703011989594
v 0.03705237805843353 -0.010467302054166794 0.05874710530042648
v 0.03996821492910385 -0.010633335448801517 0.05736493319272995
v 0.0223294198513031 0.11615981161594391 -0.01359630562365055
v 0.05289825424551964 -0.006189548410475254 0.04603384807705879
v 0.024976395070552826 0.06465829908847809 0.06365285813808441
v 0.00745380250737071 0.008518408983945847 0.06849151849746704
v 0.008951504714787006 0.011248722672462463 0.06865932047367096
v 0.025130707770586014 0.07185480743646622 0.059049587696790695
v 0.025021372362971306 0.07888709008693695 0.05374922603368759
v 0.023735404014587402 0.10345940291881561 0.02467012032866478
v 0.020163917914032936 -0.008200426585972309 0.06241762638092041
v 0.05334055423736572 0.01822703145444393 0.047797661274671555
v 0.05447302758693695 0.012561190873384476 0.04523305222392082
v 0.02339971996843815 0.11327249556779861 -0.00023868121206760406
v 0.030010798946022987 -0.009979824535548687 0.060999929904937744
v 0.054843876510858536 0.007318336516618729 0.04317600280046463
v 0.005968562327325344 0.12079191207885742 -0.03169821575284004
v 0.05155428498983383 -0.008259784430265427 0.04846083000302315
v 0.028538918122649193 0.03166831284761429 0.0710030049085617
v 0.03372722491621971 -0.010305168107151985 0.060003843158483505
v 0.006958849728107452 0.0055360738188028336 0.06769081950187683
v 0.015359596349298954 -0.006163105368614197 0.06323017925024033
v 0.011848615482449532 -0.0034636352211236954 0.06415332853794098
v 0.02470817044377327 0.0853656604886055 0.04819156974554062
v 0.009376449510455132 -0.0008562356233596802 0.06537367403507233
v 0.007441696710884571 0.002277037128806114 0.06679747253656387
v 0.024957971647381783 -0.00945825595408678 0.061925824731588364
v 0.0241137333214283 0.05522485077381134 0.06782129406929016
v 0.02346397563815117 0.10875151306390762 0.013017293065786362
v 0.04338766261935234 -0.010689024813473225 0.055627692490816116
v 0.008262409828603268 0.0006813444197177887 0.06625919044017792
v 0.013603998348116875 0.01643640547990799 0.07297544181346893
v 0.020627427846193314 0.031270015984773636 0.07474391162395477
v 0.029446158558130264 -0.06157781928777695 0.06215207278728485
v 0.030991949141025543 -0.06385928392410278 0.060032837092876434
v 0.030758168548345566 -0.07008397579193115 0.056486375629901886
v 0.02172589674592018 -0.056902870535850525 0.06930545717477798
v 0.02631080150604248 -0.059160564094781876 0.06517396122217178
v 0.020696444436907768 -0.07929986715316772 0.062486156821250916
v 0.03145671635866165 -0.06596344709396362 0.058493390679359436
v 0.01508298423141241 -0.08123740553855896 0.06615933030843735
v 0.03175060823559761 -0.06795251369476318 0.05728207901120186
v 0.009034496732056141 -0.08234383165836334 0.0685020461678505
v 0.01098117046058178 -0.0542745441198349 0.0763978511095047
v 0.005775592289865017 -0.054405227303504944 0.07793867588043213
v 0.016277659684419632 -0.05509798228740692 0.07334493100643158
v 0.028685294091701508 -0.07296294718980789 0.0565192885696888
v 0.02548648603260517 -0.07651953399181366 0.05849897116422653
v 0.02923373505473137 0.0048546455800533295 0.0510859377682209
v -0.033031612634658813 0.0018566995859146118 0.05175841599702835
v 0.02787686139345169 0.002432767301797867 0.0631425678730011
v 0.026297133415937424 0.0024478454142808914 0.06271390616893768
v 0.024831468239426613 0.0025169234722852707 0.0619821734726429
v 0.02358674630522728 0.002633688971400261 0.06102236360311508
v 0.027896543964743614 0.002746725454926491 0.06319679319858551
v 0.026334742084145546 0.003064977005124092 0.06281699240207672
v 0.0248868428170681 0.003412274643778801 0.062130916863679886
v 0.02365851029753685 0.0037616807967424393 0.061214569956064224
v 0.02797679789364338 0.0030529536306858063 0.06324481219053268
v 0.026493240147829056 0.0036624372005462646 0.06291539967060089
v 0.025116311386227608 0.004279840737581253 0.06227579712867737
v 0.02394888736307621 0.004855325445532799 0.061390966176986694
v 0.028115790337324142 0.003336764872074127 0.06328756362199783
v 0.026767641305923462 0.004220167174935341 0.0629955530166626
v 0.025514092296361923 0.005088383331894875 0.06239694356918335
v 0.024450620636343956 0.0058736652135849 0.06154721975326538
v 0.02830994315445423 0.0035876743495464325 0.06332407891750336
v 0.027146881446242332 0.004712656140327454 0.06306770443916321
v 0.026063913479447365 0.005804846063256264 0.06249672919511795
v 0.0251434538513422 0.0067785438150167465 0.061671286821365356
v 0.028548317030072212 0.0037986021488904953 0.0633491575717926
v 0.02761523798108101 0.0051247738301754 0.06311558932065964
v 0.026744863018393517 0.006401881575584412 0.06257069855928421
v 0.02600412257015705 0.007531924173235893 0.0617702454328537
v 0.028823822736740112 0.003958495333790779 0.06336497515439987
v 0.02815616875886917 0.005438642576336861 0.06314903497695923
v 0.027529167011380196 0.006857521831989288 0.06261727958917618
v 0.02699325419962406 0.008105522021651268 0.06182709336280823
v 0.029126502573490143 0.00406295619904995 0.06336965411901474
v 0.028747012838721275 0.005643010139465332 0.06315650045871735
v 0.028386423364281654 0.00715380534529686 0.06262975931167603
v 0.028072470799088478 0.008478419855237007 0.0618448369204998
v 0.029443033039569855 0.004106068983674049 0.06336615234613419
v 0.029367946088314056 0.005728377029299736 0.06315115839242935
v 0.029286259785294533 0.007278578355908394 0.06261920183897018
v 0.029204819351434708 0.008636578917503357 0.06182677298784256
v 0.029761256650090218 0.004088854417204857 0.06335059553384781
v 0.029992396011948586 0.005693979561328888 0.06311880797147751
v 0.030192121863365173 0.007227867841720581 0.06257544457912445
v 0.03034721128642559 0.008570585399866104 0.0617741197347641
v 0.03007100336253643 0.0040094442665576935 0.0633275955915451
v 0.030597666278481483 0.005538897588849068 0.06307525187730789
v 0.03107033297419548 0.0070028360933065414 0.06250834465026855
v 0.031453244388103485 0.008288124576210976 0.06168624758720398
v 0.03035781905055046 0.003873152658343315 0.06329371780157089
v 0.031160300597548485 0.005270734429359436 0.06300719827413559
v 0.031886663287878036 0.006613496690988541 0.062413543462753296
v 0.03248152136802673 0.007798118516802788 0.061568375676870346
v 0.03061162307858467 0.0036825090646743774 0.06325419247150421
v 0.03165868669748306 0.004898589104413986 0.06293132901191711
v 0.032609973102808 0.006074847653508186 0.06229902058839798
v 0.03339262306690216 0.0071203261613845825 0.06142043322324753
v 0.030824389308691025 0.0034481100738048553 0.06320749223232269
v 0.032074227929115295 0.004438210278749466 0.06283870339393616
v 0.0332118421792984 0.005406539887189865 0.06216832250356674
v 0.03415141627192497 0.006276318803429604 0.061257559806108475
v 0.030984902754426003 0.003176426514983177 0.06315750628709793
v 0.03239034116268158 0.003905167803168297 0.0627422034740448
v 0.033670682460069656 0.004633819684386253 0.06202599033713341
v 0.03473003953695297 0.005302181467413902 0.061076585203409195
v 0.031090063974261284 0.0028777960687875748 0.0631047934293747
v 0.0325956828892231 0.0033221617341041565 0.0626373440027237
v 0.03396812453866005 0.0037867873907089233 0.06187419220805168
v 0.03510521724820137 0.004234844818711281 0.06088823825120926
v 0.031132597476243973 0.0025654733180999756 0.06305251270532608
v 0.032680001109838486 0.0027090273797512054 0.0625351294875145
v 0.03409142792224884 0.0028970856219530106 0.06172337010502815
v 0.03526073321700096 0.0031154602766036987 0.060692787170410156
v 0.031113920733332634 0.00225057452917099 0.06300165504217148
v 0.032641198486089706 0.0020905043929815292 0.06243201717734337
v 0.03403383865952492 0.0020011551678180695 0.0615730956196785
v 0.035189732909202576 0.0019842758774757385 0.060509681701660156
v 0.03103012777864933 0.001943543553352356 0.06295324862003326
v 0.03247808292508125 0.0014904849231243134 0.062339141964912415
v 0.03379826247692108 0.0011315848678350449 0.06143531575798988
v 0.034892115741968155 0.0008911136537790298 0.060330696403980255
v 0.030889621004462242 0.0016583818942308426 0.06291116029024124
v 0.03220106288790703 0.0009317416697740555 0.06225340813398361
v 0.03339609503746033 0.0003215707838535309 0.06131192669272423
v 0.034384675323963165 -0.0001286473125219345 0.060173533856868744
v 0.030694037675857544 0.0014060921967029572 0.06287673115730286
v 0.031819898635149 0.00043628737330436707 0.06218700483441353
v 0.03284298628568649 -0.0003970898687839508 0.06121011823415756
v 0.03368738293647766 -0.0010352861136198044 0.06004028022289276
v 0.030455034226179123 0.001193903386592865 0.06285122036933899
v 0.031349651515483856 2.33333557844162e-05 0.06213308498263359
v 0.03216012939810753 -0.0009961500763893127 0.06113441288471222
v 0.032826267182826996 -0.0017928704619407654 0.05994924157857895
v 0.03017834946513176 0.0010341238230466843 0.06283431500196457
v 0.030807632952928543 -0.0002918969839811325 0.06210305914282799
v 0.03137439861893654 -0.0014535803347826004 0.06108864024281502
v 0.03183578699827194 -0.0023690909147262573 0.059890471398830414
v 0.02987535297870636 0.0009289737790822983 0.06282774358987808
v 0.03021516650915146 -0.0004954114556312561 0.06208586320281029
v 0.0305144265294075 -0.0017495136708021164 0.06106748431921005
v 0.030754011124372482 -0.0027411077171564102 0.059868715703487396
v 0.029558919370174408 0.0008862726390361786 0.06283093988895416
v 0.029594315215945244 -0.0005814656615257263 0.06209627538919449
v 0.029614174738526344 -0.0018753018230199814 0.061079710721969604
v 0.029620379209518433 -0.0028973277658224106 0.05987754464149475
v 0.029240816831588745 0.0009040664881467819 0.06284451484680176
v 0.028969544917345047 -0.0005444008857011795 0.062119416892528534
v 0.028707923367619514 -0.0018220208585262299 0.06111597269773483
v 0.028479263186454773 -0.0028299465775489807 0.05993093177676201
v 0.0289315152913332 0.0009846054017543793 0.06286808848381042
v 0.028365865349769592 -0.0003885999321937561 0.062169693410396576
v 0.02783191204071045 -0.0015957560390233994 0.06118853762745857
v 0.027374010533094406 -0.002546902745962143 0.060017216950654984
v 0.028645670041441917 0.0011221636086702347 0.06289945542812347
v 0.027804896235466003 -0.00011634081602096558 0.062228068709373474
v 0.027018196880817413 -0.001202952116727829 0.0612800270318985
v 0.02634708769619465 -0.0020529311150312424 0.06013938784599304
v 0.028393134474754333 0.0013135410845279694 0.06294048577547073
v 0.02730906382203102 0.00025651976466178894 0.062311768531799316
v 0.026299018412828445 -0.0006597694009542465 0.061393484473228455
v 0.02543761394917965 -0.001369614154100418 0.06027953699231148
v 0.02818252332508564 0.001549912616610527 0.06298389285802841
v 0.02689802646636963 0.0007206331938505173 0.06239541620016098
v 0.025701971724629402 1.2081116437911987e-05 0.061523403972387314
v 0.024684511125087738 -0.0005232933908700943 0.06045079976320267
v 0.029509030282497406 0.002472342923283577 0.06325682252645493
v 0.02802293561398983 0.0018217135220766068 0.06303569674491882
v 0.026583321392536163 0.0012520216405391693 0.0625021755695343
v 0.025247298181056976 0.0007851272821426392 0.06167127937078476
v 0.024112295359373093 0.00045166537165641785 0.06063271313905716
v 0.027920227497816086 0.002120373770594597 0.06308989226818085
v 0.0263812392950058 0.001835644245147705 0.06260591745376587
v 0.024955302476882935 0.0016320496797561646 0.061820801347494125
v 0.023742588236927986 0.0015170127153396606 0.06082601100206375
v 0.02237262949347496 0.0027271900326013565 0.060209158807992935
v 0.020490139722824097 0.0028939712792634964 0.058830488473176956
v 0.018857598304748535 0.0031452178955078125 0.05700534209609032
v 0.0176248699426651 0.003454269841313362 0.05489751696586609
v 0.0168283823877573 0.003810785710811615 0.052595287561416626
v 0.01649646833539009 0.0042013246566057205 0.05017794296145439
v 0.0166533924639225 0.004606517031788826 0.04776575416326523
v 0.017264539375901222 0.005023326724767685 0.04541002959012985
v 0.018340609967708588 0.0054252613335847855 0.043235521763563156
v 0.019826853647828102 0.005799882113933563 0.04131346940994263
v 0.02166452817618847 0.006132934242486954 0.039716191589832306
v 0.02378474920988083 0.006411338225007057 0.03850577771663666
v 0.026104360818862915 0.0066242516040802 0.037730082869529724
v 0.02245854027569294 0.004083115607500076 0.060438767075538635
v 0.020600607618689537 0.0046028438955545425 0.059112630784511566
v 0.018985912203788757 0.005154261365532875 0.05733378604054451
v 0.017766691744327545 0.005684416741132736 0.05526099354028702
v 0.01697821170091629 0.006178470328450203 0.05297786742448807
v 0.016654176637530327 0.006615001708269119 0.05057581141591072
v 0.016802970319986343 0.00697624497115612 0.04814566299319267
v 0.0174208115786314 0.0072484202682971954 0.04578111320734024
v 0.018467988818883896 0.007438419386744499 0.04356558993458748
v 0.019934827461838722 0.007511690258979797 0.04159370809793472
v 0.021749814972281456 0.007478522136807442 0.03993651643395424
v 0.02384231798350811 0.007338088005781174 0.038658127188682556
v 0.026134338229894638 0.007096573710441589 0.03780777379870415
v 0.02280987612903118 0.005398431792855263 0.06065073981881142
v 0.02104264311492443 0.006261186674237251 0.059374719858169556
v 0.019507598131895065 0.007105167955160141 0.05763283371925354
v 0.01834392547607422 0.007853785529732704 0.05559011176228523
v 0.017591120675206184 0.008481349796056747 0.053329382091760635
v 0.01727806217968464 0.008961306884884834 0.05093830078840256
v 0.017413664609193802 0.009278666228055954 0.048502542078495026
v 0.017995920032262802 0.009419195353984833 0.046117283403873444
v 0.01899007521569729 0.009390709921717644 0.04387128725647926
v 0.020378291606903076 0.009172854945063591 0.04185376316308975
v 0.022098036482930183 0.008782446384429932 0.040140144526958466
v 0.024082962423563004 0.008236804977059364 0.038797903805971146
v 0.02625681273639202 0.007554929703474045 0.03787902742624283
v 0.023414211347699165 0.006623324006795883 0.06083332747220993
v 0.021803976967930794 0.007804900407791138 0.05960051342844963
v 0.020399652421474457 0.008919205516576767 0.05789248272776604
v 0.019334856420755386 0.009869992733001709 0.055884942412376404
v 0.018643494695425034 0.010621236637234688 0.05364367365837097
v 0.018350467085838318 0.011144561693072319 0.051258571445941925
v 0.018466565757989883 0.011419923976063728 0.048815902322530746
v 0.01898636668920517 0.011437250301241875 0.046412449330091476
v 0.01988663338124752 0.011206958442926407 0.04413990303874016
v 0.021140635013580322 0.010717380791902542 0.04208275303244591
v 0.022697100415825844 0.009996647015213966 0.0403202585875988
v 0.02449541725218296 0.009072113782167435 0.03892197087407112
v 0.026466775685548782 0.007981112226843834 0.037942517548799515
v 0.024250181391835213 0.0077109672129154205 0.060987357050180435
v 0.022846877574920654 0.009177610278129578 0.05979020148515701
v 0.02162681519985199 0.01052694208920002 0.058098144829273224
v 0.020702537149190903 0.011658880859613419 0.0561225563287735
v 0.02009741961956024 0.012520752847194672 0.05390132963657379
v 0.01983276754617691 0.013081217184662819 0.05152120068669319
v 0.019919414073228836 0.01331958919763565 0.04907457157969475
v 0.020352238789200783 0.013226773589849472 0.04665554314851761
v 0.021123073995113373 0.012816956266760826 0.04436105489730835
v 0.02219255268573761 0.012086449190974236 0.04227063059806824
v 0.023523367941379547 0.011072603985667229 0.04046843945980072
v 0.025064386427402496 0.009813956916332245 0.03902403637766838
v 0.026757480576634407 0.008358266204595566 0.03799402341246605
v 0.02528928965330124 0.008618593215942383 0.06110698729753494
v 0.02414504811167717 0.010316247120499611 0.05991958826780319
v 0.023139704018831253 0.011871453374624252 0.05825335532426834
v 0.02239183336496353 0.013152584433555603 0.05630163475871086
v 0.021893691271543503 0.01410609483718872 0.05409400537610054
v 0.02166408859193325 0.014697771519422531 0.05171792581677437
v 0.021716326475143433 0.014904703944921494 0.049267806112766266
v 0.022045934572815895 0.014719676226377487 0.046838756650686264
v 0.022641900926828384 0.014150578528642654 0.04452136531472206
v 0.023493090644478798 0.013228127732872963 0.04241158440709114
v 0.02454528585076332 0.011969586834311485 0.04057888686656952
v 0.025769071653485298 0.01043161004781723 0.03910030424594879
v 0.027115654200315475 0.00867372378706932 0.0380333736538887
v 0.026480527594685555 0.009304529055953026 0.06117744743824005
v 0.025635678321123123 0.011194121092557907 0.06001191586256027
v 0.024896686896681786 0.012898346409201622 0.05835463106632233
v 0.02434559352695942 0.014293720945715904 0.05641479417681694
v 0.02396644651889801 0.015316681936383247 0.05421363562345505
v 0.023778975009918213 0.01593143865466118 0.05184057354927063
v 0.023789264261722565 0.01611451618373394 0.049390316009521484
v 0.023999985307455063 0.015859203413128853 0.04695426672697067
v 0.024400655180215836 0.015176016837358475 0.04462698847055435
v 0.024992693215608597 0.014098158106207848 0.04249994829297066
v 0.025724263861775398 0.012653226032853127 0.04064806550741196
v 0.026580117642879486 0.01090233214199543 0.039147552102804184
v 0.02752949297428131 0.008913423866033554 0.038057222962379456
v 0.027769071981310844 0.009754063561558723 0.061192598193883896
v 0.02728530578315258 0.011760897934436798 0.06005203723907471
v 0.02683042362332344 0.013571429997682571 0.058405499905347824
v 0.02648947574198246 0.015037709847092628 0.05646401271224022
v 0.026239005848765373 0.016105681657791138 0.054260313510894775
v 0.0260933805257082 0.01673486828804016 0.051885511726140976
v 0.026060136035084724 0.0169027429074049 0.04943426325917244
v 0.026139335706830025 0.016601666808128357 0.046996910125017166
v 0.026326732710003853 0.015844330191612244 0.044666074216365814
v 0.026634639129042625 0.014663148671388626 0.04253222048282623
v 0.02701324038207531 0.013096712529659271 0.040673837065696716
v 0.027468591928482056 0.011208722367882729 0.03916589170694351
v 0.027982613071799278 0.009069455787539482 0.038066547363996506
v 0.029129333794116974 0.009943993762135506 0.061169128865003586
v 0.02900264598429203 0.011997781693935394 0.060026634484529495
v 0.02886575274169445 0.01385740377008915 0.058394961059093475
v 0.028738178312778473 0.015352632850408554 0.05644220858812332
v 0.02862267941236496 0.016440533101558685 0.0542348213493824
v 0.028518760576844215 0.017079351469874382 0.0518467091023922
v 0.028441045433282852 0.017237061634659767 0.04940129816532135
v 0.028381936252117157 0.016917593777179718 0.046966757625341415
v 0.02834581583738327 0.016129259020090103 0.04463951289653778
v 0.02833482250571251 0.014902230352163315 0.04251100867986679
v 0.028364557772874832 0.013284524902701378 0.04065481200814247
v 0.02839938923716545 0.011337826028466225 0.039152517914772034
v 0.028457047417759895 0.00913531705737114 0.03806003928184509
v 0.030501563102006912 0.009863138198852539 0.06110391020774841
v 0.030736232176423073 0.011893516406416893 0.05994934216141701
v 0.03090888261795044 0.013731367886066437 0.058313872665166855
v 0.03100077621638775 0.015228651463985443 0.05634632706642151
v 0.03102303110063076 0.01630980707705021 0.05412755534052849
v 0.030969617888331413 0.01694255881011486 0.05174707993865013
v 0.030840400606393814 0.017107665538787842 0.04929397627711296
v 0.03064173087477684 0.016795391216874123 0.04686424136161804
v 0.030380627140402794 0.016019070520997047 0.04454733803868294
v 0.0300641767680645 0.014808936044573784 0.04243201017379761
v 0.029725447297096252 0.013207752257585526 0.04059162363409996
v 0.02933693118393421 0.011285210028290749 0.03910959139466286
v 0.028934946283698082 0.009108234196901321 0.03803795203566551
v 0.03183235973119736 0.009521069005131721 0.061000704765319824
v 0.03241285681724548 0.011460656300187111 0.05981910228729248
v 0.03288346529006958 0.01321716420352459 0.058156125247478485
v 0.03319079801440239 0.01466624066233635 0.05617625266313553
v 0.0333499014377594 0.015716051682829857 0.053947485983371735
v 0.033343054354190826 0.016339821740984917 0.05156524479389191
v 0.03316777944564819 0.016516324132680893 0.04911492392420769
v 0.03283289074897766 0.016238365322351456 0.046693772077560425
v 0.03235185518860817 0.015517903491854668 0.04439311847090721
v 0.031741123646497726 0.014383569359779358 0.04230085760354996
v 0.031023791059851646 0.012877896428108215 0.04049661383032799
v 0.030244646593928337 0.011052018031477928 0.03903642296791077
v 0.029397916048765182 0.008989604189991951 0.03800060227513313
v 0.033064424991607666 0.00894121453166008 0.060856737196445465
v 0.03396772965788841 0.010724464431405067 0.0596349723637104
v 0.03471120819449425 0.012351442128419876 0.05794397369027138
v 0.0352284200489521 0.013691749423742294 0.05594231188297272
v 0.035511285066604614 0.014684157446026802 0.05370050296187401
v 0.03554689511656761 0.01528991386294365 0.05131290480494499
v 0.03532857820391655 0.01548696868121624 0.04886674880981445
v 0.03486936539411545 0.015269439667463303 0.046459682285785675
v 0.03418388217687607 0.014646373689174652 0.04418203607201576
v 0.033299364149570465 0.013642359524965286 0.042122021317481995
v 0.03224873170256615 0.012295572087168694 0.04035637155175209
v 0.031087854877114296 0.010649273172020912 0.03893950954079628
v 0.02982836402952671 0.008784489706158638 0.03795139119029045
v 0.03415921330451965 0.00812227837741375 0.06068163365125656
v 0.03534151613712311 0.009695576503872871 0.059409815818071365
v 0.03632662817835808 0.011143358424305916 0.05767882987856865
v 0.037027765065431595 0.012346755713224411 0.05564947798848152
v 0.037425603717565536 0.01325647346675396 0.05339456722140312
v 0.03749838471412659 0.013835718855261803 0.05100061371922493
v 0.03724372386932373 0.014060128480196 0.04856102913618088
v 0.036672502756118774 0.013925712555646896 0.04617179557681084
v 0.0358065590262413 0.013437431305646896 0.043922968208789825
v 0.03467877581715584 0.012613818049430847 0.04190170019865036
v 0.033332712948322296 0.01148778386414051 0.04018394649028778
v 0.031820137053728104 0.010101335123181343 0.038836520165205
v 0.03020826354622841 0.008499355986714363 0.037889495491981506
v 0.03507044166326523 0.007108759135007858 0.060481637716293335
v 0.03649156913161278 0.008421652019023895 0.05915975198149681
v 0.03767646849155426 0.00964508205652237 0.05738303065299988
v 0.03852972015738487 0.010681642219424248 0.05531911551952362
v 0.039020366966724396 0.011488538235425949 0.053043432533741
v 0.0391240268945694 0.012032506987452507 0.05064215883612633
v 0.03883786499500275 0.012290997430682182 0.048209622502326965
v 0.038173746317625046 0.012259311974048615 0.04584110528230667
v 0.03715699911117554 0.0119374580681324 0.043625202029943466
v 0.03582765907049179 0.011338412761688232 0.04164929315447807
v 0.0342349149286747 0.0104855727404356 0.03998560458421707
v 0.03244130685925484 0.009410172700881958 0.03869983181357384
v 0.030525686219334602 0.008147062733769417 0.03781997039914131
v 0.03576477989554405 0.005937904119491577 0.060265809297561646
v 0.037362419068813324 0.006945990025997162 0.05888962000608444
v 0.03870610147714615 0.007916934788227081 0.057064205408096313
v 0.039673034101724625 0.008760495111346245 0.05495945364236832
v 0.04023248702287674 0.009447615593671799 0.052659016102552414
v 0.040361057966947556 0.009949395433068275 0.0502508245408535
v 0.040051426738500595 0.010248906910419464 0.047828469425439835
v 0.03931626304984093 0.01033364050090313 0.045481521636247635
v 0.03818466514348984 0.010204320773482323 0.04330192878842354
v 0.03670096397399902 0.009864704683423042 0.04137374833226204
v 0.03492084518074989 0.009326929226517677 0.039768900722265244
v 0.03291279450058937 0.008612992241978645 0.03855019435286522
v 0.030765816569328308 0.007739163935184479 0.03774240240454674
v 0.036216214299201965 0.004654949530959129 0.06003675237298012
v 0.03793276101350784 0.005326161161065102 0.058600228279829025
v 0.03936947509646416 0.006016142666339874 0.05672798305749893
v 0.04041224718093872 0.006650717929005623 0.054586537182331085
v 0.04101678356528282 0.007208261638879776 0.052258703857660294
v 0.04115873947739601 0.007666680961847305 0.04984140768647194
v 0.040834132581949234 0.008008534088730812 0.04742724075913429
v 0.04005374014377594 0.008223237469792366 0.045105721801519394
v 0.0388481505215168 0.008304784074425697 0.04296496510505676
v 0.037264417856931686 0.008248316124081612 0.041087087243795395
v 0.03536362200975418 0.008058305829763412 0.03954440355300903
v 0.033219270408153534 0.007738377898931503 0.038395702838897705
v 0.03092142753303051 0.007292233407497406 0.03766300529241562
v 0.03640491142868996 0.003308303654193878 0.05980261415243149
v 0.038172412663698196 0.003632502630352974 0.05831146612763405
v 0.039658546447753906 0.004016963765025139 0.056389220058918
v 0.04072734713554382 0.004436206072568893 0.05421153083443642
v 0.04134500026702881 0.004859957844018936 0.0518624447286129
v 0.0414888896048069 0.005272282287478447 0.04942740872502327
v 0.041157666593790054 0.005656260997056961 0.04702790454030037
v 0.040359459817409515 0.006007730960845947 0.04473058506846428
v 0.03912317380309105 0.006311768665909767 0.04262758791446686
v 0.0374978631734848 0.006553983315825462 0.040801167488098145
v 0.03554769605398178 0.0067264121025800705 0.03932029381394386
v 0.0333460196852684 0.006822783499956131 0.03824320062994957
v 0.03098585642874241 0.00682341493666172 0.03758319467306137
v 0.036321233958005905 0.0019509941339492798 0.05958119034767151
v 0.03807603195309639 0.0019165575504302979 0.058034442365169525
v 0.039543550461530685 0.0020039379596710205 0.056065842509269714
v 0.04060322418808937 0.002199741080403328 0.05384892225265503
v 0.041190747171640396 0.0024854373186826706 0.051449429243803024
v 0.04134248569607735 0.002847714349627495 0.04904163256287575
v 0.041013166308403015 0.003283195197582245 0.04664583131670952
v 0.0402219295501709 0.0037738606333732605 0.044369734823703766
v 0.03899933770298958 0.004300763830542564 0.042303360998630524
v 0.037391532212495804 0.004846010357141495 0.04052531719207764
v 0.03546321019530296 0.005383512005209923 0.039103005081415176
v 0.03330130875110626 0.0058759599924087524 0.03806494176387787
v 0.03095577098429203 0.006350703537464142 0.03750499710440636
v 0.03596273809671402 0.0006348472088575363 0.059367235749959946
v 0.03762161731719971 0.00026080384850502014 0.057764966040849686
v 0.03900240361690521 5.41098415851593e-05 0.055735375732183456
v 0.040006037801504135 2.656877040863037e-05 0.05348190665245056
v 0.04058677703142166 0.00017505139112472534 0.051104698330163956
v 0.04072071984410286 0.0004957057535648346 0.04867306351661682
v 0.040404126048088074 0.0009787194430828094 0.0462849959731102
v 0.0396471805870533 0.0016055181622505188 0.044035885483026505
v 0.038481131196022034 0.00235089473426342 0.04200469329953194
v 0.036950863897800446 0.0031881332397460938 0.04027120769023895
v 0.035116638988256454 0.0040823426097631454 0.03890275955200195
v 0.03306024521589279 0.004976671189069748 0.037923481315374374
v 0.030832912772893906 0.005892563611268997 0.03743330389261246
v 0.03535504639148712 -0.0005905721336603165 0.059176966547966
v 0.0368536077439785 -0.0012825429439544678 0.0575249046087265
v 0.038109179586172104 -0.0017651021480560303 0.05546976253390312
v 0.03901730477809906 -0.0019934549927711487 0.053198277950286865
v 0.03953449800610542 -0.0019688736647367477 0.050792619585990906
v 0.03964610397815704 -0.0016900748014450073 0.048352017998695374
v 0.0393487848341465 -0.0011643506586551666 0.045968666672706604
v 0.03865308687090874 -0.00041375868022441864 0.04373478889465332
v 0.03758642077445984 0.0005348436534404755 0.04173290356993675
v 0.03619043529033661 0.001645030453801155 0.04004324600100517
v 0.034519586712121964 0.002869747579097748 0.038727257400751114
v 0.032648466527462006 0.0041417405009269714 0.037801675498485565
v 0.030623480677604675 0.005465926602482796 0.03737085312604904
v 0.03451690450310707 -0.0016829036176204681 0.05902192369103432
v 0.03579597920179367 -0.00266377255320549 0.05732780322432518
v 0.036880601197481155 -0.0033663585782051086 0.05525441840291023
v 0.03764934837818146 -0.003779463469982147 0.05296081304550171
v 0.03808046504855156 -0.0038681048899888992 0.0505383238196373
v 0.038163088262081146 -0.003626745194196701 0.04809047654271126
v 0.03789272531867027 -0.0030647311359643936 0.0457092821598053
v 0.03728159889578819 -0.0022033043205738068 0.0434882789850235
v 0.03635274991393089 -0.0010754317045211792 0.041511114686727524
v 0.03514077514410019 0.0002769436687231064 0.039853550493717194
v 0.033706702291965485 0.0017612390220165253 0.03854510560631752
v 0.0320793017745018 0.0033990051597356796 0.03769884631037712
v 0.03033239208161831 0.005089195445179939 0.037318844348192215
v 0.033483438193798065 -0.0025919079780578613 0.0589061863720417
v 0.034505777060985565 -0.003789162263274193 0.057198669761419296
v 0.03536348417401314 -0.004692539572715759 0.05510750785470009
v 0.03595774620771408 -0.00526219978928566 0.05278646573424339
v 0.03627946227788925 -0.005447951145470142 0.05034605786204338
v 0.0363268107175827 -0.00524083711206913 0.04789317026734352
v 0.036090608686208725 -0.004648270085453987 0.0455143004655838
v 0.03558453544974327 -0.0036950241774320602 0.04330415651202202
v 0.03482506424188614 -0.00241752527654171 0.04134431853890419
v 0.0338415801525116 -0.0008652396500110626 0.039711806923151016
v 0.03268454596400261 0.0008636526763439178 0.0384337417781353
v 0.03137445077300072 0.002781270071864128 0.03762245923280716
v 0.029974408447742462 0.0047735795378685 0.037280093878507614
v 0.028535280376672745 0.006763789802789688 0.037415165454149246
v 0.03229617699980736 -0.0032794754952192307 0.05884118378162384
v 0.03301655873656273 -0.004642631858587265 0.05712547153234482
v 0.033606816083192825 -0.005707988515496254 0.05501212924718857
v 0.03399867191910744 -0.006395586766302586 0.05267079174518585
v 0.03420170024037361 -0.006653140299022198 0.05022311210632324
v 0.034207772463560104 -0.006470715627074242 0.047767966985702515
v 0.03401310741901398 -0.005855203606188297 0.04539148509502411
v 0.03362664580345154 -0.004831991158425808 0.04318840801715851
v 0.033063407987356186 -0.0034409118816256523 0.04124051332473755
v 0.032351937144994736 -0.001775447279214859 0.03959260508418083
v 0.03150482103228569 0.00017959251999855042 0.038362570106983185
v 0.030562719330191612 0.002311060205101967 0.03757360205054283
v 0.02956004999577999 0.004534175619482994 0.037255026400089264
v 0.030997905880212784 -0.0037217289209365845 0.058815404772758484
v 0.031381335109472275 -0.005200343206524849 0.0571010522544384
v 0.0316782146692276 -0.0063735367730259895 0.05497637018561363
v 0.03185490518808365 -0.007134738378226757 0.05262921750545502
v 0.03192504122853279 -0.0074370019137859344 0.050177447497844696
v 0.03188597410917282 -0.0072689298540353775 0.04771900922060013
v 0.03173639997839928 -0.006638956256210804 0.045343123376369476
v 0.03148326650261879 -0.005570857785642147 0.043143969029188156
v 0.031134547665715218 -0.004106444306671619 0.04120137169957161
v 0.030709289014339447 -0.0023409035056829453 0.03955850750207901
v 0.030215665698051453 -0.0002637002617120743 0.03833695128560066
v 0.029674677178263664 0.0020044278353452682 0.03755634278059006
v 0.029107121750712395 0.004378011450171471 0.03724629804491997
v 0.029637455940246582 -0.003908829763531685 0.05884106457233429
v 0.029663728550076485 -0.00543875340372324 0.0571259967982769
v 0.029655061662197113 -0.006657234393060207 0.05500166863203049
v 0.02960825525224209 -0.007448933087289333 0.05265920236706734
v 0.029540836811065674 -0.007768680341541767 0.05021163821220398
v 0.029450498521327972 -0.007605144754052162 0.04774241894483566
v 0.029352113604545593 -0.006969979964196682 0.04537567123770714
v 0.029238760471343994 -0.005882918834686279 0.04317542165517807
v 0.02911645919084549 -0.004385093227028847 0.041229140013456345
v 0.028990140184760094 -0.002579321153461933 0.039582736790180206
v 0.028864236548542976 -0.00045167654752731323 0.03835576772689819
v 0.0287434384226799 0.0018765628337860107 0.037568870931863785
v 0.02863249182701111 0.004312269389629364 0.03725248947739601
v 0.028264109045267105 -0.0038300510495901108 0.05889831855893135
v 0.027933228760957718 -0.005347533151507378 0.05720588192343712
v 0.02761276625096798 -0.0065510813146829605 0.05508441850543022
v 0.027343833819031715 -0.007326471619307995 0.052758779376745224
v 0.027137629687786102 -0.007636910304427147 0.05031777173280716
v 0.027005033567547798 -0.007471085526049137 0.04786268621683121
v 0.02695154957473278 -0.006837234832346439 0.04548800736665726
v 0.026978041976690292 -0.005757438018918037 0.04328076168894768
v 0.027079759165644646 -0.004312803037464619 0.04129580035805702
v 0.027258750051259995 -0.0024821702390909195 0.03966284543275833
v 0.027503320947289467 -0.00037436001002788544 0.03841926157474518
v 0.02780633233487606 0.0019282232969999313 0.037612978368997574
v 0.02815491333603859 0.0043391939252614975 0.03727513179183006
v 0.026932980865240097 -0.0034925714135169983 0.059001173824071884
v 0.02625393494963646 -0.004922632128000259 0.057332683354616165
v 0.025637174025177956 -0.00605314876884222 0.055233437567949295
v 0.02515007182955742 -0.006771060638129711 0.05292760208249092
v 0.02481056936085224 -0.007046854123473167 0.05050162971019745
v 0.024634797126054764 -0.006869337521493435 0.04805270582437515
v 0.024626029655337334 -0.006245763972401619 0.04567472264170647
v 0.02478710561990738 -0.005197946913540363 0.04345650598406792
v 0.02510726824402809 -0.003808027133345604 0.04145323112607002
v 0.02558044344186783 -0.0020532943308353424 0.03979671001434326
v 0.02618594653904438 -3.7146732211112976e-05 0.03852414712309837
v 0.02689812332391739 0.002161521464586258 0.037684760987758636
v 0.02769167348742485 0.004457980394363403 0.03731163963675499
v 0.025695208460092545 -0.002903088927268982 0.059138763695955276
v 0.02468991093337536 -0.004189563915133476 0.05750090256333351
v 0.023801637813448906 -0.005184647627174854 0.05544039607048035
v 0.023111902177333832 -0.00580359622836113 0.053161539137363434
v 0.022649426013231277 -0.006018761545419693 0.05075310915708542
v 0.022430120036005974 -0.005821065045893192 0.0483090803027153
v 0.02246493473649025 -0.005217602476477623 0.04592470824718475
v 0.0227498859167099 -0.004233198240399361 0.04369259625673294
v 0.023274635896086693 -0.0029323622584342957 0.04166647791862488
v 0.024022111669182777 -0.001308223232626915 0.039978835731744766
v 0.024960894137620926 0.0005483105778694153 0.03866741061210632
v 0.02605542540550232 0.002564460039138794 0.03778371214866638
v 0.027261722832918167 0.0046630315482616425 0.03736218437552452
v 0.024602122604846954 -0.0020813345909118652 0.059315431863069534
v 0.02330813556909561 -0.0031608212739229202 0.05771676450967789
v 0.022176207974553108 -0.003976795822381973 0.05569613724946976
v 0.02130728028714657 -0.00446089543402195 0.05344926193356514
v 0.020734325051307678 -0.004592275246977806 0.051059432327747345
v 0.020478807389736176 -0.0043666427955031395 0.04862267151474953
v 0.020551400259137154 -0.003791745752096176 0.046232886612415314
v 0.020944545045495033 -0.002914104610681534 0.043959055095911026
v 0.02165195345878601 -0.001718904823064804 0.04192830249667168
v 0.022642381489276886 -0.00027565285563468933 0.04020122438669205
v 0.02387668564915657 0.0013592131435871124 0.03884221985936165
v 0.025307858362793922 0.003122931346297264 0.0379040353000164
v 0.026881596073508263 0.004948511719703674 0.03742332383990288
v 0.02369372919201851 -0.0010667778551578522 0.059520523995161057
v 0.022159459069371223 -0.0018842611461877823 0.05797029286623001
v 0.020825952291488647 -0.0024768635630607605 0.05599614977836609
v 0.019805721938610077 -0.002794204279780388 0.053781040012836456
v 0.019140537828207016 -0.00282224640250206 0.05141114816069603
v 0.01885438896715641 -0.00256241112947464 0.04898098111152649
v 0.018959496170282364 -0.00202212855219841 0.046584099531173706
v 0.01944989711046219 -0.0012244191020727158 0.04431397467851639
v 0.020301975309848785 -0.00021399185061454773 0.042227670550346375
v 0.02149403840303421 0.001003853976726532 0.04045615345239639
v 0.02297474630177021 0.0023646801710128784 0.0390426330268383
v 0.0246866587549448 0.0038161929696798325 0.03804219141602516
v 0.026564370840787888 0.005300752818584442 0.03749387338757515
v 0.02300497144460678 0.00010394863784313202 0.05974302813410759
v 0.021287674084305763 -0.00041023828089237213 0.05824703723192215
v 0.019797777757048607 -0.0007445085793733597 0.05632180720567703
v 0.018663190305233 -0.0008679162710905075 0.05413983762264252
v 0.017929036170244217 -0.0007786136120557785 0.05179169401526451
v 0.01761995628476143 -0.00047709979116916656 0.04936916008591652
v 0.01775176450610161 2.03792005777359e-05 0.04696712642908096
v 0.018313923850655556 0.0006999187171459198 0.044672224670648575
v 0.01927654817700386 0.0015242304652929306 0.04255470633506775
v 0.020621923729777336 0.0024816207587718964 0.04073360189795494
v 0.02228921465575695 0.0035265330225229263 0.03926035016775131
v 0.024214671924710274 0.004615582525730133 0.03819175064563751
v 0.026323992758989334 0.005708729848265648 0.03756999596953392
v 0.02255885675549507 0.0013851374387741089 0.05997483804821968
v 0.020724134519696236 0.0012039430439472198 0.058538198471069336
v 0.019133729860186577 0.0011536460369825363 0.056662045419216156
v 0.01792680099606514 0.001242445781826973 0.05451750382781029
v 0.01714717410504818 0.0014631059020757675 0.05218962952494621
v 0.0168260857462883 0.0018070675432682037 0.049774281680583954
v 0.016972845420241356 0.002260735258460045 0.04736516624689102
v 0.017580416053533554 0.002810884267091751 0.0450499951839447
v 0.018614012748003006 0.0034281648695468903 0.04289458692073822
v 0.020058827474713326 0.004101904109120369 0.041022878140211105
v 0.02184731513261795 0.0047981832176446915 0.03948786109685898
v 0.023909494280815125 0.005491903051733971 0.03834910690784454
v 0.026168588548898697 0.006155673414468765 0.03765026852488518
v -0.033980466425418854 -0.0001353006809949875 0.06387453526258469
v -0.035557981580495834 -0.00011813826858997345 0.06344704329967499
v -0.037020955234766006 -4.455074667930603e-05 0.06271831691265106
v -0.03825769200921059 7.829070091247559e-05 0.06175785884261131
v -0.03395888954401016 0.00017940998077392578 0.06392430514097214
v -0.03551720827817917 0.0004995595663785934 0.06354492157697678
v -0.036962974816560745 0.0008503124117851257 0.06286638975143433
v -0.038184814155101776 0.0012040510773658752 0.06195009499788284
v -0.0338786244392395 0.000484611839056015 0.06397414952516556
v -0.03535786271095276 0.0010954923927783966 0.06364310532808304
v -0.03673062101006508 0.0017164219170808792 0.06300679594278336
v -0.037891753017902374 0.002295244485139847 0.06212475150823593
v -0.03373875841498375 0.000768052414059639 0.06401673704385757
v -0.03508235514163971 0.001651877537369728 0.06372593343257904
v -0.03633192926645279 0.0025221239775419235 0.0631290078163147
v -0.037389326840639114 0.003310948610305786 0.06228032335639
v -0.03354529291391373 0.001018458977341652 0.06405352056026459
v -0.03470373898744583 0.0021435804665088654 0.06379811465740204
v -0.035782136023044586 0.003236114978790283 0.06322957575321198
v -0.03669659048318863 0.004211602732539177 0.062404975295066833
v -0.0333067923784256 0.0012288093566894531 0.06408090889453888
v -0.034235164523124695 0.0025546252727508545 0.06384847313165665
v -0.03510173782706261 0.0038310550153255463 0.06330467015504837
v -0.035839129239320755 0.004958726465702057 0.06250102072954178
v -0.033031634986400604 0.0013874638825654984 0.06409849226474762
v -0.033694956451654434 0.0028669144958257675 0.06388391554355621
v -0.03431803733110428 0.004284268245100975 0.06335338950157166
v -0.03485148400068283 0.005528304725885391 0.06255947798490524
v -0.032729145139455795 0.001491660252213478 0.06410468369722366
v -0.03310442715883255 0.003070291131734848 0.06389397382736206
v -0.03346055746078491 0.004578862339258194 0.06337018311023712
v -0.03377150744199753 0.005898861214518547 0.06258129328489304
v -0.032413750886917114 0.001534460112452507 0.06410122662782669
v -0.032485153526067734 0.003155149519443512 0.06388850510120392
v -0.032562535256147385 0.004702916368842125 0.06336009502410889
v -0.03264060989022255 0.006057571619749069 0.0625680685043335
v -0.032095927745103836 0.0015168935060501099 0.06408553570508957
v -0.031861405819654465 0.0031200647354125977 0.06385686993598938
v -0.03165882080793381 0.004651675000786781 0.06331748515367508
v -0.03150426223874092 0.005993276834487915 0.06252115964889526
v -0.031787410378456116 0.0014372635632753372 0.06406043469905853
v -0.03125838190317154 0.0029643289744853973 0.06381156295537949
v -0.03078421950340271 0.004426395520567894 0.06325159221887589
v -0.030401675030589104 0.00571182556450367 0.062438588589429855
v -0.03150194510817528 0.001300320029258728 0.06402678042650223
v -0.03069772943854332 0.0026954486966133118 0.06374410539865494
v -0.029970930889248848 0.004036584869027138 0.06315641850233078
v -0.029376577585935593 0.00521901436150074 0.062320202589035034
v -0.0312496330589056 0.0011097397655248642 0.06398504227399826
v -0.030202340334653854 0.0023230593651533127 0.06366436183452606
v -0.0292507316917181 0.003497006371617317 0.06303765624761581
v -0.028465475887060165 0.004539210349321365 0.062167949974536896
v -0.031039373949170113 0.0008757971227169037 0.06393589079380035
v -0.029790740460157394 0.001863362267613411 0.06356710195541382
v -0.028652243316173553 0.002827923744916916 0.06290089339017868
v -0.027710942551493645 0.0036947131156921387 0.061996299773454666
v -0.03088095597922802 0.0006047561764717102 0.06388305127620697
v -0.02947726473212242 0.0013306662440299988 0.06346714496612549
v -0.028197841718792915 0.002055671066045761 0.06275172531604767
v -0.02713857777416706 0.0027216393500566483 0.06180437654256821
v -0.03077796660363674 0.0003067571669816971 0.06382858008146286
v -0.029277445748448372 0.0007490813732147217 0.06335648894309998
v -0.0279071144759655 0.0012110807001590729 0.0625901147723198
v -0.026770269498229027 0.0016575288027524948 0.06160470098257065
v -0.030737677589058876 -3.773719072341919e-06 0.06377189606428146
v -0.029196014627814293 0.00013833120465278625 0.06324737519025803
v -0.02778860367834568 0.0003253873437643051 0.06243183836340904
v -0.02661805972456932 0.0005406029522418976 0.061404529958963394
v -0.03075643628835678 -0.0003181435167789459 0.06372209638357162
v -0.029235122725367546 -0.0004773959517478943 0.06314379721879959
v -0.027848022058606148 -0.0005659665912389755 0.062276821583509445
v -0.026693042367696762 -0.0005848482251167297 0.06121267005801201
v -0.030838564038276672 -0.0006237365305423737 0.06367281079292297
v -0.029393203556537628 -0.00107542984187603 0.06305208057165146
v -0.028076203539967537 -0.0014340449124574661 0.06214442104101181
v -0.02698327600955963 -0.0016760770231485367 0.06104009225964546
v -0.03097728081047535 -0.0009078066796064377 0.0636315569281578
v -0.029668379575014114 -0.0016309451311826706 0.0629654973745346
v -0.02847302518785 -0.0022408366203308105 0.062023747712373734
v -0.027481235563755035 -0.0026954561471939087 0.06089436262845993
v -0.03116871416568756 -0.00116053968667984 0.06360144168138504
v -0.030042698606848717 -0.0021266676485538483 0.06290651112794876
v -0.02901829220354557 -0.002959303557872772 0.0619305856525898
v -0.028169823810458183 -0.0036006439477205276 0.06077078729867935
v -0.031406231224536896 -0.0013720374554395676 0.06357622146606445
v -0.03050968609750271 -0.0025383755564689636 0.06285428255796432
v -0.02969534881412983 -0.0035580620169639587 0.061860501766204834
v -0.02902551367878914 -0.004354739561676979 0.06068239361047745
v -0.03168010339140892 -0.0015326868742704391 0.06356301158666611
v -0.0310477577149868 -0.0028550736606121063 0.06282928586006165
v -0.030477263033390045 -0.004015197977423668 0.06181789189577103
v -0.030011435970664024 -0.004930600523948669 0.060624949634075165
v -0.03198196738958359 -0.0016383491456508636 0.06355801224708557
v -0.03163733705878258 -0.0030596423894166946 0.06281591951847076
v -0.031333815306425095 -0.0043113213032484055 0.061798933893442154
v -0.031091788783669472 -0.005302876234054565 0.06060369685292244
v -0.03229716047644615 -0.0016816575080156326 0.06356325000524521
v -0.032256510108709335 -0.003146836534142494 0.0628298744559288
v -0.032231658697128296 -0.004437778145074844 0.061816390603780746
v -0.0322236530482769 -0.005461584776639938 0.06061641126871109
v -0.03261471539735794 -0.0016651004552841187 0.06357981264591217
v -0.0328800342977047 -0.0031119026243686676 0.06285709887742996
v -0.033136431127786636 -0.004385564476251602 0.06185741350054741
v -0.033365290611982346 -0.005396230146288872 0.06067507714033127
v -0.03292384743690491 -0.0015850048512220383 0.06360463798046112
v -0.03348429128527641 -0.0029573626816272736 0.06290953606367111
v -0.03401286154985428 -0.004160866141319275 0.061929747462272644
v -0.0344693697988987 -0.00511104054749012 0.06076185777783394
v -0.033209968358278275 -0.0014483500272035599 0.06363814324140549
v -0.0340455062687397 -0.0026870593428611755 0.06297152489423752
v -0.03482729196548462 -0.0037691015750169754 0.06202207878232002
v -0.03549536317586899 -0.0046162791550159454 0.06087879836559296
v -0.03346331790089607 -0.0012561175972223282 0.06367702782154083
v -0.03454343602061272 -0.0023139752447605133 0.06305376440286636
v -0.03554848954081535 -0.0032269004732370377 0.06213637441396713
v -0.03640332445502281 -0.003929931670427322 0.06101588159799576
v -0.03367475047707558 -0.0010202489793300629 0.0637219026684761
v -0.03495682030916214 -0.0018511824309825897 0.0631415992975235
v -0.036149803549051285 -0.0025564823299646378 0.062271054834127426
v -0.037158310413360596 -0.0030821487307548523 0.0611846037209034
v -0.032351963222026825 -9.756535291671753e-05 0.0639881044626236
v -0.03383500128984451 -0.00074722059071064 0.06377115845680237
v -0.03527204319834709 -0.001316256821155548 0.06324144452810287
v -0.03660633787512779 -0.0017812307924032211 0.06241583824157715
v -0.037732962518930435 -0.002108447253704071 0.06136802211403847
v -0.03393733128905296 -0.0004473309963941574 0.06382207572460175
v -0.035473451018333435 -0.0007300823926925659 0.06333985924720764
v -0.0368986502289772 -0.0009313076734542847 0.06256263703107834
v -0.03810594975948334 -0.0010424964129924774 0.06156615540385246
v -0.03946423903107643 0.00017632544040679932 0.06094216927886009
v -0.04133641719818115 0.00034999288618564606 0.059563733637332916
v -0.042958665639162064 0.0006138142198324203 0.05774083733558655
v -0.044190891087055206 0.0009336173534393311 0.05563913285732269
v -0.04498782753944397 0.001294715330004692 0.0533398762345314
v -0.04531717672944069 0.001680426299571991 0.050931937992572784
v -0.04516540467739105 0.002084016799926758 0.04851865768432617
v -0.04453863948583603 0.0024924669414758682 0.046179331839084625
v -0.04346093907952309 0.0028893928974866867 0.044006943702697754
v -0.04197433963418007 0.0032572485506534576 0.042086854577064514
v -0.04013751074671745 0.003582693636417389 0.04049165919423103
v -0.038019418716430664 0.0038529299199581146 0.03928401693701744
v -0.035732775926589966 0.0040484461933374405 0.03849685192108154
v -0.03937646001577377 0.001530064269900322 0.061174023896455765
v -0.04122065380215645 0.002056298777461052 0.059848129749298096
v -0.04282023385167122 0.00262373685836792 0.058073628693819046
v -0.04403867945075035 0.0031623560935258865 0.05600442737340927
v -0.04483087733387947 0.0036617740988731384 0.0537271611392498
v -0.04515804350376129 0.004096023738384247 0.051329173147678375
v -0.045010510832071304 0.004455443471670151 0.048903368413448334
v -0.044392455369234085 0.0047257933765649796 0.04654073715209961
v -0.04332935810089111 0.004899296909570694 0.044332146644592285
v -0.04186287894845009 0.004966244101524353 0.04236307367682457
v -0.04004982113838196 0.004926338791847229 0.04070824384689331
v -0.03796052187681198 0.004779176786541939 0.03943178802728653
v -0.03570310398936272 0.00452064722776413 0.03857406973838806
v -0.03902234137058258 0.002842392772436142 0.061386361718177795
v -0.04077123478055 0.003717605024576187 0.060111917555332184
v -0.042298439890146255 0.0045674629509449005 0.058378688991069794
v -0.04345429316163063 0.005320865660905838 0.056343115866184235
v -0.04420914873480797 0.005954114720225334 0.0540870726108551
v -0.04452604055404663 0.006437450647354126 0.051695335656404495
v -0.0443899892270565 0.006752420216798782 0.04926077648997307
v -0.04380779713392258 0.006889870390295982 0.04687593877315521
v -0.04280401021242142 0.00684736855328083 0.04463312029838562
v -0.041416823863983154 0.006624121218919754 0.0426187701523304
v -0.039699479937553406 0.006227843463420868 0.04090900346636772
v -0.0377541147172451 0.005661552771925926 0.0395631268620491
v -0.035580798983573914 0.004978949204087257 0.03864559531211853
v -0.03841642662882805 0.004063388332724571 0.06156744435429573
v -0.040011387318372726 0.0052568744868040085 0.06033413112163544
v -0.04139646515250206 0.00636969693005085 0.05864223092794418
v -0.04245460778474808 0.007327631115913391 0.056640736758708954
v -0.043147239834070206 0.008084814995527267 0.054403260350227356
v -0.04344223812222481 0.008611410856246948 0.05201742798089981
v -0.04332628846168518 0.00888524018228054 0.04957524687051773
v -0.0428069569170475 0.008901922032237053 0.04717274010181427
v -0.04190382733941078 0.008658673614263535 0.04489954560995102
v -0.040651895105838776 0.008164826780557632 0.04284506291151047
v -0.039098773151636124 0.007439298555254936 0.04108654335141182
v -0.037304624915122986 0.0065097324550151825 0.03969195485115051
v -0.03537067025899887 0.005405282601714134 0.0387086495757103
v -0.03758403658866882 0.00514434278011322 0.061717480421066284
v -0.03896142914891243 0.006615344434976578 0.060521986335515976
v -0.04016288369894028 0.007970605045557022 0.058866892009973526
v -0.04107775166630745 0.009099498391151428 0.05688672140240669
v -0.041686102747917175 0.009971695020794868 0.05466543510556221
v -0.0419510155916214 0.010537397116422653 0.052283674478530884
v -0.041864532977342606 0.010777436196804047 0.0498356856405735
v -0.04143025726079941 0.010684775188565254 0.04741731286048889
v -0.04066522419452667 0.010263899341225624 0.04511906951665878
v -0.03959820792078972 0.009529829025268555 0.043031446635723114
v -0.038271162658929825 0.008512202650308609 0.04123273119330406
v -0.03677267208695412 0.0072387345135211945 0.03978855907917023
v -0.035080112516880035 0.005782263353466988 0.03876050189137459
v -0.036552514880895615 0.006047917529940605 0.06182718276977539
v -0.03766956552863121 0.007742505520582199 0.06067199632525444
v -0.038636378943920135 0.009303348138928413 0.05904015526175499
v -0.03938443586230278 0.01058436743915081 0.05708022788167
v -0.039883241057395935 0.011547556146979332 0.054863229393959045
v -0.0401114821434021 0.012144127860665321 0.05248332396149635
v -0.040058933198451996 0.012353995814919472 0.05003104731440544
v -0.03972963988780975 0.012170128524303436 0.047600120306015015
v -0.039134591817855835 0.0116009172052145 0.0452834852039814
v -0.03829697519540787 0.010667383670806885 0.04317093268036842
v -0.03724886476993561 0.009405670687556267 0.041341885924339294
v -0.03606889396905899 0.007856128737330437 0.03986509144306183
v -0.03472219407558441 0.006097933277487755 0.03879960998892784
v -0.03536796569824219 0.006720580160617828 0.06189625337719917
v -0.036174219101667404 0.008595103397965431 0.06076641008257866
v -0.036878447979688644 0.010318415239453316 0.05915437266230583
v -0.037428613752126694 0.011720295995473862 0.057195648550987244
v -0.03780553489923477 0.012750178575515747 0.05498482286930084
v -0.03799061477184296 0.013368338346481323 0.052607133984565735
v -0.03797989711165428 0.013554608449339867 0.05015198141336441
v -0.03776995837688446 0.013300837948918343 0.04771427810192108
v -0.03737109154462814 0.012617887929081917 0.045386381447315216
v -0.036797430366277695 0.011532505974173546 0.043258070945739746
v -0.03611336648464203 0.010077878832817078 0.04141172394156456
v -0.035258084535598755 0.008326681330800056 0.03991323336958885
v -0.03430799022316933 0.006337566301226616 0.03882399946451187
v -0.03407028317451477 0.0071707312017679214 0.06192117929458618
v -0.034536369144916534 0.009170064702630043 0.060803916305303574
v -0.03495349362492561 0.010995812714099884 0.059196751564741135
v -0.035287387669086456 0.012459345161914825 0.05723642557859421
v -0.035530317574739456 0.013529852032661438 0.055026568472385406
v -0.03567127883434296 0.014161167666316032 0.052649226039648056
v -0.03570372611284256 0.014331819489598274 0.05019392445683479
v -0.03562656790018082 0.014032835140824318 0.04775494337081909
v -0.035442691296339035 0.013276636600494385 0.04542314261198044
v -0.035156771540641785 0.012092377990484238 0.04328920692205429
v -0.034825198352336884 0.010521477088332176 0.04143764078617096
v -0.03437007591128349 0.008633248507976532 0.03993114456534386
v -0.03385506570339203 0.006493685767054558 0.03883309289813042
v -0.03271539881825447 0.007359955459833145 0.06190916895866394
v -0.03281629458069801 0.009416647255420685 0.06077149137854576
v -0.03292711824178696 0.011280156672000885 0.059153590351343155
v -0.03304111212491989 0.012769769877195358 0.05719609558582306
v -0.03314800187945366 0.013855747878551483 0.05498779937624931
v -0.033241406083106995 0.014494359493255615 0.05260596051812172
v -0.03332221508026123 0.014654627069830894 0.05015658959746361
v -0.03338312357664108 0.014337316155433655 0.047720618546009064
v -0.03342331573367119 0.013550743460655212 0.045393358916044235
v -0.03348425403237343 0.012326939031481743 0.043270666152238846
v -0.03347449377179146 0.010709390044212341 0.04141872376203537
v -0.033439043909311295 0.008762365207076073 0.039917849004268646
v -0.033380746841430664 0.0065596140921115875 0.03882644325494766
v -0.03135460987687111 0.007284574210643768 0.06185763329267502
v -0.03108425810933113 0.009316541254520416 0.0606863759458065
v -0.030876172706484795 0.011153103783726692 0.05902974680066109
v -0.030777577310800552 0.012636303901672363 0.05707763880491257
v -0.030749326571822166 0.013714827597141266 0.054867956787347794
v -0.030798356980085373 0.014348898082971573 0.052491795271635056
v -0.030925601720809937 0.014514775946736336 0.05004269257187843
v -0.031125010922551155 0.014204457402229309 0.04761243611574173
v -0.031388238072395325 0.01343141682446003 0.04529320076107979
v -0.031753960996866226 0.012229176238179207 0.043190278112888336
v -0.03211371973156929 0.010632336139678955 0.04135540500283241
v -0.03250180184841156 0.008709657937288284 0.039874300360679626
v -0.032903045415878296 0.006532622501254082 0.03880422189831734
v -0.03003082610666752 0.006955049932003021 0.06176605075597763
v -0.029412316158413887 0.008887240663170815 0.0605514720082283
v -0.02890479564666748 0.010636962950229645 0.05885490030050278
v -0.028589382767677307 0.012068277224898338 0.056894104927778244
v -0.028428008779883385 0.013114096596837044 0.054679423570632935
v -0.028433075174689293 0.013736346736550331 0.05230145901441574
v -0.02860582061111927 0.01391315646469593 0.04985620826482773
v -0.02893914468586445 0.01363743282854557 0.04743604362010956
v -0.029462669044733047 0.012933053076267242 0.04515020549297333
v -0.03007623739540577 0.011800061911344528 0.04305686801671982
v -0.030796654522418976 0.010295258834958076 0.041250694543123245
v -0.03159394860267639 0.008476540446281433 0.03980189934372902
v -0.03244002163410187 0.006413962692022324 0.038767337799072266
v -0.028800571337342262 0.006355416029691696 0.06161899119615555
v -0.027862032875418663 0.00813700444996357 0.060370393097400665
v -0.027085023000836372 0.009759703651070595 0.058647941797971725
v -0.026562524959445 0.011091357097029686 0.056658804416656494
v -0.026276040822267532 0.012076539918780327 0.05442868173122406
v -0.026237929239869118 0.012679062783718109 0.05204599350690842
v -0.0264520775526762 0.012875759974122047 0.049604032188653946
v -0.026909014210104942 0.012659762054681778 0.047197677195072174
v -0.027631042525172234 0.012056740000844002 0.04493709281086922
v -0.028518637642264366 0.011055249720811844 0.04287584125995636
v -0.029571710154414177 0.009709959849715233 0.041108060628175735
v -0.030751274898648262 0.00807354599237442 0.039703793823719025
v -0.03201010078191757 0.006208853796124458 0.03871742635965347
v -0.02769865095615387 0.0055382587015628815 0.06143219396471977
v -0.02648898959159851 0.007104190066456795 0.06015375256538391
v -0.025480033829808235 0.008548900485038757 0.05840317904949188
v -0.024771584197878838 0.00974300131201744 0.05637597292661667
v -0.024372629821300507 0.010643107816576958 0.05412355065345764
v -0.024296769872307777 0.011216254904866219 0.0517331101000309
v -0.024547576904296875 0.011439759284257889 0.04929644986987114
v -0.025114480406045914 0.011307368054986 0.04690735787153244
v -0.026008818298578262 0.010843198746442795 0.04467529058456421
v -0.02713915891945362 0.010022973641753197 0.04265331104397774
v -0.028487784788012505 0.008899059146642685 0.040933288633823395
v -0.030004000291228294 0.007515182718634605 0.039583537727594376
v -0.031630147248506546 0.005923483520746231 0.038655996322631836
v -0.0267866849899292 0.004523558542132378 0.06122816354036331
v -0.025349296629428864 0.005826873704791069 0.05990307405591011
v -0.02414298802614212 0.007046924903988838 0.05811971053481102
v -0.02328094281256199 0.008073003962635994 0.056053005158901215
v -0.0227875504642725 0.008869145065546036 0.053775787353515625
v -0.02268039993941784 0.00940612144768238 0.051377106457948685
v -0.022963108494877815 0.009662605822086334 0.04894528537988663
v -0.023623382672667503 0.009631585329771042 0.046575918793678284
v -0.024659495800733566 0.009338833391666412 0.044375497847795486
v -0.025991296395659447 0.008743688464164734 0.0423983596265316
v -0.02758605033159256 0.007893664762377739 0.04073305428028107
v -0.029383022338151932 0.006821928545832634 0.039445653557777405
v -0.03131301328539848 0.0055711716413497925 0.038585979491472244
v -0.026094574481248856 0.0033541452139616013 0.06100132688879967
v -0.02448110282421112 0.0043532028794288635 0.05962638556957245
v -0.0231234822422266 0.0053137484937906265 0.057801488786935806
v -0.02214798703789711 0.006144998595118523 0.05569569393992424
v -0.021584484726190567 0.006821250542998314 0.053395871073007584
v -0.021454384550452232 0.007314089685678482 0.05098911374807358
v -0.02176014892756939 0.007611555978655815 0.04856487363576889
v -0.022488974034786224 0.007697891443967819 0.046217020601034164
v -0.023633938282728195 0.007600907236337662 0.04404864087700844
v -0.025119151920080185 0.007265836000442505 0.042120691388845444
v -0.026900790631771088 0.006731797009706497 0.04051508754491806
v -0.028911154717206955 0.00602257065474987 0.03929556906223297
v -0.031072739511728287 0.005163269117474556 0.038509439677000046
v -0.025648927316069603 0.002073494717478752 0.06076439470052719
v -0.023920446634292603 0.0027373265475034714 0.0593339204788208
v -0.022463370114564896 0.003415541723370552 0.05746873468160629
v -0.021414270624518394 0.004031505435705185 0.05532801151275635
v -0.02080618031322956 0.00457649864256382 0.05300438404083252
v -0.020662790164351463 0.005026062950491905 0.05058830976486206
v -0.02098660171031952 0.005360808223485947 0.048171330243349075
v -0.02176785282790661 0.005564900115132332 0.04584610089659691
v -0.02297201007604599 0.005696523934602737 0.043708041310310364
v -0.02455645613372326 0.005645515397191048 0.04183119535446167
v -0.026459040120244026 0.005460059270262718 0.04028800129890442
v -0.028606079518795013 0.005146138370037079 0.039139386266469955
v -0.030917363241314888 0.004716198891401291 0.038429997861385345
v -0.025465698912739754 0.0007303282618522644 0.06052473187446594
v -0.02368513122200966 0.0010466594249010086 0.059040240943431854
v -0.02218925580382347 0.0014283433556556702 0.05712584778666496
v -0.021110665053129196 0.0018247198313474655 0.054950468242168427
v -0.02048623375594616 0.0022324416786432266 0.0526057630777359
v -0.020333347842097282 0.0026347972452640533 0.05018004775047302
v -0.020668357610702515 0.0030124541372060776 0.04777970910072327
v -0.021464427933096886 0.0033911317586898804 0.04547029733657837
v -0.022699475288391113 0.0036997273564338684 0.043367255479097366
v -0.024324564263224602 0.003947390243411064 0.04154112935066223
v -0.02627631276845932 0.0041252560913562775 0.04006028175354004
v -0.028480295091867447 0.0042266398668289185 0.03898271545767784
v -0.030853118747472763 0.004247583448886871 0.03835025429725647
v -0.025556037202477455 -0.0006215199828147888 0.060294896364212036
v -0.023796968162059784 -0.0006583090871572495 0.05875677615404129
v -0.0223188828676939 -0.0005837846547365189 0.056793395429849625
v -0.02125537022948265 -0.00040803663432598114 0.05458433926105499
v -0.02063729055225849 -0.00013629905879497528 0.05221857875585556
v -0.020489925518631935 0.0002209935337305069 0.04979011416435242
v -0.02081705816090107 0.0006515216082334518 0.047394730150699615
v -0.021613290533423424 0.0011329669505357742 0.04512294754385948
v -0.0228267814964056 0.0016861557960510254 0.04303930699825287
v -0.024432547390460968 0.0022354163229465485 0.04126150906085968
v -0.026361605152487755 0.0027793943881988525 0.039840951561927795
v -0.028538810089230537 0.0032995250076055527 0.038832567632198334
v -0.03088296577334404 0.0037749428302049637 0.03827447444200516
v -0.025905562564730644 -0.001935446634888649 0.06008824333548546
v -0.024241777136921883 -0.0023148469626903534 0.05849621444940567
v -0.022843368351459503 -0.0025346074253320694 0.05648864060640335
v -0.021835772320628166 -0.0025741122663021088 0.05424518510699272
v -0.021252373233437538 -0.0024350248277187347 0.05186044052243233
v -0.02111603505909443 -0.0021202173084020615 0.04942663386464119
v -0.021431216970086098 -0.0016427822411060333 0.04703947529196739
v -0.02218383178114891 -0.0010158605873584747 0.04478657618165016
v -0.023348646238446236 -0.00026641786098480225 0.04273506999015808
v -0.024876244366168976 0.0005739983171224594 0.04100283980369568
v -0.026709754019975662 0.0014752727001905441 0.03963823989033699
v -0.02877884730696678 0.0024001505225896835 0.03869613632559776
v -0.031005367636680603 0.0033165235072374344 0.03820331022143364
v -0.0265058446675539 -0.0031596701592206955 0.05990990996360779
v -0.02500106580555439 -0.0038585159927606583 0.058270636945962906
v -0.02374209649860859 -0.004348764196038246 0.05621965602040291
v -0.02283444069325924 -0.0045901108533144 0.05394803732633591
v -0.02231237292289734 -0.004572502337396145 0.05154506117105484
v -0.0221949964761734 -0.004299195483326912 0.04910688474774361
v -0.02248690277338028 -0.003778117708861828 0.0467289574444294
v -0.023182161152362823 -0.0030331118032336235 0.04447206109762192
v -0.024245385080575943 -0.0020829830318689346 0.042466823011636734
v -0.025638556107878685 -0.0009706392884254456 0.04077494889497757
v -0.02730894461274147 0.00026108697056770325 0.03945834934711456
v -0.029191911220550537 0.0015652496367692947 0.03856945037841797
v -0.03121541626751423 0.0028902217745780945 0.03814023733139038
v -0.027336901053786278 -0.004246402531862259 0.059761177748441696
v -0.026051346212625504 -0.005227385088801384 0.05808212608098984
v -0.02497851848602295 -0.005957254208624363 0.05599641054868698
v -0.024209177121520042 -0.006376722827553749 0.05370122566819191
v -0.02377190813422203 -0.006469053216278553 0.05128408223390579
v -0.023682940751314163 -0.0062308842316269875 0.048840489238500595
v -0.023945899680256844 -0.005670985206961632 0.04646407067775726
v -0.024556376039981842 -0.004822734743356705 0.04422469437122345
v -0.025481760501861572 -0.00369351077824831 0.04224530979990959
v -0.02669045515358448 -0.002340075559914112 0.040586624294519424
v -0.028135225176811218 -0.0008149910718202591 0.03930998593568802
v -0.029761014506220818 0.0008235424757003784 0.03846604749560356
v -0.0315062515437603 0.002513313665986061 0.03808705508708954
v -0.028366966173052788 -0.005152164027094841 0.05965181067585945
v -0.027351003140211105 -0.006368516944348812 0.05794157460331917
v -0.026508914306759834 -0.0072976406663656235 0.05583031475543976
v -0.025909271091222763 -0.007865412160754204 0.053515661507844925
v -0.02557622455060482 -0.008049454540014267 0.05108693242073059
v -0.025521980598568916 -0.007841029204428196 0.048638634383678436
v -0.025749873369932175 -0.00724849384278059 0.04626533389091492
v -0.026255739852786064 -0.006313794292509556 0.044040247797966
v -0.027011355385184288 -0.005035915412008762 0.04207894951105118
v -0.027990836650133133 -0.0034820828586816788 0.040444884449243546
v -0.029157046228647232 -0.0017119590193033218 0.03919869661331177
v -0.030465643852949142 0.00020579807460308075 0.03838924691081047
v -0.03186442330479622 0.002197723835706711 0.03804789111018181
v -0.033301740884780884 0.004187708720564842 0.03818424791097641
v -0.029555680230259895 -0.005842747166752815 0.059585463255643845
v -0.028850197792053223 -0.007237698882818222 0.057855576276779175
v -0.028271479532122612 -0.008318809792399406 0.055726420134305954
v -0.027867309749126434 -0.008999669924378395 0.05339899659156799
v -0.027654403820633888 -0.00925272237509489 0.05096206068992615
v -0.027641326189041138 -0.009067174978554249 0.04851100593805313
v -0.02782910130918026 -0.008450382389128208 0.04614061117172241
v -0.028209354728460312 -0.007425294257700443 0.04394034296274185
v -0.02877470664680004 -0.006058905273675919 0.041974276304244995
v -0.02949034422636032 -0.004352091811597347 0.040355753153562546
v -0.0303358044475317 -0.0023956457152962685 0.039128758013248444
v -0.03127654269337654 -0.000264827162027359 0.038341179490089417
v -0.03227817267179489 0.0019581206142902374 0.038023389875888824
v -0.03085523098707199 -0.006291554309427738 0.05955963954329491
v -0.03049064800143242 -0.007801010273396969 0.057826098054647446
v -0.030199840664863586 -0.008980974555015564 0.05568970367312431
v -0.030010109767317772 -0.009735825471580029 0.053356677293777466
v -0.02992940880358219 -0.010033104568719864 0.050915248692035675
v -0.029960904270410538 -0.009861933998763561 0.04846249893307686
v -0.030104050412774086 -0.009230643510818481 0.04609276354312897
v -0.03035244718194008 -0.008161273784935474 0.043895237147808075
v -0.030704140663146973 -0.006723309867084026 0.04193535074591637
v -0.03113206848502159 -0.00491718202829361 0.04032258316874504
v -0.03162459284067154 -0.0028393594548106194 0.03910296410322189
v -0.032164812088012695 -0.0005715023726224899 0.03832363337278366
v -0.03273104876279831 0.0018017254769802094 0.038015611469745636
v -0.03221703693270683 -0.006479671224951744 0.05957719683647156
v -0.03221071884036064 -0.008034526370465755 0.05785698816180229
v -0.03222007304430008 -0.009258918464183807 0.05572079122066498
v -0.03225493058562279 -0.010045379400253296 0.05338965356349945
v -0.03231273591518402 -0.010361425578594208 0.050950080156326294
v -0.03238949552178383 -0.010196730494499207 0.048492759466171265
v -0.032486848533153534 -0.009559256955981255 0.046125948429107666
v -0.03259686008095741 -0.008471420966088772 0.04392673075199127
v -0.03272561356425285 -0.007003397680819035 0.041963640600442886
v -0.03285090625286102 -0.005155746825039387 0.040346648544073105
v -0.0329756960272789 -0.0030272789299488068 0.039121877402067184
v -0.03309520334005356 -0.0006997548043727875 0.038337819278240204
v -0.033204492181539536 0.001734994351863861 0.03802744671702385
v -0.033587709069252014 -0.006403607316315174 0.05963871255517006
v -0.03394076228141785 -0.007934716530144215 0.057938627898693085
v -0.03425424173474312 -0.009142933413386345 0.055815812200307846
v -0.03451548144221306 -0.009916402399539948 0.053494855761528015
v -0.03471251577138901 -0.010225343517959118 0.05106082558631897
v -0.034838370978832245 -0.010057820938527584 0.04861101508140564
v -0.03488703444600105 -0.009422395378351212 0.046237267553806305
v -0.034856583923101425 -0.008342099376022816 0.04403223097324371
v -0.0347478985786438 -0.006857514381408691 0.04207746312022209
v -0.03458188474178314 -0.005057904869318008 0.04042718559503555
v -0.034336525946855545 -0.0029502995312213898 0.039184872061014175
v -0.03403277322649956 -0.0006478931754827499 0.038379982113838196
v -0.03368302807211876 0.0017628073692321777 0.038044240325689316
v -0.03491450473666191 -0.006060147657990456 0.05974302440881729
v -0.03561295196413994 -0.007505585439503193 0.05806582793593407
v -0.036223698407411575 -0.008636784739792347 0.055970411747694016
v -0.03670505806803703 -0.009352744556963444 0.053668063133955
v -0.03703834116458893 -0.009627490304410458 0.05124617740511894
v -0.03720869496464729 -0.009449264965951443 0.048800814896821976
v -0.03721275553107262 -0.008824395015835762 0.046423397958278656
v -0.037046387791633606 -0.007777443155646324 0.04420657455921173
v -0.03671867772936821 -0.006349211558699608 0.04223372042179108
v -0.03625990450382233 -0.0046281833201646805 0.040560606867074966
v -0.03565378859639168 -0.0026132632046937943 0.039289359003305435
v -0.03494048863649368 -0.00041463226079940796 0.03845175728201866
v -0.03414614126086235 0.0018817596137523651 0.038079600781202316
v -0.03614740073680878 -0.005465058609843254 0.059882987290620804
v -0.03716497868299484 -0.006759665906429291 0.05823872238397598
v -0.038053084164857864 -0.007758502848446369 0.056180670857429504
v -0.038739047944545746 -0.008376523852348328 0.05390384420752525
v -0.03919732943177223 -0.008590846322476864 0.05149763450026512
v -0.039411261677742004 -0.008392050862312317 0.04905696213245392
v -0.039371080696582794 -0.007787181064486504 0.046675071120262146
v -0.03908007591962814 -0.006801063194870949 0.0444435216486454
v -0.038548506796360016 -0.005470144562423229 0.04244696721434593
v -0.03781818598508835 -0.0038828589022159576 0.04074203222990036
v -0.03687897324562073 -0.002028031274676323 0.03943134844303131
v -0.035783540457487106 -1.1609867215156555e-05 0.038549453020095825
v -0.03457637503743172 0.002086881548166275 0.03812914341688156
v -0.037239640951156616 -0.00464162603020668 0.06005790829658508
v -0.038538821041584015 -0.005723021924495697 0.058457229286432266
v -0.03967224434018135 -0.006542089395225048 0.05643980950117111
v -0.04053950309753418 -0.007025460712611675 0.05419288948178291
v -0.04110884666442871 -0.007155712693929672 0.05180509388446808
v -0.04135948047041893 -0.006927914917469025 0.049370817840099335
v -0.041281942278146744 -0.0063522448763251305 0.046983152627944946
v -0.04087961092591286 -0.005449951626360416 0.04473389312624931
v -0.04016803205013275 -0.004254835657775402 0.04270840436220169
v -0.039172906428575516 -0.002813749946653843 0.04098561033606529
v -0.037962932139635086 -0.0012166071683168411 0.03960637375712395
v -0.03653107210993767 0.0005465764552354813 0.03866928070783615
v -0.03495625779032707 0.0023723840713500977 0.038190197199583054
v -0.03814582899212837 -0.0036218874156475067 0.06025351956486702
v -0.0396837443113327 -0.004440192133188248 0.058706317096948624
v -0.04101928323507309 -0.005034189671278 0.05673707649111748
v -0.042037613689899445 -0.005349636077880859 0.05452454090118408
v -0.04269896820187569 -0.005375387147068977 0.052157189697027206
v -0.04298045113682747 -0.00511479377746582 0.04973089322447777
v -0.0428711473941803 -0.004573088139295578 0.04733579605817795
v -0.042375870048999786 -0.003774498589336872 0.045066989958286285
v -0.04151392728090286 -0.0027477145195007324 0.04300796613097191
v -0.04031859338283539 -0.0015321485698223114 0.04124072194099426
v -0.038864217698574066 -0.00021006539463996887 0.039806853979825974
v -0.03715183213353157 0.001240357756614685 0.03880728781223297
v -0.035273630172014236 0.0027245841920375824 0.03826023265719414
v -0.0388316810131073 -0.002448020502924919 0.06047067418694496
v -0.040549200028181076 -0.0029596351087093353 0.058977458626031876
v -0.04204089194536209 -0.0032894834876060486 0.05705971270799637
v -0.04317629709839821 -0.00341142900288105 0.05488717928528786
v -0.04390629008412361 -0.003320002928376198 0.05254114419221878
v -0.04421059787273407 -0.0030190888792276382 0.050122834742069244
v -0.044077444821596146 -0.0025204773992300034 0.047720737755298615
v -0.043511178344488144 -0.001839764416217804 0.04543145000934601
v -0.04253559187054634 -0.0010081343352794647 0.04333534464240074
v -0.04118724167346954 -5.663186311721802e-05 0.04151546582579613
v -0.039519041776657104 0.0009784922003746033 0.04004319757223129
v -0.037623386830091476 0.0020398497581481934 0.0389573834836483
v -0.035513605922460556 0.003132535144686699 0.03833676129579544
v -0.03928092494606972 -0.001167958602309227 0.0607059970498085
v -0.04111780226230621 -0.0013466142117977142 0.059273481369018555
v -0.04270562529563904 -0.0013853013515472412 0.05740121752023697
v -0.043907515704631805 -0.0012826118618249893 0.055262740701436996
v -0.04468133673071861 -0.001062275841832161 0.05294276401400566
v -0.044999055564403534 -0.0007229223847389221 0.050532810389995575
v -0.0448501780629158 -0.0002707522362470627 0.04812377691268921
v -0.04424099996685982 0.0002751704305410385 0.04580529034137726
v -0.04319290444254875 0.0008940733969211578 0.043670400977134705
v -0.04174618795514107 0.0015619024634361267 0.04180073365569115
v -0.03995773568749428 0.00224943645298481 0.04026700183749199
v -0.03792816027998924 0.002916669473052025 0.03911428526043892
v -0.03566930443048477 0.003579460084438324 0.03841656446456909
f 4 2 1
f 8 6 5
f 13 15 14
f 17 19 18
f 32 30 29
f 36 34 33
f 37 39 38
f 21 23 20
f 25 27 24
f 41 43 42
f 48 46 45
f 52 50 49
f 53 55 54
f 60 58 57
f 29 62 61
f 66 64 63
f 67 6 68
f 72 70 69
f 76 74 73
f 77 79 78
f 81 83 82
f 59 86 85
f 88 90 89
f 96 94 93
f 100 98 97
f 101 103 102
f 106 34 87
f 108 115 107
f 117 36 118
f 124 126 125
f 131 129 128
f 132 134 133
f 142 140 139
f 148 60 147
f 144 127 124
f 149 151 150
f 156 154 153
f 159 158 157
f 116 164 105
f 171 169 168
f 174 173 172
f 179 181 180
f 186 188 187
f 194 196 195
f 199 139 198
f 206 208 207
f 213 211 210
f 202 214 201
f 96 216 54
f 92 43 44
f 97 246 100
f 250 229 228
f 252 58 253
f 258 256 255
f 260 229 259
f 110 112 113
f 114 263 109
f 265 267 266
f 56 270 269
f 274 249 250
f 185 63 64
f 280 278 276
f 285 283 157
f 288 211 212
f 141 92 46
f 289 175 176
f 148 105 106
f 312 170 171
f 238 42 43
f 318 160 317
f 310 308 307
f 241 325 324
f 160 240 317
f 47 307 308
f 108 315 164
f 345 86 119
f 348 350 349
f 356 358 357
f 355 353 352
f 363 32 362
f 149 150 176
f 364 253 365
f 366 368 367
f 183 371 63
f 163 161 160
f 209 101 208
f 378 165 166
f 379 381 380
f 383 3 4
f 284 386 385
f 387 389 388
f 391 229 249
f 73 397 396
f 405 407 406
f 203 411 410
f 414 413 412
f 1 357 4
f 277 131 275
f 254 57 58
f 358 415 351
f 417 386 408
f 401 192 420
f 419 127 143
f 421 182 422
f 103 302 409
f 428 368 174
f 380 359 356
f 62 266 323
f 140 431 430
f 357 351 348
f 356 379 380
f 415 403 434
f 437 436 435
f 438 440 439
f 188 450 449
f 452 454 453
f 265 181 421
f 224 64 225
f 237 213 427
f 275 128 458
f 281 460 459
f 50 79 461
f 73 282 281
f 468 466 465
f 390 352 359
f 482 484 483
f 489 487 486
f 493 495 494
f 472 470 469
f 502 500 499
f 220 222 223
f 512 143 66
f 518 511 80
f 513 230 286
f 205 31 244
f 189 451 188
f 163 532 8
f 533 225 251
f 446 447 412
f 335 540 334
f 544 546 545
f 329 291 292
f 199 262 238
f 385 416 550
f 532 191 247
f 363 118 243
f 236 237 250
f 578 580 579
f 573 571 570
f 561 562 272
f 241 259 240
f 590 592 591
f 545 595 594
f 503 155 504
f 606 624 623
f 478 480 479
f 646 648 647
f 590 689 684
f 564 651 650
f 728 184 727
f 714 716 715
f 692 575 693
f 541 581 578
f 346 248 400
f 161 230 160
f 128 94 95
f 698 704 703
f 574 576 575
f 290 401 328
f 630 725 726
f 733 735 734
f 755 496 493
f 759 481 760
f 757 762 761
f 764 466 467
f 768 3808 3809
f 759 488 489
f 492 475 771
f 474 769 473
f 773 465 772
f 771 486 483
f 484 775 491
f 774 489 486
f 495 764 756
f 495 761 494
f 137 784 136
f 325 797 547
f 165 51 52
f 369 29 370
f 730 568 569
f 90 301 89
f 243 516 242
f 800 806 805
f 817 808 816
f 816 823 822
f 306 447 807
f 815 809 808
f 829 828 825
f 726 501 502
f 274 424 423
f 879 881 880
f 884 879 885
f 219 217 211
f 906 904 897
f 455 205 542
f 898 830 829
f 903 880 881
f 906 897 898
f 377 519 165
f 923 948 946
f 946 951 950
f 3519 739 3517
f 900 886 880
f 225 65 144
f 182 442 422
f 809 947 824
f 954 962 961
f 927 965 966
f 885 880 886
f 925 966 967
f 343 341 340
f 965 971 968
f 968 970 969
f 972 969 973
f 963 981 978
f 336 338 339
f 992 827 828
f 810 996 959
f 1007 1002 1008
f 1012 827 1009
f 1011 1007 1008
f 294 292 291
f 907 920 919
f 1017 1019 1018
f 1020 1022 1021
f 1035 1020 1044
f 1061 1047 1046
f 1063 1046 1062
f 1044 1021 1045
f 1102 1097 1109
f 1116 1118 1117
f 1016 1014 1013
f 881 904 903
f 816 1127 817
f 1094 949 1097
f 514 167 515
f 146 81 82
f 1133 1130 1129
f 1102 1126 822
f 822 1116 816
f 1145 1148 1136
f 1076 1151 1069
f 1148 1086 1087
f 1109 1114 1136
f 1154 1156 1155
f 1153 967 1156
f 3464 463 3714
f 1144 1152 1151
f 1156 1163 1162
f 1164 1169 1165
f 1145 1176 1147
f 1114 1154 1171
f 1183 1164 1177
f 1184 1177 1185
f 1069 1062 1064
f 1023 1194 1022
f 1162 1170 1169
f 1195 1185 1191
f 1183 1176 1155
f 1201 1152 1196
f 1061 1201 1202
f 3825 843 3836
f 1203 1195 1034
f 1202 1184 1195
f 1218 1203 1217
f 1060 1202 1203
f 1225 1217 1219
f 671 694 670
f 1219 1024 1035
f 1217 1034 1024
f 1226 1015 1227
f 1243 1234 1233
f 1231 1229 1228
f 847 1233 843
f 843 1244 878
f 1233 1245 1244
f 1923 233 216
f 2100 499 500
f 3914 2135 3900
f 61 323 505
f 210 217 457
f 1299 1309 1300
f 3863 1231 3862
f 1066 1321 1322
f 1322 1228 1229
f 1060 1321 1047
f 1325 1323 1310
f 1244 1332 1330
f 1290 1242 1288
f 1337 1339 1338
f 1330 1340 1339
f 1341 1245 1294
f 1342 1332 1341
f 1343 1341 1344
f 1344 1294 1293
f 3857 1345 1346
f 1347 1342 1343
f 3856 1295 1345
f 1349 1348 1347
f 3861 1347 3853
f 3853 1343 3857
f 906 829 1353
f 905 1353 1354
f 865 1355 1357
f 1355 829 825
f 1357 825 826
f 1356 1353 1355
f 3834 1338 3833
f 866 1356 865
f 1358 1354 1356
f 3828 1337 3834
f 838 1012 841
f 1363 1338 1339
f 1368 1339 1340
f 1348 1340 1342
f 1371 3824 3829
f 524 526 523
f 528 530 527
f 1372 1369 1371
f 535 537 538
f 1367 1348 1350
f 1370 1359 1369
f 1369 3833 3824
f 1373 903 904
f 555 557 558
f 1374 910 1373
f 1373 905 1375
f 1374 1375 1376
f 1375 1354 1370
f 1378 908 1377
f 376 651 1387
f 1388 973 969
f 586 588 585
f 1390 1388 1391
f 1391 969 970
f 597 599 596
f 600 602 603
f 1392 970 979
f 608 610 607
f 612 523 611
f 614 616 613
f 617 25 24
f 620 622 619
f 1397 1391 1392
f 1398 1392 1399
f 1400 920 1378
f 1402 1165 1169
f 636 638 635
f 930 1402 929
f 641 643 644
f 929 1169 1170
f 1404 1403 1402
f 1411 1365 1406
f 1412 1415 1414
f 652 654 655
f 609 657 658
f 659 661 662
f 558 586 585
f 665 667 664
f 1413 1406 1412
f 1418 3810 3813
f 1417 1371 1416
f 1416 3829 3810
f 1419 1416 1418
f 1386 1374 1420
f 677 679 676
f 1385 1420 1421
f 1420 1376 1422
f 685 687 688
f 1421 1422 1423
f 528 691 658
f 1422 1372 1417
f 1018 747 1425
f 699 701 702
f 1424 579 1017
f 3663 1767 3660
f 700 711 712
f 1093 3754 1571
f 717 530 719
f 721 723 720
f 704 3543 3554
f 19 1426 1430
f 1429 1427 1426
f 1658 3542 3544
f 1439 1434 1438
f 1437 1435 1434
f 1426 1433 1432
f 1442 1432 1440
f 742 744 745
f 1432 1441 1440
f 751 753 750
f 1438 1403 1405
f 1446 1444 1443
f 1447 1446 1443
f 3860 1443 3848
f 1415 1445 1446
f 1414 1446 1448
f 2173 469 470
f 777 779 686
f 780 782 783
f 1676 1806 1675
f 3859 1349 3861
f 789 791 788
f 745 793 742
f 652 795 653
f 1455 1457 1456
f 1454 1350 1452
f 610 802 801
f 3831 698 703
f 1352 1045 1351
f 1015 1459 1460
f 811 813 814
f 2118 3817 2117
f 819 821 818
f 1466 1194 1190
f 1467 1465 1466
f 1182 1468 1467
f 832 833 831
f 835 837 834
f 1467 1190 1182
f 1469 1444 1445
f 840 712 690
f 1453 1469 1454
f 599 845 846
f 1226 3849 3855
f 851 853 850
f 855 856 854
f 858 860 857
f 861 863 864
f 1014 3855 3858
f 867 868 869
f 870 872 873
f 874 876 877
f 1310 1471 1309
f 1476 1427 1475
f 1461 1475 1460
f 887 889 890
f 788 892 891
f 894 896 893
f 1460 1227 1015
f 901 524 612
f 1465 1477 1464
f 1865 3500 1864
f 911 913 914
f 916 918 915
f 1850 3507 1851
f 921 895 894
f 1479 1436 1478
f 926 667 601
f 1481 563 1480
f 269 84 1482
f 931 933 916
f 934 614 869
f 936 688 937
f 938 662 939
f 1484 122 123
f 941 835 834
f 320 509 510
f 1849 3505 1850
f 84 1484 83
f 1487 1488 539
f 1757 3502 3509
f 365 1491 364
f 461 80 511
f 117 362 1496
f 1494 541 1495
f 926 957 958
f 1477 1433 1476
f 1709 1585 1700
f 119 1496 345
f 271 504 156
f 511 189 186
f 345 1492 365
f 255 344 254
f 57 299 132
f 1501 268 1500
f 267 1499 145
f 974 976 977
f 1678 1693 1676
f 3846 1807 3840
f 557 663 558
f 983 984 985
f 1443 3849 3848
f 421 268 265
f 989 991 988
f 1490 418 1504
f 279 309 310
f 997 676 679
f 998 999 875
f 1504 38 1505
f 1506 1507 1486
f 360 1508 1506
f 1506 207 360
f 939 1006 938
f 270 1483 269
f 66 546 512
f 1010 793 935
f 367 437 1509
f 244 363 243
f 1670 3534 1669
f 209 1510 226
f 235 1512 1511
f 1511 234 235
f 388 426 425
f 427 250 237
f 161 521 231
f 100 45 44
f 1025 608 1027
f 1029 1031 1028
f 939 1033 1032
f 41 594 99
f 1036 783 1037
f 702 1038 1039
f 1040 1042 1043
f 362 369 1493
f 187 477 186
f 70 539 198
f 1511 1521 234
f 1049 603 1048
f 613 869 614
f 860 1051 857
f 1005 1053 1006
f 753 1056 1054
f 1057 1059 1055
f 293 1522 292
f 288 1521 1522
f 292 1523 329
f 331 1508 1524
f 306 453 305
f 100 41 99
f 462 78 79
f 330 1524 462
f 635 1068 636
f 1485 1526 1528
f 206 1528 1510
f 1070 1072 831
f 942 1073 1074
f 916 1075 917
f 440 1530 439
f 157 1514 285
f 1529 5 1530
f 371 546 63
f 790 663 791
f 1077 857 1078
f 1403 1435 1165
f 1080 1082 1079
f 531 1529 440
f 21 1084 1085
f 272 1531 561
f 137 396 397
f 690 802 691
f 335 3567 581
f 1090 1029 1091
f 1092 794 1042
f 1533 137 138
f 661 1095 1096
f 69 445 72
f 1099 1101 1098
f 38 1536 1505
f 1104 1106 1103
f 852 1108 853
f 1377 909 1386
f 291 411 294
f 316 516 33
f 539 1533 534
f 1505 316 313
f 1110 1112 1113
f 1539 460 264
f 522 1537 1539
f 834 1120 1119
f 1122 1124 1121
f 612 1041 901
f 935 615 614
f 276 130 131
f 1686 3522 1685
f 193 1541 273
f 231 1540 287
f 556 982 557
f 365 85 345
f 190 318 1541
f 1810 3574 3528
f 3924 3512 3791
f 1132 985 1131
f 208 102 132
f 1134 662 661
f 1491 80 77
f 429 1542 147
f 1137 915 918
f 172 428 174
f 1139 1141 1142
f 549 54 55
f 1517 1518 296
f 976 1146 938
f 834 984 941
f 1543 286 115
f 1544 239 513
f 133 1544 1542
f 506 257 258
f 420 328 401
f 1158 1160 1157
f 587 1103 588
f 1513 1514 151
f 607 1027 608
f 304 1545 303
f 364 77 506
f 69 198 139
f 1006 976 938
f 700 1112 701
f 3877 3525 3787
f 1166 657 656
f 1167 858 1077
f 1172 1174 1175
f 218 200 217
f 1179 1181 1178
f 372 97 98
f 89 227 88
f 1186 1188 1189
f 172 1517 1549
f 1482 81 1498
f 1090 1193 1030
f 394 353 1551
f 526 1198 1197
f 811 858 812
f 1199 1026 1025
f 606 697 696
f 1204 1206 743
f 1207 523 526
f 1209 867 613
f 914 685 936
f 1478 1441 1477
f 1029 1161 1091
f 1211 1213 1214
f 3858 1451 3859
f 844 1216 845
f 423 273 274
f 1220 1222 1083
f 22 1224 23
f 882 897 881
f 1519 173 387
f 1189 1232 1178
f 349 550 416
f 1071 1236 1072
f 1237 1239 745
f 1221 1189 1240
f 1510 1512 333
f 939 1241 1005
f 1556 5 67
f 1553 394 1551
f 404 67 347
f 1247 1249 1246
f 142 238 92
f 1251 635 1250
f 850 1253 851
f 1254 1077 1255
f 57 133 429
f 443 552 551
f 1187 1175 1188
f 1256 831 833
f 432 382 383
f 741 747 746
f 434 351 415
f 349 383 348
f 251 1481 1480
f 395 352 353
f 1518 1550 1551
f 1558 378 340
f 109 314 315
f 285 1513 407
f 395 393 392
f 202 410 1558
f 417 405 432
f 1246 1258 1247
f 3 297 2
f 1259 1261 1262
f 403 347 284
f 955 953 952
f 462 51 330
f 1096 687 1263
f 429 60 57
f 896 1265 932
f 1267 1268 1266
f 423 327 420
f 37 180 40
f 20 1187 1186
f 1256 1071 1070
f 155 156 504
f 1188 1269 1232
f 1236 1271 1262
f 1272 535 621
f 565 463 464
f 1273 745 1239
f 876 1255 1274
f 316 164 315
f 437 503 1509
f 194 1495 197
f 1275 864 863
f 624 631 630
f 1277 1137 1278
f 569 567 566
f 1481 125 366
f 324 547 326
f 1279 1107 1280
f 1525 329 1523
f 1281 1137 918
f 171 1553 1552
f 1488 396 1533
f 1557 1562 1559
f 1282 1206 1205
f 1053 1278 1281
f 778 607 1283
f 713 3566 3569
f 251 144 124
f 4 348 383
f 709 707 706
f 728 45 246
f 261 1563 544
f 789 1287 790
f 74 263 282
f 403 385 434
f 1178 1240 1189
f 1223 1289 1224
f 158 150 151
f 1220 1186 1221
f 296 354 433
f 784 1538 1566
f 1181 1291 1222
f 1269 1257 1246
f 1566 438 399
f 136 1566 1564
f 1563 169 1565
f 107 109 108
f 1297 1298 1296
f 1464 1476 1461
f 1520 507 508
f 1301 1303 1304
f 1306 1308 1305
f 175 1532 272
f 1532 200 201
f 1311 1312 1313
f 872 1315 1316
f 1317 1318 1319
f 3836 878 3828
f 1305 864 1276
f 1040 863 1320
f 1564 399 169
f 592 1575 591
f 591 1088 689
f 1581 1583 1582
f 1196 1147 1176
f 710 583 713
f 285 408 386
f 953 961 963
f 1594 1589 1593
f 1585 1587 1586
f 1592 1590 1589
f 3885 944 3899
f 1600 1598 1597
f 1604 1602 1601
f 1399 979 980
f 1589 1596 1595
f 1610 1608 1607
f 298 361 360
f 551 276 277
f 1627 3814 3819
f 859 818 860
f 1078 1328 1329
f 1555 1530 1556
f 572 680 681
f 772 776 774
f 977 918 917
f 404 392 393
f 1054 750 753
f 1644 1643 1642
f 932 1082 933
f 1067 1334 1068
f 1540 264 114
f 597 643 1336
f 471 762 470
f 1642 3831 3842
f 1644 3842 3843
f 923 950 927
f 96 548 95
f 520 522 521
f 445 443 442
f 849 848 842
f 480 755 493
f 1646 481 1639
f 311 1567 170
f 464 3497 3495
f 3497 1361 3495
f 234 236 235
f 190 192 191
f 153 152 149
f 231 286 230
f 1552 1551 1550
f 760 1648 488
f 3832 1649 3830
f 828 826 825
f 52 166 165
f 1663 1661 1660
f 287 115 286
f 668 670 669
f 634 640 639
f 553 559 554
f 118 33 516
f 492 491 490
f 3552 1651 3553
f 582 584 583
f 384 392 415
f 1381 1383 1380
f 1562 435 436
f 952 951 947
f 3529 583 584
f 1660 1667 1666
f 1394 1396 1393
f 1660 1664 1663
f 1671 1669 1668
f 1624 1673 1672
f 1407 1409 1410
f 1677 1675 1674
f 1613 1677 1625
f 1679 1676 1677
f 1626 3811 3814
f 534 198 539
f 176 150 159
f 803 734 800
f 400 191 192
f 65 143 144
f 3526 1656 3540
f 402 157 283
f 629 627 626
f 461 49 50
f 758 495 756
f 796 786 785
f 406 1513 1560
f 342 166 167
f 1694 1658 1695
f 1692 1694 1696
f 3557 1652 3552
f 3921 1703 3923
f 326 302 90
f 3916 1702 1706
f 3919 1698 1701
f 1699 3927 3918
f 1557 1560 1561
f 1127 1117 1128
f 400 289 346
f 1706 1707 1708
f 1707 1599 1600
f 1709 1708 1588
f 1714 1711 1713
f 3919 1709 1700
f 1704 1577 1703
f 1716 1713 1715
f 1559 1549 297
f 1722 1720 1719
f 1335 596 1489
f 410 377 378
f 973 1163 972
f 168 399 398
f 1571 1089 1093
f 1572 682 1571
f 749 647 754
f 1730 1723 1729
f 1594 1729 1592
f 1729 1591 1592
f 1731 1730 1583
f 1384 1377 1379
f 1732 1712 1714
f 1724 1731 1732
f 1712 1731 1580
f 1722 1732 1733
f 1721 1733 1734
f 1734 1716 1717
f 1735 1736 1697
f 1733 1714 1716
f 1663 1741 1668
f 1742 1740 1743
f 1738 1737 1735
f 1665 1666 1740
f 1665 1744 1664
f 1725 1746 1745
f 1591 1745 1590
f 1590 1747 1596
f 1745 1748 1747
f 1659 3538 3542
f 3287 3545 3282
f 1185 1182 1190
f 1664 1749 1741
f 1741 1739 1738
f 1746 1743 1748
f 1726 1742 1746
f 1153 924 925
f 1115 1153 1154
f 1654 3575 1655
f 1896 3549 1686
f 1720 1744 1726
f 1721 1749 1720
f 1750 1701 1698
f 1697 1750 1696
f 1151 1063 1062
f 1751 1670 1671
f 1695 1752 1751
f 961 986 981
f 1770 1768 1767
f 1766 1593 1765
f 1731 1579 1580
f 1579 1774 1578
f 3928 1771 3929
f 1764 3928 3917
f 1777 1775 1774
f 3762 1699 1700
f 1004 1128 1003
f 1774 1771 1772
f 987 1399 980
f 1578 1772 1764
f 1783 1781 1778
f 1597 1770 1767
f 639 3895 3884
f 3928 1769 1770
f 1793 1789 1788
f 3929 1798 1769
f 3508 3773 1806
f 1802 3924 3922
f 1788 1794 1793
f 1793 1795 1776
f 3773 1675 1806
f 1584 1783 1789
f 1771 3920 3929
f 1801 1798 1800
f 1768 1798 1799
f 1775 1797 1771
f 508 515 1520
f 1796 1802 1797
f 1800 3920 3922
f 1794 1804 1795
f 3532 1752 3547
f 485 1807 775
f 3809 1640 768
f 3837 1810 1653
f 485 1640 1808
f 1690 3770 3772
f 487 1648 1811
f 3839 1816 3822
f 3838 1648 3830
f 3839 1811 3838
f 1812 487 1811
f 1641 767 768
f 465 755 776
f 767 3823 3808
f 3822 3826 3847
f 1809 1815 767
f 3837 1651 3840
f 675 3541 3496
f 1814 1822 1821
f 1821 3821 3820
f 1824 1649 1825
f 1827 1850 1805
f 1668 1662 1663
f 1779 1848 1828
f 1790 1805 1794
f 1833 1853 1852
f 3521 693 575
f 1614 1616 1617
f 1852 3498 3501
f 1620 1622 1623
f 1855 1574 1861
f 1847 3501 3513
f 1766 1855 1782
f 1629 1631 1628
f 1633 1634 1632
f 1635 1637 1638
f 1848 1852 1847
f 1855 1863 1862
f 1803 1867 1802
f 1862 1831 1832
f 1782 1862 1781
f 3922 1865 1800
f 1873 1870 1869
f 1874 799 804
f 2045 3897 2044
f 1219 1295 1225
f 1615 1396 1395
f 3884 1877 1876
f 645 3786 3559
f 1345 1035 1346
f 634 3884 3880
f 15 1327 14
f 3910 1878 1893
f 1894 605 1893
f 3506 627 693
f 340 454 1558
f 1897 195 1898
f 1889 1877 1890
f 1901 129 1900
f 196 754 232
f 1705 3921 3916
f 340 166 343
f 1570 563 561
f 1904 194 1897
f 1781 1832 1780
f 1905 55 1906
f 1000 995 996
f 986 920 987
f 1191 1190 1194
f 2094 2075 2093
f 1920 1919 1915
f 453 1912 1911
f 1915 1918 1916
f 3882 2106 3901
f 1916 1926 1925
f 704 3561 703
f 278 1925 1900
f 3565 1818 1820
f 1097 1115 1114
f 1927 727 1923
f 3578 3654 3758
f 1920 307 1929
f 1929 48 728
f 503 1497 1509
f 1902 787 796
f 1816 3820 3826
f 1925 1923 1924
f 1535 1568 1534
f 254 258 255
f 1509 366 367
f 119 35 36
f 219 293 294
f 141 47 431
f 542 244 245
f 1940 430 431
f 1779 1827 1790
f 1701 3915 3919
f 1661 3515 1667
f 270 754 647
f 197 749 196
f 1727 1212 1211
f 53 232 754
f 1465 1479 1478
f 1284 3854 1293
f 1951 412 413
f 168 1554 1553
f 1486 206 207
f 506 78 361
f 994 1007 993
f 951 963 964
f 1013 3861 1351
f 3826 1820 1818
f 1498 1954 1482
f 299 543 132
f 1754 1756 1753
f 1681 1683 1682
f 1696 1695 1697
f 13 738 737
f 473 475 474
f 482 768 1640
f 204 30 205
f 1761 820 819
f 611 1125 612
f 1501 1908 1909
f 1074 711 699
f 1960 82 83
f 120 1960 123
f 35 87 34
f 1773 1025 1031
f 1965 1569 1535
f 494 471 479
f 1966 1969 1968
f 446 1971 1967
f 174 125 126
f 1580 1578 1577
f 1785 1787 1784
f 1972 304 305
f 1254 875 999
f 1973 342 514
f 321 1973 509
f 1910 275 1907
f 509 514 508
f 1486 1527 1485
f 1974 804 1975
f 1977 1974 1978
f 1980 1966 1981
f 379 2 295
f 1718 1710 1701
f 884 992 883
f 1680 1678 1679
f 902 525 524
f 344 256 299
f 135 137 136
f 236 228 333
f 448 1967 1966
f 589 604 584
f 910 908 907
f 1981 1968 1987
f 1982 1987 1979
f 1988 1987 1989
f 1990 1989 1991
f 1991 1993 1992
f 322 320 319
f 992 830 883
f 1144 1086 1143
f 1995 1978 1994
f 1133 1118 1126
f 1997 1994 1996
f 870 1335 1489
f 805 1982 1998
f 727 2000 1999
f 1996 1988 1990
f 1994 1979 1988
f 1829 792 1273
f 1830 941 983
f 798 800 799
f 729 731 730
f 2011 2023 2022
f 1834 846 1159
f 402 284 347
f 2022 2024 2025
f 1838 989 988
f 810 952 809
f 1823 1840 644
f 1430 1432 1431
f 1215 1841 1079
f 149 176 177
f 1316 873 872
f 2112 1384 2106
f 1842 1844 1845
f 1159 845 1160
f 837 1846 1120
f 1971 2030 2027
f 517 370 189
f 858 833 812
f 1471 2027 1888
f 3551 626 627
f 2174 770 490
f 935 1854 1010
f 1613 1611 1618
f 1231 1225 1295
f 1856 891 892
f 1300 748 741
f 1150 1858 1859
f 1643 696 1642
f 1215 1264 1216
f 1320 902 901
f 1956 1944 1960
f 2031 669 1474
f 2034 1310 1299
f 1879 1656 1657
f 40 242 39
f 1992 2039 1456
f 888 957 889
f 1882 1996 1990
f 1078 1255 1077
f 1871 1192 1090
f 294 218 219
f 1323 2026 1471
f 123 83 1484
f 1324 2041 1323
f 384 359 352
f 1324 2038 2036
f 1883 1885 1829
f 287 114 107
f 1096 1134 661
f 915 931 916
f 806 1981 1982
f 3533 584 604
f 1425 2042 1018
f 1018 1948 1017
f 3562 740 3519
f 1948 649 646
f 1881 1990 1991
f 1900 130 278
f 992 994 993
f 923 925 924
f 3878 2047 3876
f 1643 625 606
f 2050 2051 2049
f 2045 1404 2047
f 3876 945 3885
f 1139 1079 1841
f 1037 892 982
f 2055 2057 2056
f 1198 718 717
f 1619 1612 1611
f 2058 1606 2059
f 2059 1607 2058
f 2058 1624 1605
f 71 179 37
f 405 1557 382
f 976 1006 977
f 322 1972 1911
f 2061 2063 2062
f 2066 2067 1825
f 2052 2064 2051
f 1609 2066 1647
f 1515 152 1516
f 1009 993 1007
f 1644 3815 2118
f 279 1916 278
f 1285 3862 1284
f 1647 1825 1649
f 2056 2067 2065
f 319 1953 1952
f 667 1913 1914
f 2070 625 2048
f 2052 2055 2063
f 2038 1655 1458
f 1606 2073 2072
f 1235 1270 1236
f 2072 2075 2074
f 2059 2072 2062
f 2074 2077 2076
f 1601 2078 2073
f 2049 1643 1645
f 1000 1001 994
f 1089 684 689
f 1931 1306 1930
f 1462 1021 1022
f 1932 1934 1935
f 875 1846 998
f 1936 1937 1938
f 44 46 92
f 1534 1956 120
f 1541 317 391
f 2081 2084 2083
f 146 1959 300
f 1360 1942 1361
f 985 1032 1033
f 1995 1892 2043
f 2079 2082 2081
f 2095 2076 2077
f 2081 2078 2079
f 2055 2054 2053
f 501 2095 500
f 2097 2099 2098
f 2098 2094 2083
f 2140 3893 3866
f 2141 3894 3893
f 2051 2048 2049
f 592 2101 1576
f 2071 2076 2096
f 2102 2098 2101
f 593 2102 592
f 1019 746 747
f 1950 12 1327
f 725 2096 501
f 1385 2104 1379
f 1379 2106 1384
f 2107 2100 2097
f 3908 502 3896
f 3896 499 3901
f 940 2109 944
f 928 1170 973
f 3868 684 3899
f 1962 1964 1961
f 3878 573 3897
f 2039 1968 1969
f 1389 2110 2109
f 1398 2113 1397
f 3757 3753 3743
f 3911 2107 2103
f 949 924 1115
f 260 324 326
f 1390 2113 2110
f 2070 2064 2071
f 3867 2103 593
f 2105 1421 2114
f 2114 1423 2115
f 3892 2115 3903
f 3908 2114 3892
f 554 1902 553
f 972 967 966
f 1765 1573 1574
f 1984 1986 1983
f 2053 2069 2057
f 3573 724 714
f 1625 1674 1673
f 3881 2119 2122
f 3903 2123 3904
f 56 1906 55
f 626 3879 629
f 2001 2003 2004
f 3912 2127 3907
f 2006 2008 2009
f 2127 1412 2128
f 2014 2016 2017
f 2018 2020 2021
f 1495 1947 197
f 1379 1386 1385
f 3814 1680 1618
f 2029 1884 2028
f 3902 2120 3887
f 629 3914 3872
f 682 943 1089
f 724 2121 716
f 1757 3821 3845
f 765 3844 3809
f 3851 715 3852
f 706 3870 3872
f 981 987 980
f 1457 1656 1880
f 2017 2032 2033
f 1458 1868 1457
f 1776 1792 1793
f 1959 1946 1958
f 3663 3725 3661
f 3913 2122 3850
f 1093 689 1088
f 966 968 972
f 3852 3881 3913
f 2172 2170 2171
f 670 2137 669
f 3761 1903 233
f 1429 28 1449
f 964 978 971
f 3841 1413 2127
f 1473 669 2137
f 3834 1359 1358
f 2138 1870 2137
f 1872 2137 1870
f 715 3888 3881
f 1881 1992 1880
f 3843 739 740
f 1837 3513 3514
f 253 59 85
f 1808 3840 1807
f 1647 3818 1609
f 3865 671 668
f 2112 3883 2111
f 1405 2044 1438
f 3829 1364 1366
f 273 391 249
f 576 3520 3555
f 3875 668 2031
f 1430 2140 2139
f 2136 3860 28
f 1430 18 19
f 3893 570 695
f 1442 2046 2141
f 1431 2141 2140
f 3869 3850 2136
f 3808 1817 766
f 3866 695 671
f 2142 798 2138
f 571 2142 694
f 3819 1618 1611
f 2143 2025 2142
f 694 2138 670
f 681 2144 572
f 2144 2022 2143
f 328 457 290
f 1572 2011 2144
f 630 3903 624
f 2085 2087 2088
f 2090 2092 2089
f 572 2143 571
f 1875 2153 2149
f 1873 2149 2154
f 2103 2097 2102
f 2157 2155 2156
f 2128 1414 2120
f 3874 589 582
f 3872 628 629
f 2149 2158 2159
f 2159 3905 3890
f 698 3902 705
f 3823 3827 1817
f 2158 3874 3905
f 1438 2046 1439
f 2035 2160 2161
f 2161 3889 3886
f 3871 605 589
f 3873 18 3875
f 370 61 451
f 649 413 648
f 2153 2156 2158
f 1428 1449 1450
f 1490 73 1488
f 3890 710 633
f 2155 3891 3871
f 1456 1880 1992
f 2125 2087 2124
f 2160 3890 3889
f 300 505 323
f 1064 1046 1065
f 2043 1891 2155
f 2129 2004 2003
f 2131 2133 2134
f 3848 1450 1449
f 1998 804 805
f 3879 3864 3914
f 474 490 770
f 1164 1182 1177
f 707 3909 3870
f 708 2162 707
f 2162 3886 3909
f 548 1905 458
f 1145 1114 1171
f 705 1650 704
f 2043 1977 1995
f 737 554 559
f 1034 1191 1023
f 458 1907 275
f 195 232 233
f 2040 1969 1970
f 2145 2147 2148
f 2054 2049 1645
f 3832 1639 3818
f 9 11 10
f 252 506 258
f 472 479 471
f 1865 3791 3503
f 900 910 907
f 1941 2151 1942
f 1921 1927 1919
f 2163 1898 2116
f 271 153 178
f 1904 12 9
f 282 264 460
f 1872 2154 2035
f 1326 1897 2163
f 628 693 627
f 1724 1719 1723
f 1549 436 172
f 1582 1730 1729
f 1921 1929 1928
f 3563 10 11
f 475 774 771
f 769 2171 473
f 2171 476 473
f 476 772 475
f 1791 464 1760
f 2166 2168 2169
f 595 372 98
f 483 1641 482
f 762 2173 470
f 771 484 492
f 486 1809 483
f 297 1517 296
f 763 2174 762
f 776 759 489
f 184 2176 2000
f 412 303 414
f 2005 185 224
f 3811 1682 3846
f 2164 756 764
f 1472 2161 2162
f 950 964 965
f 2177 2179 2180
f 227 1510 333
f 764 467 2164
f 2182 2184 2181
f 2186 2018 2185
f 1985 2181 1986
f 214 729 1531
f 1545 1546 1569
f 865 842 866
f 849 1357 1362
f 452 1558 454
f 559 3188 737
f 16 737 3188
f 560 498 374
f 3193 3195 3194
f 3200 3198 3199
f 3211 3213 3212
f 3215 3217 3216
f 2187 2002 2001
f 2169 2189 2190
f 2192 2085 2191
f 2193 2195 2196
f 2198 2200 2197
f 1998 1979 1975
f 3664 3668 3671
f 2116 1903 1902
f 1859 2009 1150
f 3904 2126 3906
f 1135 1087 1130
f 2201 2015 2014
f 1149 110 1858
f 3221 3218 3215
f 2203 2205 2206
f 579 1895 1019
f 1755 2208 1756
f 3891 1893 605
f 1211 2150 1727
f 868 2210 2209
f 944 930 940
f 2130 2202 2201
f 233 1898 195
f 665 750 666
f 1167 999 618
f 2211 2213 2214
f 2215 2217 2218
f 3867 590 3868
f 2220 220 2219
f 823 948 1094
f 3225 3227 3226
f 266 455 265
f 3882 2107 3883
f 2221 3519 3517
f 2223 2225 2226
f 2207 2124 2208
f 673 3869 3864
f 817 996 815
f 2227 2146 2145
f 1947 646 749
f 3900 17 3873
f 2229 1638 1381
f 1679 1618 1680
f 1637 2232 2230
f 2233 1617 1616
f 2231 2236 2237
f 1381 2238 1382
f 3586 2242 3587
f 1630 2233 1631
f 1681 472 469
f 1408 2243 2244
f 3236 3238 3237
f 3232 3240 3235
f 1637 2238 1638
f 3237 3233 3234
f 1409 1634 2245
f 1380 2247 2246
f 1628 2245 1621
f 2249 1622 1633
f 1632 1408 2244
f 2248 1631 2250
f 2235 1637 1636
f 3245 3199 3198
f 631 2071 725
f 515 52 49
f 782 2251 1251
f 2253 2255 2252
f 397 459 784
f 1456 2040 1455
f 2040 2036 1455
f 1401 2111 1398
f 2041 1970 2026
f 1535 414 1965
f 1586 2080 2079
f 2256 1132 1886
f 1700 3918 3919
f 3815 1686 3817
f 1263 1886 1096
f 598 844 599
f 2257 2259 2260
f 2258 2262 2259
f 2259 2263 2216
f 2260 2216 2215
f 1967 1970 1969
f 2212 1963 2213
f 922 2218 2217
f 1312 1101 2264
f 1307 1286 789
f 1548 1546 1972
f 2266 2268 2265
f 2265 2270 2269
f 2272 2269 2271
f 2273 2265 2272
f 2275 2277 2274
f 2278 2277 2279
f 2284 3617 3639
f 2287 2286 2281
f 2288 2283 2287
f 2290 3639 3620
f 2291 2293 2294
f 2295 2294 2279
f 2296 2291 2295
f 2297 2292 2291
f 2294 2299 2300
f 2279 2300 2278
f 2298 2302 2292
f 2292 2303 2293
f 2293 2304 2299
f 2304 2306 2299
f 2306 2300 2299
f 2308 2310 2307
f 2302 2310 2303
f 2301 2307 2302
f 2312 2307 2311
f 2313 2315 2316
f 2318 2320 2317
f 3748 2322 2323
f 2324 2273 2326
f 2313 2326 2327
f 2328 2313 2316
f 2329 2324 2328
f 2331 2333 2330
f 2330 2267 2266
f 2325 2266 2273
f 2329 2330 2325
f 2333 2335 2267
f 2336 2333 2332
f 2338 2332 2337
f 2331 2337 2332
f 2329 2339 2331
f 2328 2340 2329
f 2316 2341 2328
f 2342 2315 2343
f 2344 2346 2347
f 2341 2347 2340
f 2342 2344 2341
f 2348 2345 2344
f 2350 2352 2353
f 2339 2353 2337
f 2340 2350 2339
f 2347 2351 2350
f 2337 2354 2338
f 2353 2355 2354
f 2356 2276 2357
f 2356 2358 2359
f 2356 2296 2295
f 2279 2356 2295
f 2360 2270 2268
f 2267 2360 2268
f 2362 2364 2365
f 2362 2361 2358
f 2366 2358 2357
f 2366 2363 2362
f 2357 2368 2366
f 2366 2369 2367
f 2276 2370 2368
f 2368 2282 2369
f 2372 2374 2371
f 2375 2377 2007
f 2378 2380 2381
f 2382 2381 2383
f 2384 2378 2382
f 2385 2379 2378
f 2388 2390 2387
f 2387 2392 2391
f 2393 2387 2391
f 2394 2388 2387
f 2186 2402 2400
f 2403 2327 2326
f 2272 2326 2273
f 2271 2403 2272
f 2405 2404 2403
f 2404 2408 2327
f 2409 2411 2412
f 2409 2271 2269
f 2413 2269 2270
f 2413 2410 2409
f 2417 2416 2418
f 2417 2406 2405
f 2412 2405 2271
f 2411 2417 2412
f 2406 2407 2404
f 3569 632 713
f 2420 2397 2421
f 2420 2423 2422
f 2424 2422 2419
f 2424 2398 2420
f 2425 2392 2426
f 2421 2426 2423
f 2397 2425 2421
f 2396 2391 2425
f 2427 2315 2314
f 2427 2408 2428
f 2430 2428 2429
f 2343 2427 2430
f 2432 2430 2431
f 2431 2429 2433
f 2435 2433 2434
f 2436 2431 2435
f 2428 2407 2437
f 2422 2407 2419
f 2438 2422 2423
f 2429 2437 2438
f 2440 2433 2439
f 2441 2433 2429
f 2442 2439 2441
f 2443 2440 2439
f 2445 2444 2443
f 2447 2443 2442
f 2383 2445 2447
f 2381 2446 2445
f 2448 2423 2426
f 2449 2426 2392
f 2441 2449 2442
f 2441 2438 2448
f 2449 2390 2450
f 2450 2389 2451
f 2447 2451 2383
f 2442 2450 2447
f 2451 2453 2452
f 2452 2455 2454
f 2382 2454 2384
f 2383 2452 2382
f 2456 2373 2372
f 2459 2461 2458
f 2463 2465 2462
f 2462 2285 2284
f 2466 2284 2290
f 2467 2462 2466
f 2461 3703 3701
f 2468 2470 2471
f 2472 2471 2473
f 2474 3701 3688
f 2475 2477 2478
f 2458 2453 2479
f 2479 2389 2388
f 2395 2479 2388
f 2480 2458 2479
f 2481 2483 2478
f 2484 2485 221
f 2471 2464 2463
f 2473 2463 2467
f 2487 2466 2486
f 2486 2290 2488
f 2490 2488 2489
f 2491 2486 2490
f 2492 2467 2487
f 2493 2487 2491
f 2494 2492 2493
f 2495 2473 2492
f 3690 2474 3688
f 3691 2496 3690
f 2498 2493 2499
f 2500 2499 2501
f 3700 2498 2500
f 3687 2494 2498
f 2306 2278 2300
f 2305 2504 2306
f 2504 2507 2506
f 2506 2288 2508
f 2274 2508 2275
f 2278 2506 2274
f 3633 2489 2488
f 3620 2488 2290
f 2507 2289 2288
f 2505 2509 2507
f 2508 2287 2511
f 2511 2281 2280
f 2370 2280 2282
f 2275 2511 2370
f 2512 2489 2513
f 2514 2513 2515
f 2517 2514 2516
f 2517 2490 2512
f 2499 2491 2517
f 2499 2516 2501
f 2510 2519 2518
f 2518 2521 2520
f 3616 2520 3621
f 3632 2518 3616
f 2522 2303 2310
f 2523 2310 2309
f 2305 2522 2524
f 2524 2523 2525
f 2519 2525 2521
f 2505 2524 2519
f 2308 2527 2526
f 2526 2529 2528
f 2531 2528 2530
f 2309 2526 2531
f 1214 2151 1211
f 2419 2418 2424
f 2533 2349 2317
f 2534 2317 2320
f 2535 2533 2534
f 2536 2345 2533
f 2537 2346 2536
f 2538 2536 2535
f 2539 2537 2538
f 2540 2351 2537
f 2312 2541 2527
f 2527 2542 2529
f 2543 2434 2544
f 2545 2544 2546
f 2319 2543 2545
f 2318 2435 2543
f 2514 2548 2547
f 2547 2550 2549
f 2552 2549 2551
f 2552 2514 2547
f 2520 2554 2553
f 2553 2556 2555
f 3590 2555 3593
f 3621 2553 3590
f 2523 2531 2557
f 2557 2530 2558
f 2525 2557 2559
f 2559 2558 2560
f 2554 2560 2556
f 2521 2559 2554
f 2561 2007 2006
f 2376 2225 2377
f 2564 2566 2563
f 2563 338 2567
f 2569 2567 2568
f 2570 2563 2569
f 2572 2574 2571
f 2571 2576 2575
f 2544 2575 2546
f 2544 2572 2571
f 2578 2569 2577
f 2579 2569 2568
f 2574 2579 2576
f 2573 2577 2574
f 2581 2583 2580
f 2584 2583 2585
f 3697 2580 2584
f 3676 2580 3675
f 2582 2552 2583
f 2583 2551 2585
f 2500 2589 2588
f 2590 2589 2591
f 3693 2588 2590
f 3695 2500 2588
f 2501 2591 2589
f 2592 2594 2595
f 2386 2503 2502
f 2596 2386 2374
f 2596 2373 2597
f 2599 2597 2598
f 2599 2379 2596
f 2600 2380 2599
f 2600 2598 2601
f 2603 2601 2602
f 2603 2446 2600
f 2604 2602 2605
f 2440 2605 2434
f 2444 2604 2440
f 2606 2581 2607
f 2606 2590 2591
f 2591 2582 2606
f 3676 2456 3689
f 3689 2372 3693
f 2478 2608 2481
f 2609 2611 2199
f 2564 2613 2612
f 2612 2598 2597
f 2457 2597 2373
f 2565 2612 2457
f 2614 2570 2578
f 2615 2578 2573
f 2602 2614 2615
f 2601 2613 2614
f 2572 2605 2616
f 2616 2602 2615
f 2573 2616 2615
f 1459 1045 1021
f 1265 1079 1082
f 1612 1609 1611
f 2067 2069 2068
f 1135 1136 1148
f 1938 2618 2617
f 95 458 128
f 2058 1608 1612
f 1454 1445 1367
f 655 1048 2619
f 722 2621 723
f 1131 1033 1134
f 562 366 1497
f 1723 1725 1591
f 1786 1122 1787
f 267 323 266
f 1325 1654 2038
f 1468 1435 1479
f 658 529 528
f 8 247 7
f 382 1559 3
f 788 1307 789
f 940 929 928
f 911 2623 912
f 2621 655 654
f 2624 2625 2626
f 998 27 26
f 635 2626 2625
f 2627 644 1840
f 2628 1840 2629
f 1200 2627 2628
f 1199 641 2627
f 1520 49 477
f 1452 1349 1451
f 2630 1859 1858
f 644 1335 1823
f 1197 717 2632
f 2632 719 1166
f 2628 1166 1200
f 2629 2632 2628
f 1762 1050 821
f 1823 873 1839
f 2634 794 652
f 1028 1027 1161
f 1042 2635 1043
f 93 1901 1924
f 2036 1458 1455
f 1527 1525 1526
f 877 1274 1277
f 134 797 1544
f 1328 931 1329
f 607 1091 1161
f 1043 2637 2636
f 2636 2639 2638
f 1275 2638 1276
f 1275 1043 2636
f 1272 2626 2640
f 2640 638 637
f 1110 2640 637
f 536 2640 2641
f 1472 1474 1473
f 2042 1951 649
f 1058 1105 1059
f 2642 2643 2644
f 1192 2644 1193
f 912 2642 1192
f 3898 3526 3786
f 1049 2620 2621
f 616 1885 613
f 1331 666 750
f 990 1198 525
f 1911 321 322
f 1298 1205 2645
f 76 1504 75
f 1502 421 422
f 610 658 691
f 1146 659 938
f 2646 914 936
f 1280 1238 1279
f 975 2647 2648
f 2647 975 974
f 1453 1452 1451
f 1514 158 151
f 835 1843 1842
f 1271 1173 1289
f 2649 813 2650
f 1893 1826 1894
f 1050 1937 1051
f 2651 814 813
f 1006 1281 977
f 2653 2654 2655
f 1001 1003 1002
f 585 679 558
f 2624 621 620
f 555 2028 556
f 1207 1197 2629
f 1626 478 472
f 426 419 1567
f 1030 1773 1031
f 3898 634 3880
f 534 138 262
f 1125 1042 1041
f 333 88 227
f 569 561 730
f 1489 871 870
f 1857 620 891
f 1673 3770 3763
f 622 864 1308
f 2647 974 2657
f 619 891 620
f 261 545 262
f 393 1556 404
f 2658 2647 2657
f 1075 2657 917
f 1081 2658 1075
f 1080 2659 2658
f 2644 1141 2660
f 2660 1140 1336
f 642 1336 643
f 1193 2660 642
f 679 555 558
f 1503 1500 1502
f 1318 1101 1100
f 2661 1139 1142
f 2661 2663 2662
f 2662 2659 2661
f 2662 2622 2664
f 2664 911 2646
f 2648 2646 1146
f 2648 2662 2664
f 2083 2093 2081
f 1442 1437 1439
f 519 330 51
f 1885 1209 613
f 799 805 804
f 1946 1952 1953
f 1302 1253 1252
f 566 224 533
f 1389 928 1388
f 683 681 680
f 836 1842 2665
f 2665 1845 1303
f 2666 1303 1302
f 24 2665 2666
f 831 2650 832
f 1845 1304 1303
f 2010 2012 2011
f 1051 2667 2668
f 1522 1511 1523
f 531 441 522
f 782 1251 1250
f 1250 2625 2669
f 2669 1857 1856
f 783 1856 1037
f 782 2669 783
f 720 2671 721
f 1055 1930 1056
f 1333 1251 2251
f 619 1308 1307
f 652 2619 2634
f 521 1539 1540
f 1838 537 2672
f 2672 536 2641
f 1113 2641 1110
f 1113 1838 2672
f 1016 1351 1045
f 3897 570 3894
f 226 104 101
f 3564 3827 1818
f 1036 1884 1883
f 2674 1304 2673
f 2673 1844 2675
f 1334 2675 1039
f 1333 2673 1334
f 2676 1039 2675
f 1843 2675 1844
f 942 2676 1843
f 1074 702 2676
f 811 859 858
f 752 1055 753
f 1200 656 1026
f 1120 874 2677
f 2677 877 1052
f 1241 1052 1005
f 1119 2677 1241
f 1560 151 1515
f 1208 611 523
f 215 736 214
f 1460 1462 1461
f 1208 1839 873
f 854 1282 1297
f 72 182 179
f 544 1565 512
f 217 456 457
f 2047 930 945
f 1204 1937 2633
f 913 686 685
f 840 1113 1112
f 1531 730 561
f 2678 1283 801
f 601 1914 602
f 1537 459 460
f 1819 3509 3527
f 991 862 538
f 2679 1073 1830
f 2680 983 2256
f 779 2256 1263
f 778 2680 779
f 2678 1830 2680
f 180 245 40
f 1886 1131 1134
f 1138 1274 1255
f 1841 1140 1139
f 75 314 74
f 193 420 192
f 2681 1099 1098
f 170 1565 169
f 349 417 432
f 1121 2684 2683
f 547 409 302
f 123 121 120
f 2643 1142 1141
f 1542 513 1543
f 899 907 919
f 1210 676 867
f 791 982 892
f 24 837 836
f 893 932 931
f 1860 863 862
f 535 862 861
f 832 813 812
f 2650 813 832
f 1569 1547 1568
f 181 542 180
f 660 937 688
f 2013 568 2012
f 887 2631 2630
f 1524 361 78
f 520 162 1529
f 2653 854 2685
f 1238 2655 2686
f 718 527 530
f 1492 518 1491
f 792 615 793
f 599 1835 596
f 290 456 175
f 312 1552 425
f 1248 1179 1249
f 153 177 178
f 1240 1222 1221
f 1257 1235 1071
f 1291 1083 1222
f 1052 1277 1053
f 743 2618 1204
f 444 430 443
f 23 1172 1187
f 2687 1180 1179
f 102 409 134
f 1283 610 801
f 373 650 651
f 1180 1084 1291
f 855 2655 1237
f 1173 1917 1174
f 2689 853 2688
f 2688 1108 1279
f 2686 1279 1238
f 2687 2688 2686
f 2691 1252 2690
f 2690 850 2689
f 1248 2689 2687
f 1248 2691 2690
f 2692 24 2666
f 2691 2666 1302
f 1247 2692 2691
f 1258 617 2692
f 394 1555 393
f 2693 1259 1223
f 1072 1262 1261
f 1257 1168 1258
f 398 1555 1554
f 871 1314 872
f 1178 1249 1179
f 1224 1173 1172
f 1010 2618 742
f 1175 1292 1269
f 2654 2686 2655
f 2694 1216 1264
f 71 1487 70
f 701 1111 1038
f 1072 2649 2650
f 1085 22 21
f 895 1264 896
f 1601 1605 1604
f 1259 1271 1289
f 21 1220 1083
f 988 538 537
f 598 1336 1140
f 820 1762 821
f 1050 818 821
f 1298 1761 2652
f 1168 618 617
f 858 1256 833
f 39 516 1536
f 2652 819 814
f 313 315 314
f 2026 1971 2027
f 2656 596 1835
f 814 818 811
f 2696 813 2649
f 1260 2649 1261
f 2693 2696 1260
f 2697 2651 2696
f 381 390 380
f 3818 1611 1609
f 1475 1428 1227
f 1292 1917 1235
f 1551 354 1518
f 1526 1523 1511
f 1593 1595 1573
f 1232 1246 1249
f 2695 1223 22
f 2698 1296 2697
f 2698 2693 2695
f 2685 2695 1085
f 2685 1297 2698
f 562 271 272
f 2652 1296 1298
f 1365 1364 1363
f 1958 1953 1957
f 585 2210 997
f 1561 1515 435
f 975 1146 976
f 347 68 346
f 1038 636 1068
f 2700 780 2699
f 2699 1036 1883
f 2701 1883 1829
f 851 2699 2701
f 2674 2251 2702
f 2702 781 2700
f 1253 2700 851
f 1301 2702 1253
f 1519 388 1550
f 1273 1280 2703
f 2703 1107 852
f 2701 852 851
f 1829 2703 2701
f 91 326 90
f 1784 2656 1785
f 2683 2705 2704
f 1669 3548 1662
f 2062 2060 2059
f 621 861 622
f 2023 732 2024
f 686 1263 687
f 857 2668 1328
f 883 882 879
f 637 1111 1110
f 2668 893 1328
f 2667 894 2668
f 1039 1068 1334
f 313 1504 1505
f 1911 305 453
f 1936 1964 2212
f 2707 2401 2183
f 2708 2183 2182
f 738 2116 554
f 2349 2432 2436
f 2711 2020 2019
f 2400 2019 2186
f 2714 2716 2713
f 2717 2719 2720
f 2721 2723 2724
f 2726 2728 2725
f 2725 2730 2729
f 2731 2729 2709
f 2732 2725 2731
f 2734 2736 2733
f 2738 2740 2737
f 2737 2741 2742
f 2744 2746 2743
f 2745 2748 2747
f 2749 2747 2751
f 2753 2751 2752
f 2250 2246 2248
f 2754 1614 2755
f 3598 2755 3609
f 3608 2747 3609
f 1617 2755 1614
f 2242 1620 2757
f 2191 2760 2759
f 2761 2760 2762
f 3648 2761 3649
f 3623 2759 3648
f 3209 3223 3224
f 1395 2236 2235
f 1395 1636 1615
f 1616 2229 2233
f 1617 2763 2756
f 2756 3628 3608
f 2765 2234 1630
f 2766 3628 3622
f 3202 3246 3247
f 1516 435 1515
f 2768 3552 3553
f 1495 578 1424
f 2135 28 17
f 1690 3926 3925
f 2778 2780 2777
f 2777 2781 2782
f 2784 2777 2783
f 3555 575 576
f 1494 9 540
f 3529 2015 3566
f 451 505 450
f 2786 2788 2785
f 2779 2785 2780
f 2789 2741 2740
f 2790 2752 2789
f 2792 2794 2791
f 2793 2796 2794
f 2796 2750 2749
f 2794 2749 2753
f 2798 1396 2754
f 3591 2754 3598
f 2798 2800 1393
f 3591 2799 2798
f 2797 2795 2801
f 2791 2753 2790
f 216 232 54
f 3804 2807 3803
f 3805 2804 3803
f 2769 3557 3552
f 183 184 97
f 2811 2775 2776
f 2804 2776 2805
f 2809 2811 2804
f 2812 2813 2814
f 3805 2816 3795
f 3796 2815 3795
f 3798 2820 2821
f 3793 2819 3798
f 2824 2735 2819
f 2823 2824 2819
f 2825 2826 2724
f 3793 2827 3792
f 3796 2826 3792
f 2713 2829 2828
f 2828 2831 2830
f 2822 2828 2830
f 2821 2713 2828
f 2832 2822 2830
f 2833 2830 2831
f 2834 2832 2833
f 2835 2827 2832
f 2837 2839 2836
f 2836 2841 2840
f 2842 2840 2727
f 2843 2836 2842
f 2840 2845 2844
f 2718 2845 2719
f 2730 2844 2718
f 2727 2844 2728
f 2846 2719 2845
f 2846 2841 2847
f 2829 2847 2831
f 2829 2716 2846
f 2847 2839 2848
f 2848 2838 2849
f 2833 2849 2834
f 2831 2848 2833
f 2850 2851 2852
f 2853 2852 2854
f 2783 2782 2855
f 2785 2853 2856
f 2780 2856 2781
f 2857 2855 2782
f 2859 2782 2781
f 2861 2842 2860
f 2860 2727 2726
f 2862 2726 2732
f 2863 2860 2862
f 2861 2858 2857
f 2843 2857 2859
f 2856 2854 2864
f 2781 2864 2859
f 2837 2859 2864
f 2838 2864 2854
f 2852 2834 2849
f 2854 2849 2838
f 2865 2818 2835
f 2851 2835 2834
f 2813 2815 2865
f 2814 2865 2851
f 2866 2814 2850
f 2788 2850 2853
f 2866 2787 2867
f 2812 2867 2775
f 1892 1890 1891
f 2720 2846 2870
f 298 256 257
f 2872 2713 2820
f 3794 2735 2734
f 2729 2874 2873
f 2846 2715 2870
f 2876 2878 2875
f 2733 2878 2734
f 3806 2879 2880
f 3806 2872 3794
f 2882 2884 2881
f 2881 2715 2714
f 2880 2714 2872
f 2879 2881 2880
f 2885 2887 2888
f 2888 2890 2885
f 2885 2892 2891
f 2893 2885 2891
f 1942 2532 2894
f 2895 2720 2870
f 2884 2870 2715
f 2883 2895 2884
f 2896 2892 2895
f 2889 2717 2890
f 2890 2720 2892
f 2897 2891 2896
f 2898 2896 2883
f 2899 2883 2882
f 2900 2882 2879
f 3797 2879 3807
f 2876 2901 2877
f 2901 2904 2903
f 1785 1835 1834
f 2905 2899 2900
f 2907 2897 2898
f 3797 2903 3799
f 632 577 633
f 3532 2867 2787
f 434 550 350
f 2768 3640 3643
f 2910 1623 2249
f 2241 2758 2242
f 3640 2913 3652
f 1623 2757 1620
f 3587 2757 3652
f 2229 1380 2250
f 2765 1629 2914
f 2915 1629 2912
f 3642 2914 2915
f 3641 2765 2914
f 2919 3642 3613
f 2918 2912 2241
f 3614 2241 3586
f 3618 3613 3670
f 3541 2180 3496
f 3521 2188 3506
f 3705 714 3851
f 2925 2917 2924
f 2924 2916 2919
f 3610 2919 3618
f 3611 2924 3610
f 2926 2766 2925
f 3658 2925 3611
f 1715 1705 1710
f 785 498 796
f 1387 565 1791
f 374 1899 560
f 3573 2206 3556
f 2929 2886 2893
f 2932 2934 2931
f 1905 1908 1907
f 2930 2936 2937
f 2938 2930 2929
f 1493 517 518
f 1603 1586 1602
f 2939 2929 2908
f 2940 2908 2907
f 3665 1600 3661
f 2886 2937 2887
f 2906 2898 2899
f 2908 2893 2897
f 2942 2933 2941
f 2941 2937 2936
f 3501 2936 3513
f 3498 2941 3501
f 2943 2710 2873
f 2943 2874 2889
f 2945 2889 2888
f 2946 2943 2945
f 2932 2888 2887
f 2931 2945 2932
f 727 1929 728
f 2903 2947 2948
f 545 42 262
f 1480 533 251
f 2907 2949 2940
f 2906 2950 2949
f 1558 215 202
f 3799 2948 3801
f 2054 1644 2118
f 3705 2203 3573
f 1828 1849 1827
f 2953 2955 2952
f 2952 2957 2956
f 2956 2258 2952
f 2953 2258 2257
f 2454 2474 2496
f 3747 2959 3766
f 3747 2131 3737
f 2961 2963 2958
f 2958 2964 2959
f 222 2485 2965
f 2477 2966 2608
f 2631 2006 1859
f 2384 2496 2497
f 2967 2959 2964
f 2968 2970 2969
f 3759 2971 3784
f 3784 2960 3766
f 2972 2033 2032
f 2007 2973 2008
f 3560 2134 2133
f 1836 1832 1831
f 3506 2090 3551
f 955 959 956
f 672 674 673
f 633 713 632
f 2024 733 803
f 2025 803 798
f 425 1550 388
f 2975 888 887
f 1319 1157 2694
f 1212 2977 1213
f 889 2228 2227
f 1978 1975 1979
f 1138 1329 915
f 751 2979 2978
f 1619 1625 1624
f 2252 1728 1727
f 1157 845 1216
f 2706 1938 2617
f 2980 2254 2981
f 2982 887 2630
f 802 711 2679
f 678 2029 2028
f 527 690 528
f 1839 2629 1840
f 2983 602 1914
f 2983 1913 1331
f 2985 1331 1054
f 2986 2983 2985
f 2987 2635 2634
f 2985 2639 2986
f 2990 1318 2989
f 2991 2993 2994
f 2995 2994 2996
f 1106 2991 2995
f 1058 2992 2991
f 1415 1365 1367
f 1317 2217 2997
f 1932 2255 2980
f 926 2999 664
f 3001 2992 3000
f 3000 1057 2978
f 2999 2978 2979
f 2998 3000 2999
f 3002 2209 3003
f 3002 2996 2994
f 2993 3002 2994
f 3001 2998 3002
f 1103 2995 3004
f 3004 2996 3003
f 2209 3004 3003
f 588 3004 2210
f 295 433 381
f 2638 2988 3005
f 3005 1056 1930
f 1305 1930 1306
f 1276 3005 1305
f 1987 1993 1989
f 2633 1761 2645
f 1423 1417 1419
f 3561 739 703
f 2671 2704 2705
f 1473 2035 1472
f 922 2694 895
f 1401 1378 1384
f 556 1884 1037
f 842 3825 3836
f 1854 2617 1010
f 933 1081 1075
f 1440 1436 1437
f 529 719 530
f 1031 1027 1028
f 777 912 1871
f 2645 1204 2633
f 441 1538 1537
f 790 587 586
f 2065 1610 1607
f 1860 990 902
f 60 87 59
f 1424 1948 1947
f 332 1507 331
f 261 138 135
f 187 449 507
f 1719 1726 1725
f 1931 1059 3006
f 3006 1105 1104
f 1287 1104 587
f 1286 3006 1287
f 3007 3009 3010
f 3009 653 795
f 618 26 25
f 2029 1210 1209
f 957 600 2228
f 1049 2228 600
f 2631 3011 2561
f 890 2227 3011
f 3011 2145 3012
f 2561 3012 2375
f 1026 609 608
f 2706 1961 1964
f 3013 2485 3014
f 2148 1267 3015
f 3015 1266 1311
f 2997 1101 1317
f 642 1773 1193
f 186 461 511
f 1041 1320 901
f 1121 3017 1122
f 2984 2987 3018
f 3018 2634 2619
f 1048 3018 2619
f 603 2984 3018
f 2679 801 802
f 2062 2074 2061
f 2061 2076 2064
f 414 1545 1965
f 3016 2683 3019
f 3019 2704 2670
f 3020 2670 720
f 3007 3019 3020
f 1871 1091 777
f 3021 1122 3017
f 3022 3017 3010
f 1314 3022 1315
f 1784 3021 1314
f 1316 1763 611
f 3023 3010 3009
f 3023 795 1092
f 1763 1092 1125
f 1315 3023 1763
f 3016 3010 3017
f 752 2978 1057
f 2986 2637 2987
f 3024 653 3008
f 3020 3008 3007
f 720 3024 3020
f 723 654 3024
f 2681 1268 3025
f 2671 1268 721
f 2705 3025 2671
f 1313 3027 1311
f 3026 3029 3027
f 3027 3030 3031
f 1311 3031 3015
f 2012 731 2023
f 917 974 977
f 743 856 744
f 1888 2030 1425
f 2682 2684 3032
f 3032 1124 2989
f 1100 2989 1318
f 1099 3032 1100
f 1123 2989 1124
f 3033 1159 1158
f 2990 1158 1319
f 1123 3033 2990
f 1786 1834 3033
f 1054 2988 2985
f 2979 664 2999
f 2623 2663 2643
f 1095 688 687
f 3034 2261 2956
f 3036 2956 2957
f 3037 3034 3036
f 3038 3035 3034
f 3040 3026 1313
f 2263 3041 3040
f 3042 3043 3041
f 3041 3028 3026
f 3044 3043 3039
f 3046 3045 3044
f 3047 3049 3045
f 3043 3049 3028
f 3038 3051 3050
f 3050 3053 3052
f 3052 3044 3050
f 3039 3050 3044
f 3054 3039 3042
f 3042 2262 3054
f 2261 3054 2262
f 2216 2997 2217
f 2212 2667 1936
f 3056 2209 3055
f 934 1961 1854
f 2013 3757 567
f 3058 3060 3061
f 3059 3063 3060
f 3060 2213 1963
f 3061 1963 1962
f 3063 2214 2213
f 3062 3064 3063
f 3065 2260 3064
f 3064 2215 2214
f 3066 3031 3030
f 2608 3067 3066
f 2966 3068 3067
f 3031 3068 3015
f 2455 2461 2474
f 2476 2226 2477
f 3551 2089 3525
f 433 355 381
f 2115 1419 2123
f 3509 2922 3527
f 3769 2131 2134
f 3069 2167 2166
f 2971 2928 2960
f 2961 2773 2962
f 3070 2478 2483
f 2610 3071 2954
f 2502 2374 2386
f 3072 2595 3073
f 2964 3052 2967
f 3048 3074 3049
f 2593 3075 3074
f 3075 3029 3074
f 3074 3028 3049
f 3072 3075 2592
f 3076 2482 2481
f 2481 3066 3076
f 3076 3030 3075
f 2967 3053 2970
f 2482 3073 2483
f 479 493 494
f 706 3873 709
f 3561 2221 3517
f 2013 3754 3755
f 3533 2016 3529
f 3562 2222 2974
f 1171 1155 1176
f 2586 2565 2587
f 2982 113 2484
f 2562 3077 3068
f 2376 3012 3077
f 3012 2148 3077
f 3077 3015 3068
f 2963 3046 2964
f 3051 2970 3053
f 1683 491 775
f 3850 1447 3860
f 1986 3734 3768
f 3079 2546 2575
f 3081 2575 2576
f 1983 3768 3765
f 3082 2319 2545
f 3080 2545 2546
f 3734 3082 3080
f 3732 2323 3082
f 1309 1888 748
f 3073 2772 2771
f 2760 3084 2762
f 2760 2088 3083
f 3085 3086 3087
f 3089 3090 3088
f 3089 3084 3085
f 3092 3090 3091
f 3093 2744 2743
f 2751 2748 3093
f 3093 2752 2751
f 2742 3093 3094
f 3094 2743 3095
f 3096 3098 3087
f 3099 3087 3086
f 3097 3095 3098
f 3100 2746 3101
f 3101 3102 3100
f 2764 2927 3101
f 2745 3101 2746
f 3102 3091 3100
f 3100 3095 2743
f 2869 3592 3634
f 3102 3104 3092
f 3658 2869 3634
f 2927 3103 3102
f 3098 3091 3090
f 3087 3090 3085
f 2088 3105 3083
f 3083 3086 3084
f 2483 2771 3070
f 2401 2185 2321
f 3099 3105 3106
f 2125 3106 3105
f 3108 2742 3107
f 3107 3094 3097
f 3110 3107 3109
f 3109 3097 3096
f 3111 3096 3099
f 3112 3109 3111
f 3113 2737 3108
f 3115 2722 3114
f 3117 3114 3116
f 3119 3116 3118
f 3118 3120 3121
f 3116 3113 3120
f 3122 3111 3123
f 3122 1755 1754
f 3124 3126 3127
f 3125 3121 3126
f 3128 3118 3125
f 3129 3125 3124
f 2020 3128 3129
f 3853 1346 1352
f 1065 1047 1066
f 1814 3830 1649
f 2021 3129 3130
f 3111 3106 3123
f 3123 2207 1755
f 2377 2224 2973
f 3014 113 112
f 1756 3782 3767
f 3131 2530 2528
f 3133 2528 2529
f 1753 3767 3775
f 3134 3127 3135
f 2327 2314 2313
f 2436 2317 2349
f 2018 3711 3712
f 2534 3137 2535
f 2320 3136 2534
f 2185 3712 3771
f 3138 2542 2539
f 3134 3744 3745
f 3785 3134 3745
f 3140 2539 2538
f 2535 3140 2538
f 3711 3130 3785
f 2558 3132 3141
f 3782 3141 3132
f 2560 3141 3142
f 3760 3142 3141
f 958 2976 2981
f 1933 2980 3143
f 2399 2418 2416
f 2348 2343 2432
f 2322 2319 2323
f 2718 2874 2730
f 2709 2873 2710
f 2894 1361 1942
f 346 176 347
f 1876 1882 1881
f 2802 3607 3592
f 3104 3088 3092
f 2974 3649 3603
f 3089 2761 2762
f 3088 3145 3089
f 2803 3603 3607
f 3870 692 628
f 2123 1418 2126
f 1365 1368 1367
f 1581 1782 1783
f 3569 2129 3520
f 3555 2002 3521
f 3146 2551 3147
f 3751 3147 3750
f 3742 3146 3751
f 3149 2585 3146
f 3196 3197 3195
f 3604 2191 3623
f 3142 2556 2560
f 3777 3150 3142
f 3646 2550 3593
f 3150 2555 2556
f 3778 3151 3150
f 3788 3152 3646
f 3153 2551 2549
f 3152 2549 2550
f 3781 3153 3152
f 3776 3147 3153
f 3148 2206 2205
f 2183 2321 2184
f 2132 2928 2133
f 3684 2204 2203
f 3719 2197 3721
f 2594 2773 2951
f 2595 2951 2772
f 1870 799 1869
f 3713 2178 3706
f 3706 3736 3790
f 336 3774 3722
f 339 3154 336
f 3789 3149 3742
f 3683 2584 3149
f 2963 3048 3047
f 3722 337 336
f 339 2566 2586
f 3156 2168 2167
f 2610 2167 2611
f 2954 3156 2610
f 3157 2953 2257
f 3707 2169 3709
f 2567 3159 2568
f 337 2567 338
f 3730 2166 3707
f 3764 1983 3765
f 2579 3081 2576
f 2568 3160 2579
f 3709 2190 3764
f 3065 3162 3161
f 3161 1984 2189
f 3157 2189 2168
f 2257 3161 3157
f 734 1922 806
f 3059 2708 3163
f 3163 2182 1985
f 3162 1985 1984
f 3062 3163 3162
f 3203 3205 3204
f 2122 1448 1447
f 3817 1685 3812
f 139 444 69
f 1570 566 533
f 2957 3165 3036
f 2955 3164 2957
f 1912 341 1973
f 3130 3124 3134
f 1548 319 1547
f 1949 1327 1887
f 2969 3078 3167
f 3167 3169 3168
f 3724 2017 3720
f 3720 2033 3759
f 3168 3165 3170
f 3170 3164 3171
f 3779 3171 3756
f 3724 3170 3779
f 3171 3166 3172
f 3172 3071 3173
f 3752 3173 3749
f 3756 3172 3752
f 3169 3036 3165
f 2593 2962 2594
f 3173 2609 3174
f 3174 2199 2198
f 3783 2198 3719
f 3749 3174 3783
f 2190 1984 1983
f 2196 2767 3148
f 2119 1414 1448
f 1464 1466 1465
f 2199 3069 2200
f 2457 2587 2565
f 2226 2562 2966
f 481 1627 1639
f 333 235 236
f 3078 3037 3169
f 3040 2997 2263
f 2219 1933 2220
f 2385 2497 2503
f 221 3175 2484
f 2220 3143 3175
f 3175 2976 2975
f 2484 2975 2982
f 2954 3166 2955
f 2630 110 2982
f 1547 1952 1955
f 2091 2188 2187
f 3733 2178 2177
f 1918 1927 1926
f 955 960 954
f 3143 2981 2976
f 2218 2214 2215
f 672 3787 3541
f 2152 3014 2037
f 1147 1143 1145
f 2248 1409 2245
f 1615 1635 1616
f 1410 2246 2247
f 3241 3242 3240
f 3177 1383 1382
f 2238 3176 1382
f 3176 2230 3178
f 1410 3179 1407
f 3179 2243 1407
f 1633 2800 2249
f 1621 2758 2912
f 1622 2245 1634
f 2236 3181 3182
f 2237 3182 3183
f 2250 2233 2229
f 2912 1628 1621
f 135 1564 1563
f 1567 512 1565
f 1085 2653 2685
f 3184 868 3056
f 869 3057 934
f 1266 1098 1312
f 1267 722 721
f 937 2646 936
f 2146 722 2147
f 2211 921 2667
f 1957 507 449
f 1313 2264 3040
f 1496 1493 1492
f 2681 2705 2682
f 2887 2933 2932
f 1687 1659 1694
f 145 1498 81
f 1317 1319 2694
f 37 418 71
f 1935 3185 2977
f 104 301 103
f 2101 2083 2084
f 543 360 207
f 1934 3186 3185
f 234 212 237
f 3845 1822 1824
f 1976 1874 1974
f 223 2219 220
f 3655 3605 3612
f 468 773 2165
f 1935 1728 1932
f 3240 3226 3235
f 3261 3250 3260
f 3215 3244 3264
f 3265 3215 3264
f 3267 3198 3196
f 3205 3269 3255
f 3214 3265 3270
f 3271 3214 3192
f 3251 3239 3236
f 3222 3266 3272
f 3232 3234 3233
f 3216 3243 3244
f 3196 3268 3267
f 3244 3254 3255
f 3238 3247 3246
f 3264 3255 3269
f 3253 3216 3217
f 3211 3221 3265
f 3257 3218 3256
f 3258 3272 3259
f 3274 3280 3273
f 3228 3262 3263
f 3275 3281 3280
f 3226 3273 3280
f 3236 3260 3251
f 3281 3236 3237
f 3287 3192 3189
f 3235 3280 3234
f 3234 3281 3237
f 3288 3259 3272
f 3289 3278 3284
f 3210 3224 3283
f 3199 3201 3200
f 3228 3230 3229
f 3290 3285 3286
f 3282 3271 3287
f 3260 3262 3261
f 3243 3268 3254
f 3267 3241 3232
f 3194 3208 3193
f 3191 3269 3206
f 3270 3192 3214
f 3275 3230 3231
f 3264 3270 3265
f 3213 3279 3277
f 3272 3289 3288
f 3277 3212 3213
f 3228 3281 3231
f 3220 3253 3219
f 3219 3217 3257
f 3256 3222 3258
f 3247 3252 3248
f 3245 3232 3233
f 3266 3212 3289
f 3208 3255 3254
f 3288 3284 3285
f 3204 3208 3207
f 560 3187 559
f 3209 3201 3202
f 3189 3191 3190
f 448 807 447
f 647 122 270
f 1833 1780 1832
f 510 508 507
f 3210 1887 3201
f 1887 3200 3201
f 15 3197 3200
f 16 3195 3197
f 3195 3187 3194
f 3194 1899 3207
f 3207 375 3204
f 387 126 127
f 3189 1760 3287
f 3577 757 758
f 763 2172 2175
f 3583 3580 3581
f 3581 3579 3578
f 3594 3596 3595
f 3400 3602 3401
f 3626 3625 3627
f 3631 3599 3601
f 3636 3595 3596
f 3647 3588 3645
f 3650 3584 3647
f 3653 3580 3651
f 3653 3654 3579
f 1801 3656 3655
f 3651 3582 3650
f 3644 3595 3637
f 1767 3659 3660
f 1597 3661 1600
f 1708 3665 3664
f 3671 3667 3666
f 3666 3673 3672
f 1588 3664 1587
f 2080 3666 2082
f 2082 3672 2084
f 3674 3635 3631
f 3677 3636 3635
f 3682 3645 3681
f 3692 3650 3686
f 3681 3644 3680
f 786 3692 785
f 3694 3651 3692
f 785 3686 497
f 497 3682 650
f 650 3681 564
f 3696 3681 3680
f 3405 3605 3402
f 3702 3678 3677
f 3699 3679 3678
f 3645 3638 3644
f 1799 3659 1768
f 3708 3458 3460
f 3462 3708 3460
f 3714 564 3696
f 3615 3602 3600
f 3710 3696 3698
f 3635 3596 3599
f 3629 3627 3630
f 3597 3599 3596
f 3630 3715 3629
f 3627 3597 3594
f 3717 3723 3718
f 3715 3660 3629
f 3716 3725 3715
f 3668 3661 3725
f 3668 3717 3667
f 3667 3718 3673
f 3727 3673 3718
f 3728 3672 3673
f 3726 3718 3723
f 1576 2084 3672
f 3727 3731 3729
f 3203 1387 3190
f 3190 1791 3189
f 3283 1949 3210
f 317 259 391
f 2000 3653 3694
f 3601 3600 3602
f 3589 3584 3585
f 3577 756 2170
f 3585 3582 3583
f 3678 3637 3636
f 3204 376 3203
f 1801 3657 1799
f 3729 3728 3727
f 1575 3738 1088
f 3735 1576 3728
f 1776 1796 1775
f 1293 1290 1284
f 1326 1327 12
f 1294 1234 1290
f 878 1330 1337
f 497 374 498
f 122 413 121
f 3699 3704 3708
f 3606 3401 3602
f 3708 3698 3699
f 3464 3710 3462
f 3704 3443 3458
f 439 399 438
f 1512 1526 1511
f 1668 1738 1671
f 839 1362 838
f 1362 826 1012
f 3843 1896 3815
f 2053 2118 2117
f 3888 2120 2119
f 696 3816 3831
f 1826 639 640
f 3740 3729 3731
f 956 886 960
f 1980 1922 807
f 33 105 164
f 1343 3856 3857
f 3907 2128 3902
f 1766 1582 1594
f 14 2163 738
f 595 99 594
f 3233 3246 3245
f 1346 1044 1352
f 748 1425 747
f 3193 3254 3268
f 3190 3206 3203
f 3612 3606 3615
f 3624 3615 3625
f 3631 3443 3674
f 3679 3644 3637
f 3686 3647 3682
f 3702 3674 3704
f 3625 3600 3597
f 3601 3415 3631
f 3739 3735 3729
f 3630 3594 3741
f 3741 3716 3630
f 1284 1288 1285
f 3698 3680 3679
f 1778 1780 1779
f 1792 1584 1789
f 695 571 694
f 3638 3594 3595
f 3741 3588 3589
f 3247 3209 3202
f 3292 3294 3295
f 3296 3298 3299
f 3299 3300 3301
f 3302 3304 3305
f 3306 3308 3309
f 3307 3311 3308
f 3303 3301 3300
f 3312 3304 3313
f 3314 3316 3317
f 3318 3320 3321
f 3324 3321 3325
f 3326 3328 3323
f 3329 3331 3332
f 3333 3335 3336
f 3337 3339 3340
f 3333 3341 3342
f 3342 3343 3344
f 3319 3344 3343
f 3338 3334 3339
f 3346 3302 3347
f 3305 3347 3302
f 3350 3340 3351
f 3312 3348 3305
f 3352 3341 3326
f 3311 3354 3308
f 3341 3327 3326
f 3359 3361 3362
f 3318 3345 3319
f 3364 3318 3324
f 3314 3324 3365
f 3366 3301 3346
f 3299 3367 3296
f 3308 3368 3309
f 3369 3295 3294
f 3317 3364 3314
f 3370 3317 3316
f 3325 3365 3324
f 3352 3319 3343
f 3296 3353 3311
f 3297 3311 3310
f 3363 3354 3345
f 3345 3353 3344
f 3344 3367 3342
f 3366 3342 3367
f 3347 3334 3346
f 3339 3348 3340
f 3348 3351 3340
f 3363 3369 3368
f 3294 3368 3369
f 3293 3309 3294
f 3331 3374 3332
f 3346 3333 3366
f 3323 3352 3326
f 3356 3321 3320
f 3355 3325 3321
f 3357 3371 3325
f 3322 3320 3352
f 3361 3329 3362
f 3373 3375 3374
f 3374 3376 3332
f 3329 3376 3362
f 3327 3372 3328
f 3336 3375 3327
f 3335 3376 3375
f 3376 3337 3362
f 3337 3359 3362
f 3377 3295 3370
f 3277 3315 3278
f 3371 3379 3365
f 3378 3358 3380
f 3365 3315 3314
f 3316 3279 3370
f 3282 3370 3279
f 3378 3284 3379
f 3380 3285 3378
f 3379 3278 3315
f 3276 3351 3291
f 3313 2965 3013
f 2965 3303 222
f 222 3300 223
f 223 3298 3186
f 3298 3185 3186
f 3297 2977 3185
f 3310 1213 2977
f 3307 1214 1213
f 2532 3306 3293
f 2894 3293 3292
f 2871 3292 3377
f 3253 3240 3242
f 1997 1889 1892
f 1237 744 855
f 1535 120 121
f 1531 201 214
f 1119 1032 984
f 946 824 947
f 163 5 162
f 3589 3723 3741
f 1155 1162 1164
f 427 327 424
f 553 796 498
f 3381 2231 2237
f 3381 2230 2232
f 2237 3180 3381
f 3383 3385 3382
f 3384 3387 3385
f 3386 3389 3387
f 3388 3391 3389
f 3392 3394 3395
f 3395 3396 3397
f 3398 3397 3396
f 3400 3399 3398
f 3403 3405 3402
f 3406 3404 3403
f 3408 3407 3406
f 3410 3409 3408
f 3412 3411 3410
f 3415 3398 3414
f 3414 3396 3416
f 3416 3394 3417
f 3417 3393 3418
f 3393 3420 3418
f 3419 3421 3420
f 3390 3422 3421
f 3388 3423 3422
f 3386 3424 3423
f 3384 3425 3424
f 3425 3426 3184
f 2904 3428 2947
f 3429 2904 2902
f 3430 2902 2876
f 2875 3430 2876
f 3432 2733 2736
f 2825 3435 2824
f 3437 3439 3436
f 3441 3436 3440
f 2724 3434 2825
f 3436 3115 3117
f 3440 3117 3119
f 3443 3414 3442
f 3442 3416 3444
f 3444 3417 3445
f 3445 3418 3446
f 3446 3420 3447
f 3420 3448 3447
f 3421 3449 3448
f 3422 3450 3449
f 3423 3451 3450
f 3424 3452 3451
f 3425 3056 3452
f 3451 2253 2252
f 3450 2252 1727
f 3449 1727 2150
f 3448 2150 1941
f 3453 3448 1941
f 3454 3447 3453
f 3455 3446 3454
f 3456 3445 3455
f 3442 3456 3457
f 3443 3457 3458
f 3459 3458 3457
f 3457 3455 3459
f 3459 3454 3461
f 3462 3459 3461
f 3461 3453 3463
f 3464 3461 3463
f 3463 1941 1360
f 3404 3401 3405
f 3407 3399 3404
f 3409 3397 3407
f 3411 3395 3409
f 3465 3413 3412
f 3467 3469 3466
f 3465 3431 3433
f 3470 3466 3465
f 3438 3432 3435
f 3467 3438 3437
f 3468 3437 3441
f 3471 3468 3472
f 3472 3441 3473
f 3473 3440 2712
f 2712 3119 3128
f 3475 3472 3474
f 3474 3473 3476
f 3476 2712 2711
f 3477 2711 2400
f 3478 3476 3477
f 3479 3474 3478
f 3392 3413 3480
f 3466 3480 3413
f 3419 3392 3480
f 3390 3480 3391
f 3469 3391 3480
f 3389 3471 3475
f 3387 3475 3479
f 3385 3479 3481
f 3482 2400 2402
f 3483 3477 3482
f 3481 3478 3483
f 3484 2402 2707
f 3058 2707 2708
f 3061 3484 3058
f 3485 3482 3484
f 3382 3481 3486
f 3486 3483 3485
f 3426 3382 3487
f 3487 3486 1962
f 3486 3061 1962
f 1961 3487 1962
f 3057 3426 3487
f 3428 3402 3488
f 3427 3403 3428
f 3429 3406 3427
f 3430 3408 3429
f 3431 3410 3430
f 3470 3433 3432
f 3434 3438 3435
f 2723 3439 3434
f 2875 3433 3431
f 2736 3435 3432
f 2947 3488 3500
f 3464 1360 3497
f 1900 1924 1901
f 1736 1718 1750
f 1955 1943 1956
f 1671 1735 1751
f 1696 1698 1692
f 1800 1864 1801
f 2063 2056 2060
f 1737 1717 1736
f 1751 1697 1695
f 943 3899 684
f 3656 3402 3605
f 1577 1764 1703
f 3917 1599 3923
f 1945 82 1944
f 68 7 248
f 147 1543 148
f 1109 1133 1102
f 1503 1907 1908
f 1499 1909 1498
f 452 735 215
f 1824 3835 3845
f 1825 2068 1824
f 1463 1022 1194
f 841 1009 1011
f 1568 1955 1534
f 1926 1927 1923
f 1910 1502 1939
f 1939 422 442
f 309 1940 308
f 1804 1866 1803
f 269 1954 56
f 2065 2060 2056
f 3812 1758 3835
f 280 552 1940
f 1875 1869 1874
f 1739 1734 1737
f 1778 1790 1788
f 310 1915 279
f 1909 1906 1954
f 1789 1778 1788
f 978 980 979
f 1584 1731 1583
f 425 311 312
f 148 115 116
f 2044 3894 2046
f 277 1939 551
f 1943 1945 1944
f 1461 1463 1464
f 2253 3056 3055
f 2981 3489 958
f 2209 3489 3055
f 2254 3055 3489
f 2998 958 3489
f 2826 2721 2724
f 3490 2721 2817
f 2816 3490 2817
f 2334 2296 2335
f 2298 2334 2336
f 2301 2336 2338
f 2311 2338 2354
f 2312 2354 2355
f 2359 2361 2360
f 2335 2359 2360
f 2414 2365 2364
f 2413 2361 2365
f 2355 2540 2541
f 2541 2539 2542
f 2722 2739 2738
f 3114 2738 3113
f 3110 3121 3120
f 3108 3120 3113
f 3122 3127 3126
f 3112 3126 3121
f 3127 1753 3135
f 3139 2529 2542
f 3744 3133 3139
f 3490 2740 2739
f 3491 2789 3490
f 228 91 88
f 245 243 242
f 248 247 191
f 2 296 295
f 145 300 267
f 327 210 328
f 329 331 330
f 250 228 236
f 239 240 230
f 373 375 374
f 178 176 175
f 1218 1228 1321
f 3862 1295 3854
f 808 824 823
f 3858 1013 1014
f 3813 1411 1413
f 2154 2159 2160
f 3845 1758 1757
f 306 1922 452
f 2157 1976 1977
f 708 2031 1474
f 1450 1227 1428
f 1672 1605 1624
f 1813 1821 1816
f 1717 1715 1718
f 176 402 347
f 1710 3916 3915
f 1712 1577 1711
f 1705 1711 1704
f 971 979 970
f 822 1094 1102
f 2909 2793 2792
f 2810 2795 2793
f 2799 2249 2800
f 3662 2910 2799
f 2769 2801 2795
f 3177 3178 3179
f 3178 3180 3179
f 3181 1393 2800
f 3181 1632 3182
f 3182 2244 3183
f 3183 2243 3180
f 3492 2790 3491
f 2808 3491 2816
f 2239 3572 2240
f 2202 3566 2015
f 2921 3565 2923
f 3568 2133 2928
f 1777 1759 1792
f 1201 1183 1184
f 3561 2195 2194
f 3553 2770 2768
f 3927 1687 1692
f 1516 154 503
f 3549 2974 2803
f 3550 2779 2778
f 3547 2775 2867
f 1376 1370 1372
f 2767 3556 2206
f 2195 3543 2767
f 2775 3542 2776
f 3377 3545 2871
f 3804 3539 2806
f 2776 3538 2805
f 2240 3535 2920
f 2920 3669 3619
f 3548 2786 2779
f 1805 1851 1804
f 3534 2787 2786
f 1957 320 510
f 306 304 303
f 2770 3528 2913
f 2913 3574 2239
f 2923 3527 2922
f 308 431 47
f 207 132 543
f 1879 1881 1880
f 3733 3525 2089
f 2476 3524 3523
f 3522 2803 2802
f 1959 450 505
f 2003 3520 2129
f 9 334 540
f 3877 673 3879
f 3515 2778 2784
f 2935 3513 2936
f 3510 2935 2938
f 683 3885 943
f 3508 2810 2909
f 736 732 729
f 1795 1803 1796
f 3505 2938 2939
f 3507 2939 2940
f 2950 3504 2949
f 2940 3504 3507
f 3801 3512 2950
f 2868 3502 2869
f 2869 3522 2802
f 1024 1023 1020
f 3500 2948 2947
f 551 442 443
f 2972 3568 2928
f 2032 3499 2972
f 216 1924 1923
f 203 201 200
f 1828 1847 1837
f 1958 449 450
f 272 178 175
f 2871 3495 1361
f 3619 3564 2921
f 2801 3643 3662
f 2005 3654 2176
f 960 899 962
f 3657 3612 3624
f 3780 3646 3151
f 3151 3593 2555
f 2193 3623 2194
f 3607 3145 3144
f 3603 2761 3145
f 3592 3144 3104
f 2926 3634 3103
f 3634 3104 3103
f 3755 3746 3753
f 566 3758 2005
f 3488 1864 3500
f 1602 2079 2078
f 2868 3611 2922
f 2922 3610 2923
f 2923 3618 2921
f 3670 2918 3614
f 3619 3614 2920
f 2921 3670 3619
f 2920 3586 2240
f 3613 2915 2918
f 2917 3622 3641
f 2916 3641 3642
f 2239 3652 2913
f 2911 3652 2757
f 3643 2911 2910
f 2797 3662 3591
f 2797 3598 2750
f 3622 2763 2765
f 3608 2764 2745
f 2194 3648 2221
f 2221 3649 2222
f 2756 3609 2755
f 2750 3609 2747
f 3669 1817 3827
f 3763 1691 1699
f 2515 3590 2548
f 2548 3593 2550
f 2513 3632 3616
f 2513 3621 2515
f 2509 3620 2289
f 2510 3633 2509
f 2289 3639 2283
f 2283 3617 2286
f 2240 3587 2239
f 3659 3624 3626
f 716 3887 3888
f 727 3761 1923
f 2165 2170 2164
f 3660 3626 3629
f 3743 3578 3757
f 2175 769 770
f 2100 2095 2099
f 3758 3757 3578
f 1653 3553 1651
f 746 3537 741
f 1653 3528 3576
f 3762 1604 1672
f 2093 2073 2078
f 959 995 884
f 962 919 986
f 1400 1398 1399
f 1000 1127 1004
f 956 884 885
f 1662 3550 1661
f 3926 3539 3802
f 3535 766 1817
f 3572 765 766
f 334 3571 335
f 1868 3540 1656
f 1684 1652 1678
f 1682 775 1807
f 1585 3762 1700
f 3763 1672 1673
f 2173 490 491
f 1658 3547 1752
f 3556 1650 724
f 1571 2010 1572
f 1587 3671 2080
f 2099 2077 2094
f 787 1999 786
f 2000 786 1999
f 3155 3697 3683
f 3713 3683 3789
f 2180 3685 3684
f 3496 3684 3705
f 1684 3840 1651
f 1760 3495 3545
f 2607 3693 2590
f 2581 3689 2607
f 2371 3700 3695
f 2371 3693 2372
f 2587 3675 2586
f 2586 3697 339
f 2497 3687 2503
f 2502 3687 3700
f 2494 3690 2495
f 3690 2472 2495
f 3688 2468 2472
f 3701 2469 2468
f 726 3892 630
f 1837 3510 1849
f 1299 3558 2034
f 1851 3504 1866
f 3527 1820 1819
f 580 3536 1895
f 1758 3522 3502
f 1693 3508 1806
f 3504 1867 1866
f 2126 3813 3841
f 3906 3841 3912
f 2113 3867 2110
f 2179 3789 3685
f 624 3904 623
f 2192 3788 3780
f 2177 3787 3733
f 1364 3833 1338
f 3858 1470 1453
f 3135 3775 3744
f 2069 3835 2068
f 1351 3853 1352
f 2108 3901 499
f 2089 3736 3733
f 3828 1358 866
f 2001 3783 2187
f 2187 3719 2091
f 2130 3752 2004
f 2004 3749 2001
f 2014 3779 2201
f 2201 3756 2130
f 3167 3759 2969
f 3168 3720 3167
f 3159 3764 3160
f 3160 3765 3081
f 3730 3158 337
f 3158 3709 3159
f 2200 3730 3722
f 3685 3742 2204
f 3722 2197 2200
f 3790 2092 3721
f 3774 3721 2197
f 3154 3790 3774
f 3155 3706 3154
f 2091 3721 2092
f 2196 3750 3776
f 2193 3776 3781
f 3604 3781 3788
f 2086 3780 3778
f 2087 3778 3777
f 2204 3751 2205
f 2205 3750 3148
f 3909 574 692
f 2124 3777 3760
f 2208 3760 3782
f 3711 3140 3137
f 3785 3138 3140
f 3745 3139 3138
f 3771 3136 2322
f 3712 3137 3136
f 3775 3131 3133
f 3767 3132 3131
f 1813 3838 1814
f 1293 3856 1344
f 2184 3748 3732
f 2181 3732 3734
f 3765 3079 3081
f 3768 3080 3079
f 709 3875 2031
f 2774 3737 3769
f 3809 766 765
f 2968 3766 2959
f 2969 3784 2968
f 2958 3737 2961
f 2132 3766 2960
f 2321 3771 3748
f 3860 1449 28
f 3905 582 710
f 3886 577 574
f 3847 1818 3827
f 705 3887 2121
f 3816 3907 698
f 2111 3911 2113
f 3810 1366 1411
f 1812 3822 1815
f 675 3852 674
f 3496 3851 675
f 2110 3868 2109
f 2104 3901 2106
f 2109 3899 944
f 3842 703 739
f 1680 3846 1684
f 1639 3819 3818
f 623 3906 697
f 2139 3866 3865
f 1808 3844 3837
f 3820 1819 1820
f 3872 3900 706
f 1646 3830 1648
f 3889 633 577
f 2139 3875 18
f 2156 3871 3874
f 674 3913 3869
f 2117 3812 2069
f 1815 3847 3823
f 3855 1444 1470
f 697 3912 3816
f 866 3836 3828
f 3864 2136 2135
f 3585 3726 3589
f 3583 3731 3585
f 3753 3738 3739
f 3740 3581 3743
f 1088 3746 1093
f 3739 3743 3753
f 2791 3493 2792
f 3492 2807 3493
f 2792 3494 2909
f 3493 2806 3494
f 3508 3494 3516
f 3516 2806 3539
f 2948 3791 3801
f 2105 3896 2104
f 3538 3804 2805
f 680 3876 683
f 1891 3910 3891
f 2905 3801 2950
f 2900 3799 2905
f 2901 3807 2877
f 2734 3806 3794
f 2877 3806 2878
f 2820 3794 2872
f 2818 3792 2827
f 2823 3792 2826
f 2822 3798 2821
f 2819 3800 3798
f 2817 3795 2816
f 2809 3795 2815
f 2808 3803 2807
f 2805 3803 2804
f 1702 3923 1599
f 3922 1797 1802
f 3915 1706 1709
f 3918 1692 1698
f 1657 3880 1879
f 1890 3895 3910
f 3772 1674 1675
f 1689 3772 3773
f 3926 3538 1688
f 3516 1689 3773
f 3917 1703 1764
f 1598 3928 1770
f 3880 1876 1879
f 1691 3925 3927
f 3925 1688 1687
f 1117 1118 3930
f 1066 1322 3930
f 1243 847 3930
f 3825 848 3930
f 1128 1117 3930
f 1129 1130 3930
f 841 1011 3930
f 1230 3863 3930
f 1242 1243 3930
f 1322 1229 3930
f 1064 1065 3930
f 1003 1128 3930
f 1229 1230 3930
f 3863 1285 3930
f 1285 1288 3930
f 848 839 3930
f 847 3825 3930
f 1118 1129 3930
f 1065 1066 3930
f 1087 1086 3930
f 1008 1002 3930
f 1011 1008 3930
f 1002 1003 3930
f 1076 1069 3930
f 838 841 3930
f 839 838 3930
f 1288 1242 3930
f 1130 1087 3930
f 1086 1076 3930
f 1069 1064 3930
f 2410 2414 3931
f 2411 2410 3931
f 3617 2285 3931
f 2394 2393 3931
f 2393 2396 3931
f 2281 2286 3931
f 2282 2280 3931
f 2398 2399 3931
f 2465 2464 3931
f 2396 2397 3931
f 2470 2469 3931
f 2399 2416 3931
f 2480 2395 3931
f 2459 2480 3931
f 2369 2282 3931
f 2460 2459 3931
f 2415 2411 3931
f 2416 2415 3931
f 2364 2363 3931
f 2286 3617 3931
f 2464 2470 3931
f 2469 3703 3931
f 2285 2465 3931
f 2414 2364 3931
f 2395 2394 3931
f 2363 2367 3931
f 2397 2398 3931
f 2280 2281 3931
f 3703 2460 3931
f 2367 2369 3931
f 3934 3937 3938
f 3934 3939 3935
f 3932 3937 3933
f 3938 3943 3939
f 3937 3940 3941
f 3937 3942 3938
f 3942 3947 3943
f 3941 3944 3945
f 3942 3945 3946
f 3947 3950 3951
f 3944 3949 3945
f 3945 3950 3946
f 3950 3955 3951
f 3949 3952 3953
f 3950 3953 3954
f 3955 3958 3959
f 3953 3956 3957
f 3953 3958 3954
f 3959 3962 3963
f 3957 3960 3961
f 3958 3961 3962
f 3962 3967 3963
f 3960 3965 3961
f 3961 3966 3962
f 3966 3971 3967
f 3965 3968 3969
f 3966 3969 3970
f 3970 3975 3971
f 3968 3973 3969
f 3969 3974 3970
f 3974 3979 3975
f 3973 3976 3977
f 3974 3977 3978
f 3979 3982 3983
f 3976 3981 3977
f 3977 3982 3978
f 3982 3987 3983
f 3981 3984 3985
f 3982 3985 3986
f 3987 3990 3991
f 3984 3989 3985
f 3985 3990 3986
f 3991 3994 3995
f 3989 3992 3993
f 3990 3993 3994
f 3995 3998 3999
f 3992 3997 3993
f 3993 3998 3994
f 3998 4003 3999
f 3997 4000 4001
f 3998 4001 4002
f 4002 4007 4003
f 4000 4005 4001
f 4001 4006 4002
f 4006 4011 4007
f 4005 4008 4009
f 4006 4009 4010
f 4011 4014 4015
f 4008 4013 4009
f 4009 4014 4010
f 4014 4019 4015
f 4013 4016 4017
f 4014 4017 4018
f 4019 4022 4023
f 4016 4021 4017
f 4017 4022 4018
f 4023 4026 4027
f 4021 4024 4025
f 4022 4025 4026
f 4027 4030 4031
f 4024 4029 4025
f 4025 4030 4026
f 4031 4034 4035
f 4029 4032 4033
f 4030 4033 4034
f 4034 4039 4035
f 4032 4037 4033
f 4033 4038 4034
f 4038 4043 4039
f 4037 4040 4041
f 4038 4041 4042
f 4043 4046 4047
f 4040 4045 4041
f 4041 4046 4042
f 4046 4051 4047
f 4045 4048 4049
f 4046 4049 4050
f 4051 4055 4056
f 4048 4054 4049
f 4049 4055 4050
f 4056 4059 4060
f 4053 4058 4054
f 4055 4058 4059
f 3932 4052 3936
f 3936 4052 3940
f 3940 4052 3944
f 3944 4052 3948
f 3948 4052 3952
f 3952 4052 3956
f 3956 4052 3960
f 3960 4052 3964
f 3964 4052 3968
f 3968 4052 3972
f 3972 4052 3976
f 3976 4052 3980
f 3980 4052 3984
f 3984 4052 3988
f 3988 4052 3992
f 3992 4052 3996
f 3996 4052 4000
f 4000 4052 4004
f 4004 4052 4008
f 4008 4052 4012
f 4012 4052 4016
f 4016 4052 4020
f 4020 4052 4024
f 4024 4052 4028
f 4028 4052 4032
f 4032 4052 4036
f 4036 4052 4040
f 4040 4052 4044
f 4044 4052 4048
f 4048 4052 4053
f 4053 4052 4057
f 4060 3934 3935
f 4058 3932 3933
f 4058 3934 4059
f 4057 4052 3932
f 4069 4081 4082
f 4065 4077 4078
f 4063 4075 4076
f 4071 4085 4072
f 4069 4083 4070
f 4067 4081 4068
f 4063 4077 4064
f 4061 4075 4062
f 4072 4086 4073
f 4071 4083 4084
f 4076 4090 4077
f 4074 4088 4075
f 4086 4098 4099
f 4083 4097 4084
f 4082 4094 4095
f 4079 4093 4080
f 4078 4090 4091
f 4076 4088 4089
f 4085 4097 4098
f 4082 4096 4083
f 4080 4094 4081
f 4089 4103 4090
f 4088 4100 4101
f 4098 4112 4099
f 4096 4110 4097
f 4095 4107 4108
f 4090 4104 4091
f 4089 4101 4102
f 4097 4111 4098
f 4095 4109 4096
f 4094 4106 4107
f 4092 4104 4105
f 4103 4115 4116
f 4100 4114 4101
f 4112 4124 4125
f 4110 4122 4123
f 4107 4121 4108
f 4103 4117 4104
f 4101 4115 4102
f 4110 4124 4111
f 4109 4121 4122
f 4107 4119 4120
f 4105 4117 4118
f 4115 4129 4116
f 4114 4126 4127
f 4124 4138 4125
f 4123 4135 4136
f 4120 4134 4121
f 4117 4129 4130
f 4114 4128 4115
f 4124 4136 4137
f 4122 4134 4135
f 4119 4133 4120
f 4117 4131 4118
f 4129 4141 4142
f 4126 4140 4127
f 4138 4150 4151
f 4136 4148 4149
f 4133 4147 4134
f 4130 4142 4143
f 4127 4141 4128
f 4137 4149 4150
f 4135 4147 4148
f 4132 4146 4133
f 4131 4143 4144
f 4142 4154 4155
f 4140 4152 4153
f 4150 4164 4151
f 4149 4161 4162
f 4146 4160 4147
f 4142 4156 4143
f 4140 4154 4141
f 4149 4163 4150
f 4148 4160 4161
f 4146 4158 4159
f 4155 4167 4168
f 4153 4165 4166
f 4163 4177 4164
f 4161 4175 4162
f 4159 4173 4160
f 4155 4169 4156
f 4153 4167 4154
f 4163 4175 4176
f 4161 4173 4174
f 4159 4171 4172
f 4167 4181 4168
f 4165 4179 4166
f 4176 4190 4177
f 4175 4187 4188
f 4173 4185 4186
f 4169 4181 4182
f 4167 4179 4180
f 4175 4189 4176
f 4173 4187 4174
f 4171 4185 4172
f 4170 4182 4183
f 4180 4194 4181
f 4178 4192 4179
f 4190 4202 4203
f 4187 4201 4188
f 4186 4198 4199
f 4182 4194 4195
f 4180 4192 4193
f 4189 4201 4202
f 4186 4200 4187
f 4184 4198 4185
f 4193 4207 4194
f 4192 4204 4205
f 4202 4216 4203
f 4200 4214 4201
f 4199 4211 4212
f 4196 4210 4197
f 4194 4208 4195
f 4193 4205 4206
f 4201 4215 4202
f 4199 4213 4200
f 4198 4210 4211
f 4207 4219 4220
f 4204 4218 4205
f 4216 4228 4229
f 4213 4227 4214
f 4211 4225 4212
f 4209 4223 4210
f 4207 4221 4208
f 4205 4219 4206
f 4214 4228 4215
f 4213 4225 4226
f 4211 4223 4224
f 4219 4233 4220
f 4218 4230 4231
f 4228 4242 4229
f 4226 4240 4227
f 4225 4237 4238
f 4221 4233 4234
f 4218 4232 4219
f 4228 4240 4241
f 4226 4238 4239
f 4223 4237 4224
f 4233 4245 4246
f 4230 4244 4231
f 4242 4254 4255
f 4240 4252 4253
f 4237 4251 4238
f 4234 4246 4247
f 4231 4245 4232
f 4241 4253 4254
f 4239 4251 4252
f 4236 4250 4237
f 4246 4258 4259
f 4244 4256 4257
f 4254 4268 4255
f 4253 4265 4266
f 4250 4264 4251
f 4248 4262 4249
f 4246 4260 4247
f 4244 4258 4245
f 4253 4267 4254
f 4252 4264 4265
f 4250 4262 4263
f 4259 4271 4272
f 4257 4269 4270
f 4267 4281 4268
f 4265 4279 4266
f 4263 4277 4264
f 4259 4273 4260
f 4257 4271 4258
f 4266 4280 4267
f 4265 4277 4278
f 4263 4275 4276
f 4260 4274 4261
f 4271 4285 4272
f 4269 4283 4270
f 4281 4293 4294
f 4279 4291 4292
f 4277 4289 4290
f 4273 4285 4286
f 4271 4283 4284
f 4280 4292 4293
f 4277 4291 4278
f 4275 4289 4276
f 4284 4298 4285
f 4282 4296 4283
f 4294 4306 4307
f 4291 4305 4292
f 4290 4302 4303
f 4287 4301 4288
f 4286 4298 4299
f 4284 4296 4297
f 4293 4305 4306
f 4290 4304 4291
f 4288 4302 4289
f 4297 4311 4298
f 4296 4308 4309
f 4306 4320 4307
f 4304 4318 4305
f 4303 4315 4316
f 4298 4312 4299
f 4297 4309 4310
f 4305 4319 4306
f 4304 4316 4317
f 4302 4314 4315
f 4310 4324 4311
f 4308 4322 4309
f 4320 4332 4333
f 4318 4330 4331
f 4316 4328 4329
f 4313 4327 4314
f 4311 4325 4312
f 4310 4322 4323
f 4318 4332 4319
f 4316 4330 4317
f 4315 4327 4328
f 4323 4337 4324
f 4322 4334 4335
f 4332 4346 4333
f 4330 4344 4331
f 4329 4341 4342
f 4325 4337 4338
f 4322 4336 4323
f 4332 4344 4345
f 4330 4342 4343
f 4327 4341 4328
f 4337 4350 4351
f 4334 4349 4335
f 4346 4359 4360
f 4344 4357 4358
f 4341 4356 4342
f 4338 4351 4352
f 4335 4350 4336
f 4345 4358 4359
f 4343 4356 4357
f 4340 4355 4341
f 4338 4353 4339
f 4351 4363 4364
f 4349 4361 4362
f 4359 4373 4360
f 4358 4370 4371
f 4355 4369 4356
f 4354 4366 4367
f 4351 4365 4352
f 4349 4363 4350
f 4358 4372 4359
f 4357 4369 4370
f 4355 4367 4368
f 4364 4376 4377
f 4362 4374 4375
f 4373 4385 4386
f 4370 4384 4371
f 4368 4382 4369
f 4367 4379 4380
f 4364 4378 4365
f 4362 4376 4363
f 4372 4384 4385
f 4370 4382 4383
f 4368 4380 4381
f 4376 4390 4377
f 4374 4388 4375
f 4385 4399 4386
f 4384 4396 4397
f 4382 4394 4395
f 4379 4393 4380
f 4378 4390 4391
f 4376 4388 4389
f 4384 4398 4385
f 4382 4396 4383
f 4380 4394 4381
f 4389 4403 4390
f 4387 4401 4388
f 4399 4411 4412
f 4396 4410 4397
f 4395 4407 4408
f 4391 4403 4404
f 4389 4401 4402
f 4398 4410 4411
f 4395 4409 4396
f 4393 4407 4394
f 4391 4405 4392
f 4402 4416 4403
f 4401 4413 4414
f 4411 4425 4412
f 4409 4423 4410
f 4408 4420 4421
f 4406 4418 4419
f 4403 4417 4404
f 4402 4414 4415
f 4410 4424 4411
f 4408 4422 4409
f 4407 4419 4420
f 4416 4428 4429
f 4413 4427 4414
f 4425 4437 4438
f 4423 4435 4436
f 4421 4433 4434
f 4418 4432 4419
f 4416 4430 4417
f 4415 4427 4428
f 4423 4437 4424
f 4421 4435 4422
f 4420 4432 4433
f 4428 4442 4429
f 4426 4440 4427
f 4437 4451 4438
f 4435 4449 4436
f 4434 4446 4447
f 4430 4442 4443
f 4427 4441 4428
f 4437 4449 4450
f 4435 4447 4448
f 4432 4446 4433
f 4430 4444 4431
f 4442 4454 4455
f 4439 4453 4440
f 4451 4463 4464
f 4449 4461 4462
f 4446 4460 4447
f 4443 4455 4456
f 4440 4454 4441
f 4450 4462 4463
f 4447 4461 4448
f 4445 4459 4446
f 4455 4467 4468
f 4453 4465 4466
f 4463 4477 4464
f 4462 4474 4475
f 4459 4473 4460
f 4457 4471 4458
f 4455 4469 4456
f 4453 4467 4454
f 4462 4476 4463
f 4461 4473 4474
f 4459 4471 4472
f 4347 4073 4086
f 4347 4086 4099
f 4347 4099 4112
f 4347 4112 4125
f 4347 4125 4138
f 4347 4138 4151
f 4347 4151 4164
f 4347 4164 4177
f 4347 4177 4190
f 4347 4190 4203
f 4347 4203 4216
f 4347 4216 4229
f 4347 4229 4242
f 4347 4242 4255
f 4347 4255 4268
f 4347 4268 4281
f 4347 4281 4294
f 4347 4294 4307
f 4347 4307 4320
f 4347 4320 4333
f 4347 4333 4346
f 4347 4346 4360
f 4347 4360 4373
f 4347 4373 4386
f 4347 4386 4399
f 4347 4399 4412
f 4347 4412 4425
f 4347 4425 4438
f 4347 4438 4451
f 4347 4451 4464
f 4347 4464 4477
f 4468 4063 4064
f 4466 4061 4062
f 4477 4072 4073
f 4474 4071 4475
f 4472 4069 4473
f 4468 4065 4469
f 4466 4063 4467
f 4347 4477 4073
f 4476 4071 4072
f 4474 4069 4070
f 4472 4067 4068
f 3935 4465 4060
f 4465 4056 4060
f 4452 4051 4056
f 4439 4047 4051
f 4047 4413 4043
f 4043 4400 4039
f 4039 4387 4035
f 4387 4031 4035
f 4031 4361 4027
f 4361 4023 4027
f 4348 4019 4023
f 4334 4015 4019
f 4015 4308 4011
f 4011 4295 4007
f 4007 4282 4003
f 4282 3999 4003
f 3999 4256 3995
f 4256 3991 3995
f 4243 3987 3991
f 4230 3983 3987
f 3983 4204 3979
f 3979 4191 3975
f 3975 4178 3971
f 4178 3967 3971
f 3967 4152 3963
f 4152 3959 3963
f 4139 3955 3959
f 4126 3951 3955
f 3951 4100 3947
f 3947 4087 3943
f 3943 4074 3939
f 4074 3935 3939
f 4480 4483 4484
f 4480 4485 4481
f 4479 4482 4483
f 4484 4489 4485
f 4482 4487 4483
f 4483 4488 4484
f 4488 4493 4489
f 4487 4490 4491
f 4488 4491 4492
f 4493 4496 4497
f 4490 4495 4491
f 4491 4496 4492
f 4496 4501 4497
f 4495 4498 4499
f 4496 4499 4500
f 4501 4504 4505
f 4498 4503 4499
f 4499 4504 4500
f 4505 4508 4509
f 4503 4506 4507
f 4504 4507 4508
f 4509 4512 4513
f 4506 4511 4507
f 4507 4512 4508
f 4513 4516 4517
f 4511 4514 4515
f 4512 4515 4516
f 4516 4521 4517
f 4514 4519 4515
f 4515 4520 4516
f 4520 4525 4521
f 4518 4523 4519
f 4520 4523 4524
f 4525 4528 4529
f 4522 4527 4523
f 4523 4528 4524
f 4528 4533 4529
f 4527 4530 4531
f 4528 4531 4532
f 4533 4536 4537
f 4530 4535 4531
f 4531 4536 4532
f 4537 4540 4541
f 4534 4539 4535
f 4536 4539 4540
f 4541 4544 4545
f 4539 4542 4543
f 4539 4544 4540
f 4544 4549 4545
f 4542 4547 4543
f 4544 4547 4548
f 4548 4553 4549
f 4547 4550 4551
f 4547 4552 4548
f 4552 4557 4553
f 4551 4554 4555
f 4552 4555 4556
f 4557 4560 4561
f 4554 4559 4555
f 4555 4560 4556
f 4560 4565 4561
f 4559 4562 4563
f 4560 4563 4564
f 4565 4568 4569
f 4562 4567 4563
f 4563 4568 4564
f 4569 4572 4573
f 4567 4570 4571
f 4568 4571 4572
f 4572 4577 4573
f 4570 4575 4571
f 4571 4576 4572
f 4576 4581 4577
f 4575 4578 4579
f 4576 4579 4580
f 4580 4585 4581
f 4578 4583 4579
f 4579 4584 4580
f 4584 4589 4585
f 4583 4586 4587
f 4584 4587 4588
f 4589 4592 4593
f 4586 4591 4587
f 4587 4592 4588
f 4592 4597 4593
f 4591 4594 4595
f 4592 4595 4596
f 4597 4601 4602
f 4594 4600 4595
f 4595 4601 4596
f 4602 4605 4606
f 4600 4603 4604
f 4601 4604 4605
f 4478 4598 4482
f 4482 4598 4486
f 4486 4598 4490
f 4490 4598 4494
f 4494 4598 4498
f 4498 4598 4502
f 4502 4598 4506
f 4506 4598 4510
f 4510 4598 4514
f 4514 4598 4518
f 4518 4598 4522
f 4522 4598 4526
f 4526 4598 4530
f 4530 4598 4534
f 4534 4598 4538
f 4538 4598 4542
f 4542 4598 4546
f 4546 4598 4550
f 4550 4598 4554
f 4554 4598 4558
f 4558 4598 4562
f 4562 4598 4566
f 4566 4598 4570
f 4570 4598 4574
f 4574 4598 4578
f 4578 4598 4582
f 4582 4598 4586
f 4586 4598 4590
f 4590 4598 4594
f 4594 4598 4599
f 4599 4598 4603
f 4606 4480 4481
f 4603 4479 4604
f 4604 4480 4605
f 4603 4598 4478
f 4615 4627 4628
f 4612 4626 4613
f 4611 4623 4624
f 4609 4621 4622
f 4618 4630 4631
f 4615 4629 4616
f 4613 4627 4614
f 4609 4623 4610
f 4607 4621 4608
f 4619 4631 4632
f 4617 4629 4630
f 4622 4636 4623
f 4620 4634 4621
f 4632 4644 4645
f 4629 4643 4630
f 4628 4640 4641
f 4626 4638 4639
f 4624 4636 4637
f 4622 4634 4635
f 4631 4643 4644
f 4628 4642 4629
f 4626 4640 4627
f 4635 4649 4636
f 4634 4646 4647
f 4644 4658 4645
f 4642 4656 4643
f 4641 4653 4654
f 4636 4650 4637
f 4635 4647 4648
f 4643 4657 4644
f 4642 4654 4655
f 4640 4652 4653
f 4648 4662 4649
f 4646 4660 4647
f 4658 4670 4671
f 4656 4668 4669
f 4653 4667 4654
f 4649 4663 4650
f 4648 4660 4661
f 4656 4670 4657
f 4654 4668 4655
f 4653 4665 4666
f 4651 4663 4664
f 4661 4675 4662
f 4660 4672 4673
f 4670 4684 4671
f 4668 4682 4669
f 4667 4679 4680
f 4665 4677 4678
f 4663 4675 4676
f 4661 4673 4674
f 4670 4682 4683
f 4667 4681 4668
f 4665 4679 4666
f 4675 4687 4688
f 4672 4686 4673
f 4684 4696 4697
f 4682 4694 4695
f 4679 4693 4680
f 4678 4690 4691
f 4676 4688 4689
f 4673 4687 4674
f 4683 4695 4696
f 4681 4693 4694
f 4678 4692 4679
f 4688 4700 4701
f 4686 4698 4699
f 4696 4710 4697
f 4695 4707 4708
f 4692 4706 4693
f 4688 4702 4689
f 4686 4700 4687
f 4695 4709 4696
f 4694 4706 4707
f 4692 4704 4705
f 4701 4713 4714
f 4699 4711 4712
f 4710 4722 4723
f 4707 4721 4708
f 4705 4719 4706
f 4704 4716 4717
f 4701 4715 4702
f 4699 4713 4700
f 4709 4721 4722
f 4707 4719 4720
f 4705 4717 4718
f 4713 4727 4714
f 4711 4725 4712
f 4723 4735 4736
f 4721 4733 4734
f 4719 4731 4732
f 4716 4730 4717
f 4715 4727 4728
f 4713 4725 4726
f 4721 4735 4722
f 4719 4733 4720
f 4717 4731 4718
f 4726 4740 4727
f 4724 4738 4725
f 4736 4748 4749
f 4733 4747 4734
f 4732 4744 4745
f 4728 4740 4741
f 4726 4738 4739
f 4735 4747 4748
f 4732 4746 4733
f 4730 4744 4731
f 4739 4753 4740
f 4738 4750 4751
f 4748 4762 4749
f 4746 4760 4747
f 4745 4757 4758
f 4743 4755 4756
f 4740 4754 4741
f 4739 4751 4752
f 4747 4761 4748
f 4745 4759 4746
f 4744 4756 4757
f 4753 4765 4766
f 4750 4764 4751
f 4762 4774 4775
f 4759 4773 4760
f 4758 4770 4771
f 4755 4769 4756
f 4753 4767 4754
f 4752 4764 4765
f 4760 4774 4761
f 4758 4772 4759
f 4757 4769 4770
f 4765 4779 4766
f 4764 4776 4777
f 4774 4788 4775
f 4772 4786 4773
f 4771 4783 4784
f 4769 4781 4782
f 4767 4779 4780
f 4765 4777 4778
f 4774 4786 4787
f 4771 4785 4772
f 4769 4783 4770
f 4779 4791 4792
f 4776 4790 4777
f 4788 4800 4801
f 4786 4798 4799
f 4783 4797 4784
f 4782 4794 4795
f 4780 4792 4793
f 4777 4791 4778
f 4787 4799 4800
f 4785 4797 4798
f 4782 4796 4783
f 4792 4804 4805
f 4790 4802 4803
f 4800 4814 4801
f 4799 4811 4812
f 4796 4810 4797
f 4795 4807 4808
f 4792 4806 4793
f 4790 4804 4791
f 4799 4813 4800
f 4798 4810 4811
f 4796 4808 4809
f 4805 4817 4818
f 4803 4815 4816
f 4814 4826 4827
f 4811 4825 4812
f 4809 4823 4810
f 4808 4820 4821
f 4805 4819 4806
f 4803 4817 4804
f 4813 4825 4826
f 4811 4823 4824
f 4809 4821 4822
f 4817 4831 4818
f 4815 4829 4816
f 4826 4840 4827
f 4825 4837 4838
f 4823 4835 4836
f 4820 4834 4821
f 4819 4831 4832
f 4817 4829 4830
f 4825 4839 4826
f 4823 4837 4824
f 4821 4835 4822
f 4830 4844 4831
f 4828 4842 4829
f 4840 4852 4853
f 4837 4851 4838
f 4836 4848 4849
f 4832 4844 4845
f 4830 4842 4843
f 4839 4851 4852
f 4836 4850 4837
f 4834 4848 4835
f 4843 4857 4844
f 4842 4854 4855
f 4852 4866 4853
f 4850 4864 4851
f 4849 4861 4862
f 4844 4858 4845
f 4843 4855 4856
f 4851 4865 4852
f 4849 4863 4850
f 4848 4860 4861
f 4845 4859 4846
f 4857 4869 4870
f 4855 4867 4868
f 4866 4878 4879
f 4864 4876 4877
f 4862 4874 4875
f 4857 4871 4858
f 4856 4868 4869
f 4864 4878 4865
f 4862 4876 4863
f 4861 4873 4874
f 4869 4883 4870
f 4868 4880 4881
f 4878 4892 4879
f 4877 4889 4890
f 4874 4888 4875
f 4871 4883 4884
f 4868 4882 4869
f 4878 4890 4891
f 4876 4888 4889
f 4873 4887 4874
f 4883 4896 4897
f 4880 4895 4881
f 4892 4905 4906
f 4890 4903 4904
f 4887 4902 4888
f 4884 4897 4898
f 4881 4896 4882
f 4891 4904 4905
f 4889 4902 4903
f 4886 4901 4887
f 4885 4898 4899
f 4897 4909 4910
f 4895 4907 4908
f 4905 4919 4906
f 4904 4916 4917
f 4901 4915 4902
f 4897 4911 4898
f 4895 4909 4896
f 4904 4918 4905
f 4903 4915 4916
f 4901 4913 4914
f 4899 4911 4912
f 4910 4922 4923
f 4908 4920 4921
f 4919 4931 4932
f 4916 4930 4917
f 4914 4928 4915
f 4910 4924 4911
f 4908 4922 4909
f 4918 4930 4931
f 4916 4928 4929
f 4914 4926 4927
f 4911 4925 4912
f 4922 4936 4923
f 4920 4934 4921
f 4931 4945 4932
f 4930 4942 4943
f 4928 4940 4941
f 4924 4936 4937
f 4922 4934 4935
f 4930 4944 4931
f 4928 4942 4929
f 4926 4940 4927
f 4935 4949 4936
f 4933 4947 4934
f 4945 4957 4958
f 4942 4956 4943
f 4941 4953 4954
f 4938 4952 4939
f 4937 4949 4950
f 4935 4947 4948
f 4944 4956 4957
f 4941 4955 4942
f 4939 4953 4940
f 4948 4962 4949
f 4947 4959 4960
f 4957 4971 4958
f 4955 4969 4956
f 4954 4966 4967
f 4949 4963 4950
f 4948 4960 4961
f 4956 4970 4957
f 4954 4968 4955
f 4953 4965 4966
f 4962 4974 4975
f 4959 4973 4960
f 4971 4983 4984
f 4968 4982 4969
f 4966 4980 4967
f 4964 4978 4965
f 4962 4976 4963
f 4960 4974 4961
f 4969 4983 4970
f 4967 4981 4968
f 4966 4978 4979
f 4975 4987 4988
f 4973 4985 4986
f 4983 4997 4984
f 4981 4995 4982
f 4979 4993 4980
f 4978 4990 4991
f 4976 4988 4989
f 4973 4987 4974
f 4983 4995 4996
f 4981 4993 4994
f 4978 4992 4979
f 4988 5000 5001
f 4985 4999 4986
f 4997 5009 5010
f 4995 5007 5008
f 4992 5006 4993
f 4989 5001 5002
f 4986 5000 4987
f 4996 5008 5009
f 4994 5006 5007
f 4991 5005 4992
f 5001 5013 5014
f 4999 5011 5012
f 5009 5023 5010
f 5008 5020 5021
f 5005 5019 5006
f 5001 5015 5002
f 4999 5013 5000
f 5008 5022 5009
f 5007 5019 5020
f 5005 5017 5018
f 5002 5016 5003
f 4893 4619 4632
f 4893 4632 4645
f 4893 4645 4658
f 4893 4658 4671
f 4893 4671 4684
f 4893 4684 4697
f 4893 4697 4710
f 4893 4710 4723
f 4893 4723 4736
f 4893 4736 4749
f 4893 4749 4762
f 4893 4762 4775
f 4893 4775 4788
f 4893 4788 4801
f 4893 4801 4814
f 4893 4814 4827
f 4893 4827 4840
f 4893 4840 4853
f 4893 4853 4866
f 4893 4866 4879
f 4893 4879 4892
f 4893 4892 4906
f 4893 4906 4919
f 4893 4919 4932
f 4893 4932 4945
f 4893 4945 4958
f 4893 4958 4971
f 4893 4971 4984
f 4893 4984 4997
f 4893 4997 5010
f 4893 5010 5023
f 5014 4609 4610
f 5012 4607 4608
f 5022 4619 5023
f 5020 4617 5021
f 5018 4615 5019
f 5017 4612 4613
f 5014 4611 5015
f 5012 4609 5013
f 4893 5023 4619
f 5021 4618 5022
f 5020 4615 4616
f 5018 4613 4614
f 4481 5011 4606
f 5011 4602 4606
f 4998 4597 4602
f 4985 4593 4597
f 4593 4959 4589
f 4589 4946 4585
f 4585 4933 4581
f 4933 4577 4581
f 4577 4907 4573
f 4907 4569 4573
f 4894 4565 4569
f 4880 4561 4565
f 4561 4854 4557
f 4557 4841 4553
f 4553 4828 4549
f 4828 4545 4549
f 4545 4802 4541
f 4802 4537 4541
f 4789 4533 4537
f 4776 4529 4533
f 4529 4750 4525
f 4525 4737 4521
f 4521 4724 4517
f 4724 4513 4517
f 4513 4698 4509
f 4698 4505 4509
f 4685 4501 4505
f 4672 4497 4501
f 4497 4646 4493
f 4493 4633 4489
f 4489 4620 4485
f 4620 4481 4485
f 4 3 2
f 8 7 6
f 13 16 15
f 17 28 19
f 32 31 30
f 36 35 34
f 37 40 39
f 21 22 23
f 25 26 27
f 41 44 43
f 48 47 46
f 52 51 50
f 53 56 55
f 60 59 58
f 29 30 62
f 66 65 64
f 67 5 6
f 72 71 70
f 76 75 74
f 77 80 79
f 81 84 83
f 59 87 86
f 88 91 90
f 96 95 94
f 100 99 98
f 101 104 103
f 106 105 34
f 108 116 115
f 117 119 36
f 124 127 126
f 131 130 129
f 132 102 134
f 142 141 140
f 148 106 60
f 144 143 127
f 149 152 151
f 156 155 154
f 159 150 158
f 116 108 164
f 171 170 169
f 174 126 173
f 179 182 181
f 186 189 188
f 194 197 196
f 199 142 139
f 206 209 208
f 213 212 211
f 202 215 214
f 96 93 216
f 92 238 43
f 97 184 246
f 250 249 229
f 252 254 58
f 258 257 256
f 260 91 229
f 110 111 112
f 114 264 263
f 265 268 267
f 56 53 270
f 274 273 249
f 185 183 63
f 280 279 278
f 285 284 283
f 288 219 211
f 141 142 92
f 289 290 175
f 148 116 105
f 312 311 170
f 238 262 42
f 318 163 160
f 310 309 308
f 241 239 325
f 160 230 240
f 47 48 307
f 108 109 315
f 345 85 86
f 348 351 350
f 356 359 358
f 355 354 353
f 363 31 32
f 364 252 253
f 366 125 368
f 183 372 371
f 163 162 161
f 209 226 101
f 378 377 165
f 379 295 381
f 383 382 3
f 284 285 386
f 387 127 389
f 391 259 229
f 73 281 397
f 405 408 407
f 203 218 411
f 414 121 413
f 1 356 357
f 277 276 131
f 254 344 57
f 358 384 415
f 417 416 386
f 401 400 192
f 419 389 127
f 421 181 182
f 103 301 302
f 428 367 368
f 380 390 359
f 62 204 266
f 140 141 431
f 357 358 351
f 356 1 379
f 415 392 403
f 437 428 436
f 438 441 440
f 188 451 450
f 265 455 181
f 224 185 64
f 237 212 213
f 275 131 128
f 281 282 460
f 50 462 79
f 73 74 282
f 468 467 466
f 390 355 352
f 482 485 484
f 489 488 487
f 493 496 495
f 472 471 470
f 502 501 500
f 220 221 222
f 512 419 143
f 518 517 511
f 513 239 230
f 205 30 31
f 189 370 451
f 163 318 532
f 533 224 225
f 446 448 447
f 335 541 540
f 544 512 546
f 329 519 291
f 199 534 262
f 385 386 416
f 532 190 191
f 363 117 118
f 578 581 580
f 573 572 571
f 561 563 562
f 241 260 259
f 590 593 592
f 545 546 595
f 503 154 155
f 606 625 624
f 478 481 480
f 646 649 648
f 590 591 689
f 564 565 651
f 728 246 184
f 714 724 716
f 692 574 575
f 541 335 581
f 346 68 248
f 161 231 230
f 128 129 94
f 698 705 704
f 574 577 576
f 290 289 401
f 630 631 725
f 733 736 735
f 755 466 496
f 759 480 481
f 757 763 762
f 764 496 466
f 768 767 3808
f 759 760 488
f 492 474 475
f 474 770 769
f 773 468 465
f 771 774 486
f 484 485 775
f 774 776 489
f 495 496 764
f 495 757 761
f 137 397 784
f 325 239 797
f 165 519 51
f 369 32 29
f 730 731 568
f 90 302 301
f 243 118 516
f 800 734 806
f 817 815 808
f 816 808 823
f 306 303 447
f 815 810 809
f 829 830 828
f 726 725 501
f 274 427 424
f 879 882 881
f 884 883 879
f 219 218 217
f 906 905 904
f 455 204 205
f 898 882 830
f 903 900 880
f 377 291 519
f 923 949 948
f 946 947 951
f 3519 740 739
f 900 899 886
f 225 64 65
f 182 445 442
f 809 952 947
f 954 960 962
f 927 950 965
f 885 879 880
f 925 927 966
f 343 342 341
f 965 964 971
f 968 971 970
f 972 968 969
f 963 961 981
f 336 337 338
f 992 993 827
f 810 815 996
f 1007 1001 1002
f 1012 826 827
f 1011 1009 1007
f 294 293 292
f 907 908 920
f 1017 579 1019
f 1020 1023 1022
f 1035 1024 1020
f 1061 1060 1047
f 1063 1061 1046
f 1044 1020 1021
f 1102 1094 1097
f 1116 1126 1118
f 1016 1015 1014
f 881 897 904
f 816 1116 1127
f 1094 948 949
f 514 342 167
f 146 145 81
f 1133 1135 1130
f 1102 1133 1126
f 822 1126 1116
f 1145 1143 1148
f 1076 1144 1151
f 1148 1143 1086
f 1109 1097 1114
f 1154 1153 1156
f 1153 925 967
f 3464 3497 463
f 1144 1147 1152
f 1156 967 1163
f 1164 1162 1169
f 1145 1171 1176
f 1114 1115 1154
f 1183 1155 1164
f 1184 1183 1177
f 1069 1151 1062
f 1023 1191 1194
f 1162 1163 1170
f 1195 1184 1185
f 1183 1196 1176
f 1201 1063 1152
f 1061 1063 1201
f 3825 847 843
f 1203 1202 1195
f 1202 1201 1184
f 1218 1060 1203
f 1060 1061 1202
f 1225 1218 1217
f 671 695 694
f 1219 1217 1024
f 1217 1203 1034
f 1226 1014 1015
f 1243 1242 1234
f 1231 1230 1229
f 847 1243 1233
f 843 1233 1244
f 1233 1234 1245
f 1923 3761 233
f 2100 2108 499
f 3914 3864 2135
f 61 62 323
f 210 211 217
f 1299 1310 1309
f 3863 1230 1231
f 1066 1047 1321
f 1322 1321 1228
f 1060 1218 1321
f 1325 1324 1323
f 1244 1245 1332
f 1290 1234 1242
f 1337 1330 1339
f 1330 1332 1340
f 1341 1332 1245
f 1342 1340 1332
f 1343 1342 1341
f 1344 1341 1294
f 3857 3856 1345
f 1347 1348 1342
f 3856 3854 1295
f 1349 1350 1348
f 3861 1349 1347
f 3853 1347 1343
f 906 898 829
f 905 906 1353
f 865 1356 1355
f 1355 1353 829
f 1357 1355 825
f 1356 1354 1353
f 3834 1337 1338
f 866 1358 1356
f 1358 1359 1354
f 3828 878 1337
f 838 1362 1012
f 1363 1364 1338
f 1368 1363 1339
f 1348 1368 1340
f 1371 1369 3824
f 524 525 526
f 528 529 530
f 1372 1370 1369
f 535 536 537
f 1367 1368 1348
f 1370 1354 1359
f 1369 1359 3833
f 1373 910 903
f 555 556 557
f 1374 909 910
f 1373 904 905
f 1374 1373 1375
f 1375 905 1354
f 1378 920 908
f 376 373 651
f 1388 928 973
f 586 587 588
f 1390 1389 1388
f 1391 1388 969
f 597 598 599
f 600 601 602
f 1392 1391 970
f 608 609 610
f 612 524 523
f 614 615 616
f 617 618 25
f 620 621 622
f 1397 1390 1391
f 1398 1397 1392
f 1400 987 920
f 1402 1403 1165
f 636 637 638
f 930 1404 1402
f 641 642 643
f 929 1402 1169
f 1404 1405 1403
f 1411 1366 1365
f 1412 1406 1415
f 652 653 654
f 609 656 657
f 659 660 661
f 558 663 586
f 665 666 667
f 1413 1411 1406
f 1418 1416 3810
f 1417 1372 1371
f 1416 1371 3829
f 1419 1417 1416
f 1386 909 1374
f 677 678 679
f 1385 1386 1420
f 1420 1374 1376
f 685 686 687
f 1421 1420 1422
f 528 690 691
f 1422 1376 1372
f 1018 1019 747
f 699 700 701
f 1424 578 579
f 3663 1597 1767
f 700 699 711
f 1093 3746 3754
f 717 718 530
f 721 722 723
f 704 1650 3543
f 19 1429 1426
f 1429 1428 1427
f 1658 1659 3542
f 1439 1437 1434
f 1437 1436 1435
f 1426 1427 1433
f 1442 1431 1432
f 742 743 744
f 1432 1433 1441
f 751 752 753
f 1438 1434 1403
f 1446 1445 1444
f 1447 1448 1446
f 3860 1447 1443
f 1415 1367 1445
f 1414 1415 1446
f 2173 1683 469
f 777 778 779
f 780 781 782
f 1676 1693 1806
f 3859 1451 1349
f 789 790 791
f 745 792 793
f 652 794 795
f 1455 1458 1457
f 1454 1367 1350
f 610 691 802
f 3831 3816 698
f 1352 1044 1045
f 1015 1016 1459
f 811 812 813
f 2118 3815 3817
f 819 820 821
f 1466 1463 1194
f 1467 1468 1465
f 1182 1165 1468
f 832 812 833
f 835 836 837
f 1467 1466 1190
f 1469 1470 1444
f 840 700 712
f 1453 1470 1469
f 599 844 845
f 1226 1450 3849
f 851 852 853
f 855 744 856
f 858 859 860
f 861 862 863
f 1014 1226 3855
f 867 676 868
f 870 871 872
f 874 875 876
f 1310 1323 1471
f 1476 1433 1427
f 1461 1476 1475
f 887 888 889
f 788 791 892
f 894 895 896
f 1460 1475 1227
f 901 902 524
f 1465 1478 1477
f 1865 3503 3500
f 911 912 913
f 916 917 918
f 1850 3505 3507
f 921 922 895
f 1479 1435 1436
f 926 664 667
f 1481 562 563
f 269 1483 84
f 931 932 933
f 934 935 614
f 936 685 688
f 938 659 662
f 1484 270 122
f 941 942 835
f 320 321 509
f 1849 3510 3505
f 84 1483 1484
f 1487 1490 1488
f 1757 1758 3502
f 365 1492 1491
f 461 79 80
f 117 363 362
f 1494 540 541
f 926 601 957
f 1477 1441 1433
f 1709 1588 1585
f 119 117 1496
f 271 1497 504
f 511 517 189
f 345 1496 1492
f 57 344 299
f 1501 1499 268
f 267 268 1499
f 974 975 976
f 1678 1652 1693
f 3846 1682 1807
f 557 982 663
f 983 941 984
f 1443 1444 3849
f 421 1500 268
f 989 990 991
f 1490 1487 418
f 279 280 309
f 997 868 676
f 998 26 999
f 1504 418 38
f 1506 1508 1507
f 360 361 1508
f 1506 1486 207
f 939 1005 1006
f 270 1484 1483
f 66 63 546
f 1010 742 793
f 367 428 437
f 244 31 363
f 1670 3532 3534
f 209 206 1510
f 388 389 426
f 427 274 250
f 161 520 521
f 100 246 45
f 1025 1026 608
f 1029 1030 1031
f 939 662 1033
f 41 42 594
f 1036 780 783
f 702 701 1038
f 1040 1041 1042
f 362 32 369
f 187 1520 477
f 70 1487 539
f 1049 600 603
f 613 867 869
f 860 1050 1051
f 1005 1052 1053
f 753 1055 1056
f 1057 1058 1059
f 293 288 1522
f 288 212 1521
f 292 1522 1523
f 331 1507 1508
f 306 452 453
f 100 44 41
f 462 1524 78
f 330 331 1524
f 635 1067 1068
f 1485 1527 1526
f 206 1485 1528
f 1070 1071 1072
f 942 941 1073
f 916 933 1075
f 440 1529 1530
f 157 158 1514
f 1529 162 5
f 371 595 546
f 790 586 663
f 1077 858 857
f 1403 1434 1435
f 1080 1081 1082
f 531 520 1529
f 21 1083 1084
f 272 1532 1531
f 690 712 802
f 335 3571 3567
f 1090 1030 1029
f 1092 795 794
f 1533 396 137
f 661 660 1095
f 69 444 445
f 1099 1100 1101
f 38 39 1536
f 1104 1105 1106
f 852 1107 1108
f 1377 908 909
f 291 377 411
f 316 1536 516
f 539 1488 1533
f 1505 1536 316
f 1110 1111 1112
f 1539 1537 460
f 522 441 1537
f 834 837 1120
f 1122 1123 1124
f 612 1125 1041
f 935 793 615
f 276 278 130
f 1686 3549 3522
f 193 190 1541
f 231 521 1540
f 556 1037 982
f 365 253 85
f 190 532 318
f 1810 765 3574
f 3924 1867 3512
f 1132 983 985
f 208 101 102
f 1134 1033 662
f 1491 518 80
f 429 133 1542
f 1137 1138 915
f 172 436 428
f 1139 1140 1141
f 549 96 54
f 1517 1519 1518
f 834 1119 984
f 1543 513 286
f 1544 797 239
f 133 134 1544
f 506 361 257
f 420 327 328
f 1158 1159 1160
f 587 1104 1103
f 607 1161 1027
f 304 1546 1545
f 364 1491 77
f 69 70 198
f 700 840 1112
f 3877 626 3525
f 1166 719 657
f 1167 1168 858
f 1172 1173 1174
f 218 203 200
f 1179 1180 1181
f 372 183 97
f 89 104 227
f 1186 1187 1188
f 172 173 1517
f 1482 84 81
f 1090 1192 1193
f 394 395 353
f 526 525 1198
f 1199 1200 1026
f 606 623 697
f 1204 1205 1206
f 1207 1208 523
f 1209 1210 867
f 914 913 685
f 1478 1436 1441
f 1029 1028 1161
f 1211 1212 1213
f 3858 1453 1451
f 844 1215 1216
f 423 193 273
f 1220 1221 1222
f 22 1223 1224
f 882 898 897
f 1519 1517 173
f 1189 1188 1232
f 349 350 550
f 1071 1235 1236
f 1237 1238 1239
f 1221 1186 1189
f 1510 1528 1512
f 939 1032 1241
f 1556 1530 5
f 1553 1554 394
f 404 1556 67
f 1247 1248 1249
f 142 199 238
f 1251 1067 635
f 850 1252 1253
f 1254 1167 1077
f 57 132 133
f 443 430 552
f 1187 1172 1175
f 1256 1070 831
f 432 405 382
f 741 748 747
f 434 350 351
f 349 432 383
f 251 124 1481
f 395 384 352
f 1518 1519 1550
f 1558 410 378
f 109 263 314
f 285 1514 1513
f 395 394 393
f 202 203 410
f 417 408 405
f 1246 1257 1258
f 3 1559 297
f 1259 1260 1261
f 403 404 347
f 955 954 953
f 462 50 51
f 1096 1095 687
f 429 147 60
f 896 1264 1265
f 1267 721 1268
f 423 424 327
f 37 179 180
f 20 23 1187
f 1256 1168 1071
f 1188 1175 1269
f 1236 1270 1271
f 1272 536 535
f 565 564 463
f 1273 792 745
f 876 1254 1255
f 316 33 164
f 437 1516 503
f 194 1494 1495
f 1275 1276 864
f 624 625 631
f 1277 1274 1137
f 569 568 567
f 1481 124 125
f 324 325 547
f 1279 1108 1107
f 1525 332 329
f 1281 1278 1137
f 171 168 1553
f 1488 73 396
f 1557 1561 1562
f 1282 856 1206
f 1053 1277 1278
f 778 777 607
f 713 583 3566
f 251 225 144
f 4 357 348
f 709 708 707
f 728 48 45
f 261 135 1563
f 789 1286 1287
f 74 314 263
f 403 284 385
f 1178 1181 1240
f 1223 1259 1289
f 1220 20 1186
f 296 1518 354
f 784 459 1538
f 1181 1180 1291
f 1269 1292 1257
f 1566 1538 438
f 136 784 1566
f 1563 1564 169
f 107 114 109
f 1297 1282 1298
f 1464 1477 1476
f 1520 187 507
f 1301 1302 1303
f 1306 1307 1308
f 175 456 1532
f 1532 456 200
f 1311 1266 1312
f 872 1314 1315
f 3836 843 878
f 1305 1308 864
f 1040 1275 863
f 1564 1566 399
f 592 1576 1575
f 591 1575 1088
f 1581 1584 1583
f 1196 1152 1147
f 710 582 583
f 285 407 408
f 953 954 961
f 1594 1592 1589
f 1585 1588 1587
f 1592 1591 1590
f 3885 945 944
f 1600 1599 1598
f 1604 1603 1602
f 1399 1392 979
f 1589 1590 1596
f 1610 1609 1608
f 298 257 361
f 551 552 276
f 1627 1626 3814
f 859 811 818
f 1078 857 1328
f 1555 439 1530
f 572 573 680
f 772 465 776
f 977 1281 918
f 404 403 392
f 1054 1331 750
f 1644 1645 1643
f 932 1265 1082
f 1067 1333 1334
f 1540 1539 264
f 597 1335 643
f 471 761 762
f 1642 696 3831
f 1644 1642 3842
f 923 946 950
f 96 549 548
f 520 531 522
f 445 444 443
f 849 839 848
f 480 759 755
f 1646 760 481
f 311 426 1567
f 464 463 3497
f 3497 1360 1361
f 234 237 236
f 190 193 192
f 153 154 152
f 231 287 286
f 1552 1553 1551
f 760 1646 1648
f 3832 1647 1649
f 828 827 826
f 52 167 166
f 1663 1662 1661
f 287 107 115
f 668 671 670
f 634 645 640
f 553 560 559
f 118 36 33
f 492 484 491
f 3552 1652 1651
f 582 589 584
f 384 395 392
f 1381 1382 1383
f 1562 1561 435
f 952 953 951
f 3529 3566 583
f 1660 1661 1667
f 1394 1395 1396
f 1660 1665 1664
f 1671 1670 1669
f 1624 1625 1673
f 1407 1408 1409
f 1677 1676 1675
f 1613 1679 1677
f 1679 1678 1676
f 1626 1681 3811
f 534 199 198
f 803 733 734
f 400 248 191
f 65 66 143
f 3526 1657 1656
f 402 159 157
f 629 628 627
f 461 477 49
f 758 757 495
f 796 787 786
f 406 407 1513
f 342 343 166
f 1694 1659 1658
f 1692 1687 1694
f 3557 1693 1652
f 3921 1704 1703
f 326 547 302
f 3916 3921 1702
f 3919 3918 1698
f 1699 1691 3927
f 1557 406 1560
f 1127 1116 1117
f 400 401 289
f 1706 1702 1707
f 1707 1702 1599
f 1709 1706 1708
f 1714 1712 1711
f 3919 3915 1709
f 1704 1711 1577
f 1716 1714 1713
f 1559 1562 1549
f 1722 1721 1720
f 1335 597 596
f 410 411 377
f 973 1170 1163
f 168 169 399
f 1571 682 1089
f 1572 681 682
f 749 646 647
f 1730 1724 1723
f 1594 1582 1729
f 1729 1723 1591
f 1384 1378 1377
f 1732 1731 1712
f 1724 1730 1731
f 1722 1724 1732
f 1721 1722 1733
f 1734 1733 1716
f 1735 1737 1736
f 1733 1732 1714
f 1663 1664 1741
f 1742 1665 1740
f 1738 1739 1737
f 1665 1660 1666
f 1665 1742 1744
f 1725 1726 1746
f 1591 1725 1745
f 1590 1745 1747
f 1745 1746 1748
f 1659 1688 3538
f 3287 1760 3545
f 1185 1177 1182
f 1664 1744 1749
f 1741 1749 1739
f 1746 1742 1743
f 1726 1744 1742
f 1115 924 1153
f 1896 3562 3549
f 1720 1749 1744
f 1721 1739 1749
f 1750 1718 1701
f 1697 1736 1750
f 1151 1152 1063
f 1751 1752 1670
f 1695 1658 1752
f 961 962 986
f 1770 1769 1768
f 1766 1594 1593
f 1731 1759 1579
f 1579 1777 1774
f 3928 1772 1771
f 1764 1772 3928
f 1777 1776 1775
f 3762 3763 1699
f 1004 1127 1128
f 1774 1775 1771
f 987 1400 1399
f 1578 1774 1772
f 1783 1782 1781
f 1597 1598 1770
f 639 1878 3895
f 3928 3929 1769
f 1793 1792 1789
f 3929 3920 1798
f 3508 3516 3773
f 1802 1867 3924
f 1788 1790 1794
f 1793 1794 1795
f 3773 3772 1675
f 1584 1581 1783
f 1771 1797 3920
f 1801 1799 1798
f 1768 1769 1798
f 1775 1796 1797
f 508 514 515
f 1796 1803 1802
f 1800 1798 3920
f 1794 1805 1804
f 3532 1670 1752
f 485 1808 1807
f 3809 3844 1640
f 3837 3844 1810
f 485 482 1640
f 1690 1691 3770
f 487 488 1648
f 3839 1813 1816
f 3838 1811 1648
f 3839 1812 1811
f 1812 1809 487
f 1641 1809 767
f 465 466 755
f 767 1815 3823
f 3822 1816 3826
f 1809 1812 1815
f 3837 1653 1651
f 675 672 3541
f 1814 1649 1822
f 1821 1822 3821
f 1824 1822 1649
f 1827 1849 1850
f 1668 1669 1662
f 1779 1780 1848
f 1790 1827 1805
f 1833 1836 1853
f 3521 3506 693
f 1614 1615 1616
f 1852 1853 3498
f 1620 1621 1622
f 1855 1765 1574
f 1847 1852 3501
f 1766 1765 1855
f 1629 1630 1631
f 1633 1622 1634
f 1635 1636 1637
f 1848 1833 1852
f 1855 1861 1863
f 1803 1866 1867
f 1862 1863 1831
f 1782 1855 1862
f 3922 3924 1865
f 1873 1872 1870
f 1874 1869 799
f 2045 3878 3897
f 1219 1345 1295
f 1615 1614 1396
f 3884 3895 1877
f 645 3898 3786
f 1345 1219 1035
f 634 639 3884
f 15 1887 1327
f 3910 3895 1878
f 1894 604 605
f 3506 3551 627
f 340 341 454
f 1897 194 195
f 1889 1882 1877
f 1901 94 129
f 196 749 754
f 1705 1704 3921
f 340 378 166
f 1570 1480 563
f 1904 1494 194
f 1781 1862 1832
f 1905 549 55
f 1000 994 995
f 986 919 920
f 1191 1185 1190
f 2094 2077 2075
f 1920 1921 1919
f 453 454 1912
f 1915 1919 1918
f 3882 2112 2106
f 1916 1918 1926
f 704 3554 3561
f 278 1916 1925
f 3565 3564 1818
f 1097 949 1115
f 1927 1928 727
f 3578 3579 3654
f 1920 310 307
f 1929 307 48
f 503 504 1497
f 1902 1903 787
f 1816 1821 3820
f 1925 1926 1923
f 1535 1569 1568
f 254 252 258
f 1509 1497 366
f 119 86 35
f 219 288 293
f 141 46 47
f 542 205 244
f 1940 552 430
f 1779 1828 1827
f 1701 1710 3915
f 1661 3550 3515
f 270 53 754
f 197 1947 749
f 1727 1728 1212
f 53 54 232
f 1465 1468 1479
f 1284 3862 3854
f 1951 446 412
f 168 398 1554
f 1486 1485 206
f 506 77 78
f 994 1001 1007
f 951 953 963
f 1013 3859 3861
f 3826 3820 1820
f 1498 1909 1954
f 299 298 543
f 1754 1755 1756
f 1681 469 1683
f 1696 1694 1695
f 13 14 738
f 473 476 475
f 482 1641 768
f 204 62 30
f 1761 1762 820
f 611 1763 1125
f 1501 1503 1908
f 1074 1073 711
f 1960 1944 82
f 120 1956 1960
f 35 86 87
f 1773 1199 1025
f 1965 1545 1569
f 494 761 471
f 1966 1967 1969
f 446 1951 1971
f 174 368 125
f 1580 1579 1578
f 1785 1786 1787
f 1972 1546 304
f 1254 876 875
f 1973 341 342
f 321 1912 1973
f 1910 277 275
f 509 1973 514
f 1486 1507 1527
f 1974 1874 804
f 1977 1976 1974
f 1980 448 1966
f 379 1 2
f 1718 1715 1710
f 884 995 992
f 1680 1684 1678
f 902 990 525
f 344 255 256
f 135 138 137
f 448 446 1967
f 589 605 604
f 910 909 908
f 1981 1966 1968
f 1982 1981 1987
f 1988 1979 1987
f 1990 1988 1989
f 1991 1989 1993
f 322 321 320
f 992 828 830
f 1144 1076 1086
f 1995 1977 1978
f 1133 1129 1118
f 1997 1995 1994
f 870 1823 1335
f 805 806 1982
f 727 184 2000
f 1996 1994 1988
f 1994 1978 1979
f 1829 616 792
f 1830 1073 941
f 798 803 800
f 729 732 731
f 2011 2012 2023
f 1834 1835 846
f 402 283 284
f 2022 2023 2024
f 1838 718 989
f 810 955 952
f 1823 1839 1840
f 1430 1426 1432
f 1215 844 1841
f 1316 1208 873
f 2112 1401 1384
f 1842 1843 1844
f 1159 846 845
f 837 27 1846
f 1971 1951 2030
f 517 369 370
f 1471 2026 2027
f 3551 3525 626
f 2174 2175 770
f 935 934 1854
f 1613 1619 1611
f 1231 1228 1225
f 1856 1857 891
f 1300 1309 748
f 1150 1149 1858
f 1643 606 696
f 1215 1265 1264
f 1320 1860 902
f 1956 1943 1944
f 2031 668 669
f 2034 1325 1310
f 1879 1880 1656
f 40 245 242
f 1992 1993 2039
f 888 958 957
f 1882 1889 1996
f 1078 1138 1255
f 1871 912 1192
f 294 411 218
f 1323 2041 2026
f 123 1960 83
f 1324 2036 2041
f 384 358 359
f 1324 1325 2038
f 1883 1884 1885
f 287 1540 114
f 1096 1886 1134
f 915 1329 931
f 806 1980 1981
f 3533 3529 584
f 1425 2030 2042
f 1018 2042 1948
f 3562 1896 740
f 1948 2042 649
f 1881 1882 1990
f 1900 129 130
f 992 995 994
f 923 927 925
f 3878 2045 2047
f 1643 2048 625
f 2050 2052 2051
f 2045 1405 1404
f 3876 2047 945
f 1139 1080 1079
f 1037 1856 892
f 2055 2053 2057
f 1198 989 718
f 1619 2058 1612
f 2058 1605 1606
f 2059 2060 1607
f 2058 1619 1624
f 71 72 179
f 405 406 1557
f 322 1548 1972
f 2061 2052 2063
f 2066 2065 2067
f 2052 2061 2064
f 1609 1610 2066
f 1515 151 152
f 1009 827 993
f 1644 3843 3815
f 279 1915 1916
f 1285 3863 3862
f 1647 2066 1825
f 2056 2057 2067
f 319 320 1953
f 667 666 1913
f 2070 631 625
f 2052 2050 2055
f 2038 1654 1655
f 1606 1601 2073
f 1235 1917 1270
f 2072 2073 2075
f 2059 1606 2072
f 2074 2075 2077
f 1601 1602 2078
f 2049 2048 1643
f 1000 1004 1001
f 1089 943 684
f 1931 1286 1306
f 1462 1459 1021
f 1932 1933 1934
f 875 874 1846
f 1936 1051 1937
f 44 45 46
f 1534 1955 1956
f 1541 318 317
f 2081 2082 2084
f 146 1945 1959
f 1360 1941 1942
f 985 984 1032
f 1995 1997 1892
f 2079 2080 2082
f 2095 2096 2076
f 2081 2093 2078
f 2055 2050 2054
f 501 2096 2095
f 2097 2100 2099
f 2098 2099 2094
f 2140 2141 3893
f 2141 2046 3894
f 2051 2070 2048
f 592 2102 2101
f 2071 2064 2076
f 2102 2097 2098
f 593 2103 2102
f 1019 1895 746
f 1950 11 12
f 725 2071 2096
f 1385 2105 2104
f 1379 2104 2106
f 2107 2108 2100
f 3908 726 502
f 3896 502 499
f 940 1389 2109
f 928 929 1170
f 3868 590 684
f 1962 1963 1964
f 3878 680 573
f 2039 1993 1968
f 1389 1390 2110
f 1398 2111 2113
f 3757 3755 3753
f 3911 3883 2107
f 949 923 924
f 260 241 324
f 1390 1397 2113
f 2070 2051 2064
f 3867 3911 2103
f 2105 1385 1421
f 2114 1421 1423
f 3892 2114 2115
f 3908 2105 2114
f 554 2116 1902
f 972 1163 967
f 1765 1593 1573
f 1984 1985 1986
f 2053 2117 2069
f 3573 3556 724
f 1625 1677 1674
f 3881 3888 2119
f 3903 2115 2123
f 56 1954 1906
f 626 3877 3879
f 2001 2002 2003
f 3912 3841 2127
f 2006 2007 2008
f 2127 1413 1412
f 2014 2015 2016
f 2018 2019 2020
f 1495 1424 1947
f 1379 1377 1386
f 3814 3811 1680
f 2029 1885 1884
f 3902 2128 2120
f 629 3879 3914
f 682 683 943
f 724 1650 2121
f 1757 1819 3821
f 765 1810 3844
f 3851 714 715
f 706 707 3870
f 981 986 987
f 1457 1868 1656
f 2017 2016 2032
f 1458 1655 1868
f 1776 1777 1792
f 1959 1945 1946
f 3663 3715 3725
f 3913 3881 2122
f 1093 1089 689
f 966 965 968
f 3852 715 3881
f 2172 3577 2170
f 670 2138 2137
f 3761 787 1903
f 1429 19 28
f 964 963 978
f 3841 3813 1413
f 1473 1474 669
f 3834 3833 1359
f 2138 798 1870
f 1872 1473 2137
f 715 716 3888
f 1881 1991 1992
f 3843 3842 739
f 1837 1847 3513
f 253 58 59
f 1808 3837 3840
f 1647 3832 3818
f 3865 3866 671
f 2112 3882 3883
f 1405 2045 2044
f 3829 3824 1364
f 273 1541 391
f 576 632 3520
f 3875 3865 668
f 1430 1431 2140
f 2136 3850 3860
f 1430 2139 18
f 3893 3894 570
f 1442 1439 2046
f 1431 1442 2141
f 3869 3913 3850
f 3808 3823 1817
f 3866 3893 695
f 2142 2025 798
f 571 2143 2142
f 3819 3814 1618
f 2143 2022 2025
f 694 2142 2138
f 681 1572 2144
f 2144 2011 2022
f 328 210 457
f 1572 2010 2011
f 630 3892 3903
f 2085 2086 2087
f 2090 2091 2092
f 572 2144 2143
f 1875 1976 2153
f 1873 1875 2149
f 2103 2107 2097
f 2157 2043 2155
f 2128 1412 1414
f 3874 3871 589
f 3872 3870 628
f 2149 2153 2158
f 2159 2158 3905
f 698 3907 3902
f 3823 3847 3827
f 2158 2156 3874
f 1438 2044 2046
f 2035 2154 2160
f 2161 2160 3889
f 3871 3891 605
f 3873 17 18
f 370 29 61
f 649 1951 413
f 2153 2157 2156
f 1428 1429 1449
f 1490 76 73
f 3890 3905 710
f 2155 1891 3891
f 1456 1457 1880
f 2125 2088 2087
f 2160 2159 3890
f 300 1959 505
f 1064 1062 1046
f 2043 1892 1891
f 2129 2130 2004
f 2131 2132 2133
f 3848 3849 1450
f 1998 1975 804
f 3879 673 3864
f 474 492 490
f 1164 1165 1182
f 707 2162 3909
f 708 1472 2162
f 2162 2161 3886
f 548 549 1905
f 1145 1136 1114
f 705 2121 1650
f 2043 2157 1977
f 737 738 554
f 1034 1195 1191
f 458 1905 1907
f 195 196 232
f 2040 2039 1969
f 2145 2146 2147
f 2054 2050 2049
f 3832 1646 1639
f 9 12 11
f 252 364 506
f 472 478 479
f 1865 3924 3791
f 900 903 910
f 1941 2150 2151
f 1921 1928 1927
f 2163 1897 1898
f 271 156 153
f 1904 1326 12
f 282 263 264
f 1872 1873 2154
f 1326 1904 1897
f 628 692 693
f 1724 1722 1719
f 1549 1562 436
f 1582 1583 1730
f 1921 1920 1929
f 3563 3511 10
f 475 772 774
f 769 2172 2171
f 2171 2165 476
f 476 773 772
f 1791 565 464
f 2166 2167 2168
f 595 371 372
f 483 1809 1641
f 762 2174 2173
f 771 483 484
f 486 487 1809
f 297 1549 1517
f 763 2175 2174
f 776 755 759
f 184 185 2176
f 412 447 303
f 2005 2176 185
f 3811 1681 1682
f 2164 2170 756
f 1472 2035 2161
f 950 951 964
f 2177 2178 2179
f 227 226 1510
f 2182 2183 2184
f 2186 2019 2018
f 1985 2182 2181
f 214 736 729
f 865 849 842
f 849 865 1357
f 559 3187 3188
f 16 13 737
f 560 553 498
f 3193 3196 3195
f 3200 3197 3198
f 3211 3214 3213
f 3215 3218 3217
f 2187 2188 2002
f 2169 2168 2189
f 2192 2086 2085
f 2193 2194 2195
f 2198 2199 2200
f 1998 1982 1979
f 3664 3665 3668
f 2116 1898 1903
f 1859 2006 2009
f 3904 2123 2126
f 1135 1148 1087
f 2201 2202 2015
f 1149 111 110
f 3221 3222 3218
f 2203 2204 2205
f 579 580 1895
f 1755 2207 2208
f 3891 3910 1893
f 1211 2151 2150
f 868 997 2210
f 944 945 930
f 2130 2129 2202
f 233 1903 1898
f 665 751 750
f 1167 1254 999
f 2211 2212 2213
f 2215 2216 2217
f 3867 593 590
f 2220 221 220
f 823 824 948
f 3225 3220 3227
f 266 204 455
f 3882 2108 2107
f 2221 2222 3519
f 2223 2224 2225
f 2207 2125 2124
f 673 674 3869
f 817 1000 996
f 2227 2228 2146
f 1947 1948 646
f 3900 2135 17
f 2229 1635 1638
f 1679 1613 1618
f 1637 2231 2232
f 2233 2234 1617
f 2231 2235 2236
f 1381 1638 2238
f 3586 2241 2242
f 1630 2234 2233
f 1681 1626 472
f 1408 1407 2243
f 3236 3239 3238
f 3232 3241 3240
f 1637 2230 2238
f 3237 3238 3233
f 1409 1408 1634
f 1380 1383 2247
f 1628 2248 2245
f 2249 1623 1622
f 1632 1634 1408
f 2248 1628 1631
f 2235 2231 1637
f 3245 3246 3199
f 631 2070 2071
f 515 167 52
f 782 781 2251
f 2253 2254 2255
f 397 281 459
f 1456 2039 2040
f 2040 2041 2036
f 1401 2112 2111
f 2041 2040 1970
f 1535 121 414
f 1586 1587 2080
f 2256 983 1132
f 1700 1699 3918
f 3815 1896 1686
f 1263 2256 1886
f 598 1841 844
f 2257 2258 2259
f 2258 2261 2262
f 2259 2262 2263
f 2260 2259 2216
f 1967 1971 1970
f 2212 1964 1963
f 922 921 2218
f 1312 1098 1101
f 1307 1306 1286
f 1548 1569 1546
f 2266 2267 2268
f 2265 2268 2270
f 2272 2265 2269
f 2273 2266 2265
f 2275 2276 2277
f 2278 2274 2277
f 2284 2285 3617
f 2287 2283 2286
f 2288 2289 2283
f 2290 2284 3639
f 2291 2292 2293
f 2295 2291 2294
f 2296 2297 2291
f 2297 2298 2292
f 2294 2293 2299
f 2279 2294 2300
f 2298 2301 2302
f 2292 2302 2303
f 2293 2303 2304
f 2304 2305 2306
f 2308 2309 2310
f 2302 2307 2310
f 2301 2311 2307
f 2312 2308 2307
f 2313 2314 2315
f 2318 2319 2320
f 3748 3771 2322
f 2324 2325 2273
f 2313 2324 2326
f 2328 2324 2313
f 2329 2325 2324
f 2331 2332 2333
f 2330 2333 2267
f 2325 2330 2266
f 2329 2331 2330
f 2333 2334 2335
f 2336 2334 2333
f 2338 2336 2332
f 2331 2339 2337
f 2329 2340 2339
f 2328 2341 2340
f 2316 2342 2341
f 2342 2316 2315
f 2344 2345 2346
f 2341 2344 2347
f 2342 2348 2344
f 2348 2349 2345
f 2350 2351 2352
f 2339 2350 2353
f 2340 2347 2350
f 2347 2346 2351
f 2337 2353 2354
f 2353 2352 2355
f 2356 2277 2276
f 2356 2357 2358
f 2356 2359 2296
f 2279 2277 2356
f 2360 2361 2270
f 2267 2335 2360
f 2362 2363 2364
f 2362 2365 2361
f 2366 2362 2358
f 2366 2367 2363
f 2357 2276 2368
f 2366 2368 2369
f 2276 2275 2370
f 2368 2370 2282
f 2372 2373 2374
f 2375 2376 2377
f 2378 2379 2380
f 2382 2378 2381
f 2384 2385 2378
f 2385 2386 2379
f 2388 2389 2390
f 2387 2390 2392
f 2393 2394 2387
f 2394 2395 2388
f 2186 2401 2402
f 2403 2404 2327
f 2272 2403 2326
f 2271 2405 2403
f 2405 2406 2404
f 2404 2407 2408
f 2409 2410 2411
f 2409 2412 2271
f 2413 2409 2269
f 2413 2414 2410
f 2417 2415 2416
f 2417 2418 2406
f 2412 2417 2405
f 2411 2415 2417
f 2406 2419 2407
f 3569 3520 632
f 2420 2398 2397
f 2420 2421 2423
f 2424 2420 2422
f 2424 2399 2398
f 2425 2391 2392
f 2421 2425 2426
f 2397 2396 2425
f 2396 2393 2391
f 2427 2314 2408
f 2430 2427 2428
f 2343 2315 2427
f 2432 2343 2430
f 2431 2430 2429
f 2435 2431 2433
f 2436 2432 2431
f 2428 2408 2407
f 2422 2437 2407
f 2438 2437 2422
f 2429 2428 2437
f 2440 2434 2433
f 2441 2439 2433
f 2442 2443 2439
f 2443 2444 2440
f 2445 2446 2444
f 2447 2445 2443
f 2383 2381 2445
f 2381 2380 2446
f 2448 2438 2423
f 2449 2448 2426
f 2441 2448 2449
f 2441 2429 2438
f 2449 2392 2390
f 2450 2390 2389
f 2447 2450 2451
f 2442 2449 2450
f 2451 2389 2453
f 2452 2453 2455
f 2382 2452 2454
f 2383 2451 2452
f 2456 2457 2373
f 2459 2460 2461
f 2463 2464 2465
f 2462 2465 2285
f 2466 2462 2284
f 2467 2463 2462
f 2461 2460 3703
f 2468 2469 2470
f 2472 2468 2471
f 2474 2461 3701
f 2475 2476 2477
f 2458 2455 2453
f 2479 2453 2389
f 2395 2480 2479
f 2480 2459 2458
f 2481 2482 2483
f 2484 113 2485
f 2471 2470 2464
f 2473 2471 2463
f 2487 2467 2466
f 2486 2466 2290
f 2490 2486 2488
f 2491 2487 2486
f 2492 2473 2467
f 2493 2492 2487
f 2494 2495 2492
f 2495 2472 2473
f 3690 2496 2474
f 3691 2497 2496
f 2498 2494 2493
f 2500 2498 2499
f 3700 3687 2498
f 3687 3691 2494
f 2306 2504 2278
f 2305 2505 2504
f 2504 2505 2507
f 2506 2507 2288
f 2274 2506 2508
f 2278 2504 2506
f 3633 3632 2489
f 3620 3633 2488
f 2507 2509 2289
f 2505 2510 2509
f 2508 2288 2287
f 2511 2287 2281
f 2370 2511 2280
f 2275 2508 2511
f 2512 2490 2489
f 2514 2512 2513
f 2517 2512 2514
f 2517 2491 2490
f 2499 2493 2491
f 2499 2517 2516
f 2510 2505 2519
f 2518 2519 2521
f 3616 2518 2520
f 3632 2510 2518
f 2522 2304 2303
f 2523 2522 2310
f 2305 2304 2522
f 2524 2522 2523
f 2519 2524 2525
f 2505 2305 2524
f 2308 2312 2527
f 2526 2527 2529
f 2531 2526 2528
f 2309 2308 2526
f 1214 2532 2151
f 2419 2406 2418
f 2533 2345 2349
f 2534 2533 2317
f 2535 2536 2533
f 2536 2346 2345
f 2537 2351 2346
f 2538 2537 2536
f 2539 2540 2537
f 2540 2352 2351
f 2312 2355 2541
f 2527 2541 2542
f 2543 2435 2434
f 2545 2543 2544
f 2319 2318 2543
f 2318 2436 2435
f 2514 2515 2548
f 2547 2548 2550
f 2552 2547 2549
f 2552 2516 2514
f 2520 2521 2554
f 2553 2554 2556
f 3590 2553 2555
f 3621 2520 2553
f 2523 2309 2531
f 2557 2531 2530
f 2525 2523 2557
f 2559 2557 2558
f 2554 2559 2560
f 2521 2525 2559
f 2561 2375 2007
f 2376 2562 2225
f 2564 2565 2566
f 2563 2566 338
f 2569 2563 2567
f 2570 2564 2563
f 2572 2573 2574
f 2571 2574 2576
f 2544 2571 2575
f 2544 2434 2572
f 2578 2570 2569
f 2579 2577 2569
f 2574 2577 2579
f 2573 2578 2577
f 2581 2582 2583
f 2584 2580 2583
f 3697 3675 2580
f 3676 2581 2580
f 2582 2516 2552
f 2583 2552 2551
f 2500 2501 2589
f 2590 2588 2589
f 3693 3695 2588
f 3695 3700 2500
f 2501 2516 2591
f 2592 2593 2594
f 2386 2385 2503
f 2596 2379 2386
f 2596 2374 2373
f 2599 2596 2597
f 2599 2380 2379
f 2600 2446 2380
f 2600 2599 2598
f 2603 2600 2601
f 2603 2444 2446
f 2604 2603 2602
f 2440 2604 2605
f 2444 2603 2604
f 2606 2582 2581
f 2606 2607 2590
f 2591 2516 2582
f 3676 2587 2456
f 3689 2456 2372
f 2478 2477 2608
f 2609 2610 2611
f 2564 2570 2613
f 2612 2613 2598
f 2457 2612 2597
f 2565 2564 2612
f 2614 2613 2570
f 2615 2614 2578
f 2602 2601 2614
f 2601 2598 2613
f 2572 2434 2605
f 2616 2605 2602
f 2573 2572 2616
f 1459 1016 1045
f 1265 1215 1079
f 1612 1608 1609
f 2067 2057 2069
f 1135 1109 1136
f 1938 1937 2618
f 95 548 458
f 2058 1607 1608
f 1454 1469 1445
f 655 2620 1048
f 722 1049 2621
f 1131 985 1033
f 562 1481 366
f 1723 1719 1725
f 1786 1123 1122
f 267 300 323
f 1325 2034 1654
f 1468 1165 1435
f 658 657 529
f 8 532 247
f 382 1557 1559
f 788 619 1307
f 940 930 929
f 911 2622 2623
f 2621 2620 655
f 2624 1857 2625
f 998 1846 27
f 635 638 2626
f 2627 641 644
f 2628 2627 1840
f 1200 1199 2627
f 1199 1773 641
f 1520 515 49
f 1452 1350 1349
f 2630 2631 1859
f 644 643 1335
f 1197 1198 717
f 2632 717 719
f 2628 2632 1166
f 2629 1197 2632
f 1762 2633 1050
f 1823 870 873
f 2634 2635 794
f 1042 794 2635
f 93 94 1901
f 2036 2038 1458
f 1527 332 1525
f 877 876 1274
f 134 409 797
f 1328 893 931
f 607 777 1091
f 1043 2635 2637
f 2636 2637 2639
f 1275 2636 2638
f 1275 1040 1043
f 1272 2624 2626
f 2640 2626 638
f 1110 2641 2640
f 536 1272 2640
f 1472 708 1474
f 2042 2030 1951
f 1058 1106 1105
f 2642 2623 2643
f 1192 2642 2644
f 912 2623 2642
f 3898 1657 3526
f 1049 1048 2620
f 616 1829 1885
f 1331 1913 666
f 990 989 1198
f 1911 1912 321
f 1298 1282 1205
f 76 1490 1504
f 1502 1500 421
f 610 609 658
f 1146 937 659
f 2646 911 914
f 1280 1239 1238
f 1453 1454 1452
f 835 942 1843
f 1271 1270 1173
f 1893 1878 1826
f 1050 2633 1937
f 2651 2652 814
f 1006 1053 1281
f 2653 1084 2654
f 1001 1004 1003
f 585 997 679
f 2624 1272 621
f 555 678 2028
f 1207 526 1197
f 1626 1627 478
f 426 389 419
f 1030 1193 1773
f 3898 645 634
f 534 1533 138
f 1125 1092 1042
f 333 228 88
f 569 1570 561
f 1489 2656 871
f 1857 2624 620
f 1673 1674 3770
f 622 861 864
f 619 788 891
f 261 544 545
f 393 1555 1556
f 2658 2659 2647
f 1075 2658 2657
f 1081 1080 2658
f 1080 1139 2659
f 2644 2643 1141
f 2660 1141 1140
f 642 2660 1336
f 1193 2644 2660
f 679 678 555
f 1503 1501 1500
f 1318 1317 1101
f 2661 2659 1139
f 2661 1142 2663
f 2662 2647 2659
f 2662 2663 2622
f 2664 2622 911
f 2648 2664 2646
f 2648 2647 2662
f 2083 2094 2093
f 1442 1440 1437
f 519 329 330
f 1885 2029 1209
f 799 800 805
f 1946 1943 1952
f 1302 1301 1253
f 566 2005 224
f 1389 940 928
f 683 682 681
f 836 835 1842
f 2665 1842 1845
f 2666 2665 1303
f 24 836 2665
f 831 1072 2650
f 1845 1844 1304
f 2010 2013 2012
f 1051 1936 2667
f 1522 1521 1511
f 531 440 441
f 1250 635 2625
f 2669 2625 1857
f 783 2669 1856
f 782 1250 2669
f 720 2670 2671
f 1055 1931 1930
f 1333 1067 1251
f 619 622 1308
f 652 655 2619
f 521 522 1539
f 1838 988 537
f 2672 537 536
f 1113 2672 2641
f 1113 527 1838
f 1016 1013 1351
f 3897 573 570
f 226 227 104
f 3564 3669 3827
f 1036 1037 1884
f 2674 1301 1304
f 2673 1304 1844
f 1334 2673 2675
f 1333 2674 2673
f 2676 702 1039
f 1843 2676 2675
f 942 1074 2676
f 1074 699 702
f 752 1057 1055
f 1200 1166 656
f 1120 1846 874
f 2677 874 877
f 1241 2677 1052
f 1119 1120 2677
f 1560 1513 151
f 1208 1316 611
f 215 735 736
f 1460 1459 1462
f 1208 1207 1839
f 854 856 1282
f 72 445 182
f 544 1563 1565
f 217 200 456
f 2047 1404 930
f 1204 2618 1937
f 913 777 686
f 840 527 1113
f 1531 729 730
f 2678 778 1283
f 601 667 1914
f 1537 1538 459
f 1819 1757 3509
f 991 1860 862
f 2679 711 1073
f 2680 1830 983
f 779 2680 2256
f 778 2678 2680
f 2678 2679 1830
f 180 542 245
f 1886 1132 1131
f 1138 1137 1274
f 1841 598 1140
f 75 313 314
f 193 423 420
f 2681 2682 1099
f 170 1567 1565
f 349 416 417
f 1121 1124 2684
f 547 797 409
f 123 122 121
f 2643 2663 1142
f 1542 1544 513
f 899 900 907
f 1210 677 676
f 791 663 982
f 24 27 837
f 893 896 932
f 1860 1320 863
f 535 538 862
f 1569 1548 1547
f 181 455 542
f 660 659 937
f 2013 567 568
f 887 890 2631
f 1524 1508 361
f 520 161 162
f 2653 855 854
f 1238 1237 2655
f 718 1838 527
f 1492 1493 518
f 792 616 615
f 599 846 1835
f 290 457 456
f 312 171 1552
f 1248 2687 1179
f 153 149 177
f 1240 1181 1222
f 1257 1292 1235
f 1291 1084 1083
f 1052 877 1277
f 743 742 2618
f 444 140 430
f 23 1224 1172
f 2687 2654 1180
f 102 103 409
f 1283 607 610
f 373 497 650
f 1180 2654 1084
f 855 2653 2655
f 1173 1270 1917
f 2689 850 853
f 2688 853 1108
f 2686 2688 1279
f 2687 2689 2688
f 2691 1302 1252
f 2690 1252 850
f 1248 2690 2689
f 1248 1247 2691
f 2692 617 24
f 2691 2692 2666
f 1247 1258 2692
f 1258 1168 617
f 394 1554 1555
f 2693 1260 1259
f 1072 1236 1262
f 1257 1071 1168
f 398 439 1555
f 871 1784 1314
f 1178 1232 1249
f 1224 1289 1173
f 1010 2617 2618
f 1175 1174 1292
f 2654 2687 2686
f 2694 1157 1216
f 71 418 1487
f 701 1112 1111
f 1072 1261 2649
f 1085 2695 22
f 895 2694 1264
f 1601 1606 1605
f 1259 1262 1271
f 21 20 1220
f 988 991 538
f 598 597 1336
f 1050 860 818
f 1298 2645 1761
f 1168 1167 618
f 858 1168 1256
f 39 242 516
f 2652 1761 819
f 313 316 315
f 2026 1970 1971
f 2656 1489 596
f 814 819 818
f 2696 2651 813
f 1260 2696 2649
f 2693 2697 2696
f 2697 1296 2651
f 381 355 390
f 3818 3819 1611
f 1475 1427 1428
f 1292 1174 1917
f 1551 353 354
f 1526 1525 1523
f 1593 1589 1595
f 1232 1269 1246
f 2695 2693 1223
f 2698 1297 1296
f 2698 2697 2693
f 2685 2698 2695
f 2685 854 1297
f 562 1497 271
f 2652 2651 1296
f 1365 1366 1364
f 1958 1946 1953
f 585 588 2210
f 1561 1560 1515
f 975 2648 1146
f 347 67 68
f 1038 1111 636
f 2700 781 780
f 2699 780 1036
f 2701 2699 1883
f 851 2700 2699
f 2674 1333 2251
f 2702 2251 781
f 1253 2702 2700
f 1301 2674 2702
f 1519 387 388
f 1273 1239 1280
f 2703 1280 1107
f 2701 2703 852
f 1829 1273 2703
f 91 260 326
f 1784 871 2656
f 2683 2684 2705
f 1669 3534 3548
f 2062 2063 2060
f 621 535 861
f 2023 731 732
f 686 779 1263
f 857 1051 2668
f 883 830 882
f 637 636 1111
f 2668 894 893
f 2667 921 894
f 1039 1038 1068
f 313 75 1504
f 1911 1972 305
f 1936 2706 1964
f 2707 2402 2401
f 2708 2707 2183
f 738 2163 2116
f 2349 2348 2432
f 2711 2712 2020
f 2400 2711 2019
f 2714 2715 2716
f 2717 2718 2719
f 2721 2722 2723
f 2726 2727 2728
f 2725 2728 2730
f 2731 2725 2729
f 2732 2726 2725
f 2734 2735 2736
f 2738 2739 2740
f 2737 2740 2741
f 2744 2745 2746
f 2745 2744 2748
f 2749 2750 2747
f 2753 2749 2751
f 2250 1380 2246
f 2754 1396 1614
f 3598 2754 2755
f 3608 2745 2747
f 1617 2756 2755
f 2242 2758 1620
f 2191 2085 2760
f 2761 2759 2760
f 3648 2759 2761
f 3623 2191 2759
f 3209 3248 3223
f 1395 1394 2236
f 1395 2235 1636
f 1616 1635 2229
f 1617 2234 2763
f 2756 2763 3628
f 2765 2763 2234
f 2766 2764 3628
f 3202 3199 3246
f 1516 437 435
f 2768 2769 3552
f 1495 541 578
f 2135 2136 28
f 1690 1689 3926
f 2778 2779 2780
f 2777 2780 2781
f 2784 2778 2777
f 3555 3521 575
f 1494 1904 9
f 3529 2016 2015
f 451 61 505
f 2786 2787 2788
f 2779 2786 2785
f 2789 2752 2741
f 2790 2753 2752
f 2792 2793 2794
f 2793 2795 2796
f 2796 2797 2750
f 2794 2796 2749
f 2798 1393 1396
f 3591 2798 2754
f 2798 2799 2800
f 3591 3662 2799
f 2797 2796 2795
f 2791 2794 2753
f 216 233 232
f 3804 2806 2807
f 3805 2809 2804
f 2769 2810 3557
f 183 185 184
f 2811 2812 2775
f 2804 2811 2776
f 2809 2813 2811
f 2812 2811 2813
f 3805 2808 2816
f 3796 2818 2815
f 3798 3800 2820
f 3793 2823 2819
f 2824 2736 2735
f 2823 2825 2824
f 2825 2823 2826
f 3793 2822 2827
f 3796 2817 2826
f 2713 2716 2829
f 2828 2829 2831
f 2822 2821 2828
f 2821 2820 2713
f 2832 2827 2822
f 2833 2832 2830
f 2834 2835 2832
f 2835 2818 2827
f 2837 2838 2839
f 2836 2839 2841
f 2842 2836 2840
f 2843 2837 2836
f 2840 2841 2845
f 2718 2844 2845
f 2730 2728 2844
f 2727 2840 2844
f 2846 2845 2841
f 2829 2846 2847
f 2847 2841 2839
f 2848 2839 2838
f 2833 2848 2849
f 2831 2847 2848
f 2850 2814 2851
f 2853 2850 2852
f 2783 2777 2782
f 2785 2788 2853
f 2780 2785 2856
f 2857 2858 2855
f 2859 2857 2782
f 2861 2843 2842
f 2860 2842 2727
f 2862 2860 2726
f 2863 2861 2860
f 2861 2863 2858
f 2843 2861 2857
f 2856 2853 2854
f 2781 2856 2864
f 2837 2843 2859
f 2838 2837 2864
f 2852 2851 2834
f 2854 2852 2849
f 2865 2815 2818
f 2851 2865 2835
f 2813 2809 2815
f 2814 2813 2865
f 2866 2812 2814
f 2788 2866 2850
f 2866 2788 2787
f 2812 2866 2867
f 1892 1889 1890
f 2720 2719 2846
f 298 299 256
f 2872 2714 2713
f 3794 3800 2735
f 2729 2730 2874
f 2846 2716 2715
f 2876 2877 2878
f 2733 2875 2878
f 3806 3807 2879
f 3806 2880 2872
f 2882 2883 2884
f 2881 2884 2715
f 2880 2881 2714
f 2879 2882 2881
f 2885 2886 2887
f 2888 2889 2890
f 2885 2890 2892
f 2893 2886 2885
f 1942 2151 2532
f 2895 2892 2720
f 2884 2895 2870
f 2883 2896 2895
f 2896 2891 2892
f 2889 2874 2717
f 2890 2717 2720
f 2897 2893 2891
f 2898 2897 2896
f 2899 2898 2883
f 2900 2899 2882
f 3797 2900 2879
f 2876 2902 2901
f 2901 2902 2904
f 1785 2656 1835
f 2905 2906 2899
f 2907 2908 2897
f 3797 2901 2903
f 632 576 577
f 3532 3547 2867
f 434 385 550
f 2768 2770 3640
f 2910 2911 1623
f 2241 2912 2758
f 3640 2770 2913
f 1623 2911 2757
f 3587 2242 2757
f 2229 1381 1380
f 2765 1630 1629
f 2915 2914 1629
f 3642 3641 2914
f 3641 3622 2765
f 2919 2916 3642
f 2918 2915 2912
f 3614 2918 2241
f 3618 2919 3613
f 3541 2177 2180
f 3521 2002 2188
f 3705 3573 714
f 2925 2766 2917
f 2924 2917 2916
f 3610 2924 2919
f 3611 2925 2924
f 2926 2927 2766
f 3658 2926 2925
f 1715 1713 1705
f 785 497 498
f 1387 651 565
f 374 375 1899
f 3573 2203 2206
f 2929 2930 2886
f 2932 2933 2934
f 1905 1906 1908
f 2930 2935 2936
f 2938 2935 2930
f 1493 369 517
f 1603 1585 1586
f 2939 2938 2929
f 2940 2939 2908
f 3665 1707 1600
f 2886 2930 2937
f 2906 2907 2898
f 2908 2929 2893
f 2942 2934 2933
f 2941 2933 2937
f 3501 2941 2936
f 3498 2942 2941
f 2943 2944 2710
f 2943 2873 2874
f 2945 2943 2889
f 2946 2944 2943
f 2932 2945 2888
f 2931 2946 2945
f 727 1928 1929
f 2903 2904 2947
f 545 594 42
f 1480 1570 533
f 2907 2906 2949
f 2906 2905 2950
f 1558 452 215
f 3799 2903 2948
f 2054 1645 1644
f 3705 3684 2203
f 1828 1837 1849
f 2953 2954 2955
f 2952 2955 2957
f 2956 2261 2258
f 2953 2952 2258
f 2454 2455 2474
f 3747 2958 2959
f 3747 2132 2131
f 2961 2962 2963
f 2958 2963 2964
f 222 221 2485
f 2477 2226 2966
f 2631 2561 2006
f 2384 2454 2496
f 2967 2968 2959
f 2968 2967 2970
f 3759 2033 2971
f 3784 2971 2960
f 2972 2971 2033
f 2007 2377 2973
f 1836 1833 1832
f 3506 2188 2090
f 955 810 959
f 672 675 674
f 633 710 713
f 2024 732 733
f 2025 2024 803
f 425 1552 1550
f 2975 2976 888
f 1319 1158 1157
f 1212 1935 2977
f 889 957 2228
f 1978 1974 1975
f 1138 1078 1329
f 751 665 2979
f 1619 1613 1625
f 2252 2255 1728
f 1157 1160 845
f 2706 1936 1938
f 2980 2255 2254
f 2982 2975 887
f 802 712 711
f 678 677 2029
f 527 840 690
f 1839 1207 2629
f 2983 2984 602
f 2983 1914 1913
f 2985 2983 1331
f 2986 2984 2983
f 2987 2637 2635
f 2985 2988 2639
f 2990 1319 1318
f 2991 2992 2993
f 2995 2991 2994
f 1106 1058 2991
f 1058 1057 2992
f 1415 1406 1365
f 1317 922 2217
f 1932 1728 2255
f 926 2998 2999
f 3001 2993 2992
f 3000 2992 1057
f 2999 3000 2978
f 2998 3001 3000
f 3002 2998 2209
f 3002 3003 2996
f 2993 3001 3002
f 1103 1106 2995
f 3004 2995 2996
f 2209 2210 3004
f 588 1103 3004
f 295 296 433
f 2638 2639 2988
f 3005 2988 1056
f 1305 3005 1930
f 1276 2638 3005
f 1987 1968 1993
f 2633 1762 1761
f 1423 1422 1417
f 3561 3517 739
f 2671 2670 2704
f 1473 1872 2035
f 922 1317 2694
f 1401 1400 1378
f 556 2028 1884
f 842 848 3825
f 1854 2706 2617
f 933 1082 1081
f 1440 1441 1436
f 529 657 719
f 1031 1025 1027
f 777 913 912
f 2645 1205 1204
f 441 438 1538
f 790 1287 587
f 2065 2066 1610
f 1860 991 990
f 60 106 87
f 1424 1017 1948
f 332 1527 1507
f 261 262 138
f 187 188 449
f 1719 1720 1726
f 1931 1055 1059
f 3006 1059 1105
f 1287 3006 1104
f 1286 1931 3006
f 3007 3008 3009
f 3009 3008 653
f 618 999 26
f 2029 677 1210
f 957 601 600
f 1049 2146 2228
f 2631 890 3011
f 890 889 2227
f 3011 2227 2145
f 2561 3011 3012
f 1026 656 609
f 2706 1854 1961
f 3013 2965 2485
f 2148 2147 1267
f 3015 1267 1266
f 2997 2264 1101
f 642 641 1773
f 186 477 461
f 1041 1040 1320
f 1121 3016 3017
f 2984 2986 2987
f 3018 2987 2634
f 1048 603 3018
f 603 602 2984
f 2679 2678 801
f 2062 2072 2074
f 2061 2074 2076
f 414 303 1545
f 3016 1121 2683
f 3019 2683 2704
f 3020 3019 2670
f 3007 3016 3019
f 1871 1090 1091
f 3021 1787 1122
f 3022 3021 3017
f 1314 3021 3022
f 1784 1787 3021
f 1316 1315 1763
f 3023 3022 3010
f 3023 3009 795
f 1763 3023 1092
f 1315 3022 3023
f 3016 3007 3010
f 752 751 2978
f 2986 2639 2637
f 3024 654 653
f 3020 3024 3008
f 720 723 3024
f 723 2621 654
f 2681 1098 1268
f 2671 3025 1268
f 2705 2681 3025
f 1313 3026 3027
f 3026 3028 3029
f 3027 3029 3030
f 1311 3027 3031
f 2012 568 731
f 917 2657 974
f 743 1206 856
f 1888 2027 2030
f 2682 2705 2684
f 3032 2684 1124
f 1100 3032 2989
f 1099 2682 3032
f 1123 2990 2989
f 3033 1834 1159
f 2990 3033 1158
f 1123 1786 3033
f 1786 1785 1834
f 1054 1056 2988
f 2979 665 664
f 2623 2622 2663
f 1095 660 688
f 3034 3035 2261
f 3036 3034 2956
f 3037 3038 3034
f 3038 3039 3035
f 3040 3041 3026
f 2263 3042 3041
f 3042 3039 3043
f 3041 3043 3028
f 3044 3045 3043
f 3046 3047 3045
f 3047 3048 3049
f 3043 3045 3049
f 3038 3037 3051
f 3050 3051 3053
f 3052 3046 3044
f 3039 3038 3050
f 3054 3035 3039
f 3042 2263 2262
f 2261 3035 3054
f 2216 2263 2997
f 2212 2211 2667
f 3056 868 2209
f 934 3057 1961
f 2013 3755 3757
f 3058 3059 3060
f 3059 3062 3063
f 3060 3063 2213
f 3061 3060 1963
f 3063 3064 2214
f 3062 3065 3064
f 3065 2257 2260
f 3064 2260 2215
f 3066 3067 3031
f 2608 2966 3067
f 2966 2562 3068
f 3031 3067 3068
f 2455 2458 2461
f 2476 2223 2226
f 3551 2090 2089
f 433 354 355
f 2115 1423 1419
f 3509 2868 2922
f 3769 3737 2131
f 3069 2611 2167
f 2971 2972 2928
f 2961 2774 2773
f 3070 2475 2478
f 2610 2609 3071
f 2502 2371 2374
f 3072 2592 2595
f 2964 3046 3052
f 3048 2593 3074
f 2593 2592 3075
f 3075 3030 3029
f 3074 3029 3028
f 3072 3076 3075
f 3076 3072 2482
f 2481 2608 3066
f 3076 3066 3030
f 2967 3052 3053
f 2482 3072 3073
f 479 480 493
f 706 3900 3873
f 3561 2194 2221
f 2013 2010 3754
f 3533 2032 2016
f 3562 3519 2222
f 1171 1154 1155
f 2586 2566 2565
f 2982 110 113
f 2562 2376 3077
f 2376 2375 3012
f 3012 2145 2148
f 3077 2148 3015
f 2963 3047 3046
f 3051 3078 2970
f 1683 2173 491
f 3850 2122 1447
f 1986 2181 3734
f 3079 3080 2546
f 3081 3079 2575
f 1983 1986 3768
f 3082 2323 2319
f 3080 3082 2545
f 3734 3732 3082
f 3732 3748 2323
f 1309 1471 1888
f 3073 2595 2772
f 2760 3083 3084
f 2760 2085 2088
f 3085 3084 3086
f 3089 3085 3090
f 3089 2762 3084
f 3092 3088 3090
f 3093 2748 2744
f 2751 2747 2748
f 3093 2741 2752
f 2742 2741 3093
f 3094 3093 2743
f 3096 3097 3098
f 3099 3096 3087
f 3097 3094 3095
f 3100 2743 2746
f 3101 2927 3102
f 2764 2766 2927
f 2745 2764 3101
f 3102 3092 3091
f 3100 3091 3095
f 2869 2802 3592
f 3102 3103 3104
f 3658 2868 2869
f 2927 2926 3103
f 3098 3095 3091
f 3087 3098 3090
f 2088 2125 3105
f 3083 3105 3086
f 2483 3073 2771
f 2401 2186 2185
f 3099 3086 3105
f 2125 2207 3106
f 3108 2737 2742
f 3107 2742 3094
f 3110 3108 3107
f 3109 3107 3097
f 3111 3109 3096
f 3112 3110 3109
f 3113 2738 2737
f 3115 2723 2722
f 3117 3115 3114
f 3119 3117 3116
f 3118 3116 3120
f 3116 3114 3113
f 3122 3112 3111
f 3122 3123 1755
f 3124 3125 3126
f 3125 3118 3121
f 3128 3119 3118
f 3129 3128 3125
f 2020 2712 3128
f 3853 3857 1346
f 1065 1046 1047
f 1814 3838 3830
f 2021 2020 3129
f 3111 3099 3106
f 3123 3106 2207
f 2377 2225 2224
f 3014 2485 113
f 1756 2208 3782
f 3131 3132 2530
f 3133 3131 2528
f 1753 1756 3767
f 3134 3124 3127
f 2327 2408 2314
f 2436 2318 2317
f 2018 2021 3711
f 2534 3136 3137
f 2320 2322 3136
f 2185 2018 3712
f 3138 3139 2542
f 3134 3135 3744
f 3785 3130 3134
f 3140 3138 2539
f 2535 3137 3140
f 3711 2021 3130
f 2558 2530 3132
f 3782 3760 3141
f 2560 2558 3141
f 3760 3777 3142
f 958 888 2976
f 1933 1932 2980
f 2399 2424 2418
f 2348 2342 2343
f 2322 2320 2319
f 2718 2717 2874
f 2709 2729 2873
f 2894 2871 1361
f 346 289 176
f 1876 1877 1882
f 2802 2803 3607
f 3104 3144 3088
f 2974 2222 3649
f 3089 3145 2761
f 3088 3144 3145
f 2803 2974 3603
f 3870 3909 692
f 2123 1419 1418
f 1365 1363 1368
f 1581 1766 1782
f 3569 2202 2129
f 3555 2003 2002
f 3146 2585 2551
f 3751 3146 3147
f 3742 3149 3146
f 3149 2584 2585
f 3196 3198 3197
f 3604 2192 2191
f 3142 3150 2556
f 3777 3778 3150
f 3646 3152 2550
f 3150 3151 2555
f 3778 3780 3151
f 3788 3781 3152
f 3153 3147 2551
f 3152 3153 2549
f 3781 3776 3153
f 3776 3750 3147
f 3148 2767 2206
f 2183 2401 2321
f 2132 2960 2928
f 3684 3685 2204
f 3719 2198 2197
f 2594 2962 2773
f 2595 2594 2951
f 1870 798 799
f 3713 2179 2178
f 3706 2178 3736
f 336 3154 3774
f 339 3155 3154
f 3789 3683 3149
f 3683 3697 2584
f 2963 2962 3048
f 3722 3730 337
f 339 338 2566
f 3156 3157 2168
f 2610 3156 2167
f 2954 2953 3156
f 3157 3156 2953
f 3707 2166 2169
f 2567 3158 3159
f 337 3158 2567
f 3730 3069 2166
f 3764 2190 1983
f 2579 3160 3081
f 2568 3159 3160
f 3709 2169 2190
f 3065 3062 3162
f 3161 3162 1984
f 3157 3161 2189
f 2257 3065 3161
f 734 735 1922
f 3059 3058 2708
f 3163 2708 2182
f 3162 3163 1985
f 3062 3059 3163
f 3203 3206 3205
f 2122 2119 1448
f 3817 1686 1685
f 139 140 444
f 1570 569 566
f 2957 3164 3165
f 2955 3166 3164
f 1912 454 341
f 3130 3129 3124
f 1548 322 319
f 1949 1950 1327
f 2969 2970 3078
f 3167 3078 3169
f 3724 2014 2017
f 3720 2017 2033
f 3168 3169 3165
f 3170 3165 3164
f 3779 3170 3171
f 3724 3168 3170
f 3171 3164 3166
f 3172 3166 3071
f 3752 3172 3173
f 3756 3171 3172
f 3169 3037 3036
f 2593 3048 2962
f 3173 3071 2609
f 3174 2609 2199
f 3783 3174 2198
f 3749 3173 3174
f 2190 2189 1984
f 2196 2195 2767
f 2119 2120 1414
f 1464 1463 1466
f 2199 2611 3069
f 2457 2456 2587
f 2226 2225 2562
f 481 478 1627
f 333 1512 235
f 3078 3051 3037
f 3040 2264 2997
f 2219 1934 1933
f 2385 2384 2497
f 221 2220 3175
f 2220 1933 3143
f 3175 3143 2976
f 2484 3175 2975
f 2954 3071 3166
f 2630 1858 110
f 1547 319 1952
f 2091 2090 2188
f 3733 3736 2178
f 1918 1919 1927
f 955 956 960
f 2037 3014 112
f 3143 2980 2981
f 2218 2211 2214
f 672 3877 3787
f 2152 3013 3014
f 1147 1144 1143
f 2248 2246 1409
f 1615 1636 1635
f 1410 1409 2246
f 3241 3243 3242
f 1382 3176 3177
f 3177 1410 2247
f 2247 1383 3177
f 3176 2238 2230
f 1410 3177 3179
f 3179 3180 2243
f 1633 3181 2800
f 1621 1620 2758
f 1622 1621 2245
f 2236 1394 3181
f 2237 2236 3182
f 2250 1631 2233
f 2912 1629 1628
f 135 136 1564
f 1567 419 512
f 1085 1084 2653
f 3184 869 868
f 869 3184 3057
f 1266 1268 1098
f 1267 2147 722
f 937 1146 2646
f 2146 1049 722
f 2211 2218 921
f 1957 510 507
f 1313 1312 2264
f 1496 362 1493
f 2887 2937 2933
f 1687 1688 1659
f 145 1499 1498
f 37 38 418
f 1935 1934 3185
f 104 89 301
f 2101 2098 2083
f 543 298 360
f 1934 2219 3186
f 234 1521 212
f 3845 3821 1822
f 1976 1875 1874
f 223 3186 2219
f 3655 3656 3605
f 2165 2164 467
f 467 468 2165
f 773 476 2165
f 1935 1212 1728
f 3240 3225 3226
f 3261 3249 3250
f 3215 3216 3244
f 3265 3221 3215
f 3267 3245 3198
f 3205 3206 3269
f 3214 3211 3265
f 3271 3213 3214
f 3251 3252 3239
f 3222 3221 3266
f 3232 3235 3234
f 3216 3242 3243
f 3196 3193 3268
f 3244 3243 3254
f 3238 3239 3247
f 3264 3244 3255
f 3253 3242 3216
f 3211 3266 3221
f 3257 3217 3218
f 3258 3222 3272
f 3274 3275 3280
f 3228 3229 3262
f 3275 3231 3281
f 3226 3227 3273
f 3236 3263 3260
f 3281 3263 3236
f 3287 3271 3192
f 3235 3226 3280
f 3234 3280 3281
f 3288 3290 3259
f 3289 3212 3278
f 3210 3209 3224
f 3199 3202 3201
f 3228 3231 3230
f 3290 3288 3285
f 3282 3279 3271
f 3260 3263 3262
f 3243 3241 3268
f 3267 3268 3241
f 3194 3207 3208
f 3191 3270 3269
f 3270 3191 3192
f 3275 3274 3230
f 3264 3269 3270
f 3213 3271 3279
f 3272 3266 3289
f 3277 3278 3212
f 3228 3263 3281
f 3220 3225 3253
f 3219 3253 3217
f 3256 3218 3222
f 3247 3239 3252
f 3245 3267 3232
f 3266 3211 3212
f 3208 3205 3255
f 3288 3289 3284
f 3204 3205 3208
f 560 1899 3187
f 3209 3210 3201
f 3189 3192 3191
f 448 1980 807
f 647 648 122
f 1833 1848 1780
f 510 509 508
f 3210 1949 1887
f 1887 15 3200
f 15 16 3197
f 16 3188 3195
f 3195 3188 3187
f 3194 3187 1899
f 3207 1899 375
f 387 173 126
f 3189 1791 1760
f 3577 763 757
f 763 3577 2172
f 3583 3582 3580
f 3581 3580 3579
f 3594 3597 3596
f 3400 3601 3602
f 3626 3624 3625
f 3631 3635 3599
f 3636 3637 3595
f 3647 3584 3588
f 3650 3582 3584
f 3653 3579 3580
f 3653 2176 3654
f 1801 1864 3656
f 3651 3580 3582
f 3644 3638 3595
f 1767 1768 3659
f 1597 3663 3661
f 1708 1707 3665
f 3671 3668 3667
f 3666 3667 3673
f 1588 1708 3664
f 2080 3671 3666
f 2082 3666 3672
f 3674 3677 3635
f 3677 3678 3636
f 3682 3647 3645
f 3692 3651 3650
f 3681 3645 3644
f 786 3694 3692
f 3694 3653 3651
f 785 3692 3686
f 497 3686 3682
f 650 3682 3681
f 3696 564 3681
f 3405 3606 3605
f 3702 3699 3678
f 3699 3698 3679
f 3645 3588 3638
f 1799 3657 3659
f 3708 3704 3458
f 3462 3710 3708
f 3714 463 564
f 3615 3606 3602
f 3710 3714 3696
f 3635 3636 3596
f 3629 3626 3627
f 3597 3600 3599
f 3630 3716 3715
f 3627 3625 3597
f 3717 3716 3723
f 3715 3663 3660
f 3716 3717 3725
f 3668 3665 3661
f 3668 3725 3717
f 3667 3717 3718
f 3727 3728 3673
f 3728 1576 3672
f 3726 3727 3718
f 1576 2101 2084
f 3727 3726 3731
f 3203 376 1387
f 3190 1387 1791
f 317 240 259
f 2000 2176 3653
f 3601 3599 3600
f 3589 3588 3584
f 3577 758 756
f 3585 3584 3582
f 3678 3679 3637
f 3204 375 376
f 1801 3655 3657
f 3729 3735 3728
f 1575 3735 3738
f 3735 1575 1576
f 1776 1795 1796
f 1293 1294 1290
f 1326 14 1327
f 1294 1245 1234
f 878 1244 1330
f 497 373 374
f 122 648 413
f 3699 3702 3704
f 3606 3405 3401
f 3708 3710 3698
f 3464 3714 3710
f 3704 3674 3443
f 439 398 399
f 1512 1528 1526
f 1668 1741 1738
f 839 849 1362
f 1362 1357 826
f 3843 740 1896
f 2053 2054 2118
f 3888 3887 2120
f 696 697 3816
f 1826 1878 639
f 3740 3739 3729
f 956 885 886
f 1980 806 1922
f 33 34 105
f 1343 1344 3856
f 3907 2127 2128
f 1766 1581 1582
f 14 1326 2163
f 595 98 99
f 3233 3238 3246
f 1346 1035 1044
f 748 1888 1425
f 3193 3208 3254
f 3190 3191 3206
f 3612 3605 3606
f 3624 3612 3615
f 3631 3415 3443
f 3679 3680 3644
f 3686 3650 3647
f 3702 3677 3674
f 3625 3615 3600
f 3601 3400 3415
f 3739 3738 3735
f 3630 3627 3594
f 3741 3723 3716
f 1284 1290 1288
f 3698 3696 3680
f 1778 1781 1780
f 1792 1759 1584
f 695 570 571
f 3638 3741 3594
f 3741 3638 3588
f 3247 3248 3209
f 3292 3293 3294
f 3296 3297 3298
f 3299 3298 3300
f 3302 3303 3304
f 3306 3307 3308
f 3307 3310 3311
f 3303 3302 3301
f 3312 3305 3304
f 3314 3315 3316
f 3318 3319 3320
f 3324 3318 3321
f 3326 3327 3328
f 3329 3330 3331
f 3333 3334 3335
f 3337 3338 3339
f 3333 3336 3341
f 3342 3341 3343
f 3319 3345 3344
f 3338 3335 3334
f 3346 3301 3302
f 3305 3348 3347
f 3350 3337 3340
f 3312 3349 3348
f 3352 3343 3341
f 3311 3353 3354
f 3341 3336 3327
f 3359 3360 3361
f 3318 3363 3345
f 3364 3363 3318
f 3314 3364 3324
f 3366 3299 3301
f 3299 3366 3367
f 3308 3354 3368
f 3369 3317 3295
f 3317 3369 3364
f 3370 3295 3317
f 3325 3371 3365
f 3352 3320 3319
f 3296 3367 3353
f 3297 3296 3311
f 3363 3368 3354
f 3345 3354 3353
f 3344 3353 3367
f 3366 3333 3342
f 3347 3339 3334
f 3339 3347 3348
f 3348 3349 3351
f 3363 3364 3369
f 3294 3309 3368
f 3293 3306 3309
f 3331 3373 3374
f 3346 3334 3333
f 3323 3322 3352
f 3356 3355 3321
f 3355 3357 3325
f 3357 3358 3371
f 3322 3356 3320
f 3361 3330 3329
f 3373 3372 3375
f 3374 3375 3376
f 3329 3332 3376
f 3327 3375 3372
f 3336 3335 3375
f 3335 3338 3376
f 3376 3338 3337
f 3337 3350 3359
f 3359 3350 3276
f 3377 3292 3295
f 3277 3316 3315
f 3371 3378 3379
f 3378 3371 3358
f 3365 3379 3315
f 3316 3277 3279
f 3282 3377 3370
f 3378 3285 3284
f 3380 3286 3285
f 3379 3284 3278
f 3276 3350 3351
f 3291 3351 3349
f 3313 3304 2965
f 2965 3304 3303
f 222 3303 3300
f 223 3300 3298
f 3298 3297 3185
f 3297 3310 2977
f 3310 3307 1213
f 3307 3306 1214
f 2532 1214 3306
f 2894 2532 3293
f 2871 2894 3292
f 3253 3225 3240
f 1997 1996 1889
f 1237 745 744
f 1535 1534 120
f 1531 1532 201
f 1119 1241 1032
f 946 948 824
f 163 8 5
f 3589 3726 3723
f 1155 1156 1162
f 427 213 327
f 553 1902 796
f 3381 2232 2231
f 3381 3178 2230
f 2237 3183 3180
f 3383 3384 3385
f 3384 3386 3387
f 3386 3388 3389
f 3388 3390 3391
f 3392 3393 3394
f 3395 3394 3396
f 3398 3399 3397
f 3400 3401 3399
f 3403 3404 3405
f 3406 3407 3404
f 3408 3409 3407
f 3410 3411 3409
f 3412 3413 3411
f 3415 3400 3398
f 3414 3398 3396
f 3416 3396 3394
f 3417 3394 3393
f 3393 3419 3420
f 3419 3390 3421
f 3390 3388 3422
f 3388 3386 3423
f 3386 3384 3424
f 3384 3383 3425
f 3425 3383 3426
f 2904 3427 3428
f 3429 3427 2904
f 3430 3429 2902
f 2875 3431 3430
f 3432 3433 2733
f 2825 3434 3435
f 3437 3438 3439
f 3441 3437 3436
f 2724 2723 3434
f 3436 3439 3115
f 3440 3436 3117
f 3443 3415 3414
f 3442 3414 3416
f 3444 3416 3417
f 3445 3417 3418
f 3446 3418 3420
f 3420 3421 3448
f 3421 3422 3449
f 3422 3423 3450
f 3423 3424 3451
f 3424 3425 3452
f 3425 3184 3056
f 3451 3452 2253
f 3450 3451 2252
f 3449 3450 1727
f 3448 3449 2150
f 3453 3447 3448
f 3454 3446 3447
f 3455 3445 3446
f 3456 3444 3445
f 3442 3444 3456
f 3443 3442 3457
f 3459 3460 3458
f 3457 3456 3455
f 3459 3455 3454
f 3462 3460 3459
f 3461 3454 3453
f 3464 3462 3461
f 3463 3453 1941
f 3404 3399 3401
f 3407 3397 3399
f 3409 3395 3397
f 3411 3392 3395
f 3465 3466 3413
f 3467 3468 3469
f 3465 3412 3431
f 3470 3467 3466
f 3438 3470 3432
f 3467 3470 3438
f 3468 3467 3437
f 3471 3469 3468
f 3472 3468 3441
f 3473 3441 3440
f 2712 3440 3119
f 3475 3471 3472
f 3474 3472 3473
f 3476 3473 2712
f 3477 3476 2711
f 3478 3474 3476
f 3479 3475 3474
f 3392 3411 3413
f 3466 3469 3480
f 3419 3393 3392
f 3390 3419 3480
f 3469 3471 3391
f 3389 3391 3471
f 3387 3389 3475
f 3385 3387 3479
f 3482 3477 2400
f 3483 3478 3477
f 3481 3479 3478
f 3484 3482 2402
f 3058 3484 2707
f 3061 3485 3484
f 3485 3483 3482
f 3382 3385 3481
f 3486 3481 3483
f 3426 3383 3382
f 3487 3382 3486
f 3486 3485 3061
f 1961 3057 3487
f 3057 3184 3426
f 3428 3403 3402
f 3427 3406 3403
f 3429 3408 3406
f 3430 3410 3408
f 3431 3412 3410
f 3470 3465 3433
f 3434 3439 3438
f 2723 3115 3439
f 2875 2733 3433
f 2736 2824 3435
f 2947 3428 3488
f 3464 3463 1360
f 1900 1925 1924
f 1736 1717 1718
f 1955 1952 1943
f 1671 1738 1735
f 1696 1750 1698
f 1800 1865 1864
f 2063 2055 2056
f 1737 1734 1717
f 1751 1735 1697
f 943 3885 3899
f 3656 3488 3402
f 1577 1578 1764
f 3917 1598 1599
f 1945 146 82
f 68 6 7
f 147 1542 1543
f 1109 1135 1133
f 1503 1910 1907
f 1499 1501 1909
f 452 1922 735
f 1824 2068 3835
f 1825 2067 2068
f 1463 1462 1022
f 841 1012 1009
f 1568 1547 1955
f 1910 1503 1502
f 1939 1502 422
f 309 280 1940
f 1804 1851 1866
f 269 1482 1954
f 2065 1607 2060
f 3812 1685 1758
f 280 276 552
f 1875 1873 1869
f 1739 1721 1734
f 1778 1779 1790
f 310 1920 1915
f 1909 1908 1906
f 1789 1783 1778
f 978 981 980
f 1584 1759 1731
f 425 426 311
f 148 1543 115
f 2044 3897 3894
f 277 1910 1939
f 1943 1946 1945
f 1461 1462 1463
f 2253 3452 3056
f 2981 2254 3489
f 2209 2998 3489
f 2254 2253 3055
f 2998 926 958
f 2826 2817 2721
f 3490 2739 2721
f 2816 3491 3490
f 2334 2297 2296
f 2298 2297 2334
f 2301 2298 2336
f 2311 2301 2338
f 2312 2311 2354
f 2359 2358 2361
f 2335 2296 2359
f 2414 2413 2365
f 2413 2270 2361
f 2355 2352 2540
f 2541 2540 2539
f 2722 2721 2739
f 3114 2722 2738
f 3110 3112 3121
f 3108 3110 3120
f 3122 1754 3127
f 3112 3122 3126
f 3127 1754 1753
f 3139 3133 2529
f 3744 3775 3133
f 3490 2789 2740
f 3491 2790 2789
f 228 229 91
f 245 244 243
f 248 7 247
f 2 297 296
f 145 146 300
f 327 213 210
f 329 332 331
f 239 241 240
f 373 376 375
f 178 177 176
f 1218 1225 1228
f 3862 1231 1295
f 808 809 824
f 3858 3859 1013
f 3813 3810 1411
f 2154 2149 2159
f 3845 3835 1758
f 306 807 1922
f 2157 2153 1976
f 708 709 2031
f 1450 1226 1227
f 1672 1604 1605
f 1813 1814 1821
f 1717 1716 1715
f 176 159 402
f 1710 1705 3916
f 1712 1580 1577
f 1705 1713 1711
f 971 978 979
f 822 823 1094
f 2909 2810 2793
f 2810 2769 2795
f 2799 2910 2249
f 3662 3643 2910
f 2769 2768 2801
f 3177 3176 3178
f 3178 3381 3180
f 3181 1394 1393
f 3181 1633 1632
f 3182 1632 2244
f 3183 2244 2243
f 3492 2791 2790
f 2808 3492 3491
f 2239 3574 3572
f 2202 3569 3566
f 2921 3564 3565
f 3568 3560 2133
f 1777 1579 1759
f 1201 1196 1183
f 3561 3554 2195
f 3553 3576 2770
f 3927 3925 1687
f 1516 152 154
f 3549 3562 2974
f 3550 3548 2779
f 3070 2771 3546
f 3547 3544 2775
f 1376 1375 1370
f 2767 3543 3556
f 2195 3554 3543
f 2775 3544 3542
f 3377 3282 3545
f 3804 3802 3539
f 2776 3542 3538
f 2240 3572 3535
f 2920 3535 3669
f 3548 3534 2786
f 1805 1850 1851
f 3534 3532 2787
f 2772 2951 3531
f 2973 2224 3530
f 1957 1953 320
f 306 305 304
f 2770 3576 3528
f 2913 3528 3574
f 2923 3565 3527
f 308 1940 431
f 207 208 132
f 1879 1876 1881
f 3733 3787 3525
f 2476 2475 3524
f 2223 2476 3523
f 3522 3549 2803
f 1959 1958 450
f 2003 3555 3520
f 9 10 334
f 2009 2008 3518
f 3877 672 673
f 3515 3550 2778
f 2935 3514 3513
f 111 1149 3570
f 3510 3514 2935
f 683 3876 3885
f 3508 3557 2810
f 736 733 732
f 1795 1804 1803
f 3505 3510 2938
f 3507 3505 2939
f 2950 3512 3504
f 2940 2949 3504
f 3801 3791 3512
f 2868 3509 3502
f 2869 3502 3522
f 1024 1034 1023
f 3500 3503 2948
f 551 1939 442
f 2972 3499 3568
f 2032 3533 3499
f 216 93 1924
f 203 202 201
f 1828 1848 1847
f 1958 1957 449
f 272 271 178
f 2871 3545 3495
f 3619 3669 3564
f 2801 2768 3643
f 2005 3758 3654
f 960 886 899
f 3657 3655 3612
f 3780 3788 3646
f 3151 3646 3593
f 2193 3604 3623
f 3607 3603 3145
f 3603 3649 2761
f 3592 3607 3144
f 2926 3658 3634
f 3634 3592 3104
f 3755 3754 3746
f 566 567 3758
f 3488 3656 1864
f 1602 1586 2079
f 2868 3658 3611
f 2922 3611 3610
f 2923 3610 3618
f 3670 3613 2918
f 3619 3670 3614
f 2921 3618 3670
f 2920 3614 3586
f 3613 3642 2915
f 2917 2766 3622
f 2916 2917 3641
f 2239 3587 3652
f 2911 3640 3652
f 3643 3640 2911
f 2797 2801 3662
f 2797 3591 3598
f 3622 3628 2763
f 3608 3628 2764
f 2194 3623 3648
f 2221 3648 3649
f 2756 3608 3609
f 2750 3598 3609
f 3669 3535 1817
f 3763 3770 1691
f 2515 3621 3590
f 2548 3590 3593
f 2513 2489 3632
f 2513 3616 3621
f 2509 3633 3620
f 2510 3632 3633
f 2289 3620 3639
f 2283 3639 3617
f 2240 3586 3587
f 3659 3657 3624
f 716 2121 3887
f 727 1999 3761
f 2165 2171 2170
f 3660 3659 3626
f 3743 3581 3578
f 2175 2172 769
f 2100 500 2095
f 3758 567 3757
f 1653 3576 3553
f 1653 1810 3528
f 3762 1603 1604
f 2093 2075 2073
f 959 996 995
f 962 899 919
f 1400 1401 1398
f 1000 817 1127
f 956 959 884
f 1662 3548 3550
f 3926 1689 3539
f 3535 3572 766
f 3572 3574 765
f 1684 1651 1652
f 1682 1683 775
f 1585 1603 3762
f 3763 3762 1672
f 2173 2174 490
f 1658 3544 3547
f 3556 3543 1650
f 1571 3754 2010
f 1587 3664 3671
f 2099 2095 2077
f 787 3761 1999
f 2000 3694 786
f 3155 339 3697
f 3713 3155 3683
f 2180 2179 3685
f 3496 2180 3684
f 1684 3846 3840
f 1760 464 3495
f 2607 3689 3693
f 2581 3676 3689
f 2371 2502 3700
f 2371 3695 3693
f 2587 3676 3675
f 2586 3675 3697
f 2497 3691 3687
f 2502 2503 3687
f 2494 3691 3690
f 3690 3688 2472
f 3688 3701 2468
f 3701 3703 2469
f 726 3908 3892
f 1837 3514 3510
f 1851 3507 3504
f 3527 3565 1820
f 1758 1685 3522
f 1693 3557 3508
f 3504 3512 1867
f 2126 1418 3813
f 3906 2126 3841
f 2113 3911 3867
f 2179 3713 3789
f 624 3903 3904
f 2192 3604 3788
f 2177 3541 3787
f 1364 3824 3833
f 3858 3855 1470
f 3135 1753 3775
f 2069 3812 3835
f 1351 3861 3853
f 2108 3882 3901
f 2089 2092 3736
f 3828 3834 1358
f 2001 3749 3783
f 2187 3783 3719
f 2130 3756 3752
f 2004 3752 3749
f 2014 3724 3779
f 2201 3779 3756
f 3167 3720 3759
f 3168 3724 3720
f 3159 3709 3764
f 3160 3764 3765
f 3730 3707 3158
f 3158 3707 3709
f 2200 3069 3730
f 3685 3789 3742
f 3722 3774 2197
f 3790 3736 2092
f 3774 3790 3721
f 3154 3706 3790
f 3155 3713 3706
f 2091 3719 3721
f 2196 3148 3750
f 2193 2196 3776
f 3604 2193 3781
f 2086 2192 3780
f 2087 2086 3778
f 2204 3742 3751
f 2205 3751 3750
f 3909 3886 574
f 2124 2087 3777
f 2208 2124 3760
f 3711 3785 3140
f 3785 3745 3138
f 3745 3744 3139
f 3771 3712 3136
f 3712 3711 3137
f 3775 3767 3131
f 3767 3782 3132
f 1813 3839 3838
f 1293 3854 3856
f 2184 2321 3748
f 2181 2184 3732
f 3765 3768 3079
f 3768 3734 3080
f 709 3873 3875
f 2774 2961 3737
f 3809 3808 766
f 2968 3784 3766
f 2969 3759 3784
f 2958 3747 3737
f 2132 3747 3766
f 2321 2185 3771
f 3860 3848 1449
f 3905 3874 582
f 3886 3889 577
f 3847 3826 1818
f 705 3902 3887
f 3816 3912 3907
f 2111 3883 3911
f 3810 3829 1366
f 1812 3839 3822
f 675 3851 3852
f 3496 3705 3851
f 2110 3867 3868
f 2104 3896 3901
f 2109 3868 3899
f 3842 3831 703
f 1680 3811 3846
f 1639 1627 3819
f 623 3904 3906
f 2139 2140 3866
f 1808 1640 3844
f 3820 3821 1819
f 3872 3914 3900
f 1646 3832 3830
f 3889 3890 633
f 2139 3865 3875
f 2156 2155 3871
f 674 3852 3913
f 2117 3817 3812
f 1815 3822 3847
f 3855 3849 1444
f 697 3906 3912
f 866 842 3836
f 3864 3869 2136
f 3585 3731 3726
f 3583 3740 3731
f 3753 3746 3738
f 3740 3583 3581
f 1088 3738 3746
f 3739 3740 3743
f 2791 3492 3493
f 3492 2808 2807
f 2792 3493 3494
f 3493 2807 2806
f 3508 2909 3494
f 3516 3494 2806
f 2948 3503 3791
f 2105 3908 3896
f 3538 3802 3804
f 680 3878 3876
f 1891 1890 3910
f 2905 3799 3801
f 2900 3797 3799
f 2901 3797 3807
f 2734 2878 3806
f 2877 3807 3806
f 2820 3800 3794
f 2818 3796 3792
f 2823 3793 3792
f 2822 3793 3798
f 2819 2735 3800
f 2817 3796 3795
f 2809 3805 3795
f 2808 3805 3803
f 2805 3804 3803
f 1702 3921 3923
f 3922 3920 1797
f 3915 3916 1706
f 3918 3927 1692
f 1657 3898 3880
f 1890 1877 3895
f 3772 3770 1674
f 1689 1690 3772
f 3926 3802 3538
f 3516 3539 1689
f 3917 3923 1703
f 1598 3917 3928
f 3880 3884 1876
f 1691 1690 3925
f 3925 3926 1688
f 3934 3933 3937
f 3934 3938 3939
f 3932 3936 3937
f 3938 3942 3943
f 3937 3936 3940
f 3937 3941 3942
f 3942 3946 3947
f 3941 3940 3944
f 3942 3941 3945
f 3947 3946 3950
f 3944 3948 3949
f 3945 3949 3950
f 3950 3954 3955
f 3949 3948 3952
f 3950 3949 3953
f 3955 3954 3958
f 3953 3952 3956
f 3953 3957 3958
f 3959 3958 3962
f 3957 3956 3960
f 3958 3957 3961
f 3962 3966 3967
f 3960 3964 3965
f 3961 3965 3966
f 3966 3970 3971
f 3965 3964 3968
f 3966 3965 3969
f 3970 3974 3975
f 3968 3972 3973
f 3969 3973 3974
f 3974 3978 3979
f 3973 3972 3976
f 3974 3973 3977
f 3979 3978 3982
f 3976 3980 3981
f 3977 3981 3982
f 3982 3986 3987
f 3981 3980 3984
f 3982 3981 3985
f 3987 3986 3990
f 3984 3988 3989
f 3985 3989 3990
f 3991 3990 3994
f 3989 3988 3992
f 3990 3989 3993
f 3995 3994 3998
f 3992 3996 3997
f 3993 3997 3998
f 3998 4002 4003
f 3997 3996 4000
f 3998 3997 4001
f 4002 4006 4007
f 4000 4004 4005
f 4001 4005 4006
f 4006 4010 4011
f 4005 4004 4008
f 4006 4005 4009
f 4011 4010 4014
f 4008 4012 4013
f 4009 4013 4014
f 4014 4018 4019
f 4013 4012 4016
f 4014 4013 4017
f 4019 4018 4022
f 4016 4020 4021
f 4017 4021 4022
f 4023 4022 4026
f 4021 4020 4024
f 4022 4021 4025
f 4027 4026 4030
f 4024 4028 4029
f 4025 4029 4030
f 4031 4030 4034
f 4029 4028 4032
f 4030 4029 4033
f 4034 4038 4039
f 4032 4036 4037
f 4033 4037 4038
f 4038 4042 4043
f 4037 4036 4040
f 4038 4037 4041
f 4043 4042 4046
f 4040 4044 4045
f 4041 4045 4046
f 4046 4050 4051
f 4045 4044 4048
f 4046 4045 4049
f 4051 4050 4055
f 4048 4053 4054
f 4049 4054 4055
f 4056 4055 4059
f 4053 4057 4058
f 4055 4054 4058
f 4060 4059 3934
f 4058 4057 3932
f 4058 3933 3934
f 4069 4068 4081
f 4065 4064 4077
f 4063 4062 4075
f 4071 4084 4085
f 4069 4082 4083
f 4067 4080 4081
f 4066 4065 4078
f 4063 4076 4077
f 4061 4074 4075
f 4072 4085 4086
f 4071 4070 4083
f 4076 4089 4090
f 4074 4087 4088
f 4086 4085 4098
f 4083 4096 4097
f 4082 4081 4094
f 4078 4077 4090
f 4076 4075 4088
f 4085 4084 4097
f 4082 4095 4096
f 4080 4093 4094
f 4089 4102 4103
f 4088 4087 4100
f 4098 4111 4112
f 4096 4109 4110
f 4095 4094 4107
f 4090 4103 4104
f 4089 4088 4101
f 4097 4110 4111
f 4095 4108 4109
f 4094 4093 4106
f 4092 4091 4104
f 4103 4102 4115
f 4100 4113 4114
f 4112 4111 4124
f 4110 4109 4122
f 4107 4120 4121
f 4103 4116 4117
f 4101 4114 4115
f 4110 4123 4124
f 4109 4108 4121
f 4107 4106 4119
f 4105 4104 4117
f 4115 4128 4129
f 4114 4113 4126
f 4124 4137 4138
f 4123 4122 4135
f 4120 4133 4134
f 4117 4116 4129
f 4114 4127 4128
f 4124 4123 4136
f 4122 4121 4134
f 4119 4132 4133
f 4117 4130 4131
f 4129 4128 4141
f 4126 4139 4140
f 4138 4137 4150
f 4136 4135 4148
f 4133 4146 4147
f 4130 4129 4142
f 4127 4140 4141
f 4137 4136 4149
f 4135 4134 4147
f 4132 4145 4146
f 4131 4130 4143
f 4142 4141 4154
f 4140 4139 4152
f 4150 4163 4164
f 4149 4148 4161
f 4146 4159 4160
f 4142 4155 4156
f 4140 4153 4154
f 4149 4162 4163
f 4148 4147 4160
f 4146 4145 4158
f 4144 4143 4156
f 4155 4154 4167
f 4153 4152 4165
f 4163 4176 4177
f 4161 4174 4175
f 4159 4172 4173
f 4155 4168 4169
f 4153 4166 4167
f 4163 4162 4175
f 4161 4160 4173
f 4159 4158 4171
f 4156 4169 4170
f 4167 4180 4181
f 4165 4178 4179
f 4176 4189 4190
f 4175 4174 4187
f 4173 4172 4185
f 4169 4168 4181
f 4167 4166 4179
f 4175 4188 4189
f 4173 4186 4187
f 4171 4184 4185
f 4170 4169 4182
f 4180 4193 4194
f 4178 4191 4192
f 4190 4189 4202
f 4187 4200 4201
f 4186 4185 4198
f 4182 4181 4194
f 4180 4179 4192
f 4189 4188 4201
f 4186 4199 4200
f 4184 4197 4198
f 4183 4182 4195
f 4193 4206 4207
f 4192 4191 4204
f 4202 4215 4216
f 4200 4213 4214
f 4199 4198 4211
f 4196 4209 4210
f 4194 4207 4208
f 4193 4192 4205
f 4201 4214 4215
f 4199 4212 4213
f 4198 4197 4210
f 4207 4206 4219
f 4204 4217 4218
f 4216 4215 4228
f 4213 4226 4227
f 4211 4224 4225
f 4209 4222 4223
f 4207 4220 4221
f 4205 4218 4219
f 4214 4227 4228
f 4213 4212 4225
f 4211 4210 4223
f 4219 4232 4233
f 4218 4217 4230
f 4228 4241 4242
f 4226 4239 4240
f 4225 4224 4237
f 4221 4220 4233
f 4218 4231 4232
f 4228 4227 4240
f 4226 4225 4238
f 4223 4236 4237
f 4221 4234 4235
f 4233 4232 4245
f 4230 4243 4244
f 4242 4241 4254
f 4240 4239 4252
f 4237 4250 4251
f 4234 4233 4246
f 4231 4244 4245
f 4241 4240 4253
f 4239 4238 4251
f 4236 4249 4250
f 4235 4234 4247
f 4246 4245 4258
f 4244 4243 4256
f 4254 4267 4268
f 4253 4252 4265
f 4250 4263 4264
f 4246 4259 4260
f 4244 4257 4258
f 4253 4266 4267
f 4252 4251 4264
f 4250 4249 4262
f 4259 4258 4271
f 4257 4256 4269
f 4267 4280 4281
f 4265 4278 4279
f 4263 4276 4277
f 4259 4272 4273
f 4257 4270 4271
f 4266 4279 4280
f 4265 4264 4277
f 4263 4262 4275
f 4260 4273 4274
f 4271 4284 4285
f 4269 4282 4283
f 4281 4280 4293
f 4279 4278 4291
f 4277 4276 4289
f 4273 4272 4285
f 4271 4270 4283
f 4280 4279 4292
f 4277 4290 4291
f 4275 4288 4289
f 4274 4273 4286
f 4284 4297 4298
f 4282 4295 4296
f 4294 4293 4306
f 4291 4304 4305
f 4290 4289 4302
f 4286 4285 4298
f 4284 4283 4296
f 4293 4292 4305
f 4290 4303 4304
f 4288 4301 4302
f 4297 4310 4311
f 4296 4295 4308
f 4306 4319 4320
f 4304 4317 4318
f 4303 4302 4315
f 4298 4311 4312
f 4297 4296 4309
f 4305 4318 4319
f 4304 4303 4316
f 4302 4301 4314
f 4300 4299 4312
f 4310 4323 4324
f 4308 4321 4322
f 4320 4319 4332
f 4318 4317 4330
f 4316 4315 4328
f 4313 4326 4327
f 4311 4324 4325
f 4310 4309 4322
f 4318 4331 4332
f 4316 4329 4330
f 4315 4314 4327
f 4323 4336 4337
f 4322 4321 4334
f 4332 4345 4346
f 4330 4343 4344
f 4329 4328 4341
f 4325 4324 4337
f 4322 4335 4336
f 4332 4331 4344
f 4330 4329 4342
f 4327 4340 4341
f 4325 4338 4339
f 4337 4336 4350
f 4334 4348 4349
f 4346 4345 4359
f 4344 4343 4357
f 4341 4355 4356
f 4338 4337 4351
f 4335 4349 4350
f 4345 4344 4358
f 4343 4342 4356
f 4340 4354 4355
f 4338 4352 4353
f 4351 4350 4363
f 4349 4348 4361
f 4359 4372 4373
f 4358 4357 4370
f 4355 4368 4369
f 4351 4364 4365
f 4349 4362 4363
f 4358 4371 4372
f 4357 4356 4369
f 4355 4354 4367
f 4364 4363 4376
f 4362 4361 4374
f 4373 4372 4385
f 4370 4383 4384
f 4368 4381 4382
f 4367 4366 4379
f 4364 4377 4378
f 4362 4375 4376
f 4372 4371 4384
f 4370 4369 4382
f 4368 4367 4380
f 4376 4389 4390
f 4374 4387 4388
f 4385 4398 4399
f 4384 4383 4396
f 4382 4381 4394
f 4378 4377 4390
f 4376 4375 4388
f 4384 4397 4398
f 4382 4395 4396
f 4380 4393 4394
f 4389 4402 4403
f 4387 4400 4401
f 4399 4398 4411
f 4396 4409 4410
f 4395 4394 4407
f 4391 4390 4403
f 4389 4388 4401
f 4398 4397 4410
f 4395 4408 4409
f 4393 4406 4407
f 4391 4404 4405
f 4402 4415 4416
f 4401 4400 4413
f 4411 4424 4425
f 4409 4422 4423
f 4408 4407 4420
f 4403 4416 4417
f 4402 4401 4414
f 4410 4423 4424
f 4408 4421 4422
f 4407 4406 4419
f 4416 4415 4428
f 4413 4426 4427
f 4425 4424 4437
f 4423 4422 4435
f 4421 4420 4433
f 4416 4429 4430
f 4415 4414 4427
f 4423 4436 4437
f 4421 4434 4435
f 4420 4419 4432
f 4428 4441 4442
f 4426 4439 4440
f 4437 4450 4451
f 4435 4448 4449
f 4434 4433 4446
f 4430 4429 4442
f 4427 4440 4441
f 4437 4436 4449
f 4435 4434 4447
f 4432 4445 4446
f 4430 4443 4444
f 4442 4441 4454
f 4439 4452 4453
f 4451 4450 4463
f 4449 4448 4461
f 4446 4459 4460
f 4443 4442 4455
f 4440 4453 4454
f 4450 4449 4462
f 4447 4460 4461
f 4445 4458 4459
f 4444 4443 4456
f 4455 4454 4467
f 4453 4452 4465
f 4463 4476 4477
f 4462 4461 4474
f 4459 4472 4473
f 4457 4470 4471
f 4455 4468 4469
f 4453 4466 4467
f 4462 4475 4476
f 4461 4460 4473
f 4459 4458 4471
f 4468 4467 4063
f 4466 4465 4061
f 4477 4476 4072
f 4474 4070 4071
f 4472 4068 4069
f 4468 4064 4065
f 4466 4062 4063
f 4476 4475 4071
f 4474 4473 4069
f 4472 4471 4067
f 4469 4065 4066
f 3935 4061 4465
f 4465 4452 4056
f 4452 4439 4051
f 4439 4426 4047
f 4047 4426 4413
f 4043 4413 4400
f 4039 4400 4387
f 4387 4374 4031
f 4031 4374 4361
f 4361 4348 4023
f 4348 4334 4019
f 4334 4321 4015
f 4015 4321 4308
f 4011 4308 4295
f 4007 4295 4282
f 4282 4269 3999
f 3999 4269 4256
f 4256 4243 3991
f 4243 4230 3987
f 4230 4217 3983
f 3983 4217 4204
f 3979 4204 4191
f 3975 4191 4178
f 4178 4165 3967
f 3967 4165 4152
f 4152 4139 3959
f 4139 4126 3955
f 4126 4113 3951
f 3951 4113 4100
f 3947 4100 4087
f 3943 4087 4074
f 4074 4061 3935
f 4480 4479 4483
f 4480 4484 4485
f 4479 4478 4482
f 4484 4488 4489
f 4482 4486 4487
f 4483 4487 4488
f 4488 4492 4493
f 4487 4486 4490
f 4488 4487 4491
f 4493 4492 4496
f 4490 4494 4495
f 4491 4495 4496
f 4496 4500 4501
f 4495 4494 4498
f 4496 4495 4499
f 4501 4500 4504
f 4498 4502 4503
f 4499 4503 4504
f 4505 4504 4508
f 4503 4502 4506
f 4504 4503 4507
f 4509 4508 4512
f 4506 4510 4511
f 4507 4511 4512
f 4513 4512 4516
f 4511 4510 4514
f 4512 4511 4515
f 4516 4520 4521
f 4514 4518 4519
f 4515 4519 4520
f 4520 4524 4525
f 4518 4522 4523
f 4520 4519 4523
f 4525 4524 4528
f 4522 4526 4527
f 4523 4527 4528
f 4528 4532 4533
f 4527 4526 4530
f 4528 4527 4531
f 4533 4532 4536
f 4530 4534 4535
f 4531 4535 4536
f 4537 4536 4540
f 4534 4538 4539
f 4536 4535 4539
f 4541 4540 4544
f 4539 4538 4542
f 4539 4543 4544
f 4544 4548 4549
f 4542 4546 4547
f 4544 4543 4547
f 4548 4552 4553
f 4547 4546 4550
f 4547 4551 4552
f 4552 4556 4557
f 4551 4550 4554
f 4552 4551 4555
f 4557 4556 4560
f 4554 4558 4559
f 4555 4559 4560
f 4560 4564 4565
f 4559 4558 4562
f 4560 4559 4563
f 4565 4564 4568
f 4562 4566 4567
f 4563 4567 4568
f 4569 4568 4572
f 4567 4566 4570
f 4568 4567 4571
f 4572 4576 4577
f 4570 4574 4575
f 4571 4575 4576
f 4576 4580 4581
f 4575 4574 4578
f 4576 4575 4579
f 4580 4584 4585
f 4578 4582 4583
f 4579 4583 4584
f 4584 4588 4589
f 4583 4582 4586
f 4584 4583 4587
f 4589 4588 4592
f 4586 4590 4591
f 4587 4591 4592
f 4592 4596 4597
f 4591 4590 4594
f 4592 4591 4595
f 4597 4596 4601
f 4594 4599 4600
f 4595 4600 4601
f 4602 4601 4605
f 4600 4599 4603
f 4601 4600 4604
f 4606 4605 4480
f 4603 4478 4479
f 4604 4479 4480
f 4615 4614 4627
f 4612 4625 4626
f 4611 4610 4623
f 4609 4608 4621
f 4618 4617 4630
f 4615 4628 4629
f 4613 4626 4627
f 4609 4622 4623
f 4607 4620 4621
f 4619 4618 4631
f 4617 4616 4629
f 4622 4635 4636
f 4620 4633 4634
f 4632 4631 4644
f 4629 4642 4643
f 4628 4627 4640
f 4626 4625 4638
f 4624 4623 4636
f 4622 4621 4634
f 4631 4630 4643
f 4628 4641 4642
f 4626 4639 4640
f 4635 4648 4649
f 4634 4633 4646
f 4644 4657 4658
f 4642 4655 4656
f 4641 4640 4653
f 4636 4649 4650
f 4635 4634 4647
f 4643 4656 4657
f 4642 4641 4654
f 4640 4639 4652
f 4637 4650 4651
f 4648 4661 4662
f 4646 4659 4660
f 4658 4657 4670
f 4656 4655 4668
f 4653 4666 4667
f 4649 4662 4663
f 4648 4647 4660
f 4656 4669 4670
f 4654 4667 4668
f 4653 4652 4665
f 4651 4650 4663
f 4661 4674 4675
f 4660 4659 4672
f 4670 4683 4684
f 4668 4681 4682
f 4667 4666 4679
f 4663 4662 4675
f 4661 4660 4673
f 4670 4669 4682
f 4667 4680 4681
f 4665 4678 4679
f 4675 4674 4687
f 4672 4685 4686
f 4684 4683 4696
f 4682 4681 4694
f 4679 4692 4693
f 4678 4677 4690
f 4676 4675 4688
f 4673 4686 4687
f 4683 4682 4695
f 4681 4680 4693
f 4678 4691 4692
f 4688 4687 4700
f 4686 4685 4698
f 4696 4709 4710
f 4695 4694 4707
f 4692 4705 4706
f 4688 4701 4702
f 4686 4699 4700
f 4695 4708 4709
f 4694 4693 4706
f 4692 4691 4704
f 4689 4702 4703
f 4701 4700 4713
f 4699 4698 4711
f 4710 4709 4722
f 4707 4720 4721
f 4705 4718 4719
f 4701 4714 4715
f 4699 4712 4713
f 4709 4708 4721
f 4707 4706 4719
f 4705 4704 4717
f 4713 4726 4727
f 4711 4724 4725
f 4723 4722 4735
f 4721 4720 4733
f 4719 4718 4731
f 4716 4729 4730
f 4715 4714 4727
f 4713 4712 4725
f 4721 4734 4735
f 4719 4732 4733
f 4717 4730 4731
f 4726 4739 4740
f 4724 4737 4738
f 4736 4735 4748
f 4733 4746 4747
f 4732 4731 4744
f 4728 4727 4740
f 4726 4725 4738
f 4735 4734 4747
f 4732 4745 4746
f 4730 4743 4744
f 4728 4741 4742
f 4739 4752 4753
f 4738 4737 4750
f 4748 4761 4762
f 4746 4759 4760
f 4745 4744 4757
f 4740 4753 4754
f 4739 4738 4751
f 4747 4760 4761
f 4745 4758 4759
f 4744 4743 4756
f 4753 4752 4765
f 4750 4763 4764
f 4762 4761 4774
f 4759 4772 4773
f 4758 4757 4770
f 4755 4768 4769
f 4753 4766 4767
f 4752 4751 4764
f 4760 4773 4774
f 4758 4771 4772
f 4757 4756 4769
f 4765 4778 4779
f 4764 4763 4776
f 4774 4787 4788
f 4772 4785 4786
f 4771 4770 4783
f 4769 4768 4781
f 4767 4766 4779
f 4765 4764 4777
f 4774 4773 4786
f 4771 4784 4785
f 4769 4782 4783
f 4779 4778 4791
f 4776 4789 4790
f 4788 4787 4800
f 4786 4785 4798
f 4783 4796 4797
f 4782 4781 4794
f 4780 4779 4792
f 4777 4790 4791
f 4787 4786 4799
f 4785 4784 4797
f 4782 4795 4796
f 4792 4791 4804
f 4790 4789 4802
f 4800 4813 4814
f 4799 4798 4811
f 4796 4809 4810
f 4795 4794 4807
f 4792 4805 4806
f 4790 4803 4804
f 4799 4812 4813
f 4798 4797 4810
f 4796 4795 4808
f 4805 4804 4817
f 4803 4802 4815
f 4814 4813 4826
f 4811 4824 4825
f 4809 4822 4823
f 4808 4807 4820
f 4805 4818 4819
f 4803 4816 4817
f 4813 4812 4825
f 4811 4810 4823
f 4809 4808 4821
f 4817 4830 4831
f 4815 4828 4829
f 4826 4839 4840
f 4825 4824 4837
f 4823 4822 4835
f 4820 4833 4834
f 4819 4818 4831
f 4817 4816 4829
f 4825 4838 4839
f 4823 4836 4837
f 4821 4834 4835
f 4830 4843 4844
f 4828 4841 4842
f 4840 4839 4852
f 4837 4850 4851
f 4836 4835 4848
f 4832 4831 4844
f 4830 4829 4842
f 4839 4838 4851
f 4836 4849 4850
f 4834 4847 4848
f 4832 4845 4846
f 4843 4856 4857
f 4842 4841 4854
f 4852 4865 4866
f 4850 4863 4864
f 4849 4848 4861
f 4844 4857 4858
f 4843 4842 4855
f 4851 4864 4865
f 4849 4862 4863
f 4848 4847 4860
f 4845 4858 4859
f 4857 4856 4869
f 4855 4854 4867
f 4866 4865 4878
f 4864 4863 4876
f 4862 4861 4874
f 4857 4870 4871
f 4856 4855 4868
f 4864 4877 4878
f 4862 4875 4876
f 4861 4860 4873
f 4859 4858 4871
f 4869 4882 4883
f 4868 4867 4880
f 4878 4891 4892
f 4877 4876 4889
f 4874 4887 4888
f 4871 4870 4883
f 4868 4881 4882
f 4878 4877 4890
f 4876 4875 4888
f 4873 4886 4887
f 4871 4884 4885
f 4883 4882 4896
f 4880 4894 4895
f 4892 4891 4905
f 4890 4889 4903
f 4887 4901 4902
f 4884 4883 4897
f 4881 4895 4896
f 4891 4890 4904
f 4889 4888 4902
f 4886 4900 4901
f 4885 4884 4898
f 4897 4896 4909
f 4895 4894 4907
f 4905 4918 4919
f 4904 4903 4916
f 4901 4914 4915
f 4897 4910 4911
f 4895 4908 4909
f 4904 4917 4918
f 4903 4902 4915
f 4901 4900 4913
f 4899 4898 4911
f 4910 4909 4922
f 4908 4907 4920
f 4919 4918 4931
f 4916 4929 4930
f 4914 4927 4928
f 4910 4923 4924
f 4908 4921 4922
f 4918 4917 4930
f 4916 4915 4928
f 4914 4913 4926
f 4911 4924 4925
f 4922 4935 4936
f 4920 4933 4934
f 4931 4944 4945
f 4930 4929 4942
f 4928 4927 4940
f 4924 4923 4936
f 4922 4921 4934
f 4930 4943 4944
f 4928 4941 4942
f 4926 4939 4940
f 4925 4924 4937
f 4935 4948 4949
f 4933 4946 4947
f 4945 4944 4957
f 4942 4955 4956
f 4941 4940 4953
f 4937 4936 4949
f 4935 4934 4947
f 4944 4943 4956
f 4941 4954 4955
f 4939 4952 4953
f 4948 4961 4962
f 4947 4946 4959
f 4957 4970 4971
f 4955 4968 4969
f 4954 4953 4966
f 4949 4962 4963
f 4948 4947 4960
f 4956 4969 4970
f 4954 4967 4968
f 4953 4952 4965
f 4951 4950 4963
f 4962 4961 4974
f 4959 4972 4973
f 4971 4970 4983
f 4968 4981 4982
f 4966 4979 4980
f 4962 4975 4976
f 4960 4973 4974
f 4969 4982 4983
f 4967 4980 4981
f 4966 4965 4978
f 4975 4974 4987
f 4973 4972 4985
f 4983 4996 4997
f 4981 4994 4995
f 4979 4992 4993
f 4976 4975 4988
f 4973 4986 4987
f 4983 4982 4995
f 4981 4980 4993
f 4978 4991 4992
f 4988 4987 5000
f 4985 4998 4999
f 4997 4996 5009
f 4995 4994 5007
f 4992 5005 5006
f 4989 4988 5001
f 4986 4999 5000
f 4996 4995 5008
f 4994 4993 5006
f 4991 5004 5005
f 4989 5002 5003
f 5001 5000 5013
f 4999 4998 5011
f 5009 5022 5023
f 5008 5007 5020
f 5005 5018 5019
f 5001 5014 5015
f 4999 5012 5013
f 5008 5021 5022
f 5007 5006 5019
f 5005 5004 5017
f 5002 5015 5016
f 5014 5013 4609
f 5012 5011 4607
f 5022 4618 4619
f 5020 4616 4617
f 5018 4614 4615
f 5014 4610 4611
f 5012 4608 4609
f 5021 4617 4618
f 5020 5019 4615
f 5018 5017 4613
f 4481 4607 5011
f 5011 4998 4602
f 4998 4985 4597
f 4985 4972 4593
f 4593 4972 4959
f 4589 4959 4946
f 4585 4946 4933
f 4933 4920 4577
f 4577 4920 4907
f 4907 4894 4569
f 4894 4880 4565
f 4880 4867 4561
f 4561 4867 4854
f 4557 4854 4841
f 4553 4841 4828
f 4828 4815 4545
f 4545 4815 4802
f 4802 4789 4537
f 4789 4776 4533
f 4776 4763 4529
f 4529 4763 4750
f 4525 4750 4737
f 4521 4737 4724
f 4724 4711 4513
f 4513 4711 4698
f 4698 4685 4505
f 4685 4672 4501
f 4672 4659 4497
f 4497 4659 4646
f 4493 4646 4633
f 4489 4633 4620
f 4620 4607 4481
