# https://github.com/mikedh/trimesh
v 0.06051006 -0.01549633 -0.03117922
v 0.06413197 -0.01657762 -0.03014085
v 0.06465545 -0.01514138 -0.02948663
v 0.06108357 -0.01453400 -0.03072911
v 0.07094426 -0.01368213 -0.03933576
v 0.07217166 -0.01096671 -0.03422723
v 0.07170043 -0.00873949 -0.03284370
v 0.07105891 -0.00819592 -0.03571353
v 0.02162210 -0.04343101 -0.09791289
v 0.00652027 -0.04316880 -0.10160911
v 0.00701708 -0.05441008 -0.10114685
v 0.02119711 -0.05757613 -0.09675586
v 0.04322814 -0.08254848 -0.08251492
v 0.03716595 -0.07406263 -0.08645912
v 0.03513731 -0.08520859 -0.09198236
v 0.04512619 -0.09003229 -0.08323886
v 0.03534255 0.02579131 0.06827115
v 0.04251070 0.02558306 0.06265233
v 0.04168754 0.01953508 0.06497782
v -0.06860037 -0.02059139 -0.02904245
v -0.07208662 -0.02194416 -0.02778666
v -0.07271033 -0.02057403 -0.02722131
v -0.06917696 -0.01963590 -0.02865975
v -0.07984413 -0.01942059 -0.03718546
v -0.08111797 -0.01678608 -0.03204605
v -0.08055229 -0.01453572 -0.03073954
v -0.08017483 -0.01395208 -0.03369655
v 0.03470709 0.01951446 0.06911100
v 0.08686575 0.01044628 -0.04352245
v 0.08700711 0.00819941 -0.04525477
v 0.08786501 0.00610446 -0.04391985
v 0.08757588 0.00790302 -0.04202592
v 0.08381371 -0.00673746 -0.04665058
v 0.08392891 0.00041879 -0.04614806
v 0.08503400 0.00299638 -0.04617554
v 0.08528904 0.00068069 -0.04595738
v 0.08383210 -0.01753103 -0.04604293
v 0.08248613 -0.01690507 -0.04570293
v 0.08374965 -0.01211238 -0.04643131
v 0.08536219 -0.01237346 -0.04705251
v 0.07198714 -0.04320707 -0.02613541
v 0.07428751 -0.03957928 -0.02827214
v 0.07456436 -0.04254580 -0.03025894
v 0.07034600 -0.04472576 -0.02861084
v 0.06709800 -0.04247119 -0.02938438
v 0.07116238 -0.04219388 -0.03399790
v 0.07050119 -0.03840999 -0.03455372
v 0.06715214 -0.03901815 -0.03121220
v 0.08235919 0.01690788 -0.02888970
v 0.08300249 0.01312818 -0.02889294
v 0.08191054 0.01164521 -0.02705798
v 0.08104964 0.01524957 -0.02678772
v 0.06796600 -0.01284478 -0.04515395
v 0.06644317 -0.01937237 -0.04490944
v 0.07242034 -0.01414965 -0.04646286
v 0.07294156 -0.01145080 -0.04597179
v 0.08228432 0.00844972 -0.03645731
v 0.08219256 0.00961685 -0.03932353
v 0.08265199 0.00784137 -0.04104677
v 0.08221474 0.00617733 -0.03906932
v 0.08369522 0.01201826 -0.04406809
v 0.08384712 0.00949047 -0.04601820
v 0.06995181 -0.03307721 -0.02378159
v 0.06894061 -0.02961582 -0.02225529
v 0.06926076 -0.02791196 -0.02333234
v 0.06945028 -0.02881183 -0.02519982
v 0.07067797 -0.01427839 -0.03618085
v 0.07232179 -0.01019686 -0.03264099
v 0.08098783 -0.02930496 -0.04354515
v 0.08057790 -0.02745621 -0.04216619
v 0.08261200 -0.02270030 -0.04440333
v 0.08273997 -0.02386263 -0.04609911
v 0.07732844 -0.02562558 -0.03982523
v 0.07945819 -0.02199786 -0.04240946
v 0.08035640 -0.02091058 -0.04400242
v 0.07962235 -0.02355216 -0.04248885
v 0.08341105 0.01107166 -0.03727421
v 0.08226808 0.01238691 -0.03199575
v 0.08372906 0.01118567 -0.03102135
v 0.08531066 0.00988306 -0.03556404
v 0.07473930 0.00004178 -0.04277657
v 0.07320046 0.00449326 -0.03964765
v 0.07212293 0.00370279 -0.03979613
v 0.07328666 -0.00016280 -0.04265529
v 0.08391969 0.00928152 -0.04229366
v 0.08434241 0.00737817 -0.04400005
v 0.08309399 0.00583720 -0.04297487
v 0.07440840 0.00346293 -0.02593466
v 0.07600612 0.00508195 -0.02777545
v 0.07608361 0.00366083 -0.02901057
v 0.07582754 0.00234901 -0.02851666
v 0.07410444 -0.04271219 -0.03395318
v 0.06581543 -0.02907207 -0.04016951
v 0.06747117 -0.02833869 -0.04185718
v 0.06990840 -0.02359007 -0.04391090
v 0.06811771 -0.02238841 -0.04398783
v 0.06743317 -0.04125430 -0.02343275
v 0.07062056 -0.04094983 -0.02385551
v 0.07116222 -0.04211031 -0.02508900
v 0.06816904 -0.04341633 -0.02546266
v 0.07673967 0.00833359 -0.02724338
v 0.07870083 0.00799236 -0.02918800
v 0.07700770 0.00706327 -0.02884490
v 0.07582880 0.00722345 -0.02733633
v 0.08286413 -0.00164120 -0.04498867
v 0.08238456 0.00402518 -0.04134409
v 0.08223465 -0.01144565 -0.04223302
v 0.08228426 -0.01056335 -0.04487745
v 0.08192814 -0.01492114 -0.04420118
v -0.03420186 -0.04585105 -0.09613111
v -0.01950887 -0.04425855 -0.10077447
v -0.01896442 -0.05556941 -0.10031553
v -0.03243951 -0.06003291 -0.09500923
v 0.08140651 -0.01556682 -0.04183633
v 0.08235425 -0.00375241 -0.04028299
v 0.08243657 -0.00303237 -0.04344818
v 0.08576002 0.00510235 -0.04270905
v 0.08593190 -0.00032375 -0.04497541
v 0.08513220 0.00596525 -0.04338766
v 0.07131895 0.00675001 -0.03642623
v 0.07149312 0.01042235 -0.03972536
v 0.07016291 0.00463592 -0.04301137
v 0.07128694 0.00466139 -0.03871067
v 0.06983002 -0.02386934 -0.02281407
v 0.07080396 -0.02136015 -0.02378770
v 0.06910785 -0.02325924 -0.02602762
v 0.06824187 -0.02601206 -0.02596215
v 0.07088276 -0.02595182 -0.04320256
v 0.06843443 -0.02951241 -0.04130392
v 0.06914817 -0.03029794 -0.04077591
v 0.07163624 -0.02785629 -0.04212292
v 0.08070939 0.00907530 -0.03088469
v 0.08104864 0.00517029 -0.03305556
v 0.07953775 0.00490893 -0.03183141
v 0.07333401 -0.02636475 -0.03257582
v 0.07344984 -0.02467974 -0.03438706
v 0.07501791 -0.02712411 -0.03602578
v 0.07498685 -0.02957836 -0.03451150
v 0.07782269 -0.03721923 -0.03896772
v 0.07504994 -0.03735863 -0.03977390
v 0.07314014 -0.04019630 -0.03673900
v 0.07606597 -0.04032286 -0.03654139
v 0.06907897 -0.02725519 -0.02562013
v 0.06928820 -0.02641657 -0.02327740
v 0.07678070 0.00076176 -0.04437207
v 0.07560044 0.00601549 -0.04050386
v 0.08208182 0.00443491 -0.03735461
v 0.08230526 0.00251680 -0.03945163
v 0.07158558 -0.01033499 -0.02525665
v 0.06984190 -0.00970801 -0.02694656
v 0.07017866 -0.01052596 -0.02706024
v 0.07236000 -0.01175581 -0.02534841
v 0.07167775 -0.01095126 -0.02385100
v 0.07223547 -0.01251236 -0.02408598
v 0.07157053 -0.01271242 -0.02326170
v 0.07120407 -0.01193984 -0.02289563
v 0.06907022 -0.00950124 -0.02742020
v 0.06951339 -0.00978180 -0.02721359
v 0.06966102 -0.00926146 -0.02713066
v 0.07307633 -0.00519783 -0.03715239
v 0.07257652 -0.01182194 -0.04056760
v 0.07176928 -0.01309028 -0.04116174
v 0.07345075 -0.00783868 -0.03756021
v 0.08281083 -0.00926067 -0.04613508
v 0.07886147 0.01112381 -0.02353926
v 0.07790511 0.01383971 -0.02278957
v 0.08006362 0.01714676 -0.02614108
v 0.06755830 -0.02275650 -0.03625197
v 0.07110291 -0.02289369 -0.03391944
v 0.07077405 -0.02330464 -0.03224639
v 0.06818036 -0.02315795 -0.03449064
v 0.06975883 -0.01868631 -0.02814038
v 0.06750744 -0.02187179 -0.02862020
v 0.07108352 -0.02055542 -0.02629412
v 0.07170473 -0.00538195 -0.02230312
v 0.07103913 -0.00864151 -0.02580610
v 0.07115473 -0.00968331 -0.02471359
v 0.07123247 -0.00957931 -0.02331905
v 0.08381963 -0.01797616 -0.04753007
v 0.08487060 -0.01226761 -0.04858969
v 0.08310045 -0.01212279 -0.04993108
v 0.08218624 -0.01823692 -0.04896568
v 0.06861387 -0.03724976 -0.02183346
v 0.06391726 -0.03874409 -0.02534996
v 0.06723777 -0.03374730 -0.02131845
v 0.08539348 0.01578613 -0.03730176
v 0.08323282 0.01748678 -0.03721332
v 0.08347754 0.01598270 -0.03976330
v 0.08608096 0.01432583 -0.03966635
v 0.07125120 -0.00321429 -0.02965601
v 0.07092495 -0.00517746 -0.02995911
v 0.07146845 -0.00432454 -0.02840143
v 0.07122711 -0.00211514 -0.02792181
v 0.04622206 -0.03135804 -0.07896855
v 0.05513391 -0.03399549 -0.06074459
v 0.05846772 -0.01906355 -0.06637380
v 0.05071221 -0.01705084 -0.08163146
v 0.07823282 -0.03416809 -0.03759684
v 0.07776476 -0.03691969 -0.03550361
v 0.07343650 0.00186562 -0.01940200
v 0.07259723 0.00344659 -0.01821400
v 0.07277915 0.00925121 -0.01900924
v 0.07412647 0.00610650 -0.01963247
v 0.08469558 0.00247937 -0.04916785
v 0.08726454 0.00162989 -0.04815364
v 0.07630682 0.00807816 -0.02567846
v 0.07827802 0.01136574 -0.02796059
v 0.07696699 0.00906187 -0.02730176
v 0.07578168 0.00745634 -0.02602806
v 0.07625587 -0.00041363 -0.02451038
v 0.07691298 0.00081294 -0.02420142
v 0.07506055 0.00169503 -0.02426731
v 0.07408370 0.00042164 -0.02474713
v 0.07156899 0.00834219 -0.01638546
v 0.07214460 0.01393729 -0.01882178
v 0.06369546 -0.02942960 -0.03964699
v 0.07557511 0.00103627 -0.02141908
v 0.07616706 0.00369030 -0.02122513
v 0.07745240 0.00255890 -0.02369392
v -0.05128131 -0.08722941 -0.07951646
v -0.04614764 -0.07820673 -0.08371489
v -0.04377972 -0.08910821 -0.08949742
v -0.05258437 -0.09485935 -0.08028447
v 0.06803744 -0.02888778 -0.01999748
v 0.06899221 -0.02703970 -0.02171593
v 0.07541032 0.00708774 -0.02589898
v 0.07478193 0.00589551 -0.02601138
v 0.07366209 0.00170508 -0.02522135
v 0.07439365 0.00120340 -0.02772731
v 0.07798909 -0.00395029 -0.03608197
v 0.07883422 -0.01164920 -0.03919001
v 0.06217946 -0.02068493 -0.05263487
v 0.05979630 -0.03583234 -0.04096178
v 0.07392293 0.00212367 -0.02444511
v 0.07411223 0.00264933 -0.02447563
v 0.07357223 0.00189773 -0.02435993
v 0.07305153 0.00109146 -0.02502990
v 0.07682557 -0.03939044 -0.03336143
v 0.07800408 0.00173386 -0.03277822
v 0.07539866 -0.00074074 -0.03112358
v 0.07695062 0.00132929 -0.03079269
v 0.08563604 -0.00797038 -0.04621679
v 0.08703551 -0.00062531 -0.04490761
v 0.08834658 -0.00012141 -0.04633181
v 0.08690466 -0.00785858 -0.04743398
v 0.06531925 -0.04130328 -0.02767595
v 0.07069449 -0.00570417 -0.03141343
v 0.07183789 -0.00704492 -0.03110893
v 0.07295651 -0.00026977 -0.02838104
v 0.07242566 0.00028605 -0.02549182
v 0.06911720 -0.02409929 -0.02067354
v 0.08296331 0.01222024 -0.03879249
v 0.08358349 0.01092927 -0.04047619
v 0.08211703 0.01087198 -0.03779528
v 0.08196811 0.01165865 -0.03608613
v 0.08144903 0.01370831 -0.03395845
v 0.08078175 0.01410313 -0.03343432
v 0.08243238 0.01339685 -0.03681387
v 0.07510406 0.00050780 -0.02913385
v 0.07632368 0.00164362 -0.02966695
v 0.07360218 -0.02787971 -0.03112239
v 0.07486463 -0.03348267 -0.03213912
v 0.08085044 -0.01885072 -0.04291227
v 0.07982594 -0.01876761 -0.04041074
v 0.08034030 -0.00660136 -0.04949573
v 0.08008628 0.00194094 -0.04769168
v 0.07842606 0.00123611 -0.04579310
v 0.07909087 -0.00678819 -0.04816252
v 0.07295556 -0.00593131 -0.04475076
v 0.06939816 -0.00541176 -0.04433028
v 0.07090437 -0.01119331 -0.02216603
v 0.07039492 -0.00782801 -0.01932153
v 0.07170638 -0.00137791 -0.02775174
v 0.07189349 0.00008999 -0.02596395
v 0.07458232 -0.02287247 -0.04530001
v 0.07158836 -0.03129191 -0.03908929
v 0.07504509 -0.02525825 -0.04383488
v 0.06759683 -0.03224678 -0.03707543
v 0.06758486 -0.03362747 -0.03491043
v 0.07005028 -0.03342206 -0.03656262
v 0.07703774 -0.02387979 -0.03866683
v 0.07905973 -0.02199914 -0.04081235
v 0.06968544 -0.00982603 -0.02810880
v 0.06853906 -0.01114675 -0.03013545
v 0.06781229 -0.00998435 -0.02792714
v 0.08096146 -0.00402008 -0.03816890
v 0.08147522 -0.01157612 -0.04038201
v 0.07646034 0.00306759 -0.02439998
v 0.07373408 -0.00621573 -0.02603614
v 0.07448899 -0.00323162 -0.02339370
v 0.07914621 0.00611639 -0.02407779
v 0.07805257 0.00470520 -0.02469312
v 0.07738592 0.00378201 -0.02455041
v 0.07819157 0.00420075 -0.02359230
v 0.06324913 -0.01854197 -0.03155241
v 0.06556801 -0.02051610 -0.03009674
v 0.06720853 -0.01756801 -0.02888566
v 0.08052266 0.01291699 -0.03108936
v 0.08115809 0.01142336 -0.03242343
v 0.07736839 0.00695123 -0.04181550
v 0.07653994 0.00551289 -0.02859489
v 0.07652821 0.00432493 -0.02995951
v 0.07441411 0.01775950 -0.03239953
v 0.07507309 0.01480589 -0.02949619
v 0.07483079 0.01496504 -0.02817795
v 0.07431647 0.01958261 -0.02744526
v 0.06732969 -0.03707691 -0.03209632
v 0.06981261 -0.03621021 -0.03480516
v 0.06936599 -0.03481793 -0.03506681
v 0.06759837 -0.03526110 -0.03317452
v 0.07026284 -0.02352477 -0.03158912
v 0.06824344 -0.02349775 -0.03348630
v 0.08144598 -0.01685178 -0.04544381
v 0.08102243 -0.01796534 -0.04458550
v 0.08211173 -0.01358144 -0.04574381
v 0.08220763 -0.01197334 -0.04639260
v 0.07200585 -0.00185264 -0.03271514
v 0.07166276 -0.00321802 -0.03175136
v 0.07357640 0.01030690 -0.03215177
v 0.07589715 0.01248226 -0.03307923
v 0.07601787 0.01402837 -0.02950215
v 0.07414213 0.01240992 -0.02977535
v 0.07905103 0.00817141 -0.04364432
v 0.07652879 0.00282365 -0.03028324
v 0.07684122 0.00314813 -0.03108896
v 0.07639119 0.00312090 -0.02962700
v 0.07323179 -0.00043271 -0.02524603
v 0.07539982 -0.00146823 -0.02552319
v 0.07897296 0.00660234 -0.02535956
v 0.08130105 0.01034068 -0.02734334
v 0.08045754 0.01114273 -0.02846453
v 0.07846906 0.00749610 -0.02536890
v 0.07478534 0.00442866 -0.02463110
v 0.00727259 -0.03022065 -0.10555154
v 0.00850125 -0.01892134 -0.11065193
v -0.03978631 0.02239594 0.06934228
v -0.04751192 0.02148185 0.06430542
v -0.04598430 0.01556167 0.06652323
v -0.03844371 0.01624032 0.07003628
v 0.07670378 0.01352540 -0.02238227
v 0.07659280 0.01549622 -0.02541622
v 0.07760068 0.01646452 -0.02578256
v 0.07724314 0.01432847 -0.02276715
v 0.08200349 0.01047785 -0.03590510
v 0.08449949 0.00817715 -0.04180649
v 0.07301298 -0.00904779 -0.03043151
v 0.07030700 -0.01174393 -0.03179060
v 0.06079507 -0.01285162 -0.03084442
v 0.06112362 -0.01173966 -0.03035930
v 0.06173056 -0.01184933 -0.03145403
v 0.06165027 -0.01266142 -0.03207085
v 0.06493838 -0.01764626 -0.03412945
v 0.06715827 -0.01851484 -0.03348684
v 0.06634504 -0.02023787 -0.03220447
v 0.06441668 -0.01906437 -0.03360179
v 0.06033507 -0.01540603 -0.03182036
v 0.06057479 -0.01401025 -0.03125096
v 0.06127964 -0.01418172 -0.03283002
v 0.06096926 -0.01560630 -0.03379037
v 0.07978913 0.01309443 -0.02936548
v 0.08132228 0.01328257 -0.03159373
v 0.08656669 0.00660479 -0.04094861
v 0.08681680 0.00483091 -0.04258937
v 0.08396475 0.01138018 -0.03822732
v 0.08434566 0.00985431 -0.03993629
v 0.07092788 -0.01872295 -0.02300454
v 0.07184315 -0.01822899 -0.02464071
v 0.07158772 -0.01982480 -0.02498566
v 0.08757004 0.00909174 -0.04020754
v 0.08657342 0.01230744 -0.04153911
v 0.07079637 -0.03670277 -0.02365127
v 0.06998483 -0.03865445 -0.02275226
v 0.04813586 -0.11285024 -0.01760872
v 0.05621328 -0.10408352 -0.03032999
v 0.05544835 -0.11420454 -0.03116399
v 0.04711547 -0.12263928 -0.01923975
v 0.07788212 0.00905734 -0.02243047
v 0.07618673 0.01179224 -0.02193225
v 0.06041167 -0.01734489 -0.03262673
v 0.06040156 -0.01744674 -0.03266320
v 0.06305996 -0.01912440 -0.03282756
v 0.06509694 -0.01370517 -0.02916344
v 0.06144347 -0.01326428 -0.03023567
v 0.06554374 -0.01616530 -0.03365703
v 0.06513430 -0.01129865 -0.03093945
v 0.06489006 -0.01042611 -0.02946960
v 0.06614592 -0.02349665 -0.02992999
v 0.06699025 -0.02415386 -0.03197690
v 0.06875195 -0.02510073 -0.02906218
v 0.06136030 -0.01761412 -0.03426088
v 0.07291794 -0.00062447 -0.03064306
v 0.06827264 -0.01577398 -0.03338957
v 0.06934637 -0.01754378 -0.03583410
v 0.06865859 -0.01943856 -0.03532659
v 0.06765784 -0.01751689 -0.03373387
v 0.07580610 -0.02718611 -0.03746739
v 0.07558942 -0.02539065 -0.03721941
v 0.06766793 -0.02155796 -0.03818938
v 0.07091191 -0.02221396 -0.03669704
v 0.07312111 -0.00642269 -0.02985866
v 0.07451532 -0.00390001 -0.02698162
v 0.07041761 -0.00961732 -0.02863218
v 0.06839170 -0.01378772 -0.03201675
v 0.06995791 -0.01562569 -0.03478625
v 0.06519490 -0.01257375 -0.02907561
v 0.06841754 -0.01229924 -0.02766522
v 0.06811845 -0.01125092 -0.02773790
v 0.06513002 -0.01160644 -0.02911757
v 0.07812383 0.00473383 -0.03117006
v 0.07497093 0.00952462 -0.02053761
v 0.07713386 0.00641617 -0.02163177
v 0.07419856 0.02403469 -0.04312055
v 0.07183713 0.01663358 -0.04964458
v 0.07357711 0.01517134 -0.03675691
v 0.06630659 -0.01453665 -0.03317618
v 0.06135489 -0.01126615 -0.03037841
v 0.06198856 -0.01185567 -0.03022672
v 0.08142066 -0.02155953 -0.04414026
v 0.06932462 -0.02596476 -0.02882279
v 0.07221004 -0.00225388 -0.02610626
v 0.07974976 -0.01182650 -0.04940323
v 0.07904765 -0.01764134 -0.04856293
v 0.07187119 -0.00084921 -0.02599287
v 0.07207175 0.00017617 -0.02580708
v 0.06774230 -0.02394920 -0.03297800
v 0.06987575 -0.02433980 -0.03049018
v 0.07241040 0.00041204 -0.02547621
v 0.07196800 -0.01843811 -0.02614593
v 0.08211787 0.00558980 -0.03581778
v 0.07332758 -0.03458910 -0.03965308
v 0.07171053 -0.03667717 -0.03695385
v 0.06187483 -0.01230130 -0.02989739
v 0.06514727 -0.02017658 -0.03146555
v 0.06545446 -0.01287746 -0.03174008
v 0.07067847 -0.01441369 -0.02720846
v 0.07038651 -0.01663397 -0.02743918
v 0.07205307 -0.01620464 -0.02545574
v 0.07178617 -0.02125674 -0.03819870
v 0.06820283 -0.01903887 -0.03968612
v 0.06922792 -0.01777387 -0.04149622
v 0.07363033 -0.01979690 -0.03915064
v 0.07804920 -0.02314207 -0.04724082
v 0.07658437 -0.02827451 -0.04495324
v 0.07903214 -0.03007360 -0.04534540
v 0.08108474 -0.02443772 -0.04761527
v 0.07382762 0.04139679 -0.04869881
v 0.07487391 0.02865092 -0.03521867
v 0.07459626 0.04596432 -0.03622798
v 0.07852463 0.01494231 -0.03756638
v 0.07837646 0.01294862 -0.03950750
v 0.08358904 0.01417491 -0.04194888
v 0.07394587 0.01704829 -0.02291515
v 0.07460476 0.01490196 -0.02678260
v 0.07649988 0.01468080 -0.02532335
v 0.08393401 -0.00677198 -0.05027844
v 0.07278341 -0.00185751 -0.02022815
v 0.07481129 -0.00132177 -0.02211407
v 0.07342138 -0.02150796 -0.04593483
v 0.07525530 -0.02214887 -0.03709072
v 0.07767066 -0.02090024 -0.03857350
v 0.08436440 0.01366246 -0.03119434
v 0.08241225 0.01113744 -0.02911820
v 0.01323021 -0.13274747 0.01213260
v 0.01276023 -0.13861246 0.00719258
v 0.00750926 -0.03230593 0.07898952
v 0.00844575 -0.03219878 0.07778889
v 0.00692398 -0.03057327 0.07704575
v 0.00660666 -0.03068566 0.07759877
v 0.00833251 -0.04045370 0.07684439
v 0.00761398 -0.03909102 0.07646701
v 0.00883305 -0.03886466 0.07549328
v 0.00997296 -0.03996451 0.07605823
v 0.00571744 -0.03056595 0.07727332
v 0.00485780 -0.03282421 0.07948396
v 0.00585052 -0.03275920 0.08013895
v 0.00606092 -0.03064347 0.07752135
v 0.08441105 0.01685066 -0.03140829
v 0.01236586 -0.03948910 0.07671136
v 0.01102672 -0.03784841 0.07647298
v 0.01134619 -0.03762786 0.07819265
v 0.01361731 -0.03862317 0.07857299
v 0.00496007 -0.04010239 0.08499603
v 0.00597437 -0.03806113 0.08527210
v 0.00491059 -0.03879293 0.08303723
v 0.00491364 -0.04058126 0.08233401
v 0.00791451 -0.03743310 0.08453467
v 0.00985965 -0.03756214 0.08633753
v 0.01154105 -0.03725555 0.08444429
v 0.00939917 -0.03748985 0.08284235
v 0.00501208 -0.03648590 0.07898247
v 0.00604035 -0.03859107 0.07973640
v 0.00437636 -0.03635862 0.08207967
v 0.01072278 -0.03544381 0.07723045
v 0.01045671 -0.03614929 0.07597724
v 0.00855771 -0.03298603 0.07647990
v 0.00878057 -0.03265605 0.07643943
v 0.05106235 -0.09589501 -0.01479144
v 0.05707759 -0.08998735 -0.02969002
v 0.03333031 -0.01263573 0.06071265
v 0.03264089 -0.01564981 0.06145152
v 0.02855317 -0.01476959 0.06240022
v 0.02939948 -0.01205891 0.06159533
v 0.07236037 -0.01432970 -0.02419967
v 0.07158922 -0.01379610 -0.02304152
v 0.07835777 0.01065942 -0.04149125
v 0.08267079 0.01242366 -0.03748744
v 0.07885816 0.01617148 -0.03539484
v 0.07845734 0.01685279 -0.03048612
v 0.07706096 0.01537025 -0.02993195
v 0.07708293 0.01434412 -0.03413707
v 0.08624314 0.01203370 -0.03629433
v 0.07050197 -0.02746940 -0.02892846
v 0.07962976 0.00134206 -0.03484385
v 0.07803886 0.01684984 -0.02794439
v 0.08108732 0.01818789 -0.02831108
v 0.08394669 -0.00757859 -0.04598803
v 0.08682792 0.01103876 -0.03832348
v 0.08570429 0.00919032 -0.03745526
v 0.08003197 0.00825589 -0.02454481
v 0.07156698 -0.01478039 -0.04186660
v 0.07751133 -0.01508492 -0.03968009
v 0.07572161 -0.01796190 -0.03959170
v -0.09746501 0.00329345 -0.04036075
v -0.09763788 0.00101065 -0.04205732
v -0.09806263 -0.00119156 -0.04051039
v -0.09786107 0.00066248 -0.03874360
v -0.09323853 -0.01379105 -0.04357632
v -0.09383888 -0.00666683 -0.04323683
v -0.09499452 -0.00408435 -0.04324771
v -0.09535949 -0.00648802 -0.04292852
v 0.07082495 -0.01683449 -0.04212498
v 0.07128680 -0.00436205 -0.03172710
v 0.06901152 -0.02371762 -0.01833910
v 0.07612664 -0.03227192 -0.03546257
v -0.09267844 -0.02460814 -0.04242912
v -0.09142005 -0.02396146 -0.04239966
v -0.09301981 -0.01921724 -0.04294403
v -0.09468974 -0.01961129 -0.04322854
v 0.07685343 -0.03055766 -0.03760714
v 0.02380778 -0.02996028 -0.10025452
v 0.02689445 -0.01789329 -0.10449943
v 0.08606862 -0.00730086 -0.04909131
v 0.08037706 0.01372312 -0.03063627
v 0.07237515 -0.02777189 -0.03018912
v 0.07307170 -0.03351406 -0.02891267
v 0.07163309 -0.03298204 -0.02711807
v 0.07668176 0.00358198 -0.03076111
v 0.07253739 -0.02019586 -0.04557282
v 0.07223186 -0.01778005 -0.04634618
v 0.06192225 -0.01127555 -0.03108980
v 0.07561715 -0.02669337 -0.04415002
v 0.07262307 -0.03280803 -0.03924566
v 0.05859912 -0.08420697 -0.04358261
v 0.05424986 -0.07833411 -0.05910832
v -0.07797927 -0.04861167 -0.02243749
v -0.08049191 -0.04531264 -0.02454506
v -0.08071009 -0.04809321 -0.02636487
v -0.07631312 -0.04974726 -0.02508499
v 0.05577734 -0.09017632 -0.05854694
v 0.05912917 -0.09673304 -0.04399315
v 0.06935869 -0.00996103 -0.01653232
v 0.06997927 -0.01651466 -0.02031042
v 0.06968588 -0.01795938 -0.01886164
v 0.02773958 -0.12132159 0.00667704
v 0.02431499 -0.13252988 0.00148191
v 0.06872535 -0.02351467 -0.01449537
v 0.06865426 -0.02566190 -0.00292810
v 0.06961423 -0.01007908 -0.00018527
v 0.06867425 -0.01378602 -0.01182234
v 0.05622761 0.01411724 0.04132232
v 0.05788282 0.01569409 0.03682048
v 0.05912766 0.00669681 0.03545224
v 0.05694163 0.00715934 0.03945369
v 0.01542328 0.06515228 0.06723186
v 0.00566306 0.06549364 0.06962597
v 0.00507003 0.07318620 0.06546186
v 0.01513826 0.07262826 0.06283991
v 0.02843677 -0.00899096 -0.10657591
v 0.02983445 0.00219035 -0.10873202
v 0.00979584 -0.00025332 -0.11583066
v 0.00913651 -0.01069868 -0.11305202
v 0.01403571 0.09271477 0.04567654
v 0.00370857 0.09345139 0.04850671
v 0.00333609 0.10003481 0.04010570
v -0.07340451 -0.04784243 -0.02594009
v -0.07733144 -0.04756024 -0.03037630
v -0.07698496 -0.04405034 -0.03106868
v -0.07384426 -0.04463432 -0.02778453
v 0.01388012 0.09903725 0.03752128
v 0.05178207 -0.01431278 0.05102882
v 0.05414149 -0.02054562 0.04998821
v 0.05048320 -0.02142659 0.05366698
v 0.04851197 -0.01495544 0.05399193
v 0.07344843 -0.03860836 -0.02680746
v 0.07235599 -0.03763420 -0.02541109
v -0.09246131 0.00998502 -0.02585728
v -0.09279799 0.00620288 -0.02587963
v -0.09147479 0.00478772 -0.02414897
v -0.09089760 0.00843342 -0.02373306
v -0.07879964 -0.01909937 -0.04213578
v -0.07688329 -0.02575779 -0.04185235
v -0.08309741 -0.02080120 -0.04324192
v -0.08360878 -0.01795020 -0.04296342
v 0.00298476 0.10624665 0.02983719
v 0.01381679 0.10505432 0.02756210
v 0.01081189 -0.00735217 0.06894148
v -0.09121450 0.00171146 -0.03417647
v -0.09185306 0.00278870 -0.03687192
v -0.09237873 0.00098054 -0.03841586
v -0.09150168 -0.00065753 -0.03650101
v -0.09448346 0.00506625 -0.04106943
v -0.09462649 0.00253281 -0.04302412
v -0.07677899 -0.03911556 -0.02021620
v -0.07580623 -0.03558316 -0.01886275
v -0.07621866 -0.03379887 -0.02010484
v -0.07670569 -0.03469056 -0.02181412
v -0.07919944 -0.01995220 -0.03398342
v -0.08087926 -0.01600864 -0.03045660
v -0.08841364 -0.03572436 -0.03981234
v -0.08844467 -0.03409988 -0.03854201
v -0.09092741 -0.02955656 -0.04074302
v -0.09083777 -0.03061819 -0.04245369
v 0.01096712 -0.00498455 0.06644849
v 0.01470375 -0.00809278 0.06478613
v 0.01453097 -0.01055991 0.06674736
v 0.00493127 0.03743175 0.07605304
v 0.00539712 0.04535478 0.07433228
v 0.01402650 0.04579680 0.07290380
v 0.01308429 0.03786843 0.07519381
v 0.01944346 -0.01019457 0.06328108
v 0.01871752 -0.01253535 0.06460218
v 0.00458497 0.08029868 0.06062428
v 0.01481278 0.07974808 0.05779839
v 0.01140704 0.11952459 -0.01971065
v -0.08533010 -0.03212547 -0.03665764
v -0.08795220 -0.02872106 -0.03922310
v -0.08892431 -0.02773199 -0.04078253
v -0.08798443 -0.03031276 -0.03925864
v 0.01212037 0.11830271 -0.01151829
v 0.00088828 0.12051023 -0.01115050
v -0.09304664 0.00432117 -0.03463060
v -0.09167313 0.00572198 -0.02944797
v -0.09318261 0.00434287 -0.02825001
v -0.09489407 0.00294709 -0.03268850
v 0.00156096 0.12183680 -0.02351994
v 0.06321609 0.00033460 -0.06992368
v 0.06694476 -0.00358882 -0.05495594
v 0.06957081 0.00854183 -0.05401057
v 0.06685543 0.01718121 -0.06919710
v 0.03891434 -0.11162502 -0.00268643
v 0.03624196 -0.12345827 -0.00713471
v -0.08536799 -0.00647256 -0.03981056
v -0.08385464 -0.00193320 -0.03669042
v -0.08321374 -0.00271102 -0.03675238
v -0.08445083 -0.00661478 -0.03969365
v -0.09394402 0.00232385 -0.03954817
v -0.09440675 0.00036713 -0.04117406
v -0.09286048 -0.00108374 -0.04022441
v -0.08319417 -0.00282323 -0.02398802
v -0.08505129 -0.00148795 -0.02580971
v -0.08479929 -0.00272436 -0.02699562
v -0.08460643 -0.00410105 -0.02651560
v -0.08024371 -0.04813135 -0.03020452
v -0.07490933 -0.03541069 -0.03694234
v -0.07650121 -0.03468471 -0.03862207
v -0.07947082 -0.03012949 -0.04067263
v -0.07807069 -0.02892559 -0.04080816
v 0.04867902 0.03338670 0.05227561
v 0.05058457 0.03969009 0.04911540
v 0.05371235 0.03352664 0.04400728
v 0.05185791 0.02815732 0.04795091
v 0.00396917 0.02499016 0.07752222
v 0.01109987 0.02506015 0.07714633
v 0.00943632 0.01947417 0.07603600
v 0.00348050 0.01950015 0.07682002
v -0.07351552 -0.04686683 -0.01991765
v -0.07667057 -0.04669382 -0.02013080
v -0.07718639 -0.04767840 -0.02146234
v -0.07415354 -0.04867024 -0.02204818
v 0.05756576 0.00005091 0.03914220
v 0.06019575 -0.00227796 0.03587831
v 0.05987464 -0.01083147 0.03959645
v 0.05684391 -0.00735946 0.04226962
v 0.05421755 -0.01270064 0.04791581
v -0.08593811 0.00178414 -0.02532890
v -0.08774429 0.00142218 -0.02721978
v -0.08606480 0.00058854 -0.02690569
v -0.08501501 0.00073287 -0.02544053
v 0.05684721 -0.01845198 0.04661359
v -0.09256903 -0.00867286 -0.04203772
v -0.09187429 -0.00284328 -0.03859585
v 0.01506667 0.05540881 0.07108760
v 0.00567554 0.05539658 0.07277028
v 0.05619261 0.02510554 0.03949337
v 0.05446996 0.02147907 0.04402665
v 0.00815753 -0.00457440 0.07183976
v 0.00856234 -0.00250717 0.06847593
v 0.00631531 0.00153949 0.07122682
v -0.09127834 -0.01839243 -0.03899942
v -0.09130922 -0.01752895 -0.04173079
v -0.09079953 -0.02182226 -0.04098371
v -0.09018325 -0.02238066 -0.03849703
v 0.00326315 0.00015682 0.07741068
v 0.00300694 0.00434057 0.07595380
v 0.00575395 0.00492980 0.07213071
v 0.02967279 0.03850320 0.06831593
v 0.03086553 0.04606782 0.06565835
v 0.03828264 0.04574762 0.06050890
v 0.03698197 0.03841826 0.06312633
v 0.01441479 0.08628052 0.05223167
v -0.09160854 -0.01072015 -0.03724442
v -0.09186911 -0.01003566 -0.04043751
v 0.00411823 0.08688824 0.05510588
v 0.00302098 0.01285032 0.07568834
v 0.00681520 0.01349487 0.07331899
v 0.00610695 0.01042541 0.07236014
v -0.09576311 -0.00197681 -0.03963118
v -0.09596226 -0.00752523 -0.04175172
v -0.09519177 -0.00106823 -0.04045541
v -0.08211620 0.00032580 -0.03327971
v -0.08274488 0.00396340 -0.03633651
v -0.08195146 -0.00162510 -0.03967432
v -0.08239174 -0.00170065 -0.03551269
v 0.00310653 0.00995397 0.07532842
v 0.02357597 -0.01387419 0.06336536
v 0.02432788 -0.01140344 0.06244852
v 0.06385258 -0.03675693 -0.03159541
v 0.06566410 -0.03833079 -0.03070247
v 0.07033578 0.00758576 -0.01014548
v 0.06919786 -0.00317312 -0.01048539
v 0.06988706 0.00316581 0.00125656
v 0.06927147 0.01614772 0.00121956
v 0.07050346 0.02871167 -0.00003682
v 0.07076116 0.03748681 -0.00364432
v 0.07271519 0.02288211 -0.01355113
v 0.07157766 0.01689643 -0.01081925
v 0.05049312 -0.08532128 -0.07153149
v 0.04722319 -0.07474186 -0.07337619
v 0.00366170 -0.00329446 0.08006389
v 0.00379599 -0.00672178 0.08227734
v 0.01053392 0.04326003 -0.11780954
v -0.07655560 -0.02966585 -0.01996247
v -0.07778919 -0.02722460 -0.02104015
v -0.07614339 -0.02896801 -0.02325735
v -0.07548234 -0.03182478 -0.02304105
v 0.01037972 0.02949444 -0.11890846
v 0.03114500 0.03292556 -0.11026696
v 0.03105704 0.04598928 -0.10882564
v 0.06040786 -0.01084287 -0.06841650
v -0.08003115 -0.03244009 -0.03983454
v -0.07713270 -0.03581831 -0.03797062
v -0.07757236 -0.03655864 -0.03740463
v -0.08027645 -0.03427546 -0.03872392
v 0.06447328 -0.01262319 -0.05425678
v 0.00980758 -0.03497696 0.07915891
v 0.00673763 -0.03034337 0.07637013
v 0.00754347 -0.03333047 0.07681491
v 0.00682804 -0.03043492 0.07635780
v 0.01068206 -0.03753734 0.08069696
v 0.01321684 -0.03747101 0.08193270
v 0.00806717 -0.03711830 0.07538707
v 0.00709467 -0.03720788 0.07585683
v 0.00686888 -0.03316243 0.07710629
v 0.00703496 -0.03035191 0.07649370
v 0.00256321 -0.04203087 0.08711603
v 0.00327802 -0.04106854 0.09031682
v 0.00686640 -0.03941862 0.08929642
v 0.00526632 -0.04064331 0.08701961
v 0.00594206 -0.03045230 0.07720736
v 0.00516953 -0.03317412 0.07823288
v 0.00519838 -0.03587961 0.08355947
v 0.00665018 -0.03251252 0.07988386
v 0.00633306 -0.03065297 0.07761646
v 0.00700324 -0.03528013 0.08269537
v 0.00600042 -0.04063069 0.07974324
v 0.00844606 -0.03505273 0.08112650
v -0.08941625 0.00247194 -0.02890206
v -0.08979759 -0.00152689 -0.03089653
v -0.08838791 -0.00169819 -0.02973125
v -0.08116645 -0.03248538 -0.02932375
v -0.08173569 -0.03085633 -0.03114213
v -0.08280814 -0.03337326 -0.03278132
v -0.08233683 -0.03573185 -0.03119137
v 0.07386748 -0.02340326 -0.03591117
v 0.05754250 -0.07285420 -0.02179608
v 0.05956145 -0.05649129 -0.02741203
v 0.05880476 -0.05672102 -0.03326809
v -0.08426216 -0.04315291 -0.03520130
v -0.08181756 -0.04341234 -0.03630736
v -0.07972450 -0.04597404 -0.03320543
v -0.08230416 -0.04599952 -0.03278789
v -0.07653256 -0.03314145 -0.02243483
v -0.07616193 -0.03227292 -0.02023554
v -0.08717021 -0.00580033 -0.04155614
v -0.08655304 -0.00059855 -0.03764309
v 0.05802005 -0.07283725 -0.03152053
v 0.07813133 0.00333726 -0.03205815
v 0.06156083 0.04350568 0.02754577
v 0.06190260 0.05604121 0.02076421
v 0.06741550 0.04719991 0.00719156
v -0.09104341 -0.00240800 -0.03485237
v -0.09141077 -0.00436575 -0.03668841
v 0.06802217 0.03648131 0.01019220
v 0.06198589 0.06683359 0.01492090
v 0.06729580 0.05870152 0.00232033
v 0.07088365 0.04881299 -0.00937134
v 0.07406200 0.03077488 -0.02634998
v 0.04003488 -0.00019317 0.05718225
v 0.04026019 -0.00037871 0.05736407
v 0.03876681 -0.00086765 0.05860001
v -0.07968912 -0.01630623 -0.02293842
v -0.07811827 -0.01552410 -0.02475821
v -0.07838204 -0.01637175 -0.02478036
v -0.08034864 -0.01780248 -0.02289087
v 0.03881859 -0.00070347 0.05832894
v 0.03947940 0.00027532 0.05663322
v 0.03812699 -0.00035771 0.05770844
v -0.07964256 -0.01697958 -0.02145981
v -0.08009712 -0.01858025 -0.02159058
v -0.07938206 -0.01873190 -0.02076170
v -0.07905705 -0.01793399 -0.02044114
v 0.04039999 0.00072095 0.05572096
v 0.04099958 0.00025002 0.05614736
v 0.04129359 0.00001868 0.05632162
v 0.02264165 -0.00010659 0.06084501
v 0.02354106 0.00030014 0.06047101
v 0.02620594 -0.00049168 0.06039519
v 0.02529024 -0.00077459 0.06125310
v 0.02249536 -0.00045868 0.06127975
v 0.02546053 -0.00120149 0.06171940
v -0.07742110 -0.01520618 -0.02528747
v -0.07780235 -0.01554381 -0.02504203
v -0.07800217 -0.01502484 -0.02498324
v -0.08220918 -0.01076511 -0.03572302
v -0.08211661 -0.01785294 -0.03870406
v -0.08102756 -0.01903519 -0.03902497
v -0.08237390 -0.01366803 -0.03568926
v 0.02613218 0.00261923 0.05585101
v 0.02548683 0.00285981 0.05575695
v -0.09199622 -0.01625090 -0.04303971
v 0.02710831 0.00233303 0.05589538
v 0.02089852 0.00152242 0.05887340
v 0.02100250 0.00236175 0.05890575
v -0.08852597 0.00436235 -0.02056206
v -0.08775049 0.00701669 -0.01974040
v -0.09032054 0.01018484 -0.02303751
v 0.02523616 0.00353487 0.05575500
v 0.02509315 0.00300162 0.05568639
v 0.02142124 0.00141233 0.05907072
v -0.07593876 -0.02857347 -0.03362150
v -0.07945259 -0.02889660 -0.03090021
v -0.07863624 -0.02912131 -0.02919825
v -0.07643104 -0.02897355 -0.03172590
v -0.07735108 -0.02449002 -0.02545898
v -0.07489085 -0.02749087 -0.02594222
v -0.07836770 -0.02644551 -0.02352955
v -0.07979430 -0.01136821 -0.02016472
v -0.07921664 -0.01450809 -0.02360209
v -0.07927166 -0.01566093 -0.02243881
v -0.07924689 -0.01557699 -0.02102746
v -0.09262644 -0.02499310 -0.04397016
v -0.09422385 -0.01946461 -0.04504737
v -0.09268102 -0.01923093 -0.04677259
v -0.09115501 -0.02520503 -0.04574632
v 0.01969093 0.00091938 0.05933094
v 0.01860086 0.00104815 0.05903786
v -0.07486069 -0.04312652 -0.01817865
v -0.07039309 -0.04448297 -0.02193230
v -0.07403778 -0.03978017 -0.01773132
v -0.09593947 0.00866296 -0.03418851
v -0.09396020 0.01042491 -0.03410078
v -0.09427164 0.00895492 -0.03668579
v -0.09668288 0.00720996 -0.03656795
v -0.08009826 -0.00910744 -0.02776251
v -0.07961208 -0.01099430 -0.02805176
v -0.08005208 -0.01021346 -0.02645556
v -0.08003114 -0.00810977 -0.02600471
v 0.01861878 0.00230633 0.05928669
v 0.03073686 -0.00208162 0.06150546
v 0.03106667 -0.00281776 0.06135949
v 0.02635594 -0.00260654 0.06171055
v 0.02587370 -0.00180728 0.06181260
v 0.03040519 -0.00159299 0.06145499
v 0.03382770 -0.00130838 0.06056482
v 0.03402752 -0.00181385 0.06057937
v 0.03425046 -0.00255780 0.06037235
v -0.05805802 -0.03592274 -0.07589989
v -0.06526725 -0.03937105 -0.05724449
v -0.07026764 -0.02460489 -0.06290546
v -0.06375501 -0.02194624 -0.07848856
v -0.08518628 -0.04036277 -0.03392449
v -0.08432084 -0.04290197 -0.03173967
v -0.08198072 -0.00441255 -0.01721615
v -0.08129666 -0.00289499 -0.01558324
v -0.08217884 0.00278270 -0.01599821
v -0.08303426 -0.00027271 -0.01691156
v 0.02299352 -0.00176960 0.06172178
v 0.02279572 -0.00091238 0.06160815
v 0.03431756 -0.00320071 0.06015321
v 0.03142826 -0.00343403 0.06110864
v -0.09521639 -0.00455397 -0.04620202
v -0.09752850 -0.00561764 -0.04485460
v 0.02662745 -0.00321039 0.06152318
v 0.02295710 -0.00217862 0.06170920
v 0.01999538 -0.00096772 0.06133144
v 0.02117808 -0.00075916 0.06144109
v 0.03147002 -0.00404914 0.06051710
v 0.03139897 -0.00468257 0.06036472
v 0.02662225 -0.00445382 0.06108393
v 0.02666895 -0.00385344 0.06115291
v -0.08534749 0.00161590 -0.02381043
v -0.08726933 0.00485412 -0.02604523
v -0.08594126 0.00264118 -0.02543734
v -0.08484165 0.00100719 -0.02414063
v -0.08477412 -0.00673745 -0.02245581
v -0.08541597 -0.00551957 -0.02216898
v -0.08362734 -0.00459971 -0.02230806
v -0.08267333 -0.00579469 -0.02279811
v 0.03432187 -0.00380439 0.05947933
v 0.03431361 -0.00449079 0.05918474
v -0.08086325 0.00184476 -0.01348256
v -0.08188155 0.00723031 -0.01573695
v 0.04240178 0.00025474 0.05462570
v 0.04293399 0.00083941 0.05383705
v 0.04287907 0.00023814 0.05381382
v -0.07270259 -0.03561826 -0.03635012
v 0.04249803 -0.00019975 0.05420671
v 0.04524353 -0.00183723 0.05075063
v 0.04631449 -0.00051299 0.05020329
v 0.04805466 -0.00100296 0.04861094
v -0.08394185 -0.00526355 -0.01945345
v -0.08475048 -0.00270244 -0.01905069
v -0.08596475 -0.00381591 -0.02163047
v -0.07474557 -0.03487328 -0.01674824
v -0.07568695 -0.03295266 -0.01859999
v -0.08448699 0.00062057 -0.02404132
v -0.08382192 -0.00052212 -0.02414229
v -0.08231211 -0.00456154 -0.02330185
v -0.08317146 -0.00523686 -0.02576051
v 0.04688151 -0.00257293 0.04967911
v -0.08736874 -0.01045644 -0.03367082
v -0.08786152 -0.01819230 -0.03641682
v 0.05588874 -0.01047731 0.04476934
v 0.04953105 -0.00525449 0.04865981
v 0.05082755 -0.00350659 0.04679338
v 0.04187303 -0.00001318 0.05538387
v 0.04125101 -0.00038747 0.05626023
v 0.04189181 0.00033056 0.05543318
v 0.04238091 0.00075376 0.05457239
v 0.04196981 -0.00063509 0.05494063
v 0.04127924 -0.00100323 0.05591382
v 0.04027189 -0.00072415 0.05728460
v 0.04024113 -0.00138886 0.05702011
v 0.03873270 -0.00190499 0.05828008
v 0.03870895 -0.00119272 0.05853978
v 0.03675811 -0.00151996 0.05961197
v -0.07285650 -0.02657820 -0.04922180
v -0.06805514 -0.04173524 -0.03732004
v 0.03698388 -0.00106591 0.05954611
v 0.03686455 -0.00228345 0.05932857
v 0.03877602 -0.00249605 0.05787247
v 0.03688172 -0.00289862 0.05903617
v 0.04024547 -0.00201030 0.05649989
v 0.04136026 -0.00153218 0.05537770
v 0.04211162 -0.00103775 0.05438124
v 0.04280782 -0.00057041 0.05364922
v 0.04331071 0.00005919 0.05320572
v 0.04246695 -0.00142471 0.05368250
v 0.04318853 -0.00195678 0.05279921
v 0.04192092 -0.00260112 0.05401809
v 0.04154129 -0.00199071 0.05474231
v 0.04340298 -0.00083172 0.05290514
v 0.04424766 -0.00126971 0.05184416
v -0.08250390 -0.00410965 -0.02254710
v -0.08269824 -0.00359209 -0.02256576
v -0.08219003 -0.00437635 -0.02241735
v -0.08167548 -0.00509171 -0.02314059
v 0.04044055 -0.00245463 0.05588466
v 0.04058946 -0.00307458 0.05534627
v 0.03883817 -0.00364871 0.05673926
v 0.03877359 -0.00300935 0.05726914
v -0.08319604 -0.04519214 -0.02954897
v -0.08693787 -0.00474983 -0.03048963
v -0.08453421 -0.00714130 -0.02896235
v -0.08584742 -0.00515834 -0.02859668
v 0.03688677 -0.00343148 0.05839546
v 0.03705713 -0.00415291 0.05791771
v -0.09503110 -0.01512579 -0.04256297
v -0.09708960 -0.00792888 -0.04129723
v -0.09845033 -0.00752995 -0.04258998
v -0.09629333 -0.01507588 -0.04362625
v 0.03013173 -0.00136974 0.06108668
v 0.02964318 -0.00080297 0.06012880
v 0.03290571 -0.00086551 0.05956687
v 0.03393782 -0.00121195 0.06016093
v 0.03704184 -0.00099730 0.05924157
v -0.07167512 -0.04680465 -0.02425704
v -0.07944171 -0.01145257 -0.02952152
v -0.08055017 -0.01290879 -0.02910570
v 0.03592386 -0.00056734 0.05866378
v 0.03295818 -0.00047409 0.05826115
v 0.03119098 0.00187569 0.05527663
v 0.03256792 0.00193979 0.05489993
v 0.03540235 -0.00026472 0.05744230
v -0.08171543 -0.00670538 -0.02645402
v -0.08105502 -0.00594460 -0.02355431
v 0.02998529 -0.00029892 0.05879926
v 0.02975735 0.00197578 0.05542858
v 0.02696675 0.00015545 0.05920039
v -0.07596552 -0.03003482 -0.01777807
v 0.02838069 0.00209286 0.05577150
v 0.02442700 0.00063856 0.05956070
v 0.03116278 0.00891591 0.06406413
v 0.03132525 0.00948589 0.06431370
v 0.03669769 0.00919148 0.06314074
v 0.03588990 0.00866304 0.06293492
v 0.04317216 0.00430841 -0.09792190
v 0.04410660 0.02001899 -0.10033855
v 0.03114406 0.01661772 -0.11052474
v 0.03879109 0.00585142 0.06119982
v 0.03873926 0.00736505 0.06123824
v 0.04112785 0.00676988 0.05915045
v 0.04107246 0.00541414 0.05910053
v 0.03876163 0.00445638 0.06097189
v -0.09272018 0.00537784 -0.03627655
v -0.09349489 0.00400977 -0.03782972
v -0.09160227 0.00410902 -0.03541997
v -0.09141903 0.00490934 -0.03374164
v -0.09085344 0.00696033 -0.03161153
v -0.09027839 0.00750356 -0.03107883
v -0.09210454 0.00660873 -0.03441014
v -0.08404817 -0.00600803 -0.02705042
v -0.08506097 -0.00479599 -0.02756913
v 0.04086990 0.00402865 0.05881676
v 0.03605753 0.00488188 0.06300120
v -0.08118183 -0.03395150 -0.02777807
v -0.08168690 -0.03946094 -0.02864705
v -0.08950659 -0.02562171 -0.03963856
v -0.08873418 -0.02557357 -0.03703130
v -0.09032534 -0.01347921 -0.04637466
v -0.09077378 -0.00494043 -0.04467966
v -0.08901636 -0.00550912 -0.04286688
v -0.08907194 -0.01356202 -0.04509096
v 0.03608499 0.00645975 0.06322594
v 0.03600089 0.00791840 0.06305000
v 0.03937615 0.00470413 0.05455306
v 0.03864449 0.00485703 0.05534004
v -0.08381119 -0.01232498 -0.04182192
v -0.08071449 -0.01151562 -0.04142085
v -0.07880405 -0.01719905 -0.01969441
v -0.07825306 -0.01381270 -0.01689765
v -0.08054309 -0.00751364 -0.02581684
v -0.08070680 -0.00610960 -0.02402955
v -0.08389705 -0.02957299 -0.04192372
v -0.07962438 -0.03766329 -0.03577389
v -0.08388119 -0.03195407 -0.04053847
v -0.07560892 -0.03843058 -0.03377208
v -0.07521814 -0.03974018 -0.03161456
v -0.07766598 -0.03963722 -0.03326522
v 0.03958637 0.00417850 0.05669736
v 0.04061527 0.00407968 0.05534337
v 0.03990884 0.00444403 0.05384587
v 0.04113300 0.00409603 0.05434404
v 0.03545595 0.00448837 0.05286847
v 0.03509405 0.00457831 0.05324743
v 0.03451832 0.00462136 0.05376003
v -0.08534271 -0.03038500 -0.03535543
v -0.08743900 -0.02861510 -0.03752509
v 0.03569359 0.00429076 0.05262515
v -0.07806151 -0.01556690 -0.02599151
v -0.07686268 -0.01669130 -0.02811688
v -0.07617329 -0.01557399 -0.02582895
v -0.09020932 -0.01085924 -0.03527604
v -0.09042306 -0.01842684 -0.03724582
v -0.08507089 -0.00323774 -0.02240549
v 0.03587503 0.00401274 0.05250226
v -0.08205242 -0.01228165 -0.02394383
v -0.08276274 -0.00939246 -0.02137584
v -0.08811978 -0.00046264 -0.02170931
v -0.08685470 -0.00174263 -0.02254206
v -0.08598896 -0.00255130 -0.02247650
v -0.08678525 -0.00221040 -0.02140111
v -0.07114686 -0.02384101 -0.02916704
v -0.07322679 -0.02598286 -0.02758124
v -0.07499447 -0.02316251 -0.02637772
v 0.03605928 0.00367402 0.05248616
v 0.03577222 0.00340838 0.05256843
v 0.05906340 -0.02648744 0.04229005
v 0.05868507 -0.01545309 0.04304785
v -0.08976086 0.00630128 -0.02890168
v -0.09027094 0.00472812 -0.03023965
v -0.08787313 0.00039140 -0.03908715
v 0.06107433 -0.02290620 0.03835908
v 0.04158740 0.00066145 0.05522095
v -0.08566342 -0.00108946 -0.02659767
v -0.08535210 -0.00208719 -0.02793000
v 0.04209705 0.00113704 0.05439238
v -0.08468548 0.01078157 -0.02881163
v -0.08499568 0.00782701 -0.02608867
v -0.08463755 0.00805603 -0.02492822
v -0.08432918 0.01253900 -0.02406658
v 0.04095422 0.00105339 0.05490979
v -0.07428645 -0.04288776 -0.02871933
v -0.07693286 -0.04222322 -0.03145295
v -0.07673740 -0.04092821 -0.03175106
v -0.07483866 -0.04122659 -0.02982499
v -0.07801582 -0.02931419 -0.02858550
v -0.07640295 -0.02929961 -0.03066653
v 0.04139323 0.00153293 0.05418875
v -0.09041917 -0.02382030 -0.04224273
v -0.08983713 -0.02485399 -0.04137760
v -0.09114053 -0.02054625 -0.04255870
v -0.09154865 -0.01902689 -0.04320527
v 0.04260309 0.00170458 0.05363670
v 0.04302824 0.00145128 0.05365028
v 0.03864431 0.00063939 0.05586223
v 0.03454340 0.00233046 0.05401898
v 0.03518945 0.00254012 0.05357920
v -0.08096790 -0.00786082 -0.03091582
v -0.08057120 -0.00902742 -0.02997863
v -0.08374667 0.00374867 -0.02916633
v -0.08597787 0.00585383 -0.03008364
v -0.08584292 0.00738845 -0.02647400
v -0.08417099 0.00573653 -0.02673562
v -0.08967231 0.00150103 -0.04083178
v 0.03946951 0.00110018 0.05514741
v 0.03727972 0.00007573 0.05672042
v 0.03367130 0.00211176 0.05446300
v 0.03511448 0.00291418 0.05308980
v 0.03550170 0.00311160 0.05279242
v -0.08539221 -0.00360663 -0.02817593
v -0.08578694 -0.00330567 -0.02894714
v 0.03957086 0.00156275 0.05441086
v -0.08517403 -0.00328502 -0.02756188
v 0.04010694 0.00204974 0.05376349
v 0.04169581 0.00215219 0.05368929
v -0.08188510 -0.00657915 -0.02328961
v -0.08398988 -0.00769558 -0.02346565
v -0.08784026 0.00012473 -0.02312985
v -0.09044117 0.00372252 -0.02484943
v -0.08960569 0.00459281 -0.02618424
v -0.08740133 0.00097437 -0.02325360
v 0.04077509 0.00300504 0.05318613
v 0.04061056 0.00349711 0.05325539
v 0.04201828 0.00257640 0.05351812
v -0.08354063 -0.00193374 -0.02269768
v 0.04201512 0.00311851 0.05355339
v 0.04049144 0.00260812 0.05331315
v -0.02143827 -0.03143856 -0.10466497
v -0.02375263 -0.02027539 -0.10969348
v 0.04035429 0.00398153 0.05346647
v 0.04174622 0.00353128 0.05387236
v 0.04324101 0.00094330 0.05343852
v 0.04336362 0.00183167 0.05329572
v 0.04381843 0.00255579 0.05283397
v 0.04364672 0.00089284 0.05292452
v -0.08642429 0.00673050 -0.01931845
v -0.08657461 0.00870141 -0.02236604
v -0.08772656 0.00962744 -0.02274957
v -0.08705374 0.00751087 -0.01972632
v -0.09117377 0.00376820 -0.03361344
v 0.04431884 0.00102383 0.05220085
v 0.04397642 -0.00007502 0.05238442
v 0.04462820 0.00327666 0.05257777
v 0.04587725 0.00410192 0.05169082
v -0.09453356 0.00124553 -0.03902164
v -0.08145193 -0.01497220 -0.02830178
v -0.07869787 -0.01741997 -0.02968544
v 0.04552453 0.00119990 0.05119943
v 0.04489051 -0.00018349 0.05136284
v 0.04305771 0.00230129 0.05336550
v -0.06902567 -0.01796833 -0.02886940
v -0.06939978 -0.01685925 -0.02846974
v -0.07006370 -0.01703767 -0.02951658
v -0.06995618 -0.01784281 -0.03006806
v 0.04305191 0.00271793 0.05321688
v 0.04410931 0.00404537 0.05393542
v -0.07303422 -0.02303046 -0.03153548
v -0.07519460 -0.02407712 -0.03090684
v -0.07416716 -0.02575221 -0.02964671
v -0.07241426 -0.02441070 -0.03107219
v 0.04471057 0.00507673 0.05372496
v 0.04348303 0.00331822 0.05391838
v 0.04298253 0.00368412 0.05519488
v 0.04352176 0.00452769 0.05541882
v -0.06845091 -0.02049162 -0.02967428
v -0.06874685 -0.01912348 -0.02922186
v -0.06953008 -0.01935958 -0.03071198
v -0.06912977 -0.02077292 -0.03144892
v 0.04386443 0.00557913 0.05524759
v 0.04259521 0.00484166 0.05718227
v -0.08903782 0.00655876 -0.02720154
v -0.09063914 0.00669140 -0.02922362
v 0.04279650 0.00611614 0.05711079
v 0.04216918 0.00378357 0.05678691
v 0.04278165 0.00318306 0.05386920
v -0.09654962 -0.00051083 -0.03780648
v -0.09683722 -0.00235706 -0.03924044
v -0.09374663 0.00453960 -0.03561909
v -0.09429475 0.00294952 -0.03724050
v 0.04229176 0.00353641 0.05481572
v 0.04154580 0.00361804 0.05619026
v 0.04038719 0.00358934 0.05797654
v -0.07817056 -0.02466261 -0.02033020
v -0.07920851 -0.02421210 -0.02194912
v -0.07881983 -0.02577440 -0.02225343
v -0.09778529 0.00187678 -0.03697066
v -0.09714808 0.00517891 -0.03841873
v -0.07708476 -0.04264191 -0.02003352
v -0.07612149 -0.04452800 -0.01899115
v -0.04765797 -0.11733940 -0.01489895
v -0.05767446 -0.10946623 -0.02686224
v -0.05660943 -0.11967592 -0.02799017
v -0.04638126 -0.12711623 -0.01657718
v -0.08727578 0.00240713 -0.01959712
v -0.08592767 0.00511599 -0.01888155
v 0.03851381 0.00386863 0.06006253
v 0.03768062 0.00431683 0.05844908
v 0.03580599 0.00425158 0.06199367
v -0.06846977 -0.02242648 -0.03041734
v -0.06847251 -0.02254001 -0.03040788
v -0.07101312 -0.02438240 -0.03039282
v -0.07324138 -0.01916840 -0.02697107
v -0.06968065 -0.01843834 -0.02823490
v 0.03504930 0.00432424 0.05992599
v 0.03172339 0.01058576 0.06526819
v 0.03745162 0.01059672 0.06360464
v 0.03444880 0.00514054 0.05801433
v 0.03216502 0.00461138 0.05513097
v 0.03067993 0.00461766 0.05548920
v 0.03159060 0.00473762 0.05901440
v -0.07372607 -0.02155874 -0.03130013
v 0.02172142 0.00311659 0.05940822
v 0.02274116 0.00370961 0.06003985
v -0.07350353 -0.01661192 -0.02901943
v -0.07331569 -0.01577588 -0.02753194
v -0.07387739 -0.02915033 -0.02722815
v -0.07490832 -0.02982859 -0.02918952
v -0.07643255 -0.03092704 -0.02612121
v -0.06941149 -0.02271567 -0.03178551
v -0.08177499 -0.00684264 -0.02878579
v 0.02623134 0.00392887 0.05622681
v 0.02565082 0.00377779 0.05598544
v 0.01999083 0.00290001 0.06023097
v 0.02142898 0.00362779 0.06110889
v -0.07649884 -0.02134319 -0.03103785
v -0.07763483 -0.02325548 -0.03334209
v -0.07678736 -0.02514347 -0.03274787
v -0.07578188 -0.02307118 -0.03122355
v -0.08352954 -0.03353790 -0.03431857
v -0.08362322 -0.03174621 -0.03398967
v -0.07578994 -0.02728483 -0.03585119
v -0.07924964 -0.02816736 -0.03388260
v -0.08173161 -0.01233756 -0.02787453
v -0.08312128 -0.01002331 -0.02491454
v -0.07881211 -0.01539919 -0.02652207
v -0.07669114 -0.01931016 -0.02983261
v -0.07834917 -0.02129555 -0.03245023
v -0.07341097 -0.01802002 -0.02697858
v -0.07655986 -0.01799224 -0.02540265
v -0.07635777 -0.01689163 -0.02556074
v -0.07343163 -0.01701440 -0.02710764
v -0.08701184 -0.00175822 -0.02908845
v -0.08424686 0.00306141 -0.01744420
v -0.08580892 -0.00000387 -0.01907870
v -0.08627746 0.01717265 -0.03924019
v -0.08432648 0.01009622 -0.04588404
v -0.08428158 0.00842780 -0.03321195
v -0.07456298 -0.01991862 -0.03092794
v -0.06969436 -0.01635829 -0.02849322
v -0.07034226 -0.01703477 -0.02835625
v -0.08983384 -0.02847592 -0.04085065
v -0.07704657 -0.03183645 -0.02571698
v -0.08085337 -0.00830000 -0.02414075
v -0.08956160 -0.01876214 -0.04626247
v -0.08830348 -0.02450112 -0.04546788
v -0.08063171 -0.00693225 -0.02407434
v -0.08083425 -0.00593393 -0.02390140
v -0.07578678 -0.02970971 -0.03017549
v -0.07747741 -0.03009456 -0.02747508
v -0.08110954 -0.00573368 -0.02359125
v -0.07941126 -0.02440574 -0.02341296
v -0.09104909 -0.00123670 -0.03346010
v 0.02627683 0.00420022 0.06020462
v 0.02805882 0.00418120 0.05632918
v -0.08054589 -0.04077666 -0.03636767
v -0.07865763 -0.04266592 -0.03360058
v 0.02699197 0.00404512 0.05635045
v -0.07015919 -0.01749629 -0.02795252
v 0.02450619 0.00397303 0.06013385
v -0.07293577 -0.02560278 -0.02895664
v -0.07375330 -0.01827200 -0.02960576
v 0.02554164 0.00419792 0.06211195
v 0.02319907 0.00402439 0.06168568
v 0.03174066 0.00438830 0.06116752
v -0.07859978 -0.02032793 -0.02469437
v -0.07809446 -0.02249255 -0.02482938
v -0.07969303 -0.02221865 -0.02281805
v 0.01106194 0.07815340 -0.10760941
v 0.01091671 0.06325517 -0.11399174
v -0.08046235 -0.02728831 -0.03534098
v -0.07699671 -0.02491759 -0.03733495
v -0.07859550 -0.02378738 -0.03896727
v -0.08255383 -0.02594641 -0.03612950
v -0.08667985 -0.02987741 -0.04411844
v -0.08469231 -0.03484644 -0.04166907
v -0.08654617 -0.03654728 -0.04190549
v -0.08928274 -0.03116779 -0.04423286
v 0.03088214 0.06443524 -0.10526145
v 0.03053584 0.07737736 -0.09987626
v -0.08763587 0.03448941 -0.04463319
v -0.08653522 0.02162727 -0.03138844
v -0.08778275 0.03891687 -0.03223739
v -0.08913838 0.00816889 -0.03461364
v -0.08901405 0.00626085 -0.03663213
v -0.09439619 0.00719844 -0.03895615
v -0.08374061 0.01015956 -0.01975023
v -0.08436923 0.00807938 -0.02367974
v -0.08626068 0.00785975 -0.02218307
v -0.09380846 -0.01384862 -0.04723079
v 0.03684201 0.00506136 0.05681844
v 0.03348539 0.00463553 0.05446952
v 0.04083441 0.07761408 -0.09219129
v 0.03983046 0.08555260 -0.08759871
v 0.03081820 0.08801465 -0.09255643
v 0.03181219 -0.06034315 -0.08850040
v 0.02201815 -0.07077672 -0.09699585
v -0.08096077 -0.00796728 -0.01826590
v -0.08309859 -0.00754320 -0.02018081
v 0.01794923 0.00244620 0.06137227
v -0.08310547 -0.02820047 -0.04257302
v 0.01981978 0.00319668 0.06204120
v -0.08372320 -0.02846792 -0.03378716
v -0.08619563 -0.02739429 -0.03520342
v -0.09430413 0.00664461 -0.02812866
v -0.09171154 0.00436697 -0.02644758
v 0.01663815 0.00175609 0.06083310
v 0.01572815 0.00170125 0.06087093
v 0.01710897 0.00257457 0.06150433
v 0.01876693 0.00345049 0.06219105
v 0.02212131 0.00379707 0.06267150
v 0.02126275 0.00408638 0.06320050
v 0.02480224 0.00459700 0.06426410
v 0.02488022 0.00406997 0.06341638
v 0.03203596 0.00439968 0.06328716
v 0.03210955 0.00511080 0.06424470
v 0.02421133 0.00578775 0.06423960
v 0.02061352 0.00500521 0.06291420
v 0.02340129 0.00731728 0.06410947
v 0.02036484 0.00642108 0.06286909
v 0.03178155 0.00809917 0.06416970
v 0.03223967 0.00666127 0.06441511
v 0.01968827 -0.00002566 0.06103557
v 0.01737668 0.00018601 0.06089874
v 0.02030530 0.00032929 0.06080408
v 0.01798796 0.00053628 0.06058617
v 0.02144348 0.00079708 0.06008648
v 0.01690816 0.00093043 0.06047919
v 0.01599853 0.00072597 0.06073218
v -0.00931238 -0.13369161 0.01287739
v -0.00897209 -0.13951024 0.00781647
v 0.02250387 0.00112088 0.05944570
v 0.01619431 0.00277743 0.06106087
v 0.01479542 0.00168393 0.06074856
v 0.01496755 0.00391877 0.06041772
v 0.01403724 0.00206636 0.06051806
v 0.01755337 0.00586499 0.06141490
v 0.01789654 0.00412276 0.06158059
v 0.01499750 0.00060849 0.06066532
v 0.01579688 0.00006470 0.06084589
v 0.01433706 0.00083423 0.06053830
v 0.01514411 0.00016162 0.06070536
v 0.02272506 -0.00280053 0.06164066
v 0.02253882 -0.00319503 0.06143822
v 0.01922764 -0.00149950 0.06134000
v 0.01864431 -0.00162457 0.06115978
v 0.03119856 -0.00528668 0.06007485
v 0.03420936 -0.00519385 0.05907124
v 0.03099544 -0.00634704 0.06009906
v -0.00732459 -0.03290001 0.07904308
v -0.00833967 -0.03286340 0.07781149
v -0.00696715 -0.03111522 0.07702317
v -0.00661964 -0.03120896 0.07760594
v 0.03418517 -0.00623767 0.05896455
v 0.02596878 -0.00608925 0.06111619
v 0.02639559 -0.00515886 0.06101697
v 0.03549379 -0.13102841 -0.00960784
v 0.04404735 -0.00274089 0.05202159
v 0.04529652 -0.00379136 0.05132329
v 0.04361919 -0.00464683 0.05289267
v 0.04256421 -0.00334841 0.05335188
v 0.04086674 -0.00389998 0.05475510
v -0.00768624 -0.04110094 0.07698966
v -0.00710715 -0.03967796 0.07657648
v -0.00838090 -0.03953661 0.07566977
v -0.00936696 -0.04070694 0.07629348
v 0.04149969 -0.00526009 0.05452154
v 0.03917826 -0.00569230 0.05613801
v 0.03881069 -0.00448597 0.05628417
v 0.03704002 -0.00486326 0.05760868
v 0.03703441 -0.00609174 0.05756887
v 0.04721074 0.00108596 0.04971379
v 0.04783674 0.00454291 0.04958418
v 0.04882748 0.00068763 0.04798391
v 0.04999985 0.00440760 0.04742268
v 0.01292797 0.00519520 0.06046713
v -0.00580192 -0.03102728 0.07727842
v -0.00466355 -0.03323556 0.07942608
v -0.00563026 -0.03323726 0.08013963
v -0.00611780 -0.03113114 0.07753450
v 0.01273182 0.00264769 0.06007063
v 0.01133567 0.00617678 0.06149460
v 0.01130537 0.00341801 0.06085423
v 0.01265854 0.00898642 0.06272223
v 0.01459181 0.00781999 0.06154155
v 0.01349392 0.00107560 0.06054850
v 0.01447674 0.00006758 0.06054158
v 0.01242125 0.00099977 0.06084105
v 0.01367830 -0.00042726 0.06091524
v 0.02207206 -0.00380771 0.06134073
v 0.02162357 -0.00468958 0.06137401
v 0.01811721 -0.00206974 0.06122020
v 0.01730520 -0.00286196 0.06128749
v 0.04180687 -0.00747147 -0.09549565
v 0.04435078 0.03609639 -0.09970885
v 0.04411318 0.01466009 0.06123565
v 0.04195999 0.01221410 0.06149424
v 0.03859443 0.01297078 0.06404787
v 0.04009369 0.01566519 0.06468068
v 0.04662500 0.01804209 0.05984572
v 0.04899981 0.01549864 0.05626094
v 0.04681332 0.01302403 0.05782893
v 0.04462387 0.01102766 0.05871628
v 0.04843855 0.00715517 0.05063220
v 0.04676085 0.00686630 0.05221869
v 0.04671678 0.00836647 0.05374427
v 0.04835045 0.00907489 0.05244302
v 0.05054065 0.00735688 0.04852116
v 0.05071887 0.00995269 0.05066101
v 0.04777043 0.01088288 0.05494450
v 0.04587585 0.00965897 0.05599932
v 0.05025255 0.01240055 0.05343700
v 0.02060177 0.01290675 0.06573093
v 0.02128531 0.01130410 0.06472927
v 0.01855788 0.00935841 0.06313695
v 0.01705410 0.01042102 0.06353527
v 0.01921044 0.01403536 0.06655394
v 0.01489000 0.01149241 0.06420326
v 0.03336237 0.01571166 0.06747339
v 0.03264462 0.01343422 0.06621611
v 0.02301747 0.00850316 0.06402232
v 0.02107374 0.00750531 0.06341589
v 0.02236028 0.00893038 0.06379029
v 0.02018947 0.00765727 0.06299343
v 0.04894961 0.09369281 -0.06833157
v 0.05137545 0.09757024 -0.05511081
v 0.03429842 0.10859939 -0.05893873
v 0.03321143 0.10330638 -0.07231304
v 0.03867093 0.00796057 0.06153106
v 0.03943403 0.00856970 0.06131867
v 0.04178639 0.00809855 0.05910777
v 0.04113646 0.00751394 0.05949671
v 0.04302354 0.00703917 0.05724102
v 0.04362028 0.00771019 0.05696100
v 0.04467986 0.00705451 0.05505456
v 0.04419269 0.00658633 0.05536405
v 0.04479314 0.00609959 0.05402781
v 0.04527735 0.00625658 0.05348533
v 0.02019686 0.00878649 0.06340077
v 0.02211894 0.00968350 0.06428336
v 0.04255597 0.06617692 -0.09584684
v 0.04004676 0.05389738 0.05715808
v 0.04687280 0.05170983 0.05031330
v 0.04514240 0.04441409 0.05461003
v 0.04024677 0.00994984 0.06157297
v 0.04279706 0.00922996 0.05909581
v 0.04449219 0.00853680 0.05666980
v 0.04552348 0.00767647 0.05465763
v 0.04593639 0.00697009 0.05338479
v 0.06954658 -0.02078776 -0.01942275
v 0.06968017 -0.02047841 -0.02115246
v 0.07477300 -0.00637749 -0.04496913
v 0.07241120 -0.00042375 -0.04263452
v 0.07120662 0.00267527 -0.04054885
v 0.07691950 0.00825858 -0.02531867
v 0.07868758 0.01189124 -0.02758521
v 0.07976173 -0.02552193 -0.04188707
v 0.07657769 -0.02829128 -0.03849480
v -0.09474616 0.00980704 -0.02826163
v 0.07947524 -0.02447141 -0.04220505
v 0.08489579 0.00966823 -0.03763156
v 0.08528377 0.00833972 -0.03934164
v 0.08623857 0.00794783 -0.03911737
v 0.03572967 -0.03039925 -0.09045175
v 0.03973407 -0.01682700 -0.09375951
v 0.08549065 0.00687726 -0.04106689
v 0.07106381 -0.01543609 -0.02264809
v 0.07600993 -0.00667327 -0.04525030
v 0.07768011 -0.00673134 -0.04708761
v 0.07871911 -0.01161760 -0.04836640
v 0.07788402 -0.01131653 -0.04762831
v 0.07818685 -0.01703222 -0.04760342
v 0.07739651 -0.01639135 -0.04699938
v 0.08085236 -0.02104051 -0.04416952
v 0.08083098 -0.01616223 -0.04602014
v 0.07966441 0.01256464 -0.02890330
v 0.07961432 0.01169302 -0.02831068
v 0.08045305 0.01264823 -0.02933848
v 0.07187062 -0.01628933 -0.02430313
v 0.07523637 0.00601609 -0.02574324
v 0.07510993 0.00393154 -0.02435810
v 0.07478721 0.00446475 -0.02475769
v 0.06947453 -0.01090949 -0.02732691
v 0.06922071 -0.01009417 -0.02730776
v 0.07074152 -0.01234008 -0.02723015
v 0.07257207 -0.01387784 -0.02536904
v 0.06691837 -0.02130068 -0.02910461
v 0.06648707 -0.02180675 -0.03072734
v 0.06601702 -0.02265038 -0.03019320
v 0.08202788 0.01876726 -0.03128625
v 0.07526661 0.00290568 -0.02413511
v 0.07642655 0.00399341 -0.02431947
v 0.07698490 0.00516439 -0.02444698
v 0.08118483 0.01197700 -0.02962017
v 0.07747602 0.00610321 -0.02451407
v 0.07641236 0.00618432 -0.02469578
v 0.07768530 0.00795130 -0.02524263
v 0.07573872 0.00634108 -0.02505690
v 0.07116839 -0.01614988 -0.04204415
v 0.07022657 -0.01665982 -0.04012569
v 0.07044259 -0.00065073 -0.01578642
v 0.07110453 -0.00243463 -0.01816941
v 0.07564038 -0.02954217 -0.03647960
v 0.07202443 0.00756608 -0.03362176
v 0.07305289 0.01092056 -0.03487507
v 0.08249328 -0.01181582 -0.04650680
v 0.07576398 -0.02014910 -0.03837641
v 0.07366528 -0.02147826 -0.03736563
v 0.07800186 -0.01838434 -0.03943634
v 0.08002719 -0.01545740 -0.04038809
v 0.07178462 -0.00224209 -0.02955641
v 0.08080228 0.00335850 -0.03459770
v 0.08116231 0.00143122 -0.03627601
v 0.07941177 0.00327414 -0.03325361
v 0.07420310 0.01404471 -0.03260440
v 0.07449614 0.01346319 -0.03024980
v 0.07146801 0.01037153 -0.03216729
v 0.07434620 0.01158468 -0.03014194
v 0.06876532 -0.01797051 -0.02810624
v 0.06631206 -0.02295289 -0.03281776
v 0.06833050 -0.02137482 -0.03410019
v 0.06731020 -0.02335206 -0.03401608
v 0.06877368 -0.02214524 -0.03557460
v 0.06891403 -0.02066326 -0.03680776
v 0.06932496 -0.01873303 -0.03764009
v 0.07062916 -0.01670874 -0.03727339
v 0.06836864 -0.01384378 -0.02784629
v 0.07400905 0.01282807 -0.02119074
v 0.06793055 -0.01564685 -0.02826908
v 0.06981037 -0.01220498 -0.02735730
v 0.06980027 -0.01395835 -0.02737913
v 0.06935763 -0.01589029 -0.02756157
v 0.07228320 -0.02552981 -0.03189673
v 0.07221654 -0.02359108 -0.03407441
v 0.07133595 -0.02503843 -0.03105006
v 0.07255812 -0.02267450 -0.03610489
v 0.07034718 -0.02467935 -0.03047956
v 0.07361550 0.00844991 -0.03278842
v 0.07438580 0.01138737 -0.03202140
v 0.06936492 -0.01761039 -0.01702764
v 0.06266645 -0.01687437 0.03407205
v 0.06355937 -0.00664095 0.03014028
v 0.02923811 -0.07069890 0.04545077
v 0.02856070 -0.07389315 0.04522110
v 0.05627632 -0.02975066 0.04620576
v 0.05214363 -0.03350762 0.05052373
v 0.02818006 -0.06767296 0.05816500
v 0.02715952 -0.06859708 0.05807029
v 0.02630889 -0.06809521 0.05856996
v 0.02723888 -0.06766804 0.05829209
v 0.02529816 -0.06741394 0.05689014
v 0.02617289 -0.06727794 0.05617630
v 0.02627449 -0.06742996 0.05750547
v 0.02538422 -0.06761880 0.05825323
v 0.03043075 -0.05147049 0.06323420
v 0.03373270 -0.04718699 0.06296882
v 0.03704214 -0.05176437 0.06041014
v 0.03402621 -0.05548986 0.06088784
v 0.02741987 -0.06813462 0.04865751
v 0.02720443 -0.06658742 0.04951480
v 0.02656087 -0.06672541 0.05245580
v 0.02660824 -0.06764820 0.05187936
v 0.02739718 -0.06915674 0.04824953
v 0.02648710 -0.06788848 0.05163309
v 0.02912629 -0.06889713 0.04589361
v 0.02876421 -0.06635108 0.04677565
v 0.03707931 -0.07406878 0.05297805
v 0.03351224 -0.07186878 0.05486782
v 0.03446452 -0.06849353 0.05611004
v 0.03792548 -0.06919774 0.05445023
v 0.02581987 -0.03870974 0.06573872
v 0.03004599 -0.04263065 0.06472867
v 0.02751616 -0.04733074 0.06439724
v 0.02298402 -0.04259094 0.06556021
v 0.01888512 -0.03797167 0.06710757
v 0.02151222 -0.03429127 0.06674756
v 0.01647541 -0.03035856 0.07186727
v 0.01748913 -0.03415617 0.07237777
v 0.01704466 -0.03587125 0.07558091
v 0.01717451 -0.03333995 0.07483578
v 0.01549894 -0.03972856 0.07343359
v 0.01764866 -0.03616408 0.07053226
v 0.01158444 -0.04151540 0.07397972
v -0.01176025 -0.04042187 0.07702278
v -0.01056302 -0.03868167 0.07671425
v -0.01079435 -0.03844247 0.07846614
v -0.01292522 -0.03964530 0.07896543
v 0.01133349 -0.04114431 0.07495978
v 0.01563981 -0.03990700 0.07185143
v -0.00389863 -0.04045422 0.08507687
v -0.00502951 -0.03850572 0.08533385
v -0.00409634 -0.03918736 0.08308897
v -0.00402922 -0.04097994 0.08244161
v 0.01591384 -0.04063117 0.06985452
v 0.01214699 -0.04203302 0.07277174
v 0.01064414 -0.04060061 0.07592335
v 0.01358457 -0.03998583 0.07591704
v -0.00704829 -0.03802295 0.08466604
v -0.00887653 -0.03835044 0.08657461
v -0.01068465 -0.03817365 0.08473179
v -0.00860454 -0.03821225 0.08302414
v -0.00459101 -0.03690268 0.07898696
v -0.00539115 -0.03907853 0.07983264
v -0.00380557 -0.03671448 0.08204643
v -0.01039435 -0.03626091 0.07741139
v -0.01016044 -0.03695426 0.07619075
v -0.00844645 -0.03364895 0.07657974
v -0.00868337 -0.03332772 0.07654195
v 0.01504934 -0.03800793 0.07783465
v 0.00443221 -0.04106768 0.08457366
v 0.00571868 -0.04002799 0.08678594
v 0.00829631 -0.00713292 0.07456726
v 0.01107357 -0.01013169 0.07117535
v 0.00854684 -0.01024404 0.07652515
v 0.01117541 -0.01280835 0.07300606
v 0.01431706 -0.03638402 0.08167827
v 0.01561940 -0.03421348 0.08048900
v 0.01186722 -0.03604090 0.08559693
v 0.01268857 -0.03325767 0.08576865
v 0.00297099 0.00736926 0.07537390
v 0.00246809 -0.04393102 0.07981713
v 0.00285010 -0.04446315 0.07924054
v 0.00221697 -0.04295129 0.08171573
v 0.01166256 0.09847885 -0.09088518
v 0.01221587 0.10882803 -0.07768790
v 0.01179713 0.11788680 -0.05254785
v 0.00982293 0.11987229 -0.03953148
v 0.00716574 -0.06208960 0.07688887
v 0.00685566 -0.05906041 0.07765298
v 0.01454980 -0.06418961 0.05903524
v 0.00887859 -0.06462690 0.06073802
v 0.00885189 -0.06609149 0.06364167
v 0.01454074 -0.06599388 0.06200048
v 0.01845954 -0.06570236 0.06003091
v 0.01890176 -0.06405457 0.05687390
v 0.01481735 -0.06246350 0.05679191
v 0.00899981 -0.06276032 0.05812784
v 0.01411459 -0.06795525 0.06739080
v 0.00876412 -0.06797408 0.06983801
v 0.00815243 -0.06687866 0.07254773
v 0.01382532 -0.06674653 0.06987944
v 0.01898445 -0.04460865 0.06788860
v 0.01487807 -0.04460026 0.07071386
v 0.01072573 -0.04543648 0.07437861
v 0.00733770 -0.04620964 0.07690940
v 0.00643737 -0.04419848 0.07734916
v 0.00900711 -0.04321388 0.07534454
v 0.00594911 -0.04337622 0.07771921
v 0.00838776 -0.04251797 0.07591512
v 0.00810045 -0.04194052 0.07646453
v 0.00841229 -0.04111330 0.07680031
v 0.00667806 -0.04138250 0.07814272
v 0.00709693 -0.04064659 0.07810145
v 0.00576531 -0.04274371 0.07816005
v 0.00431905 -0.01804078 0.08868423
v 0.00397184 -0.01408178 0.08637014
v 0.01175077 -0.05690211 0.07614250
v 0.00670902 -0.05662145 0.07772274
v 0.00534212 -0.05206858 0.07779598
v 0.00999515 -0.05189960 0.07643756
v 0.01488741 -0.05213530 0.07363399
v 0.01706113 -0.05813070 0.07281702
v 0.00329211 -0.04517851 0.07874738
v 0.01214543 -0.05950168 0.07557001
v 0.01260767 -0.06222527 0.07446980
v 0.01753715 -0.06074997 0.07203093
v 0.01783517 -0.06307263 0.07073169
v 0.02196116 -0.05997127 0.06842001
v 0.02048318 -0.05344940 0.06989713
v 0.02639797 -0.05496895 0.06554125
v 0.02603136 -0.06202174 0.06423102
v 0.03405914 -0.06528046 0.05792062
v 0.02963025 -0.06787270 0.05777983
v 0.02957645 -0.06652251 0.05867700
v 0.02925732 -0.06529686 0.05996469
v 0.03324199 -0.06206629 0.05976159
v 0.03723601 -0.06443741 0.05654315
v 0.03613635 -0.05982268 0.05865390
v 0.03097025 -0.05849275 0.06216365
v 0.02825903 -0.06370044 0.06160839
v 0.02832080 -0.06677543 0.05900932
v 0.02738003 -0.06717996 0.05875003
v 0.02795327 -0.06608196 0.06003046
v 0.02706377 -0.06674028 0.05961380
v 0.02725325 -0.06530438 0.06129225
v 0.02642899 -0.06629133 0.06066332
v 0.02514608 -0.06561094 0.06236814
v 0.02567263 -0.06416818 0.06338700
v 0.02524044 -0.06710740 0.05777979
v 0.02402660 -0.06714965 0.05900240
v 0.02414688 -0.06719257 0.06034161
v 0.02527482 -0.06718877 0.05891093
v 0.02605064 -0.06712860 0.05670218
v 0.02592992 -0.06725357 0.05804230
v 0.02599191 -0.06627037 0.05329791
v 0.02503913 -0.06581108 0.05427821
v -0.05155655 -0.10088608 -0.01163883
v -0.05924147 -0.09559721 -0.02616093
v 0.02654227 -0.06711657 0.05612426
v 0.02663143 -0.06726727 0.05713932
v 0.02650609 -0.06751674 0.05838510
v 0.02636928 -0.06711320 0.05896647
v 0.02574342 -0.06687616 0.05988663
v 0.02458672 -0.06659072 0.06128703
v 0.01794823 -0.06499185 0.06897740
v 0.02172920 -0.06424627 0.06662223
v 0.02161482 -0.06578019 0.06498965
v 0.01804540 -0.06693679 0.06673335
v 0.02147136 -0.06701650 0.06343903
v 0.01955273 -0.06241504 0.05439229
v 0.01805418 -0.06777497 0.06451140
v 0.02284085 -0.06411166 0.05377651
v 0.02386923 -0.06264302 0.05137325
v 0.02209081 -0.06554252 0.05703463
v 0.02671946 -0.06563334 0.05041371
v 0.02580485 -0.06465352 0.05129521
v 0.02807255 -0.06464879 0.04772627
v 0.02698843 -0.06340921 0.04889179
v 0.02143431 -0.06733851 0.06176340
v 0.02192785 -0.06237378 0.06768012
v 0.01308208 -0.06453019 0.07235843
v 0.00766870 -0.06450390 0.07489479
v -0.03553621 -0.01552258 0.06178543
v -0.03462181 -0.01840116 0.06267098
v -0.03053372 -0.01706735 0.06359891
v -0.03159218 -0.01449458 0.06269996
v 0.00548302 -0.02703710 0.09374468
v 0.00491682 -0.02214891 0.09110310
v 0.02568837 -0.06781331 0.05872728
v 0.01251319 -0.14299798 0.00307700
v -0.08008786 -0.02040466 -0.02160790
v -0.07932960 -0.01982266 -0.02049101
v -0.08907181 0.00400067 -0.03871512
v 0.02856525 -0.06928834 0.05738155
v 0.02694940 -0.07144906 0.04787351
v 0.02575546 -0.06852464 0.05127148
v 0.03417992 -0.07920191 0.05242140
v 0.02912098 -0.08325777 0.05456922
v 0.02724537 -0.07915959 0.05662536
v 0.03127670 -0.07575198 0.05441807
v 0.02427000 -0.07342376 0.05993516
v 0.02697995 -0.07093893 0.05818251
v -0.09238316 0.00576407 -0.03502973
v 0.02566652 -0.06988958 0.05925683
v 0.02302434 -0.07139354 0.06136141
v 0.02228489 -0.06977227 0.06231094
v 0.02480510 -0.06894629 0.05985050
v 0.02041256 -0.06776063 0.06176289
v 0.01569680 -0.06754960 0.06450447
v 0.01543502 -0.07075909 0.05876189
v 0.02033417 -0.07079436 0.05626412
v 0.02501746 -0.07022554 0.05337895
v 0.02401983 -0.06769878 0.05807431
v -0.08936521 0.00936433 -0.03241552
v -0.08894137 0.00997450 -0.02751356
v -0.08707159 0.00868394 -0.02695110
v -0.08732516 0.00764727 -0.03118112
v 0.02096032 -0.06782138 0.06247775
v 0.02396504 -0.06788789 0.05950086
v 0.01655309 -0.06779011 0.06578916
v 0.02385001 -0.13811696 -0.00229652
v 0.02440840 -0.06819117 0.05993686
v 0.02158982 -0.06835429 0.06249014
v 0.01728901 -0.06882147 0.06615768
v 0.01809175 -0.07074121 0.06605475
v 0.01884961 -0.07300073 0.06553263
v 0.01964686 -0.07585245 0.06410734
v 0.02200958 -0.08322717 0.06035471
v 0.02352113 -0.08826876 0.05824538
v 0.01564424 -0.08547880 0.06412823
v 0.01692387 -0.09096643 0.06304050
v 0.01450218 -0.07758698 0.06801097
v 0.01403320 -0.07419465 0.06961627
v 0.01338988 -0.07146949 0.06973401
v 0.01273641 -0.06924766 0.06945028
v 0.00402024 -0.04677259 0.07816118
v 0.00547294 -0.04153266 0.07953792
v 0.00445391 -0.04141942 0.08183830
v 0.00795238 -0.03852765 0.08779481
v 0.00219600 -0.04245156 0.08423224
v 0.01048038 -0.03661454 0.08742178
v 0.00887665 -0.03745767 0.08888965
v 0.00951941 -0.03584305 0.08999127
v 0.01060736 -0.03494496 0.08886404
v 0.00757127 -0.03842175 0.09016977
v 0.00881801 -0.03627205 0.09107958
v 0.00382014 -0.04011390 0.09196768
v 0.00475937 -0.03690245 0.09453962
v 0.00561476 -0.03109705 0.09519397
v 0.00521036 -0.03461414 0.09539302
v 0.00997561 -0.03427323 0.09080558
v 0.01108953 -0.03206377 0.08938205
v -0.09630574 0.00490554 -0.03316277
v 0.01105245 -0.02866528 0.08775432
v 0.01296680 -0.03015375 0.08375908
v 0.00197127 0.11722536 0.00413777
v 0.01193768 -0.06792501 0.06887215
v 0.01077513 -0.06742571 0.06709295
v -0.07829279 -0.03342044 -0.02559485
v -0.08858322 -0.00529324 -0.03226886
v 0.01586390 -0.07961940 0.05007908
v 0.01558855 -0.07572419 0.05313442
v 0.01046016 -0.07617653 0.05490895
v -0.08835440 0.00999785 -0.02493310
v -0.09154628 0.01119560 -0.02523248
v 0.01067526 -0.08018732 0.05196501
v 0.00661020 -0.06725102 0.06848228
v -0.09341408 -0.01464588 -0.04265960
v -0.09699934 0.00387383 -0.03518580
v -0.09544466 0.00219845 -0.03451249
v -0.08920369 0.00154295 -0.02196426
v -0.08115990 -0.02092756 -0.03944112
v -0.08664741 -0.02152030 -0.03670856
v -0.08480190 -0.02428075 -0.03652094
v -0.08020531 -0.02284961 -0.03944292
v -0.08024497 -0.01012818 -0.02982412
v 0.00641459 -0.07073987 0.06172922
v 0.01048025 -0.07064036 0.06067074
v 0.00716080 -0.06792453 0.07035643
v 0.00782283 -0.06941487 0.07129246
v 0.00839437 -0.07182987 0.07199164
v 0.00636748 -0.07636131 0.05576057
v 0.00657707 -0.08072119 0.05277184
v -0.07591492 -0.02974391 -0.01535104
v 0.02544080 -0.07335277 0.04882888
v -0.08316708 -0.03837058 -0.03197980
v -0.08417859 -0.03688221 -0.03427203
v -0.03754579 -0.03254823 -0.09836124
v -0.04166532 -0.02076755 -0.10248323
v -0.09567345 -0.01448736 -0.04570256
v 0.02609921 -0.07654876 0.04602771
v 0.02086476 -0.07550786 0.05134645
v 0.02135799 -0.07824448 0.04850511
v 0.01013132 -0.09194294 0.06688877
v 0.00908271 -0.08660385 0.06716909
v 0.00902147 -0.07485900 0.07189519
v 0.00888957 -0.07858224 0.07027192
v 0.01231878 0.11467322 -0.06553652
v 0.05662208 0.06135815 0.02926466
v 0.05563662 0.05363222 0.03538527
v -0.08955741 0.00707015 -0.02847147
v 0.04895449 0.05932077 0.04370210
v 0.05026973 0.06566353 0.03772888
v 0.05686736 0.07031655 0.02290070
v 0.05045424 0.07344081 0.03165926
v 0.03118511 0.11396345 -0.01677899
v 0.03218896 0.11094465 -0.00298460
v 0.01311973 0.11536242 0.00222015
v 0.02559658 0.11613487 -0.03030521
v 0.03796271 0.11013650 -0.04130261
v 0.04070608 0.10964514 -0.02186715
v 0.04106598 0.10687046 -0.00689268
v -0.08006567 -0.03379365 -0.02680968
v -0.08003202 -0.03960346 -0.02548349
v -0.07858223 -0.03903097 -0.02365718
v -0.08557788 -0.00284269 -0.02867496
v 0.02238343 -0.08197396 -0.10010626
v 0.04395442 0.04886395 -0.09840798
v 0.04020504 0.10349084 0.00643364
v 0.03199214 0.10680877 0.01010177
v 0.03195492 0.10169342 0.02152149
v 0.03930656 0.09922874 0.01740553
v 0.01351115 0.11055817 0.01576614
v 0.00252940 0.11196832 0.01808465
v 0.01038587 0.01324087 -0.11843035
v 0.00380013 -0.01013129 0.08422217
v 0.04278258 -0.04865817 -0.07740416
v 0.05320256 -0.05142913 -0.06022356
v 0.05919428 -0.10654864 -0.04486522
v 0.06653143 -0.03155283 -0.03787834
v 0.06600379 -0.03071724 -0.03840555
v 0.05715936 -0.06941240 -0.04367684
v 0.05728341 -0.05519853 -0.04235127
v 0.03272586 -0.04618209 -0.08850459
v 0.07413409 -0.01821098 -0.04651681
v 0.07474303 -0.01437968 -0.04669224
v 0.07568967 -0.01913004 -0.04636907
v 0.07616778 -0.01490843 -0.04675898
v 0.07628590 -0.01060134 -0.04633984
v 0.07658326 -0.02098407 -0.04583542
v 0.07457150 0.01320930 -0.02858920
v 0.07623116 0.01454392 -0.02723578
v -0.08238298 -0.02686786 -0.04231033
v -0.08248585 -0.02444879 -0.04309702
v 0.06634217 -0.03387363 -0.03392288
v 0.06605023 -0.03281049 -0.03543912
v -0.07027461 -0.01645187 -0.02918147
v 0.06542412 -0.03328720 -0.03473452
v 0.06541733 -0.03405391 -0.03347367
v 0.06636605 -0.03514755 -0.03248578
v 0.06542204 -0.03491415 -0.03246556
v 0.07319015 0.02883744 -0.01800033
v 0.06392775 -0.03353638 -0.03582535
v 0.06516758 -0.03118183 -0.03800976
v 0.06543894 -0.03202450 -0.03662176
v 0.06502498 -0.03302071 -0.03537101
v 0.06506583 -0.03452516 -0.03354393
v 0.06523728 -0.03577772 -0.03204748
v 0.06582591 -0.03654204 -0.03164067
v -0.08411672 -0.03333806 -0.04087717
v -0.08024584 -0.03912788 -0.03598283
v -0.06213308 -0.08960301 -0.04017807
v -0.06013913 -0.08431843 -0.05530149
v -0.06099373 -0.09596434 -0.05489035
v -0.06241060 -0.10260069 -0.04034029
v -0.07742620 -0.01613845 -0.01388269
v -0.07736844 -0.02249001 -0.01770410
v -0.07713327 -0.02406173 -0.01610641
v 0.07711734 -0.02203866 -0.04633201
v 0.07101666 -0.03472149 -0.03684196
v -0.02516077 -0.12406747 0.00867127
v -0.02144921 -0.13481778 0.00297436
v 0.07307064 0.00767183 -0.03533259
v 0.07296590 0.00606979 -0.03740566
v 0.07543986 0.00783745 -0.03838060
v 0.07544443 0.00971559 -0.03651240
v 0.05260831 -0.00812950 -0.08372483
v 0.05451113 0.00359658 -0.08630345
v 0.00830811 -0.07988567 -0.10390925
v 0.00772105 -0.06767105 -0.10164263
v 0.06906681 0.03383254 -0.06537432
v 0.07320862 0.00894741 -0.03367988
v 0.07566906 0.01118983 -0.03479312
v 0.07506225 -0.01028487 -0.04611101
v 0.07108938 0.00874132 -0.03394192
v 0.07126272 0.00728697 -0.03569984
v 0.07687177 0.01313506 -0.03605314
v 0.07666887 0.01142334 -0.03788872
v 0.07648382 0.00934339 -0.03974667
v 0.07143730 0.00560267 -0.03757166
v -0.07598259 -0.02968344 -0.01138440
v -0.07509688 -0.03187405 0.00036743
v -0.07648785 -0.01636345 0.00291940
v -0.07656347 -0.02002323 -0.00891840
v 0.07397656 0.01278202 -0.03466241
v 0.07335849 0.06036478 -0.03607861
v 0.07231953 0.05682600 -0.05095135
v 0.06910290 0.07734123 -0.03617258
v 0.06780874 0.07488288 -0.05205489
v 0.06290785 0.07144561 -0.06867426
v 0.06713187 0.05230301 -0.06788847
v 0.07452954 0.01328900 -0.02899200
v 0.07701357 0.01564674 -0.02751923
v 0.05701390 0.07789093 0.01668009
v 0.06214938 0.07452992 0.00867591
v 0.05028705 0.08033574 0.02600764
v 0.04981346 0.08659508 0.02066026
v 0.05604928 0.08500604 0.01117375
v 0.06323200 0.08080685 -0.00208412
v 0.07335865 0.04882888 -0.02330831
v 0.07174117 0.06328857 -0.02118303
v 0.06877398 0.06484225 -0.00705311
v -0.06156333 0.00871272 0.04380485
v -0.06362167 0.01004241 0.03940146
v -0.06427977 0.00103035 0.03807106
v -0.06165962 0.00173922 0.04188286
v 0.06727733 0.07944460 -0.01984872
v 0.05856290 0.09057579 -0.00638124
v 0.06193726 0.08965534 -0.02138529
v 0.05109702 0.09918880 -0.00833655
v 0.05283557 0.09987397 -0.02317454
v 0.05222315 0.09996218 -0.03932301
v 0.06325666 0.08839581 -0.03708503
v 0.05388046 0.09132320 0.00634821
v 0.04793860 0.09211009 0.01646301
v 0.04853527 0.09791732 0.00435393
v 0.04543250 0.09671363 0.01292198
v 0.06672908 0.06516055 0.00040358
v 0.06061038 -0.04014617 -0.03221332
v 0.06392453 -0.04152647 -0.02747987
v -0.02343640 0.06341848 0.06793404
v -0.01343083 0.06463145 0.06996935
v -0.01421249 0.07250871 0.06570467
v -0.02447488 0.07119530 0.06343802
v 0.06742371 -0.03186150 -0.01727139
v -0.04392848 -0.01201146 -0.10449037
v -0.04617905 -0.00095485 -0.10655715
v -0.02662002 -0.00177156 -0.11478294
v -0.02510458 -0.01213417 -0.11205474
v 0.06630223 -0.01237917 0.02221963
v 0.06593548 0.00031297 0.02168090
v 0.06942381 -0.00565467 0.01011518
v 0.06846194 -0.02075394 0.00921927
v -0.02620109 0.09104303 0.04655845
v -0.01575284 0.09265548 0.04890494
v -0.01642417 0.09919548 0.04053872
v -0.02702706 0.09727944 0.03845733
v -0.05435569 -0.01887522 0.05334005
v -0.05620513 -0.02536443 0.05233841
v -0.05226269 -0.02587279 0.05573215
v -0.05085266 -0.01920218 0.05607027
v 0.06365718 0.01402248 0.02213986
v 0.06791768 0.00844476 0.01088055
v 0.06732594 0.02289854 0.01127151
v 0.06321196 0.02789924 0.02412004
v 0.05370300 0.06820611 -0.08432029
v 0.05651414 0.05136269 -0.08566708
v -0.07969608 -0.04438103 -0.02312705
v -0.07862354 -0.04353841 -0.02177039
v 0.05744614 0.03843243 -0.08652416
v 0.04379664 0.03752626 0.05741586
v -0.01717409 0.10536382 0.03029604
v -0.02801182 0.10321446 0.02854431
v 0.01134926 0.09067257 -0.09882157
v 0.04151949 0.06201737 0.05149901
v 0.04521766 0.08802644 -0.08026249
v -0.00555771 -0.06659335 -0.10240799
v 0.03162342 0.09451068 -0.08531877
v 0.06216671 0.08616428 -0.05274544
v 0.05862613 0.08311991 -0.06682520
v 0.05025237 0.07899997 -0.08239824
v 0.05697015 0.02200382 -0.08790286
v 0.04016451 0.09407267 0.02387488
v 0.05318568 0.00747733 0.04554988
v 0.05279959 0.00344122 0.04434010
v 0.05317293 0.01149315 0.04771142
v 0.05146353 -0.00134850 0.04558923
v 0.01446505 -0.01299178 0.06845587
v 0.01418435 -0.01525998 0.07007097
v 0.01408383 -0.01816009 0.07165106
v 0.01762380 -0.01748234 0.06763149
v 0.01731447 -0.02077972 0.06906725
v 0.01096915 -0.01892254 0.07701269
v 0.01120756 -0.01583883 0.07489056
v 0.01353084 -0.02100439 0.07321093
v 0.01328108 -0.02448264 0.07445596
v 0.01111215 -0.02234322 0.07875146
v 0.01804783 -0.03581569 0.06843602
v 0.01873590 -0.03086336 0.06807341
v 0.01589610 -0.02730430 0.07062367
v 0.02119192 -0.02325193 0.06738877
v 0.02014462 -0.02684443 0.06807002
v 0.01652907 -0.02380048 0.07003779
v 0.02193007 -0.01960003 0.06579465
v 0.01452411 -0.02822836 0.07616511
v 0.01588041 -0.03186760 0.07856577
v 0.01179697 -0.02628688 0.08125088
v 0.01027943 -0.02484859 0.08504330
v 0.00960064 -0.02073416 0.08259576
v 0.01814150 -0.01501816 0.06617884
v 0.02287417 -0.01681027 0.06453870
v 0.02409320 -0.03006016 0.06712500
v 0.02887915 -0.03338054 0.06628776
v 0.02590946 -0.02551465 0.06617871
v 0.03038137 -0.02814683 0.06536426
v 0.02663890 -0.02157005 0.06476852
v 0.03128441 -0.02390292 0.06395140
v 0.03331235 -0.03762132 0.06500340
v 0.03721899 -0.04173417 0.06294551
v 0.04079502 -0.04740579 0.05968358
v 0.03969297 -0.03608517 0.06198628
v 0.04367280 -0.04144715 0.05855697
v 0.04103595 -0.03003395 0.06084010
v 0.04567412 -0.03537033 0.05733104
v -0.01303904 -0.00826595 0.06930707
v -0.01344270 -0.00592769 0.06679005
v -0.01713626 -0.00927968 0.06540574
v -0.01665624 -0.01171912 0.06731166
v -0.00981139 0.03668198 0.07615931
v -0.01103872 0.04470155 0.07462083
v -0.01995251 0.04422498 0.07353611
v -0.01808309 0.03631702 0.07560343
v 0.03527956 -0.03154106 0.06402196
v 0.03645083 -0.02677598 0.06267679
v 0.03209773 -0.01967975 0.06261563
v 0.02760605 -0.01801472 0.06355585
v 0.04105205 -0.01807152 0.05909972
v 0.04138426 -0.02409491 0.05993174
v 0.03683322 -0.02173410 0.06145344
v 0.03689655 -0.01670935 0.06032011
v 0.04663891 -0.02767630 0.05679290
v 0.04578406 -0.01975383 0.05701288
v 0.04448108 -0.01439649 0.05639506
v 0.03046740 -0.00830375 0.06050119
v 0.02544959 -0.00788363 0.06148023
v 0.03391531 -0.00838063 0.05945142
v 0.04041405 -0.01368763 0.05818534
v 0.03698167 -0.01314638 0.05948137
v 0.04762394 -0.00663807 0.05080982
v 0.04545506 -0.00758659 0.05298534
v 0.03973480 -0.00829193 0.05676232
v 0.03699425 -0.00839481 0.05818088
v 0.04267490 -0.00799841 0.05493527
v 0.02077042 -0.00652960 0.06180534
v 0.01592599 -0.00470296 0.06229541
v 0.05273122 -0.06484061 -0.05955797
v 0.00897426 -0.01708440 0.08076531
v 0.00869652 -0.01370578 0.07858430
v 0.01224032 0.01165325 0.06560431
v 0.01014077 0.00908288 0.06470433
v 0.00568752 0.00779057 0.07232378
v 0.01596847 0.01456397 0.06862328
v 0.01256527 -0.00219788 0.06267398
v -0.02176366 -0.01172589 0.06418063
v -0.02078668 -0.01400613 0.06543956
v 0.01050900 0.00022956 0.06281638
v 0.00919307 0.00304592 0.06297701
v 0.00888747 0.00619782 0.06371973
v -0.01471090 0.07957740 0.06091825
v -0.02512197 0.07822188 0.05851617
v -0.02954927 0.11774444 -0.01863752
v -0.02966891 0.11643421 -0.01048046
v -0.01863593 0.11963513 -0.01066528
v -0.02016229 0.12092654 -0.02291887
v 0.02702337 0.02535734 0.07264549
v 0.02385563 0.01926421 0.07312634
v 0.05319072 0.04576391 0.04303747
v 0.05706662 0.03834695 0.03760944
v 0.04723629 0.02336000 0.05769274
v 0.05042565 0.02010591 0.05388394
v 0.05243817 0.01591830 0.05034594
v 0.05928942 0.02764588 0.03274575
v 0.06061121 0.01604582 0.03004109
v 0.06244408 0.00449774 0.02921531
v -0.07650840 -0.00548449 -0.06632419
v -0.07902819 -0.00963388 -0.05150436
v -0.08224002 0.00225474 -0.05030599
v -0.08100780 0.01103283 -0.06540307
v 0.04238392 0.07568691 0.04049035
v -0.03760184 -0.11555077 -0.00022748
v -0.03436827 -0.12690990 -0.00511415
v -0.00525545 -0.07942768 -0.10459442
v 0.04193448 0.08233679 0.03517759
v 0.04232643 0.06859224 0.04600842
v 0.03204747 0.09606567 0.02976527
v 0.03250571 0.09030703 0.03686045
v 0.04124134 0.08849187 0.02971187
v 0.03333773 0.08407775 0.04266940
v 0.03406592 0.07748707 0.04786933
v 0.03403132 0.07051555 0.05337765
v 0.03361665 0.06377194 0.05851858
v 0.03249560 0.05484844 0.06313199
v 0.04284223 -0.06133948 -0.07749536
v 0.00679697 -0.03022850 0.07673725
v 0.00635936 -0.03038788 0.07708623
v -0.05465289 0.02838040 0.05412607
v -0.05690628 0.03460149 0.05092542
v -0.06023055 0.02810035 0.04639996
v -0.05788453 0.02293240 0.05015124
v 0.00654429 -0.03021158 0.07643806
v 0.00603377 -0.03036441 0.07693593
v 0.00642705 -0.03068582 0.07687508
v 0.00670451 -0.03896146 0.07783431
v 0.00565690 -0.03682589 0.07733566
v 0.00591901 -0.03316300 0.07734200
v 0.06741062 -0.03822341 -0.02097775
v -0.00753453 0.02436400 0.07761021
v -0.01470384 0.02373984 0.07722677
v -0.01262529 0.01837291 0.07602484
v -0.00661992 0.01883611 0.07688369
v -0.06175743 -0.00527485 0.04156210
v -0.06469845 -0.00788069 0.03859609
v -0.06355314 -0.01625310 0.04238312
v -0.06059440 -0.01251878 0.04488830
v -0.05709975 -0.01746470 0.05046783
v -0.05928636 -0.02345707 0.04921360
v -0.02186625 0.05360907 0.07178934
v -0.01227299 0.05452124 0.07313872
v -0.06219292 0.01948185 0.04206761
v -0.06026651 0.01610182 0.04651442
v -0.01039404 -0.00530751 0.07208221
v -0.01114059 -0.00330194 0.06873474
v -0.00872898 0.00080101 0.07137266
v -0.00496507 -0.00033475 0.07737629
v -0.00479901 0.00383187 0.07581668
v -0.00805273 0.00417055 0.07207888
v -0.03543996 0.03549528 0.06941973
v -0.03751259 0.04294364 0.06700942
v -0.04504074 0.04202680 0.06181195
v -0.04293678 0.03469741 0.06453644
v -0.02564873 0.08468459 0.05304906
v -0.01519093 0.08613115 0.05545580
v -0.00540719 0.01248250 0.07532614
v -0.00958569 0.01272022 0.07322502
v -0.00862129 0.00967724 0.07222165
v -0.00515164 0.00953052 0.07496797
v -0.02573416 -0.01573347 0.06448679
v -0.02668919 -0.01339286 0.06353503
v -0.07084927 -0.04260231 -0.02805958
v -0.07250326 -0.04401750 -0.02720725
v -0.07914658 0.00114445 -0.00725204
v -0.07725579 -0.00944806 -0.00768539
v -0.07759126 -0.00332258 0.00434644
v -0.07762884 0.00969920 0.00418585
v -0.07977224 0.02192440 0.00295211
v -0.08141339 0.03061729 -0.00031809
v -0.08283480 0.01591534 -0.01022348
v -0.08096976 0.01019834 -0.00779051
v -0.05722529 -0.09066521 -0.06814484
v -0.05495558 -0.07988106 -0.07007691
v -0.00479037 -0.00374956 0.08002987
v -0.00449098 -0.00718496 0.08218785
v -0.03013078 0.04157516 -0.11666795
v -0.02922268 0.02785729 -0.11779319
v -0.04944250 0.02959983 -0.10801312
v -0.05002644 0.04262782 -0.10656446
v -0.07292879 -0.01645559 -0.06499260
v -0.07596368 -0.01854563 -0.05090540
v -0.00943408 -0.03572186 0.07922494
v -0.00683368 -0.03088835 0.07634936
v -0.00745075 -0.03391697 0.07688851
v -0.00699421 -0.03095585 0.07637849
v -0.01000629 -0.03833243 0.08092706
v -0.01243385 -0.03847590 0.08229433
v -0.00775292 -0.03774270 0.07552045
v -0.00677629 -0.03776257 0.07596956
v -0.00678789 -0.03369589 0.07716390
v -0.00711869 -0.03090425 0.07648247
v -0.00107012 -0.04215819 0.08715601
v -0.00152437 -0.04112935 0.09033667
v -0.00537252 -0.03976398 0.08939430
v -0.00391779 -0.04093658 0.08709928
v -0.00605754 -0.03095254 0.07718268
v -0.00504995 -0.03360790 0.07820668
v -0.00457089 -0.03628908 0.08355050
v -0.00641549 -0.03305477 0.07990288
v -0.00635691 -0.03116061 0.07762770
v -0.00642461 -0.03584123 0.08272482
v -0.00527834 -0.04113220 0.07988556
v -0.00791983 -0.03571250 0.08120063
v -0.08209881 -0.02957028 -0.03273675
v -0.06136919 -0.07880928 -0.01813305
v -0.06605297 -0.06305201 -0.02374920
v -0.06517710 -0.06293572 -0.02950002
v -0.06234687 -0.07887721 -0.02778957
v -0.08704232 -0.00317399 -0.02988626
v -0.07043853 0.03736903 0.03039425
v -0.07294873 0.05015758 0.02388335
v -0.07843588 0.04068443 0.01047345
v -0.07701176 0.02975957 0.01307367
v -0.07403908 0.06087380 0.01816061
v -0.07942606 0.05224210 0.00578421
v -0.08277778 0.04200133 -0.00579376
v -0.08532219 0.02376755 -0.02264247
v -0.04302823 -0.00364051 0.05861720
v -0.04329097 -0.00387232 0.05884677
v -0.04173813 -0.00421994 0.05999038
v -0.04181702 -0.00404743 0.05970475
v -0.04248964 -0.00330974 0.05801612
v -0.04125511 -0.00394443 0.05896510
v -0.04349051 -0.00279530 0.05710139
v -0.04402201 -0.00327509 0.05764199
v -0.04428896 -0.00354158 0.05784964
v -0.02566499 -0.00204582 0.06140128
v -0.02663122 -0.00205995 0.06094755
v -0.02934936 -0.00289138 0.06096579
v -0.02824298 -0.00288472 0.06198909
v -0.02546134 -0.00240432 0.06188234
v -0.02835432 -0.00334091 0.06250615
v -0.02970250 0.00000599 0.05638218
v -0.02900425 0.00037103 0.05629980
v -0.03069058 -0.00034164 0.05641556
v -0.02404545 -0.00002658 0.05923529
v -0.02445786 0.00049071 0.05933738
v -0.02882510 0.00117798 0.05640541
v -0.02852357 0.00073508 0.05622898
v -0.02467277 -0.00052533 0.05944785
v -0.02277036 -0.00053892 0.05979293
v -0.02158915 -0.00012258 0.05938010
v -0.02184133 0.00078017 0.05958395
v -0.03358690 -0.00467602 0.06249996
v -0.03388072 -0.00547817 0.06236248
v -0.02915533 -0.00488969 0.06251894
v -0.02872309 -0.00400680 0.06261709
v -0.03329289 -0.00414171 0.06244475
v -0.03676667 -0.00417100 0.06169726
v -0.03693818 -0.00470662 0.06170870
v -0.03711835 -0.00550962 0.06150406
v -0.02583186 -0.00378522 0.06237955
v -0.02571137 -0.00288037 0.06225164
v -0.03714092 -0.00619200 0.06129661
v -0.03423239 -0.00615863 0.06210578
v -0.02940351 -0.00554121 0.06233122
v -0.02576152 -0.00420870 0.06234422
v -0.02288458 -0.00276691 0.06179963
v -0.02409219 -0.00262440 0.06196734
v -0.03424944 -0.00670600 0.06141350
v -0.03411752 -0.00732702 0.06123144
v -0.02932772 -0.00674403 0.06179655
v -0.02945136 -0.00606699 0.06198297
v -0.03707050 -0.00674678 0.06053858
v -0.03700567 -0.00740111 0.06017504
v -0.04550251 -0.00347800 0.05624468
v -0.04612828 -0.00293952 0.05549107
v -0.04603655 -0.00357319 0.05547998
v -0.04561466 -0.00398754 0.05584554
v -0.04867624 -0.00596263 0.05263470
v -0.04977494 -0.00475215 0.05209102
v -0.05158214 -0.00539214 0.05061921
v -0.05029329 -0.00684354 0.05168420
v -0.05927278 -0.01546083 0.04741836
v -0.05293372 -0.00978057 0.05085579
v -0.05442036 -0.00814608 0.04899497
v -0.04490543 -0.00366660 0.05695530
v -0.04420913 -0.00395468 0.05777604
v -0.04495423 -0.00330616 0.05701042
v -0.04552601 -0.00293891 0.05617968
v -0.04504013 -0.00435701 0.05651546
v -0.04420742 -0.00460900 0.05743434
v -0.04326897 -0.00423994 0.05875757
v -0.04321077 -0.00493277 0.05849700
v -0.04164064 -0.00530836 0.05966196
v -0.04167121 -0.00457435 0.05991810
v -0.03970414 -0.00469438 0.06086053
v -0.03994172 -0.00424205 0.06081826
v -0.03975530 -0.00550694 0.06057399
v -0.04163572 -0.00591400 0.05926846
v -0.03968744 -0.00612818 0.06029580
v -0.04318974 -0.00557791 0.05799140
v -0.04430447 -0.00518848 0.05692700
v -0.04520147 -0.00479989 0.05598793
v -0.04596209 -0.00440842 0.05532759
v -0.04651927 -0.00381966 0.05491241
v -0.04562344 -0.00522351 0.05533428
v -0.04638883 -0.00583633 0.05449894
v -0.04497571 -0.00632365 0.05560737
v -0.04450355 -0.00563392 0.05631100
v -0.04663403 -0.00474920 0.05462138
v -0.04755656 -0.00526336 0.05365385
v -0.04325829 -0.00597845 0.05730760
v -0.04341539 -0.00661554 0.05678784
v -0.04157113 -0.00704083 0.05806768
v -0.04153249 -0.00640257 0.05859070
v -0.03911355 -0.00645763 0.05953688
v -0.03925563 -0.00721992 0.05903649
v -0.03303879 -0.00386265 0.06204132
v -0.03288039 -0.00348728 0.06073587
v -0.03608155 -0.00387448 0.06035129
v -0.03690999 -0.00407405 0.06129099
v -0.04001248 -0.00416454 0.06049934
v -0.03900861 -0.00407517 0.05972171
v -0.03616147 -0.00368936 0.05906291
v -0.03462933 -0.00119418 0.05605124
v -0.03581432 -0.00122781 0.05575437
v -0.03852191 -0.00371499 0.05841604
v -0.03329005 -0.00323193 0.05940093
v -0.03329204 -0.00095446 0.05610095
v -0.03031286 -0.00248938 0.05965708
v -0.03196937 -0.00069150 0.05635252
v -0.02773529 -0.00186923 0.05992467
v -0.03434595 0.00618452 0.06470162
v -0.03454838 0.00674757 0.06504157
v -0.04000700 0.00580409 0.06419483
v -0.03912314 0.00541161 0.06388426
v -0.05875185 0.00009172 -0.09507413
v -0.06078008 0.01566736 -0.09746528
v -0.04845680 0.01334262 -0.10828269
v -0.04193464 0.00229945 0.06230357
v -0.04203637 0.00382036 0.06236164
v -0.04451090 0.00301444 0.06043769
v -0.04428115 0.00168208 0.06031276
v -0.04181141 0.00085770 0.06211488
v -0.04391345 0.00028622 0.06007379
v -0.03901672 0.00149512 0.06399476
v -0.03917932 0.00311873 0.06419616
v -0.03923978 0.00463022 0.06401566
v -0.04296095 0.00094191 0.05582827
v -0.04224387 0.00131540 0.05665398
v -0.04306379 0.00061056 0.05793898
v -0.04414483 0.00041001 0.05666822
v -0.04338740 0.00062220 0.05519304
v -0.04460749 0.00019212 0.05576785
v -0.03914838 0.00106236 0.05396891
v -0.03879093 0.00117886 0.05433919
v -0.03822088 0.00137624 0.05488882
v -0.03935379 0.00083521 0.05376488
v -0.03956541 0.00054292 0.05367012
v -0.03966831 0.00024634 0.05369505
v -0.03932843 0.00004740 0.05377303
v -0.06107551 -0.03166988 0.04501598
v -0.06169315 -0.02065079 0.04581471
v -0.06370504 -0.02832207 0.04119630
v -0.04468757 -0.00291678 0.05675995
v -0.04528751 -0.00249569 0.05595111
v -0.04408883 -0.00245674 0.05631021
v -0.04460919 -0.00208561 0.05567923
v -0.04588631 -0.00201134 0.05520034
v -0.04628453 -0.00231696 0.05528207
v -0.04170681 -0.00296961 0.05711786
v -0.03795456 -0.00100288 0.05501665
v -0.03860362 -0.00073794 0.05465445
v -0.04259175 -0.00242487 0.05642651
v -0.04050698 -0.00363254 0.05782068
v -0.03712200 -0.00121413 0.05539176
v -0.03854457 -0.00033883 0.05419126
v -0.03897176 -0.00016577 0.05397365
v -0.04272452 -0.00195983 0.05573405
v -0.04333548 -0.00156764 0.05519871
v -0.04502623 -0.00160442 0.05523971
v -0.04428451 -0.00073376 0.05463393
v -0.04412632 -0.00031122 0.05469351
v -0.04551052 -0.00123211 0.05505209
v -0.04557396 -0.00070656 0.05505569
v -0.04390604 -0.00113653 0.05476490
v -0.04381192 0.00014814 0.05488391
v -0.04519810 -0.00035599 0.05535234
v -0.04647801 -0.00289425 0.05511518
v -0.04664466 -0.00200114 0.05492980
v -0.04734131 -0.00140852 0.05447789
v -0.04692476 -0.00302519 0.05462280
v -0.04769002 -0.00297623 0.05392106
v -0.04730815 -0.00405310 0.05413178
v -0.04813581 -0.00075425 0.05417226
v -0.04933438 -0.00012755 0.05331754
v -0.04900583 -0.00296583 0.05292669
v -0.04837721 -0.00429502 0.05318863
v -0.04633875 -0.00149769 0.05494381
v -0.04653262 -0.00115428 0.05479372
v -0.04756418 0.00007756 0.05541649
v -0.04824540 0.00093472 0.05526483
v -0.04695158 -0.00061683 0.05542261
v -0.04637201 -0.00022417 0.05660066
v -0.04685786 0.00061391 0.05677137
v -0.04737829 0.00150231 0.05671553
v -0.04581696 0.00103152 0.05849247
v -0.04621447 0.00225950 0.05849428
v -0.04540918 -0.00000281 0.05811288
v -0.04625585 -0.00068559 0.05536537
v -0.04574051 -0.00033802 0.05623911
v -0.04490561 -0.00011790 0.05753616
v -0.04357268 -0.00012694 0.05925390
v -0.04150958 0.00030744 0.06119762
v -0.04114125 0.00088618 0.05969900
v -0.03875520 0.00093893 0.06297322
v -0.03843458 0.00118914 0.06140663
v -0.03494292 0.00768169 0.06614096
v -0.04086299 0.00702545 0.06495973
v -0.03819427 0.00183184 0.05928796
v -0.03582093 0.00152532 0.05627996
v -0.03435135 0.00159779 0.05656470
v -0.03523286 0.00176141 0.06037341
v -0.02533160 0.00076614 0.05986939
v -0.02628055 0.00119207 0.06058124
v -0.02986621 0.00131675 0.05695642
v -0.02927554 0.00127862 0.05667965
v -0.02338062 0.00091523 0.06059711
v -0.02486392 0.00127677 0.06153630
v -0.02992964 0.00145889 0.06109058
v -0.03175719 0.00131494 0.05722347
v -0.03067282 0.00130185 0.05714493
v -0.02805516 0.00137975 0.06083859
v -0.02907971 0.00165438 0.06286123
v -0.02658568 0.00144936 0.06226883
v -0.03522563 0.00145559 0.06258681
v -0.03224030 0.07635904 -0.10638946
v -0.03156511 0.06149672 -0.11279847
v -0.05082240 0.06104552 -0.10297688
v -0.05094524 0.07398885 -0.09759399
v -0.04045309 0.00167950 0.05809875
v -0.03717643 0.00147144 0.05564160
v -0.06059051 0.07334849 -0.08940350
v -0.05980667 0.08136801 -0.08484626
v -0.05142981 0.08459809 -0.09024838
v -0.04200610 -0.06383378 -0.08610033
v -0.03197251 -0.07335442 -0.09526222
v -0.02101884 0.00077252 0.06150940
v -0.02293584 0.00128490 0.06224744
v -0.01966976 0.00022172 0.06089517
v -0.01873932 0.00023782 0.06092964
v -0.02016252 0.00093722 0.06164588
v -0.02185251 0.00160847 0.06234893
v -0.02529598 0.00163547 0.06299539
v -0.02437244 0.00196877 0.06347141
v -0.02788997 0.00220453 0.06471522
v -0.02801156 0.00173253 0.06384464
v -0.03511195 0.00148919 0.06412969
v -0.03517109 0.00210392 0.06507258
v -0.02733181 0.00345320 0.06464940
v -0.02375146 0.00300272 0.06313454
v -0.02657667 0.00509111 0.06427072
v -0.02356178 0.00447103 0.06290704
v -0.03498846 0.00519130 0.06491991
v -0.03539917 0.00366120 0.06521177
v -0.02263958 -0.00178202 0.06145316
v -0.02036878 -0.00140624 0.06116216
v -0.02333975 -0.00146032 0.06121477
v -0.02107949 -0.00106011 0.06083209
v -0.02449706 -0.00128437 0.06058495
v -0.01992170 -0.00056479 0.06059568
v -0.01900118 -0.00074429 0.06089392
v -0.02578839 -0.00121549 0.05983499
v -0.01930698 0.00120504 0.06119772
v -0.01785503 0.00028027 0.06083009
v -0.01821963 0.00248277 0.06035279
v -0.01720808 0.00066117 0.06048235
v -0.02083283 0.00422355 0.06132860
v -0.02104521 0.00239402 0.06175806
v -0.01801511 -0.00077712 0.06082105
v -0.01878511 -0.00140149 0.06105015
v -0.01739309 -0.00052366 0.06067038
v -0.01813823 -0.00125098 0.06088406
v -0.02547641 -0.00481466 0.06226011
v -0.02528800 -0.00514590 0.06202251
v -0.02211175 -0.00326334 0.06176646
v -0.02154311 -0.00329720 0.06146755
v -0.03390769 -0.00804840 0.06103311
v -0.03691171 -0.00819040 0.06013067
v -0.03353945 -0.00902110 0.06100683
v -0.03681339 -0.00927203 0.05998081
v -0.02858368 -0.00833551 0.06194302
v -0.02902327 -0.00748827 0.06181357
v -0.03332786 -0.13426094 -0.00770185
v -0.04728337 -0.00672521 0.05379266
v -0.04856846 -0.00789337 0.05324945
v -0.04668192 -0.00856435 0.05466746
v -0.04566657 -0.00717702 0.05500676
v -0.04381806 -0.00754183 0.05629493
v -0.04439208 -0.00897012 0.05610634
v -0.04187906 -0.00916591 0.05749628
v -0.04152611 -0.00788491 0.05762796
v -0.03923806 -0.00795655 0.05873503
v -0.03962437 -0.00935531 0.05868936
v -0.05069051 -0.00327995 0.05153666
v -0.05141562 0.00012212 0.05123725
v -0.05236239 -0.00381419 0.04983893
v -0.05371225 -0.00023697 0.04920903
v -0.01633006 0.00386313 0.06044639
v -0.01602584 0.00132162 0.06009879
v -0.01477652 0.00496957 0.06159206
v -0.01468464 0.00222634 0.06101555
v -0.01599131 0.00762223 0.06283326
v -0.01801045 0.00634938 0.06150822
v -0.01659325 -0.00020876 0.06067223
v -0.01749967 -0.00128407 0.06069756
v -0.01554563 -0.00017470 0.06099469
v -0.01669159 -0.00167203 0.06114964
v -0.02482365 -0.00575485 0.06183543
v -0.02431786 -0.00653770 0.06193978
v -0.02102652 -0.00365137 0.06149432
v -0.02017572 -0.00438938 0.06165723
v -0.05651414 -0.01158459 -0.09272878
v -0.06195236 0.03166657 -0.09680739
v -0.04800890 0.01040485 0.06276789
v -0.04559238 0.00824107 0.06296862
v -0.04207570 0.00925455 0.06539071
v -0.04384328 0.01173643 0.06597277
v -0.05114489 0.01352854 0.06170986
v -0.05328662 0.01069383 0.05820006
v -0.05069578 0.00853364 0.05952113
v -0.04829489 0.00678463 0.06023649
v -0.05215219 0.00274279 0.05236144
v -0.05040161 0.00256906 0.05385967
v -0.05038039 0.00405335 0.05538236
v -0.05215253 0.00459397 0.05415682
v -0.05443569 0.00272897 0.05038798
v -0.05470818 0.00525340 0.05251484
v -0.05162110 0.00646176 0.05664594
v -0.04956205 0.00541984 0.05759323
v -0.05436193 0.00768989 0.05534221
v -0.02390181 0.01078830 0.06604812
v -0.02453447 0.00928874 0.06493374
v -0.02190780 0.00762457 0.06317531
v -0.02042944 0.00878205 0.06362590
v -0.02256097 0.01210868 0.06690150
v -0.01826016 0.00991214 0.06439266
v -0.03677123 0.01226642 0.06853136
v -0.03591312 0.01023439 0.06724831
v -0.02624752 0.00635903 0.06411010
v -0.02428622 0.00551979 0.06345694
v -0.02555769 0.00687851 0.06388580
v -0.02339030 0.00577352 0.06302482
v -0.06810666 0.08877695 -0.06510679
v -0.06992347 0.09241080 -0.05183712
v -0.05403434 0.10485815 -0.05652584
v -0.05347408 0.09967960 -0.06990336
v -0.04200114 0.00444033 0.06266064
v -0.04285252 0.00492130 0.06262173
v -0.04536463 0.00418456 0.06059902
v -0.04457337 0.00372534 0.06081289
v -0.04652171 0.00307500 0.05874455
v -0.04725909 0.00361346 0.05851396
v -0.04829329 0.00282345 0.05665135
v -0.04774258 0.00245588 0.05691430
v -0.04837671 0.00188043 0.05561939
v -0.04887845 0.00200337 0.05507620
v -0.02339856 0.00686028 0.06351037
v -0.02534195 0.00771334 0.06433190
v -0.06181169 0.06179757 -0.09298272
v -0.04755990 0.04983027 0.05881397
v -0.05457434 0.04702941 0.05230097
v -0.05172200 0.03993817 0.05597707
v -0.04376555 0.00610774 0.06305016
v -0.04640624 0.00526473 0.06064819
v -0.04814865 0.00442559 0.05825583
v -0.04915230 0.00347603 0.05629484
v -0.04956498 0.00268803 0.05500682
v -0.07665693 -0.02683260 -0.01656564
v -0.07687856 -0.02646379 -0.01841045
v -0.08534114 -0.01291031 -0.04202748
v -0.08378759 -0.00676733 -0.03971061
v -0.08273128 -0.00361948 -0.03747872
v -0.08596545 0.00176233 -0.02336122
v -0.08777412 0.00541373 -0.02555060
v -0.08776137 -0.03226971 -0.03861916
v -0.08431003 -0.03474337 -0.03529809
v -0.08769046 -0.03121427 -0.03895814
v -0.09459972 0.00272560 -0.03482574
v -0.09513407 0.00132945 -0.03644422
v -0.09612538 0.00087066 -0.03607551
v -0.04863095 -0.03401225 -0.08788201
v -0.05372214 -0.02080162 -0.09109917
v -0.09543341 -0.00015942 -0.03808963
v -0.07865965 -0.02143697 -0.02005168
v -0.08632053 -0.01329111 -0.04229498
v -0.08787888 -0.01347258 -0.04409381
v -0.08852851 -0.01844090 -0.04521457
v -0.08783500 -0.01810346 -0.04450268
v -0.08763675 -0.02387927 -0.04445432
v -0.08705277 -0.02322343 -0.04384343
v -0.08940689 -0.02793282 -0.04092761
v -0.08994076 -0.02313432 -0.04283907
v -0.08882599 0.00603550 -0.02678180
v -0.08881001 0.00514328 -0.02617152
v -0.08957241 0.00610656 -0.02708218
v -0.07941635 -0.02231630 -0.02166998
v -0.08423462 -0.00037279 -0.02384089
v -0.08373069 -0.00232685 -0.02243433
v -0.08344927 -0.00182579 -0.02286239
v -0.07769166 -0.01667139 -0.02508252
v -0.07750285 -0.01582468 -0.02513650
v -0.07881425 -0.01825302 -0.02481351
v -0.08040398 -0.01994459 -0.02280364
v -0.07441957 -0.02688411 -0.02652377
v -0.07408011 -0.02734369 -0.02816551
v -0.07347063 -0.02813751 -0.02762676
v -0.09246073 0.01180310 -0.02819745
v -0.08385133 -0.00334891 -0.02218877
v -0.08503905 -0.00230746 -0.02231310
v -0.08579794 -0.00124569 -0.02242857
v -0.09034166 0.00541972 -0.02719939
v -0.08628921 -0.00035608 -0.02246629
v -0.08531976 -0.00023852 -0.02273651
v -0.08667646 0.00144229 -0.02321609
v -0.08468122 -0.00007340 -0.02313747
v -0.08028208 -0.02210332 -0.03960499
v -0.07915632 -0.02253482 -0.03769266
v -0.07901757 -0.00693644 -0.01315327
v -0.07937583 -0.00856689 -0.01590109
v -0.08314270 -0.03582738 -0.03320776
v -0.08253865 0.00122415 -0.03060588
v -0.08349893 0.00445512 -0.03160815
v -0.09188765 -0.01887419 -0.04320349
v -0.08447256 -0.02645418 -0.03513638
v -0.08219425 -0.02762002 -0.03423943
v -0.08703484 -0.02498338 -0.03617835
v -0.08897683 -0.02216357 -0.03717362
v -0.08068211 -0.00826485 -0.02767132
v -0.08976646 -0.00340443 -0.03215300
v -0.08998378 -0.00526299 -0.03364661
v -0.08838286 -0.00338564 -0.03095731
v -0.08440203 0.00721510 -0.02917875
v -0.08465421 0.00663674 -0.02696894
v -0.08189008 0.00393370 -0.02923699
v -0.08449775 0.00489272 -0.02703074
v -0.07643931 -0.02369152 -0.02553880
v -0.07431429 -0.02861050 -0.03022890
v -0.07618217 -0.02703698 -0.03144091
v -0.07543175 -0.02910717 -0.03136226
v -0.07675128 -0.02786062 -0.03287688
v -0.07708561 -0.02642239 -0.03421364
v -0.07773280 -0.02454488 -0.03515599
v -0.07916162 -0.02249781 -0.03483051
v -0.07640228 -0.01955031 -0.02549769
v -0.08376040 0.00613088 -0.01811848
v -0.07585776 -0.02132315 -0.02583654
v -0.07791772 -0.01802008 -0.02500835
v -0.07777653 -0.01978989 -0.02495712
v -0.07720486 -0.02168631 -0.02507433
v -0.08032162 -0.03155421 -0.02861798
v -0.08055261 -0.02966641 -0.03094909
v -0.07903172 -0.03085788 -0.02782531
v -0.08087470 -0.02871880 -0.03304146
v -0.07797828 -0.03045358 -0.02735614
v -0.08397912 0.00196924 -0.02962211
v -0.08477046 0.00464789 -0.02873796
v -0.07691646 -0.02377065 -0.01414108
v -0.06632178 -0.02260823 0.03699296
v -0.06833010 -0.01260391 0.03309451
v -0.02700344 -0.07232247 0.04745112
v -0.02608057 -0.07524899 0.04719748
v -0.05772740 -0.03468783 0.04862352
v -0.05319008 -0.03793673 0.05267592
v -0.02556989 -0.06958158 0.05968364
v -0.02455159 -0.07043767 0.05961815
v -0.02366306 -0.06981216 0.06011930
v -0.02459651 -0.06946795 0.05980272
v -0.02258480 -0.06862774 0.05846210
v -0.02343868 -0.06878216 0.05774216
v -0.02354748 -0.06896891 0.05902723
v -0.02266936 -0.06904589 0.05971738
v -0.02946919 -0.05382766 0.06461249
v -0.03293812 -0.04981687 0.06396115
v -0.03586236 -0.05457883 0.06181924
v -0.03263927 -0.05805317 0.06249757
v -0.02545931 -0.06952494 0.05050708
v -0.02546122 -0.06784016 0.05130402
v -0.02439501 -0.06800249 0.05414647
v -0.02440349 -0.06887487 0.05353951
v -0.02527191 -0.07066917 0.05025137
v -0.02425169 -0.06932157 0.05344401
v -0.02709524 -0.07046127 0.04780666
v -0.02706251 -0.06780673 0.04864167
v -0.03415997 -0.07651840 0.05465639
v -0.03071251 -0.07410966 0.05638417
v -0.03198991 -0.07086799 0.05776082
v -0.03553254 -0.07180145 0.05622838
v -0.02584786 -0.04080152 0.06627390
v -0.02963638 -0.04502545 0.06540832
v -0.02688048 -0.04951051 0.06546215
v -0.02270322 -0.04444272 0.06625648
v -0.01904274 -0.03954635 0.06767382
v -0.02199672 -0.03606139 0.06726000
v -0.01745260 -0.03162577 0.07258613
v -0.01791423 -0.03553100 0.07310279
v -0.01681111 -0.03713471 0.07618852
v -0.01739837 -0.03464646 0.07550801
v -0.01509458 -0.04086509 0.07391013
v -0.01787292 -0.03754585 0.07121222
v -0.01092177 -0.04225566 0.07420870
v -0.01064899 -0.04187607 0.07524876
v -0.01540466 -0.04113116 0.07236075
v -0.01573290 -0.04191023 0.07038640
v -0.01150805 -0.04282117 0.07302698
v -0.00996568 -0.04135983 0.07618569
v -0.01292476 -0.04098483 0.07632202
v -0.01439188 -0.03909028 0.07826398
v -0.00332219 -0.04139080 0.08467440
v -0.00447098 -0.04039898 0.08686208
v -0.01013677 -0.00785164 0.07483158
v -0.01295188 -0.01103836 0.07157378
v -0.01004370 -0.01095739 0.07681348
v -0.01275583 -0.01371049 0.07340069
v -0.01356856 -0.03742272 0.08207101
v -0.01513189 -0.03534686 0.08097078
v -0.01101043 -0.03695277 0.08589708
v -0.01191758 -0.03414737 0.08605327
v -0.00481290 0.00689279 0.07505295
v -0.00139296 -0.04411328 0.07986288
v -0.00174831 -0.04465161 0.07926852
v -0.00107951 -0.04313036 0.08180226
v -0.03301203 0.09662621 -0.08962663
v -0.03340004 0.10692616 -0.07641040
v -0.03190377 0.11598635 -0.05139375
v -0.02924190 0.11816967 -0.03850641
v -0.00407059 -0.06248981 0.07706522
v -0.00410673 -0.05951011 0.07776479
v -0.01230189 -0.06495263 0.05974654
v -0.00644772 -0.06505807 0.06116490
v -0.00605596 -0.06649353 0.06406129
v -0.01191269 -0.06672599 0.06269348
v -0.01599770 -0.06668112 0.06083182
v -0.01675821 -0.06502753 0.05780057
v -0.01283749 -0.06326951 0.05749711
v -0.00689117 -0.06314927 0.05856581
v -0.01098474 -0.06862573 0.06798522
v -0.00530784 -0.06830052 0.07007933
v -0.00468413 -0.06731604 0.07279810
v -0.01058930 -0.06756111 0.07039477
v -0.01849732 -0.04607929 0.06856415
v -0.01419451 -0.04567133 0.07123327
v -0.00968269 -0.04615749 0.07455690
v -0.00607872 -0.04672746 0.07686210
v -0.00532704 -0.04462430 0.07732973
v -0.00810254 -0.04378191 0.07542261
v -0.00496691 -0.04378598 0.07778586
v -0.00753061 -0.04304098 0.07599278
v -0.00731017 -0.04248253 0.07659246
v -0.00773560 -0.04175367 0.07698214
v -0.00595520 -0.04191094 0.07827208
v -0.00643395 -0.04121936 0.07824636
v -0.00487291 -0.04315880 0.07830284
v -0.00409852 -0.01848042 0.08859070
v -0.00405473 -0.01450680 0.08628310
v -0.00933441 -0.05773404 0.07645166
v -0.00434260 -0.05704502 0.07771174
v -0.00343550 -0.05241114 0.07761078
v -0.00823325 -0.05262656 0.07657975
v -0.01328958 -0.05318013 0.07420956
v -0.01469563 -0.05931207 0.07353890
v -0.00208648 -0.04541412 0.07874424
v -0.00944874 -0.06033326 0.07600879
v -0.00960009 -0.06302127 0.07490574
v -0.01491241 -0.06196940 0.07284600
v -0.01498391 -0.06424309 0.07154474
v -0.01966933 -0.06156532 0.06957223
v -0.01894610 -0.05496797 0.07085420
v -0.02487149 -0.05694208 0.06694862
v -0.02367111 -0.06391789 0.06564356
v -0.03183730 -0.06770233 0.05959297
v -0.02705610 -0.06990460 0.05927638
v -0.02697731 -0.06854914 0.06021279
v -0.02670751 -0.06734372 0.06148066
v -0.03122696 -0.06450665 0.06155100
v -0.03523914 -0.06713012 0.05845806
v -0.03449755 -0.06253273 0.06057135
v -0.02927710 -0.06081432 0.06386107
v -0.02581741 -0.06575558 0.06313872
v -0.02574133 -0.06870735 0.06050001
v -0.02475582 -0.06899238 0.06022830
v -0.02537383 -0.06801797 0.06147884
v -0.02444891 -0.06854159 0.06102801
v -0.02470532 -0.06726022 0.06271464
v -0.02377687 -0.06811814 0.06203556
v -0.02244391 -0.06735540 0.06362545
v -0.02313949 -0.06598233 0.06470063
v -0.02274198 -0.06860952 0.05925506
v -0.02150500 -0.06856754 0.06024013
v -0.02139616 -0.06871048 0.06146337
v -0.02260140 -0.06878656 0.06021481
v -0.02350090 -0.06863792 0.05834001
v -0.02326462 -0.06888146 0.05948228
v -0.02382785 -0.06762236 0.05494731
v -0.02292163 -0.06706935 0.05576740
v -0.02395488 -0.06861705 0.05771828
v -0.02392809 -0.06883465 0.05870727
v -0.02384290 -0.06916416 0.05984323
v -0.02371480 -0.06881060 0.06033972
v -0.02306174 -0.06854296 0.06118990
v -0.02186482 -0.06824721 0.06252174
v -0.01496562 -0.06614499 0.06979985
v -0.01903215 -0.06570468 0.06766617
v -0.01878852 -0.06723993 0.06600067
v -0.01503988 -0.06804644 0.06752226
v -0.01858915 -0.06845820 0.06433537
v -0.01776181 -0.06336311 0.05543641
v -0.01518481 -0.06868686 0.06528918
v -0.02091487 -0.06526579 0.05509561
v -0.02229070 -0.06377903 0.05286040
v -0.01989193 -0.06672665 0.05811533
v -0.02484083 -0.06691416 0.05226218
v -0.02407075 -0.06585739 0.05293016
v -0.02664936 -0.06598096 0.04963177
v -0.02561591 -0.06462506 0.05071240
v -0.01875382 -0.06854802 0.06262451
v -0.01943908 -0.06392068 0.06879601
v -0.00997115 -0.06529257 0.07283361
v -0.00436409 -0.06490332 0.07507946
v -0.00416742 -0.02747119 0.09366564
v -0.00425666 -0.02258572 0.09104683
v -0.02300584 -0.06934288 0.06032494
v -0.00915910 -0.14402080 0.00366845
v -0.02590230 -0.07120229 0.05893277
v -0.02457772 -0.07284555 0.04989653
v -0.02348375 -0.07032493 0.05351586
v -0.03091698 -0.08144189 0.05409428
v -0.02566682 -0.08523777 0.05639863
v -0.02395168 -0.08096486 0.05835845
v -0.02823717 -0.07790916 0.05607304
v -0.02128375 -0.07512351 0.06153224
v -0.02417941 -0.07275806 0.05976849
v -0.02291841 -0.07154989 0.06084657
v -0.02003946 -0.07292995 0.06288080
v -0.01930250 -0.07121621 0.06374328
v -0.02204901 -0.07041977 0.06138323
v -0.01761803 -0.06856402 0.06309646
v -0.01260736 -0.06822115 0.06540871
v -0.01262867 -0.07121834 0.05974872
v -0.01766279 -0.07160759 0.05755758
v -0.02217310 -0.07057094 0.05465582
v -0.02135875 -0.06855190 0.05952631
v -0.01813553 -0.06909434 0.06380500
v -0.02123208 -0.06908295 0.06097291
v -0.01333280 -0.06864925 0.06670564
v -0.02078585 -0.14034764 -0.00095363
v -0.02163077 -0.06954245 0.06140906
v -0.01864196 -0.06974080 0.06382959
v -0.01392443 -0.06977055 0.06708474
v -0.01466593 -0.07189025 0.06713104
v -0.01532614 -0.07427774 0.06670089
v -0.01618287 -0.07728644 0.06549336
v -0.01827954 -0.08464874 0.06174958
v -0.01952908 -0.08980964 0.05972086
v -0.01159678 -0.08640653 0.06501853
v -0.01253726 -0.09200744 0.06394422
v -0.01066000 -0.07854763 0.06884991
v -0.01019047 -0.07498597 0.07034012
v -0.00967859 -0.07222871 0.07042027
v -0.00914027 -0.06993084 0.07005290
v -0.00265627 -0.04706025 0.07802858
v -0.00468149 -0.04197787 0.07966295
v -0.00352792 -0.04181472 0.08196913
v -0.00675587 -0.03910128 0.08795055
v -0.00093339 -0.04260673 0.08428726
v -0.00948802 -0.03745535 0.08770357
v -0.00769341 -0.03814301 0.08909347
v -0.00826936 -0.03653598 0.09016831
v -0.00949156 -0.03569487 0.08906282
v -0.00607611 -0.03886527 0.09027939
v -0.00736993 -0.03688543 0.09122010
v -0.00187263 -0.04012283 0.09191983
v -0.00273383 -0.03704626 0.09445530
v -0.00385101 -0.03141876 0.09504348
v -0.00319316 -0.03487305 0.09513161
v -0.00866446 -0.03497383 0.09098934
v -0.01006241 -0.03285918 0.08961380
v -0.01050745 -0.02945937 0.08802786
v -0.01269660 -0.03109381 0.08412725
v -0.01854027 0.11624802 0.00457970
v -0.00845803 -0.06850353 0.06948683
v -0.00740463 -0.06790298 0.06771448
v -0.01274941 -0.07995892 0.05116480
v -0.01250362 -0.07621469 0.05425709
v -0.00777878 -0.07618760 0.05558927
v -0.00764563 -0.08024222 0.05268215
v -0.00293935 -0.06759794 0.06880824
v -0.00322313 -0.07107463 0.06205727
v -0.00750496 -0.07104616 0.06126896
v -0.00334013 -0.06819928 0.07070572
v -0.00383777 -0.06975947 0.07157199
v -0.00426363 -0.07219910 0.07231623
v -0.00338885 -0.07646965 0.05614666
v -0.00358767 -0.08063088 0.05320326
v -0.02286606 -0.07424163 0.05059659
v -0.02335374 -0.07776979 0.04780980
v -0.01792651 -0.07590909 0.05260720
v -0.01839526 -0.07891659 0.04996126
v -0.00543846 -0.09247613 0.06705794
v -0.00479707 -0.08704047 0.06739870
v -0.00472886 -0.07520215 0.07210706
v -0.00477158 -0.07903494 0.07050331
v -0.03308116 0.11274810 -0.06428903
v -0.06756742 0.05608069 0.03216868
v -0.06513077 0.04829136 0.03812079
v -0.05828180 0.05459998 0.04614178
v -0.06101478 0.06108060 0.04031699
v -0.06879136 0.06488664 0.02587563
v -0.06210647 0.06867425 0.03431012
v -0.04862809 0.11046343 -0.01472043
v -0.04855631 0.10737065 -0.00094840
v -0.02961089 0.11341612 0.00323039
v -0.04408240 0.11309993 -0.02848120
v -0.05663893 0.10606901 -0.03878101
v -0.05809193 0.10531133 -0.01931904
v -0.05731626 0.10252808 -0.00439634
v -0.03205633 -0.08468813 -0.09838083
v -0.06222546 0.04442497 -0.09550317
v -0.05540325 0.09924410 0.00881015
v -0.04726606 0.10327796 0.01205244
v -0.04618009 0.09821866 0.02340734
v -0.05355031 0.09509237 0.01966636
v -0.02882404 0.10865852 0.01677026
v -0.01785948 0.11104770 0.01855261
v -0.02819172 0.01164594 -0.11733876
v -0.00419799 -0.01057981 0.08409395
v -0.05302526 -0.05306935 -0.07441299
v -0.06202340 -0.05698955 -0.05662938
v -0.06249190 -0.11263386 -0.04129160
v -0.07489040 -0.03774735 -0.03456879
v -0.07464607 -0.03694656 -0.03514269
v -0.06244963 -0.07542118 -0.03982099
v -0.06428483 -0.06129080 -0.03853135
v -0.04419727 -0.04964103 -0.08608944
v -0.08410406 -0.02492075 -0.04327106
v -0.08510856 -0.02111659 -0.04352461
v -0.08528417 -0.02587639 -0.04309495
v -0.08622191 -0.02171443 -0.04354885
v -0.08642793 -0.01727963 -0.04327546
v -0.08578347 -0.02776302 -0.04262973
v -0.08442600 0.00649171 -0.02549492
v -0.08615166 0.00774929 -0.02414632
v -0.07405114 -0.03997388 -0.03057005
v -0.07408114 -0.03901095 -0.03212240
v -0.07337449 -0.03945642 -0.03136576
v -0.07316493 -0.04015108 -0.03010133
v -0.07368887 -0.04108744 -0.02910115
v -0.07284548 -0.04088293 -0.02903991
v -0.08387154 0.02186104 -0.01449145
v -0.07129367 -0.03928651 -0.03235151
v -0.07379940 -0.03742827 -0.03469288
v -0.07367906 -0.03823968 -0.03329161
v -0.07313343 -0.03926152 -0.03199362
v -0.07238660 -0.04041035 -0.03008852
v -0.07227478 -0.04157523 -0.02855025
v -0.07295668 -0.04240044 -0.02819037
v -0.08604954 -0.02878854 -0.04314051
v -0.07831027 -0.04085677 -0.03354567
v -0.08357177 0.00117850 -0.03238573
v -0.08357355 -0.00039507 -0.03441359
v -0.08593012 0.00132966 -0.03545666
v -0.08580129 0.00315627 -0.03357537
v -0.06640679 -0.01313800 -0.08047654
v -0.06911498 -0.00155096 -0.08296492
v -0.01859608 -0.08124372 -0.10306572
v -0.01851544 -0.06889620 -0.10079438
v -0.08378478 0.02740123 -0.06144975
v -0.08352268 0.00243786 -0.03074074
v -0.08587224 0.00460049 -0.03183867
v -0.08545896 -0.01687982 -0.04307790
v -0.08165928 0.00230727 -0.03097739
v -0.08200130 0.00086050 -0.03268839
v -0.08716094 0.00647172 -0.03311808
v -0.08704404 0.00480755 -0.03499902
v -0.08743113 0.00265492 -0.03690445
v -0.08229464 -0.00078835 -0.03454167
v -0.08450536 0.00600963 -0.03126336
v -0.08770676 0.05339159 -0.03201602
v -0.08744144 0.04999126 -0.04682664
v -0.08478741 0.07068430 -0.03222111
v -0.08436461 0.06836233 -0.04807267
v -0.08040967 0.06535906 -0.06485566
v -0.08326000 0.04595507 -0.06390469
v -0.08450101 0.00649868 -0.02582107
v -0.08716369 0.00883386 -0.02447948
v -0.06977621 0.07235610 0.01973562
v -0.07507333 0.06852096 0.01201660
v -0.06272346 0.07545136 0.02870290
v -0.06296361 0.08165655 0.02338738
v -0.06959700 0.07948345 0.01424201
v -0.07719144 0.07464780 0.00138910
v -0.08595736 0.04183176 -0.01949939
v -0.08540833 0.05641698 -0.01730670
v -0.08179256 0.05822662 -0.00339164
v -0.08213047 0.07293299 -0.01607125
v -0.07348000 0.08478220 -0.00305211
v -0.07766753 0.08358644 -0.01778979
v -0.06680144 0.09400864 -0.00533286
v -0.06949542 0.09452799 -0.02002319
v -0.06991179 0.09468403 -0.03611134
v -0.07985764 0.08220413 -0.03336640
v -0.06813540 0.08593708 0.00936613
v -0.06169525 0.08726099 0.01913724
v -0.06339437 0.09296206 0.00715064
v -0.05971774 0.09203473 0.01550505
v -0.07941517 0.05875778 0.00395366
v -0.06791987 -0.04632666 -0.02877184
v -0.07000305 -0.04753795 -0.02360937
v -0.07420874 -0.03800604 -0.01387336
v -0.07101659 -0.01851948 0.02533412
v -0.07168885 -0.00591171 0.02479543
v -0.07558764 -0.01223742 0.01326367
v -0.07344749 -0.02699743 0.01261351
v -0.07034939 0.00777697 0.02505949
v -0.07511584 0.00184519 0.01410079
v -0.07524439 0.01642857 0.01414607
v -0.07045783 0.02180050 0.02681982
v -0.07216235 0.06289653 -0.08091579
v -0.07392217 0.04590144 -0.08212361
v -0.07405464 0.03292205 -0.08300142
v -0.04987928 0.03321859 0.05898860
v -0.03275420 0.08884420 -0.09757814
v -0.05036245 0.05787124 0.05342600
v -0.06479156 0.08340456 -0.07722972
v -0.05214443 0.09102327 -0.08297314
v -0.07961585 0.08008582 -0.04899942
v -0.07684226 0.07738295 -0.06316216
v -0.06931100 0.07394795 -0.07914775
v -0.07269058 0.01659153 -0.08444975
v -0.05367258 0.08992358 0.02612999
v -0.05725104 0.00261601 0.04767040
v -0.05654538 -0.00137725 0.04633455
v -0.05757672 0.00660115 0.04977978
v -0.05513548 -0.00604048 0.04762821
v -0.01631242 -0.01413667 0.06898656
v -0.01578845 -0.01637339 0.07060003
v -0.01548626 -0.01924547 0.07215688
v -0.01920711 -0.01886916 0.06824534
v -0.01859909 -0.02213508 0.06955613
v -0.01207997 -0.01973723 0.07746573
v -0.01255141 -0.01671190 0.07530618
v -0.01473046 -0.02203406 0.07370831
v -0.01429630 -0.02548721 0.07497264
v -0.01199553 -0.02316455 0.07916239
v -0.01863458 -0.03729454 0.06916765
v -0.01966416 -0.03236110 0.06869597
v -0.01699641 -0.02849521 0.07120048
v -0.02230385 -0.02491343 0.06794702
v -0.02107726 -0.02842908 0.06857411
v -0.01768707 -0.02507462 0.07051773
v -0.02340959 -0.02130879 0.06659760
v -0.01515519 -0.02932934 0.07671004
v -0.01580900 -0.03306624 0.07910725
v -0.01217146 -0.02715990 0.08161715
v -0.01034701 -0.02560037 0.08533091
v -0.01016447 -0.02145107 0.08291154
v -0.01996004 -0.01644505 0.06687862
v -0.02472249 -0.01857295 0.06559398
v -0.02476946 -0.03201992 0.06769519
v -0.02936637 -0.03576356 0.06709785
v -0.02690604 -0.02756988 0.06696509
v -0.03118374 -0.03061081 0.06636681
v -0.02807082 -0.02363606 0.06588782
v -0.03251654 -0.02640597 0.06517632
v -0.03337759 -0.04032071 0.06594458
v -0.03689328 -0.04472420 0.06406101
v -0.04000047 -0.05058856 0.06115740
v -0.03982442 -0.03928677 0.06342568
v -0.04351278 -0.04501086 0.06022863
v -0.04176901 -0.03344244 0.06247156
v -0.04613644 -0.03914674 0.05920615
v -0.03577483 -0.03440815 0.06528015
v -0.03741517 -0.02975504 0.06407437
v -0.03369922 -0.02226674 0.06387351
v -0.02938017 -0.02015243 0.06479127
v -0.04283872 -0.02165520 0.06056584
v -0.04259692 -0.02757644 0.06153900
v -0.03821399 -0.02478065 0.06278493
v -0.03875985 -0.01989881 0.06152852
v -0.04767410 -0.03163344 0.05873694
v -0.04742305 -0.02369597 0.05882792
v -0.04670320 -0.01830102 0.05818339
v -0.03291456 -0.01089714 0.06139121
v -0.02797116 -0.01006182 0.06219956
v -0.03643592 -0.01137544 0.06042200
v -0.04259834 -0.01725082 0.05966100
v -0.03912833 -0.01640759 0.06064584
v -0.05082391 -0.01096068 0.05294288
v -0.04834509 -0.01170521 0.05487793
v -0.04231135 -0.01181958 0.05815461
v -0.03950049 -0.01169860 0.05929536
v -0.04540183 -0.01182802 0.05660870
v -0.02332226 -0.00828112 0.06245412
v -0.01864168 -0.00607285 0.06270794
v -0.06028271 -0.07050990 -0.05598111
v -0.00978509 -0.01776993 0.08108041
v -0.00987449 -0.01438975 0.07888667
v -0.01557368 0.01019772 0.06582906
v -0.01341175 0.00787319 0.06493156
v -0.00796620 0.00707119 0.07218807
v -0.01923360 0.01291246 0.06885990
v -0.01544017 -0.00329213 0.06296160
v -0.01356148 -0.00072429 0.06303896
v -0.01257663 0.00198864 0.06326057
v -0.01222850 0.00513256 0.06394515
v -0.03098868 0.02272573 0.07324772
v -0.02719196 0.01700799 0.07359803
v -0.06082327 0.04051574 0.04536924
v -0.06430921 0.03268845 0.04012509
v -0.05247090 0.01871595 0.05975873
v -0.05551383 0.01522449 0.05608035
v -0.05723573 0.01091061 0.05253101
v -0.06601610 0.02174255 0.03534576
v -0.06678627 0.00996758 0.03279795
v -0.06803989 -0.00142724 0.03207782
v -0.05364815 0.07171979 0.04270786
v -0.05398899 0.07825042 0.03742560
v -0.05269397 0.06483902 0.04815133
v -0.04538972 0.09265648 0.03160269
v -0.04502553 0.08696595 0.03866610
v -0.05403295 0.08434028 0.03197468
v -0.04506021 0.08080783 0.04446066
v -0.04495486 0.07431941 0.04961763
v -0.04397826 0.06755028 0.05499411
v -0.04216326 0.06039605 0.06017149
v -0.03976961 0.05146596 0.06450713
v -0.05219179 -0.06599256 -0.07447740
v -0.00688804 -0.03074640 0.07661396
v -0.00644546 -0.03089011 0.07706070
v -0.00664406 -0.03073328 0.07641871
v -0.00613823 -0.03084553 0.07692938
v -0.00655716 -0.03121101 0.07687677
v -0.00616434 -0.03948829 0.07792349
v -0.00530343 -0.03728466 0.07736563
v -0.00586410 -0.03364723 0.07734171
v -0.07347821 -0.04429601 -0.01699334
v -0.06159259 -0.10573920 -0.05590800
v -0.05816240 -0.09981569 -0.06921817
v 0.05671923 -0.09990177 -0.05939771
v 0.05200584 -0.09435271 -0.07251190
v 0.02352564 -0.14309394 -0.00508077
v 0.03559367 -0.13741654 -0.01172339
v 0.03666998 -0.14523943 -0.01429903
v 0.02423267 -0.15030237 -0.00789606
v 0.06054859 -0.11610264 -0.06741488
v 0.05815680 -0.10844349 -0.06191060
v 0.05370144 -0.10256584 -0.07622816
v 0.05702893 -0.10983764 -0.08263834
v 0.04583401 -0.09851051 -0.08858866
v 0.04911112 -0.10659207 -0.09579120
v 0.03776595 -0.10551743 -0.10569368
v 0.03535847 -0.09576020 -0.09805331
v 0.02285896 -0.09415110 -0.10481340
v 0.02462422 -0.10525749 -0.11190709
v 0.04707164 -0.13013379 -0.02105906
v 0.05583640 -0.12213343 -0.03303769
v 0.05734957 -0.13073072 -0.03662990
v 0.04826751 -0.13839065 -0.02411678
v 0.05978262 -0.11485863 -0.04678687
v 0.06124887 -0.12311225 -0.05151391
v 0.01031371 -0.10547026 -0.11472616
v 0.00914252 -0.09328900 -0.10785187
v 0.02622670 -0.16852207 -0.01385423
v 0.01268085 -0.17149958 -0.01240947
v 0.01278307 -0.16192359 -0.00798276
v 0.02525652 -0.15904132 -0.01089421
v 0.05704650 -0.16632697 -0.03510362
v 0.07050995 -0.15639782 -0.04831730
v 0.07734028 -0.16530575 -0.04638653
v 0.06162244 -0.17644201 -0.03387630
v 0.09872780 -0.15956423 -0.05881883
v 0.10707521 -0.14415626 -0.07955150
v 0.04140173 -0.17337267 -0.02383082
v 0.04409860 -0.18354365 -0.02238572
v -0.00416980 -0.11716081 -0.12373392
v -0.00437262 -0.10603308 -0.11476016
v 0.09677094 -0.13866535 -0.08136598
v 0.09494036 -0.13068475 -0.10515061
v 0.10761407 -0.13619953 -0.10450933
v 0.05226793 -0.14670071 -0.14748487
v 0.05271412 -0.15299132 -0.15146042
v 0.06795049 -0.14809445 -0.14869699
v 0.06356505 -0.14255881 -0.14394204
v 0.07350947 -0.12054786 -0.09775835
v 0.06174158 -0.11899588 -0.11306876
v 0.07011039 -0.12516075 -0.11976945
v 0.08397239 -0.12525123 -0.10299806
v 0.03449997 -0.13288683 -0.13750175
v 0.05280141 -0.12823087 -0.13070169
v 0.04667933 -0.12153266 -0.12413114
v 0.03013929 -0.12375796 -0.13023302
v 0.08682088 -0.13401505 -0.08113611
v 0.07630461 -0.12925267 -0.07829992
v 0.08009379 -0.14586408 -0.06379840
v 0.07166593 -0.13941866 -0.06161941
v 0.06452411 -0.14839874 -0.04617233
v 0.05467533 -0.11344831 -0.10449336
v 0.04171545 -0.11382213 -0.11479320
v 0.02685148 -0.11498609 -0.12121008
v 0.01134465 -0.11623809 -0.12375488
v -0.00249349 -0.16154189 -0.15027370
v -0.00296123 -0.14981638 -0.14613321
v 0.01519590 -0.13571383 -0.13923839
v 0.01326138 -0.12611946 -0.13257487
v 0.08895791 -0.15217617 -0.06291930
v 0.06506390 -0.13157265 -0.05726368
v 0.06025138 -0.13965704 -0.04160170
v 0.06867251 -0.18496969 -0.02472284
v 0.08643737 -0.17485031 -0.04004113
v 0.04889627 -0.19252233 -0.01371541
v 0.03085169 -0.19830737 -0.00708350
v 0.01724058 -0.14798942 -0.14527155
v 0.01685070 -0.15940408 -0.14979443
v 0.03664991 -0.15566987 -0.15054256
v 0.03991310 -0.14367971 -0.14505692
v 0.05346844 -0.15700155 -0.03223231
v 0.04011856 -0.16387892 -0.02084243
v 0.02658637 -0.17798682 -0.01589598
v 0.06367946 -0.11591926 -0.09003135
v 0.06646515 -0.12313394 -0.07332069
v 0.05071278 -0.14725995 -0.02832980
v 0.03817229 -0.15422483 -0.01795803
v 0.01228250 -0.15378878 -0.00385522
v 0.02807037 -0.18818678 -0.01384732
v 0.09593327 -0.13711226 -0.12661508
v 0.08247595 -0.14251073 -0.14084131
v 0.07515319 -0.13927500 -0.13850947
v -0.00381190 -0.13723448 -0.14007477
v 0.00120804 -0.16302718 -0.00726092
v 0.00096876 -0.17239887 -0.01171058
v 0.00163117 -0.15509528 -0.00219195
v 0.07982370 -0.13241982 -0.12722233
v 0.05892989 -0.13615732 -0.13793510
v 0.00158879 -0.14910853 0.00203615
v -0.00478563 -0.09333586 -0.10820949
v 0.00108929 -0.18294625 -0.01590966
v 0.00168625 -0.19529006 -0.01482447
v 0.00260425 -0.20611313 -0.00684134
v 0.01238254 -0.14739540 -0.00018787
v 0.01440433 -0.19260015 -0.01358932
v 0.01320619 -0.18135300 -0.01511336
v 0.01610744 -0.20354246 -0.00657603
v -0.00391650 -0.12710337 -0.13283595
v -0.02060030 -0.14533144 -0.00385486
v -0.03335620 -0.14065108 -0.00987284
v -0.03417632 -0.14842701 -0.01248317
v -0.02109374 -0.15235676 -0.00682498
v -0.06456868 -0.12222384 -0.06395940
v -0.06266963 -0.11448047 -0.05852479
v -0.05952927 -0.10817686 -0.07296437
v -0.06266472 -0.11550817 -0.07928693
v -0.05304612 -0.10337581 -0.08571196
v -0.05603614 -0.11151638 -0.09284125
v -0.04544764 -0.10941562 -0.10341564
v -0.04349775 -0.09964223 -0.09575890
v -0.03163163 -0.09684622 -0.10328545
v -0.03279466 -0.10798879 -0.11037701
v -0.04623977 -0.13461819 -0.01840736
v -0.05650008 -0.12777406 -0.02989402
v -0.05735520 -0.13609028 -0.03335512
v -0.04708733 -0.14275208 -0.02145414
v -0.06274759 -0.12115616 -0.04333584
v -0.06351063 -0.12946086 -0.04807312
v -0.01877071 -0.10691776 -0.11390521
v -0.01844812 -0.09471314 -0.10702872
v -0.02351733 -0.17065243 -0.01263114
v -0.01021890 -0.17244354 -0.01182429
v -0.00979789 -0.16277371 -0.00757253
v -0.02245126 -0.16100430 -0.00988204
v -0.05439282 -0.17186573 -0.03316092
v -0.06936967 -0.16287762 -0.04529251
v -0.07540889 -0.17216337 -0.04311746
v -0.05857535 -0.18198039 -0.03115487
v -0.09791601 -0.16825715 -0.05424982
v -0.10880966 -0.15351215 -0.07418504
v -0.03864081 -0.17719975 -0.02193550
v -0.04077901 -0.18776941 -0.02027048
v -0.09918704 -0.14718819 -0.07645790
v -0.09970504 -0.13899252 -0.10008183
v -0.11180644 -0.14544879 -0.09884877
v -0.05843299 -0.15148103 -0.14484581
v -0.05857759 -0.15774515 -0.14881361
v -0.07386843 -0.15410444 -0.14526588
v -0.06980623 -0.14832385 -0.14061031
v -0.07906129 -0.12718971 -0.09355632
v -0.06834570 -0.12529750 -0.10965805
v -0.07647262 -0.13167682 -0.11583163
v -0.08911778 -0.13281673 -0.09835124
v -0.04145879 -0.13629775 -0.13560013
v -0.05970320 -0.13301972 -0.12771392
v -0.05378173 -0.12510599 -0.12097632
v -0.03745798 -0.12683848 -0.12837675
v -0.08972687 -0.14176258 -0.07653915
v -0.07942174 -0.13618274 -0.07410306
v -0.08092855 -0.15310760 -0.05980812
v -0.07286169 -0.14609753 -0.05810262
v -0.06385593 -0.15441343 -0.04336766
v -0.06135710 -0.11865945 -0.10132167
v -0.04910482 -0.11794078 -0.11233396
v -0.03465835 -0.11780364 -0.11946633
v -0.01916476 -0.11867652 -0.12327300
v -0.02245565 -0.13834924 -0.13858548
v -0.02171187 -0.12537639 -0.13118288
v -0.08907126 -0.16012222 -0.05873460
v -0.06655010 -0.13795881 -0.05397810
v -0.06001900 -0.14516142 -0.03849183
v -0.06477353 -0.19138268 -0.02123386
v -0.08358404 -0.18239525 -0.03597564
v -0.04451784 -0.19712073 -0.01097736
v -0.02606040 -0.20090787 -0.00506222
v -0.02367939 -0.14964041 -0.14433481
v -0.02219099 -0.16104598 -0.14878406
v -0.04192112 -0.15927097 -0.14874928
v -0.04624192 -0.14749475 -0.14297663
v -0.05160131 -0.16184792 -0.03006542
v -0.03773393 -0.16738002 -0.01883444
v -0.02378291 -0.18059155 -0.01489374
v -0.06922023 -0.12192985 -0.08640517
v -0.07010026 -0.12952057 -0.06968433
v -0.04941339 -0.15177102 -0.02571498
v -0.03584718 -0.15748471 -0.01612153
v -0.00958336 -0.15475866 -0.00344424
v -0.02461385 -0.19069320 -0.01220668
v -0.10135376 -0.14561485 -0.12138806
v -0.08839343 -0.14985247 -0.13642788
v -0.08122151 -0.14607157 -0.13441643
v -0.08583826 -0.13965124 -0.12289977
v -0.06535069 -0.14166866 -0.13476631
v -0.00925561 -0.14841186 0.00032039
v -0.01077538 -0.19393320 -0.01272692
v -0.01049222 -0.18276234 -0.01477658
v -0.01079222 -0.20453025 -0.00548658
v -0.00696119 -0.03113651 0.07653818
v -0.07157812 -0.04968456 0.00448980
v -0.07109481 -0.05600776 -0.00418642
v -0.06670078 -0.06835590 0.00111102
v -0.06779686 -0.06127307 0.01026245
v -0.06065740 -0.07933117 0.00710386
v -0.06389982 -0.07057442 0.01481661
v -0.05390188 -0.08863778 0.01460296
v -0.05890980 -0.07934761 0.02041436
v -0.04884465 -0.09555640 0.02357682
v -0.05387809 -0.08600816 0.02759950
v -0.03316013 -0.10268915 0.04369654
v -0.03113229 -0.10717025 0.03926617
v -0.02370026 -0.11084905 0.04604242
v -0.02442379 -0.10752280 0.05096167
v -0.01571778 -0.11400180 0.05197898
v -0.01644692 -0.11072855 0.05685289
v -0.00719325 -0.11508964 0.05524551
v -0.00726138 -0.11204699 0.06039276
v 0.00277606 -0.11504202 0.05688369
v 0.00281545 -0.11180478 0.06209611
v 0.00271372 -0.10233163 0.06746532
v -0.00653281 -0.10302415 0.06652820
v -0.00686021 -0.10781207 0.06415955
v 0.00278450 -0.10788344 0.06523930
v -0.01448567 -0.10190296 0.06296709
v -0.01593989 -0.10671192 0.06044793
v -0.02182486 -0.09891096 0.05770159
v -0.02363955 -0.10357422 0.05493122
v -0.02997167 -0.09419166 0.05164297
v -0.03200451 -0.09870098 0.04819759
v -0.03678975 -0.08903394 0.04873180
v -0.04036962 -0.09125555 0.04421312
v -0.00656062 -0.11695489 0.04827704
v 0.00261212 -0.11677937 0.05019012
v -0.01447311 -0.11581954 0.04521770
v -0.02197976 -0.11314020 0.04008764
v -0.02860462 -0.11050901 0.03393858
v -0.04202703 -0.10089438 0.03229972
v -0.03582262 -0.10740924 0.02699811
v -0.04382123 -0.10173122 0.01974683
v -0.04922293 -0.09480071 0.00995520
v -0.05739700 -0.08468715 0.00071710
v -0.06523021 -0.07230029 -0.00694361
v -0.06998833 -0.05934530 -0.01238744
v -0.07290155 -0.04745122 -0.00792287
v -0.01318346 -0.09743282 0.06414116
v -0.00596785 -0.09788269 0.06721268
v -0.01971413 -0.09489075 0.05946723
v -0.02748064 -0.08994479 0.05425691
v -0.03398010 -0.08535059 0.05184187
v -0.03948986 -0.07267644 0.05397244
v -0.03807942 -0.07918118 0.05228768
v -0.03814922 -0.06021746 0.05909710
v -0.03904105 -0.06631522 0.05656591
v -0.04635143 -0.05294158 0.05570848
v -0.04810967 -0.06175253 0.05080311
v -0.04363551 -0.06511096 0.05380236
v -0.04239479 -0.05720156 0.05749934
v -0.04970475 -0.04632236 0.05406371
v -0.05231118 -0.05695128 0.04781834
v -0.00583189 -0.11858150 0.04238721
v 0.00247420 -0.11870149 0.04322577
v -0.01286639 -0.11786111 0.03941306
v -0.01925416 -0.11629668 0.03466410
v -0.02426285 -0.11502127 0.02880433
v -0.02990589 -0.11322217 0.02227970
v -0.03616355 -0.10968389 0.01484357
v -0.04392150 -0.10322680 0.00541090
v -0.05340404 -0.09215900 -0.00519001
v -0.06303819 -0.07632576 -0.01377975
v -0.06741581 -0.06235459 -0.01963897
v -0.02152952 -0.12119571 0.01737818
v -0.01689720 -0.12120624 0.02281947
v -0.01290267 -0.12175731 0.02706478
v -0.00935228 -0.12169459 0.03089527
v -0.00445459 -0.12289414 0.03034775
v 0.00237003 -0.12374470 0.03001517
v -0.00393536 -0.12461510 0.02400947
v 0.00247109 -0.12538630 0.02420690
v -0.00672924 -0.12680447 0.02016505
v 0.00245378 -0.12749527 0.02096047
v -0.00929365 -0.12943947 0.01696149
v 0.00230415 -0.13134538 0.01737621
v -0.04172849 -0.08195870 0.04872346
v -0.04620429 -0.08175015 0.04401173
v -0.04847689 -0.07158595 0.04656659
v -0.05321034 -0.06798779 0.04229448
v -0.05138214 -0.07979161 0.03841723
v -0.04387932 -0.07374185 0.05049982
v -0.05713683 -0.07484847 0.03195008
v -0.05799018 -0.06245329 0.03762539
v -0.05630718 -0.05015630 0.04517109
v -0.06139725 -0.05565324 0.03383069
v -0.06145858 -0.06808418 0.02614520
v -0.05984928 -0.04520609 0.04166843
v -0.06267416 -0.04017053 0.03855509
v -0.06385385 -0.05008974 0.03033845
v -0.06458648 -0.06049605 0.02246660
v -0.04601426 -0.09269664 0.03605917
v -0.06734463 -0.05347385 0.01838258
v -0.06511860 -0.03550847 0.03477369
v -0.06611694 -0.04401166 0.02676004
v -0.06785148 -0.02920352 0.03001632
v -0.06945360 -0.03687923 0.02018484
v -0.07097021 -0.04418811 0.01177853
v -0.07410247 -0.03987706 -0.00263122
v 0.00250796 -0.09722997 0.06834996
v -0.06799804 -0.04432244 -0.03295347
v -0.02231162 -0.05213079 0.06787569
v -0.01675103 -0.05025503 0.07122418
v -0.01147456 -0.04973345 0.07446426
v -0.00707420 -0.04968617 0.07670274
v -0.00288121 -0.04973003 0.07773837
v 0.00202378 -0.14077628 0.00986530
v -0.00143630 0.01904680 0.07736219
v 0.00210891 -0.13507797 0.01444623
v 0.00141288 -0.08068456 0.05330975
v -0.00766584 0.11231798 0.01935454
v 0.00233110 -0.09209991 0.06879418
v 0.00155313 -0.07624775 0.05652060
v 0.00051610 -0.02201241 0.09296328
v 0.00218783 -0.08751049 0.06849471
v 0.00222107 -0.07562835 0.07273688
v 0.00218345 -0.06945234 0.07190943
v -0.00313397 0.05471947 0.07363787
v 0.00220965 -0.07204308 0.07287674
v 0.00063002 -0.04732431 0.07827353
v 0.00076527 -0.02674741 0.09548800
v 0.00209184 -0.06782648 0.07069281
v -0.00651494 -0.04346658 -0.10170146
v 0.00218224 -0.07963573 0.07105440
v 0.00155597 -0.07096770 0.06224004
v 0.00190143 -0.06728743 0.06899931
v 0.00116427 -0.06316064 0.05886480
v 0.00089245 -0.05025771 0.07784768
v -0.00045592 -0.00239941 0.08149734
v -0.00850748 -0.00168195 -0.11740453
v -0.00038804 -0.00581519 0.08355024
v -0.00500683 0.08033710 0.06175908
v -0.00378904 0.06520152 0.07051687
v 0.00020455 -0.01743308 0.09038647
v -0.01050966 0.06248388 -0.11716998
v -0.01080384 0.07831232 -0.11072053
v -0.00237892 0.03707413 0.07615823
v -0.00988998 0.12123974 -0.04195774
v 0.00095757 -0.03103760 0.09691943
v 0.00065650 -0.04298023 0.08425792
v -0.00652722 0.10028436 0.04135520
v -0.00956680 0.02802677 -0.12181955
v -0.01058857 0.11618417 -0.06760822
v 0.00169597 -0.06715919 0.07345685
v -0.00709111 0.10653766 0.03098251
v 0.00171469 -0.06804509 0.07048861
v 0.00098909 -0.04075774 0.09247281
v -0.00902865 0.01177998 -0.12089261
v -0.00995943 0.04192432 -0.12083297
v 0.00118016 -0.05724300 0.07755980
v 0.00098617 -0.05304814 0.07762757
v -0.01027865 0.11969818 -0.05503085
v -0.00155238 0.02453772 0.07767314
v 0.00136894 -0.06016696 0.07777944
v -0.00096012 0.00706271 0.07673924
v 0.00153538 -0.06290364 0.07740566
v 0.00179910 -0.14503184 0.00553663
v -0.01089734 0.09988609 -0.09314043
v 0.00159247 -0.06509943 0.07564937
v 0.00146591 -0.06632847 0.06465997
v 0.00003666 -0.01314541 0.08787390
v 0.00132673 -0.06491838 0.06166253
v -0.00276421 0.04473335 0.07489666
v 0.00054641 -0.04493826 0.07983244
v 0.00058331 -0.04450635 0.08051829
v -0.00092596 0.00454985 0.07753120
v -0.00451056 0.07334308 0.06644996
v -0.00094751 0.00949191 0.07667538
v 0.00062375 -0.04554170 0.07917673
v -0.01092985 0.09179535 -0.10138038
v -0.00938535 0.12283707 -0.02420027
v -0.00893745 0.12158307 -0.01115721
v -0.00070888 0.00097184 0.07950668
v -0.00011952 -0.00919474 0.08550956
v -0.00607694 -0.05328814 -0.10173382
v 0.00110326 -0.03769205 0.09561716
v 0.00107376 -0.03497262 0.09681308
v -0.00598469 0.09355609 0.04987463
v -0.00806940 -0.01189397 -0.11439943
v -0.00830727 0.11806457 0.00525522
v -0.00548806 0.08692563 0.05638224
v -0.00713376 -0.03101414 -0.10645591
v -0.00769131 -0.02010310 -0.11186086
v 0.00086592 -0.04168868 0.09050859
v -0.00124012 0.01254979 0.07657538
v 0.00074004 -0.04255581 0.08710330
v -0.01081117 0.11055753 -0.07965747
v 0.00062702 -0.04370785 0.08190756
v 0.00684139 -0.03060318 0.07650641
v 0.06736720 -0.04358168 0.00095053
v 0.06626819 -0.04966078 -0.00795129
v 0.06337042 -0.06246097 -0.00239885
v 0.06492880 -0.05555827 0.00678865
v 0.05909581 -0.07398065 0.00362890
v 0.06215988 -0.06513049 0.01122687
v 0.05362617 -0.08375821 0.01124291
v 0.05832692 -0.07420810 0.01684597
v -0.00349155 -0.04053061 0.08993854
v -0.00252381 -0.04162585 0.08716685
v 0.05003137 -0.09120300 0.02030631
v 0.05459493 -0.08133194 0.02420589
v -0.01627903 0.00052934 0.06040532
v -0.00753341 -0.04198056 0.07687305
v -0.00730230 -0.01966203 0.08632772
v -0.01507809 0.00101485 0.06096009
v 0.03653236 -0.09969293 0.04105902
v 0.03450603 -0.10424469 0.03671133
v 0.02751076 -0.10829514 0.04382560
v 0.02841783 -0.10506813 0.04870268
v -0.01022551 -0.04144979 0.07587856
v 0.02052825 -0.11241822 0.05048009
v 0.02139093 -0.10917230 0.05534834
v 0.01255881 -0.11445861 0.05454817
v 0.01274621 -0.11136164 0.05967625
v -0.00717586 -0.01203379 0.08186031
v -0.00971847 -0.00106138 0.07013744
v 0.01180867 -0.10236039 0.06610984
v 0.01229744 -0.10720745 0.06365489
v -0.00701798 -0.01592642 0.08418049
v -0.01565692 -0.03832338 0.07701796
v -0.01397911 -0.04081102 0.07519583
v -0.00617183 -0.03495210 0.09336360
v -0.00717516 -0.03201019 0.09285804
v 0.01944612 -0.10066871 0.06183943
v -0.00686311 -0.03777324 0.09091229
v -0.00406362 -0.03955581 0.09123757
v 0.02075011 -0.10531575 0.05908283
v -0.01770719 -0.00017445 0.06076236
v -0.02828999 0.00101821 0.05633688
v -0.00535958 -0.03692345 0.09295167
v -0.00223018 -0.03894165 0.09320822
v -0.02102354 0.00041126 0.05934312
v -0.01713008 0.00012927 0.06060531
v -0.01143246 -0.03543719 0.08616146
v -0.00827881 -0.00270439 0.07442036
v 0.02599186 -0.09705444 0.05585872
v 0.02769301 -0.10149153 0.05282772
v 0.03349907 -0.09177472 0.04941142
v 0.03536700 -0.09598809 0.04572666
v -0.01426323 -0.03627644 0.08168390
v 0.03989159 -0.08611241 0.04637326
v 0.04311691 -0.08793125 0.04154108
v 0.01165102 -0.11609660 0.04750894
v -0.01854183 -0.00014712 0.06070367
v -0.01927930 -0.00005372 0.06058777
v -0.00770966 -0.02390315 0.08865661
v 0.01905315 -0.11413750 0.04371522
v 0.02584592 -0.11058719 0.03801507
v 0.03210422 -0.10751057 0.03155783
v 0.04462114 -0.09732562 0.02933213
v -0.02367253 0.00026267 0.05933456
v -0.00233043 -0.04251283 0.08191908
v -0.00955757 -0.03651376 0.08843197
v -0.00809450 -0.03725275 0.08983625
v -0.00290449 -0.04293922 0.07987032
v 0.03877288 -0.10414688 0.02425204
v 0.04542619 -0.09755458 0.01651703
v -0.01293665 0.00065755 0.06317367
v 0.04908704 -0.08989540 0.00651730
v -0.00767784 -0.00546614 0.07779963
v -0.00724227 -0.00865793 0.08025408
v 0.05588248 -0.07928710 -0.00288145
v 0.06131104 -0.06608383 -0.01062780
v -0.00217969 -0.04208627 0.08450446
v 0.06477150 -0.05285135 -0.01644337
v 0.06713332 -0.04114950 -0.01160038
v 0.01794780 -0.09632866 0.06323666
v 0.01108246 -0.09724832 0.06696838
v 0.02388985 -0.09329799 0.05795071
v -0.00764241 -0.02818502 0.09132396
v 0.03102927 -0.08779562 0.05233665
v 0.03717330 -0.08279778 0.04981408
v 0.04180337 -0.06966795 0.05182235
v -0.00542390 -0.04227977 0.07845273
v 0.04078644 -0.07633889 0.05025985
v 0.03962467 -0.05720055 0.05722366
v 0.04078825 -0.06326126 0.05447259
v 0.04692068 -0.04917241 0.05357311
v 0.04903102 -0.05785575 0.04828565
v 0.04509187 -0.06159349 0.05145997
v 0.00106678 -0.03948101 0.09413166
v -0.00464408 -0.03843407 0.09218726
v 0.04357747 -0.05377916 0.05555279
v 0.04952658 -0.04228247 0.05182284
v 0.05248334 -0.05276940 0.04523659
v 0.01068229 -0.11762728 0.04160651
v -0.02989653 0.01177741 0.06803519
v -0.02987412 0.00996656 0.06671899
v 0.01727354 -0.11612164 0.03800409
v 0.02317897 -0.11393100 0.03279893
v 0.02764240 -0.11224215 0.02661644
v 0.03292337 -0.11024425 0.01975905
v 0.03823919 -0.10604174 0.01194705
v 0.04412649 -0.09846771 0.00231932
v -0.02288285 0.01462938 0.07132345
v -0.00596201 0.01550465 0.07593332
v -0.01097562 0.01544437 0.07452910
v 0.05226943 -0.08687891 -0.00866514
v -0.03133584 0.00344809 0.06512608
v -0.03196125 0.00161064 0.06273014
v -0.02987001 0.00783247 0.06547277
v -0.03140709 0.00156785 0.06395443
v -0.03144399 0.00206045 0.06503641
v 0.05920346 -0.07031423 -0.01750502
v -0.02996479 0.00660325 0.06477733
v 0.06131523 -0.05569537 -0.02337421
v -0.02997270 0.00602256 0.06485895
v 0.02484365 -0.11888051 0.01532305
v -0.02788736 0.01362089 0.06963246
v 0.02066035 -0.11929704 0.02099291
v 0.01701907 -0.12007423 0.02560746
v -0.03062380 0.00494778 0.06480318
v -0.03240890 0.00152692 0.06103532
v 0.01374702 -0.12021501 0.02971915
v -0.03306400 0.00143283 0.05706608
v 0.00905499 -0.12213378 0.02967939
v -0.00131661 0.01571163 0.07688159
v -0.02248421 0.02320610 0.07585967
v -0.05330610 0.02313176 0.05705801
v 0.00854906 -0.12406226 0.02342889
v -0.05644473 0.01838228 0.05364269
v 0.01103981 -0.12596759 0.01932479
v -0.04952221 -0.01485646 0.05552877
v -0.05240015 -0.01406533 0.05325963
v -0.01937348 0.01770717 0.07506736
v 0.01341445 -0.12843353 0.01608099
v 0.04426122 -0.07868449 0.04622017
v 0.04804539 -0.07800879 0.04112120
v 0.04967360 -0.06765346 0.04377570
v 0.05378340 -0.06361605 0.03933172
v -0.02883067 0.04346735 0.07107429
v -0.03706482 0.09499443 0.03547943
v -0.02698168 0.03596675 0.07330835
v -0.04082401 0.02793366 0.06747050
v 0.05262489 -0.07559325 0.03524629
v -0.03668990 0.08903056 0.04318171
v 0.04575792 -0.07021859 0.04791569
v 0.05720153 -0.07015388 0.02867473
v 0.05760118 -0.05768079 0.03460147
v 0.05566941 -0.04554815 0.04253374
v 0.06009776 -0.05051437 0.03071002
v -0.04837918 0.02676538 0.06175738
v 0.06041080 -0.06303151 0.02270765
v -0.05738312 -0.00864042 0.04656558
v -0.00844661 0.02997920 0.07745489
v -0.05866978 -0.00290178 0.04439408
v 0.05854738 -0.04021018 0.03891883
v -0.01646087 0.02942691 0.07722540
v -0.03635654 0.11572142 -0.02300921
v 0.06072702 -0.03482068 0.03565699
v 0.06175297 -0.04474185 0.02726038
v 0.06264345 -0.05509375 0.01902358
v 0.04827718 -0.08875600 0.03302094
v -0.01404628 0.01289592 0.07082848
v 0.06453427 -0.04787742 0.01499795
v -0.03941489 -0.01375556 0.05989446
v -0.04237767 -0.01418163 0.05876946
v 0.06238941 -0.02992686 0.03175236
v -0.03978720 0.11342700 -0.01200543
v -0.05644857 -0.01097774 0.04844737
v -0.03325878 0.06206590 0.06488144
v -0.01034314 0.00755232 0.06859744
v -0.01200640 0.01013093 0.06878086
v -0.03472130 0.06964222 0.06013721
v 0.06332472 -0.03831698 0.02360076
v 0.06429023 -0.02337191 0.02689368
v 0.06572116 -0.03094168 0.01687649
v -0.03557946 0.07652187 0.05498999
v 0.06697826 -0.03813387 0.00833564
v 0.06821512 -0.03368174 -0.00607422
v -0.03794410 0.10073178 0.02614433
v -0.02261480 -0.00985060 0.06319586
v 0.06021170 -0.03818899 -0.03647622
v 0.02327552 -0.05037522 0.06680167
v 0.01780846 -0.04896822 0.07044601
v -0.05859650 0.01301694 0.05017979
v -0.05927094 0.00739059 0.04747940
v -0.03982531 0.11046021 0.00133508
v -0.03234137 -0.01252422 0.06194147
v -0.05904179 0.00225400 0.04537364
v -0.02497921 0.11947463 -0.03086045
v 0.01274018 -0.04883788 0.07404854
v -0.05474520 -0.01287820 0.05084104
v 0.00859634 -0.04904932 0.07666142
v 0.00453891 -0.04940791 0.07786759
v -0.03340092 0.02877179 0.07184536
v -0.03610673 -0.01326389 0.06098822
v -0.00996585 0.00460232 0.06787254
v -0.01798285 -0.00743282 0.06380062
v -0.01457918 -0.00447409 0.06450068
v -0.03615740 0.08288848 0.04953328
v -0.01222127 -0.00171722 0.06561671
v -0.01039537 0.00141536 0.06701580
v -0.02742733 -0.01155932 0.06277838
v -0.03123903 0.05259277 0.06884190
v -0.03875645 0.10597451 0.01452753
v -0.04593581 -0.01452433 0.05734923
v -0.00964677 0.12183416 -0.03383905
v -0.00203275 0.03037275 0.07720718
v -0.01118532 -0.00019304 0.06648234
v -0.01670332 0.01501973 0.07311695
v -0.02506058 0.02909391 0.07537290
v 0.00219163 -0.08355342 0.06948213
v -0.02728018 -0.06376445 0.06378137
v -0.02865690 -0.06609305 0.06166512
v -0.02806755 -0.07217024 0.05799486
v -0.01970545 -0.05849911 0.07035802
v -0.02430109 -0.06111709 0.06659814
v -0.01730181 -0.08076938 0.06384247
v -0.02903747 -0.06816542 0.06006712
v -0.01119329 -0.08223425 0.06698895
v -0.02921029 -0.07013963 0.05880539
v -0.00490816 -0.08274902 0.06872275
v 0.00108752 -0.05499848 0.07769451
v -0.00889352 -0.05505489 0.07662803
v -0.00363467 -0.05477141 0.07787950
v -0.01429678 -0.05627482 0.07397373
v -0.02575269 -0.07490568 0.05820256
v -0.02234833 -0.07829379 0.06025447
v 0.00517595 -0.04035671 0.08990276
v 0.00396009 -0.04140854 0.08711299
v 0.01309593 0.00183602 0.06030647
v 0.00826615 -0.04139536 0.07672326
v 0.00715274 -0.01909536 0.08617092
v 0.01179520 0.00217637 0.06077118
v 0.01093701 -0.04071708 0.07562551
v 0.00636197 -0.01144929 0.08176365
v 0.00708827 -0.00032364 0.06993189
v 0.00651838 -0.01536514 0.08406204
v 0.01620356 -0.03716843 0.07652662
v 0.01458303 -0.03976018 0.07476910
v 0.00786449 -0.03446819 0.09336494
v 0.00853186 -0.03144601 0.09275326
v 0.00832778 -0.03722167 0.09077503
v 0.00585896 -0.03938146 0.09123295
v 0.01466213 0.00119236 0.06064587
v 0.02486199 0.00312463 0.05573991
v 0.00711150 -0.03651950 0.09294877
v 0.00425952 -0.03889425 0.09328281
v 0.01796955 0.00186094 0.05912238
v 0.01403831 0.00148784 0.06052081
v 0.01230755 -0.03455877 0.08589762
v 0.00616631 -0.00208759 0.07426353
v 0.01498226 -0.03523952 0.08130229
v 0.01553675 0.00127759 0.06059863
v 0.01625747 0.00141348 0.06051990
v 0.00792793 -0.02329817 0.08848789
v 0.02051404 0.00158974 0.05897539
v 0.00337456 -0.04221178 0.08178669
v 0.01059002 -0.03570469 0.08819067
v 0.00930737 -0.03654682 0.08962958
v 0.00381709 -0.04261346 0.07978059
v 0.00977396 0.00166601 0.06296600
v 0.00609758 -0.00486273 0.07766088
v 0.00619469 -0.00806038 0.08015380
v 0.00337968 -0.04180864 0.08442019
v 0.00851288 -0.02756841 0.09117771
v 0.00620265 -0.04181682 0.07833558
v 0.00643680 -0.03815880 0.09217810
v 0.02664268 0.01455456 0.06739577
v 0.02667494 0.01252414 0.06618144
v 0.01958324 0.01650601 0.07087287
v 0.00317729 0.01600620 0.07609714
v 0.00800038 0.01629993 0.07456708
v 0.02820688 0.00612589 0.06449660
v 0.02835316 0.00434471 0.06161111
v 0.02666851 0.01016197 0.06511246
v 0.02827388 0.00417768 0.06331708
v 0.02840048 0.00477344 0.06436614
v 0.02677999 0.00888202 0.06449597
v 0.02676931 0.00846289 0.06457404
v 0.02461018 0.01602116 0.06908714
v 0.02741115 0.00751519 0.06438557
v 0.02874670 0.00443831 0.05988634
v 0.02936601 0.00436509 0.05602191
v 0.01878499 0.02517104 0.07559968
v 0.04772170 0.02794607 0.05509990
v 0.05090346 0.02346435 0.05139598
v 0.04682832 -0.01068741 0.05354264
v 0.04944919 -0.00965329 0.05104312
v 0.01611795 0.01946120 0.07493293
v 0.02259234 0.04586025 0.07015239
v 0.02383636 0.09764039 0.03405342
v 0.02165690 0.03823180 0.07246917
v 0.03575800 0.03152899 0.06624778
v 0.02436822 0.09161017 0.04178200
v 0.04285426 0.03108258 0.06011709
v 0.05372186 -0.00374171 0.04427940
v 0.00431408 0.03060862 0.07734322
v 0.05480350 0.00209032 0.04223063
v 0.01220259 0.03091298 0.07696124
v 0.01806002 0.11809403 -0.02443121
v 0.01096283 0.01411175 0.07076703
v 0.03705238 -0.01046730 0.05874711
v 0.03996821 -0.01063334 0.05736493
v 0.02232942 0.11615981 -0.01359631
v 0.05289825 -0.00618955 0.04603385
v 0.02497640 0.06465830 0.06365286
v 0.00745380 0.00851841 0.06849152
v 0.00895150 0.01124872 0.06865932
v 0.02513071 0.07185481 0.05904959
v 0.02502137 0.07888709 0.05374923
v 0.02373540 0.10345940 0.02467012
v 0.02016392 -0.00820043 0.06241763
v 0.05334055 0.01822703 0.04779766
v 0.05447303 0.01256119 0.04523305
v 0.02339972 0.11327250 -0.00023868
v 0.03001080 -0.00997982 0.06099993
v 0.05484388 0.00731834 0.04317600
v 0.00596856 0.12079191 -0.03169822
v 0.05155428 -0.00825978 0.04846083
v 0.02853892 0.03166831 0.07100300
v 0.03372722 -0.01030517 0.06000384
v 0.00695885 0.00553607 0.06769082
v 0.01535960 -0.00616311 0.06323018
v 0.01184862 -0.00346364 0.06415333
v 0.02470817 0.08536566 0.04819157
v 0.00937645 -0.00085624 0.06537367
v 0.00744170 0.00227704 0.06679747
v 0.02495797 -0.00945826 0.06192582
v 0.02411373 0.05522485 0.06782129
v 0.02346398 0.10875151 0.01301729
v 0.04338766 -0.01068902 0.05562769
v 0.00826241 0.00068134 0.06625919
v 0.01360400 0.01643641 0.07297544
v 0.02062743 0.03127002 0.07474391
v 0.02944616 -0.06157782 0.06215207
v 0.03099195 -0.06385928 0.06003284
v 0.03075817 -0.07008398 0.05648638
v 0.02172590 -0.05690287 0.06930546
v 0.02631080 -0.05916056 0.06517396
v 0.02069644 -0.07929987 0.06248616
v 0.03145672 -0.06596345 0.05849339
v 0.01508298 -0.08123741 0.06615933
v 0.03175061 -0.06795251 0.05728208
v 0.00903450 -0.08234383 0.06850205
v 0.01098117 -0.05427454 0.07639785
v 0.00577559 -0.05440523 0.07793868
v 0.01627766 -0.05509798 0.07334493
v 0.02868529 -0.07296295 0.05651929
v 0.02548649 -0.07651953 0.05849897
v 0.02923374 0.00485465 0.05108594
v -0.03303161 0.00185670 0.05175842
v 0.02787686 0.00243277 0.06314257
v 0.02629713 0.00244785 0.06271391
v 0.02483147 0.00251692 0.06198217
v 0.02358675 0.00263369 0.06102236
v 0.02789654 0.00274673 0.06319679
v 0.02633474 0.00306498 0.06281699
v 0.02488684 0.00341227 0.06213092
v 0.02365851 0.00376168 0.06121457
v 0.02797680 0.00305295 0.06324481
v 0.02649324 0.00366244 0.06291540
v 0.02511631 0.00427984 0.06227580
v 0.02394889 0.00485533 0.06139097
v 0.02811579 0.00333676 0.06328756
v 0.02676764 0.00422017 0.06299555
v 0.02551409 0.00508838 0.06239694
v 0.02445062 0.00587367 0.06154722
v 0.02830994 0.00358767 0.06332408
v 0.02714688 0.00471266 0.06306770
v 0.02606391 0.00580485 0.06249673
v 0.02514345 0.00677854 0.06167129
v 0.02854832 0.00379860 0.06334916
v 0.02761524 0.00512477 0.06311559
v 0.02674486 0.00640188 0.06257070
v 0.02600412 0.00753192 0.06177025
v 0.02882382 0.00395850 0.06336498
v 0.02815617 0.00543864 0.06314903
v 0.02752917 0.00685752 0.06261728
v 0.02699325 0.00810552 0.06182709
v 0.02912650 0.00406296 0.06336965
v 0.02874701 0.00564301 0.06315650
v 0.02838642 0.00715381 0.06262976
v 0.02807247 0.00847842 0.06184484
v 0.02944303 0.00410607 0.06336615
v 0.02936795 0.00572838 0.06315116
v 0.02928626 0.00727858 0.06261920
v 0.02920482 0.00863658 0.06182677
v 0.02976126 0.00408885 0.06335060
v 0.02999240 0.00569398 0.06311881
v 0.03019212 0.00722787 0.06257544
v 0.03034721 0.00857059 0.06177412
v 0.03007100 0.00400944 0.06332760
v 0.03059767 0.00553890 0.06307525
v 0.03107033 0.00700284 0.06250834
v 0.03145324 0.00828812 0.06168625
v 0.03035782 0.00387315 0.06329372
v 0.03116030 0.00527073 0.06300720
v 0.03188666 0.00661350 0.06241354
v 0.03248152 0.00779812 0.06156838
v 0.03061162 0.00368251 0.06325419
v 0.03165869 0.00489859 0.06293133
v 0.03260997 0.00607485 0.06229902
v 0.03339262 0.00712033 0.06142043
v 0.03082439 0.00344811 0.06320749
v 0.03207423 0.00443821 0.06283870
v 0.03321184 0.00540654 0.06216832
v 0.03415142 0.00627632 0.06125756
v 0.03098490 0.00317643 0.06315751
v 0.03239034 0.00390517 0.06274220
v 0.03367068 0.00463382 0.06202599
v 0.03473004 0.00530218 0.06107659
v 0.03109006 0.00287780 0.06310479
v 0.03259568 0.00332216 0.06263734
v 0.03396812 0.00378679 0.06187419
v 0.03510522 0.00423484 0.06088824
v 0.03113260 0.00256547 0.06305251
v 0.03268000 0.00270903 0.06253513
v 0.03409143 0.00289709 0.06172337
v 0.03526073 0.00311546 0.06069279
v 0.03111392 0.00225057 0.06300166
v 0.03264120 0.00209050 0.06243202
v 0.03403384 0.00200116 0.06157310
v 0.03518973 0.00198428 0.06050968
v 0.03103013 0.00194354 0.06295325
v 0.03247808 0.00149048 0.06233914
v 0.03379826 0.00113158 0.06143532
v 0.03489212 0.00089111 0.06033070
v 0.03088962 0.00165838 0.06291116
v 0.03220106 0.00093174 0.06225341
v 0.03339610 0.00032157 0.06131193
v 0.03438468 -0.00012865 0.06017353
v 0.03069404 0.00140609 0.06287673
v 0.03181990 0.00043629 0.06218700
v 0.03284299 -0.00039709 0.06121012
v 0.03368738 -0.00103529 0.06004028
v 0.03045503 0.00119390 0.06285122
v 0.03134965 0.00002333 0.06213308
v 0.03216013 -0.00099615 0.06113441
v 0.03282627 -0.00179287 0.05994924
v 0.03017835 0.00103412 0.06283432
v 0.03080763 -0.00029190 0.06210306
v 0.03137440 -0.00145358 0.06108864
v 0.03183579 -0.00236909 0.05989047
v 0.02987535 0.00092897 0.06282774
v 0.03021517 -0.00049541 0.06208586
v 0.03051443 -0.00174951 0.06106748
v 0.03075401 -0.00274111 0.05986872
v 0.02955892 0.00088627 0.06283094
v 0.02959432 -0.00058147 0.06209628
v 0.02961417 -0.00187530 0.06107971
v 0.02962038 -0.00289733 0.05987754
v 0.02924082 0.00090407 0.06284451
v 0.02896954 -0.00054440 0.06211942
v 0.02870792 -0.00182202 0.06111597
v 0.02847926 -0.00282995 0.05993093
v 0.02893152 0.00098461 0.06286809
v 0.02836587 -0.00038860 0.06216969
v 0.02783191 -0.00159576 0.06118854
v 0.02737401 -0.00254690 0.06001722
v 0.02864567 0.00112216 0.06289946
v 0.02780490 -0.00011634 0.06222807
v 0.02701820 -0.00120295 0.06128003
v 0.02634709 -0.00205293 0.06013939
v 0.02839313 0.00131354 0.06294049
v 0.02730906 0.00025652 0.06231177
v 0.02629902 -0.00065977 0.06139348
v 0.02543761 -0.00136961 0.06027954
v 0.02818252 0.00154991 0.06298389
v 0.02689803 0.00072063 0.06239542
v 0.02570197 0.00001208 0.06152340
v 0.02468451 -0.00052329 0.06045080
v 0.02950903 0.00247234 0.06325682
v 0.02802294 0.00182171 0.06303570
v 0.02658332 0.00125202 0.06250218
v 0.02524730 0.00078513 0.06167128
v 0.02411230 0.00045167 0.06063271
v 0.02792023 0.00212037 0.06308989
v 0.02638124 0.00183564 0.06260592
v 0.02495530 0.00163205 0.06182080
v 0.02374259 0.00151701 0.06082601
v 0.02237263 0.00272719 0.06020916
v 0.02049014 0.00289397 0.05883049
v 0.01885760 0.00314522 0.05700534
v 0.01762487 0.00345427 0.05489752
v 0.01682838 0.00381079 0.05259529
v 0.01649647 0.00420132 0.05017794
v 0.01665339 0.00460652 0.04776575
v 0.01726454 0.00502333 0.04541003
v 0.01834061 0.00542526 0.04323552
v 0.01982685 0.00579988 0.04131347
v 0.02166453 0.00613293 0.03971619
v 0.02378475 0.00641134 0.03850578
v 0.02610436 0.00662425 0.03773008
v 0.02245854 0.00408312 0.06043877
v 0.02060061 0.00460284 0.05911263
v 0.01898591 0.00515426 0.05733379
v 0.01776669 0.00568442 0.05526099
v 0.01697821 0.00617847 0.05297787
v 0.01665418 0.00661500 0.05057581
v 0.01680297 0.00697624 0.04814566
v 0.01742081 0.00724842 0.04578111
v 0.01846799 0.00743842 0.04356559
v 0.01993483 0.00751169 0.04159371
v 0.02174981 0.00747852 0.03993652
v 0.02384232 0.00733809 0.03865813
v 0.02613434 0.00709657 0.03780777
v 0.02280988 0.00539843 0.06065074
v 0.02104264 0.00626119 0.05937472
v 0.01950760 0.00710517 0.05763283
v 0.01834393 0.00785379 0.05559011
v 0.01759112 0.00848135 0.05332938
v 0.01727806 0.00896131 0.05093830
v 0.01741366 0.00927867 0.04850254
v 0.01799592 0.00941920 0.04611728
v 0.01899008 0.00939071 0.04387129
v 0.02037829 0.00917285 0.04185376
v 0.02209804 0.00878245 0.04014014
v 0.02408296 0.00823680 0.03879790
v 0.02625681 0.00755493 0.03787903
v 0.02341421 0.00662332 0.06083333
v 0.02180398 0.00780490 0.05960051
v 0.02039965 0.00891921 0.05789248
v 0.01933486 0.00986999 0.05588494
v 0.01864349 0.01062124 0.05364367
v 0.01835047 0.01114456 0.05125857
v 0.01846657 0.01141992 0.04881590
v 0.01898637 0.01143725 0.04641245
v 0.01988663 0.01120696 0.04413990
v 0.02114064 0.01071738 0.04208275
v 0.02269710 0.00999665 0.04032026
v 0.02449542 0.00907211 0.03892197
v 0.02646678 0.00798111 0.03794252
v 0.02425018 0.00771097 0.06098736
v 0.02284688 0.00917761 0.05979020
v 0.02162682 0.01052694 0.05809814
v 0.02070254 0.01165888 0.05612256
v 0.02009742 0.01252075 0.05390133
v 0.01983277 0.01308122 0.05152120
v 0.01991941 0.01331959 0.04907457
v 0.02035224 0.01322677 0.04665554
v 0.02112307 0.01281696 0.04436105
v 0.02219255 0.01208645 0.04227063
v 0.02352337 0.01107260 0.04046844
v 0.02506439 0.00981396 0.03902404
v 0.02675748 0.00835827 0.03799402
v 0.02528929 0.00861859 0.06110699
v 0.02414505 0.01031625 0.05991959
v 0.02313970 0.01187145 0.05825336
v 0.02239183 0.01315258 0.05630163
v 0.02189369 0.01410609 0.05409401
v 0.02166409 0.01469777 0.05171793
v 0.02171633 0.01490470 0.04926781
v 0.02204593 0.01471968 0.04683876
v 0.02264190 0.01415058 0.04452137
v 0.02349309 0.01322813 0.04241158
v 0.02454529 0.01196959 0.04057889
v 0.02576907 0.01043161 0.03910030
v 0.02711565 0.00867372 0.03803337
v 0.02648053 0.00930453 0.06117745
v 0.02563568 0.01119412 0.06001192
v 0.02489669 0.01289835 0.05835463
v 0.02434559 0.01429372 0.05641479
v 0.02396645 0.01531668 0.05421364
v 0.02377898 0.01593144 0.05184057
v 0.02378926 0.01611452 0.04939032
v 0.02399999 0.01585920 0.04695427
v 0.02440066 0.01517602 0.04462699
v 0.02499269 0.01409816 0.04249995
v 0.02572426 0.01265323 0.04064807
v 0.02658012 0.01090233 0.03914755
v 0.02752949 0.00891342 0.03805722
v 0.02776907 0.00975406 0.06119260
v 0.02728531 0.01176090 0.06005204
v 0.02683042 0.01357143 0.05840550
v 0.02648948 0.01503771 0.05646401
v 0.02623901 0.01610568 0.05426031
v 0.02609338 0.01673487 0.05188551
v 0.02606014 0.01690274 0.04943426
v 0.02613934 0.01660167 0.04699691
v 0.02632673 0.01584433 0.04466607
v 0.02663464 0.01466315 0.04253222
v 0.02701324 0.01309671 0.04067384
v 0.02746859 0.01120872 0.03916589
v 0.02798261 0.00906946 0.03806655
v 0.02912933 0.00994399 0.06116913
v 0.02900265 0.01199778 0.06002663
v 0.02886575 0.01385740 0.05839496
v 0.02873818 0.01535263 0.05644221
v 0.02862268 0.01644053 0.05423482
v 0.02851876 0.01707935 0.05184671
v 0.02844105 0.01723706 0.04940130
v 0.02838194 0.01691759 0.04696676
v 0.02834582 0.01612926 0.04463951
v 0.02833482 0.01490223 0.04251101
v 0.02836456 0.01328452 0.04065481
v 0.02839939 0.01133783 0.03915252
v 0.02845705 0.00913532 0.03806004
v 0.03050156 0.00986314 0.06110391
v 0.03073623 0.01189352 0.05994934
v 0.03090888 0.01373137 0.05831387
v 0.03100078 0.01522865 0.05634633
v 0.03102303 0.01630981 0.05412756
v 0.03096962 0.01694256 0.05174708
v 0.03084040 0.01710767 0.04929398
v 0.03064173 0.01679539 0.04686424
v 0.03038063 0.01601907 0.04454734
v 0.03006418 0.01480894 0.04243201
v 0.02972545 0.01320775 0.04059162
v 0.02933693 0.01128521 0.03910959
v 0.02893495 0.00910823 0.03803795
v 0.03183236 0.00952107 0.06100070
v 0.03241286 0.01146066 0.05981910
v 0.03288347 0.01321716 0.05815613
v 0.03319080 0.01466624 0.05617625
v 0.03334990 0.01571605 0.05394749
v 0.03334305 0.01633982 0.05156524
v 0.03316778 0.01651632 0.04911492
v 0.03283289 0.01623837 0.04669377
v 0.03235186 0.01551790 0.04439312
v 0.03174112 0.01438357 0.04230086
v 0.03102379 0.01287790 0.04049661
v 0.03024465 0.01105202 0.03903642
v 0.02939792 0.00898960 0.03800060
v 0.03306442 0.00894121 0.06085674
v 0.03396773 0.01072446 0.05963497
v 0.03471121 0.01235144 0.05794397
v 0.03522842 0.01369175 0.05594231
v 0.03551129 0.01468416 0.05370050
v 0.03554690 0.01528991 0.05131290
v 0.03532858 0.01548697 0.04886675
v 0.03486937 0.01526944 0.04645968
v 0.03418388 0.01464637 0.04418204
v 0.03329936 0.01364236 0.04212202
v 0.03224873 0.01229557 0.04035637
v 0.03108785 0.01064927 0.03893951
v 0.02982836 0.00878449 0.03795139
v 0.03415921 0.00812228 0.06068163
v 0.03534152 0.00969558 0.05940982
v 0.03632663 0.01114336 0.05767883
v 0.03702777 0.01234676 0.05564948
v 0.03742560 0.01325647 0.05339457
v 0.03749838 0.01383572 0.05100061
v 0.03724372 0.01406013 0.04856103
v 0.03667250 0.01392571 0.04617180
v 0.03580656 0.01343743 0.04392297
v 0.03467878 0.01261382 0.04190170
v 0.03333271 0.01148778 0.04018395
v 0.03182014 0.01010134 0.03883652
v 0.03020826 0.00849936 0.03788950
v 0.03507044 0.00710876 0.06048164
v 0.03649157 0.00842165 0.05915975
v 0.03767647 0.00964508 0.05738303
v 0.03852972 0.01068164 0.05531912
v 0.03902037 0.01148854 0.05304343
v 0.03912403 0.01203251 0.05064216
v 0.03883786 0.01229100 0.04820962
v 0.03817375 0.01225931 0.04584111
v 0.03715700 0.01193746 0.04362520
v 0.03582766 0.01133841 0.04164929
v 0.03423491 0.01048557 0.03998560
v 0.03244131 0.00941017 0.03869983
v 0.03052569 0.00814706 0.03781997
v 0.03576478 0.00593790 0.06026581
v 0.03736242 0.00694599 0.05888962
v 0.03870610 0.00791693 0.05706421
v 0.03967303 0.00876050 0.05495945
v 0.04023249 0.00944762 0.05265902
v 0.04036106 0.00994940 0.05025082
v 0.04005143 0.01024891 0.04782847
v 0.03931626 0.01033364 0.04548152
v 0.03818467 0.01020432 0.04330193
v 0.03670096 0.00986470 0.04137375
v 0.03492085 0.00932693 0.03976890
v 0.03291279 0.00861299 0.03855019
v 0.03076582 0.00773916 0.03774240
v 0.03621621 0.00465495 0.06003675
v 0.03793276 0.00532616 0.05860023
v 0.03936948 0.00601614 0.05672798
v 0.04041225 0.00665072 0.05458654
v 0.04101678 0.00720826 0.05225870
v 0.04115874 0.00766668 0.04984141
v 0.04083413 0.00800853 0.04742724
v 0.04005374 0.00822324 0.04510572
v 0.03884815 0.00830478 0.04296497
v 0.03726442 0.00824832 0.04108709
v 0.03536362 0.00805831 0.03954440
v 0.03321927 0.00773838 0.03839570
v 0.03092143 0.00729223 0.03766301
v 0.03640491 0.00330830 0.05980261
v 0.03817241 0.00363250 0.05831147
v 0.03965855 0.00401696 0.05638922
v 0.04072735 0.00443621 0.05421153
v 0.04134500 0.00485996 0.05186244
v 0.04148889 0.00527228 0.04942741
v 0.04115767 0.00565626 0.04702790
v 0.04035946 0.00600773 0.04473059
v 0.03912317 0.00631177 0.04262759
v 0.03749786 0.00655398 0.04080117
v 0.03554770 0.00672641 0.03932029
v 0.03334602 0.00682278 0.03824320
v 0.03098586 0.00682341 0.03758319
v 0.03632123 0.00195099 0.05958119
v 0.03807603 0.00191656 0.05803444
v 0.03954355 0.00200394 0.05606584
v 0.04060322 0.00219974 0.05384892
v 0.04119075 0.00248544 0.05144943
v 0.04134249 0.00284771 0.04904163
v 0.04101317 0.00328320 0.04664583
v 0.04022193 0.00377386 0.04436973
v 0.03899934 0.00430076 0.04230336
v 0.03739153 0.00484601 0.04052532
v 0.03546321 0.00538351 0.03910301
v 0.03330131 0.00587596 0.03806494
v 0.03095577 0.00635070 0.03750500
v 0.03596274 0.00063485 0.05936724
v 0.03762162 0.00026080 0.05776497
v 0.03900240 0.00005411 0.05573538
v 0.04000604 0.00002657 0.05348191
v 0.04058678 0.00017505 0.05110470
v 0.04072072 0.00049571 0.04867306
v 0.04040413 0.00097872 0.04628500
v 0.03964718 0.00160552 0.04403589
v 0.03848113 0.00235089 0.04200469
v 0.03695086 0.00318813 0.04027121
v 0.03511664 0.00408234 0.03890276
v 0.03306025 0.00497667 0.03792348
v 0.03083291 0.00589256 0.03743330
v 0.03535505 -0.00059057 0.05917697
v 0.03685361 -0.00128254 0.05752490
v 0.03810918 -0.00176510 0.05546976
v 0.03901730 -0.00199345 0.05319828
v 0.03953450 -0.00196887 0.05079262
v 0.03964610 -0.00169007 0.04835202
v 0.03934878 -0.00116435 0.04596867
v 0.03865309 -0.00041376 0.04373479
v 0.03758642 0.00053484 0.04173290
v 0.03619044 0.00164503 0.04004325
v 0.03451959 0.00286975 0.03872726
v 0.03264847 0.00414174 0.03780168
v 0.03062348 0.00546593 0.03737085
v 0.03451690 -0.00168290 0.05902192
v 0.03579598 -0.00266377 0.05732780
v 0.03688060 -0.00336636 0.05525442
v 0.03764935 -0.00377946 0.05296081
v 0.03808047 -0.00386810 0.05053832
v 0.03816309 -0.00362675 0.04809048
v 0.03789273 -0.00306473 0.04570928
v 0.03728160 -0.00220330 0.04348828
v 0.03635275 -0.00107543 0.04151111
v 0.03514078 0.00027694 0.03985355
v 0.03370670 0.00176124 0.03854511
v 0.03207930 0.00339901 0.03769885
v 0.03033239 0.00508920 0.03731884
v 0.03348344 -0.00259191 0.05890619
v 0.03450578 -0.00378916 0.05719867
v 0.03536348 -0.00469254 0.05510751
v 0.03595775 -0.00526220 0.05278647
v 0.03627946 -0.00544795 0.05034606
v 0.03632681 -0.00524084 0.04789317
v 0.03609061 -0.00464827 0.04551430
v 0.03558454 -0.00369502 0.04330416
v 0.03482506 -0.00241753 0.04134432
v 0.03384158 -0.00086524 0.03971181
v 0.03268455 0.00086365 0.03843374
v 0.03137445 0.00278127 0.03762246
v 0.02997441 0.00477358 0.03728009
v 0.02853528 0.00676379 0.03741517
v 0.03229618 -0.00327948 0.05884118
v 0.03301656 -0.00464263 0.05712547
v 0.03360682 -0.00570799 0.05501213
v 0.03399867 -0.00639559 0.05267079
v 0.03420170 -0.00665314 0.05022311
v 0.03420777 -0.00647072 0.04776797
v 0.03401311 -0.00585520 0.04539149
v 0.03362665 -0.00483199 0.04318841
v 0.03306341 -0.00344091 0.04124051
v 0.03235194 -0.00177545 0.03959261
v 0.03150482 0.00017959 0.03836257
v 0.03056272 0.00231106 0.03757360
v 0.02956005 0.00453418 0.03725503
v 0.03099791 -0.00372173 0.05881540
v 0.03138134 -0.00520034 0.05710105
v 0.03167821 -0.00637354 0.05497637
v 0.03185491 -0.00713474 0.05262922
v 0.03192504 -0.00743700 0.05017745
v 0.03188597 -0.00726893 0.04771901
v 0.03173640 -0.00663896 0.04534312
v 0.03148327 -0.00557086 0.04314397
v 0.03113455 -0.00410644 0.04120137
v 0.03070929 -0.00234090 0.03955851
v 0.03021567 -0.00026370 0.03833695
v 0.02967468 0.00200443 0.03755634
v 0.02910712 0.00437801 0.03724630
v 0.02963746 -0.00390883 0.05884106
v 0.02966373 -0.00543875 0.05712600
v 0.02965506 -0.00665723 0.05500167
v 0.02960826 -0.00744893 0.05265920
v 0.02954084 -0.00776868 0.05021164
v 0.02945050 -0.00760514 0.04774242
v 0.02935211 -0.00696998 0.04537567
v 0.02923876 -0.00588292 0.04317542
v 0.02911646 -0.00438509 0.04122914
v 0.02899014 -0.00257932 0.03958274
v 0.02886424 -0.00045168 0.03835577
v 0.02874344 0.00187656 0.03756887
v 0.02863249 0.00431227 0.03725249
v 0.02826411 -0.00383005 0.05889832
v 0.02793323 -0.00534753 0.05720588
v 0.02761277 -0.00655108 0.05508442
v 0.02734383 -0.00732647 0.05275878
v 0.02713763 -0.00763691 0.05031777
v 0.02700503 -0.00747109 0.04786269
v 0.02695155 -0.00683723 0.04548801
v 0.02697804 -0.00575744 0.04328076
v 0.02707976 -0.00431280 0.04129580
v 0.02725875 -0.00248217 0.03966285
v 0.02750332 -0.00037436 0.03841926
v 0.02780633 0.00192822 0.03761298
v 0.02815491 0.00433919 0.03727513
v 0.02693298 -0.00349257 0.05900117
v 0.02625393 -0.00492263 0.05733268
v 0.02563717 -0.00605315 0.05523344
v 0.02515007 -0.00677106 0.05292760
v 0.02481057 -0.00704685 0.05050163
v 0.02463480 -0.00686934 0.04805271
v 0.02462603 -0.00624576 0.04567472
v 0.02478711 -0.00519795 0.04345651
v 0.02510727 -0.00380803 0.04145323
v 0.02558044 -0.00205329 0.03979671
v 0.02618595 -0.00003715 0.03852415
v 0.02689812 0.00216152 0.03768476
v 0.02769167 0.00445798 0.03731164
v 0.02569521 -0.00290309 0.05913876
v 0.02468991 -0.00418956 0.05750090
v 0.02380164 -0.00518465 0.05544040
v 0.02311190 -0.00580360 0.05316154
v 0.02264943 -0.00601876 0.05075311
v 0.02243012 -0.00582107 0.04830908
v 0.02246493 -0.00521760 0.04592471
v 0.02274989 -0.00423320 0.04369260
v 0.02327464 -0.00293236 0.04166648
v 0.02402211 -0.00130822 0.03997884
v 0.02496089 0.00054831 0.03866741
v 0.02605543 0.00256446 0.03778371
v 0.02726172 0.00466303 0.03736218
v 0.02460212 -0.00208133 0.05931543
v 0.02330814 -0.00316082 0.05771676
v 0.02217621 -0.00397680 0.05569614
v 0.02130728 -0.00446090 0.05344926
v 0.02073433 -0.00459228 0.05105943
v 0.02047881 -0.00436664 0.04862267
v 0.02055140 -0.00379175 0.04623289
v 0.02094455 -0.00291410 0.04395906
v 0.02165195 -0.00171890 0.04192830
v 0.02264238 -0.00027565 0.04020122
v 0.02387669 0.00135921 0.03884222
v 0.02530786 0.00312293 0.03790404
v 0.02688160 0.00494851 0.03742332
v 0.02369373 -0.00106678 0.05952052
v 0.02215946 -0.00188426 0.05797029
v 0.02082595 -0.00247686 0.05599615
v 0.01980572 -0.00279420 0.05378104
v 0.01914054 -0.00282225 0.05141115
v 0.01885439 -0.00256241 0.04898098
v 0.01895950 -0.00202213 0.04658410
v 0.01944990 -0.00122442 0.04431397
v 0.02030198 -0.00021399 0.04222767
v 0.02149404 0.00100385 0.04045615
v 0.02297475 0.00236468 0.03904263
v 0.02468666 0.00381619 0.03804219
v 0.02656437 0.00530075 0.03749387
v 0.02300497 0.00010395 0.05974303
v 0.02128767 -0.00041024 0.05824704
v 0.01979778 -0.00074451 0.05632181
v 0.01866319 -0.00086792 0.05413984
v 0.01792904 -0.00077861 0.05179169
v 0.01761996 -0.00047710 0.04936916
v 0.01775176 0.00002038 0.04696713
v 0.01831392 0.00069992 0.04467222
v 0.01927655 0.00152423 0.04255471
v 0.02062192 0.00248162 0.04073360
v 0.02228921 0.00352653 0.03926035
v 0.02421467 0.00461558 0.03819175
v 0.02632399 0.00570873 0.03757000
v 0.02255886 0.00138514 0.05997484
v 0.02072413 0.00120394 0.05853820
v 0.01913373 0.00115365 0.05666205
v 0.01792680 0.00124245 0.05451750
v 0.01714717 0.00146311 0.05218963
v 0.01682609 0.00180707 0.04977428
v 0.01697285 0.00226074 0.04736517
v 0.01758042 0.00281088 0.04505000
v 0.01861401 0.00342816 0.04289459
v 0.02005883 0.00410190 0.04102288
v 0.02184732 0.00479818 0.03948786
v 0.02390949 0.00549190 0.03834911
v 0.02616859 0.00615567 0.03765027
v -0.03398047 -0.00013530 0.06387454
v -0.03555798 -0.00011814 0.06344704
v -0.03702096 -0.00004455 0.06271832
v -0.03825769 0.00007829 0.06175786
v -0.03395889 0.00017941 0.06392431
v -0.03551721 0.00049956 0.06354492
v -0.03696297 0.00085031 0.06286639
v -0.03818481 0.00120405 0.06195009
v -0.03387862 0.00048461 0.06397415
v -0.03535786 0.00109549 0.06364311
v -0.03673062 0.00171642 0.06300680
v -0.03789175 0.00229524 0.06212475
v -0.03373876 0.00076805 0.06401674
v -0.03508236 0.00165188 0.06372593
v -0.03633193 0.00252212 0.06312901
v -0.03738933 0.00331095 0.06228032
v -0.03354529 0.00101846 0.06405352
v -0.03470374 0.00214358 0.06379811
v -0.03578214 0.00323611 0.06322958
v -0.03669659 0.00421160 0.06240498
v -0.03330679 0.00122881 0.06408091
v -0.03423516 0.00255463 0.06384847
v -0.03510174 0.00383106 0.06330467
v -0.03583913 0.00495873 0.06250102
v -0.03303163 0.00138746 0.06409849
v -0.03369496 0.00286691 0.06388392
v -0.03431804 0.00428427 0.06335339
v -0.03485148 0.00552830 0.06255948
v -0.03272915 0.00149166 0.06410468
v -0.03310443 0.00307029 0.06389397
v -0.03346056 0.00457886 0.06337018
v -0.03377151 0.00589886 0.06258129
v -0.03241375 0.00153446 0.06410123
v -0.03248515 0.00315515 0.06388851
v -0.03256254 0.00470292 0.06336010
v -0.03264061 0.00605757 0.06256807
v -0.03209593 0.00151689 0.06408554
v -0.03186141 0.00312006 0.06385687
v -0.03165882 0.00465168 0.06331749
v -0.03150426 0.00599328 0.06252116
v -0.03178741 0.00143726 0.06406043
v -0.03125838 0.00296433 0.06381156
v -0.03078422 0.00442640 0.06325159
v -0.03040168 0.00571183 0.06243859
v -0.03150195 0.00130032 0.06402678
v -0.03069773 0.00269545 0.06374411
v -0.02997093 0.00403658 0.06315642
v -0.02937658 0.00521901 0.06232020
v -0.03124963 0.00110974 0.06398504
v -0.03020234 0.00232306 0.06366436
v -0.02925073 0.00349701 0.06303766
v -0.02846548 0.00453921 0.06216795
v -0.03103937 0.00087580 0.06393589
v -0.02979074 0.00186336 0.06356710
v -0.02865224 0.00282792 0.06290089
v -0.02771094 0.00369471 0.06199630
v -0.03088096 0.00060476 0.06388305
v -0.02947726 0.00133067 0.06346714
v -0.02819784 0.00205567 0.06275173
v -0.02713858 0.00272164 0.06180438
v -0.03077797 0.00030676 0.06382858
v -0.02927745 0.00074908 0.06335649
v -0.02790711 0.00121108 0.06259011
v -0.02677027 0.00165753 0.06160470
v -0.03073768 -0.00000377 0.06377190
v -0.02919601 0.00013833 0.06324738
v -0.02778860 0.00032539 0.06243184
v -0.02661806 0.00054060 0.06140453
v -0.03075644 -0.00031814 0.06372210
v -0.02923512 -0.00047740 0.06314380
v -0.02784802 -0.00056597 0.06227682
v -0.02669304 -0.00058485 0.06121267
v -0.03083856 -0.00062374 0.06367281
v -0.02939320 -0.00107543 0.06305208
v -0.02807620 -0.00143404 0.06214442
v -0.02698328 -0.00167608 0.06104009
v -0.03097728 -0.00090781 0.06363156
v -0.02966838 -0.00163095 0.06296550
v -0.02847303 -0.00224084 0.06202375
v -0.02748124 -0.00269546 0.06089436
v -0.03116871 -0.00116054 0.06360144
v -0.03004270 -0.00212667 0.06290651
v -0.02901829 -0.00295930 0.06193059
v -0.02816982 -0.00360064 0.06077079
v -0.03140623 -0.00137204 0.06357622
v -0.03050969 -0.00253838 0.06285428
v -0.02969535 -0.00355806 0.06186050
v -0.02902551 -0.00435474 0.06068239
v -0.03168010 -0.00153269 0.06356301
v -0.03104776 -0.00285507 0.06282929
v -0.03047726 -0.00401520 0.06181789
v -0.03001144 -0.00493060 0.06062495
v -0.03198197 -0.00163835 0.06355801
v -0.03163734 -0.00305964 0.06281592
v -0.03133382 -0.00431132 0.06179893
v -0.03109179 -0.00530288 0.06060370
v -0.03229716 -0.00168166 0.06356325
v -0.03225651 -0.00314684 0.06282987
v -0.03223166 -0.00443778 0.06181639
v -0.03222365 -0.00546158 0.06061641
v -0.03261472 -0.00166510 0.06357981
v -0.03288003 -0.00311190 0.06285710
v -0.03313643 -0.00438556 0.06185741
v -0.03336529 -0.00539623 0.06067508
v -0.03292385 -0.00158500 0.06360464
v -0.03348429 -0.00295736 0.06290954
v -0.03401286 -0.00416087 0.06192975
v -0.03446937 -0.00511104 0.06076186
v -0.03320997 -0.00144835 0.06363814
v -0.03404551 -0.00268706 0.06297152
v -0.03482729 -0.00376910 0.06202208
v -0.03549536 -0.00461628 0.06087880
v -0.03346332 -0.00125612 0.06367703
v -0.03454344 -0.00231398 0.06305376
v -0.03554849 -0.00322690 0.06213637
v -0.03640332 -0.00392993 0.06101588
v -0.03367475 -0.00102025 0.06372190
v -0.03495682 -0.00185118 0.06314160
v -0.03614980 -0.00255648 0.06227105
v -0.03715831 -0.00308215 0.06118460
v -0.03235196 -0.00009757 0.06398810
v -0.03383500 -0.00074722 0.06377116
v -0.03527204 -0.00131626 0.06324144
v -0.03660634 -0.00178123 0.06241584
v -0.03773296 -0.00210845 0.06136802
v -0.03393733 -0.00044733 0.06382208
v -0.03547345 -0.00073008 0.06333986
v -0.03689865 -0.00093131 0.06256264
v -0.03810595 -0.00104250 0.06156616
v -0.03946424 0.00017633 0.06094217
v -0.04133642 0.00034999 0.05956373
v -0.04295867 0.00061381 0.05774084
v -0.04419089 0.00093362 0.05563913
v -0.04498783 0.00129472 0.05333988
v -0.04531718 0.00168043 0.05093194
v -0.04516540 0.00208402 0.04851866
v -0.04453864 0.00249247 0.04617933
v -0.04346094 0.00288939 0.04400694
v -0.04197434 0.00325725 0.04208685
v -0.04013751 0.00358269 0.04049166
v -0.03801942 0.00385293 0.03928402
v -0.03573278 0.00404845 0.03849685
v -0.03937646 0.00153006 0.06117402
v -0.04122065 0.00205630 0.05984813
v -0.04282023 0.00262374 0.05807363
v -0.04403868 0.00316236 0.05600443
v -0.04483088 0.00366177 0.05372716
v -0.04515804 0.00409602 0.05132917
v -0.04501051 0.00445544 0.04890337
v -0.04439246 0.00472579 0.04654074
v -0.04332936 0.00489930 0.04433215
v -0.04186288 0.00496624 0.04236307
v -0.04004982 0.00492634 0.04070824
v -0.03796052 0.00477918 0.03943179
v -0.03570310 0.00452065 0.03857407
v -0.03902234 0.00284239 0.06138636
v -0.04077123 0.00371761 0.06011192
v -0.04229844 0.00456746 0.05837869
v -0.04345429 0.00532087 0.05634312
v -0.04420915 0.00595411 0.05408707
v -0.04452604 0.00643745 0.05169534
v -0.04438999 0.00675242 0.04926078
v -0.04380780 0.00688987 0.04687594
v -0.04280401 0.00684737 0.04463312
v -0.04141682 0.00662412 0.04261877
v -0.03969948 0.00622784 0.04090900
v -0.03775411 0.00566155 0.03956313
v -0.03558080 0.00497895 0.03864560
v -0.03841643 0.00406339 0.06156744
v -0.04001139 0.00525687 0.06033413
v -0.04139647 0.00636970 0.05864223
v -0.04245461 0.00732763 0.05664074
v -0.04314724 0.00808481 0.05440326
v -0.04344224 0.00861141 0.05201743
v -0.04332629 0.00888524 0.04957525
v -0.04280696 0.00890192 0.04717274
v -0.04190383 0.00865867 0.04489955
v -0.04065190 0.00816483 0.04284506
v -0.03909877 0.00743930 0.04108654
v -0.03730462 0.00650973 0.03969195
v -0.03537067 0.00540528 0.03870865
v -0.03758404 0.00514434 0.06171748
v -0.03896143 0.00661534 0.06052199
v -0.04016288 0.00797061 0.05886689
v -0.04107775 0.00909950 0.05688672
v -0.04168610 0.00997170 0.05466544
v -0.04195102 0.01053740 0.05228367
v -0.04186453 0.01077744 0.04983569
v -0.04143026 0.01068478 0.04741731
v -0.04066522 0.01026390 0.04511907
v -0.03959821 0.00952983 0.04303145
v -0.03827116 0.00851220 0.04123273
v -0.03677267 0.00723873 0.03978856
v -0.03508011 0.00578226 0.03876050
v -0.03655251 0.00604792 0.06182718
v -0.03766957 0.00774251 0.06067200
v -0.03863638 0.00930335 0.05904016
v -0.03938444 0.01058437 0.05708023
v -0.03988324 0.01154756 0.05486323
v -0.04011148 0.01214413 0.05248332
v -0.04005893 0.01235400 0.05003105
v -0.03972964 0.01217013 0.04760012
v -0.03913459 0.01160092 0.04528349
v -0.03829698 0.01066738 0.04317093
v -0.03724886 0.00940567 0.04134189
v -0.03606889 0.00785613 0.03986509
v -0.03472219 0.00609793 0.03879961
v -0.03536797 0.00672058 0.06189625
v -0.03617422 0.00859510 0.06076641
v -0.03687845 0.01031842 0.05915437
v -0.03742861 0.01172030 0.05719565
v -0.03780553 0.01275018 0.05498482
v -0.03799061 0.01336834 0.05260713
v -0.03797990 0.01355461 0.05015198
v -0.03776996 0.01330084 0.04771428
v -0.03737109 0.01261789 0.04538638
v -0.03679743 0.01153251 0.04325807
v -0.03611337 0.01007788 0.04141172
v -0.03525808 0.00832668 0.03991323
v -0.03430799 0.00633757 0.03882400
v -0.03407028 0.00717073 0.06192118
v -0.03453637 0.00917006 0.06080392
v -0.03495349 0.01099581 0.05919675
v -0.03528739 0.01245935 0.05723643
v -0.03553032 0.01352985 0.05502657
v -0.03567128 0.01416117 0.05264923
v -0.03570373 0.01433182 0.05019392
v -0.03562657 0.01403284 0.04775494
v -0.03544269 0.01327664 0.04542314
v -0.03515677 0.01209238 0.04328921
v -0.03482520 0.01052148 0.04143764
v -0.03437008 0.00863325 0.03993114
v -0.03385507 0.00649369 0.03883309
v -0.03271540 0.00735996 0.06190917
v -0.03281629 0.00941665 0.06077149
v -0.03292712 0.01128016 0.05915359
v -0.03304111 0.01276977 0.05719610
v -0.03314800 0.01385575 0.05498780
v -0.03324141 0.01449436 0.05260596
v -0.03332222 0.01465463 0.05015659
v -0.03338312 0.01433732 0.04772062
v -0.03342332 0.01355074 0.04539336
v -0.03348425 0.01232694 0.04327067
v -0.03347449 0.01070939 0.04141872
v -0.03343904 0.00876237 0.03991785
v -0.03338075 0.00655961 0.03882644
v -0.03135461 0.00728457 0.06185763
v -0.03108426 0.00931654 0.06068638
v -0.03087617 0.01115310 0.05902975
v -0.03077758 0.01263630 0.05707764
v -0.03074933 0.01371483 0.05486796
v -0.03079836 0.01434890 0.05249180
v -0.03092560 0.01451478 0.05004269
v -0.03112501 0.01420446 0.04761244
v -0.03138824 0.01343142 0.04529320
v -0.03175396 0.01222918 0.04319028
v -0.03211372 0.01063234 0.04135541
v -0.03250180 0.00870966 0.03987430
v -0.03290305 0.00653262 0.03880422
v -0.03003083 0.00695505 0.06176605
v -0.02941232 0.00888724 0.06055147
v -0.02890480 0.01063696 0.05885490
v -0.02858938 0.01206828 0.05689410
v -0.02842801 0.01311410 0.05467942
v -0.02843308 0.01373635 0.05230146
v -0.02860582 0.01391316 0.04985621
v -0.02893914 0.01363743 0.04743604
v -0.02946267 0.01293305 0.04515021
v -0.03007624 0.01180006 0.04305687
v -0.03079665 0.01029526 0.04125069
v -0.03159395 0.00847654 0.03980190
v -0.03244002 0.00641396 0.03876734
v -0.02880057 0.00635542 0.06161899
v -0.02786203 0.00813700 0.06037039
v -0.02708502 0.00975970 0.05864794
v -0.02656252 0.01109136 0.05665880
v -0.02627604 0.01207654 0.05442868
v -0.02623793 0.01267906 0.05204599
v -0.02645208 0.01287576 0.04960403
v -0.02690901 0.01265976 0.04719768
v -0.02763104 0.01205674 0.04493709
v -0.02851864 0.01105525 0.04287584
v -0.02957171 0.00970996 0.04110806
v -0.03075127 0.00807355 0.03970379
v -0.03201010 0.00620885 0.03871743
v -0.02769865 0.00553826 0.06143219
v -0.02648899 0.00710419 0.06015375
v -0.02548003 0.00854890 0.05840318
v -0.02477158 0.00974300 0.05637597
v -0.02437263 0.01064311 0.05412355
v -0.02429677 0.01121625 0.05173311
v -0.02454758 0.01143976 0.04929645
v -0.02511448 0.01130737 0.04690736
v -0.02600882 0.01084320 0.04467529
v -0.02713916 0.01002297 0.04265331
v -0.02848778 0.00889906 0.04093329
v -0.03000400 0.00751518 0.03958354
v -0.03163015 0.00592348 0.03865600
v -0.02678668 0.00452356 0.06122816
v -0.02534930 0.00582687 0.05990307
v -0.02414299 0.00704692 0.05811971
v -0.02328094 0.00807300 0.05605301
v -0.02278755 0.00886915 0.05377579
v -0.02268040 0.00940612 0.05137711
v -0.02296311 0.00966261 0.04894529
v -0.02362338 0.00963159 0.04657592
v -0.02465950 0.00933883 0.04437550
v -0.02599130 0.00874369 0.04239836
v -0.02758605 0.00789366 0.04073305
v -0.02938302 0.00682193 0.03944565
v -0.03131301 0.00557117 0.03858598
v -0.02609457 0.00335415 0.06100133
v -0.02448110 0.00435320 0.05962639
v -0.02312348 0.00531375 0.05780149
v -0.02214799 0.00614500 0.05569569
v -0.02158448 0.00682125 0.05339587
v -0.02145438 0.00731409 0.05098911
v -0.02176015 0.00761156 0.04856487
v -0.02248897 0.00769789 0.04621702
v -0.02363394 0.00760091 0.04404864
v -0.02511915 0.00726584 0.04212069
v -0.02690079 0.00673180 0.04051509
v -0.02891115 0.00602257 0.03929557
v -0.03107274 0.00516327 0.03850944
v -0.02564893 0.00207349 0.06076439
v -0.02392045 0.00273733 0.05933392
v -0.02246337 0.00341554 0.05746873
v -0.02141427 0.00403151 0.05532801
v -0.02080618 0.00457650 0.05300438
v -0.02066279 0.00502606 0.05058831
v -0.02098660 0.00536081 0.04817133
v -0.02176785 0.00556490 0.04584610
v -0.02297201 0.00569652 0.04370804
v -0.02455646 0.00564552 0.04183120
v -0.02645904 0.00546006 0.04028800
v -0.02860608 0.00514614 0.03913939
v -0.03091736 0.00471620 0.03843000
v -0.02546570 0.00073033 0.06052473
v -0.02368513 0.00104666 0.05904024
v -0.02218926 0.00142834 0.05712585
v -0.02111067 0.00182472 0.05495047
v -0.02048623 0.00223244 0.05260576
v -0.02033335 0.00263480 0.05018005
v -0.02066836 0.00301245 0.04777971
v -0.02146443 0.00339113 0.04547030
v -0.02269948 0.00369973 0.04336726
v -0.02432456 0.00394739 0.04154113
v -0.02627631 0.00412526 0.04006028
v -0.02848030 0.00422664 0.03898272
v -0.03085312 0.00424758 0.03835025
v -0.02555604 -0.00062152 0.06029490
v -0.02379697 -0.00065831 0.05875678
v -0.02231888 -0.00058378 0.05679340
v -0.02125537 -0.00040804 0.05458434
v -0.02063729 -0.00013630 0.05221858
v -0.02048993 0.00022099 0.04979011
v -0.02081706 0.00065152 0.04739473
v -0.02161329 0.00113297 0.04512295
v -0.02282678 0.00168616 0.04303931
v -0.02443255 0.00223542 0.04126151
v -0.02636161 0.00277939 0.03984095
v -0.02853881 0.00329953 0.03883257
v -0.03088297 0.00377494 0.03827447
v -0.02590556 -0.00193545 0.06008824
v -0.02424178 -0.00231485 0.05849621
v -0.02284337 -0.00253461 0.05648864
v -0.02183577 -0.00257411 0.05424519
v -0.02125237 -0.00243502 0.05186044
v -0.02111604 -0.00212022 0.04942663
v -0.02143122 -0.00164278 0.04703948
v -0.02218383 -0.00101586 0.04478658
v -0.02334865 -0.00026642 0.04273507
v -0.02487624 0.00057400 0.04100284
v -0.02670975 0.00147527 0.03963824
v -0.02877885 0.00240015 0.03869614
v -0.03100537 0.00331652 0.03820331
v -0.02650584 -0.00315967 0.05990991
v -0.02500107 -0.00385852 0.05827064
v -0.02374210 -0.00434876 0.05621966
v -0.02283444 -0.00459011 0.05394804
v -0.02231237 -0.00457250 0.05154506
v -0.02219500 -0.00429920 0.04910688
v -0.02248690 -0.00377812 0.04672896
v -0.02318216 -0.00303311 0.04447206
v -0.02424539 -0.00208298 0.04246682
v -0.02563856 -0.00097064 0.04077495
v -0.02730894 0.00026109 0.03945835
v -0.02919191 0.00156525 0.03856945
v -0.03121542 0.00289022 0.03814024
v -0.02733690 -0.00424640 0.05976118
v -0.02605135 -0.00522739 0.05808213
v -0.02497852 -0.00595725 0.05599641
v -0.02420918 -0.00637672 0.05370123
v -0.02377191 -0.00646905 0.05128408
v -0.02368294 -0.00623088 0.04884049
v -0.02394590 -0.00567099 0.04646407
v -0.02455638 -0.00482273 0.04422469
v -0.02548176 -0.00369351 0.04224531
v -0.02669046 -0.00234008 0.04058662
v -0.02813523 -0.00081499 0.03930999
v -0.02976101 0.00082354 0.03846605
v -0.03150625 0.00251331 0.03808706
v -0.02836697 -0.00515216 0.05965181
v -0.02735100 -0.00636852 0.05794157
v -0.02650891 -0.00729764 0.05583031
v -0.02590927 -0.00786541 0.05351566
v -0.02557622 -0.00804945 0.05108693
v -0.02552198 -0.00784103 0.04863863
v -0.02574987 -0.00724849 0.04626533
v -0.02625574 -0.00631379 0.04404025
v -0.02701136 -0.00503592 0.04207895
v -0.02799084 -0.00348208 0.04044488
v -0.02915705 -0.00171196 0.03919870
v -0.03046564 0.00020580 0.03838925
v -0.03186442 0.00219772 0.03804789
v -0.03330174 0.00418771 0.03818425
v -0.02955568 -0.00584275 0.05958546
v -0.02885020 -0.00723770 0.05785558
v -0.02827148 -0.00831881 0.05572642
v -0.02786731 -0.00899967 0.05339900
v -0.02765440 -0.00925272 0.05096206
v -0.02764133 -0.00906717 0.04851101
v -0.02782910 -0.00845038 0.04614061
v -0.02820935 -0.00742529 0.04394034
v -0.02877471 -0.00605891 0.04197428
v -0.02949034 -0.00435209 0.04035575
v -0.03033580 -0.00239565 0.03912876
v -0.03127654 -0.00026483 0.03834118
v -0.03227817 0.00195812 0.03802339
v -0.03085523 -0.00629155 0.05955964
v -0.03049065 -0.00780101 0.05782610
v -0.03019984 -0.00898097 0.05568970
v -0.03001011 -0.00973583 0.05335668
v -0.02992941 -0.01003310 0.05091525
v -0.02996090 -0.00986193 0.04846250
v -0.03010405 -0.00923064 0.04609276
v -0.03035245 -0.00816127 0.04389524
v -0.03070414 -0.00672331 0.04193535
v -0.03113207 -0.00491718 0.04032258
v -0.03162459 -0.00283936 0.03910296
v -0.03216481 -0.00057150 0.03832363
v -0.03273105 0.00180173 0.03801561
v -0.03221704 -0.00647967 0.05957720
v -0.03221072 -0.00803453 0.05785699
v -0.03222007 -0.00925892 0.05572079
v -0.03225493 -0.01004538 0.05338965
v -0.03231274 -0.01036143 0.05095008
v -0.03238950 -0.01019673 0.04849276
v -0.03248685 -0.00955926 0.04612595
v -0.03259686 -0.00847142 0.04392673
v -0.03272561 -0.00700340 0.04196364
v -0.03285091 -0.00515575 0.04034665
v -0.03297570 -0.00302728 0.03912188
v -0.03309520 -0.00069975 0.03833782
v -0.03320449 0.00173499 0.03802745
v -0.03358771 -0.00640361 0.05963871
v -0.03394076 -0.00793472 0.05793863
v -0.03425424 -0.00914293 0.05581581
v -0.03451548 -0.00991640 0.05349486
v -0.03471252 -0.01022534 0.05106083
v -0.03483837 -0.01005782 0.04861102
v -0.03488703 -0.00942240 0.04623727
v -0.03485658 -0.00834210 0.04403223
v -0.03474790 -0.00685751 0.04207746
v -0.03458188 -0.00505790 0.04042719
v -0.03433653 -0.00295030 0.03918487
v -0.03403277 -0.00064789 0.03837998
v -0.03368303 0.00176281 0.03804424
v -0.03491450 -0.00606015 0.05974302
v -0.03561295 -0.00750559 0.05806583
v -0.03622370 -0.00863678 0.05597041
v -0.03670506 -0.00935274 0.05366806
v -0.03703834 -0.00962749 0.05124618
v -0.03720869 -0.00944926 0.04880081
v -0.03721276 -0.00882440 0.04642340
v -0.03704639 -0.00777744 0.04420657
v -0.03671868 -0.00634921 0.04223372
v -0.03625990 -0.00462818 0.04056061
v -0.03565379 -0.00261326 0.03928936
v -0.03494049 -0.00041463 0.03845176
v -0.03414614 0.00188176 0.03807960
v -0.03614740 -0.00546506 0.05988299
v -0.03716498 -0.00675967 0.05823872
v -0.03805308 -0.00775850 0.05618067
v -0.03873905 -0.00837652 0.05390384
v -0.03919733 -0.00859085 0.05149763
v -0.03941126 -0.00839205 0.04905696
v -0.03937108 -0.00778718 0.04667507
v -0.03908008 -0.00680106 0.04444352
v -0.03854851 -0.00547014 0.04244697
v -0.03781819 -0.00388286 0.04074203
v -0.03687897 -0.00202803 0.03943135
v -0.03578354 -0.00001161 0.03854945
v -0.03457638 0.00208688 0.03812914
v -0.03723964 -0.00464163 0.06005791
v -0.03853882 -0.00572302 0.05845723
v -0.03967224 -0.00654209 0.05643981
v -0.04053950 -0.00702546 0.05419289
v -0.04110885 -0.00715571 0.05180509
v -0.04135948 -0.00692791 0.04937082
v -0.04128194 -0.00635224 0.04698315
v -0.04087961 -0.00544995 0.04473389
v -0.04016803 -0.00425484 0.04270840
v -0.03917291 -0.00281375 0.04098561
v -0.03796293 -0.00121661 0.03960637
v -0.03653107 0.00054658 0.03866928
v -0.03495626 0.00237238 0.03819020
v -0.03814583 -0.00362189 0.06025352
v -0.03968374 -0.00444019 0.05870632
v -0.04101928 -0.00503419 0.05673708
v -0.04203761 -0.00534964 0.05452454
v -0.04269897 -0.00537539 0.05215719
v -0.04298045 -0.00511479 0.04973089
v -0.04287115 -0.00457309 0.04733580
v -0.04237587 -0.00377450 0.04506699
v -0.04151393 -0.00274771 0.04300797
v -0.04031859 -0.00153215 0.04124072
v -0.03886422 -0.00021007 0.03980685
v -0.03715183 0.00124036 0.03880729
v -0.03527363 0.00272458 0.03826023
v -0.03883168 -0.00244802 0.06047067
v -0.04054920 -0.00295964 0.05897746
v -0.04204089 -0.00328948 0.05705971
v -0.04317630 -0.00341143 0.05488718
v -0.04390629 -0.00332000 0.05254114
v -0.04421060 -0.00301909 0.05012283
v -0.04407744 -0.00252048 0.04772074
v -0.04351118 -0.00183976 0.04543145
v -0.04253559 -0.00100813 0.04333534
v -0.04118724 -0.00005663 0.04151547
v -0.03951904 0.00097849 0.04004320
v -0.03762339 0.00203985 0.03895738
v -0.03551361 0.00313254 0.03833676
v -0.03928092 -0.00116796 0.06070600
v -0.04111780 -0.00134661 0.05927348
v -0.04270563 -0.00138530 0.05740122
v -0.04390752 -0.00128261 0.05526274
v -0.04468134 -0.00106228 0.05294276
v -0.04499906 -0.00072292 0.05053281
v -0.04485018 -0.00027075 0.04812378
v -0.04424100 0.00027517 0.04580529
v -0.04319290 0.00089407 0.04367040
v -0.04174619 0.00156190 0.04180073
v -0.03995774 0.00224944 0.04026700
v -0.03792816 0.00291667 0.03911429
v -0.03566930 0.00357946 0.03841656
f 4 2 1
f 8 6 5
f 13 15 14
f 17 19 18
f 32 30 29
f 36 34 33
f 37 39 38
f 21 23 20
f 25 27 24
f 41 43 42
f 48 46 45
f 52 50 49
f 53 55 54
f 60 58 57
f 29 62 61
f 66 64 63
f 67 6 68
f 72 70 69
f 76 74 73
f 77 79 78
f 81 83 82
f 59 86 85
f 88 90 89
f 96 94 93
f 100 98 97
f 101 103 102
f 106 34 87
f 108 115 107
f 117 36 118
f 124 126 125
f 131 129 128
f 132 134 133
f 142 140 139
f 148 60 147
f 144 127 124
f 149 151 150
f 156 154 153
f 159 158 157
f 116 164 105
f 171 169 168
f 174 173 172
f 179 181 180
f 186 188 187
f 194 196 195
f 199 139 198
f 206 208 207
f 213 211 210
f 202 214 201
f 96 216 54
f 92 43 44
f 97 246 100
f 250 229 228
f 252 58 253
f 258 256 255
f 260 229 259
f 110 112 113
f 114 263 109
f 265 267 266
f 56 270 269
f 274 249 250
f 185 63 64
f 280 278 276
f 285 283 157
f 288 211 212
f 141 92 46
f 289 175 176
f 148 105 106
f 312 170 171
f 238 42 43
f 318 160 317
f 310 308 307
f 241 325 324
f 160 240 317
f 47 307 308
f 108 315 164
f 345 86 119
f 348 350 349
f 356 358 357
f 355 353 352
f 363 32 362
f 149 150 176
f 364 253 365
f 366 368 367
f 183 371 63
f 163 161 160
f 209 101 208
f 378 165 166
f 379 381 380
f 383 3 4
f 284 386 385
f 387 389 388
f 391 229 249
f 73 397 396
f 405 407 406
f 203 411 410
f 414 413 412
f 1 357 4
f 277 131 275
f 254 57 58
f 358 415 351
f 417 386 408
f 401 192 420
f 419 127 143
f 421 182 422
f 103 302 409
f 428 368 174
f 380 359 356
f 62 266 323
f 140 431 430
f 357 351 348
f 356 379 380
f 415 403 434
f 437 436 435
f 438 440 439
f 188 450 449
f 452 454 453
f 265 181 421
f 224 64 225
f 237 213 427
f 275 128 458
f 281 460 459
f 50 79 461
f 73 282 281
f 468 466 465
f 390 352 359
f 482 484 483
f 489 487 486
f 493 495 494
f 472 470 469
f 502 500 499
f 220 222 223
f 512 143 66
f 518 511 80
f 513 230 286
f 205 31 244
f 189 451 188
f 163 532 8
f 533 225 251
f 446 447 412
f 335 540 334
f 544 546 545
f 329 291 292
f 199 262 238
f 385 416 550
f 532 191 247
f 363 118 243
f 236 237 250
f 578 580 579
f 573 571 570
f 561 562 272
f 241 259 240
f 590 592 591
f 545 595 594
f 503 155 504
f 606 624 623
f 478 480 479
f 646 648 647
f 590 689 684
f 564 651 650
f 728 184 727
f 714 716 715
f 692 575 693
f 541 581 578
f 346 248 400
f 161 230 160
f 128 94 95
f 698 704 703
f 574 576 575
f 290 401 328
f 630 725 726
f 733 735 734
f 755 496 493
f 759 481 760
f 757 762 761
f 764 466 467
f 768 3808 3809
f 759 488 489
f 492 475 771
f 474 769 473
f 773 465 772
f 771 486 483
f 484 775 491
f 774 489 486
f 495 764 756
f 495 761 494
f 137 784 136
f 325 797 547
f 165 51 52
f 369 29 370
f 730 568 569
f 90 301 89
f 243 516 242
f 800 806 805
f 817 808 816
f 816 823 822
f 306 447 807
f 815 809 808
f 829 828 825
f 726 501 502
f 274 424 423
f 879 881 880
f 884 879 885
f 219 217 211
f 906 904 897
f 455 205 542
f 898 830 829
f 903 880 881
f 906 897 898
f 377 519 165
f 923 948 946
f 946 951 950
f 3519 739 3517
f 900 886 880
f 225 65 144
f 182 442 422
f 809 947 824
f 954 962 961
f 927 965 966
f 885 880 886
f 925 966 967
f 343 341 340
f 965 971 968
f 968 970 969
f 972 969 973
f 963 981 978
f 336 338 339
f 992 827 828
f 810 996 959
f 1007 1002 1008
f 1012 827 1009
f 1011 1007 1008
f 294 292 291
f 907 920 919
f 1017 1019 1018
f 1020 1022 1021
f 1035 1020 1044
f 1061 1047 1046
f 1063 1046 1062
f 1044 1021 1045
f 1102 1097 1109
f 1116 1118 1117
f 1016 1014 1013
f 881 904 903
f 816 1127 817
f 1094 949 1097
f 514 167 515
f 146 81 82
f 1133 1130 1129
f 1102 1126 822
f 822 1116 816
f 1145 1148 1136
f 1076 1151 1069
f 1148 1086 1087
f 1109 1114 1136
f 1154 1156 1155
f 1153 967 1156
f 3464 463 3714
f 1144 1152 1151
f 1156 1163 1162
f 1164 1169 1165
f 1145 1176 1147
f 1114 1154 1171
f 1183 1164 1177
f 1184 1177 1185
f 1069 1062 1064
f 1023 1194 1022
f 1162 1170 1169
f 1195 1185 1191
f 1183 1176 1155
f 1201 1152 1196
f 1061 1201 1202
f 3825 843 3836
f 1203 1195 1034
f 1202 1184 1195
f 1218 1203 1217
f 1060 1202 1203
f 1225 1217 1219
f 671 694 670
f 1219 1024 1035
f 1217 1034 1024
f 1226 1015 1227
f 1243 1234 1233
f 1231 1229 1228
f 847 1233 843
f 843 1244 878
f 1233 1245 1244
f 1923 233 216
f 2100 499 500
f 3914 2135 3900
f 61 323 505
f 210 217 457
f 1299 1309 1300
f 3863 1231 3862
f 1066 1321 1322
f 1322 1228 1229
f 1060 1321 1047
f 1325 1323 1310
f 1244 1332 1330
f 1290 1242 1288
f 1337 1339 1338
f 1330 1340 1339
f 1341 1245 1294
f 1342 1332 1341
f 1343 1341 1344
f 1344 1294 1293
f 3857 1345 1346
f 1347 1342 1343
f 3856 1295 1345
f 1349 1348 1347
f 3861 1347 3853
f 3853 1343 3857
f 906 829 1353
f 905 1353 1354
f 865 1355 1357
f 1355 829 825
f 1357 825 826
f 1356 1353 1355
f 3834 1338 3833
f 866 1356 865
f 1358 1354 1356
f 3828 1337 3834
f 838 1012 841
f 1363 1338 1339
f 1368 1339 1340
f 1348 1340 1342
f 1371 3824 3829
f 524 526 523
f 528 530 527
f 1372 1369 1371
f 535 537 538
f 1367 1348 1350
f 1370 1359 1369
f 1369 3833 3824
f 1373 903 904
f 555 557 558
f 1374 910 1373
f 1373 905 1375
f 1374 1375 1376
f 1375 1354 1370
f 1378 908 1377
f 376 651 1387
f 1388 973 969
f 586 588 585
f 1390 1388 1391
f 1391 969 970
f 597 599 596
f 600 602 603
f 1392 970 979
f 608 610 607
f 612 523 611
f 614 616 613
f 617 25 24
f 620 622 619
f 1397 1391 1392
f 1398 1392 1399
f 1400 920 1378
f 1402 1165 1169
f 636 638 635
f 930 1402 929
f 641 643 644
f 929 1169 1170
f 1404 1403 1402
f 1411 1365 1406
f 1412 1415 1414
f 652 654 655
f 609 657 658
f 659 661 662
f 558 586 585
f 665 667 664
f 1413 1406 1412
f 1418 3810 3813
f 1417 1371 1416
f 1416 3829 3810
f 1419 1416 1418
f 1386 1374 1420
f 677 679 676
f 1385 1420 1421
f 1420 1376 1422
f 685 687 688
f 1421 1422 1423
f 528 691 658
f 1422 1372 1417
f 1018 747 1425
f 699 701 702
f 1424 579 1017
f 3663 1767 3660
f 700 711 712
f 1093 3754 1571
f 717 530 719
f 721 723 720
f 704 3543 3554
f 19 1426 1430
f 1429 1427 1426
f 1658 3542 3544
f 1439 1434 1438
f 1437 1435 1434
f 1426 1433 1432
f 1442 1432 1440
f 742 744 745
f 1432 1441 1440
f 751 753 750
f 1438 1403 1405
f 1446 1444 1443
f 1447 1446 1443
f 3860 1443 3848
f 1415 1445 1446
f 1414 1446 1448
f 2173 469 470
f 777 779 686
f 780 782 783
f 1676 1806 1675
f 3859 1349 3861
f 789 791 788
f 745 793 742
f 652 795 653
f 1455 1457 1456
f 1454 1350 1452
f 610 802 801
f 3831 698 703
f 1352 1045 1351
f 1015 1459 1460
f 811 813 814
f 2118 3817 2117
f 819 821 818
f 1466 1194 1190
f 1467 1465 1466
f 1182 1468 1467
f 832 833 831
f 835 837 834
f 1467 1190 1182
f 1469 1444 1445
f 840 712 690
f 1453 1469 1454
f 599 845 846
f 1226 3849 3855
f 851 853 850
f 855 856 854
f 858 860 857
f 861 863 864
f 1014 3855 3858
f 867 868 869
f 870 872 873
f 874 876 877
f 1310 1471 1309
f 1476 1427 1475
f 1461 1475 1460
f 887 889 890
f 788 892 891
f 894 896 893
f 1460 1227 1015
f 901 524 612
f 1465 1477 1464
f 1865 3500 1864
f 911 913 914
f 916 918 915
f 1850 3507 1851
f 921 895 894
f 1479 1436 1478
f 926 667 601
f 1481 563 1480
f 269 84 1482
f 931 933 916
f 934 614 869
f 936 688 937
f 938 662 939
f 1484 122 123
f 941 835 834
f 320 509 510
f 1849 3505 1850
f 84 1484 83
f 1487 1488 539
f 1757 3502 3509
f 365 1491 364
f 461 80 511
f 117 362 1496
f 1494 541 1495
f 926 957 958
f 1477 1433 1476
f 1709 1585 1700
f 119 1496 345
f 271 504 156
f 511 189 186
f 345 1492 365
f 255 344 254
f 57 299 132
f 1501 268 1500
f 267 1499 145
f 974 976 977
f 1678 1693 1676
f 3846 1807 3840
f 557 663 558
f 983 984 985
f 1443 3849 3848
f 421 268 265
f 989 991 988
f 1490 418 1504
f 279 309 310
f 997 676 679
f 998 999 875
f 1504 38 1505
f 1506 1507 1486
f 360 1508 1506
f 1506 207 360
f 939 1006 938
f 270 1483 269
f 66 546 512
f 1010 793 935
f 367 437 1509
f 244 363 243
f 1670 3534 1669
f 209 1510 226
f 235 1512 1511
f 1511 234 235
f 388 426 425
f 427 250 237
f 161 521 231
f 100 45 44
f 1025 608 1027
f 1029 1031 1028
f 939 1033 1032
f 41 594 99
f 1036 783 1037
f 702 1038 1039
f 1040 1042 1043
f 362 369 1493
f 187 477 186
f 70 539 198
f 1511 1521 234
f 1049 603 1048
f 613 869 614
f 860 1051 857
f 1005 1053 1006
f 753 1056 1054
f 1057 1059 1055
f 293 1522 292
f 288 1521 1522
f 292 1523 329
f 331 1508 1524
f 306 453 305
f 100 41 99
f 462 78 79
f 330 1524 462
f 635 1068 636
f 1485 1526 1528
f 206 1528 1510
f 1070 1072 831
f 942 1073 1074
f 916 1075 917
f 440 1530 439
f 157 1514 285
f 1529 5 1530
f 371 546 63
f 790 663 791
f 1077 857 1078
f 1403 1435 1165
f 1080 1082 1079
f 531 1529 440
f 21 1084 1085
f 272 1531 561
f 137 396 397
f 690 802 691
f 335 3567 581
f 1090 1029 1091
f 1092 794 1042
f 1533 137 138
f 661 1095 1096
f 69 445 72
f 1099 1101 1098
f 38 1536 1505
f 1104 1106 1103
f 852 1108 853
f 1377 909 1386
f 291 411 294
f 316 516 33
f 539 1533 534
f 1505 316 313
f 1110 1112 1113
f 1539 460 264
f 522 1537 1539
f 834 1120 1119
f 1122 1124 1121
f 612 1041 901
f 935 615 614
f 276 130 131
f 1686 3522 1685
f 193 1541 273
f 231 1540 287
f 556 982 557
f 365 85 345
f 190 318 1541
f 1810 3574 3528
f 3924 3512 3791
f 1132 985 1131
f 208 102 132
f 1134 662 661
f 1491 80 77
f 429 1542 147
f 1137 915 918
f 172 428 174
f 1139 1141 1142
f 549 54 55
f 1517 1518 296
f 976 1146 938
f 834 984 941
f 1543 286 115
f 1544 239 513
f 133 1544 1542
f 506 257 258
f 420 328 401
f 1158 1160 1157
f 587 1103 588
f 1513 1514 151
f 607 1027 608
f 304 1545 303
f 364 77 506
f 69 198 139
f 1006 976 938
f 700 1112 701
f 3877 3525 3787
f 1166 657 656
f 1167 858 1077
f 1172 1174 1175
f 218 200 217
f 1179 1181 1178
f 372 97 98
f 89 227 88
f 1186 1188 1189
f 172 1517 1549
f 1482 81 1498
f 1090 1193 1030
f 394 353 1551
f 526 1198 1197
f 811 858 812
f 1199 1026 1025
f 606 697 696
f 1204 1206 743
f 1207 523 526
f 1209 867 613
f 914 685 936
f 1478 1441 1477
f 1029 1161 1091
f 1211 1213 1214
f 3858 1451 3859
f 844 1216 845
f 423 273 274
f 1220 1222 1083
f 22 1224 23
f 882 897 881
f 1519 173 387
f 1189 1232 1178
f 349 550 416
f 1071 1236 1072
f 1237 1239 745
f 1221 1189 1240
f 1510 1512 333
f 939 1241 1005
f 1556 5 67
f 1553 394 1551
f 404 67 347
f 1247 1249 1246
f 142 238 92
f 1251 635 1250
f 850 1253 851
f 1254 1077 1255
f 57 133 429
f 443 552 551
f 1187 1175 1188
f 1256 831 833
f 432 382 383
f 741 747 746
f 434 351 415
f 349 383 348
f 251 1481 1480
f 395 352 353
f 1518 1550 1551
f 1558 378 340
f 109 314 315
f 285 1513 407
f 395 393 392
f 202 410 1558
f 417 405 432
f 1246 1258 1247
f 3 297 2
f 1259 1261 1262
f 403 347 284
f 955 953 952
f 462 51 330
f 1096 687 1263
f 429 60 57
f 896 1265 932
f 1267 1268 1266
f 423 327 420
f 37 180 40
f 20 1187 1186
f 1256 1071 1070
f 155 156 504
f 1188 1269 1232
f 1236 1271 1262
f 1272 535 621
f 565 463 464
f 1273 745 1239
f 876 1255 1274
f 316 164 315
f 437 503 1509
f 194 1495 197
f 1275 864 863
f 624 631 630
f 1277 1137 1278
f 569 567 566
f 1481 125 366
f 324 547 326
f 1279 1107 1280
f 1525 329 1523
f 1281 1137 918
f 171 1553 1552
f 1488 396 1533
f 1557 1562 1559
f 1282 1206 1205
f 1053 1278 1281
f 778 607 1283
f 713 3566 3569
f 251 144 124
f 4 348 383
f 709 707 706
f 728 45 246
f 261 1563 544
f 789 1287 790
f 74 263 282
f 403 385 434
f 1178 1240 1189
f 1223 1289 1224
f 158 150 151
f 1220 1186 1221
f 296 354 433
f 784 1538 1566
f 1181 1291 1222
f 1269 1257 1246
f 1566 438 399
f 136 1566 1564
f 1563 169 1565
f 107 109 108
f 1297 1298 1296
f 1464 1476 1461
f 1520 507 508
f 1301 1303 1304
f 1306 1308 1305
f 175 1532 272
f 1532 200 201
f 1311 1312 1313
f 872 1315 1316
f 1317 1318 1319
f 3836 878 3828
f 1305 864 1276
f 1040 863 1320
f 1564 399 169
f 592 1575 591
f 591 1088 689
f 1581 1583 1582
f 1196 1147 1176
f 710 583 713
f 285 408 386
f 953 961 963
f 1594 1589 1593
f 1585 1587 1586
f 1592 1590 1589
f 3885 944 3899
f 1600 1598 1597
f 1604 1602 1601
f 1399 979 980
f 1589 1596 1595
f 1610 1608 1607
f 298 361 360
f 551 276 277
f 1627 3814 3819
f 859 818 860
f 1078 1328 1329
f 1555 1530 1556
f 572 680 681
f 772 776 774
f 977 918 917
f 404 392 393
f 1054 750 753
f 1644 1643 1642
f 932 1082 933
f 1067 1334 1068
f 1540 264 114
f 597 643 1336
f 471 762 470
f 1642 3831 3842
f 1644 3842 3843
f 923 950 927
f 96 548 95
f 520 522 521
f 445 443 442
f 849 848 842
f 480 755 493
f 1646 481 1639
f 311 1567 170
f 464 3497 3495
f 3497 1361 3495
f 234 236 235
f 190 192 191
f 153 152 149
f 231 286 230
f 1552 1551 1550
f 760 1648 488
f 3832 1649 3830
f 828 826 825
f 52 166 165
f 1663 1661 1660
f 287 115 286
f 668 670 669
f 634 640 639
f 553 559 554
f 118 33 516
f 492 491 490
f 3552 1651 3553
f 582 584 583
f 384 392 415
f 1381 1383 1380
f 1562 435 436
f 952 951 947
f 3529 583 584
f 1660 1667 1666
f 1394 1396 1393
f 1660 1664 1663
f 1671 1669 1668
f 1624 1673 1672
f 1407 1409 1410
f 1677 1675 1674
f 1613 1677 1625
f 1679 1676 1677
f 1626 3811 3814
f 534 198 539
f 176 150 159
f 803 734 800
f 400 191 192
f 65 143 144
f 3526 1656 3540
f 402 157 283
f 629 627 626
f 461 49 50
f 758 495 756
f 796 786 785
f 406 1513 1560
f 342 166 167
f 1694 1658 1695
f 1692 1694 1696
f 3557 1652 3552
f 3921 1703 3923
f 326 302 90
f 3916 1702 1706
f 3919 1698 1701
f 1699 3927 3918
f 1557 1560 1561
f 1127 1117 1128
f 400 289 346
f 1706 1707 1708
f 1707 1599 1600
f 1709 1708 1588
f 1714 1711 1713
f 3919 1709 1700
f 1704 1577 1703
f 1716 1713 1715
f 1559 1549 297
f 1722 1720 1719
f 1335 596 1489
f 410 377 378
f 973 1163 972
f 168 399 398
f 1571 1089 1093
f 1572 682 1571
f 749 647 754
f 1730 1723 1729
f 1594 1729 1592
f 1729 1591 1592
f 1731 1730 1583
f 1384 1377 1379
f 1732 1712 1714
f 1724 1731 1732
f 1712 1731 1580
f 1722 1732 1733
f 1721 1733 1734
f 1734 1716 1717
f 1735 1736 1697
f 1733 1714 1716
f 1663 1741 1668
f 1742 1740 1743
f 1738 1737 1735
f 1665 1666 1740
f 1665 1744 1664
f 1725 1746 1745
f 1591 1745 1590
f 1590 1747 1596
f 1745 1748 1747
f 1659 3538 3542
f 3287 3545 3282
f 1185 1182 1190
f 1664 1749 1741
f 1741 1739 1738
f 1746 1743 1748
f 1726 1742 1746
f 1153 924 925
f 1115 1153 1154
f 1654 3575 1655
f 1896 3549 1686
f 1720 1744 1726
f 1721 1749 1720
f 1750 1701 1698
f 1697 1750 1696
f 1151 1063 1062
f 1751 1670 1671
f 1695 1752 1751
f 961 986 981
f 1770 1768 1767
f 1766 1593 1765
f 1731 1579 1580
f 1579 1774 1578
f 3928 1771 3929
f 1764 3928 3917
f 1777 1775 1774
f 3762 1699 1700
f 1004 1128 1003
f 1774 1771 1772
f 987 1399 980
f 1578 1772 1764
f 1783 1781 1778
f 1597 1770 1767
f 639 3895 3884
f 3928 1769 1770
f 1793 1789 1788
f 3929 1798 1769
f 3508 3773 1806
f 1802 3924 3922
f 1788 1794 1793
f 1793 1795 1776
f 3773 1675 1806
f 1584 1783 1789
f 1771 3920 3929
f 1801 1798 1800
f 1768 1798 1799
f 1775 1797 1771
f 508 515 1520
f 1796 1802 1797
f 1800 3920 3922
f 1794 1804 1795
f 3532 1752 3547
f 485 1807 775
f 3809 1640 768
f 3837 1810 1653
f 485 1640 1808
f 1690 3770 3772
f 487 1648 1811
f 3839 1816 3822
f 3838 1648 3830
f 3839 1811 3838
f 1812 487 1811
f 1641 767 768
f 465 755 776
f 767 3823 3808
f 3822 3826 3847
f 1809 1815 767
f 3837 1651 3840
f 675 3541 3496
f 1814 1822 1821
f 1821 3821 3820
f 1824 1649 1825
f 1827 1850 1805
f 1668 1662 1663
f 1779 1848 1828
f 1790 1805 1794
f 1833 1853 1852
f 3521 693 575
f 1614 1616 1617
f 1852 3498 3501
f 1620 1622 1623
f 1855 1574 1861
f 1847 3501 3513
f 1766 1855 1782
f 1629 1631 1628
f 1633 1634 1632
f 1635 1637 1638
f 1848 1852 1847
f 1855 1863 1862
f 1803 1867 1802
f 1862 1831 1832
f 1782 1862 1781
f 3922 1865 1800
f 1873 1870 1869
f 1874 799 804
f 2045 3897 2044
f 1219 1295 1225
f 1615 1396 1395
f 3884 1877 1876
f 645 3786 3559
f 1345 1035 1346
f 634 3884 3880
f 15 1327 14
f 3910 1878 1893
f 1894 605 1893
f 3506 627 693
f 340 454 1558
f 1897 195 1898
f 1889 1877 1890
f 1901 129 1900
f 196 754 232
f 1705 3921 3916
f 340 166 343
f 1570 563 561
f 1904 194 1897
f 1781 1832 1780
f 1905 55 1906
f 1000 995 996
f 986 920 987
f 1191 1190 1194
f 2094 2075 2093
f 1920 1919 1915
f 453 1912 1911
f 1915 1918 1916
f 3882 2106 3901
f 1916 1926 1925
f 704 3561 703
f 278 1925 1900
f 3565 1818 1820
f 1097 1115 1114
f 1927 727 1923
f 3578 3654 3758
f 1920 307 1929
f 1929 48 728
f 503 1497 1509
f 1902 787 796
f 1816 3820 3826
f 1925 1923 1924
f 1535 1568 1534
f 254 258 255
f 1509 366 367
f 119 35 36
f 219 293 294
f 141 47 431
f 542 244 245
f 1940 430 431
f 1779 1827 1790
f 1701 3915 3919
f 1661 3515 1667
f 270 754 647
f 197 749 196
f 1727 1212 1211
f 53 232 754
f 1465 1479 1478
f 1284 3854 1293
f 1951 412 413
f 168 1554 1553
f 1486 206 207
f 506 78 361
f 994 1007 993
f 951 963 964
f 1013 3861 1351
f 3826 1820 1818
f 1498 1954 1482
f 299 543 132
f 1754 1756 1753
f 1681 1683 1682
f 1696 1695 1697
f 13 738 737
f 473 475 474
f 482 768 1640
f 204 30 205
f 1761 820 819
f 611 1125 612
f 1501 1908 1909
f 1074 711 699
f 1960 82 83
f 120 1960 123
f 35 87 34
f 1773 1025 1031
f 1965 1569 1535
f 494 471 479
f 1966 1969 1968
f 446 1971 1967
f 174 125 126
f 1580 1578 1577
f 1785 1787 1784
f 1972 304 305
f 1254 875 999
f 1973 342 514
f 321 1973 509
f 1910 275 1907
f 509 514 508
f 1486 1527 1485
f 1974 804 1975
f 1977 1974 1978
f 1980 1966 1981
f 379 2 295
f 1718 1710 1701
f 884 992 883
f 1680 1678 1679
f 902 525 524
f 344 256 299
f 135 137 136
f 236 228 333
f 448 1967 1966
f 589 604 584
f 910 908 907
f 1981 1968 1987
f 1982 1987 1979
f 1988 1987 1989
f 1990 1989 1991
f 1991 1993 1992
f 322 320 319
f 992 830 883
f 1144 1086 1143
f 1995 1978 1994
f 1133 1118 1126
f 1997 1994 1996
f 870 1335 1489
f 805 1982 1998
f 727 2000 1999
f 1996 1988 1990
f 1994 1979 1988
f 1829 792 1273
f 1830 941 983
f 798 800 799
f 729 731 730
f 2011 2023 2022
f 1834 846 1159
f 402 284 347
f 2022 2024 2025
f 1838 989 988
f 810 952 809
f 1823 1840 644
f 1430 1432 1431
f 1215 1841 1079
f 149 176 177
f 1316 873 872
f 2112 1384 2106
f 1842 1844 1845
f 1159 845 1160
f 837 1846 1120
f 1971 2030 2027
f 517 370 189
f 858 833 812
f 1471 2027 1888
f 3551 626 627
f 2174 770 490
f 935 1854 1010
f 1613 1611 1618
f 1231 1225 1295
f 1856 891 892
f 1300 748 741
f 1150 1858 1859
f 1643 696 1642
f 1215 1264 1216
f 1320 902 901
f 1956 1944 1960
f 2031 669 1474
f 2034 1310 1299
f 1879 1656 1657
f 40 242 39
f 1992 2039 1456
f 888 957 889
f 1882 1996 1990
f 1078 1255 1077
f 1871 1192 1090
f 294 218 219
f 1323 2026 1471
f 123 83 1484
f 1324 2041 1323
f 384 359 352
f 1324 2038 2036
f 1883 1885 1829
f 287 114 107
f 1096 1134 661
f 915 931 916
f 806 1981 1982
f 3533 584 604
f 1425 2042 1018
f 1018 1948 1017
f 3562 740 3519
f 1948 649 646
f 1881 1990 1991
f 1900 130 278
f 992 994 993
f 923 925 924
f 3878 2047 3876
f 1643 625 606
f 2050 2051 2049
f 2045 1404 2047
f 3876 945 3885
f 1139 1079 1841
f 1037 892 982
f 2055 2057 2056
f 1198 718 717
f 1619 1612 1611
f 2058 1606 2059
f 2059 1607 2058
f 2058 1624 1605
f 71 179 37
f 405 1557 382
f 976 1006 977
f 322 1972 1911
f 2061 2063 2062
f 2066 2067 1825
f 2052 2064 2051
f 1609 2066 1647
f 1515 152 1516
f 1009 993 1007
f 1644 3815 2118
f 279 1916 278
f 1285 3862 1284
f 1647 1825 1649
f 2056 2067 2065
f 319 1953 1952
f 667 1913 1914
f 2070 625 2048
f 2052 2055 2063
f 2038 1655 1458
f 1606 2073 2072
f 1235 1270 1236
f 2072 2075 2074
f 2059 2072 2062
f 2074 2077 2076
f 1601 2078 2073
f 2049 1643 1645
f 1000 1001 994
f 1089 684 689
f 1931 1306 1930
f 1462 1021 1022
f 1932 1934 1935
f 875 1846 998
f 1936 1937 1938
f 44 46 92
f 1534 1956 120
f 1541 317 391
f 2081 2084 2083
f 146 1959 300
f 1360 1942 1361
f 985 1032 1033
f 1995 1892 2043
f 2079 2082 2081
f 2095 2076 2077
f 2081 2078 2079
f 2055 2054 2053
f 501 2095 500
f 2097 2099 2098
f 2098 2094 2083
f 2140 3893 3866
f 2141 3894 3893
f 2051 2048 2049
f 592 2101 1576
f 2071 2076 2096
f 2102 2098 2101
f 593 2102 592
f 1019 746 747
f 1950 12 1327
f 725 2096 501
f 1385 2104 1379
f 1379 2106 1384
f 2107 2100 2097
f 3908 502 3896
f 3896 499 3901
f 940 2109 944
f 928 1170 973
f 3868 684 3899
f 1962 1964 1961
f 3878 573 3897
f 2039 1968 1969
f 1389 2110 2109
f 1398 2113 1397
f 3757 3753 3743
f 3911 2107 2103
f 949 924 1115
f 260 324 326
f 1390 2113 2110
f 2070 2064 2071
f 3867 2103 593
f 2105 1421 2114
f 2114 1423 2115
f 3892 2115 3903
f 3908 2114 3892
f 554 1902 553
f 972 967 966
f 1765 1573 1574
f 1984 1986 1983
f 2053 2069 2057
f 3573 724 714
f 1625 1674 1673
f 3881 2119 2122
f 3903 2123 3904
f 56 1906 55
f 626 3879 629
f 2001 2003 2004
f 3912 2127 3907
f 2006 2008 2009
f 2127 1412 2128
f 2014 2016 2017
f 2018 2020 2021
f 1495 1947 197
f 1379 1386 1385
f 3814 1680 1618
f 2029 1884 2028
f 3902 2120 3887
f 629 3914 3872
f 682 943 1089
f 724 2121 716
f 1757 3821 3845
f 765 3844 3809
f 3851 715 3852
f 706 3870 3872
f 981 987 980
f 1457 1656 1880
f 2017 2032 2033
f 1458 1868 1457
f 1776 1792 1793
f 1959 1946 1958
f 3663 3725 3661
f 3913 2122 3850
f 1093 689 1088
f 966 968 972
f 3852 3881 3913
f 2172 2170 2171
f 670 2137 669
f 3761 1903 233
f 1429 28 1449
f 964 978 971
f 3841 1413 2127
f 1473 669 2137
f 3834 1359 1358
f 2138 1870 2137
f 1872 2137 1870
f 715 3888 3881
f 1881 1992 1880
f 3843 739 740
f 1837 3513 3514
f 253 59 85
f 1808 3840 1807
f 1647 3818 1609
f 3865 671 668
f 2112 3883 2111
f 1405 2044 1438
f 3829 1364 1366
f 273 391 249
f 576 3520 3555
f 3875 668 2031
f 1430 2140 2139
f 2136 3860 28
f 1430 18 19
f 3893 570 695
f 1442 2046 2141
f 1431 2141 2140
f 3869 3850 2136
f 3808 1817 766
f 3866 695 671
f 2142 798 2138
f 571 2142 694
f 3819 1618 1611
f 2143 2025 2142
f 694 2138 670
f 681 2144 572
f 2144 2022 2143
f 328 457 290
f 1572 2011 2144
f 630 3903 624
f 2085 2087 2088
f 2090 2092 2089
f 572 2143 571
f 1875 2153 2149
f 1873 2149 2154
f 2103 2097 2102
f 2157 2155 2156
f 2128 1414 2120
f 3874 589 582
f 3872 628 629
f 2149 2158 2159
f 2159 3905 3890
f 698 3902 705
f 3823 3827 1817
f 2158 3874 3905
f 1438 2046 1439
f 2035 2160 2161
f 2161 3889 3886
f 3871 605 589
f 3873 18 3875
f 370 61 451
f 649 413 648
f 2153 2156 2158
f 1428 1449 1450
f 1490 73 1488
f 3890 710 633
f 2155 3891 3871
f 1456 1880 1992
f 2125 2087 2124
f 2160 3890 3889
f 300 505 323
f 1064 1046 1065
f 2043 1891 2155
f 2129 2004 2003
f 2131 2133 2134
f 3848 1450 1449
f 1998 804 805
f 3879 3864 3914
f 474 490 770
f 1164 1182 1177
f 707 3909 3870
f 708 2162 707
f 2162 3886 3909
f 548 1905 458
f 1145 1114 1171
f 705 1650 704
f 2043 1977 1995
f 737 554 559
f 1034 1191 1023
f 458 1907 275
f 195 232 233
f 2040 1969 1970
f 2145 2147 2148
f 2054 2049 1645
f 3832 1639 3818
f 9 11 10
f 252 506 258
f 472 479 471
f 1865 3791 3503
f 900 910 907
f 1941 2151 1942
f 1921 1927 1919
f 2163 1898 2116
f 271 153 178
f 1904 12 9
f 282 264 460
f 1872 2154 2035
f 1326 1897 2163
f 628 693 627
f 1724 1719 1723
f 1549 436 172
f 1582 1730 1729
f 1921 1929 1928
f 3563 10 11
f 475 774 771
f 769 2171 473
f 2171 476 473
f 476 772 475
f 1791 464 1760
f 2166 2168 2169
f 595 372 98
f 483 1641 482
f 762 2173 470
f 771 484 492
f 486 1809 483
f 297 1517 296
f 763 2174 762
f 776 759 489
f 184 2176 2000
f 412 303 414
f 2005 185 224
f 3811 1682 3846
f 2164 756 764
f 1472 2161 2162
f 950 964 965
f 2177 2179 2180
f 227 1510 333
f 764 467 2164
f 2182 2184 2181
f 2186 2018 2185
f 1985 2181 1986
f 214 729 1531
f 1545 1546 1569
f 865 842 866
f 849 1357 1362
f 452 1558 454
f 559 3188 737
f 16 737 3188
f 560 498 374
f 3193 3195 3194
f 3200 3198 3199
f 3211 3213 3212
f 3215 3217 3216
f 2187 2002 2001
f 2169 2189 2190
f 2192 2085 2191
f 2193 2195 2196
f 2198 2200 2197
f 1998 1979 1975
f 3664 3668 3671
f 2116 1903 1902
f 1859 2009 1150
f 3904 2126 3906
f 1135 1087 1130
f 2201 2015 2014
f 1149 110 1858
f 3221 3218 3215
f 2203 2205 2206
f 579 1895 1019
f 1755 2208 1756
f 3891 1893 605
f 1211 2150 1727
f 868 2210 2209
f 944 930 940
f 2130 2202 2201
f 233 1898 195
f 665 750 666
f 1167 999 618
f 2211 2213 2214
f 2215 2217 2218
f 3867 590 3868
f 2220 220 2219
f 823 948 1094
f 3225 3227 3226
f 266 455 265
f 3882 2107 3883
f 2221 3519 3517
f 2223 2225 2226
f 2207 2124 2208
f 673 3869 3864
f 817 996 815
f 2227 2146 2145
f 1947 646 749
f 3900 17 3873
f 2229 1638 1381
f 1679 1618 1680
f 1637 2232 2230
f 2233 1617 1616
f 2231 2236 2237
f 1381 2238 1382
f 3586 2242 3587
f 1630 2233 1631
f 1681 472 469
f 1408 2243 2244
f 3236 3238 3237
f 3232 3240 3235
f 1637 2238 1638
f 3237 3233 3234
f 1409 1634 2245
f 1380 2247 2246
f 1628 2245 1621
f 2249 1622 1633
f 1632 1408 2244
f 2248 1631 2250
f 2235 1637 1636
f 3245 3199 3198
f 631 2071 725
f 515 52 49
f 782 2251 1251
f 2253 2255 2252
f 397 459 784
f 1456 2040 1455
f 2040 2036 1455
f 1401 2111 1398
f 2041 1970 2026
f 1535 414 1965
f 1586 2080 2079
f 2256 1132 1886
f 1700 3918 3919
f 3815 1686 3817
f 1263 1886 1096
f 598 844 599
f 2257 2259 2260
f 2258 2262 2259
f 2259 2263 2216
f 2260 2216 2215
f 1967 1970 1969
f 2212 1963 2213
f 922 2218 2217
f 1312 1101 2264
f 1307 1286 789
f 1548 1546 1972
f 2266 2268 2265
f 2265 2270 2269
f 2272 2269 2271
f 2273 2265 2272
f 2275 2277 2274
f 2278 2277 2279
f 2284 3617 3639
f 2287 2286 2281
f 2288 2283 2287
f 2290 3639 3620
f 2291 2293 2294
f 2295 2294 2279
f 2296 2291 2295
f 2297 2292 2291
f 2294 2299 2300
f 2279 2300 2278
f 2298 2302 2292
f 2292 2303 2293
f 2293 2304 2299
f 2304 2306 2299
f 2306 2300 2299
f 2308 2310 2307
f 2302 2310 2303
f 2301 2307 2302
f 2312 2307 2311
f 2313 2315 2316
f 2318 2320 2317
f 3748 2322 2323
f 2324 2273 2326
f 2313 2326 2327
f 2328 2313 2316
f 2329 2324 2328
f 2331 2333 2330
f 2330 2267 2266
f 2325 2266 2273
f 2329 2330 2325
f 2333 2335 2267
f 2336 2333 2332
f 2338 2332 2337
f 2331 2337 2332
f 2329 2339 2331
f 2328 2340 2329
f 2316 2341 2328
f 2342 2315 2343
f 2344 2346 2347
f 2341 2347 2340
f 2342 2344 2341
f 2348 2345 2344
f 2350 2352 2353
f 2339 2353 2337
f 2340 2350 2339
f 2347 2351 2350
f 2337 2354 2338
f 2353 2355 2354
f 2356 2276 2357
f 2356 2358 2359
f 2356 2296 2295
f 2279 2356 2295
f 2360 2270 2268
f 2267 2360 2268
f 2362 2364 2365
f 2362 2361 2358
f 2366 2358 2357
f 2366 2363 2362
f 2357 2368 2366
f 2366 2369 2367
f 2276 2370 2368
f 2368 2282 2369
f 2372 2374 2371
f 2375 2377 2007
f 2378 2380 2381
f 2382 2381 2383
f 2384 2378 2382
f 2385 2379 2378
f 2388 2390 2387
f 2387 2392 2391
f 2393 2387 2391
f 2394 2388 2387
f 2186 2402 2400
f 2403 2327 2326
f 2272 2326 2273
f 2271 2403 2272
f 2405 2404 2403
f 2404 2408 2327
f 2409 2411 2412
f 2409 2271 2269
f 2413 2269 2270
f 2413 2410 2409
f 2417 2416 2418
f 2417 2406 2405
f 2412 2405 2271
f 2411 2417 2412
f 2406 2407 2404
f 3569 632 713
f 2420 2397 2421
f 2420 2423 2422
f 2424 2422 2419
f 2424 2398 2420
f 2425 2392 2426
f 2421 2426 2423
f 2397 2425 2421
f 2396 2391 2425
f 2427 2315 2314
f 2427 2408 2428
f 2430 2428 2429
f 2343 2427 2430
f 2432 2430 2431
f 2431 2429 2433
f 2435 2433 2434
f 2436 2431 2435
f 2428 2407 2437
f 2422 2407 2419
f 2438 2422 2423
f 2429 2437 2438
f 2440 2433 2439
f 2441 2433 2429
f 2442 2439 2441
f 2443 2440 2439
f 2445 2444 2443
f 2447 2443 2442
f 2383 2445 2447
f 2381 2446 2445
f 2448 2423 2426
f 2449 2426 2392
f 2441 2449 2442
f 2441 2438 2448
f 2449 2390 2450
f 2450 2389 2451
f 2447 2451 2383
f 2442 2450 2447
f 2451 2453 2452
f 2452 2455 2454
f 2382 2454 2384
f 2383 2452 2382
f 2456 2373 2372
f 2459 2461 2458
f 2463 2465 2462
f 2462 2285 2284
f 2466 2284 2290
f 2467 2462 2466
f 2461 3703 3701
f 2468 2470 2471
f 2472 2471 2473
f 2474 3701 3688
f 2475 2477 2478
f 2458 2453 2479
f 2479 2389 2388
f 2395 2479 2388
f 2480 2458 2479
f 2481 2483 2478
f 2484 2485 221
f 2471 2464 2463
f 2473 2463 2467
f 2487 2466 2486
f 2486 2290 2488
f 2490 2488 2489
f 2491 2486 2490
f 2492 2467 2487
f 2493 2487 2491
f 2494 2492 2493
f 2495 2473 2492
f 3690 2474 3688
f 3691 2496 3690
f 2498 2493 2499
f 2500 2499 2501
f 3700 2498 2500
f 3687 2494 2498
f 2306 2278 2300
f 2305 2504 2306
f 2504 2507 2506
f 2506 2288 2508
f 2274 2508 2275
f 2278 2506 2274
f 3633 2489 2488
f 3620 2488 2290
f 2507 2289 2288
f 2505 2509 2507
f 2508 2287 2511
f 2511 2281 2280
f 2370 2280 2282
f 2275 2511 2370
f 2512 2489 2513
f 2514 2513 2515
f 2517 2514 2516
f 2517 2490 2512
f 2499 2491 2517
f 2499 2516 2501
f 2510 2519 2518
f 2518 2521 2520
f 3616 2520 3621
f 3632 2518 3616
f 2522 2303 2310
f 2523 2310 2309
f 2305 2522 2524
f 2524 2523 2525
f 2519 2525 2521
f 2505 2524 2519
f 2308 2527 2526
f 2526 2529 2528
f 2531 2528 2530
f 2309 2526 2531
f 1214 2151 1211
f 2419 2418 2424
f 2533 2349 2317
f 2534 2317 2320
f 2535 2533 2534
f 2536 2345 2533
f 2537 2346 2536
f 2538 2536 2535
f 2539 2537 2538
f 2540 2351 2537
f 2312 2541 2527
f 2527 2542 2529
f 2543 2434 2544
f 2545 2544 2546
f 2319 2543 2545
f 2318 2435 2543
f 2514 2548 2547
f 2547 2550 2549
f 2552 2549 2551
f 2552 2514 2547
f 2520 2554 2553
f 2553 2556 2555
f 3590 2555 3593
f 3621 2553 3590
f 2523 2531 2557
f 2557 2530 2558
f 2525 2557 2559
f 2559 2558 2560
f 2554 2560 2556
f 2521 2559 2554
f 2561 2007 2006
f 2376 2225 2377
f 2564 2566 2563
f 2563 338 2567
f 2569 2567 2568
f 2570 2563 2569
f 2572 2574 2571
f 2571 2576 2575
f 2544 2575 2546
f 2544 2572 2571
f 2578 2569 2577
f 2579 2569 2568
f 2574 2579 2576
f 2573 2577 2574
f 2581 2583 2580
f 2584 2583 2585
f 3697 2580 2584
f 3676 2580 3675
f 2582 2552 2583
f 2583 2551 2585
f 2500 2589 2588
f 2590 2589 2591
f 3693 2588 2590
f 3695 2500 2588
f 2501 2591 2589
f 2592 2594 2595
f 2386 2503 2502
f 2596 2386 2374
f 2596 2373 2597
f 2599 2597 2598
f 2599 2379 2596
f 2600 2380 2599
f 2600 2598 2601
f 2603 2601 2602
f 2603 2446 2600
f 2604 2602 2605
f 2440 2605 2434
f 2444 2604 2440
f 2606 2581 2607
f 2606 2590 2591
f 2591 2582 2606
f 3676 2456 3689
f 3689 2372 3693
f 2478 2608 2481
f 2609 2611 2199
f 2564 2613 2612
f 2612 2598 2597
f 2457 2597 2373
f 2565 2612 2457
f 2614 2570 2578
f 2615 2578 2573
f 2602 2614 2615
f 2601 2613 2614
f 2572 2605 2616
f 2616 2602 2615
f 2573 2616 2615
f 1459 1045 1021
f 1265 1079 1082
f 1612 1609 1611
f 2067 2069 2068
f 1135 1136 1148
f 1938 2618 2617
f 95 458 128
f 2058 1608 1612
f 1454 1445 1367
f 655 1048 2619
f 722 2621 723
f 1131 1033 1134
f 562 366 1497
f 1723 1725 1591
f 1786 1122 1787
f 267 323 266
f 1325 1654 2038
f 1468 1435 1479
f 658 529 528
f 8 247 7
f 382 1559 3
f 788 1307 789
f 940 929 928
f 911 2623 912
f 2621 655 654
f 2624 2625 2626
f 998 27 26
f 635 2626 2625
f 2627 644 1840
f 2628 1840 2629
f 1200 2627 2628
f 1199 641 2627
f 1520 49 477
f 1452 1349 1451
f 2630 1859 1858
f 644 1335 1823
f 1197 717 2632
f 2632 719 1166
f 2628 1166 1200
f 2629 2632 2628
f 1762 1050 821
f 1823 873 1839
f 2634 794 652
f 1028 1027 1161
f 1042 2635 1043
f 93 1901 1924
f 2036 1458 1455
f 1527 1525 1526
f 877 1274 1277
f 134 797 1544
f 1328 931 1329
f 607 1091 1161
f 1043 2637 2636
f 2636 2639 2638
f 1275 2638 1276
f 1275 1043 2636
f 1272 2626 2640
f 2640 638 637
f 1110 2640 637
f 536 2640 2641
f 1472 1474 1473
f 2042 1951 649
f 1058 1105 1059
f 2642 2643 2644
f 1192 2644 1193
f 912 2642 1192
f 3898 3526 3786
f 1049 2620 2621
f 616 1885 613
f 1331 666 750
f 990 1198 525
f 1911 321 322
f 1298 1205 2645
f 76 1504 75
f 1502 421 422
f 610 658 691
f 1146 659 938
f 2646 914 936
f 1280 1238 1279
f 975 2647 2648
f 2647 975 974
f 1453 1452 1451
f 1514 158 151
f 835 1843 1842
f 1271 1173 1289
f 2649 813 2650
f 1893 1826 1894
f 1050 1937 1051
f 2651 814 813
f 1006 1281 977
f 2653 2654 2655
f 1001 1003 1002
f 585 679 558
f 2624 621 620
f 555 2028 556
f 1207 1197 2629
f 1626 478 472
f 426 419 1567
f 1030 1773 1031
f 3898 634 3880
f 534 138 262
f 1125 1042 1041
f 333 88 227
f 569 561 730
f 1489 871 870
f 1857 620 891
f 1673 3770 3763
f 622 864 1308
f 2647 974 2657
f 619 891 620
f 261 545 262
f 393 1556 404
f 2658 2647 2657
f 1075 2657 917
f 1081 2658 1075
f 1080 2659 2658
f 2644 1141 2660
f 2660 1140 1336
f 642 1336 643
f 1193 2660 642
f 679 555 558
f 1503 1500 1502
f 1318 1101 1100
f 2661 1139 1142
f 2661 2663 2662
f 2662 2659 2661
f 2662 2622 2664
f 2664 911 2646
f 2648 2646 1146
f 2648 2662 2664
f 2083 2093 2081
f 1442 1437 1439
f 519 330 51
f 1885 1209 613
f 799 805 804
f 1946 1952 1953
f 1302 1253 1252
f 566 224 533
f 1389 928 1388
f 683 681 680
f 836 1842 2665
f 2665 1845 1303
f 2666 1303 1302
f 24 2665 2666
f 831 2650 832
f 1845 1304 1303
f 2010 2012 2011
f 1051 2667 2668
f 1522 1511 1523
f 531 441 522
f 782 1251 1250
f 1250 2625 2669
f 2669 1857 1856
f 783 1856 1037
f 782 2669 783
f 720 2671 721
f 1055 1930 1056
f 1333 1251 2251
f 619 1308 1307
f 652 2619 2634
f 521 1539 1540
f 1838 537 2672
f 2672 536 2641
f 1113 2641 1110
f 1113 1838 2672
f 1016 1351 1045
f 3897 570 3894
f 226 104 101
f 3564 3827 1818
f 1036 1884 1883
f 2674 1304 2673
f 2673 1844 2675
f 1334 2675 1039
f 1333 2673 1334
f 2676 1039 2675
f 1843 2675 1844
f 942 2676 1843
f 1074 702 2676
f 811 859 858
f 752 1055 753
f 1200 656 1026
f 1120 874 2677
f 2677 877 1052
f 1241 1052 1005
f 1119 2677 1241
f 1560 151 1515
f 1208 611 523
f 215 736 214
f 1460 1462 1461
f 1208 1839 873
f 854 1282 1297
f 72 182 179
f 544 1565 512
f 217 456 457
f 2047 930 945
f 1204 1937 2633
f 913 686 685
f 840 1113 1112
f 1531 730 561
f 2678 1283 801
f 601 1914 602
f 1537 459 460
f 1819 3509 3527
f 991 862 538
f 2679 1073 1830
f 2680 983 2256
f 779 2256 1263
f 778 2680 779
f 2678 1830 2680
f 180 245 40
f 1886 1131 1134
f 1138 1274 1255
f 1841 1140 1139
f 75 314 74
f 193 420 192
f 2681 1099 1098
f 170 1565 169
f 349 417 432
f 1121 2684 2683
f 547 409 302
f 123 121 120
f 2643 1142 1141
f 1542 513 1543
f 899 907 919
f 1210 676 867
f 791 982 892
f 24 837 836
f 893 932 931
f 1860 863 862
f 535 862 861
f 832 813 812
f 2650 813 832
f 1569 1547 1568
f 181 542 180
f 660 937 688
f 2013 568 2012
f 887 2631 2630
f 1524 361 78
f 520 162 1529
f 2653 854 2685
f 1238 2655 2686
f 718 527 530
f 1492 518 1491
f 792 615 793
f 599 1835 596
f 290 456 175
f 312 1552 425
f 1248 1179 1249
f 153 177 178
f 1240 1222 1221
f 1257 1235 1071
f 1291 1083 1222
f 1052 1277 1053
f 743 2618 1204
f 444 430 443
f 23 1172 1187
f 2687 1180 1179
f 102 409 134
f 1283 610 801
f 373 650 651
f 1180 1084 1291
f 855 2655 1237
f 1173 1917 1174
f 2689 853 2688
f 2688 1108 1279
f 2686 1279 1238
f 2687 2688 2686
f 2691 1252 2690
f 2690 850 2689
f 1248 2689 2687
f 1248 2691 2690
f 2692 24 2666
f 2691 2666 1302
f 1247 2692 2691
f 1258 617 2692
f 394 1555 393
f 2693 1259 1223
f 1072 1262 1261
f 1257 1168 1258
f 398 1555 1554
f 871 1314 872
f 1178 1249 1179
f 1224 1173 1172
f 1010 2618 742
f 1175 1292 1269
f 2654 2686 2655
f 2694 1216 1264
f 71 1487 70
f 701 1111 1038
f 1072 2649 2650
f 1085 22 21
f 895 1264 896
f 1601 1605 1604
f 1259 1271 1289
f 21 1220 1083
f 988 538 537
f 598 1336 1140
f 820 1762 821
f 1050 818 821
f 1298 1761 2652
f 1168 618 617
f 858 1256 833
f 39 516 1536
f 2652 819 814
f 313 315 314
f 2026 1971 2027
f 2656 596 1835
f 814 818 811
f 2696 813 2649
f 1260 2649 1261
f 2693 2696 1260
f 2697 2651 2696
f 381 390 380
f 3818 1611 1609
f 1475 1428 1227
f 1292 1917 1235
f 1551 354 1518
f 1526 1523 1511
f 1593 1595 1573
f 1232 1246 1249
f 2695 1223 22
f 2698 1296 2697
f 2698 2693 2695
f 2685 2695 1085
f 2685 1297 2698
f 562 271 272
f 2652 1296 1298
f 1365 1364 1363
f 1958 1953 1957
f 585 2210 997
f 1561 1515 435
f 975 1146 976
f 347 68 346
f 1038 636 1068
f 2700 780 2699
f 2699 1036 1883
f 2701 1883 1829
f 851 2699 2701
f 2674 2251 2702
f 2702 781 2700
f 1253 2700 851
f 1301 2702 1253
f 1519 388 1550
f 1273 1280 2703
f 2703 1107 852
f 2701 852 851
f 1829 2703 2701
f 91 326 90
f 1784 2656 1785
f 2683 2705 2704
f 1669 3548 1662
f 2062 2060 2059
f 621 861 622
f 2023 732 2024
f 686 1263 687
f 857 2668 1328
f 883 882 879
f 637 1111 1110
f 2668 893 1328
f 2667 894 2668
f 1039 1068 1334
f 313 1504 1505
f 1911 305 453
f 1936 1964 2212
f 2707 2401 2183
f 2708 2183 2182
f 738 2116 554
f 2349 2432 2436
f 2711 2020 2019
f 2400 2019 2186
f 2714 2716 2713
f 2717 2719 2720
f 2721 2723 2724
f 2726 2728 2725
f 2725 2730 2729
f 2731 2729 2709
f 2732 2725 2731
f 2734 2736 2733
f 2738 2740 2737
f 2737 2741 2742
f 2744 2746 2743
f 2745 2748 2747
f 2749 2747 2751
f 2753 2751 2752
f 2250 2246 2248
f 2754 1614 2755
f 3598 2755 3609
f 3608 2747 3609
f 1617 2755 1614
f 2242 1620 2757
f 2191 2760 2759
f 2761 2760 2762
f 3648 2761 3649
f 3623 2759 3648
f 3209 3223 3224
f 1395 2236 2235
f 1395 1636 1615
f 1616 2229 2233
f 1617 2763 2756
f 2756 3628 3608
f 2765 2234 1630
f 2766 3628 3622
f 3202 3246 3247
f 1516 435 1515
f 2768 3552 3553
f 1495 578 1424
f 2135 28 17
f 1690 3926 3925
f 2778 2780 2777
f 2777 2781 2782
f 2784 2777 2783
f 3555 575 576
f 1494 9 540
f 3529 2015 3566
f 451 505 450
f 2786 2788 2785
f 2779 2785 2780
f 2789 2741 2740
f 2790 2752 2789
f 2792 2794 2791
f 2793 2796 2794
f 2796 2750 2749
f 2794 2749 2753
f 2798 1396 2754
f 3591 2754 3598
f 2798 2800 1393
f 3591 2799 2798
f 2797 2795 2801
f 2791 2753 2790
f 216 232 54
f 3804 2807 3803
f 3805 2804 3803
f 2769 3557 3552
f 183 184 97
f 2811 2775 2776
f 2804 2776 2805
f 2809 2811 2804
f 2812 2813 2814
f 3805 2816 3795
f 3796 2815 3795
f 3798 2820 2821
f 3793 2819 3798
f 2824 2735 2819
f 2823 2824 2819
f 2825 2826 2724
f 3793 2827 3792
f 3796 2826 3792
f 2713 2829 2828
f 2828 2831 2830
f 2822 2828 2830
f 2821 2713 2828
f 2832 2822 2830
f 2833 2830 2831
f 2834 2832 2833
f 2835 2827 2832
f 2837 2839 2836
f 2836 2841 2840
f 2842 2840 2727
f 2843 2836 2842
f 2840 2845 2844
f 2718 2845 2719
f 2730 2844 2718
f 2727 2844 2728
f 2846 2719 2845
f 2846 2841 2847
f 2829 2847 2831
f 2829 2716 2846
f 2847 2839 2848
f 2848 2838 2849
f 2833 2849 2834
f 2831 2848 2833
f 2850 2851 2852
f 2853 2852 2854
f 2783 2782 2855
f 2785 2853 2856
f 2780 2856 2781
f 2857 2855 2782
f 2859 2782 2781
f 2861 2842 2860
f 2860 2727 2726
f 2862 2726 2732
f 2863 2860 2862
f 2861 2858 2857
f 2843 2857 2859
f 2856 2854 2864
f 2781 2864 2859
f 2837 2859 2864
f 2838 2864 2854
f 2852 2834 2849
f 2854 2849 2838
f 2865 2818 2835
f 2851 2835 2834
f 2813 2815 2865
f 2814 2865 2851
f 2866 2814 2850
f 2788 2850 2853
f 2866 2787 2867
f 2812 2867 2775
f 1892 1890 1891
f 2720 2846 2870
f 298 256 257
f 2872 2713 2820
f 3794 2735 2734
f 2729 2874 2873
f 2846 2715 2870
f 2876 2878 2875
f 2733 2878 2734
f 3806 2879 2880
f 3806 2872 3794
f 2882 2884 2881
f 2881 2715 2714
f 2880 2714 2872
f 2879 2881 2880
f 2885 2887 2888
f 2888 2890 2885
f 2885 2892 2891
f 2893 2885 2891
f 1942 2532 2894
f 2895 2720 2870
f 2884 2870 2715
f 2883 2895 2884
f 2896 2892 2895
f 2889 2717 2890
f 2890 2720 2892
f 2897 2891 2896
f 2898 2896 2883
f 2899 2883 2882
f 2900 2882 2879
f 3797 2879 3807
f 2876 2901 2877
f 2901 2904 2903
f 1785 1835 1834
f 2905 2899 2900
f 2907 2897 2898
f 3797 2903 3799
f 632 577 633
f 3532 2867 2787
f 434 550 350
f 2768 3640 3643
f 2910 1623 2249
f 2241 2758 2242
f 3640 2913 3652
f 1623 2757 1620
f 3587 2757 3652
f 2229 1380 2250
f 2765 1629 2914
f 2915 1629 2912
f 3642 2914 2915
f 3641 2765 2914
f 2919 3642 3613
f 2918 2912 2241
f 3614 2241 3586
f 3618 3613 3670
f 3541 2180 3496
f 3521 2188 3506
f 3705 714 3851
f 2925 2917 2924
f 2924 2916 2919
f 3610 2919 3618
f 3611 2924 3610
f 2926 2766 2925
f 3658 2925 3611
f 1715 1705 1710
f 785 498 796
f 1387 565 1791
f 374 1899 560
f 3573 2206 3556
f 2929 2886 2893
f 2932 2934 2931
f 1905 1908 1907
f 2930 2936 2937
f 2938 2930 2929
f 1493 517 518
f 1603 1586 1602
f 2939 2929 2908
f 2940 2908 2907
f 3665 1600 3661
f 2886 2937 2887
f 2906 2898 2899
f 2908 2893 2897
f 2942 2933 2941
f 2941 2937 2936
f 3501 2936 3513
f 3498 2941 3501
f 2943 2710 2873
f 2943 2874 2889
f 2945 2889 2888
f 2946 2943 2945
f 2932 2888 2887
f 2931 2945 2932
f 727 1929 728
f 2903 2947 2948
f 545 42 262
f 1480 533 251
f 2907 2949 2940
f 2906 2950 2949
f 1558 215 202
f 3799 2948 3801
f 2054 1644 2118
f 3705 2203 3573
f 1828 1849 1827
f 2953 2955 2952
f 2952 2957 2956
f 2956 2258 2952
f 2953 2258 2257
f 2454 2474 2496
f 3747 2959 3766
f 3747 2131 3737
f 2961 2963 2958
f 2958 2964 2959
f 222 2485 2965
f 2477 2966 2608
f 2631 2006 1859
f 2384 2496 2497
f 2967 2959 2964
f 2968 2970 2969
f 3759 2971 3784
f 3784 2960 3766
f 2972 2033 2032
f 2007 2973 2008
f 3560 2134 2133
f 1836 1832 1831
f 3506 2090 3551
f 955 959 956
f 672 674 673
f 633 713 632
f 2024 733 803
f 2025 803 798
f 425 1550 388
f 2975 888 887
f 1319 1157 2694
f 1212 2977 1213
f 889 2228 2227
f 1978 1975 1979
f 1138 1329 915
f 751 2979 2978
f 1619 1625 1624
f 2252 1728 1727
f 1157 845 1216
f 2706 1938 2617
f 2980 2254 2981
f 2982 887 2630
f 802 711 2679
f 678 2029 2028
f 527 690 528
f 1839 2629 1840
f 2983 602 1914
f 2983 1913 1331
f 2985 1331 1054
f 2986 2983 2985
f 2987 2635 2634
f 2985 2639 2986
f 2990 1318 2989
f 2991 2993 2994
f 2995 2994 2996
f 1106 2991 2995
f 1058 2992 2991
f 1415 1365 1367
f 1317 2217 2997
f 1932 2255 2980
f 926 2999 664
f 3001 2992 3000
f 3000 1057 2978
f 2999 2978 2979
f 2998 3000 2999
f 3002 2209 3003
f 3002 2996 2994
f 2993 3002 2994
f 3001 2998 3002
f 1103 2995 3004
f 3004 2996 3003
f 2209 3004 3003
f 588 3004 2210
f 295 433 381
f 2638 2988 3005
f 3005 1056 1930
f 1305 1930 1306
f 1276 3005 1305
f 1987 1993 1989
f 2633 1761 2645
f 1423 1417 1419
f 3561 739 703
f 2671 2704 2705
f 1473 2035 1472
f 922 2694 895
f 1401 1378 1384
f 556 1884 1037
f 842 3825 3836
f 1854 2617 1010
f 933 1081 1075
f 1440 1436 1437
f 529 719 530
f 1031 1027 1028
f 777 912 1871
f 2645 1204 2633
f 441 1538 1537
f 790 587 586
f 2065 1610 1607
f 1860 990 902
f 60 87 59
f 1424 1948 1947
f 332 1507 331
f 261 138 135
f 187 449 507
f 1719 1726 1725
f 1931 1059 3006
f 3006 1105 1104
f 1287 1104 587
f 1286 3006 1287
f 3007 3009 3010
f 3009 653 795
f 618 26 25
f 2029 1210 1209
f 957 600 2228
f 1049 2228 600
f 2631 3011 2561
f 890 2227 3011
f 3011 2145 3012
f 2561 3012 2375
f 1026 609 608
f 2706 1961 1964
f 3013 2485 3014
f 2148 1267 3015
f 3015 1266 1311
f 2997 1101 1317
f 642 1773 1193
f 186 461 511
f 1041 1320 901
f 1121 3017 1122
f 2984 2987 3018
f 3018 2634 2619
f 1048 3018 2619
f 603 2984 3018
f 2679 801 802
f 2062 2074 2061
f 2061 2076 2064
f 414 1545 1965
f 3016 2683 3019
f 3019 2704 2670
f 3020 2670 720
f 3007 3019 3020
f 1871 1091 777
f 3021 1122 3017
f 3022 3017 3010
f 1314 3022 1315
f 1784 3021 1314
f 1316 1763 611
f 3023 3010 3009
f 3023 795 1092
f 1763 1092 1125
f 1315 3023 1763
f 3016 3010 3017
f 752 2978 1057
f 2986 2637 2987
f 3024 653 3008
f 3020 3008 3007
f 720 3024 3020
f 723 654 3024
f 2681 1268 3025
f 2671 1268 721
f 2705 3025 2671
f 1313 3027 1311
f 3026 3029 3027
f 3027 3030 3031
f 1311 3031 3015
f 2012 731 2023
f 917 974 977
f 743 856 744
f 1888 2030 1425
f 2682 2684 3032
f 3032 1124 2989
f 1100 2989 1318
f 1099 3032 1100
f 1123 2989 1124
f 3033 1159 1158
f 2990 1158 1319
f 1123 3033 2990
f 1786 1834 3033
f 1054 2988 2985
f 2979 664 2999
f 2623 2663 2643
f 1095 688 687
f 3034 2261 2956
f 3036 2956 2957
f 3037 3034 3036
f 3038 3035 3034
f 3040 3026 1313
f 2263 3041 3040
f 3042 3043 3041
f 3041 3028 3026
f 3044 3043 3039
f 3046 3045 3044
f 3047 3049 3045
f 3043 3049 3028
f 3038 3051 3050
f 3050 3053 3052
f 3052 3044 3050
f 3039 3050 3044
f 3054 3039 3042
f 3042 2262 3054
f 2261 3054 2262
f 2216 2997 2217
f 2212 2667 1936
f 3056 2209 3055
f 934 1961 1854
f 2013 3757 567
f 3058 3060 3061
f 3059 3063 3060
f 3060 2213 1963
f 3061 1963 1962
f 3063 2214 2213
f 3062 3064 3063
f 3065 2260 3064
f 3064 2215 2214
f 3066 3031 3030
f 2608 3067 3066
f 2966 3068 3067
f 3031 3068 3015
f 2455 2461 2474
f 2476 2226 2477
f 3551 2089 3525
f 433 355 381
f 2115 1419 2123
f 3509 2922 3527
f 3769 2131 2134
f 3069 2167 2166
f 2971 2928 2960
f 2961 2773 2962
f 3070 2478 2483
f 2610 3071 2954
f 2502 2374 2386
f 3072 2595 3073
f 2964 3052 2967
f 3048 3074 3049
f 2593 3075 3074
f 3075 3029 3074
f 3074 3028 3049
f 3072 3075 2592
f 3076 2482 2481
f 2481 3066 3076
f 3076 3030 3075
f 2967 3053 2970
f 2482 3073 2483
f 479 493 494
f 706 3873 709
f 3561 2221 3517
f 2013 3754 3755
f 3533 2016 3529
f 3562 2222 2974
f 1171 1155 1176
f 2586 2565 2587
f 2982 113 2484
f 2562 3077 3068
f 2376 3012 3077
f 3012 2148 3077
f 3077 3015 3068
f 2963 3046 2964
f 3051 2970 3053
f 1683 491 775
f 3850 1447 3860
f 1986 3734 3768
f 3079 2546 2575
f 3081 2575 2576
f 1983 3768 3765
f 3082 2319 2545
f 3080 2545 2546
f 3734 3082 3080
f 3732 2323 3082
f 1309 1888 748
f 3073 2772 2771
f 2760 3084 2762
f 2760 2088 3083
f 3085 3086 3087
f 3089 3090 3088
f 3089 3084 3085
f 3092 3090 3091
f 3093 2744 2743
f 2751 2748 3093
f 3093 2752 2751
f 2742 3093 3094
f 3094 2743 3095
f 3096 3098 3087
f 3099 3087 3086
f 3097 3095 3098
f 3100 2746 3101
f 3101 3102 3100
f 2764 2927 3101
f 2745 3101 2746
f 3102 3091 3100
f 3100 3095 2743
f 2869 3592 3634
f 3102 3104 3092
f 3658 2869 3634
f 2927 3103 3102
f 3098 3091 3090
f 3087 3090 3085
f 2088 3105 3083
f 3083 3086 3084
f 2483 2771 3070
f 2401 2185 2321
f 3099 3105 3106
f 2125 3106 3105
f 3108 2742 3107
f 3107 3094 3097
f 3110 3107 3109
f 3109 3097 3096
f 3111 3096 3099
f 3112 3109 3111
f 3113 2737 3108
f 3115 2722 3114
f 3117 3114 3116
f 3119 3116 3118
f 3118 3120 3121
f 3116 3113 3120
f 3122 3111 3123
f 3122 1755 1754
f 3124 3126 3127
f 3125 3121 3126
f 3128 3118 3125
f 3129 3125 3124
f 2020 3128 3129
f 3853 1346 1352
f 1065 1047 1066
f 1814 3830 1649
f 2021 3129 3130
f 3111 3106 3123
f 3123 2207 1755
f 2377 2224 2973
f 3014 113 112
f 1756 3782 3767
f 3131 2530 2528
f 3133 2528 2529
f 1753 3767 3775
f 3134 3127 3135
f 2327 2314 2313
f 2436 2317 2349
f 2018 3711 3712
f 2534 3137 2535
f 2320 3136 2534
f 2185 3712 3771
f 3138 2542 2539
f 3134 3744 3745
f 3785 3134 3745
f 3140 2539 2538
f 2535 3140 2538
f 3711 3130 3785
f 2558 3132 3141
f 3782 3141 3132
f 2560 3141 3142
f 3760 3142 3141
f 958 2976 2981
f 1933 2980 3143
f 2399 2418 2416
f 2348 2343 2432
f 2322 2319 2323
f 2718 2874 2730
f 2709 2873 2710
f 2894 1361 1942
f 346 176 347
f 1876 1882 1881
f 2802 3607 3592
f 3104 3088 3092
f 2974 3649 3603
f 3089 2761 2762
f 3088 3145 3089
f 2803 3603 3607
f 3870 692 628
f 2123 1418 2126
f 1365 1368 1367
f 1581 1782 1783
f 3569 2129 3520
f 3555 2002 3521
f 3146 2551 3147
f 3751 3147 3750
f 3742 3146 3751
f 3149 2585 3146
f 3196 3197 3195
f 3604 2191 3623
f 3142 2556 2560
f 3777 3150 3142
f 3646 2550 3593
f 3150 2555 2556
f 3778 3151 3150
f 3788 3152 3646
f 3153 2551 2549
f 3152 2549 2550
f 3781 3153 3152
f 3776 3147 3153
f 3148 2206 2205
f 2183 2321 2184
f 2132 2928 2133
f 3684 2204 2203
f 3719 2197 3721
f 2594 2773 2951
f 2595 2951 2772
f 1870 799 1869
f 3713 2178 3706
f 3706 3736 3790
f 336 3774 3722
f 339 3154 336
f 3789 3149 3742
f 3683 2584 3149
f 2963 3048 3047
f 3722 337 336
f 339 2566 2586
f 3156 2168 2167
f 2610 2167 2611
f 2954 3156 2610
f 3157 2953 2257
f 3707 2169 3709
f 2567 3159 2568
f 337 2567 338
f 3730 2166 3707
f 3764 1983 3765
f 2579 3081 2576
f 2568 3160 2579
f 3709 2190 3764
f 3065 3162 3161
f 3161 1984 2189
f 3157 2189 2168
f 2257 3161 3157
f 734 1922 806
f 3059 2708 3163
f 3163 2182 1985
f 3162 1985 1984
f 3062 3163 3162
f 3203 3205 3204
f 2122 1448 1447
f 3817 1685 3812
f 139 444 69
f 1570 566 533
f 2957 3165 3036
f 2955 3164 2957
f 1912 341 1973
f 3130 3124 3134
f 1548 319 1547
f 1949 1327 1887
f 2969 3078 3167
f 3167 3169 3168
f 3724 2017 3720
f 3720 2033 3759
f 3168 3165 3170
f 3170 3164 3171
f 3779 3171 3756
f 3724 3170 3779
f 3171 3166 3172
f 3172 3071 3173
f 3752 3173 3749
f 3756 3172 3752
f 3169 3036 3165
f 2593 2962 2594
f 3173 2609 3174
f 3174 2199 2198
f 3783 2198 3719
f 3749 3174 3783
f 2190 1984 1983
f 2196 2767 3148
f 2119 1414 1448
f 1464 1466 1465
f 2199 3069 2200
f 2457 2587 2565
f 2226 2562 2966
f 481 1627 1639
f 333 235 236
f 3078 3037 3169
f 3040 2997 2263
f 2219 1933 2220
f 2385 2497 2503
f 221 3175 2484
f 2220 3143 3175
f 3175 2976 2975
f 2484 2975 2982
f 2954 3166 2955
f 2630 110 2982
f 1547 1952 1955
f 2091 2188 2187
f 3733 2178 2177
f 1918 1927 1926
f 955 960 954
f 3143 2981 2976
f 2218 2214 2215
f 672 3787 3541
f 2152 3014 2037
f 1147 1143 1145
f 2248 1409 2245
f 1615 1635 1616
f 1410 2246 2247
f 3241 3242 3240
f 3177 1383 1382
f 2238 3176 1382
f 3176 2230 3178
f 1410 3179 1407
f 3179 2243 1407
f 1633 2800 2249
f 1621 2758 2912
f 1622 2245 1634
f 2236 3181 3182
f 2237 3182 3183
f 2250 2233 2229
f 2912 1628 1621
f 135 1564 1563
f 1567 512 1565
f 1085 2653 2685
f 3184 868 3056
f 869 3057 934
f 1266 1098 1312
f 1267 722 721
f 937 2646 936
f 2146 722 2147
f 2211 921 2667
f 1957 507 449
f 1313 2264 3040
f 1496 1493 1492
f 2681 2705 2682
f 2887 2933 2932
f 1687 1659 1694
f 145 1498 81
f 1317 1319 2694
f 37 418 71
f 1935 3185 2977
f 104 301 103
f 2101 2083 2084
f 543 360 207
f 1934 3186 3185
f 234 212 237
f 3845 1822 1824
f 1976 1874 1974
f 223 2219 220
f 3655 3605 3612
f 468 773 2165
f 1935 1728 1932
f 3240 3226 3235
f 3261 3250 3260
f 3215 3244 3264
f 3265 3215 3264
f 3267 3198 3196
f 3205 3269 3255
f 3214 3265 3270
f 3271 3214 3192
f 3251 3239 3236
f 3222 3266 3272
f 3232 3234 3233
f 3216 3243 3244
f 3196 3268 3267
f 3244 3254 3255
f 3238 3247 3246
f 3264 3255 3269
f 3253 3216 3217
f 3211 3221 3265
f 3257 3218 3256
f 3258 3272 3259
f 3274 3280 3273
f 3228 3262 3263
f 3275 3281 3280
f 3226 3273 3280
f 3236 3260 3251
f 3281 3236 3237
f 3287 3192 3189
f 3235 3280 3234
f 3234 3281 3237
f 3288 3259 3272
f 3289 3278 3284
f 3210 3224 3283
f 3199 3201 3200
f 3228 3230 3229
f 3290 3285 3286
f 3282 3271 3287
f 3260 3262 3261
f 3243 3268 3254
f 3267 3241 3232
f 3194 3208 3193
f 3191 3269 3206
f 3270 3192 3214
f 3275 3230 3231
f 3264 3270 3265
f 3213 3279 3277
f 3272 3289 3288
f 3277 3212 3213
f 3228 3281 3231
f 3220 3253 3219
f 3219 3217 3257
f 3256 3222 3258
f 3247 3252 3248
f 3245 3232 3233
f 3266 3212 3289
f 3208 3255 3254
f 3288 3284 3285
f 3204 3208 3207
f 560 3187 559
f 3209 3201 3202
f 3189 3191 3190
f 448 807 447
f 647 122 270
f 1833 1780 1832
f 510 508 507
f 3210 1887 3201
f 1887 3200 3201
f 15 3197 3200
f 16 3195 3197
f 3195 3187 3194
f 3194 1899 3207
f 3207 375 3204
f 387 126 127
f 3189 1760 3287
f 3577 757 758
f 763 2172 2175
f 3583 3580 3581
f 3581 3579 3578
f 3594 3596 3595
f 3400 3602 3401
f 3626 3625 3627
f 3631 3599 3601
f 3636 3595 3596
f 3647 3588 3645
f 3650 3584 3647
f 3653 3580 3651
f 3653 3654 3579
f 1801 3656 3655
f 3651 3582 3650
f 3644 3595 3637
f 1767 3659 3660
f 1597 3661 1600
f 1708 3665 3664
f 3671 3667 3666
f 3666 3673 3672
f 1588 3664 1587
f 2080 3666 2082
f 2082 3672 2084
f 3674 3635 3631
f 3677 3636 3635
f 3682 3645 3681
f 3692 3650 3686
f 3681 3644 3680
f 786 3692 785
f 3694 3651 3692
f 785 3686 497
f 497 3682 650
f 650 3681 564
f 3696 3681 3680
f 3405 3605 3402
f 3702 3678 3677
f 3699 3679 3678
f 3645 3638 3644
f 1799 3659 1768
f 3708 3458 3460
f 3462 3708 3460
f 3714 564 3696
f 3615 3602 3600
f 3710 3696 3698
f 3635 3596 3599
f 3629 3627 3630
f 3597 3599 3596
f 3630 3715 3629
f 3627 3597 3594
f 3717 3723 3718
f 3715 3660 3629
f 3716 3725 3715
f 3668 3661 3725
f 3668 3717 3667
f 3667 3718 3673
f 3727 3673 3718
f 3728 3672 3673
f 3726 3718 3723
f 1576 2084 3672
f 3727 3731 3729
f 3203 1387 3190
f 3190 1791 3189
f 3283 1949 3210
f 317 259 391
f 2000 3653 3694
f 3601 3600 3602
f 3589 3584 3585
f 3577 756 2170
f 3585 3582 3583
f 3678 3637 3636
f 3204 376 3203
f 1801 3657 1799
f 3729 3728 3727
f 1575 3738 1088
f 3735 1576 3728
f 1776 1796 1775
f 1293 1290 1284
f 1326 1327 12
f 1294 1234 1290
f 878 1330 1337
f 497 374 498
f 122 413 121
f 3699 3704 3708
f 3606 3401 3602
f 3708 3698 3699
f 3464 3710 3462
f 3704 3443 3458
f 439 399 438
f 1512 1526 1511
f 1668 1738 1671
f 839 1362 838
f 1362 826 1012
f 3843 1896 3815
f 2053 2118 2117
f 3888 2120 2119
f 696 3816 3831
f 1826 639 640
f 3740 3729 3731
f 956 886 960
f 1980 1922 807
f 33 105 164
f 1343 3856 3857
f 3907 2128 3902
f 1766 1582 1594
f 14 2163 738
f 595 99 594
f 3233 3246 3245
f 1346 1044 1352
f 748 1425 747
f 3193 3254 3268
f 3190 3206 3203
f 3612 3606 3615
f 3624 3615 3625
f 3631 3443 3674
f 3679 3644 3637
f 3686 3647 3682
f 3702 3674 3704
f 3625 3600 3597
f 3601 3415 3631
f 3739 3735 3729
f 3630 3594 3741
f 3741 3716 3630
f 1284 1288 1285
f 3698 3680 3679
f 1778 1780 1779
f 1792 1584 1789
f 695 571 694
f 3638 3594 3595
f 3741 3588 3589
f 3247 3209 3202
f 3292 3294 3295
f 3296 3298 3299
f 3299 3300 3301
f 3302 3304 3305
f 3306 3308 3309
f 3307 3311 3308
f 3303 3301 3300
f 3312 3304 3313
f 3314 3316 3317
f 3318 3320 3321
f 3324 3321 3325
f 3326 3328 3323
f 3329 3331 3332
f 3333 3335 3336
f 3337 3339 3340
f 3333 3341 3342
f 3342 3343 3344
f 3319 3344 3343
f 3338 3334 3339
f 3346 3302 3347
f 3305 3347 3302
f 3350 3340 3351
f 3312 3348 3305
f 3352 3341 3326
f 3311 3354 3308
f 3341 3327 3326
f 3359 3361 3362
f 3318 3345 3319
f 3364 3318 3324
f 3314 3324 3365
f 3366 3301 3346
f 3299 3367 3296
f 3308 3368 3309
f 3369 3295 3294
f 3317 3364 3314
f 3370 3317 3316
f 3325 3365 3324
f 3352 3319 3343
f 3296 3353 3311
f 3297 3311 3310
f 3363 3354 3345
f 3345 3353 3344
f 3344 3367 3342
f 3366 3342 3367
f 3347 3334 3346
f 3339 3348 3340
f 3348 3351 3340
f 3363 3369 3368
f 3294 3368 3369
f 3293 3309 3294
f 3331 3374 3332
f 3346 3333 3366
f 3323 3352 3326
f 3356 3321 3320
f 3355 3325 3321
f 3357 3371 3325
f 3322 3320 3352
f 3361 3329 3362
f 3373 3375 3374
f 3374 3376 3332
f 3329 3376 3362
f 3327 3372 3328
f 3336 3375 3327
f 3335 3376 3375
f 3376 3337 3362
f 3337 3359 3362
f 3377 3295 3370
f 3277 3315 3278
f 3371 3379 3365
f 3378 3358 3380
f 3365 3315 3314
f 3316 3279 3370
f 3282 3370 3279
f 3378 3284 3379
f 3380 3285 3378
f 3379 3278 3315
f 3276 3351 3291
f 3313 2965 3013
f 2965 3303 222
f 222 3300 223
f 223 3298 3186
f 3298 3185 3186
f 3297 2977 3185
f 3310 1213 2977
f 3307 1214 1213
f 2532 3306 3293
f 2894 3293 3292
f 2871 3292 3377
f 3253 3240 3242
f 1997 1889 1892
f 1237 744 855
f 1535 120 121
f 1531 201 214
f 1119 1032 984
f 946 824 947
f 163 5 162
f 3589 3723 3741
f 1155 1162 1164
f 427 327 424
f 553 796 498
f 3381 2231 2237
f 3381 2230 2232
f 2237 3180 3381
f 3383 3385 3382
f 3384 3387 3385
f 3386 3389 3387
f 3388 3391 3389
f 3392 3394 3395
f 3395 3396 3397
f 3398 3397 3396
f 3400 3399 3398
f 3403 3405 3402
f 3406 3404 3403
f 3408 3407 3406
f 3410 3409 3408
f 3412 3411 3410
f 3415 3398 3414
f 3414 3396 3416
f 3416 3394 3417
f 3417 3393 3418
f 3393 3420 3418
f 3419 3421 3420
f 3390 3422 3421
f 3388 3423 3422
f 3386 3424 3423
f 3384 3425 3424
f 3425 3426 3184
f 2904 3428 2947
f 3429 2904 2902
f 3430 2902 2876
f 2875 3430 2876
f 3432 2733 2736
f 2825 3435 2824
f 3437 3439 3436
f 3441 3436 3440
f 2724 3434 2825
f 3436 3115 3117
f 3440 3117 3119
f 3443 3414 3442
f 3442 3416 3444
f 3444 3417 3445
f 3445 3418 3446
f 3446 3420 3447
f 3420 3448 3447
f 3421 3449 3448
f 3422 3450 3449
f 3423 3451 3450
f 3424 3452 3451
f 3425 3056 3452
f 3451 2253 2252
f 3450 2252 1727
f 3449 1727 2150
f 3448 2150 1941
f 3453 3448 1941
f 3454 3447 3453
f 3455 3446 3454
f 3456 3445 3455
f 3442 3456 3457
f 3443 3457 3458
f 3459 3458 3457
f 3457 3455 3459
f 3459 3454 3461
f 3462 3459 3461
f 3461 3453 3463
f 3464 3461 3463
f 3463 1941 1360
f 3404 3401 3405
f 3407 3399 3404
f 3409 3397 3407
f 3411 3395 3409
f 3465 3413 3412
f 3467 3469 3466
f 3465 3431 3433
f 3470 3466 3465
f 3438 3432 3435
f 3467 3438 3437
f 3468 3437 3441
f 3471 3468 3472
f 3472 3441 3473
f 3473 3440 2712
f 2712 3119 3128
f 3475 3472 3474
f 3474 3473 3476
f 3476 2712 2711
f 3477 2711 2400
f 3478 3476 3477
f 3479 3474 3478
f 3392 3413 3480
f 3466 3480 3413
f 3419 3392 3480
f 3390 3480 3391
f 3469 3391 3480
f 3389 3471 3475
f 3387 3475 3479
f 3385 3479 3481
f 3482 2400 2402
f 3483 3477 3482
f 3481 3478 3483
f 3484 2402 2707
f 3058 2707 2708
f 3061 3484 3058
f 3485 3482 3484
f 3382 3481 3486
f 3486 3483 3485
f 3426 3382 3487
f 3487 3486 1962
f 3486 3061 1962
f 1961 3487 1962
f 3057 3426 3487
f 3428 3402 3488
f 3427 3403 3428
f 3429 3406 3427
f 3430 3408 3429
f 3431 3410 3430
f 3470 3433 3432
f 3434 3438 3435
f 2723 3439 3434
f 2875 3433 3431
f 2736 3435 3432
f 2947 3488 3500
f 3464 1360 3497
f 1900 1924 1901
f 1736 1718 1750
f 1955 1943 1956
f 1671 1735 1751
f 1696 1698 1692
f 1800 1864 1801
f 2063 2056 2060
f 1737 1717 1736
f 1751 1697 1695
f 943 3899 684
f 3656 3402 3605
f 1577 1764 1703
f 3917 1599 3923
f 1945 82 1944
f 68 7 248
f 147 1543 148
f 1109 1133 1102
f 1503 1907 1908
f 1499 1909 1498
f 452 735 215
f 1824 3835 3845
f 1825 2068 1824
f 1463 1022 1194
f 841 1009 1011
f 1568 1955 1534
f 1926 1927 1923
f 1910 1502 1939
f 1939 422 442
f 309 1940 308
f 1804 1866 1803
f 269 1954 56
f 2065 2060 2056
f 3812 1758 3835
f 280 552 1940
f 1875 1869 1874
f 1739 1734 1737
f 1778 1790 1788
f 310 1915 279
f 1909 1906 1954
f 1789 1778 1788
f 978 980 979
f 1584 1731 1583
f 425 311 312
f 148 115 116
f 2044 3894 2046
f 277 1939 551
f 1943 1945 1944
f 1461 1463 1464
f 2253 3056 3055
f 2981 3489 958
f 2209 3489 3055
f 2254 3055 3489
f 2998 958 3489
f 2826 2721 2724
f 3490 2721 2817
f 2816 3490 2817
f 2334 2296 2335
f 2298 2334 2336
f 2301 2336 2338
f 2311 2338 2354
f 2312 2354 2355
f 2359 2361 2360
f 2335 2359 2360
f 2414 2365 2364
f 2413 2361 2365
f 2355 2540 2541
f 2541 2539 2542
f 2722 2739 2738
f 3114 2738 3113
f 3110 3121 3120
f 3108 3120 3113
f 3122 3127 3126
f 3112 3126 3121
f 3127 1753 3135
f 3139 2529 2542
f 3744 3133 3139
f 3490 2740 2739
f 3491 2789 3490
f 228 91 88
f 245 243 242
f 248 247 191
f 2 296 295
f 145 300 267
f 327 210 328
f 329 331 330
f 250 228 236
f 239 240 230
f 373 375 374
f 178 176 175
f 1218 1228 1321
f 3862 1295 3854
f 808 824 823
f 3858 1013 1014
f 3813 1411 1413
f 2154 2159 2160
f 3845 1758 1757
f 306 1922 452
f 2157 1976 1977
f 708 2031 1474
f 1450 1227 1428
f 1672 1605 1624
f 1813 1821 1816
f 1717 1715 1718
f 176 402 347
f 1710 3916 3915
f 1712 1577 1711
f 1705 1711 1704
f 971 979 970
f 822 1094 1102
f 2909 2793 2792
f 2810 2795 2793
f 2799 2249 2800
f 3662 2910 2799
f 2769 2801 2795
f 3177 3178 3179
f 3178 3180 3179
f 3181 1393 2800
f 3181 1632 3182
f 3182 2244 3183
f 3183 2243 3180
f 3492 2790 3491
f 2808 3491 2816
f 2239 3572 2240
f 2202 3566 2015
f 2921 3565 2923
f 3568 2133 2928
f 1777 1759 1792
f 1201 1183 1184
f 3561 2195 2194
f 3553 2770 2768
f 3927 1687 1692
f 1516 154 503
f 3549 2974 2803
f 3550 2779 2778
f 3547 2775 2867
f 1376 1370 1372
f 2767 3556 2206
f 2195 3543 2767
f 2775 3542 2776
f 3377 3545 2871
f 3804 3539 2806
f 2776 3538 2805
f 2240 3535 2920
f 2920 3669 3619
f 3548 2786 2779
f 1805 1851 1804
f 3534 2787 2786
f 1957 320 510
f 306 304 303
f 2770 3528 2913
f 2913 3574 2239
f 2923 3527 2922
f 308 431 47
f 207 132 543
f 1879 1881 1880
f 3733 3525 2089
f 2476 3524 3523
f 3522 2803 2802
f 1959 450 505
f 2003 3520 2129
f 9 334 540
f 3877 673 3879
f 3515 2778 2784
f 2935 3513 2936
f 3510 2935 2938
f 683 3885 943
f 3508 2810 2909
f 736 732 729
f 1795 1803 1796
f 3505 2938 2939
f 3507 2939 2940
f 2950 3504 2949
f 2940 3504 3507
f 3801 3512 2950
f 2868 3502 2869
f 2869 3522 2802
f 1024 1023 1020
f 3500 2948 2947
f 551 442 443
f 2972 3568 2928
f 2032 3499 2972
f 216 1924 1923
f 203 201 200
f 1828 1847 1837
f 1958 449 450
f 272 178 175
f 2871 3495 1361
f 3619 3564 2921
f 2801 3643 3662
f 2005 3654 2176
f 960 899 962
f 3657 3612 3624
f 3780 3646 3151
f 3151 3593 2555
f 2193 3623 2194
f 3607 3145 3144
f 3603 2761 3145
f 3592 3144 3104
f 2926 3634 3103
f 3634 3104 3103
f 3755 3746 3753
f 566 3758 2005
f 3488 1864 3500
f 1602 2079 2078
f 2868 3611 2922
f 2922 3610 2923
f 2923 3618 2921
f 3670 2918 3614
f 3619 3614 2920
f 2921 3670 3619
f 2920 3586 2240
f 3613 2915 2918
f 2917 3622 3641
f 2916 3641 3642
f 2239 3652 2913
f 2911 3652 2757
f 3643 2911 2910
f 2797 3662 3591
f 2797 3598 2750
f 3622 2763 2765
f 3608 2764 2745
f 2194 3648 2221
f 2221 3649 2222
f 2756 3609 2755
f 2750 3609 2747
f 3669 1817 3827
f 3763 1691 1699
f 2515 3590 2548
f 2548 3593 2550
f 2513 3632 3616
f 2513 3621 2515
f 2509 3620 2289
f 2510 3633 2509
f 2289 3639 2283
f 2283 3617 2286
f 2240 3587 2239
f 3659 3624 3626
f 716 3887 3888
f 727 3761 1923
f 2165 2170 2164
f 3660 3626 3629
f 3743 3578 3757
f 2175 769 770
f 2100 2095 2099
f 3758 3757 3578
f 1653 3553 1651
f 746 3537 741
f 1653 3528 3576
f 3762 1604 1672
f 2093 2073 2078
f 959 995 884
f 962 919 986
f 1400 1398 1399
f 1000 1127 1004
f 956 884 885
f 1662 3550 1661
f 3926 3539 3802
f 3535 766 1817
f 3572 765 766
f 334 3571 335
f 1868 3540 1656
f 1684 1652 1678
f 1682 775 1807
f 1585 3762 1700
f 3763 1672 1673
f 2173 490 491
f 1658 3547 1752
f 3556 1650 724
f 1571 2010 1572
f 1587 3671 2080
f 2099 2077 2094
f 787 1999 786
f 2000 786 1999
f 3155 3697 3683
f 3713 3683 3789
f 2180 3685 3684
f 3496 3684 3705
f 1684 3840 1651
f 1760 3495 3545
f 2607 3693 2590
f 2581 3689 2607
f 2371 3700 3695
f 2371 3693 2372
f 2587 3675 2586
f 2586 3697 339
f 2497 3687 2503
f 2502 3687 3700
f 2494 3690 2495
f 3690 2472 2495
f 3688 2468 2472
f 3701 2469 2468
f 726 3892 630
f 1837 3510 1849
f 1299 3558 2034
f 1851 3504 1866
f 3527 1820 1819
f 580 3536 1895
f 1758 3522 3502
f 1693 3508 1806
f 3504 1867 1866
f 2126 3813 3841
f 3906 3841 3912
f 2113 3867 2110
f 2179 3789 3685
f 624 3904 623
f 2192 3788 3780
f 2177 3787 3733
f 1364 3833 1338
f 3858 1470 1453
f 3135 3775 3744
f 2069 3835 2068
f 1351 3853 1352
f 2108 3901 499
f 2089 3736 3733
f 3828 1358 866
f 2001 3783 2187
f 2187 3719 2091
f 2130 3752 2004
f 2004 3749 2001
f 2014 3779 2201
f 2201 3756 2130
f 3167 3759 2969
f 3168 3720 3167
f 3159 3764 3160
f 3160 3765 3081
f 3730 3158 337
f 3158 3709 3159
f 2200 3730 3722
f 3685 3742 2204
f 3722 2197 2200
f 3790 2092 3721
f 3774 3721 2197
f 3154 3790 3774
f 3155 3706 3154
f 2091 3721 2092
f 2196 3750 3776
f 2193 3776 3781
f 3604 3781 3788
f 2086 3780 3778
f 2087 3778 3777
f 2204 3751 2205
f 2205 3750 3148
f 3909 574 692
f 2124 3777 3760
f 2208 3760 3782
f 3711 3140 3137
f 3785 3138 3140
f 3745 3139 3138
f 3771 3136 2322
f 3712 3137 3136
f 3775 3131 3133
f 3767 3132 3131
f 1813 3838 1814
f 1293 3856 1344
f 2184 3748 3732
f 2181 3732 3734
f 3765 3079 3081
f 3768 3080 3079
f 709 3875 2031
f 2774 3737 3769
f 3809 766 765
f 2968 3766 2959
f 2969 3784 2968
f 2958 3737 2961
f 2132 3766 2960
f 2321 3771 3748
f 3860 1449 28
f 3905 582 710
f 3886 577 574
f 3847 1818 3827
f 705 3887 2121
f 3816 3907 698
f 2111 3911 2113
f 3810 1366 1411
f 1812 3822 1815
f 675 3852 674
f 3496 3851 675
f 2110 3868 2109
f 2104 3901 2106
f 2109 3899 944
f 3842 703 739
f 1680 3846 1684
f 1639 3819 3818
f 623 3906 697
f 2139 3866 3865
f 1808 3844 3837
f 3820 1819 1820
f 3872 3900 706
f 1646 3830 1648
f 3889 633 577
f 2139 3875 18
f 2156 3871 3874
f 674 3913 3869
f 2117 3812 2069
f 1815 3847 3823
f 3855 1444 1470
f 697 3912 3816
f 866 3836 3828
f 3864 2136 2135
f 3585 3726 3589
f 3583 3731 3585
f 3753 3738 3739
f 3740 3581 3743
f 1088 3746 1093
f 3739 3743 3753
f 2791 3493 2792
f 3492 2807 3493
f 2792 3494 2909
f 3493 2806 3494
f 3508 3494 3516
f 3516 2806 3539
f 2948 3791 3801
f 2105 3896 2104
f 3538 3804 2805
f 680 3876 683
f 1891 3910 3891
f 2905 3801 2950
f 2900 3799 2905
f 2901 3807 2877
f 2734 3806 3794
f 2877 3806 2878
f 2820 3794 2872
f 2818 3792 2827
f 2823 3792 2826
f 2822 3798 2821
f 2819 3800 3798
f 2817 3795 2816
f 2809 3795 2815
f 2808 3803 2807
f 2805 3803 2804
f 1702 3923 1599
f 3922 1797 1802
f 3915 1706 1709
f 3918 1692 1698
f 1657 3880 1879
f 1890 3895 3910
f 3772 1674 1675
f 1689 3772 3773
f 3926 3538 1688
f 3516 1689 3773
f 3917 1703 1764
f 1598 3928 1770
f 3880 1876 1879
f 1691 3925 3927
f 3925 1688 1687
f 1117 1118 3930
f 1066 1322 3930
f 1243 847 3930
f 3825 848 3930
f 1128 1117 3930
f 1129 1130 3930
f 841 1011 3930
f 1230 3863 3930
f 1242 1243 3930
f 1322 1229 3930
f 1064 1065 3930
f 1003 1128 3930
f 1229 1230 3930
f 3863 1285 3930
f 1285 1288 3930
f 848 839 3930
f 847 3825 3930
f 1118 1129 3930
f 1065 1066 3930
f 1087 1086 3930
f 1008 1002 3930
f 1011 1008 3930
f 1002 1003 3930
f 1076 1069 3930
f 838 841 3930
f 839 838 3930
f 1288 1242 3930
f 1130 1087 3930
f 1086 1076 3930
f 1069 1064 3930
f 2410 2414 3931
f 2411 2410 3931
f 3617 2285 3931
f 2394 2393 3931
f 2393 2396 3931
f 2281 2286 3931
f 2282 2280 3931
f 2398 2399 3931
f 2465 2464 3931
f 2396 2397 3931
f 2470 2469 3931
f 2399 2416 3931
f 2480 2395 3931
f 2459 2480 3931
f 2369 2282 3931
f 2460 2459 3931
f 2415 2411 3931
f 2416 2415 3931
f 2364 2363 3931
f 2286 3617 3931
f 2464 2470 3931
f 2469 3703 3931
f 2285 2465 3931
f 2414 2364 3931
f 2395 2394 3931
f 2363 2367 3931
f 2397 2398 3931
f 2280 2281 3931
f 3703 2460 3931
f 2367 2369 3931
f 3934 3937 3938
f 3934 3939 3935
f 3932 3937 3933
f 3938 3943 3939
f 3937 3940 3941
f 3937 3942 3938
f 3942 3947 3943
f 3941 3944 3945
f 3942 3945 3946
f 3947 3950 3951
f 3944 3949 3945
f 3945 3950 3946
f 3950 3955 3951
f 3949 3952 3953
f 3950 3953 3954
f 3955 3958 3959
f 3953 3956 3957
f 3953 3958 3954
f 3959 3962 3963
f 3957 3960 3961
f 3958 3961 3962
f 3962 3967 3963
f 3960 3965 3961
f 3961 3966 3962
f 3966 3971 3967
f 3965 3968 3969
f 3966 3969 3970
f 3970 3975 3971
f 3968 3973 3969
f 3969 3974 3970
f 3974 3979 3975
f 3973 3976 3977
f 3974 3977 3978
f 3979 3982 3983
f 3976 3981 3977
f 3977 3982 3978
f 3982 3987 3983
f 3981 3984 3985
f 3982 3985 3986
f 3987 3990 3991
f 3984 3989 3985
f 3985 3990 3986
f 3991 3994 3995
f 3989 3992 3993
f 3990 3993 3994
f 3995 3998 3999
f 3992 3997 3993
f 3993 3998 3994
f 3998 4003 3999
f 3997 4000 4001
f 3998 4001 4002
f 4002 4007 4003
f 4000 4005 4001
f 4001 4006 4002
f 4006 4011 4007
f 4005 4008 4009
f 4006 4009 4010
f 4011 4014 4015
f 4008 4013 4009
f 4009 4014 4010
f 4014 4019 4015
f 4013 4016 4017
f 4014 4017 4018
f 4019 4022 4023
f 4016 4021 4017
f 4017 4022 4018
f 4023 4026 4027
f 4021 4024 4025
f 4022 4025 4026
f 4027 4030 4031
f 4024 4029 4025
f 4025 4030 4026
f 4031 4034 4035
f 4029 4032 4033
f 4030 4033 4034
f 4034 4039 4035
f 4032 4037 4033
f 4033 4038 4034
f 4038 4043 4039
f 4037 4040 4041
f 4038 4041 4042
f 4043 4046 4047
f 4040 4045 4041
f 4041 4046 4042
f 4046 4051 4047
f 4045 4048 4049
f 4046 4049 4050
f 4051 4055 4056
f 4048 4054 4049
f 4049 4055 4050
f 4056 4059 4060
f 4053 4058 4054
f 4055 4058 4059
f 3932 4052 3936
f 3936 4052 3940
f 3940 4052 3944
f 3944 4052 3948
f 3948 4052 3952
f 3952 4052 3956
f 3956 4052 3960
f 3960 4052 3964
f 3964 4052 3968
f 3968 4052 3972
f 3972 4052 3976
f 3976 4052 3980
f 3980 4052 3984
f 3984 4052 3988
f 3988 4052 3992
f 3992 4052 3996
f 3996 4052 4000
f 4000 4052 4004
f 4004 4052 4008
f 4008 4052 4012
f 4012 4052 4016
f 4016 4052 4020
f 4020 4052 4024
f 4024 4052 4028
f 4028 4052 4032
f 4032 4052 4036
f 4036 4052 4040
f 4040 4052 4044
f 4044 4052 4048
f 4048 4052 4053
f 4053 4052 4057
f 4060 3934 3935
f 4058 3932 3933
f 4058 3934 4059
f 4057 4052 3932
f 4069 4081 4082
f 4065 4077 4078
f 4063 4075 4076
f 4071 4085 4072
f 4069 4083 4070
f 4067 4081 4068
f 4063 4077 4064
f 4061 4075 4062
f 4072 4086 4073
f 4071 4083 4084
f 4076 4090 4077
f 4074 4088 4075
f 4086 4098 4099
f 4083 4097 4084
f 4082 4094 4095
f 4079 4093 4080
f 4078 4090 4091
f 4076 4088 4089
f 4085 4097 4098
f 4082 4096 4083
f 4080 4094 4081
f 4089 4103 4090
f 4088 4100 4101
f 4098 4112 4099
f 4096 4110 4097
f 4095 4107 4108
f 4090 4104 4091
f 4089 4101 4102
f 4097 4111 4098
f 4095 4109 4096
f 4094 4106 4107
f 4092 4104 4105
f 4103 4115 4116
f 4100 4114 4101
f 4112 4124 4125
f 4110 4122 4123
f 4107 4121 4108
f 4103 4117 4104
f 4101 4115 4102
f 4110 4124 4111
f 4109 4121 4122
f 4107 4119 4120
f 4105 4117 4118
f 4115 4129 4116
f 4114 4126 4127
f 4124 4138 4125
f 4123 4135 4136
f 4120 4134 4121
f 4117 4129 4130
f 4114 4128 4115
f 4124 4136 4137
f 4122 4134 4135
f 4119 4133 4120
f 4117 4131 4118
f 4129 4141 4142
f 4126 4140 4127
f 4138 4150 4151
f 4136 4148 4149
f 4133 4147 4134
f 4130 4142 4143
f 4127 4141 4128
f 4137 4149 4150
f 4135 4147 4148
f 4132 4146 4133
f 4131 4143 4144
f 4142 4154 4155
f 4140 4152 4153
f 4150 4164 4151
f 4149 4161 4162
f 4146 4160 4147
f 4142 4156 4143
f 4140 4154 4141
f 4149 4163 4150
f 4148 4160 4161
f 4146 4158 4159
f 4155 4167 4168
f 4153 4165 4166
f 4163 4177 4164
f 4161 4175 4162
f 4159 4173 4160
f 4155 4169 4156
f 4153 4167 4154
f 4163 4175 4176
f 4161 4173 4174
f 4159 4171 4172
f 4167 4181 4168
f 4165 4179 4166
f 4176 4190 4177
f 4175 4187 4188
f 4173 4185 4186
f 4169 4181 4182
f 4167 4179 4180
f 4175 4189 4176
f 4173 4187 4174
f 4171 4185 4172
f 4170 4182 4183
f 4180 4194 4181
f 4178 4192 4179
f 4190 4202 4203
f 4187 4201 4188
f 4186 4198 4199
f 4182 4194 4195
f 4180 4192 4193
f 4189 4201 4202
f 4186 4200 4187
f 4184 4198 4185
f 4193 4207 4194
f 4192 4204 4205
f 4202 4216 4203
f 4200 4214 4201
f 4199 4211 4212
f 4196 4210 4197
f 4194 4208 4195
f 4193 4205 4206
f 4201 4215 4202
f 4199 4213 4200
f 4198 4210 4211
f 4207 4219 4220
f 4204 4218 4205
f 4216 4228 4229
f 4213 4227 4214
f 4211 4225 4212
f 4209 4223 4210
f 4207 4221 4208
f 4205 4219 4206
f 4214 4228 4215
f 4213 4225 4226
f 4211 4223 4224
f 4219 4233 4220
f 4218 4230 4231
f 4228 4242 4229
f 4226 4240 4227
f 4225 4237 4238
f 4221 4233 4234
f 4218 4232 4219
f 4228 4240 4241
f 4226 4238 4239
f 4223 4237 4224
f 4233 4245 4246
f 4230 4244 4231
f 4242 4254 4255
f 4240 4252 4253
f 4237 4251 4238
f 4234 4246 4247
f 4231 4245 4232
f 4241 4253 4254
f 4239 4251 4252
f 4236 4250 4237
f 4246 4258 4259
f 4244 4256 4257
f 4254 4268 4255
f 4253 4265 4266
f 4250 4264 4251
f 4248 4262 4249
f 4246 4260 4247
f 4244 4258 4245
f 4253 4267 4254
f 4252 4264 4265
f 4250 4262 4263
f 4259 4271 4272
f 4257 4269 4270
f 4267 4281 4268
f 4265 4279 4266
f 4263 4277 4264
f 4259 4273 4260
f 4257 4271 4258
f 4266 4280 4267
f 4265 4277 4278
f 4263 4275 4276
f 4260 4274 4261
f 4271 4285 4272
f 4269 4283 4270
f 4281 4293 4294
f 4279 4291 4292
f 4277 4289 4290
f 4273 4285 4286
f 4271 4283 4284
f 4280 4292 4293
f 4277 4291 4278
f 4275 4289 4276
f 4284 4298 4285
f 4282 4296 4283
f 4294 4306 4307
f 4291 4305 4292
f 4290 4302 4303
f 4287 4301 4288
f 4286 4298 4299
f 4284 4296 4297
f 4293 4305 4306
f 4290 4304 4291
f 4288 4302 4289
f 4297 4311 4298
f 4296 4308 4309
f 4306 4320 4307
f 4304 4318 4305
f 4303 4315 4316
f 4298 4312 4299
f 4297 4309 4310
f 4305 4319 4306
f 4304 4316 4317
f 4302 4314 4315
f 4310 4324 4311
f 4308 4322 4309
f 4320 4332 4333
f 4318 4330 4331
f 4316 4328 4329
f 4313 4327 4314
f 4311 4325 4312
f 4310 4322 4323
f 4318 4332 4319
f 4316 4330 4317
f 4315 4327 4328
f 4323 4337 4324
f 4322 4334 4335
f 4332 4346 4333
f 4330 4344 4331
f 4329 4341 4342
f 4325 4337 4338
f 4322 4336 4323
f 4332 4344 4345
f 4330 4342 4343
f 4327 4341 4328
f 4337 4350 4351
f 4334 4349 4335
f 4346 4359 4360
f 4344 4357 4358
f 4341 4356 4342
f 4338 4351 4352
f 4335 4350 4336
f 4345 4358 4359
f 4343 4356 4357
f 4340 4355 4341
f 4338 4353 4339
f 4351 4363 4364
f 4349 4361 4362
f 4359 4373 4360
f 4358 4370 4371
f 4355 4369 4356
f 4354 4366 4367
f 4351 4365 4352
f 4349 4363 4350
f 4358 4372 4359
f 4357 4369 4370
f 4355 4367 4368
f 4364 4376 4377
f 4362 4374 4375
f 4373 4385 4386
f 4370 4384 4371
f 4368 4382 4369
f 4367 4379 4380
f 4364 4378 4365
f 4362 4376 4363
f 4372 4384 4385
f 4370 4382 4383
f 4368 4380 4381
f 4376 4390 4377
f 4374 4388 4375
f 4385 4399 4386
f 4384 4396 4397
f 4382 4394 4395
f 4379 4393 4380
f 4378 4390 4391
f 4376 4388 4389
f 4384 4398 4385
f 4382 4396 4383
f 4380 4394 4381
f 4389 4403 4390
f 4387 4401 4388
f 4399 4411 4412
f 4396 4410 4397
f 4395 4407 4408
f 4391 4403 4404
f 4389 4401 4402
f 4398 4410 4411
f 4395 4409 4396
f 4393 4407 4394
f 4391 4405 4392
f 4402 4416 4403
f 4401 4413 4414
f 4411 4425 4412
f 4409 4423 4410
f 4408 4420 4421
f 4406 4418 4419
f 4403 4417 4404
f 4402 4414 4415
f 4410 4424 4411
f 4408 4422 4409
f 4407 4419 4420
f 4416 4428 4429
f 4413 4427 4414
f 4425 4437 4438
f 4423 4435 4436
f 4421 4433 4434
f 4418 4432 4419
f 4416 4430 4417
f 4415 4427 4428
f 4423 4437 4424
f 4421 4435 4422
f 4420 4432 4433
f 4428 4442 4429
f 4426 4440 4427
f 4437 4451 4438
f 4435 4449 4436
f 4434 4446 4447
f 4430 4442 4443
f 4427 4441 4428
f 4437 4449 4450
f 4435 4447 4448
f 4432 4446 4433
f 4430 4444 4431
f 4442 4454 4455
f 4439 4453 4440
f 4451 4463 4464
f 4449 4461 4462
f 4446 4460 4447
f 4443 4455 4456
f 4440 4454 4441
f 4450 4462 4463
f 4447 4461 4448
f 4445 4459 4446
f 4455 4467 4468
f 4453 4465 4466
f 4463 4477 4464
f 4462 4474 4475
f 4459 4473 4460
f 4457 4471 4458
f 4455 4469 4456
f 4453 4467 4454
f 4462 4476 4463
f 4461 4473 4474
f 4459 4471 4472
f 4347 4073 4086
f 4347 4086 4099
f 4347 4099 4112
f 4347 4112 4125
f 4347 4125 4138
f 4347 4138 4151
f 4347 4151 4164
f 4347 4164 4177
f 4347 4177 4190
f 4347 4190 4203
f 4347 4203 4216
f 4347 4216 4229
f 4347 4229 4242
f 4347 4242 4255
f 4347 4255 4268
f 4347 4268 4281
f 4347 4281 4294
f 4347 4294 4307
f 4347 4307 4320
f 4347 4320 4333
f 4347 4333 4346
f 4347 4346 4360
f 4347 4360 4373
f 4347 4373 4386
f 4347 4386 4399
f 4347 4399 4412
f 4347 4412 4425
f 4347 4425 4438
f 4347 4438 4451
f 4347 4451 4464
f 4347 4464 4477
f 4468 4063 4064
f 4466 4061 4062
f 4477 4072 4073
f 4474 4071 4475
f 4472 4069 4473
f 4468 4065 4469
f 4466 4063 4467
f 4347 4477 4073
f 4476 4071 4072
f 4474 4069 4070
f 4472 4067 4068
f 3935 4465 4060
f 4465 4056 4060
f 4452 4051 4056
f 4439 4047 4051
f 4047 4413 4043
f 4043 4400 4039
f 4039 4387 4035
f 4387 4031 4035
f 4031 4361 4027
f 4361 4023 4027
f 4348 4019 4023
f 4334 4015 4019
f 4015 4308 4011
f 4011 4295 4007
f 4007 4282 4003
f 4282 3999 4003
f 3999 4256 3995
f 4256 3991 3995
f 4243 3987 3991
f 4230 3983 3987
f 3983 4204 3979
f 3979 4191 3975
f 3975 4178 3971
f 4178 3967 3971
f 3967 4152 3963
f 4152 3959 3963
f 4139 3955 3959
f 4126 3951 3955
f 3951 4100 3947
f 3947 4087 3943
f 3943 4074 3939
f 4074 3935 3939
f 4480 4483 4484
f 4480 4485 4481
f 4479 4482 4483
f 4484 4489 4485
f 4482 4487 4483
f 4483 4488 4484
f 4488 4493 4489
f 4487 4490 4491
f 4488 4491 4492
f 4493 4496 4497
f 4490 4495 4491
f 4491 4496 4492
f 4496 4501 4497
f 4495 4498 4499
f 4496 4499 4500
f 4501 4504 4505
f 4498 4503 4499
f 4499 4504 4500
f 4505 4508 4509
f 4503 4506 4507
f 4504 4507 4508
f 4509 4512 4513
f 4506 4511 4507
f 4507 4512 4508
f 4513 4516 4517
f 4511 4514 4515
f 4512 4515 4516
f 4516 4521 4517
f 4514 4519 4515
f 4515 4520 4516
f 4520 4525 4521
f 4518 4523 4519
f 4520 4523 4524
f 4525 4528 4529
f 4522 4527 4523
f 4523 4528 4524
f 4528 4533 4529
f 4527 4530 4531
f 4528 4531 4532
f 4533 4536 4537
f 4530 4535 4531
f 4531 4536 4532
f 4537 4540 4541
f 4534 4539 4535
f 4536 4539 4540
f 4541 4544 4545
f 4539 4542 4543
f 4539 4544 4540
f 4544 4549 4545
f 4542 4547 4543
f 4544 4547 4548
f 4548 4553 4549
f 4547 4550 4551
f 4547 4552 4548
f 4552 4557 4553
f 4551 4554 4555
f 4552 4555 4556
f 4557 4560 4561
f 4554 4559 4555
f 4555 4560 4556
f 4560 4565 4561
f 4559 4562 4563
f 4560 4563 4564
f 4565 4568 4569
f 4562 4567 4563
f 4563 4568 4564
f 4569 4572 4573
f 4567 4570 4571
f 4568 4571 4572
f 4572 4577 4573
f 4570 4575 4571
f 4571 4576 4572
f 4576 4581 4577
f 4575 4578 4579
f 4576 4579 4580
f 4580 4585 4581
f 4578 4583 4579
f 4579 4584 4580
f 4584 4589 4585
f 4583 4586 4587
f 4584 4587 4588
f 4589 4592 4593
f 4586 4591 4587
f 4587 4592 4588
f 4592 4597 4593
f 4591 4594 4595
f 4592 4595 4596
f 4597 4601 4602
f 4594 4600 4595
f 4595 4601 4596
f 4602 4605 4606
f 4600 4603 4604
f 4601 4604 4605
f 4478 4598 4482
f 4482 4598 4486
f 4486 4598 4490
f 4490 4598 4494
f 4494 4598 4498
f 4498 4598 4502
f 4502 4598 4506
f 4506 4598 4510
f 4510 4598 4514
f 4514 4598 4518
f 4518 4598 4522
f 4522 4598 4526
f 4526 4598 4530
f 4530 4598 4534
f 4534 4598 4538
f 4538 4598 4542
f 4542 4598 4546
f 4546 4598 4550
f 4550 4598 4554
f 4554 4598 4558
f 4558 4598 4562
f 4562 4598 4566
f 4566 4598 4570
f 4570 4598 4574
f 4574 4598 4578
f 4578 4598 4582
f 4582 4598 4586
f 4586 4598 4590
f 4590 4598 4594
f 4594 4598 4599
f 4599 4598 4603
f 4606 4480 4481
f 4603 4479 4604
f 4604 4480 4605
f 4603 4598 4478
f 4615 4627 4628
f 4612 4626 4613
f 4611 4623 4624
f 4609 4621 4622
f 4618 4630 4631
f 4615 4629 4616
f 4613 4627 4614
f 4609 4623 4610
f 4607 4621 4608
f 4619 4631 4632
f 4617 4629 4630
f 4622 4636 4623
f 4620 4634 4621
f 4632 4644 4645
f 4629 4643 4630
f 4628 4640 4641
f 4626 4638 4639
f 4624 4636 4637
f 4622 4634 4635
f 4631 4643 4644
f 4628 4642 4629
f 4626 4640 4627
f 4635 4649 4636
f 4634 4646 4647
f 4644 4658 4645
f 4642 4656 4643
f 4641 4653 4654
f 4636 4650 4637
f 4635 4647 4648
f 4643 4657 4644
f 4642 4654 4655
f 4640 4652 4653
f 4648 4662 4649
f 4646 4660 4647
f 4658 4670 4671
f 4656 4668 4669
f 4653 4667 4654
f 4649 4663 4650
f 4648 4660 4661
f 4656 4670 4657
f 4654 4668 4655
f 4653 4665 4666
f 4651 4663 4664
f 4661 4675 4662
f 4660 4672 4673
f 4670 4684 4671
f 4668 4682 4669
f 4667 4679 4680
f 4665 4677 4678
f 4663 4675 4676
f 4661 4673 4674
f 4670 4682 4683
f 4667 4681 4668
f 4665 4679 4666
f 4675 4687 4688
f 4672 4686 4673
f 4684 4696 4697
f 4682 4694 4695
f 4679 4693 4680
f 4678 4690 4691
f 4676 4688 4689
f 4673 4687 4674
f 4683 4695 4696
f 4681 4693 4694
f 4678 4692 4679
f 4688 4700 4701
f 4686 4698 4699
f 4696 4710 4697
f 4695 4707 4708
f 4692 4706 4693
f 4688 4702 4689
f 4686 4700 4687
f 4695 4709 4696
f 4694 4706 4707
f 4692 4704 4705
f 4701 4713 4714
f 4699 4711 4712
f 4710 4722 4723
f 4707 4721 4708
f 4705 4719 4706
f 4704 4716 4717
f 4701 4715 4702
f 4699 4713 4700
f 4709 4721 4722
f 4707 4719 4720
f 4705 4717 4718
f 4713 4727 4714
f 4711 4725 4712
f 4723 4735 4736
f 4721 4733 4734
f 4719 4731 4732
f 4716 4730 4717
f 4715 4727 4728
f 4713 4725 4726
f 4721 4735 4722
f 4719 4733 4720
f 4717 4731 4718
f 4726 4740 4727
f 4724 4738 4725
f 4736 4748 4749
f 4733 4747 4734
f 4732 4744 4745
f 4728 4740 4741
f 4726 4738 4739
f 4735 4747 4748
f 4732 4746 4733
f 4730 4744 4731
f 4739 4753 4740
f 4738 4750 4751
f 4748 4762 4749
f 4746 4760 4747
f 4745 4757 4758
f 4743 4755 4756
f 4740 4754 4741
f 4739 4751 4752
f 4747 4761 4748
f 4745 4759 4746
f 4744 4756 4757
f 4753 4765 4766
f 4750 4764 4751
f 4762 4774 4775
f 4759 4773 4760
f 4758 4770 4771
f 4755 4769 4756
f 4753 4767 4754
f 4752 4764 4765
f 4760 4774 4761
f 4758 4772 4759
f 4757 4769 4770
f 4765 4779 4766
f 4764 4776 4777
f 4774 4788 4775
f 4772 4786 4773
f 4771 4783 4784
f 4769 4781 4782
f 4767 4779 4780
f 4765 4777 4778
f 4774 4786 4787
f 4771 4785 4772
f 4769 4783 4770
f 4779 4791 4792
f 4776 4790 4777
f 4788 4800 4801
f 4786 4798 4799
f 4783 4797 4784
f 4782 4794 4795
f 4780 4792 4793
f 4777 4791 4778
f 4787 4799 4800
f 4785 4797 4798
f 4782 4796 4783
f 4792 4804 4805
f 4790 4802 4803
f 4800 4814 4801
f 4799 4811 4812
f 4796 4810 4797
f 4795 4807 4808
f 4792 4806 4793
f 4790 4804 4791
f 4799 4813 4800
f 4798 4810 4811
f 4796 4808 4809
f 4805 4817 4818
f 4803 4815 4816
f 4814 4826 4827
f 4811 4825 4812
f 4809 4823 4810
f 4808 4820 4821
f 4805 4819 4806
f 4803 4817 4804
f 4813 4825 4826
f 4811 4823 4824
f 4809 4821 4822
f 4817 4831 4818
f 4815 4829 4816
f 4826 4840 4827
f 4825 4837 4838
f 4823 4835 4836
f 4820 4834 4821
f 4819 4831 4832
f 4817 4829 4830
f 4825 4839 4826
f 4823 4837 4824
f 4821 4835 4822
f 4830 4844 4831
f 4828 4842 4829
f 4840 4852 4853
f 4837 4851 4838
f 4836 4848 4849
f 4832 4844 4845
f 4830 4842 4843
f 4839 4851 4852
f 4836 4850 4837
f 4834 4848 4835
f 4843 4857 4844
f 4842 4854 4855
f 4852 4866 4853
f 4850 4864 4851
f 4849 4861 4862
f 4844 4858 4845
f 4843 4855 4856
f 4851 4865 4852
f 4849 4863 4850
f 4848 4860 4861
f 4845 4859 4846
f 4857 4869 4870
f 4855 4867 4868
f 4866 4878 4879
f 4864 4876 4877
f 4862 4874 4875
f 4857 4871 4858
f 4856 4868 4869
f 4864 4878 4865
f 4862 4876 4863
f 4861 4873 4874
f 4869 4883 4870
f 4868 4880 4881
f 4878 4892 4879
f 4877 4889 4890
f 4874 4888 4875
f 4871 4883 4884
f 4868 4882 4869
f 4878 4890 4891
f 4876 4888 4889
f 4873 4887 4874
f 4883 4896 4897
f 4880 4895 4881
f 4892 4905 4906
f 4890 4903 4904
f 4887 4902 4888
f 4884 4897 4898
f 4881 4896 4882
f 4891 4904 4905
f 4889 4902 4903
f 4886 4901 4887
f 4885 4898 4899
f 4897 4909 4910
f 4895 4907 4908
f 4905 4919 4906
f 4904 4916 4917
f 4901 4915 4902
f 4897 4911 4898
f 4895 4909 4896
f 4904 4918 4905
f 4903 4915 4916
f 4901 4913 4914
f 4899 4911 4912
f 4910 4922 4923
f 4908 4920 4921
f 4919 4931 4932
f 4916 4930 4917
f 4914 4928 4915
f 4910 4924 4911
f 4908 4922 4909
f 4918 4930 4931
f 4916 4928 4929
f 4914 4926 4927
f 4911 4925 4912
f 4922 4936 4923
f 4920 4934 4921
f 4931 4945 4932
f 4930 4942 4943
f 4928 4940 4941
f 4924 4936 4937
f 4922 4934 4935
f 4930 4944 4931
f 4928 4942 4929
f 4926 4940 4927
f 4935 4949 4936
f 4933 4947 4934
f 4945 4957 4958
f 4942 4956 4943
f 4941 4953 4954
f 4938 4952 4939
f 4937 4949 4950
f 4935 4947 4948
f 4944 4956 4957
f 4941 4955 4942
f 4939 4953 4940
f 4948 4962 4949
f 4947 4959 4960
f 4957 4971 4958
f 4955 4969 4956
f 4954 4966 4967
f 4949 4963 4950
f 4948 4960 4961
f 4956 4970 4957
f 4954 4968 4955
f 4953 4965 4966
f 4962 4974 4975
f 4959 4973 4960
f 4971 4983 4984
f 4968 4982 4969
f 4966 4980 4967
f 4964 4978 4965
f 4962 4976 4963
f 4960 4974 4961
f 4969 4983 4970
f 4967 4981 4968
f 4966 4978 4979
f 4975 4987 4988
f 4973 4985 4986
f 4983 4997 4984
f 4981 4995 4982
f 4979 4993 4980
f 4978 4990 4991
f 4976 4988 4989
f 4973 4987 4974
f 4983 4995 4996
f 4981 4993 4994
f 4978 4992 4979
f 4988 5000 5001
f 4985 4999 4986
f 4997 5009 5010
f 4995 5007 5008
f 4992 5006 4993
f 4989 5001 5002
f 4986 5000 4987
f 4996 5008 5009
f 4994 5006 5007
f 4991 5005 4992
f 5001 5013 5014
f 4999 5011 5012
f 5009 5023 5010
f 5008 5020 5021
f 5005 5019 5006
f 5001 5015 5002
f 4999 5013 5000
f 5008 5022 5009
f 5007 5019 5020
f 5005 5017 5018
f 5002 5016 5003
f 4893 4619 4632
f 4893 4632 4645
f 4893 4645 4658
f 4893 4658 4671
f 4893 4671 4684
f 4893 4684 4697
f 4893 4697 4710
f 4893 4710 4723
f 4893 4723 4736
f 4893 4736 4749
f 4893 4749 4762
f 4893 4762 4775
f 4893 4775 4788
f 4893 4788 4801
f 4893 4801 4814
f 4893 4814 4827
f 4893 4827 4840
f 4893 4840 4853
f 4893 4853 4866
f 4893 4866 4879
f 4893 4879 4892
f 4893 4892 4906
f 4893 4906 4919
f 4893 4919 4932
f 4893 4932 4945
f 4893 4945 4958
f 4893 4958 4971
f 4893 4971 4984
f 4893 4984 4997
f 4893 4997 5010
f 4893 5010 5023
f 5014 4609 4610
f 5012 4607 4608
f 5022 4619 5023
f 5020 4617 5021
f 5018 4615 5019
f 5017 4612 4613
f 5014 4611 5015
f 5012 4609 5013
f 4893 5023 4619
f 5021 4618 5022
f 5020 4615 4616
f 5018 4613 4614
f 4481 5011 4606
f 5011 4602 4606
f 4998 4597 4602
f 4985 4593 4597
f 4593 4959 4589
f 4589 4946 4585
f 4585 4933 4581
f 4933 4577 4581
f 4577 4907 4573
f 4907 4569 4573
f 4894 4565 4569
f 4880 4561 4565
f 4561 4854 4557
f 4557 4841 4553
f 4553 4828 4549
f 4828 4545 4549
f 4545 4802 4541
f 4802 4537 4541
f 4789 4533 4537
f 4776 4529 4533
f 4529 4750 4525
f 4525 4737 4521
f 4521 4724 4517
f 4724 4513 4517
f 4513 4698 4509
f 4698 4505 4509
f 4685 4501 4505
f 4672 4497 4501
f 4497 4646 4493
f 4493 4633 4489
f 4489 4620 4485
f 4620 4481 4485
f 4 3 2
f 8 7 6
f 13 16 15
f 17 28 19
f 32 31 30
f 36 35 34
f 37 40 39
f 21 22 23
f 25 26 27
f 41 44 43
f 48 47 46
f 52 51 50
f 53 56 55
f 60 59 58
f 29 30 62
f 66 65 64
f 67 5 6
f 72 71 70
f 76 75 74
f 77 80 79
f 81 84 83
f 59 87 86
f 88 91 90
f 96 95 94
f 100 99 98
f 101 104 103
f 106 105 34
f 108 116 115
f 117 119 36
f 124 127 126
f 131 130 129
f 132 102 134
f 142 141 140
f 148 106 60
f 144 143 127
f 149 152 151
f 156 155 154
f 159 150 158
f 116 108 164
f 171 170 169
f 174 126 173
f 179 182 181
f 186 189 188
f 194 197 196
f 199 142 139
f 206 209 208
f 213 212 211
f 202 215 214
f 96 93 216
f 92 238 43
f 97 184 246
f 250 249 229
f 252 254 58
f 258 257 256
f 260 91 229
f 110 111 112
f 114 264 263
f 265 268 267
f 56 53 270
f 274 273 249
f 185 183 63
f 280 279 278
f 285 284 283
f 288 219 211
f 141 142 92
f 289 290 175
f 148 116 105
f 312 311 170
f 238 262 42
f 318 163 160
f 310 309 308
f 241 239 325
f 160 230 240
f 47 48 307
f 108 109 315
f 345 85 86
f 348 351 350
f 356 359 358
f 355 354 353
f 363 31 32
f 364 252 253
f 366 125 368
f 183 372 371
f 163 162 161
f 209 226 101
f 378 377 165
f 379 295 381
f 383 382 3
f 284 285 386
f 387 127 389
f 391 259 229
f 73 281 397
f 405 408 407
f 203 218 411
f 414 121 413
f 1 356 357
f 277 276 131
f 254 344 57
f 358 384 415
f 417 416 386
f 401 400 192
f 419 389 127
f 421 181 182
f 103 301 302
f 428 367 368
f 380 390 359
f 62 204 266
f 140 141 431
f 357 358 351
f 356 1 379
f 415 392 403
f 437 428 436
f 438 441 440
f 188 451 450
f 265 455 181
f 224 185 64
f 237 212 213
f 275 131 128
f 281 282 460
f 50 462 79
f 73 74 282
f 468 467 466
f 390 355 352
f 482 485 484
f 489 488 487
f 493 496 495
f 472 471 470
f 502 501 500
f 220 221 222
f 512 419 143
f 518 517 511
f 513 239 230
f 205 30 31
f 189 370 451
f 163 318 532
f 533 224 225
f 446 448 447
f 335 541 540
f 544 512 546
f 329 519 291
f 199 534 262
f 385 386 416
f 532 190 191
f 363 117 118
f 578 581 580
f 573 572 571
f 561 563 562
f 241 260 259
f 590 593 592
f 545 546 595
f 503 154 155
f 606 625 624
f 478 481 480
f 646 649 648
f 590 591 689
f 564 565 651
f 728 246 184
f 714 724 716
f 692 574 575
f 541 335 581
f 346 68 248
f 161 231 230
f 128 129 94
f 698 705 704
f 574 577 576
f 290 289 401
f 630 631 725
f 733 736 735
f 755 466 496
f 759 480 481
f 757 763 762
f 764 496 466
f 768 767 3808
f 759 760 488
f 492 474 475
f 474 770 769
f 773 468 465
f 771 774 486
f 484 485 775
f 774 776 489
f 495 496 764
f 495 757 761
f 137 397 784
f 325 239 797
f 165 519 51
f 369 32 29
f 730 731 568
f 90 302 301
f 243 118 516
f 800 734 806
f 817 815 808
f 816 808 823
f 306 303 447
f 815 810 809
f 829 830 828
f 726 725 501
f 274 427 424
f 879 882 881
f 884 883 879
f 219 218 217
f 906 905 904
f 455 204 205
f 898 882 830
f 903 900 880
f 377 291 519
f 923 949 948
f 946 947 951
f 3519 740 739
f 900 899 886
f 225 64 65
f 182 445 442
f 809 952 947
f 954 960 962
f 927 950 965
f 885 879 880
f 925 927 966
f 343 342 341
f 965 964 971
f 968 971 970
f 972 968 969
f 963 961 981
f 336 337 338
f 992 993 827
f 810 815 996
f 1007 1001 1002
f 1012 826 827
f 1011 1009 1007
f 294 293 292
f 907 908 920
f 1017 579 1019
f 1020 1023 1022
f 1035 1024 1020
f 1061 1060 1047
f 1063 1061 1046
f 1044 1020 1021
f 1102 1094 1097
f 1116 1126 1118
f 1016 1015 1014
f 881 897 904
f 816 1116 1127
f 1094 948 949
f 514 342 167
f 146 145 81
f 1133 1135 1130
f 1102 1133 1126
f 822 1126 1116
f 1145 1143 1148
f 1076 1144 1151
f 1148 1143 1086
f 1109 1097 1114
f 1154 1153 1156
f 1153 925 967
f 3464 3497 463
f 1144 1147 1152
f 1156 967 1163
f 1164 1162 1169
f 1145 1171 1176
f 1114 1115 1154
f 1183 1155 1164
f 1184 1183 1177
f 1069 1151 1062
f 1023 1191 1194
f 1162 1163 1170
f 1195 1184 1185
f 1183 1196 1176
f 1201 1063 1152
f 1061 1063 1201
f 3825 847 843
f 1203 1202 1195
f 1202 1201 1184
f 1218 1060 1203
f 1060 1061 1202
f 1225 1218 1217
f 671 695 694
f 1219 1217 1024
f 1217 1203 1034
f 1226 1014 1015
f 1243 1242 1234
f 1231 1230 1229
f 847 1243 1233
f 843 1233 1244
f 1233 1234 1245
f 1923 3761 233
f 2100 2108 499
f 3914 3864 2135
f 61 62 323
f 210 211 217
f 1299 1310 1309
f 3863 1230 1231
f 1066 1047 1321
f 1322 1321 1228
f 1060 1218 1321
f 1325 1324 1323
f 1244 1245 1332
f 1290 1234 1242
f 1337 1330 1339
f 1330 1332 1340
f 1341 1332 1245
f 1342 1340 1332
f 1343 1342 1341
f 1344 1341 1294
f 3857 3856 1345
f 1347 1348 1342
f 3856 3854 1295
f 1349 1350 1348
f 3861 1349 1347
f 3853 1347 1343
f 906 898 829
f 905 906 1353
f 865 1356 1355
f 1355 1353 829
f 1357 1355 825
f 1356 1354 1353
f 3834 1337 1338
f 866 1358 1356
f 1358 1359 1354
f 3828 878 1337
f 838 1362 1012
f 1363 1364 1338
f 1368 1363 1339
f 1348 1368 1340
f 1371 1369 3824
f 524 525 526
f 528 529 530
f 1372 1370 1369
f 535 536 537
f 1367 1368 1348
f 1370 1354 1359
f 1369 1359 3833
f 1373 910 903
f 555 556 557
f 1374 909 910
f 1373 904 905
f 1374 1373 1375
f 1375 905 1354
f 1378 920 908
f 376 373 651
f 1388 928 973
f 586 587 588
f 1390 1389 1388
f 1391 1388 969
f 597 598 599
f 600 601 602
f 1392 1391 970
f 608 609 610
f 612 524 523
f 614 615 616
f 617 618 25
f 620 621 622
f 1397 1390 1391
f 1398 1397 1392
f 1400 987 920
f 1402 1403 1165
f 636 637 638
f 930 1404 1402
f 641 642 643
f 929 1402 1169
f 1404 1405 1403
f 1411 1366 1365
f 1412 1406 1415
f 652 653 654
f 609 656 657
f 659 660 661
f 558 663 586
f 665 666 667
f 1413 1411 1406
f 1418 1416 3810
f 1417 1372 1371
f 1416 1371 3829
f 1419 1417 1416
f 1386 909 1374
f 677 678 679
f 1385 1386 1420
f 1420 1374 1376
f 685 686 687
f 1421 1420 1422
f 528 690 691
f 1422 1376 1372
f 1018 1019 747
f 699 700 701
f 1424 578 579
f 3663 1597 1767
f 700 699 711
f 1093 3746 3754
f 717 718 530
f 721 722 723
f 704 1650 3543
f 19 1429 1426
f 1429 1428 1427
f 1658 1659 3542
f 1439 1437 1434
f 1437 1436 1435
f 1426 1427 1433
f 1442 1431 1432
f 742 743 744
f 1432 1433 1441
f 751 752 753
f 1438 1434 1403
f 1446 1445 1444
f 1447 1448 1446
f 3860 1447 1443
f 1415 1367 1445
f 1414 1415 1446
f 2173 1683 469
f 777 778 779
f 780 781 782
f 1676 1693 1806
f 3859 1451 1349
f 789 790 791
f 745 792 793
f 652 794 795
f 1455 1458 1457
f 1454 1367 1350
f 610 691 802
f 3831 3816 698
f 1352 1044 1045
f 1015 1016 1459
f 811 812 813
f 2118 3815 3817
f 819 820 821
f 1466 1463 1194
f 1467 1468 1465
f 1182 1165 1468
f 832 812 833
f 835 836 837
f 1467 1466 1190
f 1469 1470 1444
f 840 700 712
f 1453 1470 1469
f 599 844 845
f 1226 1450 3849
f 851 852 853
f 855 744 856
f 858 859 860
f 861 862 863
f 1014 1226 3855
f 867 676 868
f 870 871 872
f 874 875 876
f 1310 1323 1471
f 1476 1433 1427
f 1461 1476 1475
f 887 888 889
f 788 791 892
f 894 895 896
f 1460 1475 1227
f 901 902 524
f 1465 1478 1477
f 1865 3503 3500
f 911 912 913
f 916 917 918
f 1850 3505 3507
f 921 922 895
f 1479 1435 1436
f 926 664 667
f 1481 562 563
f 269 1483 84
f 931 932 933
f 934 935 614
f 936 685 688
f 938 659 662
f 1484 270 122
f 941 942 835
f 320 321 509
f 1849 3510 3505
f 84 1483 1484
f 1487 1490 1488
f 1757 1758 3502
f 365 1492 1491
f 461 79 80
f 117 363 362
f 1494 540 541
f 926 601 957
f 1477 1441 1433
f 1709 1588 1585
f 119 117 1496
f 271 1497 504
f 511 517 189
f 345 1496 1492
f 57 344 299
f 1501 1499 268
f 267 268 1499
f 974 975 976
f 1678 1652 1693
f 3846 1682 1807
f 557 982 663
f 983 941 984
f 1443 1444 3849
f 421 1500 268
f 989 990 991
f 1490 1487 418
f 279 280 309
f 997 868 676
f 998 26 999
f 1504 418 38
f 1506 1508 1507
f 360 361 1508
f 1506 1486 207
f 939 1005 1006
f 270 1484 1483
f 66 63 546
f 1010 742 793
f 367 428 437
f 244 31 363
f 1670 3532 3534
f 209 206 1510
f 388 389 426
f 427 274 250
f 161 520 521
f 100 246 45
f 1025 1026 608
f 1029 1030 1031
f 939 662 1033
f 41 42 594
f 1036 780 783
f 702 701 1038
f 1040 1041 1042
f 362 32 369
f 187 1520 477
f 70 1487 539
f 1049 600 603
f 613 867 869
f 860 1050 1051
f 1005 1052 1053
f 753 1055 1056
f 1057 1058 1059
f 293 288 1522
f 288 212 1521
f 292 1522 1523
f 331 1507 1508
f 306 452 453
f 100 44 41
f 462 1524 78
f 330 331 1524
f 635 1067 1068
f 1485 1527 1526
f 206 1485 1528
f 1070 1071 1072
f 942 941 1073
f 916 933 1075
f 440 1529 1530
f 157 158 1514
f 1529 162 5
f 371 595 546
f 790 586 663
f 1077 858 857
f 1403 1434 1435
f 1080 1081 1082
f 531 520 1529
f 21 1083 1084
f 272 1532 1531
f 690 712 802
f 335 3571 3567
f 1090 1030 1029
f 1092 795 794
f 1533 396 137
f 661 660 1095
f 69 444 445
f 1099 1100 1101
f 38 39 1536
f 1104 1105 1106
f 852 1107 1108
f 1377 908 909
f 291 377 411
f 316 1536 516
f 539 1488 1533
f 1505 1536 316
f 1110 1111 1112
f 1539 1537 460
f 522 441 1537
f 834 837 1120
f 1122 1123 1124
f 612 1125 1041
f 935 793 615
f 276 278 130
f 1686 3549 3522
f 193 190 1541
f 231 521 1540
f 556 1037 982
f 365 253 85
f 190 532 318
f 1810 765 3574
f 3924 1867 3512
f 1132 983 985
f 208 101 102
f 1134 1033 662
f 1491 518 80
f 429 133 1542
f 1137 1138 915
f 172 436 428
f 1139 1140 1141
f 549 96 54
f 1517 1519 1518
f 834 1119 984
f 1543 513 286
f 1544 797 239
f 133 134 1544
f 506 361 257
f 420 327 328
f 1158 1159 1160
f 587 1104 1103
f 607 1161 1027
f 304 1546 1545
f 364 1491 77
f 69 70 198
f 700 840 1112
f 3877 626 3525
f 1166 719 657
f 1167 1168 858
f 1172 1173 1174
f 218 203 200
f 1179 1180 1181
f 372 183 97
f 89 104 227
f 1186 1187 1188
f 172 173 1517
f 1482 84 81
f 1090 1192 1193
f 394 395 353
f 526 525 1198
f 1199 1200 1026
f 606 623 697
f 1204 1205 1206
f 1207 1208 523
f 1209 1210 867
f 914 913 685
f 1478 1436 1441
f 1029 1028 1161
f 1211 1212 1213
f 3858 1453 1451
f 844 1215 1216
f 423 193 273
f 1220 1221 1222
f 22 1223 1224
f 882 898 897
f 1519 1517 173
f 1189 1188 1232
f 349 350 550
f 1071 1235 1236
f 1237 1238 1239
f 1221 1186 1189
f 1510 1528 1512
f 939 1032 1241
f 1556 1530 5
f 1553 1554 394
f 404 1556 67
f 1247 1248 1249
f 142 199 238
f 1251 1067 635
f 850 1252 1253
f 1254 1167 1077
f 57 132 133
f 443 430 552
f 1187 1172 1175
f 1256 1070 831
f 432 405 382
f 741 748 747
f 434 350 351
f 349 432 383
f 251 124 1481
f 395 384 352
f 1518 1519 1550
f 1558 410 378
f 109 263 314
f 285 1514 1513
f 395 394 393
f 202 203 410
f 417 408 405
f 1246 1257 1258
f 3 1559 297
f 1259 1260 1261
f 403 404 347
f 955 954 953
f 462 50 51
f 1096 1095 687
f 429 147 60
f 896 1264 1265
f 1267 721 1268
f 423 424 327
f 37 179 180
f 20 23 1187
f 1256 1168 1071
f 1188 1175 1269
f 1236 1270 1271
f 1272 536 535
f 565 564 463
f 1273 792 745
f 876 1254 1255
f 316 33 164
f 437 1516 503
f 194 1494 1495
f 1275 1276 864
f 624 625 631
f 1277 1274 1137
f 569 568 567
f 1481 124 125
f 324 325 547
f 1279 1108 1107
f 1525 332 329
f 1281 1278 1137
f 171 168 1553
f 1488 73 396
f 1557 1561 1562
f 1282 856 1206
f 1053 1277 1278
f 778 777 607
f 713 583 3566
f 251 225 144
f 4 357 348
f 709 708 707
f 728 48 45
f 261 135 1563
f 789 1286 1287
f 74 314 263
f 403 284 385
f 1178 1181 1240
f 1223 1259 1289
f 1220 20 1186
f 296 1518 354
f 784 459 1538
f 1181 1180 1291
f 1269 1292 1257
f 1566 1538 438
f 136 784 1566
f 1563 1564 169
f 107 114 109
f 1297 1282 1298
f 1464 1477 1476
f 1520 187 507
f 1301 1302 1303
f 1306 1307 1308
f 175 456 1532
f 1532 456 200
f 1311 1266 1312
f 872 1314 1315
f 3836 843 878
f 1305 1308 864
f 1040 1275 863
f 1564 1566 399
f 592 1576 1575
f 591 1575 1088
f 1581 1584 1583
f 1196 1152 1147
f 710 582 583
f 285 407 408
f 953 954 961
f 1594 1592 1589
f 1585 1588 1587
f 1592 1591 1590
f 3885 945 944
f 1600 1599 1598
f 1604 1603 1602
f 1399 1392 979
f 1589 1590 1596
f 1610 1609 1608
f 298 257 361
f 551 552 276
f 1627 1626 3814
f 859 811 818
f 1078 857 1328
f 1555 439 1530
f 572 573 680
f 772 465 776
f 977 1281 918
f 404 403 392
f 1054 1331 750
f 1644 1645 1643
f 932 1265 1082
f 1067 1333 1334
f 1540 1539 264
f 597 1335 643
f 471 761 762
f 1642 696 3831
f 1644 1642 3842
f 923 946 950
f 96 549 548
f 520 531 522
f 445 444 443
f 849 839 848
f 480 759 755
f 1646 760 481
f 311 426 1567
f 464 463 3497
f 3497 1360 1361
f 234 237 236
f 190 193 192
f 153 154 152
f 231 287 286
f 1552 1553 1551
f 760 1646 1648
f 3832 1647 1649
f 828 827 826
f 52 167 166
f 1663 1662 1661
f 287 107 115
f 668 671 670
f 634 645 640
f 553 560 559
f 118 36 33
f 492 484 491
f 3552 1652 1651
f 582 589 584
f 384 395 392
f 1381 1382 1383
f 1562 1561 435
f 952 953 951
f 3529 3566 583
f 1660 1661 1667
f 1394 1395 1396
f 1660 1665 1664
f 1671 1670 1669
f 1624 1625 1673
f 1407 1408 1409
f 1677 1676 1675
f 1613 1679 1677
f 1679 1678 1676
f 1626 1681 3811
f 534 199 198
f 803 733 734
f 400 248 191
f 65 66 143
f 3526 1657 1656
f 402 159 157
f 629 628 627
f 461 477 49
f 758 757 495
f 796 787 786
f 406 407 1513
f 342 343 166
f 1694 1659 1658
f 1692 1687 1694
f 3557 1693 1652
f 3921 1704 1703
f 326 547 302
f 3916 3921 1702
f 3919 3918 1698
f 1699 1691 3927
f 1557 406 1560
f 1127 1116 1117
f 400 401 289
f 1706 1702 1707
f 1707 1702 1599
f 1709 1706 1708
f 1714 1712 1711
f 3919 3915 1709
f 1704 1711 1577
f 1716 1714 1713
f 1559 1562 1549
f 1722 1721 1720
f 1335 597 596
f 410 411 377
f 973 1170 1163
f 168 169 399
f 1571 682 1089
f 1572 681 682
f 749 646 647
f 1730 1724 1723
f 1594 1582 1729
f 1729 1723 1591
f 1384 1378 1377
f 1732 1731 1712
f 1724 1730 1731
f 1722 1724 1732
f 1721 1722 1733
f 1734 1733 1716
f 1735 1737 1736
f 1733 1732 1714
f 1663 1664 1741
f 1742 1665 1740
f 1738 1739 1737
f 1665 1660 1666
f 1665 1742 1744
f 1725 1726 1746
f 1591 1725 1745
f 1590 1745 1747
f 1745 1746 1748
f 1659 1688 3538
f 3287 1760 3545
f 1185 1177 1182
f 1664 1744 1749
f 1741 1749 1739
f 1746 1742 1743
f 1726 1744 1742
f 1115 924 1153
f 1896 3562 3549
f 1720 1749 1744
f 1721 1739 1749
f 1750 1718 1701
f 1697 1736 1750
f 1151 1152 1063
f 1751 1752 1670
f 1695 1658 1752
f 961 962 986
f 1770 1769 1768
f 1766 1594 1593
f 1731 1759 1579
f 1579 1777 1774
f 3928 1772 1771
f 1764 1772 3928
f 1777 1776 1775
f 3762 3763 1699
f 1004 1127 1128
f 1774 1775 1771
f 987 1400 1399
f 1578 1774 1772
f 1783 1782 1781
f 1597 1598 1770
f 639 1878 3895
f 3928 3929 1769
f 1793 1792 1789
f 3929 3920 1798
f 3508 3516 3773
f 1802 1867 3924
f 1788 1790 1794
f 1793 1794 1795
f 3773 3772 1675
f 1584 1581 1783
f 1771 1797 3920
f 1801 1799 1798
f 1768 1769 1798
f 1775 1796 1797
f 508 514 515
f 1796 1803 1802
f 1800 1798 3920
f 1794 1805 1804
f 3532 1670 1752
f 485 1808 1807
f 3809 3844 1640
f 3837 3844 1810
f 485 482 1640
f 1690 1691 3770
f 487 488 1648
f 3839 1813 1816
f 3838 1811 1648
f 3839 1812 1811
f 1812 1809 487
f 1641 1809 767
f 465 466 755
f 767 1815 3823
f 3822 1816 3826
f 1809 1812 1815
f 3837 1653 1651
f 675 672 3541
f 1814 1649 1822
f 1821 1822 3821
f 1824 1822 1649
f 1827 1849 1850
f 1668 1669 1662
f 1779 1780 1848
f 1790 1827 1805
f 1833 1836 1853
f 3521 3506 693
f 1614 1615 1616
f 1852 1853 3498
f 1620 1621 1622
f 1855 1765 1574
f 1847 1852 3501
f 1766 1765 1855
f 1629 1630 1631
f 1633 1622 1634
f 1635 1636 1637
f 1848 1833 1852
f 1855 1861 1863
f 1803 1866 1867
f 1862 1863 1831
f 1782 1855 1862
f 3922 3924 1865
f 1873 1872 1870
f 1874 1869 799
f 2045 3878 3897
f 1219 1345 1295
f 1615 1614 1396
f 3884 3895 1877
f 645 3898 3786
f 1345 1219 1035
f 634 639 3884
f 15 1887 1327
f 3910 3895 1878
f 1894 604 605
f 3506 3551 627
f 340 341 454
f 1897 194 195
f 1889 1882 1877
f 1901 94 129
f 196 749 754
f 1705 1704 3921
f 340 378 166
f 1570 1480 563
f 1904 1494 194
f 1781 1862 1832
f 1905 549 55
f 1000 994 995
f 986 919 920
f 1191 1185 1190
f 2094 2077 2075
f 1920 1921 1919
f 453 454 1912
f 1915 1919 1918
f 3882 2112 2106
f 1916 1918 1926
f 704 3554 3561
f 278 1916 1925
f 3565 3564 1818
f 1097 949 1115
f 1927 1928 727
f 3578 3579 3654
f 1920 310 307
f 1929 307 48
f 503 504 1497
f 1902 1903 787
f 1816 1821 3820
f 1925 1926 1923
f 1535 1569 1568
f 254 252 258
f 1509 1497 366
f 119 86 35
f 219 288 293
f 141 46 47
f 542 205 244
f 1940 552 430
f 1779 1828 1827
f 1701 1710 3915
f 1661 3550 3515
f 270 53 754
f 197 1947 749
f 1727 1728 1212
f 53 54 232
f 1465 1468 1479
f 1284 3862 3854
f 1951 446 412
f 168 398 1554
f 1486 1485 206
f 506 77 78
f 994 1001 1007
f 951 953 963
f 1013 3859 3861
f 3826 3820 1820
f 1498 1909 1954
f 299 298 543
f 1754 1755 1756
f 1681 469 1683
f 1696 1694 1695
f 13 14 738
f 473 476 475
f 482 1641 768
f 204 62 30
f 1761 1762 820
f 611 1763 1125
f 1501 1503 1908
f 1074 1073 711
f 1960 1944 82
f 120 1956 1960
f 35 86 87
f 1773 1199 1025
f 1965 1545 1569
f 494 761 471
f 1966 1967 1969
f 446 1951 1971
f 174 368 125
f 1580 1579 1578
f 1785 1786 1787
f 1972 1546 304
f 1254 876 875
f 1973 341 342
f 321 1912 1973
f 1910 277 275
f 509 1973 514
f 1486 1507 1527
f 1974 1874 804
f 1977 1976 1974
f 1980 448 1966
f 379 1 2
f 1718 1715 1710
f 884 995 992
f 1680 1684 1678
f 902 990 525
f 344 255 256
f 135 138 137
f 448 446 1967
f 589 605 604
f 910 909 908
f 1981 1966 1968
f 1982 1981 1987
f 1988 1979 1987
f 1990 1988 1989
f 1991 1989 1993
f 322 321 320
f 992 828 830
f 1144 1076 1086
f 1995 1977 1978
f 1133 1129 1118
f 1997 1995 1994
f 870 1823 1335
f 805 806 1982
f 727 184 2000
f 1996 1994 1988
f 1994 1978 1979
f 1829 616 792
f 1830 1073 941
f 798 803 800
f 729 732 731
f 2011 2012 2023
f 1834 1835 846
f 402 283 284
f 2022 2023 2024
f 1838 718 989
f 810 955 952
f 1823 1839 1840
f 1430 1426 1432
f 1215 844 1841
f 1316 1208 873
f 2112 1401 1384
f 1842 1843 1844
f 1159 846 845
f 837 27 1846
f 1971 1951 2030
f 517 369 370
f 1471 2026 2027
f 3551 3525 626
f 2174 2175 770
f 935 934 1854
f 1613 1619 1611
f 1231 1228 1225
f 1856 1857 891
f 1300 1309 748
f 1150 1149 1858
f 1643 606 696
f 1215 1265 1264
f 1320 1860 902
f 1956 1943 1944
f 2031 668 669
f 2034 1325 1310
f 1879 1880 1656
f 40 245 242
f 1992 1993 2039
f 888 958 957
f 1882 1889 1996
f 1078 1138 1255
f 1871 912 1192
f 294 411 218
f 1323 2041 2026
f 123 1960 83
f 1324 2036 2041
f 384 358 359
f 1324 1325 2038
f 1883 1884 1885
f 287 1540 114
f 1096 1886 1134
f 915 1329 931
f 806 1980 1981
f 3533 3529 584
f 1425 2030 2042
f 1018 2042 1948
f 3562 1896 740
f 1948 2042 649
f 1881 1882 1990
f 1900 129 130
f 992 995 994
f 923 927 925
f 3878 2045 2047
f 1643 2048 625
f 2050 2052 2051
f 2045 1405 1404
f 3876 2047 945
f 1139 1080 1079
f 1037 1856 892
f 2055 2053 2057
f 1198 989 718
f 1619 2058 1612
f 2058 1605 1606
f 2059 2060 1607
f 2058 1619 1624
f 71 72 179
f 405 406 1557
f 322 1548 1972
f 2061 2052 2063
f 2066 2065 2067
f 2052 2061 2064
f 1609 1610 2066
f 1515 151 152
f 1009 827 993
f 1644 3843 3815
f 279 1915 1916
f 1285 3863 3862
f 1647 2066 1825
f 2056 2057 2067
f 319 320 1953
f 667 666 1913
f 2070 631 625
f 2052 2050 2055
f 2038 1654 1655
f 1606 1601 2073
f 1235 1917 1270
f 2072 2073 2075
f 2059 1606 2072
f 2074 2075 2077
f 1601 1602 2078
f 2049 2048 1643
f 1000 1004 1001
f 1089 943 684
f 1931 1286 1306
f 1462 1459 1021
f 1932 1933 1934
f 875 874 1846
f 1936 1051 1937
f 44 45 46
f 1534 1955 1956
f 1541 318 317
f 2081 2082 2084
f 146 1945 1959
f 1360 1941 1942
f 985 984 1032
f 1995 1997 1892
f 2079 2080 2082
f 2095 2096 2076
f 2081 2093 2078
f 2055 2050 2054
f 501 2096 2095
f 2097 2100 2099
f 2098 2099 2094
f 2140 2141 3893
f 2141 2046 3894
f 2051 2070 2048
f 592 2102 2101
f 2071 2064 2076
f 2102 2097 2098
f 593 2103 2102
f 1019 1895 746
f 1950 11 12
f 725 2071 2096
f 1385 2105 2104
f 1379 2104 2106
f 2107 2108 2100
f 3908 726 502
f 3896 502 499
f 940 1389 2109
f 928 929 1170
f 3868 590 684
f 1962 1963 1964
f 3878 680 573
f 2039 1993 1968
f 1389 1390 2110
f 1398 2111 2113
f 3757 3755 3753
f 3911 3883 2107
f 949 923 924
f 260 241 324
f 1390 1397 2113
f 2070 2051 2064
f 3867 3911 2103
f 2105 1385 1421
f 2114 1421 1423
f 3892 2114 2115
f 3908 2105 2114
f 554 2116 1902
f 972 1163 967
f 1765 1593 1573
f 1984 1985 1986
f 2053 2117 2069
f 3573 3556 724
f 1625 1677 1674
f 3881 3888 2119
f 3903 2115 2123
f 56 1954 1906
f 626 3877 3879
f 2001 2002 2003
f 3912 3841 2127
f 2006 2007 2008
f 2127 1413 1412
f 2014 2015 2016
f 2018 2019 2020
f 1495 1424 1947
f 1379 1377 1386
f 3814 3811 1680
f 2029 1885 1884
f 3902 2128 2120
f 629 3879 3914
f 682 683 943
f 724 1650 2121
f 1757 1819 3821
f 765 1810 3844
f 3851 714 715
f 706 707 3870
f 981 986 987
f 1457 1868 1656
f 2017 2016 2032
f 1458 1655 1868
f 1776 1777 1792
f 1959 1945 1946
f 3663 3715 3725
f 3913 3881 2122
f 1093 1089 689
f 966 965 968
f 3852 715 3881
f 2172 3577 2170
f 670 2138 2137
f 3761 787 1903
f 1429 19 28
f 964 963 978
f 3841 3813 1413
f 1473 1474 669
f 3834 3833 1359
f 2138 798 1870
f 1872 1473 2137
f 715 716 3888
f 1881 1991 1992
f 3843 3842 739
f 1837 1847 3513
f 253 58 59
f 1808 3837 3840
f 1647 3832 3818
f 3865 3866 671
f 2112 3882 3883
f 1405 2045 2044
f 3829 3824 1364
f 273 1541 391
f 576 632 3520
f 3875 3865 668
f 1430 1431 2140
f 2136 3850 3860
f 1430 2139 18
f 3893 3894 570
f 1442 1439 2046
f 1431 1442 2141
f 3869 3913 3850
f 3808 3823 1817
f 3866 3893 695
f 2142 2025 798
f 571 2143 2142
f 3819 3814 1618
f 2143 2022 2025
f 694 2142 2138
f 681 1572 2144
f 2144 2011 2022
f 328 210 457
f 1572 2010 2011
f 630 3892 3903
f 2085 2086 2087
f 2090 2091 2092
f 572 2144 2143
f 1875 1976 2153
f 1873 1875 2149
f 2103 2107 2097
f 2157 2043 2155
f 2128 1412 1414
f 3874 3871 589
f 3872 3870 628
f 2149 2153 2158
f 2159 2158 3905
f 698 3907 3902
f 3823 3847 3827
f 2158 2156 3874
f 1438 2044 2046
f 2035 2154 2160
f 2161 2160 3889
f 3871 3891 605
f 3873 17 18
f 370 29 61
f 649 1951 413
f 2153 2157 2156
f 1428 1429 1449
f 1490 76 73
f 3890 3905 710
f 2155 1891 3891
f 1456 1457 1880
f 2125 2088 2087
f 2160 2159 3890
f 300 1959 505
f 1064 1062 1046
f 2043 1892 1891
f 2129 2130 2004
f 2131 2132 2133
f 3848 3849 1450
f 1998 1975 804
f 3879 673 3864
f 474 492 490
f 1164 1165 1182
f 707 2162 3909
f 708 1472 2162
f 2162 2161 3886
f 548 549 1905
f 1145 1136 1114
f 705 2121 1650
f 2043 2157 1977
f 737 738 554
f 1034 1195 1191
f 458 1905 1907
f 195 196 232
f 2040 2039 1969
f 2145 2146 2147
f 2054 2050 2049
f 3832 1646 1639
f 9 12 11
f 252 364 506
f 472 478 479
f 1865 3924 3791
f 900 903 910
f 1941 2150 2151
f 1921 1928 1927
f 2163 1897 1898
f 271 156 153
f 1904 1326 12
f 282 263 264
f 1872 1873 2154
f 1326 1904 1897
f 628 692 693
f 1724 1722 1719
f 1549 1562 436
f 1582 1583 1730
f 1921 1920 1929
f 3563 3511 10
f 475 772 774
f 769 2172 2171
f 2171 2165 476
f 476 773 772
f 1791 565 464
f 2166 2167 2168
f 595 371 372
f 483 1809 1641
f 762 2174 2173
f 771 483 484
f 486 487 1809
f 297 1549 1517
f 763 2175 2174
f 776 755 759
f 184 185 2176
f 412 447 303
f 2005 2176 185
f 3811 1681 1682
f 2164 2170 756
f 1472 2035 2161
f 950 951 964
f 2177 2178 2179
f 227 226 1510
f 2182 2183 2184
f 2186 2019 2018
f 1985 2182 2181
f 214 736 729
f 865 849 842
f 849 865 1357
f 559 3187 3188
f 16 13 737
f 560 553 498
f 3193 3196 3195
f 3200 3197 3198
f 3211 3214 3213
f 3215 3218 3217
f 2187 2188 2002
f 2169 2168 2189
f 2192 2086 2085
f 2193 2194 2195
f 2198 2199 2200
f 1998 1982 1979
f 3664 3665 3668
f 2116 1898 1903
f 1859 2006 2009
f 3904 2123 2126
f 1135 1148 1087
f 2201 2202 2015
f 1149 111 110
f 3221 3222 3218
f 2203 2204 2205
f 579 580 1895
f 1755 2207 2208
f 3891 3910 1893
f 1211 2151 2150
f 868 997 2210
f 944 945 930
f 2130 2129 2202
f 233 1903 1898
f 665 751 750
f 1167 1254 999
f 2211 2212 2213
f 2215 2216 2217
f 3867 593 590
f 2220 221 220
f 823 824 948
f 3225 3220 3227
f 266 204 455
f 3882 2108 2107
f 2221 2222 3519
f 2223 2224 2225
f 2207 2125 2124
f 673 674 3869
f 817 1000 996
f 2227 2228 2146
f 1947 1948 646
f 3900 2135 17
f 2229 1635 1638
f 1679 1613 1618
f 1637 2231 2232
f 2233 2234 1617
f 2231 2235 2236
f 1381 1638 2238
f 3586 2241 2242
f 1630 2234 2233
f 1681 1626 472
f 1408 1407 2243
f 3236 3239 3238
f 3232 3241 3240
f 1637 2230 2238
f 3237 3238 3233
f 1409 1408 1634
f 1380 1383 2247
f 1628 2248 2245
f 2249 1623 1622
f 1632 1634 1408
f 2248 1628 1631
f 2235 2231 1637
f 3245 3246 3199
f 631 2070 2071
f 515 167 52
f 782 781 2251
f 2253 2254 2255
f 397 281 459
f 1456 2039 2040
f 2040 2041 2036
f 1401 2112 2111
f 2041 2040 1970
f 1535 121 414
f 1586 1587 2080
f 2256 983 1132
f 1700 1699 3918
f 3815 1896 1686
f 1263 2256 1886
f 598 1841 844
f 2257 2258 2259
f 2258 2261 2262
f 2259 2262 2263
f 2260 2259 2216
f 1967 1971 1970
f 2212 1964 1963
f 922 921 2218
f 1312 1098 1101
f 1307 1306 1286
f 1548 1569 1546
f 2266 2267 2268
f 2265 2268 2270
f 2272 2265 2269
f 2273 2266 2265
f 2275 2276 2277
f 2278 2274 2277
f 2284 2285 3617
f 2287 2283 2286
f 2288 2289 2283
f 2290 2284 3639
f 2291 2292 2293
f 2295 2291 2294
f 2296 2297 2291
f 2297 2298 2292
f 2294 2293 2299
f 2279 2294 2300
f 2298 2301 2302
f 2292 2302 2303
f 2293 2303 2304
f 2304 2305 2306
f 2308 2309 2310
f 2302 2307 2310
f 2301 2311 2307
f 2312 2308 2307
f 2313 2314 2315
f 2318 2319 2320
f 3748 3771 2322
f 2324 2325 2273
f 2313 2324 2326
f 2328 2324 2313
f 2329 2325 2324
f 2331 2332 2333
f 2330 2333 2267
f 2325 2330 2266
f 2329 2331 2330
f 2333 2334 2335
f 2336 2334 2333
f 2338 2336 2332
f 2331 2339 2337
f 2329 2340 2339
f 2328 2341 2340
f 2316 2342 2341
f 2342 2316 2315
f 2344 2345 2346
f 2341 2344 2347
f 2342 2348 2344
f 2348 2349 2345
f 2350 2351 2352
f 2339 2350 2353
f 2340 2347 2350
f 2347 2346 2351
f 2337 2353 2354
f 2353 2352 2355
f 2356 2277 2276
f 2356 2357 2358
f 2356 2359 2296
f 2279 2277 2356
f 2360 2361 2270
f 2267 2335 2360
f 2362 2363 2364
f 2362 2365 2361
f 2366 2362 2358
f 2366 2367 2363
f 2357 2276 2368
f 2366 2368 2369
f 2276 2275 2370
f 2368 2370 2282
f 2372 2373 2374
f 2375 2376 2377
f 2378 2379 2380
f 2382 2378 2381
f 2384 2385 2378
f 2385 2386 2379
f 2388 2389 2390
f 2387 2390 2392
f 2393 2394 2387
f 2394 2395 2388
f 2186 2401 2402
f 2403 2404 2327
f 2272 2403 2326
f 2271 2405 2403
f 2405 2406 2404
f 2404 2407 2408
f 2409 2410 2411
f 2409 2412 2271
f 2413 2409 2269
f 2413 2414 2410
f 2417 2415 2416
f 2417 2418 2406
f 2412 2417 2405
f 2411 2415 2417
f 2406 2419 2407
f 3569 3520 632
f 2420 2398 2397
f 2420 2421 2423
f 2424 2420 2422
f 2424 2399 2398
f 2425 2391 2392
f 2421 2425 2426
f 2397 2396 2425
f 2396 2393 2391
f 2427 2314 2408
f 2430 2427 2428
f 2343 2315 2427
f 2432 2343 2430
f 2431 2430 2429
f 2435 2431 2433
f 2436 2432 2431
f 2428 2408 2407
f 2422 2437 2407
f 2438 2437 2422
f 2429 2428 2437
f 2440 2434 2433
f 2441 2439 2433
f 2442 2443 2439
f 2443 2444 2440
f 2445 2446 2444
f 2447 2445 2443
f 2383 2381 2445
f 2381 2380 2446
f 2448 2438 2423
f 2449 2448 2426
f 2441 2448 2449
f 2441 2429 2438
f 2449 2392 2390
f 2450 2390 2389
f 2447 2450 2451
f 2442 2449 2450
f 2451 2389 2453
f 2452 2453 2455
f 2382 2452 2454
f 2383 2451 2452
f 2456 2457 2373
f 2459 2460 2461
f 2463 2464 2465
f 2462 2465 2285
f 2466 2462 2284
f 2467 2463 2462
f 2461 2460 3703
f 2468 2469 2470
f 2472 2468 2471
f 2474 2461 3701
f 2475 2476 2477
f 2458 2455 2453
f 2479 2453 2389
f 2395 2480 2479
f 2480 2459 2458
f 2481 2482 2483
f 2484 113 2485
f 2471 2470 2464
f 2473 2471 2463
f 2487 2467 2466
f 2486 2466 2290
f 2490 2486 2488
f 2491 2487 2486
f 2492 2473 2467
f 2493 2492 2487
f 2494 2495 2492
f 2495 2472 2473
f 3690 2496 2474
f 3691 2497 2496
f 2498 2494 2493
f 2500 2498 2499
f 3700 3687 2498
f 3687 3691 2494
f 2306 2504 2278
f 2305 2505 2504
f 2504 2505 2507
f 2506 2507 2288
f 2274 2506 2508
f 2278 2504 2506
f 3633 3632 2489
f 3620 3633 2488
f 2507 2509 2289
f 2505 2510 2509
f 2508 2288 2287
f 2511 2287 2281
f 2370 2511 2280
f 2275 2508 2511
f 2512 2490 2489
f 2514 2512 2513
f 2517 2512 2514
f 2517 2491 2490
f 2499 2493 2491
f 2499 2517 2516
f 2510 2505 2519
f 2518 2519 2521
f 3616 2518 2520
f 3632 2510 2518
f 2522 2304 2303
f 2523 2522 2310
f 2305 2304 2522
f 2524 2522 2523
f 2519 2524 2525
f 2505 2305 2524
f 2308 2312 2527
f 2526 2527 2529
f 2531 2526 2528
f 2309 2308 2526
f 1214 2532 2151
f 2419 2406 2418
f 2533 2345 2349
f 2534 2533 2317
f 2535 2536 2533
f 2536 2346 2345
f 2537 2351 2346
f 2538 2537 2536
f 2539 2540 2537
f 2540 2352 2351
f 2312 2355 2541
f 2527 2541 2542
f 2543 2435 2434
f 2545 2543 2544
f 2319 2318 2543
f 2318 2436 2435
f 2514 2515 2548
f 2547 2548 2550
f 2552 2547 2549
f 2552 2516 2514
f 2520 2521 2554
f 2553 2554 2556
f 3590 2553 2555
f 3621 2520 2553
f 2523 2309 2531
f 2557 2531 2530
f 2525 2523 2557
f 2559 2557 2558
f 2554 2559 2560
f 2521 2525 2559
f 2561 2375 2007
f 2376 2562 2225
f 2564 2565 2566
f 2563 2566 338
f 2569 2563 2567
f 2570 2564 2563
f 2572 2573 2574
f 2571 2574 2576
f 2544 2571 2575
f 2544 2434 2572
f 2578 2570 2569
f 2579 2577 2569
f 2574 2577 2579
f 2573 2578 2577
f 2581 2582 2583
f 2584 2580 2583
f 3697 3675 2580
f 3676 2581 2580
f 2582 2516 2552
f 2583 2552 2551
f 2500 2501 2589
f 2590 2588 2589
f 3693 3695 2588
f 3695 3700 2500
f 2501 2516 2591
f 2592 2593 2594
f 2386 2385 2503
f 2596 2379 2386
f 2596 2374 2373
f 2599 2596 2597
f 2599 2380 2379
f 2600 2446 2380
f 2600 2599 2598
f 2603 2600 2601
f 2603 2444 2446
f 2604 2603 2602
f 2440 2604 2605
f 2444 2603 2604
f 2606 2582 2581
f 2606 2607 2590
f 2591 2516 2582
f 3676 2587 2456
f 3689 2456 2372
f 2478 2477 2608
f 2609 2610 2611
f 2564 2570 2613
f 2612 2613 2598
f 2457 2612 2597
f 2565 2564 2612
f 2614 2613 2570
f 2615 2614 2578
f 2602 2601 2614
f 2601 2598 2613
f 2572 2434 2605
f 2616 2605 2602
f 2573 2572 2616
f 1459 1016 1045
f 1265 1215 1079
f 1612 1608 1609
f 2067 2057 2069
f 1135 1109 1136
f 1938 1937 2618
f 95 548 458
f 2058 1607 1608
f 1454 1469 1445
f 655 2620 1048
f 722 1049 2621
f 1131 985 1033
f 562 1481 366
f 1723 1719 1725
f 1786 1123 1122
f 267 300 323
f 1325 2034 1654
f 1468 1165 1435
f 658 657 529
f 8 532 247
f 382 1557 1559
f 788 619 1307
f 940 930 929
f 911 2622 2623
f 2621 2620 655
f 2624 1857 2625
f 998 1846 27
f 635 638 2626
f 2627 641 644
f 2628 2627 1840
f 1200 1199 2627
f 1199 1773 641
f 1520 515 49
f 1452 1350 1349
f 2630 2631 1859
f 644 643 1335
f 1197 1198 717
f 2632 717 719
f 2628 2632 1166
f 2629 1197 2632
f 1762 2633 1050
f 1823 870 873
f 2634 2635 794
f 1042 794 2635
f 93 94 1901
f 2036 2038 1458
f 1527 332 1525
f 877 876 1274
f 134 409 797
f 1328 893 931
f 607 777 1091
f 1043 2635 2637
f 2636 2637 2639
f 1275 2636 2638
f 1275 1040 1043
f 1272 2624 2626
f 2640 2626 638
f 1110 2641 2640
f 536 1272 2640
f 1472 708 1474
f 2042 2030 1951
f 1058 1106 1105
f 2642 2623 2643
f 1192 2642 2644
f 912 2623 2642
f 3898 1657 3526
f 1049 1048 2620
f 616 1829 1885
f 1331 1913 666
f 990 989 1198
f 1911 1912 321
f 1298 1282 1205
f 76 1490 1504
f 1502 1500 421
f 610 609 658
f 1146 937 659
f 2646 911 914
f 1280 1239 1238
f 1453 1454 1452
f 835 942 1843
f 1271 1270 1173
f 1893 1878 1826
f 1050 2633 1937
f 2651 2652 814
f 1006 1053 1281
f 2653 1084 2654
f 1001 1004 1003
f 585 997 679
f 2624 1272 621
f 555 678 2028
f 1207 526 1197
f 1626 1627 478
f 426 389 419
f 1030 1193 1773
f 3898 645 634
f 534 1533 138
f 1125 1092 1042
f 333 228 88
f 569 1570 561
f 1489 2656 871
f 1857 2624 620
f 1673 1674 3770
f 622 861 864
f 619 788 891
f 261 544 545
f 393 1555 1556
f 2658 2659 2647
f 1075 2658 2657
f 1081 1080 2658
f 1080 1139 2659
f 2644 2643 1141
f 2660 1141 1140
f 642 2660 1336
f 1193 2644 2660
f 679 678 555
f 1503 1501 1500
f 1318 1317 1101
f 2661 2659 1139
f 2661 1142 2663
f 2662 2647 2659
f 2662 2663 2622
f 2664 2622 911
f 2648 2664 2646
f 2648 2647 2662
f 2083 2094 2093
f 1442 1440 1437
f 519 329 330
f 1885 2029 1209
f 799 800 805
f 1946 1943 1952
f 1302 1301 1253
f 566 2005 224
f 1389 940 928
f 683 682 681
f 836 835 1842
f 2665 1842 1845
f 2666 2665 1303
f 24 836 2665
f 831 1072 2650
f 1845 1844 1304
f 2010 2013 2012
f 1051 1936 2667
f 1522 1521 1511
f 531 440 441
f 1250 635 2625
f 2669 2625 1857
f 783 2669 1856
f 782 1250 2669
f 720 2670 2671
f 1055 1931 1930
f 1333 1067 1251
f 619 622 1308
f 652 655 2619
f 521 522 1539
f 1838 988 537
f 2672 537 536
f 1113 2672 2641
f 1113 527 1838
f 1016 1013 1351
f 3897 573 570
f 226 227 104
f 3564 3669 3827
f 1036 1037 1884
f 2674 1301 1304
f 2673 1304 1844
f 1334 2673 2675
f 1333 2674 2673
f 2676 702 1039
f 1843 2676 2675
f 942 1074 2676
f 1074 699 702
f 752 1057 1055
f 1200 1166 656
f 1120 1846 874
f 2677 874 877
f 1241 2677 1052
f 1119 1120 2677
f 1560 1513 151
f 1208 1316 611
f 215 735 736
f 1460 1459 1462
f 1208 1207 1839
f 854 856 1282
f 72 445 182
f 544 1563 1565
f 217 200 456
f 2047 1404 930
f 1204 2618 1937
f 913 777 686
f 840 527 1113
f 1531 729 730
f 2678 778 1283
f 601 667 1914
f 1537 1538 459
f 1819 1757 3509
f 991 1860 862
f 2679 711 1073
f 2680 1830 983
f 779 2680 2256
f 778 2678 2680
f 2678 2679 1830
f 180 542 245
f 1886 1132 1131
f 1138 1137 1274
f 1841 598 1140
f 75 313 314
f 193 423 420
f 2681 2682 1099
f 170 1567 1565
f 349 416 417
f 1121 1124 2684
f 547 797 409
f 123 122 121
f 2643 2663 1142
f 1542 1544 513
f 899 900 907
f 1210 677 676
f 791 663 982
f 24 27 837
f 893 896 932
f 1860 1320 863
f 535 538 862
f 1569 1548 1547
f 181 455 542
f 660 659 937
f 2013 567 568
f 887 890 2631
f 1524 1508 361
f 520 161 162
f 2653 855 854
f 1238 1237 2655
f 718 1838 527
f 1492 1493 518
f 792 616 615
f 599 846 1835
f 290 457 456
f 312 171 1552
f 1248 2687 1179
f 153 149 177
f 1240 1181 1222
f 1257 1292 1235
f 1291 1084 1083
f 1052 877 1277
f 743 742 2618
f 444 140 430
f 23 1224 1172
f 2687 2654 1180
f 102 103 409
f 1283 607 610
f 373 497 650
f 1180 2654 1084
f 855 2653 2655
f 1173 1270 1917
f 2689 850 853
f 2688 853 1108
f 2686 2688 1279
f 2687 2689 2688
f 2691 1302 1252
f 2690 1252 850
f 1248 2690 2689
f 1248 1247 2691
f 2692 617 24
f 2691 2692 2666
f 1247 1258 2692
f 1258 1168 617
f 394 1554 1555
f 2693 1260 1259
f 1072 1236 1262
f 1257 1071 1168
f 398 439 1555
f 871 1784 1314
f 1178 1232 1249
f 1224 1289 1173
f 1010 2617 2618
f 1175 1174 1292
f 2654 2687 2686
f 2694 1157 1216
f 71 418 1487
f 701 1112 1111
f 1072 1261 2649
f 1085 2695 22
f 895 2694 1264
f 1601 1606 1605
f 1259 1262 1271
f 21 20 1220
f 988 991 538
f 598 597 1336
f 1050 860 818
f 1298 2645 1761
f 1168 1167 618
f 858 1168 1256
f 39 242 516
f 2652 1761 819
f 313 316 315
f 2026 1970 1971
f 2656 1489 596
f 814 819 818
f 2696 2651 813
f 1260 2696 2649
f 2693 2697 2696
f 2697 1296 2651
f 381 355 390
f 3818 3819 1611
f 1475 1427 1428
f 1292 1174 1917
f 1551 353 354
f 1526 1525 1523
f 1593 1589 1595
f 1232 1269 1246
f 2695 2693 1223
f 2698 1297 1296
f 2698 2697 2693
f 2685 2698 2695
f 2685 854 1297
f 562 1497 271
f 2652 2651 1296
f 1365 1366 1364
f 1958 1946 1953
f 585 588 2210
f 1561 1560 1515
f 975 2648 1146
f 347 67 68
f 1038 1111 636
f 2700 781 780
f 2699 780 1036
f 2701 2699 1883
f 851 2700 2699
f 2674 1333 2251
f 2702 2251 781
f 1253 2702 2700
f 1301 2674 2702
f 1519 387 388
f 1273 1239 1280
f 2703 1280 1107
f 2701 2703 852
f 1829 1273 2703
f 91 260 326
f 1784 871 2656
f 2683 2684 2705
f 1669 3534 3548
f 2062 2063 2060
f 621 535 861
f 2023 731 732
f 686 779 1263
f 857 1051 2668
f 883 830 882
f 637 636 1111
f 2668 894 893
f 2667 921 894
f 1039 1038 1068
f 313 75 1504
f 1911 1972 305
f 1936 2706 1964
f 2707 2402 2401
f 2708 2707 2183
f 738 2163 2116
f 2349 2348 2432
f 2711 2712 2020
f 2400 2711 2019
f 2714 2715 2716
f 2717 2718 2719
f 2721 2722 2723
f 2726 2727 2728
f 2725 2728 2730
f 2731 2725 2729
f 2732 2726 2725
f 2734 2735 2736
f 2738 2739 2740
f 2737 2740 2741
f 2744 2745 2746
f 2745 2744 2748
f 2749 2750 2747
f 2753 2749 2751
f 2250 1380 2246
f 2754 1396 1614
f 3598 2754 2755
f 3608 2745 2747
f 1617 2756 2755
f 2242 2758 1620
f 2191 2085 2760
f 2761 2759 2760
f 3648 2759 2761
f 3623 2191 2759
f 3209 3248 3223
f 1395 1394 2236
f 1395 2235 1636
f 1616 1635 2229
f 1617 2234 2763
f 2756 2763 3628
f 2765 2763 2234
f 2766 2764 3628
f 3202 3199 3246
f 1516 437 435
f 2768 2769 3552
f 1495 541 578
f 2135 2136 28
f 1690 1689 3926
f 2778 2779 2780
f 2777 2780 2781
f 2784 2778 2777
f 3555 3521 575
f 1494 1904 9
f 3529 2016 2015
f 451 61 505
f 2786 2787 2788
f 2779 2786 2785
f 2789 2752 2741
f 2790 2753 2752
f 2792 2793 2794
f 2793 2795 2796
f 2796 2797 2750
f 2794 2796 2749
f 2798 1393 1396
f 3591 2798 2754
f 2798 2799 2800
f 3591 3662 2799
f 2797 2796 2795
f 2791 2794 2753
f 216 233 232
f 3804 2806 2807
f 3805 2809 2804
f 2769 2810 3557
f 183 185 184
f 2811 2812 2775
f 2804 2811 2776
f 2809 2813 2811
f 2812 2811 2813
f 3805 2808 2816
f 3796 2818 2815
f 3798 3800 2820
f 3793 2823 2819
f 2824 2736 2735
f 2823 2825 2824
f 2825 2823 2826
f 3793 2822 2827
f 3796 2817 2826
f 2713 2716 2829
f 2828 2829 2831
f 2822 2821 2828
f 2821 2820 2713
f 2832 2827 2822
f 2833 2832 2830
f 2834 2835 2832
f 2835 2818 2827
f 2837 2838 2839
f 2836 2839 2841
f 2842 2836 2840
f 2843 2837 2836
f 2840 2841 2845
f 2718 2844 2845
f 2730 2728 2844
f 2727 2840 2844
f 2846 2845 2841
f 2829 2846 2847
f 2847 2841 2839
f 2848 2839 2838
f 2833 2848 2849
f 2831 2847 2848
f 2850 2814 2851
f 2853 2850 2852
f 2783 2777 2782
f 2785 2788 2853
f 2780 2785 2856
f 2857 2858 2855
f 2859 2857 2782
f 2861 2843 2842
f 2860 2842 2727
f 2862 2860 2726
f 2863 2861 2860
f 2861 2863 2858
f 2843 2861 2857
f 2856 2853 2854
f 2781 2856 2864
f 2837 2843 2859
f 2838 2837 2864
f 2852 2851 2834
f 2854 2852 2849
f 2865 2815 2818
f 2851 2865 2835
f 2813 2809 2815
f 2814 2813 2865
f 2866 2812 2814
f 2788 2866 2850
f 2866 2788 2787
f 2812 2866 2867
f 1892 1889 1890
f 2720 2719 2846
f 298 299 256
f 2872 2714 2713
f 3794 3800 2735
f 2729 2730 2874
f 2846 2716 2715
f 2876 2877 2878
f 2733 2875 2878
f 3806 3807 2879
f 3806 2880 2872
f 2882 2883 2884
f 2881 2884 2715
f 2880 2881 2714
f 2879 2882 2881
f 2885 2886 2887
f 2888 2889 2890
f 2885 2890 2892
f 2893 2886 2885
f 1942 2151 2532
f 2895 2892 2720
f 2884 2895 2870
f 2883 2896 2895
f 2896 2891 2892
f 2889 2874 2717
f 2890 2717 2720
f 2897 2893 2891
f 2898 2897 2896
f 2899 2898 2883
f 2900 2899 2882
f 3797 2900 2879
f 2876 2902 2901
f 2901 2902 2904
f 1785 2656 1835
f 2905 2906 2899
f 2907 2908 2897
f 3797 2901 2903
f 632 576 577
f 3532 3547 2867
f 434 385 550
f 2768 2770 3640
f 2910 2911 1623
f 2241 2912 2758
f 3640 2770 2913
f 1623 2911 2757
f 3587 2242 2757
f 2229 1381 1380
f 2765 1630 1629
f 2915 2914 1629
f 3642 3641 2914
f 3641 3622 2765
f 2919 2916 3642
f 2918 2915 2912
f 3614 2918 2241
f 3618 2919 3613
f 3541 2177 2180
f 3521 2002 2188
f 3705 3573 714
f 2925 2766 2917
f 2924 2917 2916
f 3610 2924 2919
f 3611 2925 2924
f 2926 2927 2766
f 3658 2926 2925
f 1715 1713 1705
f 785 497 498
f 1387 651 565
f 374 375 1899
f 3573 2203 2206
f 2929 2930 2886
f 2932 2933 2934
f 1905 1906 1908
f 2930 2935 2936
f 2938 2935 2930
f 1493 369 517
f 1603 1585 1586
f 2939 2938 2929
f 2940 2939 2908
f 3665 1707 1600
f 2886 2930 2937
f 2906 2907 2898
f 2908 2929 2893
f 2942 2934 2933
f 2941 2933 2937
f 3501 2941 2936
f 3498 2942 2941
f 2943 2944 2710
f 2943 2873 2874
f 2945 2943 2889
f 2946 2944 2943
f 2932 2945 2888
f 2931 2946 2945
f 727 1928 1929
f 2903 2904 2947
f 545 594 42
f 1480 1570 533
f 2907 2906 2949
f 2906 2905 2950
f 1558 452 215
f 3799 2903 2948
f 2054 1645 1644
f 3705 3684 2203
f 1828 1837 1849
f 2953 2954 2955
f 2952 2955 2957
f 2956 2261 2258
f 2953 2952 2258
f 2454 2455 2474
f 3747 2958 2959
f 3747 2132 2131
f 2961 2962 2963
f 2958 2963 2964
f 222 221 2485
f 2477 2226 2966
f 2631 2561 2006
f 2384 2454 2496
f 2967 2968 2959
f 2968 2967 2970
f 3759 2033 2971
f 3784 2971 2960
f 2972 2971 2033
f 2007 2377 2973
f 1836 1833 1832
f 3506 2188 2090
f 955 810 959
f 672 675 674
f 633 710 713
f 2024 732 733
f 2025 2024 803
f 425 1552 1550
f 2975 2976 888
f 1319 1158 1157
f 1212 1935 2977
f 889 957 2228
f 1978 1974 1975
f 1138 1078 1329
f 751 665 2979
f 1619 1613 1625
f 2252 2255 1728
f 1157 1160 845
f 2706 1936 1938
f 2980 2255 2254
f 2982 2975 887
f 802 712 711
f 678 677 2029
f 527 840 690
f 1839 1207 2629
f 2983 2984 602
f 2983 1914 1913
f 2985 2983 1331
f 2986 2984 2983
f 2987 2637 2635
f 2985 2988 2639
f 2990 1319 1318
f 2991 2992 2993
f 2995 2991 2994
f 1106 1058 2991
f 1058 1057 2992
f 1415 1406 1365
f 1317 922 2217
f 1932 1728 2255
f 926 2998 2999
f 3001 2993 2992
f 3000 2992 1057
f 2999 3000 2978
f 2998 3001 3000
f 3002 2998 2209
f 3002 3003 2996
f 2993 3001 3002
f 1103 1106 2995
f 3004 2995 2996
f 2209 2210 3004
f 588 1103 3004
f 295 296 433
f 2638 2639 2988
f 3005 2988 1056
f 1305 3005 1930
f 1276 2638 3005
f 1987 1968 1993
f 2633 1762 1761
f 1423 1422 1417
f 3561 3517 739
f 2671 2670 2704
f 1473 1872 2035
f 922 1317 2694
f 1401 1400 1378
f 556 2028 1884
f 842 848 3825
f 1854 2706 2617
f 933 1082 1081
f 1440 1441 1436
f 529 657 719
f 1031 1025 1027
f 777 913 912
f 2645 1205 1204
f 441 438 1538
f 790 1287 587
f 2065 2066 1610
f 1860 991 990
f 60 106 87
f 1424 1017 1948
f 332 1527 1507
f 261 262 138
f 187 188 449
f 1719 1720 1726
f 1931 1055 1059
f 3006 1059 1105
f 1287 3006 1104
f 1286 1931 3006
f 3007 3008 3009
f 3009 3008 653
f 618 999 26
f 2029 677 1210
f 957 601 600
f 1049 2146 2228
f 2631 890 3011
f 890 889 2227
f 3011 2227 2145
f 2561 3011 3012
f 1026 656 609
f 2706 1854 1961
f 3013 2965 2485
f 2148 2147 1267
f 3015 1267 1266
f 2997 2264 1101
f 642 641 1773
f 186 477 461
f 1041 1040 1320
f 1121 3016 3017
f 2984 2986 2987
f 3018 2987 2634
f 1048 603 3018
f 603 602 2984
f 2679 2678 801
f 2062 2072 2074
f 2061 2074 2076
f 414 303 1545
f 3016 1121 2683
f 3019 2683 2704
f 3020 3019 2670
f 3007 3016 3019
f 1871 1090 1091
f 3021 1787 1122
f 3022 3021 3017
f 1314 3021 3022
f 1784 1787 3021
f 1316 1315 1763
f 3023 3022 3010
f 3023 3009 795
f 1763 3023 1092
f 1315 3022 3023
f 3016 3007 3010
f 752 751 2978
f 2986 2639 2637
f 3024 654 653
f 3020 3024 3008
f 720 723 3024
f 723 2621 654
f 2681 1098 1268
f 2671 3025 1268
f 2705 2681 3025
f 1313 3026 3027
f 3026 3028 3029
f 3027 3029 3030
f 1311 3027 3031
f 2012 568 731
f 917 2657 974
f 743 1206 856
f 1888 2027 2030
f 2682 2705 2684
f 3032 2684 1124
f 1100 3032 2989
f 1099 2682 3032
f 1123 2990 2989
f 3033 1834 1159
f 2990 3033 1158
f 1123 1786 3033
f 1786 1785 1834
f 1054 1056 2988
f 2979 665 664
f 2623 2622 2663
f 1095 660 688
f 3034 3035 2261
f 3036 3034 2956
f 3037 3038 3034
f 3038 3039 3035
f 3040 3041 3026
f 2263 3042 3041
f 3042 3039 3043
f 3041 3043 3028
f 3044 3045 3043
f 3046 3047 3045
f 3047 3048 3049
f 3043 3045 3049
f 3038 3037 3051
f 3050 3051 3053
f 3052 3046 3044
f 3039 3038 3050
f 3054 3035 3039
f 3042 2263 2262
f 2261 3035 3054
f 2216 2263 2997
f 2212 2211 2667
f 3056 868 2209
f 934 3057 1961
f 2013 3755 3757
f 3058 3059 3060
f 3059 3062 3063
f 3060 3063 2213
f 3061 3060 1963
f 3063 3064 2214
f 3062 3065 3064
f 3065 2257 2260
f 3064 2260 2215
f 3066 3067 3031
f 2608 2966 3067
f 2966 2562 3068
f 3031 3067 3068
f 2455 2458 2461
f 2476 2223 2226
f 3551 2090 2089
f 433 354 355
f 2115 1423 1419
f 3509 2868 2922
f 3769 3737 2131
f 3069 2611 2167
f 2971 2972 2928
f 2961 2774 2773
f 3070 2475 2478
f 2610 2609 3071
f 2502 2371 2374
f 3072 2592 2595
f 2964 3046 3052
f 3048 2593 3074
f 2593 2592 3075
f 3075 3030 3029
f 3074 3029 3028
f 3072 3076 3075
f 3076 3072 2482
f 2481 2608 3066
f 3076 3066 3030
f 2967 3052 3053
f 2482 3072 3073
f 479 480 493
f 706 3900 3873
f 3561 2194 2221
f 2013 2010 3754
f 3533 2032 2016
f 3562 3519 2222
f 1171 1154 1155
f 2586 2566 2565
f 2982 110 113
f 2562 2376 3077
f 2376 2375 3012
f 3012 2145 2148
f 3077 2148 3015
f 2963 3047 3046
f 3051 3078 2970
f 1683 2173 491
f 3850 2122 1447
f 1986 2181 3734
f 3079 3080 2546
f 3081 3079 2575
f 1983 1986 3768
f 3082 2323 2319
f 3080 3082 2545
f 3734 3732 3082
f 3732 3748 2323
f 1309 1471 1888
f 3073 2595 2772
f 2760 3083 3084
f 2760 2085 2088
f 3085 3084 3086
f 3089 3085 3090
f 3089 2762 3084
f 3092 3088 3090
f 3093 2748 2744
f 2751 2747 2748
f 3093 2741 2752
f 2742 2741 3093
f 3094 3093 2743
f 3096 3097 3098
f 3099 3096 3087
f 3097 3094 3095
f 3100 2743 2746
f 3101 2927 3102
f 2764 2766 2927
f 2745 2764 3101
f 3102 3092 3091
f 3100 3091 3095
f 2869 2802 3592
f 3102 3103 3104
f 3658 2868 2869
f 2927 2926 3103
f 3098 3095 3091
f 3087 3098 3090
f 2088 2125 3105
f 3083 3105 3086
f 2483 3073 2771
f 2401 2186 2185
f 3099 3086 3105
f 2125 2207 3106
f 3108 2737 2742
f 3107 2742 3094
f 3110 3108 3107
f 3109 3107 3097
f 3111 3109 3096
f 3112 3110 3109
f 3113 2738 2737
f 3115 2723 2722
f 3117 3115 3114
f 3119 3117 3116
f 3118 3116 3120
f 3116 3114 3113
f 3122 3112 3111
f 3122 3123 1755
f 3124 3125 3126
f 3125 3118 3121
f 3128 3119 3118
f 3129 3128 3125
f 2020 2712 3128
f 3853 3857 1346
f 1065 1046 1047
f 1814 3838 3830
f 2021 2020 3129
f 3111 3099 3106
f 3123 3106 2207
f 2377 2225 2224
f 3014 2485 113
f 1756 2208 3782
f 3131 3132 2530
f 3133 3131 2528
f 1753 1756 3767
f 3134 3124 3127
f 2327 2408 2314
f 2436 2318 2317
f 2018 2021 3711
f 2534 3136 3137
f 2320 2322 3136
f 2185 2018 3712
f 3138 3139 2542
f 3134 3135 3744
f 3785 3130 3134
f 3140 3138 2539
f 2535 3137 3140
f 3711 2021 3130
f 2558 2530 3132
f 3782 3760 3141
f 2560 2558 3141
f 3760 3777 3142
f 958 888 2976
f 1933 1932 2980
f 2399 2424 2418
f 2348 2342 2343
f 2322 2320 2319
f 2718 2717 2874
f 2709 2729 2873
f 2894 2871 1361
f 346 289 176
f 1876 1877 1882
f 2802 2803 3607
f 3104 3144 3088
f 2974 2222 3649
f 3089 3145 2761
f 3088 3144 3145
f 2803 2974 3603
f 3870 3909 692
f 2123 1419 1418
f 1365 1363 1368
f 1581 1766 1782
f 3569 2202 2129
f 3555 2003 2002
f 3146 2585 2551
f 3751 3146 3147
f 3742 3149 3146
f 3149 2584 2585
f 3196 3198 3197
f 3604 2192 2191
f 3142 3150 2556
f 3777 3778 3150
f 3646 3152 2550
f 3150 3151 2555
f 3778 3780 3151
f 3788 3781 3152
f 3153 3147 2551
f 3152 3153 2549
f 3781 3776 3153
f 3776 3750 3147
f 3148 2767 2206
f 2183 2401 2321
f 2132 2960 2928
f 3684 3685 2204
f 3719 2198 2197
f 2594 2962 2773
f 2595 2594 2951
f 1870 798 799
f 3713 2179 2178
f 3706 2178 3736
f 336 3154 3774
f 339 3155 3154
f 3789 3683 3149
f 3683 3697 2584
f 2963 2962 3048
f 3722 3730 337
f 339 338 2566
f 3156 3157 2168
f 2610 3156 2167
f 2954 2953 3156
f 3157 3156 2953
f 3707 2166 2169
f 2567 3158 3159
f 337 3158 2567
f 3730 3069 2166
f 3764 2190 1983
f 2579 3160 3081
f 2568 3159 3160
f 3709 2169 2190
f 3065 3062 3162
f 3161 3162 1984
f 3157 3161 2189
f 2257 3065 3161
f 734 735 1922
f 3059 3058 2708
f 3163 2708 2182
f 3162 3163 1985
f 3062 3059 3163
f 3203 3206 3205
f 2122 2119 1448
f 3817 1686 1685
f 139 140 444
f 1570 569 566
f 2957 3164 3165
f 2955 3166 3164
f 1912 454 341
f 3130 3129 3124
f 1548 322 319
f 1949 1950 1327
f 2969 2970 3078
f 3167 3078 3169
f 3724 2014 2017
f 3720 2017 2033
f 3168 3169 3165
f 3170 3165 3164
f 3779 3170 3171
f 3724 3168 3170
f 3171 3164 3166
f 3172 3166 3071
f 3752 3172 3173
f 3756 3171 3172
f 3169 3037 3036
f 2593 3048 2962
f 3173 3071 2609
f 3174 2609 2199
f 3783 3174 2198
f 3749 3173 3174
f 2190 2189 1984
f 2196 2195 2767
f 2119 2120 1414
f 1464 1463 1466
f 2199 2611 3069
f 2457 2456 2587
f 2226 2225 2562
f 481 478 1627
f 333 1512 235
f 3078 3051 3037
f 3040 2264 2997
f 2219 1934 1933
f 2385 2384 2497
f 221 2220 3175
f 2220 1933 3143
f 3175 3143 2976
f 2484 3175 2975
f 2954 3071 3166
f 2630 1858 110
f 1547 319 1952
f 2091 2090 2188
f 3733 3736 2178
f 1918 1919 1927
f 955 956 960
f 2037 3014 112
f 3143 2980 2981
f 2218 2211 2214
f 672 3877 3787
f 2152 3013 3014
f 1147 1144 1143
f 2248 2246 1409
f 1615 1636 1635
f 1410 1409 2246
f 3241 3243 3242
f 1382 3176 3177
f 3177 1410 2247
f 2247 1383 3177
f 3176 2238 2230
f 1410 3177 3179
f 3179 3180 2243
f 1633 3181 2800
f 1621 1620 2758
f 1622 1621 2245
f 2236 1394 3181
f 2237 2236 3182
f 2250 1631 2233
f 2912 1629 1628
f 135 136 1564
f 1567 419 512
f 1085 1084 2653
f 3184 869 868
f 869 3184 3057
f 1266 1268 1098
f 1267 2147 722
f 937 1146 2646
f 2146 1049 722
f 2211 2218 921
f 1957 510 507
f 1313 1312 2264
f 1496 362 1493
f 2887 2937 2933
f 1687 1688 1659
f 145 1499 1498
f 37 38 418
f 1935 1934 3185
f 104 89 301
f 2101 2098 2083
f 543 298 360
f 1934 2219 3186
f 234 1521 212
f 3845 3821 1822
f 1976 1875 1874
f 223 3186 2219
f 3655 3656 3605
f 2165 2164 467
f 467 468 2165
f 773 476 2165
f 1935 1212 1728
f 3240 3225 3226
f 3261 3249 3250
f 3215 3216 3244
f 3265 3221 3215
f 3267 3245 3198
f 3205 3206 3269
f 3214 3211 3265
f 3271 3213 3214
f 3251 3252 3239
f 3222 3221 3266
f 3232 3235 3234
f 3216 3242 3243
f 3196 3193 3268
f 3244 3243 3254
f 3238 3239 3247
f 3264 3244 3255
f 3253 3242 3216
f 3211 3266 3221
f 3257 3217 3218
f 3258 3222 3272
f 3274 3275 3280
f 3228 3229 3262
f 3275 3231 3281
f 3226 3227 3273
f 3236 3263 3260
f 3281 3263 3236
f 3287 3271 3192
f 3235 3226 3280
f 3234 3280 3281
f 3288 3290 3259
f 3289 3212 3278
f 3210 3209 3224
f 3199 3202 3201
f 3228 3231 3230
f 3290 3288 3285
f 3282 3279 3271
f 3260 3263 3262
f 3243 3241 3268
f 3267 3268 3241
f 3194 3207 3208
f 3191 3270 3269
f 3270 3191 3192
f 3275 3274 3230
f 3264 3269 3270
f 3213 3271 3279
f 3272 3266 3289
f 3277 3278 3212
f 3228 3263 3281
f 3220 3225 3253
f 3219 3253 3217
f 3256 3218 3222
f 3247 3239 3252
f 3245 3267 3232
f 3266 3211 3212
f 3208 3205 3255
f 3288 3289 3284
f 3204 3205 3208
f 560 1899 3187
f 3209 3210 3201
f 3189 3192 3191
f 448 1980 807
f 647 648 122
f 1833 1848 1780
f 510 509 508
f 3210 1949 1887
f 1887 15 3200
f 15 16 3197
f 16 3188 3195
f 3195 3188 3187
f 3194 3187 1899
f 3207 1899 375
f 387 173 126
f 3189 1791 1760
f 3577 763 757
f 763 3577 2172
f 3583 3582 3580
f 3581 3580 3579
f 3594 3597 3596
f 3400 3601 3602
f 3626 3624 3625
f 3631 3635 3599
f 3636 3637 3595
f 3647 3584 3588
f 3650 3582 3584
f 3653 3579 3580
f 3653 2176 3654
f 1801 1864 3656
f 3651 3580 3582
f 3644 3638 3595
f 1767 1768 3659
f 1597 3663 3661
f 1708 1707 3665
f 3671 3668 3667
f 3666 3667 3673
f 1588 1708 3664
f 2080 3671 3666
f 2082 3666 3672
f 3674 3677 3635
f 3677 3678 3636
f 3682 3647 3645
f 3692 3651 3650
f 3681 3645 3644
f 786 3694 3692
f 3694 3653 3651
f 785 3692 3686
f 497 3686 3682
f 650 3682 3681
f 3696 564 3681
f 3405 3606 3605
f 3702 3699 3678
f 3699 3698 3679
f 3645 3588 3638
f 1799 3657 3659
f 3708 3704 3458
f 3462 3710 3708
f 3714 463 564
f 3615 3606 3602
f 3710 3714 3696
f 3635 3636 3596
f 3629 3626 3627
f 3597 3600 3599
f 3630 3716 3715
f 3627 3625 3597
f 3717 3716 3723
f 3715 3663 3660
f 3716 3717 3725
f 3668 3665 3661
f 3668 3725 3717
f 3667 3717 3718
f 3727 3728 3673
f 3728 1576 3672
f 3726 3727 3718
f 1576 2101 2084
f 3727 3726 3731
f 3203 376 1387
f 3190 1387 1791
f 317 240 259
f 2000 2176 3653
f 3601 3599 3600
f 3589 3588 3584
f 3577 758 756
f 3585 3584 3582
f 3678 3679 3637
f 3204 375 376
f 1801 3655 3657
f 3729 3735 3728
f 1575 3735 3738
f 3735 1575 1576
f 1776 1795 1796
f 1293 1294 1290
f 1326 14 1327
f 1294 1245 1234
f 878 1244 1330
f 497 373 374
f 122 648 413
f 3699 3702 3704
f 3606 3405 3401
f 3708 3710 3698
f 3464 3714 3710
f 3704 3674 3443
f 439 398 399
f 1512 1528 1526
f 1668 1741 1738
f 839 849 1362
f 1362 1357 826
f 3843 740 1896
f 2053 2054 2118
f 3888 3887 2120
f 696 697 3816
f 1826 1878 639
f 3740 3739 3729
f 956 885 886
f 1980 806 1922
f 33 34 105
f 1343 1344 3856
f 3907 2127 2128
f 1766 1581 1582
f 14 1326 2163
f 595 98 99
f 3233 3238 3246
f 1346 1035 1044
f 748 1888 1425
f 3193 3208 3254
f 3190 3191 3206
f 3612 3605 3606
f 3624 3612 3615
f 3631 3415 3443
f 3679 3680 3644
f 3686 3650 3647
f 3702 3677 3674
f 3625 3615 3600
f 3601 3400 3415
f 3739 3738 3735
f 3630 3627 3594
f 3741 3723 3716
f 1284 1290 1288
f 3698 3696 3680
f 1778 1781 1780
f 1792 1759 1584
f 695 570 571
f 3638 3741 3594
f 3741 3638 3588
f 3247 3248 3209
f 3292 3293 3294
f 3296 3297 3298
f 3299 3298 3300
f 3302 3303 3304
f 3306 3307 3308
f 3307 3310 3311
f 3303 3302 3301
f 3312 3305 3304
f 3314 3315 3316
f 3318 3319 3320
f 3324 3318 3321
f 3326 3327 3328
f 3329 3330 3331
f 3333 3334 3335
f 3337 3338 3339
f 3333 3336 3341
f 3342 3341 3343
f 3319 3345 3344
f 3338 3335 3334
f 3346 3301 3302
f 3305 3348 3347
f 3350 3337 3340
f 3312 3349 3348
f 3352 3343 3341
f 3311 3353 3354
f 3341 3336 3327
f 3359 3360 3361
f 3318 3363 3345
f 3364 3363 3318
f 3314 3364 3324
f 3366 3299 3301
f 3299 3366 3367
f 3308 3354 3368
f 3369 3317 3295
f 3317 3369 3364
f 3370 3295 3317
f 3325 3371 3365
f 3352 3320 3319
f 3296 3367 3353
f 3297 3296 3311
f 3363 3368 3354
f 3345 3354 3353
f 3344 3353 3367
f 3366 3333 3342
f 3347 3339 3334
f 3339 3347 3348
f 3348 3349 3351
f 3363 3364 3369
f 3294 3309 3368
f 3293 3306 3309
f 3331 3373 3374
f 3346 3334 3333
f 3323 3322 3352
f 3356 3355 3321
f 3355 3357 3325
f 3357 3358 3371
f 3322 3356 3320
f 3361 3330 3329
f 3373 3372 3375
f 3374 3375 3376
f 3329 3332 3376
f 3327 3375 3372
f 3336 3335 3375
f 3335 3338 3376
f 3376 3338 3337
f 3337 3350 3359
f 3359 3350 3276
f 3377 3292 3295
f 3277 3316 3315
f 3371 3378 3379
f 3378 3371 3358
f 3365 3379 3315
f 3316 3277 3279
f 3282 3377 3370
f 3378 3285 3284
f 3380 3286 3285
f 3379 3284 3278
f 3276 3350 3351
f 3291 3351 3349
f 3313 3304 2965
f 2965 3304 3303
f 222 3303 3300
f 223 3300 3298
f 3298 3297 3185
f 3297 3310 2977
f 3310 3307 1213
f 3307 3306 1214
f 2532 1214 3306
f 2894 2532 3293
f 2871 2894 3292
f 3253 3225 3240
f 1997 1996 1889
f 1237 745 744
f 1535 1534 120
f 1531 1532 201
f 1119 1241 1032
f 946 948 824
f 163 8 5
f 3589 3726 3723
f 1155 1156 1162
f 427 213 327
f 553 1902 796
f 3381 2232 2231
f 3381 3178 2230
f 2237 3183 3180
f 3383 3384 3385
f 3384 3386 3387
f 3386 3388 3389
f 3388 3390 3391
f 3392 3393 3394
f 3395 3394 3396
f 3398 3399 3397
f 3400 3401 3399
f 3403 3404 3405
f 3406 3407 3404
f 3408 3409 3407
f 3410 3411 3409
f 3412 3413 3411
f 3415 3400 3398
f 3414 3398 3396
f 3416 3396 3394
f 3417 3394 3393
f 3393 3419 3420
f 3419 3390 3421
f 3390 3388 3422
f 3388 3386 3423
f 3386 3384 3424
f 3384 3383 3425
f 3425 3383 3426
f 2904 3427 3428
f 3429 3427 2904
f 3430 3429 2902
f 2875 3431 3430
f 3432 3433 2733
f 2825 3434 3435
f 3437 3438 3439
f 3441 3437 3436
f 2724 2723 3434
f 3436 3439 3115
f 3440 3436 3117
f 3443 3415 3414
f 3442 3414 3416
f 3444 3416 3417
f 3445 3417 3418
f 3446 3418 3420
f 3420 3421 3448
f 3421 3422 3449
f 3422 3423 3450
f 3423 3424 3451
f 3424 3425 3452
f 3425 3184 3056
f 3451 3452 2253
f 3450 3451 2252
f 3449 3450 1727
f 3448 3449 2150
f 3453 3447 3448
f 3454 3446 3447
f 3455 3445 3446
f 3456 3444 3445
f 3442 3444 3456
f 3443 3442 3457
f 3459 3460 3458
f 3457 3456 3455
f 3459 3455 3454
f 3462 3460 3459
f 3461 3454 3453
f 3464 3462 3461
f 3463 3453 1941
f 3404 3399 3401
f 3407 3397 3399
f 3409 3395 3397
f 3411 3392 3395
f 3465 3466 3413
f 3467 3468 3469
f 3465 3412 3431
f 3470 3467 3466
f 3438 3470 3432
f 3467 3470 3438
f 3468 3467 3437
f 3471 3469 3468
f 3472 3468 3441
f 3473 3441 3440
f 2712 3440 3119
f 3475 3471 3472
f 3474 3472 3473
f 3476 3473 2712
f 3477 3476 2711
f 3478 3474 3476
f 3479 3475 3474
f 3392 3411 3413
f 3466 3469 3480
f 3419 3393 3392
f 3390 3419 3480
f 3469 3471 3391
f 3389 3391 3471
f 3387 3389 3475
f 3385 3387 3479
f 3482 3477 2400
f 3483 3478 3477
f 3481 3479 3478
f 3484 3482 2402
f 3058 3484 2707
f 3061 3485 3484
f 3485 3483 3482
f 3382 3385 3481
f 3486 3481 3483
f 3426 3383 3382
f 3487 3382 3486
f 3486 3485 3061
f 1961 3057 3487
f 3057 3184 3426
f 3428 3403 3402
f 3427 3406 3403
f 3429 3408 3406
f 3430 3410 3408
f 3431 3412 3410
f 3470 3465 3433
f 3434 3439 3438
f 2723 3115 3439
f 2875 2733 3433
f 2736 2824 3435
f 2947 3428 3488
f 3464 3463 1360
f 1900 1925 1924
f 1736 1717 1718
f 1955 1952 1943
f 1671 1738 1735
f 1696 1750 1698
f 1800 1865 1864
f 2063 2055 2056
f 1737 1734 1717
f 1751 1735 1697
f 943 3885 3899
f 3656 3488 3402
f 1577 1578 1764
f 3917 1598 1599
f 1945 146 82
f 68 6 7
f 147 1542 1543
f 1109 1135 1133
f 1503 1910 1907
f 1499 1501 1909
f 452 1922 735
f 1824 2068 3835
f 1825 2067 2068
f 1463 1462 1022
f 841 1012 1009
f 1568 1547 1955
f 1910 1503 1502
f 1939 1502 422
f 309 280 1940
f 1804 1851 1866
f 269 1482 1954
f 2065 1607 2060
f 3812 1685 1758
f 280 276 552
f 1875 1873 1869
f 1739 1721 1734
f 1778 1779 1790
f 310 1920 1915
f 1909 1908 1906
f 1789 1783 1778
f 978 981 980
f 1584 1759 1731
f 425 426 311
f 148 1543 115
f 2044 3897 3894
f 277 1910 1939
f 1943 1946 1945
f 1461 1462 1463
f 2253 3452 3056
f 2981 2254 3489
f 2209 2998 3489
f 2254 2253 3055
f 2998 926 958
f 2826 2817 2721
f 3490 2739 2721
f 2816 3491 3490
f 2334 2297 2296
f 2298 2297 2334
f 2301 2298 2336
f 2311 2301 2338
f 2312 2311 2354
f 2359 2358 2361
f 2335 2296 2359
f 2414 2413 2365
f 2413 2270 2361
f 2355 2352 2540
f 2541 2540 2539
f 2722 2721 2739
f 3114 2722 2738
f 3110 3112 3121
f 3108 3110 3120
f 3122 1754 3127
f 3112 3122 3126
f 3127 1754 1753
f 3139 3133 2529
f 3744 3775 3133
f 3490 2789 2740
f 3491 2790 2789
f 228 229 91
f 245 244 243
f 248 7 247
f 2 297 296
f 145 146 300
f 327 213 210
f 329 332 331
f 239 241 240
f 373 376 375
f 178 177 176
f 1218 1225 1228
f 3862 1231 1295
f 808 809 824
f 3858 3859 1013
f 3813 3810 1411
f 2154 2149 2159
f 3845 3835 1758
f 306 807 1922
f 2157 2153 1976
f 708 709 2031
f 1450 1226 1227
f 1672 1604 1605
f 1813 1814 1821
f 1717 1716 1715
f 176 159 402
f 1710 1705 3916
f 1712 1580 1577
f 1705 1713 1711
f 971 978 979
f 822 823 1094
f 2909 2810 2793
f 2810 2769 2795
f 2799 2910 2249
f 3662 3643 2910
f 2769 2768 2801
f 3177 3176 3178
f 3178 3381 3180
f 3181 1394 1393
f 3181 1633 1632
f 3182 1632 2244
f 3183 2244 2243
f 3492 2791 2790
f 2808 3492 3491
f 2239 3574 3572
f 2202 3569 3566
f 2921 3564 3565
f 3568 3560 2133
f 1777 1579 1759
f 1201 1196 1183
f 3561 3554 2195
f 3553 3576 2770
f 3927 3925 1687
f 1516 152 154
f 3549 3562 2974
f 3550 3548 2779
f 3070 2771 3546
f 3547 3544 2775
f 1376 1375 1370
f 2767 3543 3556
f 2195 3554 3543
f 2775 3544 3542
f 3377 3282 3545
f 3804 3802 3539
f 2776 3542 3538
f 2240 3572 3535
f 2920 3535 3669
f 3548 3534 2786
f 1805 1850 1851
f 3534 3532 2787
f 2772 2951 3531
f 2973 2224 3530
f 1957 1953 320
f 306 305 304
f 2770 3576 3528
f 2913 3528 3574
f 2923 3565 3527
f 308 1940 431
f 207 208 132
f 1879 1876 1881
f 3733 3787 3525
f 2476 2475 3524
f 2223 2476 3523
f 3522 3549 2803
f 1959 1958 450
f 2003 3555 3520
f 9 10 334
f 2009 2008 3518
f 3877 672 673
f 3515 3550 2778
f 2935 3514 3513
f 111 1149 3570
f 3510 3514 2935
f 683 3876 3885
f 3508 3557 2810
f 736 733 732
f 1795 1804 1803
f 3505 3510 2938
f 3507 3505 2939
f 2950 3512 3504
f 2940 2949 3504
f 3801 3791 3512
f 2868 3509 3502
f 2869 3502 3522
f 1024 1034 1023
f 3500 3503 2948
f 551 1939 442
f 2972 3499 3568
f 2032 3533 3499
f 216 93 1924
f 203 202 201
f 1828 1848 1847
f 1958 1957 449
f 272 271 178
f 2871 3545 3495
f 3619 3669 3564
f 2801 2768 3643
f 2005 3758 3654
f 960 886 899
f 3657 3655 3612
f 3780 3788 3646
f 3151 3646 3593
f 2193 3604 3623
f 3607 3603 3145
f 3603 3649 2761
f 3592 3607 3144
f 2926 3658 3634
f 3634 3592 3104
f 3755 3754 3746
f 566 567 3758
f 3488 3656 1864
f 1602 1586 2079
f 2868 3658 3611
f 2922 3611 3610
f 2923 3610 3618
f 3670 3613 2918
f 3619 3670 3614
f 2921 3618 3670
f 2920 3614 3586
f 3613 3642 2915
f 2917 2766 3622
f 2916 2917 3641
f 2239 3587 3652
f 2911 3640 3652
f 3643 3640 2911
f 2797 2801 3662
f 2797 3591 3598
f 3622 3628 2763
f 3608 3628 2764
f 2194 3623 3648
f 2221 3648 3649
f 2756 3608 3609
f 2750 3598 3609
f 3669 3535 1817
f 3763 3770 1691
f 2515 3621 3590
f 2548 3590 3593
f 2513 2489 3632
f 2513 3616 3621
f 2509 3633 3620
f 2510 3632 3633
f 2289 3620 3639
f 2283 3639 3617
f 2240 3586 3587
f 3659 3657 3624
f 716 2121 3887
f 727 1999 3761
f 2165 2171 2170
f 3660 3659 3626
f 3743 3581 3578
f 2175 2172 769
f 2100 500 2095
f 3758 567 3757
f 1653 3576 3553
f 1653 1810 3528
f 3762 1603 1604
f 2093 2075 2073
f 959 996 995
f 962 899 919
f 1400 1401 1398
f 1000 817 1127
f 956 959 884
f 1662 3548 3550
f 3926 1689 3539
f 3535 3572 766
f 3572 3574 765
f 1684 1651 1652
f 1682 1683 775
f 1585 1603 3762
f 3763 3762 1672
f 2173 2174 490
f 1658 3544 3547
f 3556 3543 1650
f 1571 3754 2010
f 1587 3664 3671
f 2099 2095 2077
f 787 3761 1999
f 2000 3694 786
f 3155 339 3697
f 3713 3155 3683
f 2180 2179 3685
f 3496 2180 3684
f 1684 3846 3840
f 1760 464 3495
f 2607 3689 3693
f 2581 3676 3689
f 2371 2502 3700
f 2371 3695 3693
f 2587 3676 3675
f 2586 3675 3697
f 2497 3691 3687
f 2502 2503 3687
f 2494 3691 3690
f 3690 3688 2472
f 3688 3701 2468
f 3701 3703 2469
f 726 3908 3892
f 1837 3514 3510
f 1851 3507 3504
f 3527 3565 1820
f 1758 1685 3522
f 1693 3557 3508
f 3504 3512 1867
f 2126 1418 3813
f 3906 2126 3841
f 2113 3911 3867
f 2179 3713 3789
f 624 3903 3904
f 2192 3604 3788
f 2177 3541 3787
f 1364 3824 3833
f 3858 3855 1470
f 3135 1753 3775
f 2069 3812 3835
f 1351 3861 3853
f 2108 3882 3901
f 2089 2092 3736
f 3828 3834 1358
f 2001 3749 3783
f 2187 3783 3719
f 2130 3756 3752
f 2004 3752 3749
f 2014 3724 3779
f 2201 3779 3756
f 3167 3720 3759
f 3168 3724 3720
f 3159 3709 3764
f 3160 3764 3765
f 3730 3707 3158
f 3158 3707 3709
f 2200 3069 3730
f 3685 3789 3742
f 3722 3774 2197
f 3790 3736 2092
f 3774 3790 3721
f 3154 3706 3790
f 3155 3713 3706
f 2091 3719 3721
f 2196 3148 3750
f 2193 2196 3776
f 3604 2193 3781
f 2086 2192 3780
f 2087 2086 3778
f 2204 3742 3751
f 2205 3751 3750
f 3909 3886 574
f 2124 2087 3777
f 2208 2124 3760
f 3711 3785 3140
f 3785 3745 3138
f 3745 3744 3139
f 3771 3712 3136
f 3712 3711 3137
f 3775 3767 3131
f 3767 3782 3132
f 1813 3839 3838
f 1293 3854 3856
f 2184 2321 3748
f 2181 2184 3732
f 3765 3768 3079
f 3768 3734 3080
f 709 3873 3875
f 2774 2961 3737
f 3809 3808 766
f 2968 3784 3766
f 2969 3759 3784
f 2958 3747 3737
f 2132 3747 3766
f 2321 2185 3771
f 3860 3848 1449
f 3905 3874 582
f 3886 3889 577
f 3847 3826 1818
f 705 3902 3887
f 3816 3912 3907
f 2111 3883 3911
f 3810 3829 1366
f 1812 3839 3822
f 675 3851 3852
f 3496 3705 3851
f 2110 3867 3868
f 2104 3896 3901
f 2109 3868 3899
f 3842 3831 703
f 1680 3811 3846
f 1639 1627 3819
f 623 3904 3906
f 2139 2140 3866
f 1808 1640 3844
f 3820 3821 1819
f 3872 3914 3900
f 1646 3832 3830
f 3889 3890 633
f 2139 3865 3875
f 2156 2155 3871
f 674 3852 3913
f 2117 3817 3812
f 1815 3822 3847
f 3855 3849 1444
f 697 3906 3912
f 866 842 3836
f 3864 3869 2136
f 3585 3731 3726
f 3583 3740 3731
f 3753 3746 3738
f 3740 3583 3581
f 1088 3738 3746
f 3739 3740 3743
f 2791 3492 3493
f 3492 2808 2807
f 2792 3493 3494
f 3493 2807 2806
f 3508 2909 3494
f 3516 3494 2806
f 2948 3503 3791
f 2105 3908 3896
f 3538 3802 3804
f 680 3878 3876
f 1891 1890 3910
f 2905 3799 3801
f 2900 3797 3799
f 2901 3797 3807
f 2734 2878 3806
f 2877 3807 3806
f 2820 3800 3794
f 2818 3796 3792
f 2823 3793 3792
f 2822 3793 3798
f 2819 2735 3800
f 2817 3796 3795
f 2809 3805 3795
f 2808 3805 3803
f 2805 3804 3803
f 1702 3921 3923
f 3922 3920 1797
f 3915 3916 1706
f 3918 3927 1692
f 1657 3898 3880
f 1890 1877 3895
f 3772 3770 1674
f 1689 1690 3772
f 3926 3802 3538
f 3516 3539 1689
f 3917 3923 1703
f 1598 3917 3928
f 3880 3884 1876
f 1691 1690 3925
f 3925 3926 1688
f 3934 3933 3937
f 3934 3938 3939
f 3932 3936 3937
f 3938 3942 3943
f 3937 3936 3940
f 3937 3941 3942
f 3942 3946 3947
f 3941 3940 3944
f 3942 3941 3945
f 3947 3946 3950
f 3944 3948 3949
f 3945 3949 3950
f 3950 3954 3955
f 3949 3948 3952
f 3950 3949 3953
f 3955 3954 3958
f 3953 3952 3956
f 3953 3957 3958
f 3959 3958 3962
f 3957 3956 3960
f 3958 3957 3961
f 3962 3966 3967
f 3960 3964 3965
f 3961 3965 3966
f 3966 3970 3971
f 3965 3964 3968
f 3966 3965 3969
f 3970 3974 3975
f 3968 3972 3973
f 3969 3973 3974
f 3974 3978 3979
f 3973 3972 3976
f 3974 3973 3977
f 3979 3978 3982
f 3976 3980 3981
f 3977 3981 3982
f 3982 3986 3987
f 3981 3980 3984
f 3982 3981 3985
f 3987 3986 3990
f 3984 3988 3989
f 3985 3989 3990
f 3991 3990 3994
f 3989 3988 3992
f 3990 3989 3993
f 3995 3994 3998
f 3992 3996 3997
f 3993 3997 3998
f 3998 4002 4003
f 3997 3996 4000
f 3998 3997 4001
f 4002 4006 4007
f 4000 4004 4005
f 4001 4005 4006
f 4006 4010 4011
f 4005 4004 4008
f 4006 4005 4009
f 4011 4010 4014
f 4008 4012 4013
f 4009 4013 4014
f 4014 4018 4019
f 4013 4012 4016
f 4014 4013 4017
f 4019 4018 4022
f 4016 4020 4021
f 4017 4021 4022
f 4023 4022 4026
f 4021 4020 4024
f 4022 4021 4025
f 4027 4026 4030
f 4024 4028 4029
f 4025 4029 4030
f 4031 4030 4034
f 4029 4028 4032
f 4030 4029 4033
f 4034 4038 4039
f 4032 4036 4037
f 4033 4037 4038
f 4038 4042 4043
f 4037 4036 4040
f 4038 4037 4041
f 4043 4042 4046
f 4040 4044 4045
f 4041 4045 4046
f 4046 4050 4051
f 4045 4044 4048
f 4046 4045 4049
f 4051 4050 4055
f 4048 4053 4054
f 4049 4054 4055
f 4056 4055 4059
f 4053 4057 4058
f 4055 4054 4058
f 4060 4059 3934
f 4058 4057 3932
f 4058 3933 3934
f 4069 4068 4081
f 4065 4064 4077
f 4063 4062 4075
f 4071 4084 4085
f 4069 4082 4083
f 4067 4080 4081
f 4066 4065 4078
f 4063 4076 4077
f 4061 4074 4075
f 4072 4085 4086
f 4071 4070 4083
f 4076 4089 4090
f 4074 4087 4088
f 4086 4085 4098
f 4083 4096 4097
f 4082 4081 4094
f 4078 4077 4090
f 4076 4075 4088
f 4085 4084 4097
f 4082 4095 4096
f 4080 4093 4094
f 4089 4102 4103
f 4088 4087 4100
f 4098 4111 4112
f 4096 4109 4110
f 4095 4094 4107
f 4090 4103 4104
f 4089 4088 4101
f 4097 4110 4111
f 4095 4108 4109
f 4094 4093 4106
f 4092 4091 4104
f 4103 4102 4115
f 4100 4113 4114
f 4112 4111 4124
f 4110 4109 4122
f 4107 4120 4121
f 4103 4116 4117
f 4101 4114 4115
f 4110 4123 4124
f 4109 4108 4121
f 4107 4106 4119
f 4105 4104 4117
f 4115 4128 4129
f 4114 4113 4126
f 4124 4137 4138
f 4123 4122 4135
f 4120 4133 4134
f 4117 4116 4129
f 4114 4127 4128
f 4124 4123 4136
f 4122 4121 4134
f 4119 4132 4133
f 4117 4130 4131
f 4129 4128 4141
f 4126 4139 4140
f 4138 4137 4150
f 4136 4135 4148
f 4133 4146 4147
f 4130 4129 4142
f 4127 4140 4141
f 4137 4136 4149
f 4135 4134 4147
f 4132 4145 4146
f 4131 4130 4143
f 4142 4141 4154
f 4140 4139 4152
f 4150 4163 4164
f 4149 4148 4161
f 4146 4159 4160
f 4142 4155 4156
f 4140 4153 4154
f 4149 4162 4163
f 4148 4147 4160
f 4146 4145 4158
f 4144 4143 4156
f 4155 4154 4167
f 4153 4152 4165
f 4163 4176 4177
f 4161 4174 4175
f 4159 4172 4173
f 4155 4168 4169
f 4153 4166 4167
f 4163 4162 4175
f 4161 4160 4173
f 4159 4158 4171
f 4156 4169 4170
f 4167 4180 4181
f 4165 4178 4179
f 4176 4189 4190
f 4175 4174 4187
f 4173 4172 4185
f 4169 4168 4181
f 4167 4166 4179
f 4175 4188 4189
f 4173 4186 4187
f 4171 4184 4185
f 4170 4169 4182
f 4180 4193 4194
f 4178 4191 4192
f 4190 4189 4202
f 4187 4200 4201
f 4186 4185 4198
f 4182 4181 4194
f 4180 4179 4192
f 4189 4188 4201
f 4186 4199 4200
f 4184 4197 4198
f 4183 4182 4195
f 4193 4206 4207
f 4192 4191 4204
f 4202 4215 4216
f 4200 4213 4214
f 4199 4198 4211
f 4196 4209 4210
f 4194 4207 4208
f 4193 4192 4205
f 4201 4214 4215
f 4199 4212 4213
f 4198 4197 4210
f 4207 4206 4219
f 4204 4217 4218
f 4216 4215 4228
f 4213 4226 4227
f 4211 4224 4225
f 4209 4222 4223
f 4207 4220 4221
f 4205 4218 4219
f 4214 4227 4228
f 4213 4212 4225
f 4211 4210 4223
f 4219 4232 4233
f 4218 4217 4230
f 4228 4241 4242
f 4226 4239 4240
f 4225 4224 4237
f 4221 4220 4233
f 4218 4231 4232
f 4228 4227 4240
f 4226 4225 4238
f 4223 4236 4237
f 4221 4234 4235
f 4233 4232 4245
f 4230 4243 4244
f 4242 4241 4254
f 4240 4239 4252
f 4237 4250 4251
f 4234 4233 4246
f 4231 4244 4245
f 4241 4240 4253
f 4239 4238 4251
f 4236 4249 4250
f 4235 4234 4247
f 4246 4245 4258
f 4244 4243 4256
f 4254 4267 4268
f 4253 4252 4265
f 4250 4263 4264
f 4246 4259 4260
f 4244 4257 4258
f 4253 4266 4267
f 4252 4251 4264
f 4250 4249 4262
f 4259 4258 4271
f 4257 4256 4269
f 4267 4280 4281
f 4265 4278 4279
f 4263 4276 4277
f 4259 4272 4273
f 4257 4270 4271
f 4266 4279 4280
f 4265 4264 4277
f 4263 4262 4275
f 4260 4273 4274
f 4271 4284 4285
f 4269 4282 4283
f 4281 4280 4293
f 4279 4278 4291
f 4277 4276 4289
f 4273 4272 4285
f 4271 4270 4283
f 4280 4279 4292
f 4277 4290 4291
f 4275 4288 4289
f 4274 4273 4286
f 4284 4297 4298
f 4282 4295 4296
f 4294 4293 4306
f 4291 4304 4305
f 4290 4289 4302
f 4286 4285 4298
f 4284 4283 4296
f 4293 4292 4305
f 4290 4303 4304
f 4288 4301 4302
f 4297 4310 4311
f 4296 4295 4308
f 4306 4319 4320
f 4304 4317 4318
f 4303 4302 4315
f 4298 4311 4312
f 4297 4296 4309
f 4305 4318 4319
f 4304 4303 4316
f 4302 4301 4314
f 4300 4299 4312
f 4310 4323 4324
f 4308 4321 4322
f 4320 4319 4332
f 4318 4317 4330
f 4316 4315 4328
f 4313 4326 4327
f 4311 4324 4325
f 4310 4309 4322
f 4318 4331 4332
f 4316 4329 4330
f 4315 4314 4327
f 4323 4336 4337
f 4322 4321 4334
f 4332 4345 4346
f 4330 4343 4344
f 4329 4328 4341
f 4325 4324 4337
f 4322 4335 4336
f 4332 4331 4344
f 4330 4329 4342
f 4327 4340 4341
f 4325 4338 4339
f 4337 4336 4350
f 4334 4348 4349
f 4346 4345 4359
f 4344 4343 4357
f 4341 4355 4356
f 4338 4337 4351
f 4335 4349 4350
f 4345 4344 4358
f 4343 4342 4356
f 4340 4354 4355
f 4338 4352 4353
f 4351 4350 4363
f 4349 4348 4361
f 4359 4372 4373
f 4358 4357 4370
f 4355 4368 4369
f 4351 4364 4365
f 4349 4362 4363
f 4358 4371 4372
f 4357 4356 4369
f 4355 4354 4367
f 4364 4363 4376
f 4362 4361 4374
f 4373 4372 4385
f 4370 4383 4384
f 4368 4381 4382
f 4367 4366 4379
f 4364 4377 4378
f 4362 4375 4376
f 4372 4371 4384
f 4370 4369 4382
f 4368 4367 4380
f 4376 4389 4390
f 4374 4387 4388
f 4385 4398 4399
f 4384 4383 4396
f 4382 4381 4394
f 4378 4377 4390
f 4376 4375 4388
f 4384 4397 4398
f 4382 4395 4396
f 4380 4393 4394
f 4389 4402 4403
f 4387 4400 4401
f 4399 4398 4411
f 4396 4409 4410
f 4395 4394 4407
f 4391 4390 4403
f 4389 4388 4401
f 4398 4397 4410
f 4395 4408 4409
f 4393 4406 4407
f 4391 4404 4405
f 4402 4415 4416
f 4401 4400 4413
f 4411 4424 4425
f 4409 4422 4423
f 4408 4407 4420
f 4403 4416 4417
f 4402 4401 4414
f 4410 4423 4424
f 4408 4421 4422
f 4407 4406 4419
f 4416 4415 4428
f 4413 4426 4427
f 4425 4424 4437
f 4423 4422 4435
f 4421 4420 4433
f 4416 4429 4430
f 4415 4414 4427
f 4423 4436 4437
f 4421 4434 4435
f 4420 4419 4432
f 4428 4441 4442
f 4426 4439 4440
f 4437 4450 4451
f 4435 4448 4449
f 4434 4433 4446
f 4430 4429 4442
f 4427 4440 4441
f 4437 4436 4449
f 4435 4434 4447
f 4432 4445 4446
f 4430 4443 4444
f 4442 4441 4454
f 4439 4452 4453
f 4451 4450 4463
f 4449 4448 4461
f 4446 4459 4460
f 4443 4442 4455
f 4440 4453 4454
f 4450 4449 4462
f 4447 4460 4461
f 4445 4458 4459
f 4444 4443 4456
f 4455 4454 4467
f 4453 4452 4465
f 4463 4476 4477
f 4462 4461 4474
f 4459 4472 4473
f 4457 4470 4471
f 4455 4468 4469
f 4453 4466 4467
f 4462 4475 4476
f 4461 4460 4473
f 4459 4458 4471
f 4468 4467 4063
f 4466 4465 4061
f 4477 4476 4072
f 4474 4070 4071
f 4472 4068 4069
f 4468 4064 4065
f 4466 4062 4063
f 4476 4475 4071
f 4474 4473 4069
f 4472 4471 4067
f 4469 4065 4066
f 3935 4061 4465
f 4465 4452 4056
f 4452 4439 4051
f 4439 4426 4047
f 4047 4426 4413
f 4043 4413 4400
f 4039 4400 4387
f 4387 4374 4031
f 4031 4374 4361
f 4361 4348 4023
f 4348 4334 4019
f 4334 4321 4015
f 4015 4321 4308
f 4011 4308 4295
f 4007 4295 4282
f 4282 4269 3999
f 3999 4269 4256
f 4256 4243 3991
f 4243 4230 3987
f 4230 4217 3983
f 3983 4217 4204
f 3979 4204 4191
f 3975 4191 4178
f 4178 4165 3967
f 3967 4165 4152
f 4152 4139 3959
f 4139 4126 3955
f 4126 4113 3951
f 3951 4113 4100
f 3947 4100 4087
f 3943 4087 4074
f 4074 4061 3935
f 4480 4479 4483
f 4480 4484 4485
f 4479 4478 4482
f 4484 4488 4489
f 4482 4486 4487
f 4483 4487 4488
f 4488 4492 4493
f 4487 4486 4490
f 4488 4487 4491
f 4493 4492 4496
f 4490 4494 4495
f 4491 4495 4496
f 4496 4500 4501
f 4495 4494 4498
f 4496 4495 4499
f 4501 4500 4504
f 4498 4502 4503
f 4499 4503 4504
f 4505 4504 4508
f 4503 4502 4506
f 4504 4503 4507
f 4509 4508 4512
f 4506 4510 4511
f 4507 4511 4512
f 4513 4512 4516
f 4511 4510 4514
f 4512 4511 4515
f 4516 4520 4521
f 4514 4518 4519
f 4515 4519 4520
f 4520 4524 4525
f 4518 4522 4523
f 4520 4519 4523
f 4525 4524 4528
f 4522 4526 4527
f 4523 4527 4528
f 4528 4532 4533
f 4527 4526 4530
f 4528 4527 4531
f 4533 4532 4536
f 4530 4534 4535
f 4531 4535 4536
f 4537 4536 4540
f 4534 4538 4539
f 4536 4535 4539
f 4541 4540 4544
f 4539 4538 4542
f 4539 4543 4544
f 4544 4548 4549
f 4542 4546 4547
f 4544 4543 4547
f 4548 4552 4553
f 4547 4546 4550
f 4547 4551 4552
f 4552 4556 4557
f 4551 4550 4554
f 4552 4551 4555
f 4557 4556 4560
f 4554 4558 4559
f 4555 4559 4560
f 4560 4564 4565
f 4559 4558 4562
f 4560 4559 4563
f 4565 4564 4568
f 4562 4566 4567
f 4563 4567 4568
f 4569 4568 4572
f 4567 4566 4570
f 4568 4567 4571
f 4572 4576 4577
f 4570 4574 4575
f 4571 4575 4576
f 4576 4580 4581
f 4575 4574 4578
f 4576 4575 4579
f 4580 4584 4585
f 4578 4582 4583
f 4579 4583 4584
f 4584 4588 4589
f 4583 4582 4586
f 4584 4583 4587
f 4589 4588 4592
f 4586 4590 4591
f 4587 4591 4592
f 4592 4596 4597
f 4591 4590 4594
f 4592 4591 4595
f 4597 4596 4601
f 4594 4599 4600
f 4595 4600 4601
f 4602 4601 4605
f 4600 4599 4603
f 4601 4600 4604
f 4606 4605 4480
f 4603 4478 4479
f 4604 4479 4480
f 4615 4614 4627
f 4612 4625 4626
f 4611 4610 4623
f 4609 4608 4621
f 4618 4617 4630
f 4615 4628 4629
f 4613 4626 4627
f 4609 4622 4623
f 4607 4620 4621
f 4619 4618 4631
f 4617 4616 4629
f 4622 4635 4636
f 4620 4633 4634
f 4632 4631 4644
f 4629 4642 4643
f 4628 4627 4640
f 4626 4625 4638
f 4624 4623 4636
f 4622 4621 4634
f 4631 4630 4643
f 4628 4641 4642
f 4626 4639 4640
f 4635 4648 4649
f 4634 4633 4646
f 4644 4657 4658
f 4642 4655 4656
f 4641 4640 4653
f 4636 4649 4650
f 4635 4634 4647
f 4643 4656 4657
f 4642 4641 4654
f 4640 4639 4652
f 4637 4650 4651
f 4648 4661 4662
f 4646 4659 4660
f 4658 4657 4670
f 4656 4655 4668
f 4653 4666 4667
f 4649 4662 4663
f 4648 4647 4660
f 4656 4669 4670
f 4654 4667 4668
f 4653 4652 4665
f 4651 4650 4663
f 4661 4674 4675
f 4660 4659 4672
f 4670 4683 4684
f 4668 4681 4682
f 4667 4666 4679
f 4663 4662 4675
f 4661 4660 4673
f 4670 4669 4682
f 4667 4680 4681
f 4665 4678 4679
f 4675 4674 4687
f 4672 4685 4686
f 4684 4683 4696
f 4682 4681 4694
f 4679 4692 4693
f 4678 4677 4690
f 4676 4675 4688
f 4673 4686 4687
f 4683 4682 4695
f 4681 4680 4693
f 4678 4691 4692
f 4688 4687 4700
f 4686 4685 4698
f 4696 4709 4710
f 4695 4694 4707
f 4692 4705 4706
f 4688 4701 4702
f 4686 4699 4700
f 4695 4708 4709
f 4694 4693 4706
f 4692 4691 4704
f 4689 4702 4703
f 4701 4700 4713
f 4699 4698 4711
f 4710 4709 4722
f 4707 4720 4721
f 4705 4718 4719
f 4701 4714 4715
f 4699 4712 4713
f 4709 4708 4721
f 4707 4706 4719
f 4705 4704 4717
f 4713 4726 4727
f 4711 4724 4725
f 4723 4722 4735
f 4721 4720 4733
f 4719 4718 4731
f 4716 4729 4730
f 4715 4714 4727
f 4713 4712 4725
f 4721 4734 4735
f 4719 4732 4733
f 4717 4730 4731
f 4726 4739 4740
f 4724 4737 4738
f 4736 4735 4748
f 4733 4746 4747
f 4732 4731 4744
f 4728 4727 4740
f 4726 4725 4738
f 4735 4734 4747
f 4732 4745 4746
f 4730 4743 4744
f 4728 4741 4742
f 4739 4752 4753
f 4738 4737 4750
f 4748 4761 4762
f 4746 4759 4760
f 4745 4744 4757
f 4740 4753 4754
f 4739 4738 4751
f 4747 4760 4761
f 4745 4758 4759
f 4744 4743 4756
f 4753 4752 4765
f 4750 4763 4764
f 4762 4761 4774
f 4759 4772 4773
f 4758 4757 4770
f 4755 4768 4769
f 4753 4766 4767
f 4752 4751 4764
f 4760 4773 4774
f 4758 4771 4772
f 4757 4756 4769
f 4765 4778 4779
f 4764 4763 4776
f 4774 4787 4788
f 4772 4785 4786
f 4771 4770 4783
f 4769 4768 4781
f 4767 4766 4779
f 4765 4764 4777
f 4774 4773 4786
f 4771 4784 4785
f 4769 4782 4783
f 4779 4778 4791
f 4776 4789 4790
f 4788 4787 4800
f 4786 4785 4798
f 4783 4796 4797
f 4782 4781 4794
f 4780 4779 4792
f 4777 4790 4791
f 4787 4786 4799
f 4785 4784 4797
f 4782 4795 4796
f 4792 4791 4804
f 4790 4789 4802
f 4800 4813 4814
f 4799 4798 4811
f 4796 4809 4810
f 4795 4794 4807
f 4792 4805 4806
f 4790 4803 4804
f 4799 4812 4813
f 4798 4797 4810
f 4796 4795 4808
f 4805 4804 4817
f 4803 4802 4815
f 4814 4813 4826
f 4811 4824 4825
f 4809 4822 4823
f 4808 4807 4820
f 4805 4818 4819
f 4803 4816 4817
f 4813 4812 4825
f 4811 4810 4823
f 4809 4808 4821
f 4817 4830 4831
f 4815 4828 4829
f 4826 4839 4840
f 4825 4824 4837
f 4823 4822 4835
f 4820 4833 4834
f 4819 4818 4831
f 4817 4816 4829
f 4825 4838 4839
f 4823 4836 4837
f 4821 4834 4835
f 4830 4843 4844
f 4828 4841 4842
f 4840 4839 4852
f 4837 4850 4851
f 4836 4835 4848
f 4832 4831 4844
f 4830 4829 4842
f 4839 4838 4851
f 4836 4849 4850
f 4834 4847 4848
f 4832 4845 4846
f 4843 4856 4857
f 4842 4841 4854
f 4852 4865 4866
f 4850 4863 4864
f 4849 4848 4861
f 4844 4857 4858
f 4843 4842 4855
f 4851 4864 4865
f 4849 4862 4863
f 4848 4847 4860
f 4845 4858 4859
f 4857 4856 4869
f 4855 4854 4867
f 4866 4865 4878
f 4864 4863 4876
f 4862 4861 4874
f 4857 4870 4871
f 4856 4855 4868
f 4864 4877 4878
f 4862 4875 4876
f 4861 4860 4873
f 4859 4858 4871
f 4869 4882 4883
f 4868 4867 4880
f 4878 4891 4892
f 4877 4876 4889
f 4874 4887 4888
f 4871 4870 4883
f 4868 4881 4882
f 4878 4877 4890
f 4876 4875 4888
f 4873 4886 4887
f 4871 4884 4885
f 4883 4882 4896
f 4880 4894 4895
f 4892 4891 4905
f 4890 4889 4903
f 4887 4901 4902
f 4884 4883 4897
f 4881 4895 4896
f 4891 4890 4904
f 4889 4888 4902
f 4886 4900 4901
f 4885 4884 4898
f 4897 4896 4909
f 4895 4894 4907
f 4905 4918 4919
f 4904 4903 4916
f 4901 4914 4915
f 4897 4910 4911
f 4895 4908 4909
f 4904 4917 4918
f 4903 4902 4915
f 4901 4900 4913
f 4899 4898 4911
f 4910 4909 4922
f 4908 4907 4920
f 4919 4918 4931
f 4916 4929 4930
f 4914 4927 4928
f 4910 4923 4924
f 4908 4921 4922
f 4918 4917 4930
f 4916 4915 4928
f 4914 4913 4926
f 4911 4924 4925
f 4922 4935 4936
f 4920 4933 4934
f 4931 4944 4945
f 4930 4929 4942
f 4928 4927 4940
f 4924 4923 4936
f 4922 4921 4934
f 4930 4943 4944
f 4928 4941 4942
f 4926 4939 4940
f 4925 4924 4937
f 4935 4948 4949
f 4933 4946 4947
f 4945 4944 4957
f 4942 4955 4956
f 4941 4940 4953
f 4937 4936 4949
f 4935 4934 4947
f 4944 4943 4956
f 4941 4954 4955
f 4939 4952 4953
f 4948 4961 4962
f 4947 4946 4959
f 4957 4970 4971
f 4955 4968 4969
f 4954 4953 4966
f 4949 4962 4963
f 4948 4947 4960
f 4956 4969 4970
f 4954 4967 4968
f 4953 4952 4965
f 4951 4950 4963
f 4962 4961 4974
f 4959 4972 4973
f 4971 4970 4983
f 4968 4981 4982
f 4966 4979 4980
f 4962 4975 4976
f 4960 4973 4974
f 4969 4982 4983
f 4967 4980 4981
f 4966 4965 4978
f 4975 4974 4987
f 4973 4972 4985
f 4983 4996 4997
f 4981 4994 4995
f 4979 4992 4993
f 4976 4975 4988
f 4973 4986 4987
f 4983 4982 4995
f 4981 4980 4993
f 4978 4991 4992
f 4988 4987 5000
f 4985 4998 4999
f 4997 4996 5009
f 4995 4994 5007
f 4992 5005 5006
f 4989 4988 5001
f 4986 4999 5000
f 4996 4995 5008
f 4994 4993 5006
f 4991 5004 5005
f 4989 5002 5003
f 5001 5000 5013
f 4999 4998 5011
f 5009 5022 5023
f 5008 5007 5020
f 5005 5018 5019
f 5001 5014 5015
f 4999 5012 5013
f 5008 5021 5022
f 5007 5006 5019
f 5005 5004 5017
f 5002 5015 5016
f 5014 5013 4609
f 5012 5011 4607
f 5022 4618 4619
f 5020 4616 4617
f 5018 4614 4615
f 5014 4610 4611
f 5012 4608 4609
f 5021 4617 4618
f 5020 5019 4615
f 5018 5017 4613
f 4481 4607 5011
f 5011 4998 4602
f 4998 4985 4597
f 4985 4972 4593
f 4593 4972 4959
f 4589 4959 4946
f 4585 4946 4933
f 4933 4920 4577
f 4577 4920 4907
f 4907 4894 4569
f 4894 4880 4565
f 4880 4867 4561
f 4561 4867 4854
f 4557 4854 4841
f 4553 4841 4828
f 4828 4815 4545
f 4545 4815 4802
f 4802 4789 4537
f 4789 4776 4533
f 4776 4763 4529
f 4529 4763 4750
f 4525 4750 4737
f 4521 4737 4724
f 4724 4711 4513
f 4513 4711 4698
f 4698 4685 4505
f 4685 4672 4501
f 4672 4659 4497
f 4497 4659 4646
f 4493 4646 4633
f 4489 4633 4620
f 4620 4607 4481