# https://github.com/mikedh/trimesh
v -0.11171202 -0.14769368 -0.09877925
v -0.10855912 -0.15551743 -0.07417114
v -0.10131574 -0.14798114 -0.12121334
v -0.09985373 -0.00816895 -0.04349994
v -0.09967177 -0.14109841 -0.10002111
v -0.09946354 -0.00179010 -0.04147562
v -0.09926796 0.00007779 -0.03971928
v -0.09918640 0.00130779 -0.03796097
v -0.09903907 0.00040549 -0.04303699
v -0.09900296 -0.14909020 -0.07644231
v -0.09893197 -0.00627281 -0.04578577
v -0.09886812 0.00271019 -0.04135856
v -0.09855393 0.00461747 -0.03943021
v -0.09848706 -0.00854337 -0.04221635
v -0.09840578 0.00332639 -0.03620006
v -0.09823650 -0.00293979 -0.04019801
v -0.09809095 0.00666922 -0.03760279
v -0.09795300 -0.00107855 -0.03878012
v -0.09769680 0.00438855 -0.03419939
v -0.09767627 -0.01572745 -0.04446381
v -0.09752718 0.00031853 -0.03706056
v -0.09746595 -0.16998966 -0.05423224
v -0.09736424 -0.00813719 -0.04266855
v -0.09734470 0.00814174 -0.03524126
v -0.09717286 -0.00255660 -0.04059476
v -0.09702904 -0.01515960 -0.04655293
v -0.09685224 -0.00072409 -0.03906897
v -0.09683804 0.00167277 -0.03552105
v -0.09677085 -0.00711062 -0.04384914
v -0.09662732 -0.00521787 -0.04711309
v -0.09660488 -0.00165199 -0.04141032
v -0.09655124 0.00078301 -0.03744281
v -0.09640742 -0.00470158 -0.04419239
v -0.09640326 -0.01575613 -0.04340162
v -0.09628553 0.00244503 -0.03371596
v -0.09611655 0.00934752 -0.02932796
v -0.09606025 0.00192629 -0.04399107
v -0.09600838 0.00220366 -0.03584767
v -0.09600688 -0.02024920 -0.04402619
v -0.09594002 0.00068181 -0.04001169
v -0.09592374 0.00447958 -0.04205837
v -0.09586005 0.00662281 -0.03996688
v -0.09584589 -0.00022259 -0.04215966
v -0.09571891 0.00841001 -0.03772423
v -0.09569948 0.00240382 -0.03824552
v -0.09566773 0.00619430 -0.02918614
v -0.09551585 -0.02011808 -0.04585160
v -0.09540400 0.00990227 -0.03516848
v -0.09539772 0.00175338 -0.04056163
v -0.09527037 -0.00728194 -0.04415822
v -0.09517187 -0.01452818 -0.04804594
v -0.09515236 0.00401996 -0.03665151
v -0.09494995 0.00346113 -0.03886350
v -0.09478179 -0.01526958 -0.04351982
v -0.09462979 -0.01441188 -0.04441572
v -0.09455187 0.00389923 -0.02930682
v -0.09443595 0.00382189 -0.03569255
v -0.09435030 -0.01984256 -0.04374871
v -0.09430861 -0.00164553 -0.04120998
v -0.09417223 0.00485530 -0.03733843
v -0.09414852 0.00578802 -0.02696314
v -0.09400245 -0.00925777 -0.04294554
v -0.09397759 -0.01989214 -0.04754949
v -0.09394392 -0.02523577 -0.04317752
v -0.09388544 0.01135783 -0.02930303
v -0.09386088 -0.02563956 -0.04472111
v -0.09383312 0.00044150 -0.03942604
v -0.09381784 0.00958203 -0.02694578
v -0.09376225 0.00526313 -0.03608037
v -0.09356281 0.00611475 -0.03549516
v -0.09337430 -0.01685210 -0.04385954
v -0.09333115 0.00226342 -0.03790531
v -0.09330972 -0.00337718 -0.03956887
v -0.09327869 -0.01058910 -0.04133239
v -0.09320266 -0.01949345 -0.04400658
v -0.09309195 0.00393875 -0.02752212
v -0.09305426 0.00361609 -0.03647648
v -0.09304073 0.00527395 -0.03052961
v -0.09296903 0.01078453 -0.02634432
v -0.09296552 -0.01123376 -0.03812638
v -0.09294008 -0.00115934 -0.03749930
v -0.09288553 -0.01963487 -0.04400840
v -0.09286038 0.00443536 -0.03480885
v -0.09283596 -0.00486934 -0.03764251
v -0.09282399 0.00439277 -0.02523926
v -0.09269645 -0.02457367 -0.04314971
v -0.09266388 0.00122785 -0.03520374
v -0.09264507 -0.01810365 -0.04253891
v -0.09263010 0.00328828 -0.03466852
v -0.09256550 -0.01893951 -0.03978376
v -0.09249110 -0.00171068 -0.03443912
v -0.09248061 -0.00289191 -0.03582441
v -0.09245769 -0.02113925 -0.04333290
v -0.09237524 -0.02585403 -0.04647051
v -0.09226274 0.00653919 -0.03269104
v -0.09225157 0.00805781 -0.02483249
v -0.09217440 -0.00555068 -0.04557868
v -0.09211145 -0.02239524 -0.04173756
v -0.09210890 -0.03015721 -0.04145116
v -0.09203970 0.00624438 -0.03031896
v -0.09198907 -0.03124067 -0.04315508
v -0.09180301 0.00332265 -0.02593643
v -0.09172594 0.00981023 -0.02415031
v -0.09171056 -0.01894903 -0.03802066
v -0.09171014 0.00499371 -0.02830148
v -0.09170561 0.00429616 -0.03130638
v -0.09169956 -0.02441460 -0.04298595
v -0.09167858 -0.01412152 -0.04718353
v -0.09167773 0.00705174 -0.03217718
v -0.09157907 -0.01135911 -0.03615703
v -0.09144654 -0.02292386 -0.03923025
v -0.09136556 -0.00573081 -0.03458516
v -0.09122222 -0.02373269 -0.04357745
v -0.09119596 -0.00197079 -0.03188202
v -0.09119122 0.00587844 -0.02999727
v -0.09116520 -0.00386216 -0.03311331
v -0.09110070 -0.02543042 -0.04210226
v -0.09107889 0.00095598 -0.04178814
v -0.09104431 -0.02906346 -0.04155985
v -0.09099592 0.00419985 -0.02728309
v -0.09096578 0.00668542 -0.02955440
v -0.09095588 0.00569733 -0.02819450
v -0.09083891 -0.01939021 -0.04702763
v -0.09082506 0.00206564 -0.02994895
v -0.09077054 -0.02617498 -0.04034704
v -0.09076114 0.00891255 -0.03347871
v -0.09063496 -0.02851176 -0.04163041
v -0.09053946 0.00769816 -0.03565298
v -0.09052952 0.00117995 -0.02303413
v -0.09049495 0.00347613 -0.03969764
v -0.09043148 0.00615447 -0.02831703
v -0.09041044 0.00577438 -0.03764727
v -0.09040393 -0.01417614 -0.04590312
v -0.09040059 -0.03179094 -0.04492378
v -0.09039585 -0.00608289 -0.04375933
v -0.09036659 0.00957269 -0.02859687
v -0.09025244 -0.02268722 -0.03788588
v -0.09021998 0.00564362 -0.02789834
v -0.09020891 0.00476364 -0.02727680
v -0.09015942 -0.02830429 -0.04148461
v -0.08998596 -0.02610941 -0.03772254
v -0.08995912 -0.00574166 -0.03321959
v -0.08984111 0.00403038 -0.02165046
v -0.08980302 -0.01905349 -0.04598057
v -0.08977208 0.00963077 -0.02602820
v -0.08977120 -0.00211443 -0.03073351
v -0.08976830 -0.00382248 -0.03193186
v -0.08959514 -0.14351080 -0.07652621
v -0.08955582 -0.03467673 -0.03922373
v -0.08951108 -0.02511710 -0.04617723
v -0.08948692 -0.03632305 -0.04049485
v -0.08944742 -0.00083474 -0.02276062
v -0.08940976 0.05312283 -0.03312466
v -0.08936255 0.03862885 -0.03331011
v -0.08924808 -0.00011587 -0.04003522
v -0.08920778 0.03407733 -0.04566172
v -0.08919472 -0.03087740 -0.03993675
v -0.08919398 -0.01406470 -0.04490477
v -0.08918860 -0.02927810 -0.03990648
v -0.08918545 -0.00025408 -0.02418111
v -0.08917972 -0.01870592 -0.03712772
v -0.08916200 0.00505014 -0.02666433
v -0.08915580 0.04958239 -0.04788754
v -0.08914368 -0.13475761 -0.09830289
v -0.08913414 0.00929375 -0.02385424
v -0.08912519 0.00103993 -0.02826628
v -0.08910761 -0.01870595 -0.04526860
v -0.08908509 0.00671628 -0.02082227
v -0.08892202 -0.03283396 -0.03929641
v -0.08888091 -0.03177679 -0.03963739
v -0.08884486 -0.02448289 -0.04517298
v -0.08883277 0.00216838 -0.03787823
v -0.08876328 -0.01093048 -0.03455386
v -0.08875567 0.00060590 -0.02430681
v -0.08871158 -0.16176452 -0.05871589
v -0.08869878 0.00722217 -0.03223543
v -0.08866055 -0.02915782 -0.03820409
v -0.08866021 0.00448721 -0.02714531
v -0.08858121 0.00209631 -0.02067764
v -0.08856016 0.00849046 -0.02555674
v -0.08853526 0.00603085 -0.03415113
v -0.08851370 -0.00633804 -0.04244414
v -0.08844583 0.00831911 -0.02801542
v -0.08843489 0.00720678 -0.02080325
v -0.08842272 0.00434971 -0.03600695
v -0.08839034 -0.00357626 -0.03088384
v -0.08837155 -0.15224595 -0.13613665
v -0.08836112 -0.00213988 -0.03010988
v -0.08830847 -0.00517169 -0.03145891
v -0.08829460 -0.02549365 -0.03686156
v -0.08826040 -0.02381787 -0.04456500
v -0.08819129 -0.00211799 -0.02358614
v -0.08810652 -0.00257727 -0.02243079
v -0.08803679 0.00108471 -0.02427510
v -0.08796492 0.00838553 -0.02345203
v -0.08795562 0.02134475 -0.03241391
v -0.08795549 -0.02201932 -0.03738382
v -0.08793438 -0.00108790 -0.03858388
v -0.08781627 -0.03046906 -0.04479604
v -0.08779006 0.00643157 -0.02039161
v -0.08768816 -0.01785626 -0.04405429
v -0.08767881 0.01680095 -0.04023959
v -0.08763091 -0.00071565 -0.02350740
v -0.08762462 0.00754970 -0.02327068
v -0.08761273 -0.01384857 -0.04311470
v -0.08756692 -0.03713444 -0.04258706
v -0.08752904 0.04167616 -0.02061752
v -0.08752479 0.00742286 -0.02520613
v -0.08744289 -0.02230383 -0.04428538
v -0.08743453 0.00022467 -0.02795158
v -0.08740710 -0.02790635 -0.03589511
v -0.08732983 0.00141591 -0.02442384
v -0.08732448 -0.00292631 -0.02351705
v -0.08730978 0.00144034 -0.02638281
v -0.08730292 0.00545598 -0.03111970
v -0.08729259 0.00228319 -0.02650201
v -0.08728189 -0.00417813 -0.02264662
v -0.08727671 0.00087873 -0.03641867
v -0.08723253 0.00484450 -0.01997055
v -0.08720086 0.00418838 -0.03284588
v -0.08719221 -0.02937061 -0.04383196
v -0.08718862 -0.00554467 -0.02955847
v -0.08718164 0.00704849 -0.02751620
v -0.08713631 -0.00160311 -0.02347473
v -0.08713537 0.00272979 -0.03456039
v -0.08712976 -0.00368674 -0.02993209
v -0.08710309 -0.00030903 -0.02012445
v -0.08709015 0.05630432 -0.01846406
v -0.08703081 -0.00143313 -0.02763419
v -0.08693480 -0.02833975 -0.04332592
v -0.08691762 -0.00321496 -0.02967822
v -0.08674358 0.02359591 -0.02367719
v -0.08673227 -0.00589884 -0.02318352
v -0.08673209 -0.00397641 -0.02916580
v -0.08671281 -0.01745019 -0.04386185
v -0.08670710 0.00126772 -0.02486507
v -0.08669083 -0.00244057 -0.02895517
v -0.08667161 -0.00696576 -0.04070733
v -0.08666883 -0.00058549 -0.02378628
v -0.08662854 0.07044657 -0.03341800
v -0.08662250 -0.01345548 -0.04285615
v -0.08652898 -0.03090820 -0.03603669
v -0.08650772 -0.00364462 -0.02856600
v -0.08650398 -0.03265915 -0.03733382
v -0.08645156 -0.02645599 -0.04380415
v -0.08641214 -0.00181764 -0.02684461
v -0.08640390 -0.00360404 -0.02344239
v -0.08639090 -0.00515369 -0.02855959
v -0.08638145 0.00038867 -0.02648564
v -0.08637530 -0.00267039 -0.02335499
v -0.08632986 0.00752157 -0.02708280
v -0.08632394 -0.02169959 -0.04426510
v -0.08623073 0.06798121 -0.04922840
v -0.08618157 0.00066131 -0.02519006
v -0.08614346 -0.04090391 -0.03460682
v -0.08612779 -0.00306610 -0.02801957
v -0.08608688 0.00428829 -0.02972304
v -0.08607614 -0.02477179 -0.03720681
v -0.08607443 -0.00710915 -0.02347296
v -0.08605903 0.01045567 -0.02979018
v -0.08604263 -0.00300844 -0.02006903
v -0.08603261 -0.00041580 -0.02418541
v -0.08597582 0.00631227 -0.02796097
v -0.08597130 0.00776547 -0.02593449
v -0.08596280 -0.00445503 -0.02752524
v -0.08589498 -0.00754283 -0.02991809
v -0.08587177 -0.14185567 -0.12272202
v -0.08583879 0.00028667 -0.02508033
v -0.08583765 0.00562636 -0.03225553
v -0.08581948 0.00618572 -0.02681914
v -0.08580431 0.00455978 -0.02801939
v -0.08578189 -0.00712288 -0.04058426
v -0.08575331 -0.03541644 -0.04235185
v -0.08573531 0.00686386 -0.03017380
v -0.08573209 0.00618318 -0.02651558
v -0.08569924 0.01228326 -0.02505880
v -0.08569539 0.00780581 -0.02470320
v -0.08569277 0.00965524 -0.04685769
v -0.08568778 -0.02694841 -0.03584519
v -0.08564610 0.00803385 -0.03420261
v -0.08557754 -0.00073055 -0.02489450
v -0.08552589 0.00280903 -0.01851649
v -0.08545803 0.00541568 -0.02774723
v -0.08542853 -0.03527304 -0.03598415
v -0.08541264 -0.00637468 -0.02802933
v -0.08534105 0.02683610 -0.06242587
v -0.08530651 -0.00807631 -0.02448936
v -0.08527718 0.00156285 -0.03061816
v -0.08527021 -0.02549534 -0.04398417
v -0.08525999 0.02176867 -0.01554694
v -0.08522415 -0.00557256 -0.02046078
v -0.08521469 -0.03741326 -0.03496999
v -0.08520956 -0.04343279 -0.03242509
v -0.08519698 -0.03389845 -0.04156404
v -0.08518146 -0.00370459 -0.02322172
v -0.08517654 -0.00237483 -0.03763108
v -0.08517283 -0.00085979 -0.02517246
v -0.08515917 -0.04369951 -0.03587534
v -0.08510912 -0.00726551 -0.04060502
v -0.08508222 -0.01285479 -0.04265878
v -0.08507033 0.00993618 -0.02078246
v -0.08506804 -0.00267809 -0.02347333
v -0.08504464 0.00589977 -0.01917405
v -0.08503118 -0.03014208 -0.04262153
v -0.08500830 0.00338618 -0.03017532
v -0.08498192 -0.03251170 -0.04122842
v -0.08498120 0.04540724 -0.06491318
v -0.08495425 -0.00495543 -0.02334782
v -0.08488385 -0.02896561 -0.03451649
v -0.08488257 -0.00227203 -0.02372565
v -0.08487505 -0.00080886 -0.03536430
v -0.08484409 0.00078845 -0.03335331
v -0.08484174 -0.01851536 -0.04373548
v -0.08482218 0.00404848 -0.03260801
v -0.08479443 0.00206654 -0.03172524
v -0.08479171 -0.00217024 -0.02389939
v -0.08475994 -0.03225856 -0.03469919
v -0.08465030 -0.03405806 -0.03502522
v -0.08454313 -0.00316570 -0.03767045
v -0.08453733 -0.00318429 -0.02500419
v -0.08453435 -0.00557988 -0.02676216
v -0.08444878 -0.01042377 -0.02591759
v -0.08437158 -0.00785171 -0.02117509
v -0.08430799 -0.00051752 -0.01793833
v -0.08430640 0.04200862 -0.00693060
v -0.08429714 -0.02137118 -0.04399007
v -0.08425305 -0.02876875 -0.04327375
v -0.08420660 -0.03635037 -0.03392154
v -0.08418232 0.01584067 -0.01128803
v -0.08414638 -0.03889187 -0.03269567
v -0.08410838 0.00353378 -0.03731318
v -0.08406593 -0.00407552 -0.03839966
v -0.08403052 -0.00971293 -0.02236150
v -0.08402538 -0.00393855 -0.02359603
v -0.08401314 -0.04570172 -0.03022938
v -0.08399481 -0.00614959 -0.02383873
v -0.08393709 0.07286535 -0.01730365
v -0.08389100 -0.03388315 -0.03351852
v -0.08383923 0.00079874 -0.03158883
v -0.08383633 -0.00445292 -0.02359032
v -0.08379485 -0.02644182 -0.03687447
v -0.08375368 -0.01410450 -0.03660889
v -0.08371121 -0.00212644 -0.03644947
v -0.08364109 -0.02501357 -0.04381590
v -0.08363879 -0.00491251 -0.02430854
v -0.08360687 -0.01120816 -0.03667376
v -0.08359531 -0.00121202 -0.03549485
v -0.08356088 0.00177308 -0.05120678
v -0.08351829 -0.02742162 -0.04301671
v -0.08350821 -0.00470963 -0.02344136
v -0.08350297 -0.01835846 -0.03949515
v -0.08344835 0.00257738 -0.01702819
v -0.08344302 -0.00008293 -0.03423932
v -0.08343978 0.05827553 -0.00458296
v -0.08336329 -0.03624255 -0.03193463
v -0.08336155 -0.02811352 -0.03500506
v -0.08332302 -0.01262217 -0.02491120
v -0.08329963 0.00046742 -0.03366474
v -0.08329136 -0.00208226 -0.04058615
v -0.08324815 -0.00467058 -0.01820307
v -0.08321303 0.00353358 -0.03025135
v -0.08321004 -0.00693154 -0.02432616
v -0.08320317 -0.03006514 -0.03350902
v -0.08318935 0.00705279 -0.01675199
v -0.08314393 -0.00717885 -0.02976663
v -0.08314356 -0.04651913 -0.03345324
v -0.08310778 -0.01275351 -0.02884824
v -0.08308653 -0.00703148 -0.02745002
v -0.08300959 -0.00543380 -0.02418015
v -0.08297578 -0.18379359 -0.03591289
v -0.08295427 0.00193981 -0.03197249
v -0.08284785 0.03064732 -0.00146494
v -0.08280633 -0.03134765 -0.03193074
v -0.08277504 -0.01537746 -0.02926379
v -0.08269972 -0.04394487 -0.03699125
v -0.08262939 -0.03996061 -0.02937107
v -0.08255559 -0.01722945 -0.03295147
v -0.08254969 -0.00311730 -0.01656784
v -0.08250771 -0.02142733 -0.04020024
v -0.08244486 -0.00607536 -0.02462482
v -0.08243793 0.01042318 -0.06629250
v -0.08237299 -0.00628544 -0.02456430
v -0.08235162 -0.01950486 -0.03986234
v -0.08234137 -0.00821251 -0.03189915
v -0.08231940 0.01010262 -0.00879642
v -0.08229312 0.06484779 -0.06596845
v -0.08223872 -0.01642287 -0.03140277
v -0.08220816 -0.03296661 -0.03010843
v -0.08220661 -0.00823516 -0.01924826
v -0.08220129 -0.03443239 -0.02854762
v -0.08218224 -0.00865879 -0.02516412
v -0.08216996 -0.00627544 -0.02493815
v -0.08214223 0.00167543 -0.01447118
v -0.08203535 -0.00645025 -0.02504856
v -0.08203086 -0.00863639 -0.02865978
v -0.08198918 -0.02920634 -0.03384889
v -0.08198372 -0.01201384 -0.04226603
v -0.08197521 -0.01495114 -0.03167167
v -0.08196132 -0.00727779 -0.02509661
v -0.08195624 -0.00942060 -0.03094384
v -0.08193428 -0.01331930 -0.03007600
v -0.08187358 -0.00787413 -0.02682651
v -0.08178653 0.08200026 -0.03461935
v -0.08165435 -0.02777625 -0.03613746
v -0.08165130 -0.01053050 -0.03077599
v -0.08162665 -0.01437846 -0.03463105
v -0.08162042 -0.03014803 -0.03177765
v -0.08157469 -0.02258412 -0.04041993
v -0.08157433 0.07974066 -0.05020944
v -0.08154342 -0.02028050 -0.02375942
v -0.08151966 -0.02333952 -0.04021275
v -0.08151235 -0.01812742 -0.02386552
v -0.08146937 -0.04128551 -0.03705982
v -0.08145887 -0.04855312 -0.02700416
v -0.08145627 -0.00948706 -0.02874589
v -0.08139716 -0.01060132 -0.02744415
v -0.08136629 -0.00847294 -0.02701032
v -0.08135251 -0.03202504 -0.02944041
v -0.08131434 -0.03478511 -0.03941716
v -0.08128903 -0.04575274 -0.02520359
v -0.08124932 -0.14836323 -0.13411364
v -0.08123379 -0.01888229 -0.02254579
v -0.08120339 -0.03962620 -0.03666933
v -0.08120109 -0.02071695 -0.02254836
v -0.08119160 -0.01987523 -0.03805096
v -0.08117419 0.02199464 0.00186829
v -0.08111736 -0.03295999 -0.04052688
v -0.08108271 -0.03426665 -0.02760040
v -0.08103234 0.05890015 0.00275394
v -0.08101471 -0.04862939 -0.03084864
v -0.08100773 -0.01164069 -0.02114606
v -0.08098633 0.05238951 0.00457493
v -0.08098141 -0.04006189 -0.02619593
v -0.08097587 -0.01139501 -0.02902556
v -0.08087455 -0.01662368 -0.02392970
v -0.08084481 -0.01185487 -0.03047538
v -0.08080158 -0.02255527 -0.02375752
v -0.08079254 -0.01727139 -0.02242843
v -0.08061152 -0.03815731 -0.03645935
v -0.08061109 -0.15461825 -0.05979338
v -0.08058362 -0.03065391 -0.04137310
v -0.08058068 -0.00879028 -0.01686379
v -0.08054197 -0.04647639 -0.03387507
v -0.08052251 -0.02937216 -0.03176284
v -0.08051182 -0.02263542 -0.02259280
v -0.08050379 -0.01901683 -0.02171274
v -0.08050144 -0.02475858 -0.02433122
v -0.08049759 -0.02036691 -0.03489880
v -0.08049159 -0.04480541 -0.02379290
v -0.08045106 -0.01595936 -0.02342328
v -0.08043785 -0.02010955 -0.02142950
v -0.08043031 -0.01481757 -0.02458097
v -0.08041330 -0.02298092 -0.03853515
v -0.08040784 -0.02293005 -0.03571139
v -0.08040585 -0.01585970 -0.02200411
v -0.08037982 -0.02864361 -0.03472295
v -0.08030983 0.00106186 -0.00824585
v -0.08028699 -0.02453813 -0.02285510
v -0.08026093 -0.01011873 -0.05233639
v -0.08018203 -0.01821397 -0.02139841
v -0.08017670 -0.00711229 -0.01412347
v -0.08004905 -0.03130932 -0.02867875
v -0.08004843 -0.01574303 -0.02751757
v -0.08000522 -0.01962352 -0.04290405
v -0.07998129 -0.01859804 -0.02580616
v -0.07995936 -0.01778943 -0.03065860
v -0.07991698 -0.01746547 -0.02065628
v -0.07989155 -0.02426759 -0.03976913
v -0.07988395 -0.02611183 -0.02314463
v -0.07987966 0.04087774 0.00926759
v -0.07973993 -0.02172024 -0.02097926
v -0.07973682 -0.02067395 -0.02566944
v -0.07967558 -0.02957324 -0.03007615
v -0.07958657 -0.02169181 -0.03336988
v -0.07957768 -0.01670947 -0.02579144
v -0.07955709 0.08354580 -0.01906896
v -0.07952335 -0.04314989 -0.03429829
v -0.07952283 -0.03945113 -0.02439466
v -0.07943533 -0.02680086 -0.02441972
v -0.07942799 -0.04393590 -0.02245325
v -0.07937010 -0.01403569 -0.01785873
v -0.07932697 -0.01585149 -0.02577445
v -0.07931106 -0.03386786 -0.02641366
v -0.07927512 -0.01589010 -0.02698514
v -0.07924933 -0.13769710 -0.07410400
v -0.07922373 -0.02496552 -0.02122815
v -0.07921654 -0.01535178 -0.02599860
v -0.07921431 -0.04132760 -0.03424583
v -0.07920932 -0.02284326 -0.02578206
v -0.07919089 -0.02944989 -0.04152142
v -0.07914093 -0.12886386 -0.09354166
v -0.07909080 -0.01835307 -0.02600097
v -0.07905000 -0.02975448 -0.02947208
v -0.07901132 -0.01587278 -0.02606063
v -0.07900552 -0.03089233 -0.02822213
v -0.07895011 0.07477873 0.00009227
v -0.07892547 -0.02012424 -0.02593599
v -0.07890871 -0.02497532 -0.03603029
v -0.07888448 -0.01699945 -0.02608823
v -0.07885744 0.00973616 0.00314555
v -0.07883241 -0.02755355 -0.02190723
v -0.07882743 -0.02366200 -0.03424884
v -0.07881287 0.07693277 -0.06431758
v -0.07870652 -0.01614841 -0.02615194
v -0.07868341 -0.04902041 -0.02305160
v -0.07863164 -0.01552540 -0.02630240
v -0.07859790 -0.04009825 -0.03396380
v -0.07857518 -0.00325872 0.00333337
v -0.07857388 -0.03705158 -0.03810319
v -0.07849903 -0.03052210 -0.02835837
v -0.07844196 -0.01632101 -0.01482398
v -0.07843904 -0.02484773 -0.02639163
v -0.07839852 -0.02273685 -0.01861607
v -0.07835204 0.02997029 0.01189576
v -0.07832950 -0.02202107 -0.02603681
v -0.07824684 -0.00952471 -0.00866086
v -0.07822175 -0.02536669 -0.03817990
v -0.07821858 -0.02685563 -0.03509245
v -0.07815190 -0.03630689 -0.03865933
v -0.07813626 -0.02429973 -0.01699466
v -0.07809906 -0.01702864 -0.02911217
v -0.07809540 -0.04803676 -0.03102114
v -0.07808338 -0.03226706 -0.02656321
v -0.07802211 -0.02627513 -0.04257683
v -0.07792752 -0.02555370 -0.03364697
v -0.07790388 -0.01965801 -0.03079426
v -0.07790207 -0.04808222 -0.02208889
v -0.07790129 -0.02674818 -0.01929148
v -0.07788848 -0.04299532 -0.02074545
v -0.07786208 -0.02398732 -0.01503490
v -0.07784354 -0.02829378 -0.03376564
v -0.07780813 -0.04451342 -0.03175306
v -0.07780513 -0.00609024 -0.06711543
v -0.07779486 -0.04267657 -0.03215396
v -0.07773623 -0.01830997 -0.02639622
v -0.07768597 -0.03507679 -0.02261458
v -0.07768580 -0.02171102 -0.03197995
v -0.07766679 -0.03948076 -0.02098188
v -0.07764281 -0.02709700 -0.01743949
v -0.07763153 -0.04137425 -0.03245229
v -0.07756103 -0.02998322 -0.02081306
v -0.07755762 -0.01987029 -0.02647740
v -0.07755727 -0.03353210 -0.02324931
v -0.07754785 -0.01720643 -0.02656446
v -0.07754602 -0.02402990 -0.02647948
v -0.07753305 -0.03516597 -0.03930528
v -0.07751124 -0.02941913 -0.03261154
v -0.07747382 -0.03134252 -0.02698484
v -0.07746790 -0.02974164 -0.03155847
v -0.07739691 -0.02014108 -0.00983903
v -0.07738048 -0.04708397 -0.02077133
v -0.07737918 -0.01588497 -0.02684471
v -0.07727703 -0.02744354 -0.03234635
v -0.07721987 -0.01632701 0.00194666
v -0.07718913 -0.03415027 -0.02091719
v -0.07718265 -0.02931588 -0.02412152
v -0.07715015 -0.03261233 -0.02106295
v -0.07712194 -0.01902610 -0.05168908
v -0.07705466 -0.02901969 -0.03449590
v -0.07700936 -0.05018168 -0.02568781
v -0.07699166 -0.02164602 -0.02680138
v -0.07694727 -0.03032571 -0.01862915
v -0.07694512 -0.02771376 -0.03671572
v -0.07694268 -0.02344567 -0.03214964
v -0.07685158 -0.03014589 -0.03106802
v -0.07684978 -0.04487187 -0.01968635
v -0.07683650 -0.03000036 -0.01621331
v -0.07674078 0.06877090 0.01072417
v -0.07672592 -0.02986618 -0.01226174
v -0.07671801 -0.03591944 -0.01967325
v -0.07663175 -0.03327190 -0.01943712
v -0.07655919 -0.13368337 -0.11571512
v -0.07655896 -0.03887905 -0.03447635
v -0.07651946 -0.03220484 -0.02387722
v -0.07650663 -0.02954038 -0.03226104
v -0.07643455 0.01666528 0.01304097
v -0.07636018 -0.01204463 0.01227262
v -0.07632473 -0.02444662 -0.03182594
v -0.07612766 -0.04016871 -0.03232400
v -0.07611190 -0.02348738 -0.02732414
v -0.07610550 0.00204432 0.01301489
v -0.07597159 -0.03025139 -0.03007890
v -0.07594629 -0.02784579 -0.02684947
v -0.07591648 -0.03588478 -0.03762842
v -0.07585878 -0.03820075 -0.03525970
v -0.07575461 -0.02025840 -0.03190709
v -0.07571544 -0.04164609 -0.03052536
v -0.07571134 0.03224138 -0.08391198
v -0.07568120 0.04525495 -0.08307827
v -0.07563195 -0.03739676 -0.03582195
v -0.07562351 0.06119409 0.01687118
v -0.07560703 -0.03516303 -0.01759492
v -0.07559817 -0.04343953 -0.01891619
v -0.07553291 -0.03189040 -0.00051136
v -0.07549137 -0.02722055 -0.02743911
v -0.07540303 -0.02902730 -0.03111397
v -0.07533282 0.08490966 -0.00438518
v -0.07526573 -0.02610142 -0.03056547
v -0.07515037 -0.02770175 -0.02907129
v -0.07511649 -0.04330278 -0.02941020
v -0.07501835 -0.03944647 -0.03283751
v -0.07496398 -0.01860053 -0.03058936
v -0.07495661 -0.04039730 -0.03128456
v -0.07493842 -0.02954615 -0.02812462
v -0.07489938 -0.02190408 -0.03225625
v -0.07488962 -0.03824059 -0.01473399
v -0.07487778 -0.17354906 -0.04311857
v -0.07483960 -0.04907765 -0.02264347
v -0.07480916 -0.04007736 -0.01854806
v -0.07476908 -0.03788266 -0.03538381
v -0.07473237 -0.01693624 -0.03002095
v -0.07463246 -0.01732332 -0.02812428
v -0.07462447 -0.04504529 -0.02846694
v -0.07462417 -0.03867995 -0.03400036
v -0.07459617 -0.01833227 -0.02798491
v -0.07455249 -0.04149701 -0.02980931
v -0.07453367 -0.01608928 -0.02855542
v -0.07453141 -0.02851110 -0.02851601
v -0.07444547 -0.03994349 -0.00347230
v -0.07441022 -0.01947771 -0.02796330
v -0.07440953 0.05055339 0.02259633
v -0.07432208 -0.02630408 -0.02850542
v -0.07428826 -0.03988253 -0.03208634
v -0.07421345 0.01587856 -0.08529082
v -0.07420333 -0.04720983 -0.02059196
v -0.07418972 -0.02337597 -0.03247245
v -0.07412952 -0.01704469 -0.06573230
v -0.07411265 -0.04824789 -0.02657770
v -0.07409474 -0.04457199 -0.01780419
v -0.07406037 0.06229263 -0.08199386
v -0.07405806 -0.04056599 -0.03082232
v -0.07404825 -0.03969399 -0.03270681
v -0.07404184 -0.02592644 -0.02987863
v -0.07393682 -0.02704368 -0.04996822
v -0.07389599 -0.02690065 0.01172234
v -0.07386364 -0.02087908 -0.02819942
v -0.07385662 -0.15644874 -0.14488484
v -0.07377677 -0.04280422 -0.02889560
v -0.07370972 -0.04128598 -0.02975559
v -0.07370556 -0.03606691 -0.03703697
v -0.07353797 -0.02474348 -0.03199999
v -0.07325821 -0.04441095 -0.02791365
v -0.07325071 -0.04081763 -0.03079681
v -0.07322971 -0.02224722 -0.02875330
v -0.07321552 -0.04756023 -0.00873208
v -0.07309661 -0.04197375 -0.02925841
v -0.07258485 -0.14742656 -0.05812311
v -0.07246021 -0.00556210 0.02372127
v -0.07237098 -0.04717218 -0.02490980
v -0.07227363 -0.02414384 -0.03012226
v -0.07217784 -0.03968565 -0.03305728
v -0.07214464 -0.02469170 -0.03133629
v -0.07196975 0.09212693 -0.05312543
v -0.07193601 0.09454127 -0.03745526
v -0.07169548 0.03781930 0.02910943
v -0.07164645 -0.01829160 0.02434282
v -0.07164386 -0.04969325 0.00372266
v -0.07163353 -0.04297411 -0.02877089
v -0.07155222 0.02221652 0.02564898
v -0.07154938 -0.01733732 -0.02938669
v -0.07150468 -0.01676144 -0.03019601
v -0.07147519 0.09453535 -0.02139674
v -0.07144519 0.07271887 0.01837401
v -0.07138077 -0.02517581 -0.06361052
v -0.07136425 -0.01778181 -0.02897280
v -0.07134573 0.07979713 0.01286993
v -0.07129288 0.07340072 -0.08027899
v -0.07128694 -0.01734171 -0.03052963
v -0.07127027 0.00813317 0.02393698
v -0.07117545 -0.01814622 -0.03108313
v -0.07112890 -0.05605423 -0.00495638
v -0.07108296 -0.04479771 -0.02266559
v -0.07107194 -0.04415349 0.01096158
v -0.07091399 -0.01666371 -0.02953231
v -0.07087479 -0.01872126 -0.02924653
v -0.07073690 -0.01966799 -0.03171105
v -0.07062187 -0.01715437 -0.02949667
v -0.07057025 -0.02301392 -0.03274512
v -0.07051884 -0.04780573 -0.02433941
v -0.07047798 -0.00225131 -0.08370632
v -0.07037357 0.06531994 0.02451191
v -0.07037001 -0.01992287 -0.02966402
v -0.07031416 -0.02107455 -0.03243615
v -0.07023691 -0.01826292 -0.02988796
v -0.07015701 -0.05949865 -0.01311364
v -0.07015360 0.08838765 -0.06633304
v -0.07004187 -0.13083000 -0.06975149
v -0.06995361 0.08622143 0.00798366
v -0.06994656 -0.01941362 -0.03023507
v -0.06983024 -0.15057695 -0.14027438
v -0.06977902 -0.02085816 -0.03004147
v -0.06967488 -0.03679584 0.01931488
v -0.06963877 -0.02077372 -0.03067745
v -0.06963336 -0.02282054 -0.03138829
v -0.06962965 -0.02270877 -0.03139933
v -0.06927881 -0.12340397 -0.08646007
v -0.06904384 0.05661694 0.03081785
v -0.06900600 -0.01221868 0.03204590
v -0.06896243 -0.04215177 -0.03797732
v -0.06889375 -0.16419482 -0.04531103
v -0.06881550 -0.00090823 0.03095018
v -0.06880795 -0.04467300 -0.03363533
v -0.06872919 0.09417550 -0.00672084
v -0.06860365 -0.04661501 -0.02949083
v -0.06849454 -0.12712936 -0.10957365
v -0.06820278 -0.02906549 0.02897890
v -0.06770164 -0.06256537 -0.02032609
v -0.06766111 -0.01382109 -0.08119070
v -0.06765086 0.01050959 0.03163454
v -0.06753749 -0.06128229 0.00945294
v -0.06715066 -0.05348208 0.01748193
v -0.06701212 0.02235777 0.03412226
v -0.06683161 0.08292371 -0.07841077
v -0.06676731 -0.02237299 0.03592585
v -0.06651020 0.04890461 0.03676032
v -0.06649318 -0.06332137 -0.02436189
v -0.06643970 -0.06842621 0.00038644
v -0.06633011 -0.13915798 -0.05408359
v -0.06620908 -0.03985705 -0.05785755
v -0.06605661 -0.04397368 0.02578849
v -0.06577855 -0.06326682 -0.03000472
v -0.06544033 0.03336634 0.03882348
v -0.06542500 -0.00729224 0.03749054
v -0.06540473 -0.14381436 -0.13449180
v -0.06527354 0.09326966 0.00573674
v -0.06521889 -0.03542279 0.03368772
v -0.06511676 -0.07236492 -0.00759514
v -0.06508032 0.00173977 0.03691063
v -0.06492495 -0.02261059 -0.07917183
v -0.06488910 -0.06166792 -0.03902921
v -0.06469402 0.08211143 0.02195846
v -0.06458707 -0.12336219 -0.06404495
v -0.06446443 0.01083786 0.03817460
v -0.06438274 0.07595845 0.02726638
v -0.06408861 -0.01585285 0.04131157
v -0.06407838 -0.06050571 0.02156797
v -0.06406907 -0.19247456 -0.02110719
v -0.06399443 0.04372904 -0.09646153
v -0.06394198 -0.02814981 0.04007850
v -0.06371698 0.06115311 -0.09404849
v -0.06368831 0.06924768 0.03286526
v -0.06361714 0.03093275 -0.09771858
v -0.06348737 0.08768825 0.01770726
v -0.06348700 -0.05007830 0.02933075
v -0.06345670 -0.15560536 -0.04341789
v -0.06335291 -0.13046426 -0.04813813
v -0.06333315 -0.07058488 0.01400102
v -0.06312429 0.02031640 0.04077549
v -0.06307633 -0.07647119 -0.01436326
v -0.06296190 -0.07584542 -0.04022286
v -0.06278830 -0.11676285 -0.07938928
v -0.06276507 -0.05757377 -0.05712719
v -0.06275722 -0.07918885 -0.02820311
v -0.06274091 -0.12198696 -0.04337600
v -0.06273392 -0.11544271 -0.05863566
v -0.06262849 -0.10318346 -0.04051682
v -0.06258551 -0.11333619 -0.04136094
v -0.06258149 0.07276775 -0.09053437
v -0.06254608 -0.04010212 0.03741814
v -0.06251415 -0.00458374 0.04041451
v -0.06251127 0.06173449 0.03886645
v -0.06250175 0.00259577 0.04068833
v -0.06247539 -0.09006353 -0.04048836
v -0.06244349 0.00961030 0.04257470
v -0.06231148 0.01490820 -0.09829210
v -0.06212094 -0.02033622 0.04472689
v -0.06208893 0.04130693 0.04403445
v -0.06184626 0.08084927 -0.08602242
v -0.06178661 -0.10656390 -0.05604237
v -0.06156324 -0.07902592 -0.01864659
v -0.06156061 0.09244709 0.01406460
v -0.06150955 -0.12024531 -0.10132203
v -0.06131173 0.02896156 0.04506808
v -0.06130717 -0.09668761 -0.05509647
v -0.06118721 0.01702702 0.04522134
v -0.06118433 -0.01199436 0.04380318
v -0.06118248 -0.03153126 0.04385575
v -0.06081013 -0.07110440 -0.05637726
v -0.06068569 -0.05567522 0.03283665
v -0.06059694 -0.08498424 -0.05560117
v -0.06059328 -0.06818779 0.02527164
v -0.06019410 0.00840341 0.04623254
v -0.06014155 0.10541709 -0.02078886
v -0.06014103 -0.00064851 -0.09580072
v -0.06012047 -0.07941344 0.00633058
v -0.05990405 0.00321044 0.04415160
v -0.05981281 -0.01497922 0.04632813
v -0.05981262 -0.13502279 -0.12752648
v -0.05973343 -0.14617795 -0.03852528
v -0.05971074 0.05535406 0.04471543
v -0.05970423 -0.10925852 -0.07310046
v -0.05963434 -0.02320728 0.04809124
v -0.05955651 0.01402189 0.04891048
v -0.05947660 -0.09600293 -0.02644639
v -0.05946211 -0.04516421 0.04044596
v -0.05945358 -0.00210092 0.04322130
v -0.05929831 0.10277416 -0.00587006
v -0.05907060 -0.03654289 -0.07648288
v -0.05890610 0.02390702 0.04881950
v -0.05874196 0.10601184 -0.04022180
v -0.05855159 -0.15999748 -0.14838202
v -0.05847551 0.00768904 0.04851083
v -0.05844754 -0.15368007 -0.14446823
v -0.05841308 -0.10074751 -0.06938210
v -0.05821677 0.01197389 0.05127685
v -0.05812918 0.00363698 0.04643299
v -0.05807556 0.03552891 0.04956504
v -0.05802971 -0.00797811 0.04546258
v -0.05797049 -0.07948185 0.01958321
v -0.05794127 -0.18315355 -0.03114539
v -0.05779850 -0.01230624 -0.09340938
v -0.05774753 -0.10999035 -0.02697692
v -0.05764437 -0.03454917 0.04736704
v -0.05758520 -0.09152459 -0.06836558
v -0.05758438 -0.01703507 0.04935001
v -0.05744739 0.01943497 0.05233826
v -0.05735276 -0.00044738 0.04513478
v -0.05731826 0.09962692 0.00732678
v -0.05711120 -0.13694134 -0.03335422
v -0.05705823 -0.01034098 0.04735382
v -0.05703412 -0.08477295 0.00001504
v -0.05700039 -0.06255651 0.03664345
v -0.05659078 -0.12028546 -0.02802980
v -0.05651382 0.01635565 0.05480323
v -0.05646935 -0.02513604 0.05115068
v -0.05635903 -0.12849249 -0.02989823
v -0.05622844 -0.11289641 -0.09291136
v -0.05616853 0.10466024 -0.05793044
v -0.05600005 -0.07501277 0.03106176
v -0.05590359 0.04796150 0.05086012
v -0.05584033 -0.00524650 0.04650056
v -0.05575811 0.02941086 0.05275934
v -0.05575126 0.08494849 0.03046763
v -0.05563613 0.07891256 0.03590349
v -0.05561543 -0.05011356 0.04389568
v -0.05559918 0.09936368 -0.07124138
v -0.05559529 0.00638445 0.05125042
v -0.05545815 0.09047861 0.02463352
v -0.05541110 -0.08068099 -0.07037911
v -0.05539837 0.09558995 0.01817365
v -0.05530173 -0.01227484 0.04974071
v -0.05528989 0.00380976 0.04913479
v -0.05522713 0.00887177 0.05403779
v -0.05522433 0.07244436 0.04117003
v -0.05509938 -0.00739107 0.04789335
v -0.05491457 -0.02151886 -0.09175973
v -0.05481235 -0.01846330 0.05219140
v -0.05452848 0.00079229 0.04799205
v -0.05437655 0.02423730 0.05571533
v -0.05423492 0.09059199 -0.08422728
v -0.05419147 0.06563592 0.04659946
v -0.05417866 0.01187939 0.05689635
v -0.05397119 -0.12694336 -0.12082363
v -0.05384572 -0.05364621 -0.07488743
v -0.05381933 -0.17290550 -0.03312764
v -0.05356496 -0.00904354 0.04975371
v -0.05351365 0.01990164 0.05845655
v -0.05348796 0.08409247 -0.09145997
v -0.05333176 -0.10456873 -0.08585069
v -0.05314032 -0.09231204 -0.00578215
v -0.05313876 -0.00286789 0.04866746
v -0.05312251 -0.08870914 0.01375918
v -0.05300303 0.00577516 0.05286519
v -0.05297525 0.00388192 0.05107641
v -0.05294310 -0.01345169 0.05213515
v -0.05293605 0.07339956 -0.09874061
v -0.05293601 0.04093452 0.05456897
v -0.05288397 -0.09589713 -0.08047372
v -0.05285837 -0.06676593 -0.07489518
v -0.05280858 -0.03779213 0.05124371
v -0.05273025 -0.08616573 0.02669432
v -0.05272108 0.06038174 -0.10405231
v -0.05246395 0.00770240 0.05532413
v -0.05245541 -0.02557780 0.05442802
v -0.05234998 -0.00447739 0.04947230
v -0.05222966 0.00120967 0.05001070
v -0.05206751 0.01479343 0.06039904
v -0.05206441 -0.06815340 0.04139504
v -0.05178381 0.04190798 -0.10752897
v -0.05178329 0.05878066 0.05189613
v -0.05167032 -0.08818508 -0.07975256
v -0.05157037 0.00983470 0.05819644
v -0.05151621 -0.00226498 0.05036105
v -0.05143639 -0.01021634 0.05183731
v -0.05141362 -0.10111973 -0.01203093
v -0.05138170 -0.05700518 0.04668104
v -0.05126517 -0.01871065 0.05485573
v -0.05121343 0.00372765 0.05257576
v -0.05119282 0.00525151 0.05407403
v -0.05113586 -0.16283679 -0.03003904
v -0.05109412 0.02884147 -0.10892370
v -0.05103367 -0.00594914 0.05055465
v -0.05102286 0.03432518 0.05756028
v -0.05069051 0.11068234 -0.01625369
v -0.05059167 -0.00375738 0.05094064
v -0.05055596 0.10771417 -0.00249019
v -0.05038025 0.00667149 0.05626437
v -0.05036988 0.00387506 0.05372024
v -0.05017957 0.00098539 0.05210726
v -0.05013269 -0.08004722 0.03754963
v -0.05005737 -0.01418681 0.05438096
v -0.04997283 0.01256154 -0.10910248
v -0.04994418 0.00467756 0.05498644
v -0.04987009 -0.00189794 0.05176395
v -0.04969182 0.00317553 0.05382119
v -0.04966719 -0.03469688 -0.08844763
v -0.04949081 0.02796404 0.06037586
v -0.04946948 -0.00498335 0.05149237
v -0.04931428 -0.11958227 -0.11227332
v -0.04928439 -0.00697402 0.05210709
v -0.04922844 -0.00324546 0.05203576
v -0.04920808 0.00305330 0.05436411
v -0.04919527 0.10375133 0.01050140
v -0.04914405 0.00812441 0.05890366
v -0.04909625 0.00401090 0.05536991
v -0.04909362 0.00208518 0.05404993
v -0.04903642 -0.15274209 -0.02560475
v -0.04902202 0.00033825 0.05300120
v -0.04896280 -0.01091156 0.05375324
v -0.04894966 0.00564026 0.05694014
v -0.04892814 -0.04617229 0.05261088
v -0.04888955 0.01182391 0.06140484
v -0.04887846 0.05089118 0.05726881
v -0.04860028 -0.09489058 0.00917117
v -0.04857948 0.00363704 0.05565352
v -0.04857196 0.02277712 0.06296889
v -0.04856999 -0.00188565 0.05276551
v -0.04844770 0.00119631 0.05423766
v -0.04837704 -0.00422217 0.05249268
v -0.04823303 -0.00029694 0.05330866
v -0.04823140 0.00267114 0.05549040
v -0.04816741 -0.00296488 0.05296155
v -0.04806829 0.00480128 0.05720511
v -0.04805067 -0.00572694 0.05262900
v -0.04803308 0.09880574 0.02184847
v -0.04786006 -0.09572989 0.02269067
v -0.04784315 0.00050885 0.05424505
v -0.04780780 -0.00191168 0.05345779
v -0.04773000 0.00175950 0.05558635
v -0.04764891 -0.02325592 0.05742987
v -0.04756764 -0.00172672 -0.10730501
v -0.04753229 -0.00087939 0.05374965
v -0.04752514 -0.03130693 0.05715857
v -0.04747840 -0.00365723 0.05344213
v -0.04744996 -0.11771139 -0.01509668
v -0.04742905 -0.00002483 0.05360796
v -0.04739191 -0.00271072 0.05373856
v -0.04738967 -0.00760465 0.05349844
v -0.04736384 0.00428053 0.05744778
v -0.04736232 -0.00176924 0.05393948
v -0.04729382 -0.07185410 0.04574583
v -0.04725611 0.00093002 0.05542380
v -0.04723376 -0.00037205 0.05375785
v -0.04722348 0.00654105 0.05932679
v -0.04718583 -0.00477607 0.05331368
v -0.04717251 -0.00118393 0.05409870
v -0.04717067 0.09332670 0.03003106
v -0.04715212 0.00045567 0.05417876
v -0.04713222 -0.01768176 0.05694750
v -0.04706256 0.00343443 0.05724466
v -0.04704044 -0.06190139 0.04988394
v -0.04701351 -0.00180526 0.05431047
v -0.04695477 0.01699193 0.06517206
v -0.04691491 -0.00244351 0.05430105
v -0.04682739 -0.00329195 0.05414845
v -0.04678053 -0.00087015 0.05401404
v -0.04674232 -0.14354831 -0.02136764
v -0.04673610 0.08770713 0.03707334
v -0.04669922 0.08160752 0.04284684
v -0.04667751 -0.07913402 -0.08401892
v -0.04667249 0.00218685 0.05727990
v -0.04663499 0.00082224 0.05505452
v -0.04652153 0.07518024 0.04798019
v -0.04648944 -0.00285001 0.05466299
v -0.04648097 -0.01373439 0.05618336
v -0.04647685 0.00043037 0.05385777
v -0.04645186 0.00963526 0.06160799
v -0.04644822 -0.00411364 0.05413518
v -0.04641468 -0.00178898 0.05499413
v -0.04641247 -0.00614555 0.05381141
v -0.04641105 -0.00008227 0.05385642
v -0.04638626 -0.00232962 0.05506117
v -0.04629105 -0.14957000 -0.14262006
v -0.04627683 0.00282578 0.04975906
v -0.04627296 0.00116226 0.05691909
v -0.04624859 0.04317144 0.06026920
v -0.04620043 0.11323538 -0.03002066
v -0.04618079 -0.00134111 0.05476429
v -0.04617781 0.00542276 0.05926616
v -0.04613802 0.00524702 0.05013546
v -0.04613488 0.00320847 0.04734015
v -0.04612987 -0.12763712 -0.01663397
v -0.04610371 0.00078979 0.05415212
v -0.04606102 -0.00366435 0.05480267
v -0.04601890 -0.01094065 0.05544170
v -0.04599966 0.00558496 0.04770469
v -0.04596139 -0.13526535 -0.01836851
v -0.04593972 0.00246587 0.05217064
v -0.04593951 0.00042276 0.04937714
v -0.04592553 -0.00044706 0.05403597
v -0.04591373 -0.00320284 0.05532944
v -0.04584121 -0.00214416 0.05582209
v -0.04580222 0.00483859 0.05253798
v -0.04580152 0.00085353 0.04696291
v -0.04578837 -0.00250394 0.05576868
v -0.04578815 0.00105994 0.05635402
v -0.04575326 -0.00523766 0.05439469
v -0.04570452 -0.11085045 -0.10345277
v -0.04561053 0.00010827 0.05179037
v -0.04558001 -0.00175012 0.05557222
v -0.04555151 -0.03886661 0.05756288
v -0.04552548 0.00759781 0.05047946
v -0.04551812 0.00360033 0.04499455
v -0.04551481 0.00134362 0.05455807
v -0.04550486 -0.00092034 0.05448064
v -0.04546600 0.06848905 0.05332712
v -0.04540662 -0.05290699 0.05453718
v -0.04539784 0.00789130 0.04804108
v -0.04539769 0.00496688 0.05952238
v -0.04539001 0.00583878 0.04533726
v -0.04535561 0.00421415 0.05917882
v -0.04531292 -0.00449823 0.05509251
v -0.04521417 -0.01277508 -0.10519229
v -0.04520279 0.00138171 0.04463728
v -0.04519969 0.00714100 0.05287605
v -0.04518955 0.00042060 0.05341582
v -0.04517403 -0.00236635 0.05666013
v -0.04516077 -0.00402885 0.05573551
v -0.04513393 0.00213605 0.05447179
v -0.04513007 -0.00187153 0.04898278
v -0.04512615 0.00286295 0.05907835
v -0.04508933 -0.00277617 0.05658750
v -0.04508280 -0.00796364 0.05489717
v -0.04507955 -0.00343230 0.05624491
v -0.04507329 -0.05029050 -0.08656088
v -0.04503895 0.00156944 0.05546841
v -0.04503819 0.00083511 0.05347823
v -0.04500910 -0.00139544 0.04657520
v -0.04500248 0.00437079 0.05481893
v -0.04497903 -0.00127645 0.05511493
v -0.04497195 -0.08214229 0.04318206
v -0.04491108 -0.00209810 0.05645271
v -0.04482581 -0.00008134 0.05410986
v -0.04482278 0.00801161 0.04565294
v -0.04481526 -0.00214542 0.05140412
v -0.04481347 0.00002682 0.05354574
v -0.04479833 -0.09292778 0.03513605
v -0.04475317 0.00147368 0.05885577
v -0.04474940 0.01328921 0.06458890
v -0.04472404 0.00129838 0.05365874
v -0.04460714 0.00744744 0.06170869
v -0.04454113 -0.00646861 0.05506220
v -0.04445972 0.00978489 0.05077960
v -0.04445568 -0.00073185 0.04427770
v -0.04444944 0.00398604 0.04281504
v -0.04443555 0.00653888 0.05513749
v -0.04442384 0.00105486 0.05804716
v -0.04437994 -0.00161071 0.05590935
v -0.04435208 0.01003690 0.04833409
v -0.04433403 0.00600092 0.04312356
v -0.04429811 0.00177954 0.05395952
v -0.04424419 -0.00040086 0.05398105
v -0.04418219 -0.09020294 -0.08971167
v -0.04416986 -0.00548791 0.05554176
v -0.04416838 -0.00267933 0.05765629
v -0.04416534 0.00198922 0.04249365
v -0.04415508 0.00928432 0.05317044
v -0.04413976 -0.00304427 0.05756677
v -0.04408862 0.03593741 0.06305903
v -0.04407652 -0.00220495 0.05374954
v -0.04406801 -0.00373559 0.05730161
v -0.04405035 -0.00480796 0.05606526
v -0.04403796 -0.00439502 0.05679083
v -0.04393504 0.00178309 0.05672397
v -0.04391096 -0.00244894 0.05742676
v -0.04389196 0.00185235 0.05657315
v -0.04388004 -0.00396078 0.04860508
v -0.04386993 0.00211306 0.05460418
v -0.04383857 0.01003546 0.04592923
v -0.04382886 -0.10092120 -0.09587287
v -0.04382404 0.00795676 0.04340710
v -0.04378317 -0.00344221 0.04620425
v -0.04377402 0.00386678 0.05689035
v -0.04374118 -0.19785967 -0.01078157
v -0.04369520 0.00620530 0.06127783
v -0.04363070 -0.00078110 0.05452013
v -0.04361543 -0.00014663 0.05624592
v -0.04358867 -0.00419416 0.05103382
v -0.04356558 0.06145260 0.05852193
v -0.04349265 0.00008827 0.04217131
v -0.04349079 -0.00124141 0.05522139
v -0.04345121 0.00855618 0.05541467
v -0.04340997 -0.10346521 0.00477609
v -0.04336942 -0.00211387 0.05682430
v -0.04330169 -0.00266143 0.04392632
v -0.04326751 0.00581933 0.05717791
v -0.04314539 0.00248575 0.05542307
v -0.04314345 -0.02106507 0.05915320
v -0.04305332 -0.01649457 0.05842130
v -0.04298405 0.01172675 0.05102424
v -0.04298260 -0.10193612 0.01890319
v -0.04297224 0.01072286 0.06399176
v -0.04297072 0.00434902 0.04088748
v -0.04293922 -0.01328440 0.05758486
v -0.04293868 0.00977866 0.04365518
v -0.04293577 -0.00204785 0.05591878
v -0.04292225 -0.01084473 0.05694237
v -0.04292009 -0.00413724 0.05339964
v -0.04290519 0.01194420 0.04857356
v -0.04289801 0.00503686 0.06110892
v -0.04287274 0.00606221 0.04114946
v -0.04285845 -0.02152713 -0.10314494
v -0.04284486 0.00570895 0.06137647
v -0.04278366 0.00351234 0.06103745
v -0.04273911 -0.04476205 0.05870138
v -0.04272885 0.00265191 0.04061422
v -0.04272103 -0.06448251 -0.08647136
v -0.04270861 0.01118690 0.05341118
v -0.04268815 -0.00283618 0.05850929
v -0.04265393 0.00208064 0.06086288
v -0.04264239 -0.02711941 0.05989064
v -0.04261568 -0.07416371 0.04975847
v -0.04260474 -0.00300213 0.05879070
v -0.04259777 -0.00177292 0.05591410
v -0.04253361 -0.00810385 0.05621942
v -0.04252835 -0.00335354 0.05871676
v -0.04248824 -0.00408778 0.05845568
v -0.04247612 0.01183258 0.04615423
v -0.04247061 -0.00470622 0.05805846
v -0.04245594 -0.06538663 0.05303533
v -0.04245470 -0.00164693 0.04185531
v -0.04243971 0.00772668 0.04139045
v -0.04238059 0.00763256 0.05742371
v -0.04234670 0.00152360 0.05995725
v -0.04232173 -0.00519510 0.05734122
v -0.04231473 -0.00588247 0.05680418
v -0.04226207 0.00162673 0.05839576
v -0.04224192 -0.00576418 0.04825614
v -0.04222434 -0.00677040 0.05635300
v -0.04217696 -0.00521166 0.04586228
v -0.04216380 0.00333791 0.05866673
v -0.04215676 0.00103443 0.04033986
v -0.04211627 -0.00271916 0.05776967
v -0.04208803 0.01034347 0.05564038
v -0.04202375 -0.00007069 0.05811584
v -0.04200406 0.00209585 0.05845669
v -0.04198128 -0.00596521 0.05069205
v -0.04193752 0.02927257 0.06605458
v -0.04189850 -0.00378793 0.05560766
v -0.04186026 -0.16141462 -0.14828742
v -0.04185610 0.11373452 -0.01359811
v -0.04183367 0.11088905 -0.00027169
v -0.04178955 -0.00432790 0.04360314
v -0.04175825 0.00837637 0.06359459
v -0.04173049 0.00500458 0.05891584
v -0.04171290 0.01139677 0.04385722
v -0.04168727 0.00927651 0.04160124
v -0.04157714 -0.13824424 -0.13534224
v -0.04146329 -0.03297521 0.06071819
v -0.04144119 -0.00168112 0.05783033
v -0.04140547 -0.00580483 0.05307787
v -0.04138034 -0.00239955 0.05661350
v -0.04136138 -0.05727619 0.05661346
v -0.04135207 0.00287794 0.05683809
v -0.04127514 -0.00043792 0.04007344
v -0.04115768 0.00924493 0.05762951
v -0.04115672 0.01335102 0.05120394
v -0.04114008 0.00467572 0.03928456
v -0.04111212 0.01353790 0.04874939
v -0.04109465 -0.00314617 0.04156448
v -0.04107595 0.05264593 0.06284092
v -0.04106271 0.00602268 0.03949014
v -0.04098248 0.00655255 0.05912395
v -0.04094952 0.00334133 0.03907006
v -0.04092299 0.00710205 0.06286777
v -0.04091698 0.01277943 0.05358918
v -0.04089293 -0.10117641 0.03137621
v -0.04087418 -0.00292518 0.05929744
v -0.04086039 0.02379443 0.06795663
v -0.04079577 -0.00299487 0.05961266
v -0.04078705 0.01333410 0.04631904
v -0.04072263 0.00732952 0.03967911
v -0.04069047 0.10653340 0.01291103
v -0.04064436 0.01065251 0.04177286
v -0.04059483 -0.00425662 0.05935981
v -0.04059397 0.00144160 0.05246869
v -0.04056340 -0.00315814 0.05756957
v -0.04054321 -0.00344081 0.05965348
v -0.04053581 -0.00528905 0.05531847
v -0.04051261 -0.00488382 0.05907663
v -0.04050064 0.00207136 0.03885527
v -0.04049613 0.00173007 0.05244316
v -0.04045488 -0.08248858 0.04797069
v -0.04040399 0.01184340 0.05581437
v -0.04038523 0.00148754 0.05977141
v -0.04031048 0.00284437 0.05999273
v -0.04028249 0.00202512 0.05253234
v -0.04027953 -0.00721580 0.04794920
v -0.04027757 -0.00823243 0.05740605
v -0.04025801 0.00124719 0.05254833
v -0.04025247 -0.00663412 0.04556119
v -0.04019272 0.01274832 0.04400559
v -0.04018838 0.00014397 0.05954345
v -0.04014241 0.00587997 0.06272885
v -0.04013161 0.00854818 0.03984459
v -0.04011764 -0.00171281 0.03982553
v -0.04010461 -0.01064495 0.05804554
v -0.04010379 -0.18863179 -0.02016310
v -0.04007675 0.00225718 0.05273432
v -0.04006430 0.00669665 0.06259339
v -0.04005541 -0.00738845 0.05039167
v -0.04005006 0.00436158 0.06287950
v -0.03998059 -0.01278298 0.05869831
v -0.03997735 -0.00566724 0.04331929
v -0.03996855 0.00416247 0.06019385
v -0.03994725 -0.00601097 0.05775566
v -0.03994203 0.00792254 0.05929632
v -0.03990150 0.00103818 0.05275116
v -0.03988355 -0.00677292 0.05743225
v -0.03987597 -0.00281322 0.05851283
v -0.03987147 0.00275065 0.06269838
v -0.03985804 -0.00519689 0.05827967
v -0.03983985 0.00090889 0.03864716
v -0.03979953 0.10140552 0.02451590
v -0.03972808 -0.00113321 0.05931625
v -0.03971095 0.00237151 0.05310655
v -0.03963999 0.01059139 0.05778570
v -0.03961527 -0.01552974 0.05942003
v -0.03960454 0.00218489 0.06168879
v -0.03959046 -0.00714588 0.05279487
v -0.03952639 0.00047229 0.05344114
v -0.03947338 0.00087123 0.05297054
v -0.03946360 -0.00435101 0.04130861
v -0.03941629 0.01784758 0.06860719
v -0.03940580 -0.00443501 0.05732621
v -0.03939884 -0.00244793 0.05720012
v -0.03937360 0.00539053 0.06036390
v -0.03935190 0.01180258 0.04189888
v -0.03931258 0.00962970 0.03997928
v -0.03930507 -0.03884102 0.06175225
v -0.03928972 0.00240989 0.06011334
v -0.03917552 0.00140938 0.06058569
v -0.03913952 0.00257963 0.05365049
v -0.03913396 -0.05046605 0.05994947
v -0.03912134 -0.01915356 0.06015652
v -0.03911311 0.00253767 0.06076906
v -0.03908744 0.00303016 0.05796151
v -0.03905709 -0.09172241 0.04334012
v -0.03904495 0.01459382 0.05131068
v -0.03904222 0.01475702 0.04885372
v -0.03903320 -0.00230206 0.05910789
v -0.03902603 0.00495353 0.03806902
v -0.03901395 0.00028906 0.06040115
v -0.03897414 0.00588208 0.03820932
v -0.03893148 -0.00009126 0.03845442
v -0.03893089 0.00403650 0.03792283
v -0.03890191 -0.00649708 0.05506469
v -0.03887457 0.00022326 0.05380582
v -0.03884784 0.01399960 0.05369377
v -0.03884656 0.09576339 0.03382964
v -0.03883618 0.01448237 0.04641758
v -0.03882970 0.00363336 0.06093430
v -0.03877752 0.00678694 0.03834536
v -0.03876165 -0.00274621 0.03961402
v -0.03870185 0.04420971 0.06534733
v -0.03865487 0.00906047 0.05943001
v -0.03863257 -0.00077289 0.06020977
v -0.03861996 0.00316141 0.03777387
v -0.03860643 -0.03325887 -0.09894148
v -0.03854923 0.00648079 0.06050253
v -0.03847200 0.11596239 -0.02459744
v -0.03845563 0.01299514 0.05591369
v -0.03843726 0.01378143 0.04409444
v -0.03839583 0.08987822 0.04150493
v -0.03837524 -0.02418520 0.06114829
v -0.03833607 0.00465527 0.06108059
v -0.03833195 0.00762112 0.03845313
v -0.03829695 0.01053318 0.04007808
v -0.03819068 -0.07314366 0.05338025
v -0.03814242 0.00236423 0.03762981
v -0.03812011 -0.00331384 0.05891779
v -0.03808874 0.00268380 0.05439106
v -0.03808431 -0.00765571 0.04531274
v -0.03806679 -0.00825742 0.04769641
v -0.03805060 -0.00174030 0.06003247
v -0.03803839 0.00003379 0.05417931
v -0.03803279 -0.17796439 -0.02182990
v -0.03801768 -0.00546581 0.05711140
v -0.03794874 -0.00490868 0.06006983
v -0.03793804 -0.00421279 0.06027709
v -0.03793533 0.00130801 0.06154495
v -0.03793439 -0.00662885 0.04308528
v -0.03788748 0.01162051 0.05788503
v -0.03788564 -0.00841057 0.05014355
v -0.03788521 0.00220407 0.06168635
v -0.03785916 0.01268131 0.04197433
v -0.03784614 -0.00546531 0.05928105
v -0.03784190 -0.00089506 0.03828455
v -0.03780814 0.00837405 0.03855304
v -0.03780591 0.00042135 0.06139740
v -0.03780104 -0.06675123 0.05601284
v -0.03779083 0.08380616 0.04782360
v -0.03776178 -0.00340230 0.06048648
v -0.03775695 -0.00278324 0.06008081
v -0.03773475 -0.00616006 0.05889558
v -0.03768794 0.01390159 0.06712758
v -0.03766026 0.00307353 0.06181936
v -0.03765058 0.00556380 0.06119630
v -0.03764382 -0.12865041 -0.12818566
v -0.03762526 -0.00521701 0.04109751
v -0.03760090 -0.00286708 0.06048017
v -0.03759613 -0.00697275 0.05884201
v -0.03754469 -0.00810981 0.05256167
v -0.03752464 0.00739382 0.06060190
v -0.03751666 0.00167484 0.03749701
v -0.03750735 -0.00042583 0.06125548
v -0.03746496 -0.00808226 0.05869842
v -0.03732455 -0.02920819 0.06229186
v -0.03729115 -0.00257965 0.05986720
v -0.03726822 0.00388443 0.06193414
v -0.03719815 -0.00348034 0.03943547
v -0.03719694 -0.16808759 -0.01870313
v -0.03716710 0.01123404 0.04014742
v -0.03716391 0.00992850 0.05951117
v -0.03713935 0.07750840 0.05324177
v -0.03710945 0.00899846 0.03862199
v -0.03705852 -0.00736718 0.05485521
v -0.03704995 -0.11585148 -0.00068425
v -0.03704602 -0.06050172 0.05848933
v -0.03704538 -0.00119690 0.06111315
v -0.03704441 -0.01024938 0.05915867
v -0.03703686 -0.00238268 0.05784007
v -0.03702398 -0.00412482 0.05874667
v -0.03694956 -0.00255997 0.05913183
v -0.03679864 0.00632055 0.06128401
v -0.03679786 0.01178713 0.06586576
v -0.03677170 0.01555374 0.04888225
v -0.03676493 0.00112123 0.03738005
v -0.03676161 -0.07972856 0.05166949
v -0.03674660 0.00518031 0.03728873
v -0.03673107 0.01540588 0.05133910
v -0.03672672 0.00274046 0.05501224
v -0.03672414 0.00460478 0.06202751
v -0.03672064 0.00565374 0.03736152
v -0.03670894 0.00004898 0.05453671
v -0.03669830 0.01523308 0.04644555
v -0.03668540 -0.01220247 0.05976120
v -0.03667974 0.00471178 0.03721312
v -0.03661230 -0.00147204 0.03814438
v -0.03660187 0.00611410 0.03742862
v -0.03659220 0.03685959 0.06786846
v -0.03657765 0.01479720 0.05372208
v -0.03652075 0.00426523 0.03713696
v -0.03651369 0.01445699 0.04412007
v -0.03646941 0.00125299 0.06227440
v -0.03644457 -0.00621149 0.05693570
v -0.03644004 -0.00186094 0.06098042
v -0.03643382 0.00187227 0.06236659
v -0.03639489 0.00654230 0.03748679
v -0.03638183 -0.00325429 0.05973174
v -0.03638044 0.00064135 0.06217106
v -0.03634239 0.00807989 0.06065974
v -0.03631854 0.01374934 0.05594125
v -0.03630218 0.00947626 0.03866337
v -0.03629292 0.00495599 0.06386598
v -0.03628279 -0.04431321 0.06263705
v -0.03627951 0.00247082 0.06245909
v -0.03627779 0.00385854 0.03706368
v -0.03622269 0.01325540 0.04199615
v -0.03620459 0.07070760 0.05835200
v -0.03617509 0.00005708 0.06207480
v -0.03610989 0.00298888 0.05907133
v -0.03610722 0.00692237 0.03753440
v -0.03607711 0.00271550 0.06125996
v -0.03605535 -0.01454686 0.06056629
v -0.03604829 0.00520676 0.06209570
v -0.03604472 0.00341104 0.06375565
v -0.03600862 0.00303064 0.06253649
v -0.03597388 0.00279297 0.06283257
v -0.03596553 0.01230683 0.05791519
v -0.03595775 0.00350817 0.03699595
v -0.03591898 0.00072405 0.03728377
v -0.03591009 0.00650268 0.06358830
v -0.03588251 0.01168850 0.04016552
v -0.03585617 -0.00047481 0.06197662
v -0.03581462 0.00690020 0.06133489
v -0.03579955 0.00908825 0.06477908
v -0.03578598 -0.00471011 0.05861118
v -0.03575290 -0.00823626 0.04512591
v -0.03575169 0.00724125 0.03756950
v -0.03573918 -0.00717685 0.04290981
v -0.03571637 -0.00239549 0.06086770
v -0.03569031 -0.00884845 0.04750615
v -0.03565001 -0.00570992 0.04094037
v -0.03563401 0.00352650 0.06260332
v -0.03557577 0.00322519 0.03693644
v -0.03556874 0.10670888 -0.07785299
v -0.03555353 -0.00899155 0.04995722
v -0.03553844 0.00010207 0.05483349
v -0.03552886 0.01051317 0.05953848
v -0.03551747 -0.00389744 0.03930182
v -0.03551166 -0.03382593 0.06351628
v -0.03544563 -0.11002040 0.01420714
v -0.03544012 -0.00093353 0.06189047
v -0.03543457 -0.08965215 0.04794965
v -0.03541861 0.00812918 0.06370576
v -0.03541665 0.00979016 0.03867585
v -0.03537254 -0.15832366 -0.01595579
v -0.03535395 -0.00373797 0.05961695
v -0.03534790 -0.00865842 0.05238724
v -0.03533939 0.00748431 0.03759034
v -0.03529267 -0.00179958 0.03803914
v -0.03526785 0.00566790 0.06213841
v -0.03526757 0.11264630 -0.06579854
v -0.03525934 0.00282093 0.05528715
v -0.03524555 0.00753913 0.06338818
v -0.03516850 0.00394229 0.06264884
v -0.03514408 0.00302306 0.03688760
v -0.03513272 0.09627871 -0.09097403
v -0.03512417 -0.04653783 -0.09662111
v -0.03507940 -0.00786329 0.05469828
v -0.03504968 -0.01751868 0.06133699
v -0.03504709 0.00854217 0.06067874
v -0.03502154 -0.00482515 0.06087304
v -0.03501337 -0.00538974 0.06014682
v -0.03500964 0.00049745 0.03721147
v -0.03494535 -0.05467514 0.06101803
v -0.03493969 -0.00130136 0.06180882
v -0.03490797 -0.11944823 -0.11936229
v -0.03490002 -0.00277911 0.06077664
v -0.03489001 0.00125339 0.06269833
v -0.03488770 0.00764412 0.03759665
v -0.03487112 0.00156890 0.06274518
v -0.03484938 -0.00605329 0.05997064
v -0.03484425 0.00094111 0.06264870
v -0.03483144 -0.10762621 0.02609273
v -0.03483137 0.08840829 -0.09887657
v -0.03479342 0.00187548 0.06279208
v -0.03475496 -0.00663976 0.05680420
v -0.03474022 0.00064244 0.06259859
v -0.03473693 0.00728114 0.06135093
v -0.03468737 -0.00412681 0.06112989
v -0.03468019 0.00290763 0.03685184
v -0.03466461 0.06324111 0.06310299
v -0.03465587 0.00216067 0.06283182
v -0.03463058 0.00425994 0.06267989
v -0.03459333 -0.00677445 0.05973106
v -0.03457821 0.00037122 0.06255002
v -0.03455076 0.01352166 0.04197739
v -0.03453344 0.01188740 0.04014098
v -0.03451348 0.03021997 0.07036956
v -0.03449581 0.01474859 0.04408229
v -0.03448673 0.00992641 0.03865857
v -0.03446433 0.00241330 0.06286574
v -0.03445657 0.01555646 0.04640230
v -0.03445137 -0.00504739 0.05850716
v -0.03441392 0.00771378 0.03758800
v -0.03441235 0.00597083 0.06215048
v -0.03440798 -0.00331647 0.06127036
v -0.03439185 0.01589651 0.04883539
v -0.03437693 -0.00156665 0.06174766
v -0.03436536 0.00013736 0.06250584
v -0.03431780 0.00533663 0.03696828
v -0.03430262 0.01575813 0.05128687
v -0.03424799 -0.00401397 0.05953110
v -0.03423970 0.07582217 -0.10761014
v -0.03422747 0.00262617 0.06289065
v -0.03420852 -0.00774811 0.05969771
v -0.03420430 0.00035335 0.05487752
v -0.03420179 0.00288393 0.03683337
v -0.03419674 0.01514129 0.05367323
v -0.03417960 -0.07238619 0.05586357
v -0.03416936 -0.00188039 0.05816841
v -0.03411967 -0.00277818 0.06121716
v -0.03411078 -0.00005228 0.06246699
v -0.03409133 0.11600649 -0.05295917
v -0.03407343 0.01407469 0.05589085
v -0.03407189 0.00045276 0.03716702
v -0.03404136 0.00446882 0.06268635
v -0.03402185 -0.00299589 0.06070490
v -0.03399495 0.00309154 0.05053054
v -0.03397221 -0.02150787 0.06231281
v -0.03396836 0.00267495 0.05578565
v -0.03395348 0.00278760 0.06290585
v -0.03393999 0.01260026 0.05786123
v -0.03393608 0.00769039 0.03756466
v -0.03393145 -0.00186623 0.03797293
v -0.03388046 -0.00250742 0.06081919
v -0.03387966 -0.06772487 0.05815488
v -0.03382714 -0.12725776 -0.00533880
v -0.03382378 -0.00018641 0.06243350
v -0.03381013 0.01077114 0.05949898
v -0.03378623 -0.00398177 0.03921769
v -0.03377140 -0.00171561 0.06169463
v -0.03375131 -0.00212063 0.05950145
v -0.03372863 0.00295391 0.03682008
v -0.03368960 0.00874510 0.06065700
v -0.03368830 -0.14910743 -0.01237697
v -0.03365165 0.00289451 0.06290999
v -0.03364051 -0.00581427 0.04085022
v -0.03360635 0.00745061 0.06133338
v -0.03356527 -0.00967584 0.06012128
v -0.03354921 0.00988079 0.03861282
v -0.03351493 0.00610301 0.06213700
v -0.03351397 -0.00026341 0.06240824
v -0.03347746 -0.00728824 0.04279893
v -0.03347223 0.00757510 0.03752756
v -0.03346055 0.06087873 -0.11393464
v -0.03342250 0.00455926 0.06267821
v -0.03335114 -0.00835388 0.04500948
v -0.03333659 0.00294019 0.06290489
v -0.03329690 0.00276377 0.05971655
v -0.03327693 0.00311386 0.03682525
v -0.03327452 -0.06308308 0.06028857
v -0.03326102 0.00130769 0.06280588
v -0.03323989 -0.00896824 0.04738370
v -0.03321287 -0.06072215 -0.09539690
v -0.03319623 -0.00027739 0.06239145
v -0.03317230 0.01182070 0.04007450
v -0.03315229 -0.00910812 0.04984207
v -0.03314725 -0.00174562 0.06166730
v -0.03314250 0.00058827 0.03714900
v -0.03311598 -0.00304138 0.06066369
v -0.03310506 -0.00407149 0.05947495
v -0.03308823 -0.10943870 -0.11039868
v -0.03308608 -0.00876892 0.05227838
v -0.03307196 -0.00512116 0.05843859
v -0.03304426 -0.00796259 0.05460027
v -0.03304080 0.00737297 0.03747834
v -0.03302554 -0.00672442 0.05672041
v -0.03301851 0.00292525 0.06288832
v -0.03297126 -0.03977897 0.06443655
v -0.03297025 -0.01135382 0.06069785
v -0.03288247 -0.14121474 -0.00983561
v -0.03288127 -0.00023121 0.06238481
v -0.03288032 0.00063507 0.05512771
v -0.03286500 0.00335702 0.03684624
v -0.03284572 0.00288486 0.06140127
v -0.03282147 -0.07716545 0.05426052
v -0.03282007 0.01343743 0.04189302
v -0.03281978 -0.13470235 -0.00774542
v -0.03279827 0.00452925 0.06264498
v -0.03270931 0.00284826 0.06286275
v -0.03266685 0.00257538 0.05594603
v -0.03265876 0.00709008 0.03741852
v -0.03264679 -0.08605146 0.05124756
v -0.03263972 0.00965426 0.03854001
v -0.03262525 -0.02572494 0.06345714
v -0.03261027 0.00605970 0.06209243
v -0.03259446 -0.07408712 -0.09553844
v -0.03258194 -0.00166772 0.03794831
v -0.03258004 -0.00012302 0.06238829
v -0.03254895 0.05387961 0.06705471
v -0.03254534 -0.08585462 -0.09861531
v -0.03252815 -0.00165346 0.06165152
v -0.03250927 0.00367581 0.03688140
v -0.03246835 0.00739710 0.06128426
v -0.03245999 0.01464345 0.04397716
v -0.03242264 0.00271361 0.06282928
v -0.03233900 0.00673967 0.03735090
v -0.03232829 0.00868394 0.06060719
v -0.03232414 0.00340656 0.06370475
v -0.03230729 0.00004011 0.06239924
v -0.03227577 0.00291429 0.06263617
v -0.03225667 0.00090214 0.03716116
v -0.03224244 -0.04971969 0.06302416
v -0.03222940 0.00479789 0.06376646
v -0.03222135 0.00405566 0.03692999
v -0.03221773 -0.00290934 0.06064404
v -0.03219663 0.01544156 0.04628901
v -0.03219365 0.00437858 0.06259907
v -0.03217859 -0.01338212 0.06147408
v -0.03216869 0.00252500 0.06278826
v -0.03209571 0.00633300 0.03727753
v -0.03207624 0.01068382 0.05940823
v -0.03207116 0.00025352 0.06242238
v -0.03206950 -0.00372965 0.03918647
v -0.03203861 0.02427612 0.07176737
v -0.03201459 0.00448422 0.03698843
v -0.03200254 -0.09817247 -0.10338852
v -0.03199291 0.01577612 0.04871598
v -0.03197029 -0.00390883 0.05945671
v -0.03195659 0.00229250 0.06274033
v -0.03193963 -0.00144459 0.06166256
v -0.03193700 0.00588648 0.03720183
v -0.03193228 -0.10311008 0.04262263
v -0.03189561 0.00494424 0.03705492
v -0.03188739 0.01248286 0.05773145
v -0.03188157 0.00050819 0.06244946
v -0.03187583 0.04090328 -0.11768290
v -0.03186927 0.00541768 0.03712631
v -0.03185720 0.01563287 0.05116650
v -0.03185284 0.01149320 0.03996912
v -0.03180762 0.01395689 0.05576691
v -0.03179604 0.00202263 0.06268902
v -0.03179555 0.01501923 0.05354795
v -0.03179412 0.00925709 0.03844329
v -0.03174841 0.11682857 -0.01214991
v -0.03174474 0.00079357 0.06248816
v -0.03173320 0.00584176 0.06202548
v -0.03170802 -0.00492438 0.05841671
v -0.03169065 0.00172529 0.06263659
v -0.03166461 0.00110010 0.06253479
v -0.03165645 0.11807208 -0.02027980
v -0.03164810 0.00141484 0.06258197
v -0.03163077 0.11393754 0.00154674
v -0.03163071 0.00411395 0.06253204
v -0.03162174 -0.00551757 0.04081407
v -0.03161095 -0.05848388 0.06217284
v -0.03159965 0.00099139 0.05518709
v -0.03158158 0.00258722 0.05587506
v -0.03150300 0.00632906 0.06348756
v -0.03144938 0.00137972 0.03720237
v -0.03140829 0.11832489 -0.04011388
v -0.03140356 -0.00112331 0.06168314
v -0.03136304 0.00712560 0.06120096
v -0.03136235 -0.00260760 0.06065896
v -0.03132268 -0.00646104 0.05669151
v -0.03129666 -0.00121347 0.03796618
v -0.03123548 -0.00695865 0.04275959
v -0.03119733 -0.00109908 0.05841292
v -0.03117190 -0.02993892 0.06467284
v -0.03113933 0.01302063 0.04175878
v -0.03113202 0.00374530 0.06245395
v -0.03104273 0.00870360 0.03832616
v -0.03103911 -0.01604661 0.06226129
v -0.03103120 -0.00766187 0.05456588
v -0.03100029 0.00837052 0.06051116
v -0.03097099 -0.00800448 0.04496773
v -0.03093904 -0.00070811 0.06173147
v -0.03091628 0.00545787 0.06193105
v -0.03089189 -0.00352852 0.05947354
v -0.03085853 0.02714839 -0.11874864
v -0.03084569 -0.00843789 0.05223927
v -0.03083926 0.01347344 0.06662313
v -0.03083802 0.00803857 0.06340414
v -0.03082706 0.00273556 0.05976621
v -0.03082183 0.00745977 0.06354148
v -0.03081425 -0.00861155 0.04734485
v -0.03078425 0.01157529 0.06529781
v -0.03077576 0.00262583 0.05569448
v -0.03077214 -0.00875850 0.04980020
v -0.03076445 0.10931388 0.01508182
v -0.03074949 0.00200382 0.03727124
v -0.03074679 0.00932504 0.06403769
v -0.03071667 0.00328814 0.06235914
v -0.03070300 -0.09927040 0.04716749
v -0.03062365 0.01091630 0.03982853
v -0.03061526 0.00133953 0.05515402
v -0.03058242 -0.00214510 0.06069576
v -0.03056842 -0.00020878 0.06178467
v -0.03053515 -0.07159117 0.05756873
v -0.03052882 0.01417791 0.04383945
v -0.03043216 -0.00315118 0.03920940
v -0.03041660 0.00801407 0.03819303
v -0.03041369 -0.00446373 0.05843559
v -0.03040766 -0.06841742 0.05938173
v -0.03040028 0.01027130 0.05927327
v -0.03039880 0.00275737 0.06226260
v -0.03033339 0.00664048 0.06108419
v -0.03029719 0.00034959 0.06186600
v -0.03023288 -0.00471276 0.06068919
v -0.03022127 -0.00149013 0.05971938
v -0.03021189 -0.00414836 0.06108911
v -0.03019449 0.00217661 0.06215583
v -0.03019134 0.00492277 0.06181478
v -0.03018680 0.00260216 0.05542526
v -0.03018610 0.00275115 0.03736582
v -0.03014342 0.00094946 0.06195222
v -0.03012316 -0.00051970 0.03802619
v -0.03010867 0.00156594 0.06205098
v -0.03006680 -0.00543496 0.06053010
v -0.03003646 0.04486287 0.06932576
v -0.03000499 0.01489187 0.04611187
v -0.02997739 -0.00348567 0.06128233
v -0.02996734 0.00298579 0.06153842
v -0.02995092 -0.10752136 0.03823001
v -0.02993883 0.00721711 0.03804918
v -0.02992153 0.00170297 0.05507208
v -0.02991204 0.01198292 0.05755793
v -0.02990893 -0.00154155 0.06075932
v -0.02990675 -0.00294832 0.05952273
v -0.02990047 -0.06516341 0.06134460
v -0.02987172 0.10398559 0.02683398
v -0.02977960 0.00359078 0.03748304
v -0.02977083 -0.01921797 0.06327450
v -0.02976437 0.00777751 0.06036835
v -0.02975549 -0.00613916 0.06051518
v -0.02973962 0.00250624 0.05516069
v -0.02969796 -0.00483696 0.04084155
v -0.02969497 -0.00587586 0.05671704
v -0.02969284 0.01091757 -0.11820529
v -0.02966678 0.01519336 0.04852856
v -0.02962718 0.00634173 0.03790036
v -0.02961420 0.01340678 0.05558313
v -0.02958716 0.00425707 0.06168160
v -0.02957634 0.01228706 0.04158041
v -0.02956557 -0.00258812 0.06138018
v -0.02956252 -0.08227772 0.05373430
v -0.02954612 0.00449301 0.03761065
v -0.02953377 0.01011246 0.03965831
v -0.02949457 0.00542184 0.03775201
v -0.02948539 0.01503981 0.05097516
v -0.02946818 0.01443765 0.05335856
v -0.02944141 0.00206470 0.05499894
v -0.02941662 0.00596551 0.06093562
v -0.02936896 -0.00081861 0.06084489
v -0.02931124 -0.00697219 0.06063892
v -0.02925950 -0.07493684 0.05622132
v -0.02925894 -0.03510731 0.06559888
v -0.02923537 -0.00375807 0.05849766
v -0.02920752 -0.00191942 0.06126754
v -0.02920713 0.00235017 0.05510239
v -0.02918115 -0.04474904 0.06440325
v -0.02912641 0.00348707 0.06153761
v -0.02911280 -0.00697718 0.05459600
v -0.02910820 0.00038650 0.03812595
v -0.02910122 -0.00146900 0.06075037
v -0.02909852 -0.00620143 0.04279249
v -0.02905491 -0.00218825 0.05960336
v -0.02897825 -0.00000730 0.06095778
v -0.02896478 -0.11348040 0.02147992
v -0.02894915 0.00270449 0.05952676
v -0.02893928 -0.00226844 0.03928577
v -0.02888562 0.00312298 0.06252111
v -0.02885530 0.01536843 0.06818173
v -0.02884380 0.00953515 0.05909599
v -0.02882917 0.00264337 0.06138203
v -0.02880861 0.09815200 0.03671654
v -0.02877090 0.00361010 0.06337510
v -0.02875726 0.00086424 0.06108173
v -0.02871087 -0.00767905 0.05227320
v -0.02870427 0.00175744 0.06123035
v -0.02870266 -0.05415071 0.06437985
v -0.02870193 -0.00720166 0.04500477
v -0.02869141 -0.00872989 0.06090729
v -0.02869082 0.01331469 0.04362937
v -0.02865580 0.00696450 0.06018556
v -0.02865468 0.00512442 0.06076805
v -0.02862513 -0.00045401 0.05868241
v -0.02862458 0.00911244 0.03946500
v -0.02860300 -0.09494253 0.05075295
v -0.02850412 -0.00795483 0.04983724
v -0.02850103 -0.00779349 0.04738287
v -0.02837383 -0.00127621 0.05971678
v -0.02836346 -0.02274438 0.06430998
v -0.02829015 0.00147057 0.03826169
v -0.02821320 -0.00284167 0.05859914
v -0.02821201 0.00487648 0.06328839
v -0.02820704 -0.00498905 0.05679543
v -0.02820234 0.01872486 0.07218722
v -0.02818928 0.01126367 0.04136369
v -0.02816872 -0.06139102 0.06370807
v -0.02815658 0.03745010 0.07173548
v -0.02813639 -0.01026157 0.06150934
v -0.02808559 0.01112753 0.05735485
v -0.02807411 0.00415361 0.06058265
v -0.02799685 -0.00249298 -0.11558229
v -0.02796594 0.01392983 0.04587739
v -0.02794291 -0.00379859 0.04093181
v -0.02793070 0.00795407 0.03925607
v -0.02790754 0.09200183 0.04478185
v -0.02788462 -0.00025186 0.05985236
v -0.02773738 0.00595358 0.05999006
v -0.02772988 -0.07095346 0.05866307
v -0.02770025 0.00269122 0.03842831
v -0.02769760 0.00309028 0.06039030
v -0.02764761 -0.00111472 0.03941283
v -0.02760331 0.00084414 0.06001559
v -0.02758873 -0.06896845 0.05989659
v -0.02757870 0.01244970 0.05535185
v -0.02753674 0.00197257 0.06019893
v -0.02751890 -0.00062953 0.05969788
v -0.02750333 0.01417301 0.04828039
v -0.02748438 -0.11077354 0.03287074
v -0.02747945 0.00668380 0.03903974
v -0.02746215 0.00283090 0.06096781
v -0.02746134 0.00851661 0.05888359
v -0.02744285 0.00656139 0.06294767
v -0.02739256 -0.00174469 0.05873567
v -0.02736493 -0.01213297 0.06227560
v -0.02736192 0.00399992 0.03861772
v -0.02736118 -0.00593598 0.05468949
v -0.02730663 0.01341889 0.05311190
v -0.02728673 0.00534841 0.03882413
v -0.02728324 0.08571569 0.05123296
v -0.02728036 0.01400089 0.05072346
v -0.02726049 -0.06683601 0.06148224
v -0.02717074 0.00256147 0.05927971
v -0.02717041 -0.00505234 0.04290196
v -0.02713532 0.00785567 0.06274457
v -0.02712496 0.11973101 -0.03249992
v -0.02710819 -0.02671641 0.06541558
v -0.02705961 0.01211174 0.04337446
v -0.02703613 0.00478653 0.05977124
v -0.02703202 0.00999126 0.04111756
v -0.02691865 -0.00383275 0.05692549
v -0.02680521 -0.07886363 0.05591369
v -0.02680390 -0.00051203 0.05890116
v -0.02676359 -0.00652336 0.05237750
v -0.02669360 0.00021375 0.05859920
v -0.02668509 0.07932363 0.05665535
v -0.02668379 -0.00234130 0.06114164
v -0.02663305 -0.00597642 0.04511691
v -0.02660620 0.00026485 0.03958509
v -0.02660315 -0.00276538 0.06110013
v -0.02658042 0.00350710 0.05954456
v -0.02657793 -0.00143123 0.06101323
v -0.02657450 -0.07305083 0.05789597
v -0.02653757 -0.00060081 0.06016316
v -0.02646969 0.00993902 0.05711882
v -0.02646548 0.00080794 0.05909646
v -0.02644060 0.00839300 0.06247699
v -0.02643678 -0.00672865 0.04994874
v -0.02642345 -0.00244254 0.04108081
v -0.02639227 -0.00654421 0.04749681
v -0.02638567 0.00216304 0.05931655
v -0.02638220 -0.01284728 -0.11280601
v -0.02633993 -0.01454928 0.06313898
v -0.02632986 -0.00095136 0.06064447
v -0.02632261 -0.04963173 0.06514475
v -0.02631207 0.00724953 0.05864574
v -0.02630579 -0.00338224 0.06100277
v -0.02624152 0.00927069 0.06289218
v -0.02621949 0.00213690 0.05857145
v -0.02617163 0.00306785 0.06167763
v -0.02616226 0.03065048 0.07384977
v -0.02615872 0.01259161 0.04559542
v -0.02614888 0.00851768 0.04085146
v -0.02612499 -0.09083049 0.05352817
v -0.02608766 -0.00373311 0.06074932
v -0.02603320 -0.06442755 0.06360746
v -0.02596447 0.07237174 0.06153645
v -0.02587977 -0.00245103 0.05710128
v -0.02585574 0.00181770 0.03979621
v -0.02584339 -0.00457753 0.05484305
v -0.02577571 0.01112027 0.05507792
v -0.02577357 -0.06876054 0.04834333
v -0.02575676 -0.07146861 0.04753155
v -0.02573803 0.00269507 0.06024443
v -0.02569919 0.01061547 0.04308513
v -0.02564511 -0.04038059 0.06528983
v -0.02564372 -0.00429481 0.06052295
v -0.02561913 -0.07335949 0.04719194
v -0.02558836 0.00090151 0.05822065
v -0.02558524 0.01275238 0.04798153
v -0.02557412 0.00689920 0.04057565
v -0.02556886 -0.07079493 0.05915941
v -0.02551402 -0.06941319 0.06006442
v -0.02548334 -0.00354533 0.04306807
v -0.02546960 0.01095132 0.06345779
v -0.02543202 0.00578173 0.05838159
v -0.02542464 0.00348491 0.04003796
v -0.02539355 0.00016368 0.05935027
v -0.02538994 0.01200286 0.05281565
v -0.02535550 -0.06684252 0.04932164
v -0.02534585 0.00186784 0.05806325
v -0.02532940 0.00520029 0.04030100
v -0.02532545 0.01255441 0.05041949
v -0.02529978 -0.06814794 0.06130004
v -0.02525219 -0.01743738 0.06414909
v -0.02525124 0.00343561 0.06213175
v -0.02521523 -0.20134392 -0.00484800
v -0.02519950 -0.00082011 0.04128350
v -0.02516901 0.00703922 0.06209046
v -0.02513487 -0.00089586 0.05731130
v -0.02511932 0.00845415 0.05684695
v -0.02511550 -0.00508327 0.06064905
v -0.02507640 -0.00501460 0.05254866
v -0.02496703 -0.00115680 0.06072231
v -0.02494695 -0.02098557 -0.11040200
v -0.02494645 0.00137197 0.05799582
v -0.02489105 -0.03121324 0.06633507
v -0.02486591 0.01250852 0.06458507
v -0.02485761 0.00416900 0.05810336
v -0.02485220 0.06468800 0.06603536
v -0.02484109 -0.00437667 0.04530085
v -0.02470543 0.00076857 0.05755794
v -0.02466054 0.00888265 0.04277191
v -0.02465179 0.01092747 0.04527655
v -0.02464527 -0.00512745 0.05013019
v -0.02463118 0.00448753 0.06176950
v -0.02462051 -0.00295364 0.05505099
v -0.02461442 -0.07627319 0.04694230
v -0.02460836 0.00247873 0.05782581
v -0.02456582 -0.00491228 0.04768294
v -0.02455951 0.00165042 0.05807928
v -0.02451009 -0.12434636 0.00832859
v -0.02449970 -0.06647177 0.06294356
v -0.02443192 0.00598995 0.06157075
v -0.02439525 -0.07215177 0.05883168
v -0.02433977 -0.06546330 0.05044467
v -0.02433681 -0.08620621 0.05586680
v -0.02431627 0.00100606 0.04153182
v -0.02430714 -0.06958526 0.06035988
v -0.02429901 0.00843903 0.06206342
v -0.02428747 0.00732355 0.06164089
v -0.02427052 0.00946611 0.05476778
v -0.02425775 0.00234812 0.05930584
v -0.02423892 -0.07589810 0.05806414
v -0.02423024 0.00001788 0.05997667
v -0.02414726 -0.06872972 0.05100010
v -0.02413449 -0.05735352 0.06679557
v -0.02412709 -0.00682360 0.06119624
v -0.02412198 -0.00174255 0.04329409
v -0.02411535 -0.07047717 0.05020807
v -0.02409621 -0.07050980 0.05957929
v -0.02408505 0.00673143 0.05654315
v -0.02400235 -0.06883533 0.06131234
v -0.02398441 0.01098815 0.04764343
v -0.02398417 0.00698059 0.04244755
v -0.02390810 -0.19125886 -0.01203631
v -0.02389384 -0.07165409 0.04996627
v -0.02389140 -0.02017018 0.06517472
v -0.02387025 0.01642995 0.06989356
v -0.02381093 0.00276084 0.06092831
v -0.02380862 0.00296569 0.04181610
v -0.02378909 0.01024377 0.05248116
v -0.02376281 -0.00128328 0.06054729
v -0.02375811 -0.15155616 -0.14394705
v -0.02373714 -0.00112785 0.05530344
v -0.02371664 -0.00321120 0.05277818
v -0.02369687 0.00498314 0.04212482
v -0.02369289 0.01075818 0.05007682
v -0.02367587 0.00092421 0.05858183
v -0.02354723 0.01388034 0.06543551
v -0.02354653 -0.06779088 0.05200211
v -0.02354328 0.02487496 0.07435176
v -0.02353040 -0.00029123 0.06020577
v -0.02350019 0.00900231 0.04493379
v -0.02342890 -0.00839956 0.06196118
v -0.02340948 0.00483949 0.05622707
v -0.02339699 -0.00246514 0.04554655
v -0.02339568 -0.06801572 0.06252488
v -0.02332905 -0.06989440 0.06009307
v -0.02330293 -0.06169409 0.06638095
v -0.02324861 -0.11522864 0.02779149
v -0.02323184 0.00083259 0.05558914
v -0.02320112 -0.00321336 0.05037253
v -0.02318503 0.05499177 0.06990589
v -0.02314735 -0.07040696 0.05969287
v -0.02314377 -0.18116055 -0.01473950
v -0.02314119 -0.07383506 0.04962323
v -0.02312855 -0.10806823 0.04969417
v -0.02312190 0.00028484 0.04357875
v -0.02312019 0.00754876 0.05442667
v -0.02311996 0.00285267 0.05590340
v -0.02309308 -0.00296231 0.04793010
v -0.02308465 -0.06938531 0.06088861
v -0.02306400 -0.06890662 0.05388316
v -0.02306158 -0.06979309 0.05323304
v -0.02304739 -0.07140941 0.05951560
v -0.02299186 -0.00176977 0.06050530
v -0.02292972 -0.17111520 -0.01249342
v -0.02288009 -0.07026687 0.05314180
v -0.02284002 0.00924805 0.06170354
v -0.02281492 -0.06670426 0.05271213
v -0.02276278 0.00894730 0.04727976
v -0.02275724 0.00688156 0.04457998
v -0.02273519 -0.00118206 0.05305627
v -0.02272771 0.00311640 0.06100774
v -0.02272096 0.00222352 0.05830649
v -0.02270762 -0.02381080 0.06657434
v -0.02265703 -0.07372398 0.05962078
v -0.02261574 -0.08194061 0.05797368
v -0.02257878 -0.14018270 -0.13831261
v -0.02256747 0.00820632 0.05211847
v -0.02256468 0.00245248 0.04389486
v -0.02255358 -0.01030796 0.06293146
v -0.02254595 -0.06954025 0.05742924
v -0.02254083 -0.06848606 0.05472618
v -0.02253350 -0.06980181 0.05845409
v -0.02251194 -0.06454802 0.06539929
v -0.02250886 -0.03210505 -0.10529529
v -0.02248136 -0.11130995 0.04483508
v -0.02247319 0.00132154 0.05815432
v -0.02246979 -0.06889589 0.06187754
v -0.02245234 0.00470457 0.04422731
v -0.02245084 -0.04429952 0.06581257
v -0.02244771 0.00867681 0.04970603
v -0.02243496 -0.00177510 0.06018031
v -0.02242844 -0.07006642 0.05968694
v -0.02236869 0.00544235 0.05407691
v -0.02235693 -0.00031524 0.04583650
v -0.02235345 -0.06963934 0.06019162
v -0.02230651 -0.10422908 0.05365536
v -0.02229200 0.12128792 -0.02460698
v -0.02217317 0.00099657 0.05337543
v -0.02217152 -0.16304016 -0.14828864
v -0.02215925 -0.07076062 0.06000802
v -0.02215865 -0.00106178 0.05066726
v -0.02213436 -0.06948519 0.05811157
v -0.02211707 -0.06995053 0.05877995
v -0.02206600 -0.07129382 0.05323525
v -0.02204794 0.00323471 0.05372002
v -0.02203103 -0.00076889 0.04822884
v -0.02201889 -0.03543386 0.06628673
v -0.02200534 -0.06970583 0.05745810
v -0.02199507 0.00045213 0.05956694
v -0.02196866 0.00670519 0.04690515
v -0.02193478 -0.06966141 0.05928884
v -0.02192968 0.00391730 0.06039696
v -0.02192493 -0.00211348 0.06018755
v -0.02192381 -0.06665060 0.06446105
v -0.02191928 -0.12714928 -0.13104756
v -0.02190275 0.00227504 0.06019344
v -0.02189821 0.00186225 0.05809113
v -0.02188563 -0.16166662 -0.00973628
v -0.02182985 -0.07874863 0.04754659
v -0.02182085 -0.05221185 0.06773331
v -0.02177970 -0.06932588 0.06104076
v -0.02176996 0.00596889 0.05174600
v -0.02176039 0.00199076 0.04617026
v -0.02172409 -0.06781739 0.05559261
v -0.02172050 0.00579578 0.05995162
v -0.02163594 0.00639563 0.04932492
v -0.02163106 0.00435939 0.04653330
v -0.02156238 0.00124970 0.05100444
v -0.02153275 -0.01262911 0.06411764
v -0.02149239 -0.07027087 0.06014692
v -0.02145572 -0.06931702 0.05907642
v -0.02143842 -0.02736338 0.06738725
v -0.02143144 0.00362442 0.05136873
v -0.02142352 0.00158497 0.04857090
v -0.02139514 -0.07249406 0.06064085
v -0.02138541 -0.07520685 0.05032843
v -0.02138046 0.01050976 0.06212775
v -0.02133862 -0.06949775 0.06004617
v -0.02128739 0.00400458 0.04893847
v -0.02128738 0.00011745 0.05988542
v -0.02119656 0.04572744 0.07172038
v -0.02119307 -0.06806286 0.06343921
v -0.02117294 -0.06994550 0.05948064
v -0.02115368 -0.06454849 0.05261301
v -0.02111241 -0.06954940 0.05818622
v -0.02104386 0.00246742 0.06031482
v -0.02104066 -0.00284582 0.06039406
v -0.02088525 -0.07931548 0.05991630
v -0.02082418 0.00094891 0.05931608
v -0.02082122 -0.13518688 0.00293615
v -0.02080874 -0.11345626 0.03889947
v -0.02078996 -0.12149680 0.01674753
v -0.02072814 0.12011690 -0.01238802
v -0.02071068 -0.07157990 0.05440159
v -0.02066191 -0.01508493 0.06556046
v -0.02064132 -0.06894873 0.06236164
v -0.02057030 0.11686972 0.00283429
v -0.02056261 0.00173968 0.05958745
v -0.02049746 -0.15291978 -0.00673445
v -0.02049725 -0.07134093 0.06116238
v -0.02044514 0.01950292 0.07363601
v -0.02044301 -0.04489340 -0.10130172
v -0.02042994 -0.09970646 0.05647898
v -0.02030708 -0.06922374 0.06008753
v -0.02021913 0.01475223 0.06738141
v -0.02019578 -0.14076708 -0.00088055
v -0.02019480 -0.06934927 0.06131445
v -0.02019394 0.00275149 0.05986135
v -0.02017872 0.00146512 0.05929184
v -0.02009788 -0.07041915 0.06115946
v -0.02003414 -0.14581546 -0.00377480
v -0.01991317 0.00078341 0.05960620
v -0.01990422 -0.03144655 0.06777040
v -0.01987519 -0.01749302 0.06699391
v -0.01987362 -0.06946082 0.05924309
v -0.01981871 -0.06598051 0.05487259
v -0.01980315 0.11180375 0.01678812
v -0.01979288 -0.05621890 -0.10075016
v -0.01973666 -0.07607344 0.06121214
v -0.01973556 -0.06997751 0.06068200
v -0.01970673 0.00013118 0.05976496
v -0.01963095 0.00177901 0.05961684
v -0.01950878 -0.00450125 0.06146248
v -0.01943793 0.00139077 0.05940107
v -0.01943339 -0.12030381 -0.12319280
v -0.01928005 0.03791782 0.07396197
v -0.01923122 0.01171068 0.06289742
v -0.01921061 -0.06958276 -0.10111450
v -0.01920325 -0.02079369 0.06835899
v -0.01915466 -0.08231100 -0.10334685
v -0.01913035 0.00408026 0.05899946
v -0.01908654 -0.10829844 -0.11392833
v -0.01905590 0.00029179 0.05958377
v -0.01903800 0.10623238 0.02849611
v -0.01897130 -0.03914513 0.06708038
v -0.01896617 -0.05892109 0.06999929
v -0.01893636 0.00805676 0.06007354
v -0.01892968 0.00076701 0.05952758
v -0.01887332 -0.09594838 -0.10716328
v -0.01885695 -0.00586182 0.06256139
v -0.01883418 -0.06737967 0.05795466
v -0.01877821 -0.06211537 0.06911144
v -0.01877541 -0.03661051 0.06851719
v -0.01874598 0.00183755 0.05951111
v -0.01860763 0.00137313 0.05945913
v -0.01847703 -0.07381182 0.06254251
v -0.01843316 0.00029966 0.05938725
v -0.01843091 -0.05516131 0.07056867
v -0.01841820 -0.06450689 0.06835023
v -0.01835893 -0.09578266 0.05829791
v -0.01835628 -0.04583450 0.06824379
v -0.01830650 0.00104904 0.05936575
v -0.01827640 -0.03452083 0.07246122
v -0.01826717 -0.02376596 0.06944513
v -0.01820949 0.10016810 0.03870063
v -0.01819171 -0.09073679 0.05876465
v -0.01816062 -0.11652013 0.03348456
v -0.01815407 -0.03671289 0.07062921
v -0.01812045 0.00225931 0.05914716
v -0.01803482 0.00171500 0.05929079
v -0.01799105 -0.00773068 0.06416420
v -0.01798613 -0.06633668 0.06731780
v -0.01787841 -0.03047548 0.07178041
v -0.01783344 -0.03345859 0.07484980
v -0.01774872 -0.07205221 0.06339636
v -0.01773334 -0.06789424 0.06574521
v -0.01772447 0.01686038 0.07163737
v -0.01766316 -0.06918874 0.06254967
v -0.01760925 -0.00007066 0.05986899
v -0.01759899 0.03110695 0.07566479
v -0.01755791 -0.06910072 0.06417678
v -0.01752497 0.00140228 0.05936075
v -0.01752203 -0.02723462 0.07026985
v -0.01750952 -0.01017930 0.06609656
v -0.01746259 0.09371749 0.04702714
v -0.01726104 0.00554702 0.05909675
v -0.01723938 -0.03594640 0.07560170
v -0.01720038 0.00215198 0.05908848
v -0.01713521 -0.01260094 0.06779607
v -0.01711569 -0.07053836 0.06349458
v -0.01697665 -0.08559342 0.06093966
v -0.01694859 0.00295777 0.05878648
v -0.01694702 0.00939757 0.06139321
v -0.01684621 -0.07976317 0.04968353
v -0.01682976 0.08726791 0.05353410
v -0.01681763 -0.06402500 0.05518274
v -0.01665791 -0.06993800 0.06347263
v -0.01657893 -0.01480633 0.06948100
v -0.01655597 0.01206000 0.06435654
v -0.01648674 -0.05010706 0.07096417
v -0.01648415 0.00146173 0.05970443
v -0.01639688 -0.07679208 0.05231949
v -0.01639187 -0.03156511 0.07840850
v -0.01636281 -0.00164728 0.06171358
v -0.01628223 0.08078347 0.05894875
v -0.01622160 -0.01770820 0.07106180
v -0.01617438 -0.06938247 0.06270081
v -0.01608604 -0.03706071 0.07648028
v -0.01607190 -0.07248975 0.05732250
v -0.01603076 0.00268462 0.05967291
v -0.01599998 -0.12145667 0.02194633
v -0.01591855 -0.08168326 0.06313553
v -0.01586800 -0.06569805 0.05755330
v -0.01583509 0.02553364 0.07568379
v -0.01577492 -0.04143782 0.06994566
v -0.01576137 -0.02787562 0.07591695
v -0.01574290 -0.03377464 0.08033677
v -0.01572336 0.00671108 0.06021665
v -0.01571522 0.07378294 0.06369352
v -0.01564588 0.00392030 0.05970839
v -0.01561351 -0.04036850 0.07187726
v -0.01550142 -0.00280019 0.06328387
v -0.01542234 -0.02049913 0.07270864
v -0.01535918 -0.03990371 0.07343332
v -0.01512147 -0.06733921 0.06063003
v -0.01507050 -0.11128412 0.05546144
v -0.01503628 0.01484139 0.06932147
v -0.01500067 -0.02396705 0.07409238
v -0.01486312 0.06598677 0.06796330
v -0.01484977 -0.03467205 0.08108601
v -0.01483598 -0.03770959 0.07774134
v -0.01470718 -0.07810071 0.06481498
v -0.01454299 -0.10739542 0.05905215
v -0.01450370 0.00097643 0.06178376
v -0.01437479 -0.11442649 0.05063763
v -0.01435977 -0.00422176 0.06559300
v -0.01435128 0.00973502 0.06349272
v -0.01427746 -0.03969733 0.07470313
v -0.01423214 -0.06935754 0.06510384
v -0.01416029 -0.06864707 0.06726990
v -0.01415349 -0.04523010 0.07083987
v -0.01413082 -0.06480008 0.07098935
v -0.01412615 -0.06246629 0.07216942
v -0.01411081 -0.06671871 0.06936456
v -0.01409747 -0.03581609 0.08148631
v -0.01401789 -0.05970237 0.07289424
v -0.01395865 -0.00654287 0.06815296
v -0.01388430 0.00239464 0.06190898
v -0.01384204 -0.07503773 0.06599642
v -0.01383935 -0.00931916 0.07047578
v -0.01376147 -0.05647596 0.07341825
v -0.01372755 0.02027230 0.07454158
v -0.01360910 0.05599144 0.07117084
v -0.01359440 -0.01199125 0.07235111
v -0.01351772 0.00376990 0.06195571
v -0.01342581 -0.02930403 0.08347258
v -0.01334031 -0.03820980 0.07842766
v -0.01333740 -0.01499662 0.07430108
v -0.01325546 -0.07263544 0.06641688
v -0.01325254 -0.11613842 0.04389367
v -0.01324319 -0.03972981 0.07581088
v -0.01315665 0.00696343 0.06256117
v -0.01315657 0.00003286 0.06438278
v -0.01312773 -0.10266954 0.06152846
v -0.01301849 0.09967095 -0.09458803
v -0.01300256 0.09148192 -0.10278336
v -0.01298116 0.11048445 -0.08119680
v -0.01296088 0.01208320 0.06730436
v -0.01295074 -0.05307488 0.07378904
v -0.01293889 -0.02540430 0.08088819
v -0.01292221 -0.03686755 0.08172488
v -0.01281098 -0.01800008 0.07655526
v -0.01279323 0.07788808 -0.11204144
v -0.01277303 0.11623071 -0.06920492
v -0.01274913 -0.02143763 0.07831557
v -0.01260328 -0.07045077 0.06647438
v -0.01259609 -0.03233357 0.08546203
v -0.01246234 0.11986010 -0.05667758
v -0.01238916 0.06197267 -0.11839896
v -0.01231450 0.04629959 0.07272472
v -0.01218180 -0.06387352 0.05718457
v -0.01212377 0.00162702 0.06523935
v -0.01209288 -0.00148456 0.06755828
v -0.01207423 -0.03913268 0.07650512
v -0.01206785 -0.06932912 0.06617729
v -0.01205814 0.12151587 -0.04363892
v -0.01204391 -0.03363898 0.08556332
v -0.01201087 0.01741093 0.07301816
v -0.01182279 -0.12196716 0.02596564
v -0.01182090 -0.09824225 0.06257425
v -0.01180393 0.12217673 -0.03554586
v -0.01170990 -0.06560753 0.05941254
v -0.01169424 -0.04208089 0.07253053
v -0.01168503 0.04135309 -0.12193231
v -0.01165524 -0.11809133 0.03809880
v -0.01156848 -0.03517649 0.08530173
v -0.01152550 0.12326936 -0.02593652
v -0.01138019 -0.04928684 0.07409959
v -0.01133430 -0.00343119 0.07097146
v -0.01133289 0.00328715 0.06574241
v -0.01133278 -0.06886464 0.06483857
v -0.01132150 -0.06738999 0.06234872
v -0.01129706 0.00950150 0.06719099
v -0.01128599 -0.07184833 0.05924282
v -0.01123474 -0.02753808 0.08743990
v -0.01123340 -0.09287591 0.06248309
v -0.01122620 -0.08067322 0.05081969
v -0.01118774 -0.04132136 0.07373105
v -0.01118179 0.02741432 -0.12285665
v -0.01118006 -0.03646242 0.08413671
v -0.01115695 -0.03706826 0.07787039
v -0.01112086 -0.02370355 0.08466297
v -0.01104342 -0.00595178 0.07379502
v -0.01103290 -0.07687484 0.05394969
v -0.01103189 0.12213963 -0.01291277
v -0.01101745 0.03838559 0.07441741
v -0.01093292 -0.01958298 0.08214379
v -0.01092843 -0.04081115 0.07475723
v -0.01090663 0.00651808 0.06652877
v -0.01089471 -0.00907606 0.07584094
v -0.01089447 -0.03737939 0.07616046
v -0.01077931 -0.03490070 0.07679252
v -0.01070173 -0.03093969 0.08906941
v -0.01065955 0.00085238 0.06894931
v -0.01065714 -0.01252049 0.07798209
v -0.01057488 0.01470179 0.07173862
v -0.01053453 -0.01589072 0.08025549
v -0.01052194 -0.04030363 0.07539237
v -0.01051052 -0.03563892 0.07559158
v -0.01050740 0.01114590 -0.12183595
v -0.01042181 -0.08730008 0.06378629
v -0.01040376 -0.03681427 0.08033237
v -0.01033655 -0.06922595 0.06759275
v -0.01033089 0.11877166 0.00345903
v -0.01026168 -0.04016352 0.07571889
v -0.01011850 -0.03464967 0.08785497
v -0.01009670 -0.03381324 0.08850309
v -0.01001569 -0.03560771 0.08712120
v -0.01000920 -0.19433035 -0.01257333
v -0.00998758 -0.06809675 0.06992536
v -0.00993197 -0.08308239 0.06602972
v -0.00986089 -0.00230755 -0.11827282
v -0.00984895 -0.20477858 -0.00533878
v -0.00983035 -0.03429191 0.07861538
v -0.00982886 -0.18314911 -0.01458501
v -0.00982057 -0.04540586 0.07408632
v -0.00967470 0.00278626 0.07017456
v -0.00967025 -0.03947835 0.07580821
v -0.00961337 0.03176545 0.07581503
v -0.00960686 0.11315550 0.01750977
v -0.00959791 -0.17273557 -0.01159386
v -0.00959218 0.01168080 0.07080479
v -0.00939198 -0.06577675 0.07221217
v -0.00936293 -0.03656578 0.08598787
v -0.00934119 -0.07927833 0.06796762
v -0.00932751 -0.01251562 -0.11521126
v -0.00924330 -0.03303907 0.09046148
v -0.00920657 -0.00072807 0.07331662
v -0.00919025 -0.16328423 -0.00738238
v -0.00908569 -0.03194403 0.07592408
v -0.00908152 -0.06346793 0.07419034
v -0.00901555 -0.03660737 0.08242821
v -0.00900069 0.00618084 0.07079056
v -0.00900037 -0.15520963 -0.00325499
v -0.00895574 0.10748642 0.02909668
v -0.00894867 -0.06068546 0.07524588
v -0.00892477 0.00908311 0.07083485
v -0.00889517 -0.07564934 0.06939311
v -0.00887750 -0.05796719 0.07575785
v -0.00886929 -0.02072695 -0.11262214
v -0.00883899 -0.03225251 0.07595574
v -0.00882369 -0.03462997 0.08961640
v -0.00874046 -0.03142807 0.07718441
v -0.00870061 -0.03825701 0.07514566
v -0.00868317 0.02627566 0.07597735
v -0.00866014 -0.14880109 0.00050447
v -0.00861320 -0.03535268 0.08927366
v -0.00860595 -0.05505521 0.07608853
v -0.00858574 -0.00344824 0.07681025
v -0.00857945 -0.13395971 0.01279113
v -0.00854508 -0.14438607 0.00386326
v -0.00845983 -0.07287617 0.06948762
v -0.00845969 -0.12968215 0.01654831
v -0.00843513 -0.02190589 0.08802965
v -0.00835001 -0.04278576 0.07487442
v -0.00833530 -0.03418309 0.08058227
v -0.00831578 -0.13984063 0.00794419
v -0.00831402 0.10133816 0.03942680
v -0.00831343 -0.02616798 0.09078736
v -0.00819544 -0.03160024 -0.10713131
v -0.00818229 -0.03626213 0.08851475
v -0.00816883 -0.12183750 0.02965376
v -0.00813156 -0.05231867 0.07617650
v -0.00809938 -0.03640390 0.07496060
v -0.00807717 -0.00662288 0.07935583
v -0.00804817 -0.04045838 0.07649414
v -0.00802877 -0.01765986 0.08563145
v -0.00801216 -0.07050817 0.06924825
v -0.00801069 -0.03979510 0.07650821
v -0.00796453 -0.01002984 0.08101926
v -0.00788115 -0.03494608 0.09068214
v -0.00784889 -0.04068123 0.07635796
v -0.00784328 -0.03249293 0.07626673
v -0.00782592 -0.04188988 0.07544311
v -0.00776934 -0.03000822 0.09235934
v -0.00776903 -0.01392279 0.08341877
v -0.00773224 -0.03141629 0.07840645
v -0.00770473 0.02082522 0.07532646
v -0.00769674 0.09470057 0.04790466
v -0.00761420 -0.04121588 0.07604756
v -0.00754624 -0.02947409 0.07584987
v -0.00746536 -0.03635111 0.08406571
v -0.00745196 -0.04401371 -0.10226662
v -0.00744454 -0.03834552 0.07604703
v -0.00740563 -0.02952431 0.07573921
v -0.00738372 -0.02967463 0.07638459
v -0.00738045 -0.06901622 0.06879223
v -0.00737380 -0.02969516 0.07589647
v -0.00733884 -0.03584050 0.09035701
v -0.00731075 -0.02931107 0.07597296
v -0.00726500 -0.02944929 0.07571995
v -0.00720022 -0.04906030 0.07633711
v -0.00719971 -0.03727594 0.08737057
v -0.00718598 -0.03225205 0.07654562
v -0.00713209 0.08814325 0.05436752
v -0.00713110 -0.03639486 0.07540135
v -0.00707300 -0.02929333 0.07577699
v -0.00703338 -0.02976227 0.07696203
v -0.00698077 0.01753222 0.07441025
v -0.00697210 -0.02975408 0.07623420
v -0.00692990 -0.05385332 -0.10221049
v -0.00686238 -0.02945163 0.07640932
v -0.00684647 -0.03425672 0.08210041
v -0.00683688 -0.03153653 0.07926083
v -0.00677160 -0.02971490 0.07698158
v -0.00677050 -0.03983243 0.07774490
v -0.00667829 -0.03296443 0.09283774
v -0.00658792 0.08161724 0.05969659
v -0.00658331 -0.06371874 0.05810610
v -0.00656026 -0.02940385 0.07627975
v -0.00653192 -0.02968793 0.07688001
v -0.00652554 -0.03695134 0.08970343
v -0.00652068 -0.03808140 0.07738858
v -0.00647327 -0.02949592 0.07653852
v -0.00644846 -0.07675405 0.05484113
v -0.00640986 -0.07149615 0.06056530
v -0.00638266 0.01451642 0.07387978
v -0.00634080 -0.06835537 0.06700125
v -0.00628921 -0.04050216 0.07775278
v -0.00628177 -0.06718701 -0.10277169
v -0.00627724 -0.04579667 0.07643192
v -0.00625834 -0.03219271 0.07672972
v -0.00625190 -0.06569076 0.06068577
v -0.00622730 -0.08083266 0.05215996
v -0.00622269 -0.02958283 0.07662800
v -0.00610762 0.01159569 0.07359084
v -0.00605306 -0.03171223 0.07949643
v -0.00603061 0.07467604 0.06434999
v -0.00588875 -0.11255002 0.05895188
v -0.00588630 0.00172835 0.07629045
v -0.00586475 -0.06714383 0.06356287
v -0.00584542 -0.08037363 -0.10492185
v -0.00581930 -0.03494945 0.09242050
v -0.00581871 -0.12705904 0.01952708
v -0.00579791 -0.03787686 0.08880490
v -0.00579502 -0.11545093 0.05382692
v -0.00576821 -0.03759153 0.07926624
v -0.00575094 0.00897093 0.07373130
v -0.00574731 -0.04084641 0.07789455
v -0.00572043 0.00591489 0.07458837
v -0.00567501 -0.03584551 0.07680155
v -0.00564659 -0.03963599 0.07935423
v -0.00564115 -0.00166409 0.07904791
v -0.00559308 -0.04351514 0.07679754
v -0.00552685 -0.10839349 0.06267597
v -0.00545399 -0.03212616 0.07758686
v -0.00543554 -0.03682454 0.08473653
v -0.00528211 -0.00508468 0.08129956
v -0.00526452 -0.04252778 0.07723534
v -0.00525680 -0.11720702 0.04687272
v -0.00524298 0.06663375 0.06844844
v -0.00523999 -0.09443079 -0.10840258
v -0.00519929 -0.10366882 0.06491700
v -0.00517566 -0.04176967 0.07774942
v -0.00508807 -0.03170958 0.07878714
v -0.00508027 -0.03648242 0.09163938
v -0.00503420 -0.04048186 0.07912429
v -0.00498564 -0.06891631 0.06948868
v -0.00498351 -0.03540605 0.07840388
v -0.00498196 -0.03467910 0.08293124
v -0.00494738 -0.00848857 0.08327468
v -0.00490839 -0.02049327 0.09046326
v -0.00487065 -0.03864314 0.08628740
v -0.00477257 -0.01639262 0.08792259
v -0.00475931 -0.01242021 0.08554765
v -0.00474736 -0.02539258 0.09316274
v -0.00472523 -0.10728671 -0.11482239
v -0.00464941 -0.09857049 0.06547908
v -0.00455277 -0.11873055 0.04101094
v -0.00449698 -0.03757589 0.08248572
v -0.00448055 0.05627221 0.07163060
v -0.00448030 -0.03762700 0.09065834
v -0.00447662 -0.11860323 -0.12370077
v -0.00442186 -0.03936891 0.08186794
v -0.00438869 -0.06777610 0.07218076
v -0.00435715 -0.02936919 0.09455702
v -0.00431998 -0.03915620 0.08651818
v -0.00428895 -0.03877084 0.08448816
v -0.00422335 -0.05707020 0.07710519
v -0.00421957 -0.03513622 0.08141554
v -0.00419522 -0.09320886 0.06533271
v -0.00414183 -0.12871525 -0.13270871
v -0.00411992 -0.06530079 0.07440349
v -0.00402677 0.04641623 0.07297626
v -0.00397199 -0.13896790 -0.13985595
v -0.00393291 -0.05968482 0.07705025
v -0.00390354 -0.04022105 0.08139545
v -0.00389950 -0.03863385 0.08933492
v -0.00386927 -0.06279184 0.07634733
v -0.00380583 -0.08359222 0.06755570
v -0.00371106 -0.03971158 0.08408827
v -0.00370923 -0.08787076 0.06586342
v -0.00369719 -0.07582269 0.07107329
v -0.00367828 -0.05457830 0.07740825
v -0.00367132 -0.07972232 0.06947113
v -0.00364022 -0.03285172 0.09462052
v -0.00360122 0.03885461 0.07438121
v -0.00359358 -0.05196538 0.07727372
v -0.00328009 -0.07276839 0.07127991
v -0.00327575 -0.12300391 0.02913715
v -0.00322856 -0.04146283 0.07930966
v -0.00320817 0.03223319 0.07552794
v -0.00316014 -0.03505557 0.09395418
v -0.00314850 -0.04901565 0.07742528
v -0.00304321 -0.15162088 -0.14576891
v -0.00295495 -0.12476624 0.02307923
v -0.00293422 -0.07023692 0.07063475
v -0.00291025 -0.04605574 0.07760733
v -0.00290407 -0.03983957 0.08657382
v -0.00267719 0.02650271 0.07600731
v -0.00267174 -0.04092014 0.08132450
v -0.00263815 -0.03696325 0.09263864
v -0.00253954 -0.04041575 0.08390925
v -0.00250309 0.02109131 0.07579752
v -0.00249233 -0.16341169 -0.14980090
v -0.00249063 -0.06859690 0.06985801
v -0.00238662 -0.04424035 0.07821220
v -0.00237685 -0.08115024 0.05249354
v -0.00235503 -0.07694174 0.05538315
v -0.00234115 -0.07141174 0.06127496
v -0.00233530 0.01775413 0.07538142
v -0.00227144 -0.03818118 0.09131901
v -0.00222074 0.01460675 0.07517149
v -0.00211642 -0.06794232 0.06798314
v -0.00205533 -0.04333180 0.07871038
v -0.00191080 -0.03921697 0.08970890
v -0.00189856 0.01158983 0.07532374
v -0.00188250 0.00918093 0.07545276
v -0.00180942 0.00668036 0.07631100
v -0.00170298 -0.04269131 0.07931837
v -0.00152579 0.00309145 0.07839699
v -0.00143002 -0.04037245 0.08654462
v -0.00139921 -0.04156463 0.08122224
v -0.00127521 -0.04095008 0.08368786
v -0.00122559 -0.00027493 0.08047439
v -0.00118512 0.12113830 -0.01293949
v -0.00113320 -0.00366501 0.08261708
v -0.00082252 -0.00704267 0.08466318
v -0.00061262 -0.01098812 0.08710806
v -0.00056256 0.12236200 -0.02528207
v -0.00039183 -0.01527827 0.08971809
v -0.00002753 0.11800000 0.00232299
v -0.00000116 -0.01986978 0.09239178
v 0.00021754 -0.04358757 0.07931724
v 0.00024190 -0.04303707 0.08000363
v 0.00028179 -0.04216353 0.08135355
v 0.00030120 -0.04132625 0.08365056
v 0.00030472 -0.04432479 0.07864320
v 0.00031138 -0.02462754 0.09498772
v 0.00033975 -0.04637807 0.07783790
v 0.00038173 -0.04076473 0.08648627
v 0.00048964 -0.03973642 0.08984950
v 0.00054236 -0.02895629 0.09642868
v 0.00060227 0.11287718 0.01624940
v 0.00060743 -0.03877405 0.09184373
v 0.00065577 -0.04962387 0.07749034
v 0.00066183 -0.03292480 0.09629545
v 0.00067536 -0.03745847 0.09352533
v 0.00070091 -0.03565288 0.09505387
v 0.00079018 -0.05266885 0.07722296
v 0.00092309 -0.05483745 0.07716811
v 0.00104484 -0.05729839 0.07691137
v 0.00108607 -0.06373676 0.05842567
v 0.00113089 0.10726620 0.02796686
v 0.00125858 -0.06039467 0.07705160
v 0.00125983 -0.06553853 0.06121196
v 0.00141622 -0.06699248 0.06417109
v 0.00144542 -0.06316630 0.07668096
v 0.00152674 -0.06540081 0.07500246
v 0.00155647 0.10115551 0.03819773
v 0.00158992 -0.17257130 -0.01147732
v 0.00166356 -0.06757722 0.07288637
v 0.00171719 -0.06868694 0.06999053
v 0.00176491 -0.18324435 -0.01580396
v 0.00180944 -0.04136737 0.08111333
v 0.00182312 -0.16343376 -0.00700292
v 0.00182511 -0.04075480 0.08361463
v 0.00200170 0.09465902 0.04655901
v 0.00202121 0.01490676 0.07422387
v 0.00203845 0.00949372 0.07401532
v 0.00206627 -0.04248761 0.07924477
v 0.00213098 0.00648291 0.07466174
v 0.00213179 0.01804762 0.07454458
v 0.00213695 0.01205697 0.07391226
v 0.00216415 -0.14939667 0.00225884
v 0.00219834 -0.04021328 0.08648273
v 0.00224897 -0.07119319 0.06140004
v 0.00225299 -0.15545431 -0.00192798
v 0.00225436 -0.08106972 0.05256205
v 0.00231827 -0.07659197 0.05573133
v 0.00240401 0.02155181 0.07521189
v 0.00241794 -0.14529122 0.00579007
v 0.00245928 -0.04312313 0.07864629
v 0.00247752 0.08816999 0.05311421
v 0.00249180 -0.19562449 -0.01477421
v 0.00251452 0.00229719 0.07627045
v 0.00255733 -0.06755792 0.06813611
v 0.00268014 -0.14097664 0.01001981
v 0.00272791 -0.06811862 0.06965404
v 0.00281610 -0.13519605 0.01442252
v 0.00284266 0.02696835 0.07584739
v 0.00286858 -0.06978276 0.07080925
v 0.00290966 -0.03911333 0.08967000
v 0.00292688 -0.04398032 0.07818554
v 0.00295215 -0.00114040 0.07903892
v 0.00295827 -0.04058046 0.08117063
v 0.00296565 -0.07246244 0.07173686
v 0.00299976 -0.04007944 0.08379336
v 0.00300736 0.08164697 0.05858343
v 0.00305773 -0.07617828 0.07160565
v 0.00310493 -0.08034622 0.06989142
v 0.00311279 -0.00456882 0.08132496
v 0.00312983 -0.13145936 0.01703731
v 0.00314122 0.03248829 0.07564832
v 0.00316661 -0.08430617 0.06805526
v 0.00317528 -0.00797859 0.08335444
v 0.00319781 -0.08819045 0.06684971
v 0.00338248 -0.12760888 0.02024658
v 0.00339068 -0.09266644 0.06697822
v 0.00340075 -0.04110418 0.07919733
v 0.00340220 -0.01193089 0.08557288
v 0.00345599 -0.03812727 0.09134614
v 0.00350354 -0.12543069 0.02326232
v 0.00355294 -0.12375818 0.02886179
v 0.00355402 0.07459597 0.06337540
v 0.00356737 -0.20629345 -0.00679279
v 0.00359848 -0.03956071 0.08647994
v 0.00364985 -0.04574219 0.07771286
v 0.00365245 -0.09775090 0.06656653
v 0.00371645 0.03922882 0.07427087
v 0.00380800 -0.01589300 0.08793787
v 0.00381383 -0.11870280 0.04181066
v 0.00384352 0.12128151 -0.03344197
v 0.00389736 -0.03687288 0.09269179
v 0.00395792 -0.03469519 0.08138575
v 0.00397268 -0.10277689 0.06573869
v 0.00402574 -0.11694258 0.04871067
v 0.00403738 -0.03974557 0.08121671
v 0.00405783 -0.03931201 0.08393770
v 0.00411086 0.04707577 0.07238271
v 0.00413394 -0.10825333 0.06355461
v 0.00420024 0.06697991 0.06754559
v 0.00421089 -0.11528567 0.05534284
v 0.00421759 -0.11210199 0.06047941
v 0.00427091 -0.04865205 0.07748264
v 0.00431427 0.05698515 0.07074028
v 0.00439305 -0.03121466 0.07876706
v 0.00439603 -0.03484863 0.09397826
v 0.00448956 -0.01998467 0.09045556
v 0.00451169 -0.03888624 0.08169892
v 0.00451272 -0.03709906 0.08237049
v 0.00456035 -0.03490431 0.07833225
v 0.00459772 -0.03835012 0.08434451
v 0.00468609 -0.03159257 0.07753253
v 0.00474781 0.00988564 0.07091472
v 0.00479175 -0.03419535 0.08285686
v 0.00481767 -0.03839144 0.08926314
v 0.00484563 -0.03252393 0.09484881
v 0.00487485 0.00703375 0.07077457
v 0.00491319 -0.03878811 0.08638567
v 0.00504629 -0.03995886 0.07894620
v 0.00505756 -0.05157351 0.07739201
v 0.00510439 -0.02488703 0.09319456
v 0.00512749 0.01250418 0.07090083
v 0.00519192 -0.03529741 0.07670057
v 0.00520019 -0.02902623 0.07654141
v 0.00525342 -0.02896815 0.09469547
v 0.00533333 -0.04130707 0.07757800
v 0.00537109 -0.03820372 0.08614282
v 0.00538688 -0.03113888 0.07940561
v 0.00542116 -0.02890046 0.07647108
v 0.00542738 -0.03159715 0.07663821
v 0.00545092 -0.00272826 0.07658942
v 0.00546397 -0.05416833 0.07741570
v 0.00548640 0.00001658 0.07308681
v 0.00550596 -0.02882755 0.07619966
v 0.00550988 -0.03738040 0.09061312
v 0.00552389 0.00363015 0.06994966
v 0.00552900 -0.04206726 0.07713274
v 0.00554245 -0.02910775 0.07678334
v 0.00557310 -0.00591742 0.07918037
v 0.00557636 -0.03903589 0.07914349
v 0.00559244 -0.04360811 -0.10221332
v 0.00559629 -0.03630751 0.08459482
v 0.00559868 -0.03699588 0.07910015
v 0.00577040 -0.04032020 0.07773120
v 0.00578883 0.01554306 0.07179456
v 0.00579497 -0.00933252 0.08084603
v 0.00580474 -0.02911949 0.07687954
v 0.00582639 -0.02885580 0.07634156
v 0.00589802 -0.02913228 0.07614008
v 0.00599933 -0.01325554 0.08320732
v 0.00600193 -0.04303453 0.07676587
v 0.00600562 -0.02868146 0.07570226
v 0.00606954 -0.02914936 0.07685988
v 0.00607103 0.00756738 0.06630095
v 0.00609675 -0.03612477 0.09158294
v 0.00616590 -0.03091027 0.07914401
v 0.00619630 -0.05486851 -0.10165674
v 0.00619682 -0.02881420 0.07564217
v 0.00621731 -0.03067391 -0.10626886
v 0.00623910 -0.03987317 0.07754733
v 0.00624777 -0.02869322 0.07598598
v 0.00625323 -0.03744714 0.07720803
v 0.00629198 -0.02890020 0.07562817
v 0.00629817 -0.05659019 0.07704038
v 0.00630523 -0.02905995 0.07577590
v 0.00634332 0.00173126 0.06866878
v 0.00636740 -0.03159723 0.07639547
v 0.00637364 -0.02904386 0.07630143
v 0.00641786 -0.05919440 0.07685655
v 0.00648808 -0.02883432 0.07576042
v 0.00649743 0.01057288 0.06703381
v 0.00651488 -0.03745107 0.08865018
v 0.00657706 -0.03360301 0.08197173
v 0.00661957 -0.03573120 0.07521135
v 0.00662270 0.00428088 0.06547254
v 0.00665439 -0.03914581 0.07751168
v 0.00669578 -0.01698536 0.08537494
v 0.00676742 -0.06235157 0.07608748
v 0.00679041 -0.03446471 0.09238383
v 0.00687311 -0.04521441 0.07639620
v 0.00688165 -0.07654995 0.05499244
v 0.00688790 -0.07084535 0.06091342
v 0.00694896 0.01833549 0.07300840
v 0.00699615 -0.03072353 0.07825197
v 0.00702418 -0.06817006 -0.10203836
v 0.00703835 -0.03178118 0.07609863
v 0.00704886 -0.08091649 0.05208826
v 0.00705292 -0.06740603 0.06761775
v 0.00715379 -0.03764697 0.07583755
v 0.00723407 -0.03641887 0.08953419
v 0.00729419 -0.06485990 0.07413464
v 0.00733017 -0.01939113 -0.11146089
v 0.00746391 0.00266218 0.06494188
v 0.00750741 -0.00253407 0.07063103
v 0.00752042 -0.03567500 0.08384573
v 0.00753457 -0.03237785 0.09279154
v 0.00757473 -0.02117022 0.08776861
v 0.00757900 -0.03566408 0.07473801
v 0.00759835 -0.06810405 0.06943731
v 0.00760365 -0.03661233 0.08713683
v 0.00765849 -0.04060266 0.07586394
v 0.00768766 -0.00507295 0.07343666
v 0.00770310 0.12032150 -0.04126800
v 0.00774656 -0.08076697 -0.10427492
v 0.00778526 -0.06729135 0.07183319
v 0.00781940 -0.03999817 0.07612125
v 0.00783372 -0.00052352 0.06720164
v 0.00787912 -0.03902491 0.07624677
v 0.00789104 -0.01115729 -0.11390884
v 0.00790836 -0.03063746 0.07702534
v 0.00793628 -0.04129102 0.07530591
v 0.00794648 0.01330224 0.06714349
v 0.00796195 -0.03970145 0.07621176
v 0.00796819 -0.00819947 0.07545106
v 0.00797792 0.00818091 0.06228726
v 0.00797916 -0.03340540 0.08038954
v 0.00801004 -0.03518859 0.09015973
v 0.00803433 -0.03145839 0.07575370
v 0.00814994 -0.01168340 0.07757400
v 0.00815664 -0.04834687 0.07619215
v 0.00819773 -0.02542833 0.09056539
v 0.00821575 -0.02933193 0.09217975
v 0.00825069 -0.03114123 0.07571279
v 0.00828311 -0.06963883 0.07029757
v 0.00833940 0.02153443 0.07445852
v 0.00835408 -0.03746429 0.07486651
v 0.00835857 0.00499832 0.06162401
v 0.00842794 -0.06852254 0.06912471
v 0.00845715 -0.00070323 -0.11674332
v 0.00847629 -0.01505634 0.07983196
v 0.00852043 -0.03422292 0.09047902
v 0.00852178 -0.04213344 0.07472342
v 0.00855144 -0.03546987 0.08823605
v 0.00855221 -0.06513736 0.06015784
v 0.00855522 -0.06323013 0.05758049
v 0.00856290 -0.06662777 0.06300244
v 0.00860834 0.00109475 0.06405515
v 0.00871173 -0.09433955 -0.10808668
v 0.00879059 0.02908102 -0.11998969
v 0.00883997 0.04289211 -0.11895417
v 0.00891040 -0.07212067 0.07091497
v 0.00892970 0.01279984 -0.11941666
v 0.00897204 0.00361245 0.06162911
v 0.00898018 -0.03577486 0.08214954
v 0.00900894 -0.03453211 0.08899111
v 0.00907407 0.06295474 -0.11526448
v 0.00911770 0.07794140 -0.10897065
v 0.00917389 0.01109627 0.06320802
v 0.00919686 -0.01870421 0.08171176
v 0.00923941 -0.03381282 0.08935624
v 0.00930252 -0.03337449 0.07838874
v 0.00932727 0.09056833 -0.10026326
v 0.00933123 0.12016026 -0.02149086
v 0.00944421 -0.05150759 0.07592939
v 0.00950873 -0.03860497 0.07546379
v 0.00952188 -0.03565324 0.08565959
v 0.00954704 -0.12399337 0.02244347
v 0.00957310 -0.07901124 0.06921999
v 0.00959627 0.09846756 -0.09237789
v 0.00959689 -0.07518620 0.07080674
v 0.00967147 0.11823509 -0.05425629
v 0.00969949 -0.03220605 0.09020345
v 0.00973927 0.00217174 0.06148061
v 0.00981442 -0.08287713 0.06727175
v 0.00991609 0.01617637 0.06922089
v 0.00993804 -0.08712527 0.06560910
v 0.00994750 0.02703819 0.07551567
v 0.00995338 -0.10666153 -0.11485410
v 0.00995487 -0.03467122 0.07526744
v 0.00997639 -0.02277726 0.08425497
v 0.01007850 0.11901015 -0.01332897
v 0.01009944 0.10895404 -0.07927898
v 0.01014635 -0.00541534 0.06766647
v 0.01017168 -0.03464117 0.08675270
v 0.01017174 0.11491671 -0.06719343
v 0.01018880 -0.03927932 0.07535206
v 0.01020201 -0.04458277 0.07381511
v 0.01021388 -0.03392483 0.07648098
v 0.01023570 -0.00305626 0.06514319
v 0.01024128 -0.03589332 0.07999640
v 0.01024727 -0.12199682 0.02843310
v 0.01030396 -0.03370974 0.08751988
v 0.01033494 -0.05418215 0.07572556
v 0.01034523 -0.03292167 0.08820588
v 0.01042433 0.00812053 0.06004139
v 0.01045844 -0.01700351 0.07597909
v 0.01046522 0.00534386 0.05948049
v 0.01047373 -0.00819807 0.06995401
v 0.01047865 -0.03945042 0.07504113
v 0.01052846 -0.03639621 0.07580856
v 0.01060159 -0.01088151 0.07182632
v 0.01064828 -0.01393047 0.07374442
v 0.01068341 -0.07620670 0.05422630
v 0.01068943 -0.02043563 0.07777818
v 0.01071432 -0.07062727 0.05991219
v 0.01078453 -0.02657483 0.08705533
v 0.01082922 -0.02998908 0.08875188
v 0.01084306 -0.08018766 0.05138589
v 0.01086232 -0.03610197 0.07749601
v 0.01087164 -0.03997031 0.07439873
v 0.01097490 0.00411685 0.05939060
v 0.01099892 -0.09236436 0.06514917
v 0.01101024 -0.05702828 0.07532573
v 0.01102204 -0.06748585 0.06628896
v 0.01102357 0.03278311 0.07528907
v 0.01103927 -0.11757337 -0.12378241
v 0.01109745 -0.00153465 0.06283125
v 0.01109815 -0.04045244 0.07341270
v 0.01114238 0.11620327 0.00039231
v 0.01117989 -0.03539560 0.08373661
v 0.01123077 0.01371583 0.06405351
v 0.01140994 -0.05974003 0.07464991
v 0.01146449 -0.02434875 0.08037397
v 0.01155158 -0.03411374 0.08489383
v 0.01158008 -0.04114498 0.07218409
v 0.01160384 0.11152988 0.01393241
v 0.01161050 0.00292780 0.05943381
v 0.01168692 0.01096027 0.06119510
v 0.01179375 -0.00026515 0.06132149
v 0.01186257 0.03969483 0.07343778
v 0.01186486 0.00454721 0.05867657
v 0.01188027 -0.03806336 0.07607643
v 0.01194153 -0.12593001 0.01856844
v 0.01194324 -0.06254819 0.07358321
v 0.01197967 0.10613848 0.02570760
v 0.01200320 -0.11747803 0.04019148
v 0.01202278 -0.03260216 0.08518721
v 0.01202300 0.00708286 0.05902182
v 0.01208265 -0.09758974 0.06520350
v 0.01210269 -0.04825145 0.07356732
v 0.01211244 0.10021615 0.03563759
v 0.01218530 -0.06799270 0.06804396
v 0.01224537 0.00376376 0.05885414
v 0.01233663 0.09397454 0.04375729
v 0.01242895 -0.03126281 0.08504847
v 0.01243550 -0.06489156 0.07157335
v 0.01251872 0.01850883 0.07140650
v 0.01265256 0.00300284 0.05910328
v 0.01268303 -0.02817348 0.08296154
v 0.01270064 0.04753397 0.07094986
v 0.01278046 0.08761200 0.05027222
v 0.01278991 -0.02277107 0.07342584
v 0.01282511 -0.03568044 0.08123830
v 0.01284037 -0.15409911 -0.00370544
v 0.01286131 0.00149116 0.05947804
v 0.01295995 -0.14762717 -0.00008143
v 0.01296999 -0.01925374 0.07204907
v 0.01297529 -0.06934592 0.06855382
v 0.01299769 -0.10262306 0.06444158
v 0.01301329 -0.12758528 -0.13250871
v 0.01304300 -0.11604235 0.04607137
v 0.01310687 -0.03861121 0.07531039
v 0.01312165 -0.14318690 0.00309696
v 0.01315749 0.00397818 0.05908401
v 0.01317099 0.00339582 0.05905198
v 0.01317836 -0.03701681 0.07792121
v 0.01322658 -0.06716656 0.06921300
v 0.01324027 0.08114755 0.05579396
v 0.01332188 -0.17162444 -0.01223978
v 0.01340434 -0.16228470 -0.00786087
v 0.01342974 -0.13871406 0.00715689
v 0.01345284 -0.01639953 0.07035565
v 0.01348331 0.00275472 0.05907024
v 0.01348696 -0.06840581 0.06679677
v 0.01355979 -0.01345296 0.06878084
v 0.01361978 -0.10741380 0.06211063
v 0.01362174 0.00197552 0.05907860
v 0.01362706 0.07409383 0.06079344
v 0.01363159 0.00971469 0.06002367
v 0.01364946 -0.07164057 0.06871761
v 0.01368249 0.05704495 0.06906063
v 0.01378156 0.00309891 0.05913727
v 0.01380893 -0.01119547 0.06709574
v 0.01382778 -0.00874652 0.06537128
v 0.01388128 0.01352007 0.06262246
v 0.01390414 0.00358118 0.05922680
v 0.01392074 -0.06461801 0.05852924
v 0.01393369 -0.18154101 -0.01498527
v 0.01394640 -0.00623983 0.06340794
v 0.01395408 0.06669683 0.06518319
v 0.01395804 -0.03460866 0.08097112
v 0.01395988 -0.06644857 0.06144490
v 0.01396340 -0.13271761 0.01187925
v 0.01398850 -0.11450557 0.05308240
v 0.01402572 -0.02658014 0.07521962
v 0.01406523 0.00579011 0.05895740
v 0.01409544 -0.03850991 0.07417971
v 0.01410868 -0.06287570 0.05632922
v 0.01413155 -0.05185305 0.07306214
v 0.01413245 0.00252587 0.05916834
v 0.01415025 -0.11147200 0.05817518
v 0.01420066 -0.04396835 0.07019544
v 0.01424691 -0.12835670 0.01552938
v 0.01429376 0.00208659 0.05923795
v 0.01433104 -0.07436864 0.06857123
v 0.01458105 -0.00426376 0.06186057
v 0.01462943 -0.03644970 0.07718410
v 0.01463450 -0.03344250 0.08056718
v 0.01465623 0.00318938 0.05908050
v 0.01483863 0.00359138 0.05932933
v 0.01490793 -0.11998376 0.02842601
v 0.01491369 0.01665280 0.06705240
v 0.01491852 -0.07780709 0.06705009
v 0.01495183 0.00199317 0.05935246
v 0.01497362 -0.03859407 0.07285402
v 0.01498405 0.02154862 0.07334605
v 0.01500183 -0.13728625 -0.13912578
v 0.01503304 -0.03897562 0.07125222
v 0.01512949 -0.00278453 0.06089339
v 0.01513458 0.00265181 0.05922763
v 0.01518972 -0.03995437 0.06927280
v 0.01523805 -0.19281144 -0.01355888
v 0.01525593 -0.02581173 0.06951927
v 0.01526807 -0.03243426 0.07971270
v 0.01530830 0.00461743 0.05951253
v 0.01535496 -0.07066859 0.05810986
v 0.01539206 0.00332194 0.05899324
v 0.01542237 -0.05509582 0.07261314
v 0.01543442 -0.03017142 0.07771062
v 0.01547267 -0.07548061 0.05259550
v 0.01560816 0.00592289 0.04873940
v 0.01562685 -0.08152401 0.06513241
v 0.01568800 -0.06751446 0.06379092
v 0.01574646 -0.03569853 0.07585770
v 0.01575083 0.00833938 0.04911342
v 0.01575276 0.00630596 0.04632012
v 0.01575796 -0.07960963 0.04959245
v 0.01577934 0.00363303 0.05928601
v 0.01583384 -0.02897551 0.07089683
v 0.01585674 -0.02224515 0.06874228
v 0.01588918 0.00867568 0.04667890
v 0.01595033 0.00352340 0.04835447
v 0.01595120 0.00556003 0.05115899
v 0.01600162 0.11874452 -0.02620092
v 0.01606462 0.01239548 0.06194533
v 0.01606467 0.00285926 0.05896106
v 0.01608562 0.00395541 0.04593906
v 0.01608636 0.00793093 0.05151919
v 0.01615416 -0.05832028 0.07195812
v 0.01624551 0.00441379 0.05995168
v 0.01628305 0.00320578 0.05077340
v 0.01632200 -0.08578860 0.06283434
v 0.01636258 0.01069013 0.04945072
v 0.01637899 0.00671099 0.04396209
v 0.01647977 -0.00093502 0.05980267
v 0.01648884 0.01098251 0.04701088
v 0.01649927 0.00892574 0.04430999
v 0.01653712 0.00212980 0.05940264
v 0.01655816 -0.03445772 0.07485253
v 0.01657638 -0.06778562 0.06508774
v 0.01657820 -0.01917593 0.06762999
v 0.01659768 -0.06103244 0.07116257
v 0.01659910 -0.03193374 0.07401266
v 0.01664816 0.00770201 0.05991514
v 0.01668184 0.00448898 0.04361519
v 0.01668723 0.01023746 0.05184674
v 0.01675829 0.00123600 0.04796568
v 0.01675929 0.00523423 0.05346283
v 0.01679225 -0.16111483 -0.14942810
v 0.01687442 -0.03291995 0.07158352
v 0.01687876 0.00171281 0.04555710
v 0.01687969 -0.01582621 0.06616588
v 0.01688693 0.00746819 0.05380496
v 0.01691444 -0.06339256 0.06995364
v 0.01700982 0.00592949 0.06002028
v 0.01702048 -0.03508990 0.06980872
v 0.01704866 -0.04857287 0.07002416
v 0.01706363 0.01110125 0.04462256
v 0.01707368 0.00301643 0.05310174
v 0.01707741 0.00096178 0.05039109
v 0.01708478 -0.20362771 -0.00655453
v 0.01708692 -0.14962223 -0.14503875
v 0.01709972 0.00428203 0.05980201
v 0.01710276 -0.06531879 0.06829094
v 0.01710368 0.00371882 0.05766098
v 0.01718357 0.00249405 0.05907561
v 0.01725648 -0.03488656 0.06760828
v 0.01726744 -0.00014555 0.05973940
v 0.01729202 -0.06883861 0.06541217
v 0.01729513 -0.06727954 0.06618304
v 0.01731544 -0.06816451 0.06402098
v 0.01737169 -0.01334765 0.06466496
v 0.01742425 0.01288095 0.04974560
v 0.01743057 0.00237636 0.04325315
v 0.01744723 0.00710153 0.04178065
v 0.01745294 0.00964097 0.05411182
v 0.01753082 0.01313122 0.04729953
v 0.01755920 0.00911831 0.04209130
v 0.01759681 0.01127208 0.06157174
v 0.01760924 0.02709866 0.07394180
v 0.01762697 -0.09122214 0.06154944
v 0.01769300 -0.06605478 0.05954539
v 0.01772903 0.01238458 0.05213588
v 0.01773482 0.00510341 0.04145757
v 0.01776411 0.00294756 0.05757835
v 0.01779187 0.00414089 0.05778153
v 0.01780231 0.00030679 0.05964665
v 0.01782083 0.00090286 0.05273883
v 0.01790309 -0.02964640 0.06694299
v 0.01790508 0.00523742 0.06061304
v 0.01793483 -0.01081824 0.06310014
v 0.01795148 -0.03729292 0.06632139
v 0.01800417 0.00495949 0.05557041
v 0.01800487 -0.00084761 0.04759008
v 0.01804416 0.01312706 0.04489418
v 0.01806554 -0.11974640 0.02442617
v 0.01806673 0.01107769 0.04237676
v 0.01808060 -0.07084589 0.06521596
v 0.01809921 -0.00032934 0.04518691
v 0.01811979 0.00697100 0.05587951
v 0.01813151 -0.06437527 0.05642051
v 0.01817363 0.01611920 0.06497420
v 0.01819741 -0.04407996 0.06737977
v 0.01828976 0.00296175 0.05524465
v 0.01830012 -0.00108080 0.05002278
v 0.01840353 0.00044811 0.05984598
v 0.01841112 0.00320145 0.04113362
v 0.01843400 0.01166279 0.05438361
v 0.01849245 0.01861135 0.06931821
v 0.01849285 -0.11582671 0.03662296
v 0.01857777 0.00045137 0.04290655
v 0.01863082 0.00892451 0.05615782
v 0.01865208 -0.00840108 0.06184398
v 0.01873435 -0.06273405 0.05395339
v 0.01881396 -0.09651195 0.06161657
v 0.01885476 0.00194393 0.05954853
v 0.01886153 -0.07312243 0.06467315
v 0.01886935 0.00285661 0.05786167
v 0.01889640 0.01482730 0.04998447
v 0.01892527 0.00746977 0.03985082
v 0.01894969 0.01290388 0.04262549
v 0.01896209 0.00106131 0.05491713
v 0.01897307 -0.00102214 0.05239088
v 0.01897394 0.01504169 0.04753509
v 0.01897433 0.00497685 0.06044776
v 0.01902050 0.00918511 0.04011445
v 0.01917009 0.00577102 0.03957567
v 0.01917274 0.00471804 0.05865692
v 0.01917306 0.01429215 0.05237008
v 0.01917577 0.00099421 0.05983909
v 0.01922651 0.01064508 0.06184531
v 0.01925204 0.00947092 0.06146570
v 0.01929891 -0.02547045 0.06661922
v 0.01936999 -0.00634569 0.06101196
v 0.01939573 0.03316411 0.07305233
v 0.01940174 0.01492766 0.04511550
v 0.01945024 0.00146881 0.04082028
v 0.01945147 0.01085224 0.04035749
v 0.01946565 0.00819273 0.06134367
v 0.01948489 0.00231124 0.05930420
v 0.01951306 0.01074213 0.05639714
v 0.01957445 0.01498617 0.06413749
v 0.01963944 -0.00264816 0.04724039
v 0.01964700 0.00474196 0.05739231
v 0.01965679 0.00342569 0.05744746
v 0.01966254 -0.05332866 0.06940643
v 0.01970171 -0.00209565 0.04484401
v 0.01973991 0.00674853 0.06132242
v 0.01974528 0.00415276 0.03930007
v 0.01974701 0.00645300 0.05765839
v 0.01977606 -0.07596906 0.06330556
v 0.01979293 0.01345685 0.05459905
v 0.01988973 0.00304909 0.05711283
v 0.01990311 -0.00284744 0.04967909
v 0.01994761 -0.00464783 0.06034865
v 0.01999293 -0.07077534 0.05570311
v 0.01999908 -0.00067087 0.05460024
v 0.02006347 0.00342261 0.05733997
v 0.02011727 -0.00121036 0.04257454
v 0.02016892 -0.06773920 0.06111221
v 0.02017001 0.00930124 0.06191211
v 0.02017377 0.01452510 0.04282769
v 0.02017934 0.00811630 0.05790313
v 0.02019027 0.00419753 0.05733284
v 0.02020209 0.01240526 0.04056952
v 0.02028252 0.01331940 0.06313466
v 0.02030010 -0.02181155 0.06575569
v 0.02031531 0.11693430 -0.01539622
v 0.02032203 -0.11390658 0.04233637
v 0.02035823 0.00120862 0.05995235
v 0.02038883 0.04008800 0.07068983
v 0.02041520 0.00580445 0.06159301
v 0.02043557 -0.05787446 -0.09729223
v 0.02045945 -0.10076004 0.06032148
v 0.02046138 0.00143363 0.05683210
v 0.02048225 -0.00268653 0.05206617
v 0.02053673 -0.07558446 0.05089197
v 0.02055288 -0.03329363 0.06554293
v 0.02060619 -0.06756939 0.06125120
v 0.02061031 0.00543479 0.05950500
v 0.02061578 0.00336548 0.05754746
v 0.02062526 -0.06728192 0.06291714
v 0.02062646 0.00277829 0.05859622
v 0.02062799 0.00267932 0.03903402
v 0.02067128 -0.06605131 0.06442682
v 0.02071973 0.01645675 0.05016029
v 0.02072463 -0.04370022 -0.09856279
v 0.02072561 -0.06451159 0.06598140
v 0.02073413 0.01235168 0.05658458
v 0.02075568 0.00780218 0.03824517
v 0.02076284 0.01664060 0.04770757
v 0.02076940 -0.06783524 0.06181327
v 0.02077324 -0.00278726 0.05985745
v 0.02078411 -0.05699652 0.06870233
v 0.02081130 -0.00002786 0.04053126
v 0.02083088 0.00915048 0.03845247
v 0.02086815 -0.06261563 0.06696208
v 0.02091999 0.00494322 0.05779252
v 0.02092902 0.00966570 0.05810936
v 0.02094580 -0.06018640 0.06769573
v 0.02094842 0.00646680 0.03802897
v 0.02096170 0.01588855 0.05254184
v 0.02097581 -0.07943361 0.06165555
v 0.02103789 -0.01810378 0.06414033
v 0.02104363 -0.07839568 0.04811843
v 0.02108722 0.01643408 0.04527900
v 0.02113746 0.01158337 0.06272863
v 0.02116928 0.01045908 0.03864270
v 0.02121540 -0.00189417 0.05983460
v 0.02124335 0.01378392 0.04074131
v 0.02125434 0.04764443 0.06820524
v 0.02129515 -0.06576292 0.05658912
v 0.02129724 0.00552022 0.06106013
v 0.02133018 -0.06837396 0.06182692
v 0.02133982 -0.00004074 0.05656377
v 0.02135576 -0.00216990 0.05430564
v 0.02137563 -0.07112388 -0.09742722
v 0.02138978 0.01073922 0.06225814
v 0.02139977 0.00519661 0.03781222
v 0.02144300 0.11417564 -0.00205735
v 0.02147570 0.01495759 0.05475802
v 0.02148009 -0.11887994 0.01998471
v 0.02153843 0.00460679 0.05876493
v 0.02157833 0.10977620 0.01119038
v 0.02159871 -0.00409755 0.04692999
v 0.02161635 0.00596549 0.05898363
v 0.02162373 -0.00351686 0.04453862
v 0.02165250 0.00151960 0.05978993
v 0.02168184 0.01584540 0.04296512
v 0.02169108 -0.00126595 0.05989696
v 0.02171340 0.00311366 0.05790726
v 0.02173374 0.00326305 0.05853941
v 0.02175912 0.01167982 0.03880949
v 0.02178593 0.00140686 0.03878792
v 0.02178787 0.00188087 0.05934287
v 0.02182487 -0.00426930 0.04937555
v 0.02183891 -0.11224574 0.04908694
v 0.02184928 -0.10529757 0.05763621
v 0.02185740 -0.08276427 -0.10051271
v 0.02189590 -0.00255030 0.04229592
v 0.02189934 -0.00084930 0.06013673
v 0.02191799 0.10459509 0.02283129
v 0.02194742 0.00550295 0.05839105
v 0.02195911 0.00728554 0.05918371
v 0.02196369 0.01104555 0.05827796
v 0.02197248 0.00106009 0.06011664
v 0.02197812 -0.01527721 0.06288294
v 0.02198214 -0.06985079 0.06167807
v 0.02202199 -0.06437989 0.05336125
v 0.02204012 -0.04202788 0.06485960
v 0.02208421 0.09886561 0.03219422
v 0.02209382 0.00403833 0.03760342
v 0.02209977 0.01029352 0.06253980
v 0.02213860 -0.00021593 0.06021342
v 0.02217728 0.00019786 0.06022808
v 0.02218832 0.00198191 0.05831574
v 0.02224410 0.01369541 0.05672028
v 0.02229134 -0.00402624 0.05178061
v 0.02238392 -0.05005904 0.06643320
v 0.02238563 -0.08334135 0.05946308
v 0.02239326 0.00577822 0.06005000
v 0.02243900 -0.09511069 -0.10510898
v 0.02244285 -0.00123078 0.04027612
v 0.02249371 -0.00131642 0.05631410
v 0.02249673 0.00904763 0.06261097
v 0.02253513 0.01493678 0.04086766
v 0.02255492 0.00851733 0.05935463
v 0.02257718 0.01276382 0.03894507
v 0.02260386 -0.10906513 0.05388679
v 0.02267861 0.09291473 0.03989180
v 0.02270462 -0.01225387 0.06182516
v 0.02271685 0.00227973 0.05895725
v 0.02272580 0.05691117 0.06584110
v 0.02272774 0.02135281 0.07152485
v 0.02273298 -0.07147689 0.06078602
v 0.02275806 0.00453144 0.05957289
v 0.02277955 -0.03020826 -0.10101902
v 0.02282256 0.00566184 0.05975612
v 0.02282837 0.01770515 0.05026523
v 0.02282955 0.01786589 0.04781247
v 0.02287024 0.00808588 0.03702612
v 0.02288519 0.00081466 0.05809943
v 0.02292083 0.00901454 0.03716947
v 0.02292259 0.00341347 0.05938343
v 0.02298276 -0.00337705 0.05405067
v 0.02300171 -0.06294166 0.05098884
v 0.02300180 0.00716605 0.03687776
v 0.02300314 0.00303825 0.03740990
v 0.02302827 0.01711253 0.05264402
v 0.02303478 0.01758892 0.04537754
v 0.02308167 0.08673932 0.04626688
v 0.02310164 -0.02884509 0.06551842
v 0.02310559 0.00675912 0.05992350
v 0.02315473 0.00991643 0.03730005
v 0.02317317 0.00038339 0.03857122
v 0.02319203 -0.06729448 0.05855209
v 0.02325743 0.01218548 0.05839738
v 0.02327969 -0.06735209 0.05984244
v 0.02329963 0.00234926 0.05919770
v 0.02331353 0.00629069 0.03672788
v 0.02335503 0.00745203 0.06262927
v 0.02338279 0.00961352 0.05949489
v 0.02342340 0.01610905 0.05485426
v 0.02343372 0.01688598 0.04305483
v 0.02345794 0.08032753 0.05178753
v 0.02346458 -0.06793225 0.05896792
v 0.02347136 -0.06771903 0.05755311
v 0.02349129 -0.00968160 0.06099699
v 0.02351839 0.06626235 0.06166205
v 0.02353995 0.01814215 0.06752735
v 0.02355963 0.11679482 -0.03207293
v 0.02356083 0.01075624 0.03741495
v 0.02359233 0.01367012 0.03904404
v 0.02360065 0.00778292 0.06007050
v 0.02360858 0.00264768 0.05800239
v 0.02362597 -0.06679943 0.06079892
v 0.02363302 0.07336833 0.05705473
v 0.02370466 0.00569760 0.05846279
v 0.02378939 -0.00453737 0.04428775
v 0.02379137 0.00549378 0.03658444
v 0.02380118 -0.00019449 0.05789939
v 0.02380743 -0.00513787 0.04667317
v 0.02387327 -0.00234730 0.05609648
v 0.02387928 0.00137703 0.05902144
v 0.02388413 -0.06820579 0.05941620
v 0.02392700 0.00495152 0.05426556
v 0.02393746 -0.00351124 0.04205617
v 0.02396337 0.00622738 0.06261919
v 0.02396728 -0.14317241 -0.00528750
v 0.02398845 -0.00529074 0.04912392
v 0.02399494 0.01472740 0.05680573
v 0.02400492 -0.08831189 0.05718312
v 0.02400935 0.00443463 0.06052710
v 0.02401387 -0.07351241 0.05939808
v 0.02402794 0.01581970 0.04094332
v 0.02404236 0.00571794 0.06173623
v 0.02405804 0.00533057 0.06066976
v 0.02409324 0.00223445 0.03723959
v 0.02410618 -0.06581794 0.06186199
v 0.02412192 -0.00766684 0.06047236
v 0.02412416 0.01150358 0.03750832
v 0.02413982 0.00354951 0.06037213
v 0.02416885 0.00485500 0.05420219
v 0.02418197 -0.11344346 0.03150856
v 0.02423023 -0.06901748 0.05936836
v 0.02425333 -0.06595112 0.05390948
v 0.02426769 -0.10631917 -0.11213769
v 0.02428087 -0.00209448 0.04006536
v 0.02428150 0.00620088 0.06080797
v 0.02428762 0.00869458 0.06018550
v 0.02430627 -0.13808085 -0.00251555
v 0.02432472 -0.07036629 0.05299690
v 0.02432928 -0.00498889 0.05154577
v 0.02432998 0.00535517 0.05424643
v 0.02438350 -0.06725302 0.05738527
v 0.02440836 -0.06734704 0.05844526
v 0.02441229 0.01053590 0.05960149
v 0.02441765 0.00480425 0.03645102
v 0.02442504 0.00122019 0.05973009
v 0.02443852 0.00270385 0.06022802
v 0.02451312 -0.09330864 0.05667729
v 0.02457342 0.00473035 0.05427200
v 0.02459003 -0.00603115 0.05997778
v 0.02459944 -0.06434769 0.06284282
v 0.02461483 -0.06765620 0.05646110
v 0.02462411 0.00078715 0.06021587
v 0.02463988 0.00053733 0.05885381
v 0.02467391 0.00701357 0.06092205
v 0.02472319 0.00586268 0.06042558
v 0.02473704 -0.00035064 0.03839183
v 0.02474341 0.01307342 0.05847358
v 0.02475219 -0.06774865 0.05776788
v 0.02475725 -0.03779251 0.06444706
v 0.02475768 -0.15051247 -0.00802034
v 0.02475993 0.00557635 0.05445291
v 0.02476600 0.01436380 0.03910335
v 0.02478420 -0.13240902 0.00116676
v 0.02481281 -0.06705936 0.05941449
v 0.02481410 -0.00424496 0.05384208
v 0.02482411 0.01212757 0.03757667
v 0.02487354 -0.02421927 0.06438591
v 0.02489955 0.00193437 0.06008462
v 0.02490270 -0.00100604 0.05772608
v 0.02493209 -0.07364631 0.04848764
v 0.02493320 -0.06217745 0.06368193
v 0.02496853 -0.06494719 0.05095941
v 0.02500702 -0.06791223 0.05828365
v 0.02504688 0.00017313 0.06030674
v 0.02506190 -0.06745604 0.05759962
v 0.02508881 -0.00418090 0.05956756
v 0.02509653 0.01867045 0.04784233
v 0.02510472 -0.06999077 0.05880225
v 0.02513900 0.01852498 0.05029596
v 0.02514282 0.00945648 0.06027472
v 0.02514479 -0.06925845 0.05107452
v 0.02515971 -0.06650932 0.05296702
v 0.02516926 0.00425069 0.03633375
v 0.02517009 0.01834718 0.04540661
v 0.02518592 0.00830985 0.03624183
v 0.02519273 -0.06733378 0.05636150
v 0.02521233 0.00878316 0.03631493
v 0.02521916 0.00773533 0.06101493
v 0.02522643 0.00449930 0.05436074
v 0.02525361 0.00784109 0.03616623
v 0.02527069 -0.05925406 0.06467859
v 0.02529673 0.01791745 0.05267683
v 0.02532256 0.00165750 0.03709839
v 0.02533137 0.00924313 0.03638150
v 0.02535495 0.00570132 0.05467571
v 0.02535580 0.01756869 0.04308163
v 0.02536304 0.00151912 0.05885807
v 0.02539496 -0.07663371 0.05795307
v 0.02540701 -0.06759868 0.05573157
v 0.02541236 0.00739464 0.03608977
v 0.02542461 -0.00308892 0.05592553
v 0.02544169 -0.06648567 0.06019298
v 0.02545886 -0.05487975 0.06512795
v 0.02546544 0.00586246 0.05850250
v 0.02547904 0.00438307 0.06125527
v 0.02547906 -0.06730929 0.05851301
v 0.02550244 0.00126717 0.05995854
v 0.02550517 -0.06773058 0.05706626
v 0.02551224 0.00500084 0.06135427
v 0.02551852 -0.00324332 0.05949947
v 0.02553388 -0.00063413 0.06020185
v 0.02553459 -0.11851300 0.01444601
v 0.02553809 0.00967161 0.03644030
v 0.02555807 -0.00013612 0.05871391
v 0.02556117 -0.06825622 0.05816744
v 0.02556219 0.01686862 0.05489004
v 0.02556564 0.01673130 0.06581157
v 0.02556804 0.00377126 0.06115149
v 0.02559998 0.01122865 0.05966265
v 0.02561002 -0.02021994 0.06296280
v 0.02562622 0.01457981 0.06459039
v 0.02563151 0.01260518 0.03761712
v 0.02565027 -0.07681160 0.04567961
v 0.02565498 0.01205353 0.06351916
v 0.02565570 0.00698794 0.03601674
v 0.02566530 0.01639765 0.04096547
v 0.02566648 0.00559997 0.06144815
v 0.02567591 -0.06769763 0.05794524
v 0.02572460 -0.06738855 0.05570889
v 0.02574771 -0.00253433 0.05956117
v 0.02575051 -0.01813633 -0.10537307
v 0.02577339 -0.06693767 0.05210134
v 0.02577512 0.00318907 0.06105138
v 0.02579865 0.01066107 0.06297239
v 0.02580361 -0.06826415 0.05127234
v 0.02580786 0.01020162 0.06310584
v 0.02580865 -0.00124585 0.06000654
v 0.02581960 -0.06756648 0.05672175
v 0.02582219 -0.00191194 0.05955158
v 0.02582594 0.01005155 0.03648740
v 0.02584428 -0.15934142 -0.01097914
v 0.02584495 0.02734638 0.07097168
v 0.02585892 -0.06593721 0.05018802
v 0.02589619 0.00833824 0.06108207
v 0.02590220 -0.06784979 0.05146296
v 0.02592186 0.01541522 0.05684358
v 0.02593720 0.00615994 0.06152359
v 0.02597553 0.00663757 0.03594863
v 0.02601490 0.00385351 0.03623628
v 0.02605131 0.01481773 0.03912115
v 0.02609449 0.00266006 0.06094722
v 0.02611260 -0.06370756 0.04857537
v 0.02611371 0.00218041 0.05762834
v 0.02611811 -0.00511718 0.04409683
v 0.02611906 -0.06692950 0.05916649
v 0.02612510 0.00579207 0.05478134
v 0.02612870 0.01003719 0.06032319
v 0.02613148 -0.00405820 0.04187788
v 0.02613797 -0.00159213 0.05758836
v 0.02617992 -0.00572874 0.04647868
v 0.02618168 0.01037025 0.03652269
v 0.02621116 0.00422416 0.05439488
v 0.02621370 -0.06547810 0.06079868
v 0.02622761 0.00073079 0.05984606
v 0.02625611 -0.00258582 0.03990638
v 0.02631319 0.00665591 0.06159107
v 0.02631582 -0.00587132 0.04893504
v 0.02635770 0.00635462 0.03588901
v 0.02636853 -0.07189167 0.04758323
v 0.02637803 -0.06878418 0.05765592
v 0.02638834 0.01365201 0.05850462
v 0.02639801 -0.06783016 0.05789187
v 0.02640975 -0.07105315 0.05776114
v 0.02641761 -0.00076805 0.03825681
v 0.02641768 -0.06687379 0.04918925
v 0.02647638 -0.04689397 0.06373742
v 0.02648381 -0.06735088 0.05832052
v 0.02649644 0.00917578 0.06291561
v 0.02650940 0.00219887 0.06086639
v 0.02651749 0.01291893 0.03762994
v 0.02652021 -0.00553748 0.05137118
v 0.02653166 -0.11618998 -0.12132777
v 0.02658655 -0.00062122 0.05859611
v 0.02659368 0.01061345 0.03654309
v 0.02661669 -0.01657519 0.06186424
v 0.02664223 0.00132989 0.03699283
v 0.02667807 0.00879938 0.06112194
v 0.02671102 -0.06847399 0.04831487
v 0.02671591 -0.09693967 0.05458422
v 0.02673748 -0.06960867 0.04794752
v 0.02677901 0.00707154 0.06163450
v 0.02678312 -0.00473994 0.05368755
v 0.02678916 0.00615250 0.03583923
v 0.02686638 -0.16861272 -0.01389332
v 0.02686675 -0.11011824 0.03670449
v 0.02688937 0.01168154 0.05966588
v 0.02692463 0.00362691 0.03616393
v 0.02694623 -0.06625186 0.05956255
v 0.02700887 0.00183032 0.06078298
v 0.02704553 0.01077321 0.03654960
v 0.02704620 0.00034672 0.05975444
v 0.02706140 0.00438324 0.06168027
v 0.02707870 0.00469729 0.06173276
v 0.02710007 -0.00350915 0.05579500
v 0.02710724 0.00407111 0.06162990
v 0.02715686 0.00500412 0.06177839
v 0.02718097 -0.06383075 0.06112504
v 0.02719945 0.00591238 0.05474457
v 0.02720642 0.01041634 0.06033273
v 0.02721252 0.00377314 0.06157756
v 0.02721722 -0.00921146 -0.10750126
v 0.02722895 -0.06495251 0.04742091
v 0.02724710 -0.07916720 0.05602941
v 0.02725316 0.00603714 0.03580242
v 0.02729388 0.00528897 0.06181899
v 0.02729981 -0.06781186 0.05775028
v 0.02730280 -0.17815053 -0.01589222
v 0.02731266 0.03359735 0.06927167
v 0.02731808 0.00738963 0.06166386
v 0.02733633 0.00774071 0.06287797
v 0.02735480 -0.06693222 0.05856412
v 0.02736208 0.01662154 0.04092820
v 0.02737232 0.01786864 0.04304587
v 0.02737452 0.00350264 0.06152682
v 0.02739484 0.00577542 0.06161538
v 0.02740091 0.01501566 0.03909625
v 0.02741079 0.01867923 0.04536653
v 0.02744717 0.01305538 0.03761263
v 0.02746733 -0.00192493 0.05748457
v 0.02747582 0.01902185 0.04779899
v 0.02748017 0.00596705 0.05990338
v 0.02748627 0.00554144 0.06185323
v 0.02748790 0.00400075 0.05425839
v 0.02751938 0.01084283 0.03654107
v 0.02752818 0.00635403 0.06272162
v 0.02753418 0.00910150 0.06112916
v 0.02756327 0.01888638 0.05024772
v 0.02757245 0.00156237 0.06072507
v 0.02758709 0.00326766 0.06148489
v 0.02761231 -0.01321148 0.06088537
v 0.02761514 0.00846649 0.03591900
v 0.02767846 0.01827065 0.05264117
v 0.02769342 -0.00089707 0.05850626
v 0.02772331 0.00575411 0.06187626
v 0.02773090 0.00601378 0.03577871
v 0.02773471 -0.03219478 0.06451640
v 0.02779315 -0.06940503 0.05696315
v 0.02780848 0.01720329 0.05485964
v 0.02784130 0.00307825 0.06144411
v 0.02786203 0.00358226 0.03611770
v 0.02789932 0.00607081 0.05818076
v 0.02790798 0.00759797 0.06166784
v 0.02792490 0.00012884 0.05967826
v 0.02795173 0.01572422 0.05682641
v 0.02798714 -0.06667934 0.04644473
v 0.02799740 0.01081951 0.03651785
v 0.02799791 0.00591599 0.06189020
v 0.02800381 0.00126328 0.03692632
v 0.02802236 -0.07423411 0.04490664
v 0.02810488 0.01390111 0.05847250
v 0.02812837 0.00294244 0.06141324
v 0.02814876 -0.00085266 0.03817214
v 0.02816544 -0.07305428 0.05611566
v 0.02817769 0.00141181 0.06067231
v 0.02819762 -0.12095768 0.00601168
v 0.02820489 0.00608334 0.03577041
v 0.02821446 -0.06542319 0.05948322
v 0.02824975 0.01187925 0.05963333
v 0.02825420 -0.00269097 0.03980531
v 0.02829996 0.00602248 0.06189328
v 0.02833391 -0.06162594 0.06168390
v 0.02833848 0.00668385 0.04956675
v 0.02833891 0.01058158 0.06030848
v 0.02838487 0.01300966 0.03756733
v 0.02839301 -0.00416862 0.04176676
v 0.02839675 0.04039731 0.06651065
v 0.02840638 -0.11160290 0.02546045
v 0.02843321 -0.06928185 0.04558324
v 0.02843375 0.00923204 0.06111406
v 0.02843829 0.00286433 0.06138872
v 0.02846118 0.01070419 0.03648037
v 0.02849963 0.00608962 0.05442145
v 0.02850339 -0.01039154 0.06014376
v 0.02851868 -0.00523450 0.04397777
v 0.02852068 0.00198638 -0.10971528
v 0.02852873 0.00768803 0.06165992
v 0.02853120 -0.10123944 0.05152526
v 0.02854295 -0.10787370 0.04251753
v 0.02858412 -0.06663163 0.05821940
v 0.02861135 -0.07111272 0.04515817
v 0.02861637 0.00606791 0.06188858
v 0.02862498 -0.00584855 0.04635150
v 0.02864840 0.07740179 -0.10128675
v 0.02865660 0.00624316 0.03577640
v 0.02869383 0.00443419 0.06179272
v 0.02871360 -0.06796023 0.05733780
v 0.02871594 -0.00598910 0.04882040
v 0.02874056 0.00122632 0.05857865
v 0.02875680 0.00284821 0.06137446
v 0.02876178 0.01494835 0.03902966
v 0.02877853 -0.00565003 0.05126338
v 0.02879205 0.00371758 0.03610108
v 0.02880332 0.00137893 0.06064675
v 0.02881097 -0.00484473 0.05359558
v 0.02883025 -0.00358971 0.05571267
v 0.02883196 0.00008331 0.05963765
v 0.02883790 -0.00095279 0.05844849
v 0.02884163 -0.00199427 0.05741934
v 0.02884728 0.00390377 0.05389037
v 0.02886545 0.08812841 -0.09403545
v 0.02887836 -0.04170008 0.06340171
v 0.02888361 -0.18835497 -0.01390536
v 0.02889297 0.01050199 0.03643160
v 0.02893485 0.00605266 0.06187246
v 0.02906901 0.00648621 0.03579787
v 0.02907286 0.00289312 0.06136922
v 0.02908804 0.06438342 -0.10659956
v 0.02908966 0.00173798 0.05720662
v 0.02909205 0.01653961 0.04084417
v 0.02912540 -0.00821989 0.05950995
v 0.02915379 0.00765751 0.06162588
v 0.02920098 -0.02691762 0.06341127
v 0.02920209 0.11478205 -0.01857622
v 0.02924540 0.00597521 0.06184906
v 0.02925175 0.00063641 0.05954790
v 0.02926393 -0.08313788 0.05382226
v 0.02927474 0.01021888 0.03637129
v 0.02929421 0.01278306 0.03749384
v 0.02934044 0.00918711 0.06106753
v 0.02935339 0.00146165 0.03690158
v 0.02936071 -0.05113452 0.06265816
v 0.02937519 0.00299981 0.06137479
v 0.02939257 -0.10472777 0.04737791
v 0.02939879 0.04587555 -0.11004864
v 0.02940743 0.01777229 0.04294794
v 0.02942325 0.00146952 0.06063208
v 0.02942460 0.00680501 0.03583261
v 0.02948261 0.01052235 0.06025238
v 0.02952180 0.04790640 0.06377797
v 0.02953316 0.00584056 0.06181549
v 0.02955610 0.00040166 0.05993391
v 0.02956783 -0.00646352 0.05895134
v 0.02958382 0.03276737 -0.11143313
v 0.02959429 0.00986769 0.03630375
v 0.02962432 0.01180762 0.05956661
v 0.02963524 0.09470986 -0.08684599
v 0.02965030 0.00316137 0.06138971
v 0.02967126 0.01857252 0.04525786
v 0.02967770 0.00403139 0.03611296
v 0.02970857 0.01642983 -0.11159391
v 0.02971287 0.00718491 0.03588026
v 0.02973044 0.00021390 0.05961986
v 0.02976046 0.00750627 0.06158165
v 0.02978373 0.00635283 0.05387218
v 0.02978833 0.00565132 0.06177658
v 0.02983792 0.00946180 0.03622969
v 0.02983840 0.01381038 0.05838940
v 0.02986232 -0.05838779 0.06170943
v 0.02986582 -0.00060070 0.03814058
v 0.02987579 -0.12507452 -0.13027342
v 0.02987613 0.01890933 0.04768519
v 0.02988781 0.00337438 0.06141443
v 0.02989434 -0.06387757 0.05954698
v 0.02990620 -0.00009427 0.05998065
v 0.02991904 0.00761348 0.03593810
v 0.02996611 -0.07007138 0.05605540
v 0.02997400 -0.00078635 0.05842863
v 0.02999306 0.01562300 0.05673858
v 0.02999648 0.00901485 0.03615379
v 0.03000253 0.00541801 0.06173102
v 0.03001438 0.00167594 0.06064659
v 0.03001448 0.01876856 0.05014044
v 0.03003851 0.00807352 0.03600516
v 0.03005822 0.01459675 0.03892216
v 0.03006450 0.00854624 0.03607830
v 0.03007237 0.01709927 0.05476028
v 0.03007990 0.01815857 0.05252833
v 0.03008084 -0.00443166 0.05850204
v 0.03008095 0.00362769 0.06144695
v 0.03013048 0.10787626 0.00828471
v 0.03013963 0.01238478 0.03739774
v 0.03014260 -0.02264886 0.06202207
v 0.03015956 0.10286586 0.01969778
v 0.03016490 0.00514708 0.06168262
v 0.03018307 0.01062966 0.06257310
v 0.03020675 -0.00179083 0.05739124
v 0.03021921 0.00391339 0.06148786
v 0.03022076 0.00896796 0.06099951
v 0.03024909 -0.00083888 0.05983017
v 0.03026347 0.11189365 -0.00479517
v 0.03027176 0.00484869 0.06163212
v 0.03027182 0.00379951 0.05376044
v 0.03027534 -0.00239441 0.03977035
v 0.03029327 -0.00334973 0.05847755
v 0.03029970 0.00422076 0.06153471
v 0.03031299 0.09731589 0.02792772
v 0.03031655 0.00453623 0.06158259
v 0.03032501 0.00724128 0.06151380
v 0.03032828 0.01130569 0.06274897
v 0.03042316 -0.06596944 0.05800536
v 0.03048579 0.00450884 0.03615492
v 0.03052456 -0.00277330 0.05879373
v 0.03054800 -0.00333641 0.05568030
v 0.03055322 0.00199436 0.06067198
v 0.03058766 0.00051444 0.05963516
v 0.03059129 0.01024631 0.06016278
v 0.03061524 -0.00146704 0.05957070
v 0.03061713 -0.00209915 0.05889100
v 0.03063665 -0.00383931 0.04172564
v 0.03063920 0.00191584 0.03691941
v 0.03066823 0.01252566 0.06363138
v 0.03069051 0.00638780 0.05729963
v 0.03077145 0.01612513 0.04071096
v 0.03079872 -0.06791399 0.05682682
v 0.03082616 0.00687206 0.06143922
v 0.03082809 -0.00454843 0.05356029
v 0.03082894 0.09162854 0.03499922
v 0.03083205 0.00603470 0.05949399
v 0.03086805 0.01180942 0.03728274
v 0.03087234 0.00973619 0.06265173
v 0.03089302 -0.07568941 0.05393444
v 0.03090078 -0.00488566 0.04393458
v 0.03095832 0.01147274 0.05946006
v 0.03101998 -0.00532135 0.05122241
v 0.03102032 0.00240885 0.06072374
v 0.03102960 -0.01832978 0.06084445
v 0.03104005 0.00858337 0.06090511
v 0.03105426 -0.00040496 0.05844159
v 0.03105658 -0.00549356 0.04631577
v 0.03109656 -0.00564108 0.04877498
v 0.03111063 -0.06045719 -0.08907020
v 0.03111845 0.05656841 0.06120980
v 0.03114313 0.00595643 0.06158662
v 0.03118539 0.10364278 -0.07393458
v 0.03118584 0.00513289 0.03622337
v 0.03120975 0.00665429 0.06257354
v 0.03124449 0.00641396 0.06134887
v 0.03126186 0.00635258 0.05354834
v 0.03126292 -0.08755660 0.05141234
v 0.03128655 0.01402192 0.03878275
v 0.03134809 0.00825077 0.06277109
v 0.03136911 0.00097562 0.05967513
v 0.03138155 0.01728428 0.04279156
v 0.03139688 0.00290650 0.06078603
v 0.03149416 0.01112119 0.03715001
v 0.03150320 -0.00002271 0.03816378
v 0.03151152 -0.00132962 0.05740361
v 0.03151938 0.01339395 0.05825835
v 0.03155623 0.01558086 0.06458948
v 0.03156429 0.00588222 0.06125566
v 0.03162409 0.00976229 0.06004608
v 0.03163886 -0.01415510 0.05990616
v 0.03165565 0.00385926 0.05338873
v 0.03166965 0.00346624 0.06086908
v 0.03171863 0.08546519 0.04078168
v 0.03174854 0.00587961 0.03631674
v 0.03176725 0.00804874 0.06079244
v 0.03177280 0.00529979 0.06115422
v 0.03179421 -0.19831270 -0.00711814
v 0.03181265 0.00260905 0.03697982
v 0.03182686 0.00406749 0.06095792
v 0.03186139 0.00468632 0.06105775
v 0.03186560 0.01803012 0.04508518
v 0.03189558 -0.04626013 -0.08919070
v 0.03196905 0.01512813 0.05657416
v 0.03197136 0.01032546 0.03700586
v 0.03197444 0.00114040 0.05803235
v 0.03199815 -0.03642324 0.06320275
v 0.03203945 0.00017713 0.05849264
v 0.03204279 0.00154787 0.05668537
v 0.03204663 0.00157749 0.05974572
v 0.03212434 -0.06192090 0.05925279
v 0.03215457 0.00672001 0.03643006
v 0.03217400 0.06539623 0.05658921
v 0.03219352 -0.00275420 0.05569557
v 0.03219840 0.01089759 0.05932080
v 0.03220146 -0.00171341 0.03979717
v 0.03220681 0.01833385 0.04750366
v 0.03224993 0.01792725 0.06587857
v 0.03226450 0.10906565 -0.06063236
v 0.03226669 0.01655517 0.05458697
v 0.03228389 0.00945119 0.03685778
v 0.03233397 0.01539358 0.04053365
v 0.03236682 -0.01102191 0.05922643
v 0.03237404 0.00738355 0.06066496
v 0.03237591 0.01322016 0.03861365
v 0.03238820 0.00762131 0.03656162
v 0.03239134 0.01818258 0.04995596
v 0.03241079 0.01758249 0.05234569
v 0.03241527 0.00853396 0.03671180
v 0.03249721 -0.04632028 0.06170731
v 0.03250901 0.07894143 0.04595384
v 0.03254037 0.00908933 0.05990066
v 0.03254435 0.07204205 0.05143837
v 0.03258345 0.00640334 0.05290623
v 0.03259361 0.00229807 0.05984288
v 0.03270001 -0.00062794 0.05745719
v 0.03275314 -0.00386555 0.05358525
v 0.03277422 0.00402092 0.05295173
v 0.03277730 -0.00308254 0.04175661
v 0.03278010 -0.00858382 0.05848458
v 0.03278329 -0.07169002 0.05434253
v 0.03282735 0.00351484 0.03707922
v 0.03283771 0.00661262 0.06052667
v 0.03286851 -0.10675712 0.03029594
v 0.03286962 -0.05512540 0.06024535
v 0.03289257 0.00093749 0.05857725
v 0.03296219 0.00085592 0.03824200
v 0.03296527 -0.00656474 0.05786855
v 0.03297168 0.00067551 0.05904069
v 0.03298920 0.00311011 0.05996171
v 0.03300208 -0.06511725 0.05738802
v 0.03308158 0.00077456 0.05862319
v 0.03308175 0.01266633 0.05807622
v 0.03314005 0.00576671 0.06037984
v 0.03315943 -0.00456398 0.05125110
v 0.03317357 -0.00408279 0.04396828
v 0.03319027 0.00016300 0.05904889
v 0.03321725 0.00398125 0.06009215
v 0.03321883 0.01642400 0.04258241
v 0.03323588 -0.00434862 0.05734953
v 0.03326869 0.00487754 0.06023505
v 0.03328473 0.01222223 0.03842096
v 0.03329121 -0.00328201 0.05746073
v 0.03329910 0.01008641 0.05914926
v 0.03330509 0.00824960 0.05974161
v 0.03336893 -0.00483792 0.04880647
v 0.03337412 -0.00467586 0.04634969
v 0.03342232 -0.00059033 0.05883584
v 0.03342602 -0.00257749 0.05757431
v 0.03344584 -0.00185754 0.05785810
v 0.03348309 -0.00124792 0.05860623
v 0.03350884 0.00683692 0.05631250
v 0.03352929 0.02164666 0.06747250
v 0.03354014 -0.06827421 0.05558476
v 0.03354315 -0.10955874 0.01869473
v 0.03358143 0.00184503 0.05870434
v 0.03361757 0.00642330 0.05220796
v 0.03361903 0.00459068 0.03722380
v 0.03366121 0.00422663 0.05250730
v 0.03370199 -0.00186674 0.05575739
v 0.03372018 0.01437291 0.04031760
v 0.03372581 0.00028661 0.05756081
v 0.03380326 -0.09132881 0.04835217
v 0.03380639 0.01427537 0.05636559
v 0.03388947 0.00727825 0.05956564
v 0.03390775 0.01707407 0.04485314
v 0.03392635 -0.07885942 0.05174148
v 0.03394502 -0.03027745 0.06198747
v 0.03395905 -0.00067439 0.03988644
v 0.03397821 0.01106584 0.03821203
v 0.03407969 0.00286598 0.05885173
v 0.03413266 0.00600617 0.05826329
v 0.03417693 0.02778867 0.06660400
v 0.03419677 0.00640653 0.05169507
v 0.03420809 0.00581058 0.03738774
v 0.03420897 0.00480854 0.05154441
v 0.03421770 0.00907880 0.05895495
v 0.03425612 0.00201035 0.03836989
v 0.03427059 0.00621285 0.05938423
v 0.03427998 -0.13426164 -0.13752204
v 0.03431033 0.01559571 0.05435216
v 0.03432492 0.00442753 0.05206383
v 0.03436854 0.00396089 0.05902101
v 0.03437396 0.01731859 0.04725761
v 0.03442934 0.00979760 0.03799668
v 0.03443200 0.00509292 0.05919595
v 0.03445758 0.00175173 0.05586604
v 0.03446648 0.01164947 0.05785814
v 0.03451762 -0.00282295 0.05366745
v 0.03454665 0.00711759 0.03757652
v 0.03454797 0.03347214 0.06451360
v 0.03455215 0.00138010 0.05770685
v 0.03455638 0.00633184 0.05131371
v 0.03457897 0.01656587 0.05210000
v 0.03460180 0.01714754 0.04970546
v 0.03461413 0.00499475 0.05125266
v 0.03462213 0.00846419 0.03778261
v 0.03467332 -0.08575596 -0.09242362
v 0.03473050 -0.00192813 0.04185609
v 0.03475013 -0.03044584 -0.09126631
v 0.03479531 0.00614137 0.05107250
v 0.03484920 0.01522449 0.04232874
v 0.03486271 0.00585674 0.06031476
v 0.03487724 0.01310308 0.04007255
v 0.03489057 0.00528505 0.05103002
v 0.03491884 0.00791131 0.05874556
v 0.03492837 0.01042753 0.06139949
v 0.03497433 -0.09651234 -0.09842995
v 0.03498619 0.00586950 0.05095680
v 0.03498786 -0.05945068 0.05803225
v 0.03499414 0.00142328 0.05713376
v 0.03500932 -0.00070745 0.05587300
v 0.03505833 0.00962021 0.06148971
v 0.03511310 0.00646104 0.06136147
v 0.03511536 -0.00340862 0.05135030
v 0.03513545 0.00808707 0.06160880
v 0.03514801 0.00260833 0.05788470
v 0.03516119 -0.10350754 0.03547420
v 0.03519369 -0.02554790 0.06063844
v 0.03519487 0.00553786 0.05095151
v 0.03524613 -0.00285699 0.04407372
v 0.03530066 0.00338985 0.03854457
v 0.03537699 0.00663011 0.05852420
v 0.03543452 0.01307940 0.05610929
v 0.03544298 -0.00361152 0.04891181
v 0.03548092 0.00068257 0.04003653
v 0.03548839 -0.00342596 0.04645709
v 0.03549599 0.00392568 0.05808767
v 0.03557222 0.00528353 0.05829902
v 0.03562495 0.01038186 0.05761527
v 0.03568629 0.04028231 0.06132045
v 0.03569917 -0.02044131 0.05956835
v 0.03571945 0.01574095 0.04457135
v 0.03573200 0.01103680 0.06151788
v 0.03575504 -0.09538367 0.04454572
v 0.03575971 0.01163233 0.03980704
v 0.03578395 -0.05095092 0.05929130
v 0.03579188 -0.13082945 -0.00999208
v 0.03582330 -0.04051945 0.06122384
v 0.03584162 -0.01526852 0.05867690
v 0.03589956 0.00045167 0.05808181
v 0.03590573 0.00680093 0.05516914
v 0.03596013 -0.13735810 -0.01206400
v 0.03596773 0.11079078 -0.04305251
v 0.03597622 -0.01156233 0.05795987
v 0.03597822 -0.00149716 0.05679896
v 0.03600441 -0.00095378 0.05748592
v 0.03600781 -0.00032358 0.05778793
v 0.03601192 -0.00661811 0.05660851
v 0.03604982 0.00067439 0.05605614
v 0.03605285 0.00494239 0.03875717
v 0.03605463 -0.00145982 0.05380132
v 0.03606439 -0.00425813 0.05598169
v 0.03606986 -0.00877155 0.05722883
v 0.03609525 -0.00299416 0.05601468
v 0.03611064 0.00090771 0.05802303
v 0.03612084 0.01426288 0.05406617
v 0.03612490 -0.00224144 0.05631476
v 0.03616623 0.00097905 0.05770009
v 0.03617665 -0.06403986 0.05591978
v 0.03620920 0.01373107 0.04203983
v 0.03629789 0.01590297 0.04695843
v 0.03633390 0.01001669 0.03953183
v 0.03635418 0.00205382 0.05516326
v 0.03642121 -0.00041979 0.04202169
v 0.03643259 0.01258969 0.06192027
v 0.03644475 -0.12308160 -0.00771760
v 0.03646025 -0.07353333 0.05225283
v 0.03648321 0.00660744 0.03899697
v 0.03650308 0.01515019 0.05180038
v 0.03650681 0.00891076 0.05735360
v 0.03656290 0.01570469 0.04939990
v 0.03657851 0.00832038 0.03925887
v 0.03658628 -0.15719020 -0.15036362
v 0.03661174 -0.07438673 -0.08698872
v 0.03670757 0.00230590 0.04024050
v 0.03672158 0.00603465 0.05683195
v 0.03679552 0.01158895 0.05582249
v 0.03680309 0.00222412 0.05627928
v 0.03681432 -0.00189752 0.05150764
v 0.03695274 0.04754801 0.05867558
v 0.03701206 -0.09892699 0.03981108
v 0.03701279 -0.08219808 0.04892210
v 0.03704195 -0.00125530 0.04424890
v 0.03707419 -0.06865665 0.05372827
v 0.03708477 0.00729406 0.05707487
v 0.03719367 -0.14535080 -0.01450967
v 0.03723114 0.01408199 0.04425044
v 0.03724015 0.00159934 0.05617563
v 0.03724180 -0.00200930 0.04908457
v 0.03724423 0.00388306 0.05653411
v 0.03724752 0.01200170 0.04172827
v 0.03729001 0.00016745 0.05399805
v 0.03731953 -0.00179200 0.04663451
v 0.03733295 0.00559825 0.05679759
v 0.03743071 -0.10638427 -0.10601768
v 0.03751666 0.01509247 0.06239420
v 0.03753707 0.10042156 0.01560132
v 0.03754983 0.00552557 0.05842701
v 0.03759399 0.00413332 0.04049301
v 0.03763422 0.01260439 0.05374522
v 0.03764626 0.00979378 0.05993762
v 0.03766929 0.00662452 0.05372890
v 0.03771697 0.00261263 0.05429436
v 0.03775202 0.00912642 0.05965931
v 0.03778499 0.00138454 0.04224811
v 0.03780177 0.00608313 0.05937709
v 0.03782254 -0.00264150 0.05469380
v 0.03782655 0.00076344 0.05700770
v 0.03782973 0.00752515 0.05962850
v 0.03783587 0.00986436 0.05551369
v 0.03783667 -0.00107984 0.05568315
v 0.03784242 0.00004139 0.05673968
v 0.03786901 -0.00056213 0.05632420
v 0.03788420 0.00109380 0.05707516
v 0.03788704 -0.00175643 0.05515455
v 0.03790338 0.01414196 0.04661749
v 0.03792338 0.01010308 0.04140472
v 0.03793338 0.08578200 -0.08909713
v 0.03793613 0.00126147 0.05678703
v 0.03809983 0.00609145 0.04077483
v 0.03810950 0.01338996 0.05145909
v 0.03816947 -0.00388965 0.05454294
v 0.03817672 0.00199714 0.05424630
v 0.03818092 -0.00009053 0.05172546
v 0.03820013 0.01390965 0.04905194
v 0.03821113 0.00810766 0.04108264
v 0.03822856 -0.03483310 0.05999747
v 0.03837810 0.10459024 0.00463194
v 0.03838543 0.01216067 0.04390360
v 0.03839095 0.01045248 0.05965083
v 0.03839318 0.00653002 0.05294545
v 0.03842925 -0.05644175 0.05629387
v 0.03844526 0.09533072 0.02206020
v 0.03849027 0.00066086 0.04448709
v 0.03851287 0.00796605 0.05519056
v 0.03854406 0.00305334 0.05359302
v 0.03858006 0.00222965 0.05508604
v 0.03861659 0.00591811 0.05511113
v 0.03861890 0.00351487 0.05283026
v 0.03863328 -0.10536484 0.01096211
v 0.03863747 -0.01683931 -0.09470105
v 0.03869100 -0.00009172 0.04931810
v 0.03869164 0.05561588 0.05529779
v 0.03870523 0.00395346 0.05455859
v 0.03872709 -0.00655474 0.05520213
v 0.03875982 -0.15447088 -0.01817325
v 0.03876704 0.11049464 -0.02366060
v 0.03877074 0.00341669 0.04252791
v 0.03878958 0.01068725 0.05339767
v 0.03879591 0.00016167 0.04687459
v 0.03881004 0.00596799 0.05486609
v 0.03890507 0.00629119 0.05224068
v 0.03892095 0.01786241 0.06300864
v 0.03896502 -0.00896407 0.05585212
v 0.03899670 0.07779320 -0.09364750
v 0.03899861 -0.11103944 -0.00354860
v 0.03912927 0.01210417 0.04624948
v 0.03913642 0.01005112 0.04354309
v 0.03914224 0.00176401 0.05564601
v 0.03915877 0.00399225 0.05218146
v 0.03916539 0.00194281 0.05198815
v 0.03917544 0.01192128 0.05991760
v 0.03918391 0.10785455 -0.00869176
v 0.03923257 -0.10322949 0.02305688
v 0.03933206 0.00559395 0.04284268
v 0.03933473 0.01135316 0.05108847
v 0.03933518 -0.00008021 0.05495469
v 0.03933968 0.00055527 0.05548121
v 0.03935478 -0.04632279 0.05816955
v 0.03936686 0.00583905 0.05188196
v 0.03937126 0.00157837 0.05583827
v 0.03937952 0.00122616 0.05575366
v 0.03938146 -0.01214883 0.05662682
v 0.03942520 0.00529074 0.05636953
v 0.03944993 0.01183088 0.04867435
v 0.03945604 0.00783366 0.04318513
v 0.03948800 0.00268080 0.05417109
v 0.03951444 -0.00054516 0.05431958
v 0.03953684 0.00281741 0.04478106
v 0.03954166 0.00453134 0.05173850
v 0.03954273 0.00857974 0.05303928
v 0.03957287 0.08981456 0.02787889
v 0.03963851 -0.00120589 0.05378095
v 0.03963971 0.00537236 0.05168340
v 0.03964854 -0.02875508 0.05879566
v 0.03966101 0.00585748 0.05376124
v 0.03973206 -0.06250514 0.05359189
v 0.03973487 0.00206486 0.04960825
v 0.03975700 0.00412532 0.05233706
v 0.03976537 -0.14509787 -0.14501578
v 0.03976846 -0.08538243 0.04528458
v 0.03983524 0.00489930 0.05162289
v 0.03986195 0.00236109 0.04717324
v 0.03986941 0.00636421 0.05268032
v 0.03987255 -0.00206444 0.05318678
v 0.03991305 0.00570016 0.05723489
v 0.03992610 0.00986473 0.04586492
v 0.03995362 -0.01668931 0.05735645
v 0.04003968 0.00299998 0.05335756
v 0.04007902 0.00936337 0.05785829
v 0.04009083 0.06361824 0.04962813
v 0.04010218 0.00219998 0.05460327
v 0.04010468 0.00712133 0.05752857
v 0.04011464 0.00855073 0.05753499
v 0.04013306 0.00911502 0.05070483
v 0.04013417 0.00513318 0.04512180
v 0.04016703 0.00592452 0.05274874
v 0.04019047 -0.02282594 0.05798772
v 0.04024046 -0.07556494 0.04932768
v 0.04026193 0.00954913 0.04828225
v 0.04026424 0.00751058 0.04548423
v 0.04032072 0.08372055 0.03332523
v 0.04033010 0.00438312 0.04992938
v 0.04035895 0.00155654 0.05472817
v 0.04037927 0.00093017 0.05437741
v 0.04040417 0.00196914 0.05479116
v 0.04045105 0.00038094 0.05383959
v 0.04047014 0.00347373 0.05262689
v 0.04047346 0.00472347 0.04752118
v 0.04047578 0.00676482 0.05032584
v 0.04048018 -0.00346459 0.05295327
v 0.04052730 0.02164102 0.06332063
v 0.04060405 0.00535008 0.05461295
v 0.04060709 0.00715221 0.04788858
v 0.04060829 -0.00010405 0.05318649
v 0.04063230 -0.00745735 -0.09647226
v 0.04068962 0.00260484 0.05367499
v 0.04072752 0.00997509 0.05741847
v 0.04073657 -0.16398251 -0.02105470
v 0.04076125 0.00407499 0.05212158
v 0.04080102 0.00537300 0.05229777
v 0.04080281 0.06631368 -0.09724457
v 0.04083147 0.07713595 0.03861897
v 0.04084123 0.07010632 0.04412341
v 0.04085265 0.01428631 0.05985099
v 0.04094934 -0.00074307 0.05246183
v 0.04097008 -0.06884247 0.05088892
v 0.04097399 0.00192042 0.05385025
v 0.04099897 0.00227257 0.05390071
v 0.04105807 0.00128428 0.05340705
v 0.04108325 0.00498103 0.05198727
v 0.04110038 0.00447212 0.05195168
v 0.04119242 0.00086425 0.05284756
v 0.04119485 0.00307064 0.05284476
v 0.04122410 0.00549741 0.05521164
v 0.04134768 0.02752995 0.06098273
v 0.04135146 0.00532945 0.05323377
v 0.04141709 -0.11480885 -0.11505382
v 0.04148532 0.00268400 0.05304025
v 0.04149887 0.00217401 0.05309301
v 0.04152401 0.00044966 0.05213573
v 0.04156483 -0.00151335 0.05180268
v 0.04158524 0.00170486 0.05267345
v 0.04163067 0.03297939 0.05837055
v 0.04163479 -0.00628740 0.05339057
v 0.04163981 0.00657746 0.05561963
v 0.04169139 0.00361598 0.05208649
v 0.04172651 0.01118440 0.05742964
v 0.04177603 0.00791564 0.05547930
v 0.04184840 0.00499743 0.05230153
v 0.04188704 0.00131853 0.05211885
v 0.04189119 0.00432911 -0.09896296
v 0.04196772 0.00888312 0.05557742
v 0.04196800 0.00213655 0.05228260
v 0.04201726 -0.04851597 -0.07814165
v 0.04202784 0.00274787 0.05230450
v 0.04204480 0.00545584 0.05362320
v 0.04207997 -0.17351854 -0.02400451
v 0.04210795 -0.04021627 0.05671376
v 0.04212543 0.00335945 0.05211297
v 0.04213208 0.00456310 0.05166914
v 0.04215612 0.00418521 0.05181377
v 0.04221004 -0.06139105 -0.07816998
v 0.04221841 -0.00010282 0.05125986
v 0.04222738 -0.05274628 0.05433144
v 0.04232878 0.00283503 0.05190644
v 0.04233275 0.04895888 -0.09970108
v 0.04235505 -0.00904313 0.05410090
v 0.04239446 0.00194152 0.05167863
v 0.04245881 0.00372004 0.05175058
v 0.04247011 0.00103391 0.05137507
v 0.04251488 0.03935772 0.05564496
v 0.04254945 0.00956587 0.05526048
v 0.04255123 0.00511386 0.05235756
v 0.04257262 0.00630713 0.05385612
v 0.04258467 -0.00285014 0.05134011
v 0.04269917 0.02003885 -0.10149124
v 0.04272310 0.00275655 0.05139683
v 0.04278224 -0.08283624 -0.08300199
v 0.04282370 0.03615250 -0.10095116
v 0.04283699 0.00739061 0.05362007
v 0.04290570 0.00438724 0.05128976
v 0.04292745 -0.08701195 0.04036149
v 0.04296771 0.01675050 0.05958165
v 0.04304711 -0.00091043 0.05048431
v 0.04305822 0.00179242 0.05086051
v 0.04313173 0.00844178 0.05370888
v 0.04315782 0.00584768 0.05238405
v 0.04329535 0.00058152 0.05032075
v 0.04332017 0.08837213 -0.08180107
v 0.04338669 0.00287857 0.05067861
v 0.04341534 0.01045214 0.05498543
v 0.04342053 -0.01289123 0.05480075
v 0.04354644 0.01304483 0.05706821
v 0.04360064 0.00892902 0.05337694
v 0.04367460 0.00509691 0.05104413
v 0.04368517 0.09791498 0.01113164
v 0.04368792 0.00691903 0.05211773
v 0.04374086 0.00796326 0.05238470
v 0.04376126 -0.07778636 0.04511827
v 0.04382844 0.04618113 0.05283177
v 0.04393224 -0.06060047 0.05036909
v 0.04394584 0.00167504 0.04984507
v 0.04414601 -0.09760410 0.00128830
v 0.04415996 -0.03412635 0.05538778
v 0.04421489 0.00813986 0.05184023
v 0.04424566 -0.00000772 0.04922611
v 0.04426699 -0.00199623 0.04979183
v 0.04438817 -0.00588089 0.05147188
v 0.04443861 0.00959117 0.05297465
v 0.04456764 0.00305318 0.04967476
v 0.04465150 -0.01840038 0.05527303
v 0.04473957 -0.09625354 0.02809075
v 0.04478253 -0.09038857 -0.08372843
v 0.04480308 0.01162935 0.05433404
v 0.04485770 0.00887900 0.05171760
v 0.04486565 0.00597429 0.05009640
v 0.04487293 -0.18372321 -0.02259888
v 0.04490071 -0.06922471 0.04682878
v 0.04530097 -0.03118435 -0.07985486
v 0.04534094 0.00132700 0.04869018
v 0.04535778 -0.02640096 0.05490274
v 0.04542823 -0.04799731 0.05204452
v 0.04548867 0.02005411 0.05821517
v 0.04552990 -0.09904418 -0.08903965
v 0.04553046 0.05340345 0.04851554
v 0.04558352 -0.09644753 0.01533498
v 0.04564176 0.01030806 0.05208325
v 0.04569434 0.00877794 0.05057343
v 0.04570965 0.01506900 0.05617194
v 0.04576513 -0.00905932 0.05202501
v 0.04584823 -0.00077444 0.04816870
v 0.04605540 0.02529259 0.05603296
v 0.04622984 0.09336093 0.01466627
v 0.04623423 0.00292485 0.04819107
v 0.04642056 -0.12269144 -0.12431590
v 0.04649462 0.02983746 0.05338276
v 0.04654338 -0.00492375 0.04931086
v 0.04668711 0.01289405 0.05328914
v 0.04674612 -0.07477248 -0.07395940
v 0.04676474 0.09906569 0.00257047
v 0.04679038 0.00642679 0.04799887
v 0.04703322 0.09418314 -0.06994015
v 0.04703990 0.00081122 0.04708617
v 0.04728819 0.01105342 0.05079951
v 0.04738314 -0.07691122 0.03994211
v 0.04738738 0.00908729 0.04900242
v 0.04741283 0.03521789 0.05052201
v 0.04742846 -0.01344803 0.05240230
v 0.04743979 -0.12233339 -0.01971058
v 0.04744615 -0.12999262 -0.02145345
v 0.04754033 0.06088775 0.04188949
v 0.04775802 -0.05670398 0.04699719
v 0.04780044 0.00250411 0.04645073
v 0.04792605 0.01752916 0.05460995
v 0.04794436 -0.08753875 0.03174376
v 0.04801864 -0.04098437 0.05003246
v 0.04815044 0.08789898 0.01885104
v 0.04834504 -0.11229664 -0.01820841
v 0.04834507 -0.00800144 0.04952864
v 0.04843112 -0.00352123 0.04718259
v 0.04844202 0.07934773 -0.08391330
v 0.04864588 -0.06647891 0.04260274
v 0.04867810 0.08169792 0.02418753
v 0.04873548 -0.13840961 -0.02445007
v 0.04879161 0.06716098 0.03589393
v 0.04881103 -0.10725763 -0.09621938
v 0.04890534 0.07486726 0.02982942
v 0.04892587 -0.08875299 0.00534936
v 0.04894550 0.00627370 0.04584518
v 0.04916819 0.01441518 0.05176906
v 0.04925624 0.02205382 0.05221725
v 0.04928320 0.04145516 0.04737103
v 0.04929256 0.10024150 -0.01011144
v 0.04934860 -0.02005614 0.05199268
v 0.04946850 0.09819674 -0.05679494
v 0.04948896 0.00928222 0.04689672
v 0.04965075 0.01192365 0.04901724
v 0.04966896 -0.01684647 -0.08265826
v 0.04967316 0.02536280 0.04970559
v 0.04971702 -0.00175756 0.04528273
v 0.04978120 -0.19246960 -0.01390618
v 0.04985050 -0.08993507 0.01904413
v 0.05018207 -0.08539405 -0.07205924
v 0.05033843 0.10073701 -0.04106556
v 0.05034993 0.00041072 0.04405292
v 0.05041563 -0.00659361 0.04694792
v 0.05056832 0.02999261 0.04622874
v 0.05068140 -0.01277580 0.04946586
v 0.05080618 -0.03224033 0.04871849
v 0.05099563 0.10080071 -0.02494757
v 0.05100968 -0.09498595 -0.01563580
v 0.05108453 -0.05151609 0.04374523
v 0.05122901 -0.14742877 -0.02868669
v 0.05130858 0.01788762 0.04868731
v 0.05148790 -0.00792061 -0.08479504
v 0.05169262 -0.07433362 0.03399632
v 0.05172686 0.00529011 0.04276426
v 0.05176577 -0.00448975 0.04453136
v 0.05181508 -0.09448039 -0.07302956
v 0.05185459 0.04742358 0.04130239
v 0.05198352 0.06854145 -0.08579800
v 0.05202702 -0.08575703 -0.00972714
v 0.05208205 0.01347416 0.04607211
v 0.05210798 0.00940307 0.04393329
v 0.05213054 0.02012710 0.04613112
v 0.05213366 -0.14805801 -0.14750300
v 0.05216546 0.09252636 0.00456157
v 0.05221149 -0.06453570 -0.06027911
v 0.05241526 0.03525719 0.04230044
v 0.05254126 -0.06233267 0.03802672
v 0.05254183 -0.05109593 -0.06105812
v 0.05257667 -0.00203767 0.04276020
v 0.05258014 -0.12937410 -0.13090350
v 0.05260837 -0.15440021 -0.15142684
v 0.05304791 -0.01912920 0.04839880
v 0.05309990 -0.01110107 0.04637374
v 0.05318429 0.02331433 0.04233487
v 0.05318462 -0.08243583 0.01001518
v 0.05328982 0.00381854 -0.08742203
v 0.05331217 0.01448625 0.04359030
v 0.05355037 -0.10285050 -0.07674860
v 0.05368671 0.00388977 0.04064261
v 0.05369996 0.00921206 0.04155211
v 0.05393941 -0.07998320 0.02289501
v 0.05395887 -0.07808985 -0.05972846
v 0.05401259 -0.15716466 -0.03266121
v 0.05424685 0.05517057 0.03360891
v 0.05429633 -0.03353795 -0.06171125
v 0.05434655 -0.04415162 0.04087555
v 0.05438995 0.08626886 0.00938344
v 0.05442192 -0.11418504 -0.10490511
v 0.05476462 -0.00884886 0.04324564
v 0.05484960 0.02684056 0.03782364
v 0.05492377 0.05168836 -0.08703380
v 0.05499766 0.01596456 0.03968169
v 0.05509293 -0.02834316 0.04455654
v 0.05516164 0.06283736 0.02749420
v 0.05533447 0.07171007 0.02111537
v 0.05541435 0.07921645 0.01489435
v 0.05549686 -0.07801017 -0.00403492
v 0.05560476 0.02225403 -0.08914275
v 0.05567754 -0.08999800 -0.05911171
v 0.05570740 -0.00571573 0.04076383
v 0.05571528 -0.11384959 -0.03163367
v 0.05573311 0.03996604 0.03589905
v 0.05573862 0.00899757 0.03782339
v 0.05576460 -0.01694445 0.04506634
v 0.05595853 0.03872986 -0.08784420
v 0.05615033 -0.06878804 0.02735938
v 0.05616860 -0.12192608 -0.03351438
v 0.05628448 -0.05629470 0.03318987
v 0.05639800 0.00181529 0.03753750
v 0.05640447 -0.10356928 -0.03088451
v 0.05658183 0.01744056 0.03517171
v 0.05667368 -0.05454896 -0.04321208
v 0.05675196 -0.09982505 -0.05994278
v 0.05682323 0.08368606 -0.06841870
v 0.05683371 0.09169862 -0.00814830
v 0.05683631 -0.11027384 -0.08316283
v 0.05684125 -0.06882179 -0.04439733
v 0.05709232 -0.08926798 -0.03036882
v 0.05731111 -0.07179889 -0.02277803
v 0.05732026 -0.03875216 0.03730187
v 0.05749092 -0.01863829 -0.06747258
v 0.05755987 -0.07282101 0.01559117
v 0.05758077 -0.01389578 0.04152404
v 0.05760902 -0.16649811 -0.03550228
v 0.05772660 -0.13068853 -0.03710195
v 0.05780328 -0.07199347 -0.03233239
v 0.05786752 0.00846943 0.03382422
v 0.05794342 -0.02501138 0.04070609
v 0.05796523 0.02925515 0.03109893
v 0.05821553 -0.10850749 -0.06248329
v 0.05830621 -0.05590941 -0.03421352
v 0.05850995 -0.07261580 0.00240491
v 0.05852236 -0.08368186 -0.04419686
v 0.05874951 -0.00922213 0.03808930
v 0.05875660 -0.13734917 -0.13810034
v 0.05877728 -0.06912921 -0.01859553
v 0.05886324 -0.04903875 0.02927249
v 0.05901380 -0.00053489 0.03430723
v 0.05902707 -0.03513696 -0.04202293
v 0.05907687 -0.05549996 -0.02852024
v 0.05923168 -0.09631054 -0.04454073
v 0.05926283 0.01769803 0.02838148
v 0.05935314 -0.06161249 0.02137807
v 0.05935929 -0.01041915 -0.06956692
v 0.05939715 -0.10627630 -0.04538005
v 0.05945184 -0.03740351 -0.03758255
v 0.05945950 -0.01467652 -0.03324053
v 0.05956561 -0.03333594 0.03407063
v 0.05956844 -0.01673230 -0.03406171
v 0.05958109 -0.01661185 -0.03402563
v 0.05967135 -0.01475052 -0.03260101
v 0.05969313 -0.01328390 -0.03269165
v 0.05987736 -0.03926823 -0.03335837
v 0.05991089 -0.01212359 -0.03229107
v 0.05997482 -0.02141460 0.03680818
v 0.06004376 -0.11471479 -0.04730528
v 0.06011287 -0.01490338 -0.03518281
v 0.06018274 0.09066731 -0.02312157
v 0.06020657 -0.01377966 -0.03216555
v 0.06023443 -0.01100396 -0.03182513
v 0.06025698 0.04500183 0.02582441
v 0.06037501 0.08688486 -0.05441544
v 0.06039307 -0.01346639 -0.03424852
v 0.06045906 -0.01053938 -0.03184047
v 0.06048239 0.06819070 0.01318054
v 0.06048424 0.05747553 0.01903077
v 0.06051258 -0.01688535 -0.03561854
v 0.06052943 -0.11636915 -0.06799185
v 0.06056943 0.07582177 0.00692892
v 0.06058003 -0.13981512 -0.04217618
v 0.06058629 -0.01251346 -0.03168981
v 0.06061061 -0.04325072 0.02579155
v 0.06074164 -0.06476060 -0.01180170
v 0.06075416 -0.05458255 -0.02458987
v 0.06075703 -0.01193379 -0.03351517
v 0.06083697 -0.01111841 -0.03291714
v 0.06101369 -0.01154578 -0.03136733
v 0.06102751 -0.01054588 -0.03255122
v 0.06112192 -0.01111732 -0.03171268
v 0.06115896 0.00619667 0.02762518
v 0.06121255 0.07200552 -0.07024347
v 0.06127137 -0.02008093 -0.05381899
v 0.06128276 -0.02845039 0.03021301
v 0.06134766 -0.06362924 0.00994435
v 0.06146670 -0.12321322 -0.05210255
v 0.06148034 0.08927023 -0.03880456
v 0.06148890 -0.11983377 -0.11343396
v 0.06156775 -0.01532559 0.03255988
v 0.06158717 0.08200303 -0.00384344
v 0.06162291 -0.05358033 0.01769212
v 0.06195448 0.02942142 0.02248729
v 0.06207793 0.00077374 -0.07113788
v 0.06223940 -0.01837527 -0.03419727
v 0.06226012 -0.03684003 0.02212560
v 0.06229303 -0.17660616 -0.03425727
v 0.06233364 0.01564975 0.02050398
v 0.06240252 -0.00498684 0.02863085
v 0.06242351 -0.01777859 -0.03294184
v 0.06264609 -0.06106440 -0.00364075
v 0.06291215 -0.02871925 -0.04081678
v 0.06312702 -0.03588568 -0.03279443
v 0.06316100 -0.03274545 -0.03699781
v 0.06321897 -0.03782124 -0.02657758
v 0.06323010 -0.02185289 0.02540290
v 0.06325730 -0.04054376 -0.02868197
v 0.06329940 -0.01579947 -0.03155711
v 0.06342056 -0.14378580 -0.14407820
v 0.06348857 -0.01202473 -0.05548873
v 0.06350275 -0.11643412 -0.09055903
v 0.06352791 -0.04637359 0.01364496
v 0.06359085 -0.01830166 -0.03495591
v 0.06380983 -0.01435738 -0.03092110
v 0.06401966 -0.00965911 -0.03095433
v 0.06404379 -0.05407040 0.00547856
v 0.06408839 -0.01691071 -0.03549001
v 0.06412789 -0.05161811 -0.01773608
v 0.06424009 -0.01052352 -0.03241865
v 0.06424297 -0.01292072 -0.03062141
v 0.06426542 -0.03222944 -0.03657250
v 0.06426643 -0.01082610 -0.03060505
v 0.06431627 -0.03370545 -0.03475069
v 0.06433645 -0.01179178 -0.03055198
v 0.06433719 -0.01939918 -0.03282973
v 0.06441273 -0.03046260 -0.03921514
v 0.06449839 -0.03492633 -0.03325551
v 0.06456824 -0.01210357 -0.03318396
v 0.06461751 -0.04043740 -0.02884821
v 0.06465223 -0.02939951 0.01551726
v 0.06465582 -0.01541100 -0.03504391
v 0.06467247 0.00194887 0.02012476
v 0.06468658 -0.03126883 -0.03783522
v 0.06468969 -0.03250699 -0.03595450
v 0.06469361 -0.03325913 -0.03469507
v 0.06470625 -0.03409526 -0.03368346
v 0.06476926 -0.01971826 -0.03147020
v 0.06483781 -0.14863543 -0.04681334
v 0.06494809 -0.03747228 -0.03191150
v 0.06505007 -0.02838433 -0.04138761
v 0.06510910 -0.03570690 -0.03285056
v 0.06518098 -0.13181877 -0.05794565
v 0.06518545 -0.01077454 0.02075185
v 0.06521010 0.06641813 -0.00127836
v 0.06524435 -0.02185469 -0.03156336
v 0.06525138 -0.03001801 -0.03962360
v 0.06530938 -0.03204972 -0.03666152
v 0.06535964 -0.02267794 -0.03131422
v 0.06540722 -0.01376670 -0.03458590
v 0.06549170 -0.04824783 -0.00927898
v 0.06550667 -0.02218664 -0.03419588
v 0.06553758 -0.01945028 -0.03357795
v 0.06557402 -0.01870251 -0.04618017
v 0.06559138 0.01766887 -0.07053848
v 0.06559925 0.05287604 -0.06937012
v 0.06561107 -0.03309213 -0.03514588
v 0.06561922 0.08050714 -0.02156917
v 0.06564512 -0.03433622 -0.03370658
v 0.06569641 -0.02102110 -0.03210174
v 0.06578185 -0.03084677 -0.03910512
v 0.06583843 0.05998143 0.00062730
v 0.06588429 -0.00297776 -0.05623846
v 0.06592075 -0.03660716 0.00703094
v 0.06607240 0.04853912 0.00550610
v 0.06612940 0.07564280 -0.05369782
v 0.06613021 -0.02047742 -0.03048912
v 0.06614422 0.02435792 0.00965615
v 0.06619845 -0.02334994 -0.03335487
v 0.06628491 -0.03983067 -0.01297615
v 0.06633291 -0.01774371 -0.03486747
v 0.06638283 -0.04164671 -0.03056059
v 0.06639130 -0.01674864 -0.03030315
v 0.06642617 -0.12346673 -0.07390866
v 0.06643010 -0.03819467 -0.03241612
v 0.06643698 -0.04209185 -0.00036567
v 0.06649825 -0.02259431 -0.03540035
v 0.06652380 -0.03271177 -0.02260842
v 0.06660705 -0.03626997 -0.03330616
v 0.06661561 -0.03069849 -0.01859370
v 0.06664975 -0.03712245 -0.02226632
v 0.06665604 0.00998286 0.00924995
v 0.06671330 -0.02768464 -0.04310736
v 0.06672742 -0.04031017 -0.02464172
v 0.06672984 -0.02102464 -0.03000992
v 0.06673281 -0.02203199 -0.03764612
v 0.06679186 -0.01674626 -0.03511118
v 0.06681417 0.03788645 0.00851927
v 0.06684512 -0.03286842 -0.03614071
v 0.06685125 -0.03152406 -0.03831310
v 0.06685881 -0.02085692 -0.03958853
v 0.06687223 -0.03447361 -0.03439698
v 0.06693631 -0.02315659 -0.03436492
v 0.06693909 -0.00916558 -0.02942603
v 0.06702920 -0.01216364 -0.04647294
v 0.06709299 -0.01481942 -0.02970723
v 0.06725433 -0.01042475 -0.02922739
v 0.06726395 0.06603789 -0.00873710
v 0.06726739 -0.03229504 -0.00747344
v 0.06730170 -0.02172318 -0.04526608
v 0.06731090 -0.01920033 0.00781439
v 0.06731872 -0.02782363 -0.02132325
v 0.06735072 -0.01832971 -0.04110107
v 0.06735869 -0.02240155 -0.03588612
v 0.06739349 -0.01498788 -0.03479121
v 0.06742814 -0.02271968 -0.03488022
v 0.06743699 0.07826319 -0.03786632
v 0.06746063 -0.04255612 -0.02662754
v 0.06749886 -0.02512165 -0.02729720
v 0.06751800 -0.01297355 -0.03346193
v 0.06751906 -0.02060118 -0.03548179
v 0.06752092 -0.01301209 -0.02930732
v 0.06756134 -0.01146791 -0.02914598
v 0.06762465 -0.02423690 -0.00434782
v 0.06765323 -0.01032147 -0.03163264
v 0.06767659 -0.02885583 -0.04256847
v 0.06767717 -0.01255563 -0.01325769
v 0.06769221 0.03440057 -0.06681999
v 0.06783402 -0.01868308 -0.03671577
v 0.06783827 -0.02231117 -0.01586711
v 0.06784711 -0.14933248 -0.14882155
v 0.06789360 -0.03623788 -0.02309390
v 0.06795678 -0.01712704 -0.02953137
v 0.06796280 -0.02139302 -0.03695730
v 0.06798052 -0.02424566 -0.03042831
v 0.06809705 -0.01992652 -0.03819496
v 0.06814529 -0.00195108 -0.01199954
v 0.06818077 0.01747357 -0.00034977
v 0.06819720 -0.00865875 -0.02892729
v 0.06822208 -0.00408789 0.00860559
v 0.06822419 -0.02861272 -0.02356638
v 0.06823281 -0.02262476 -0.01969469
v 0.06826462 -0.02602782 -0.02304170
v 0.06833369 -0.02634562 -0.02695813
v 0.06835142 -0.00925055 -0.02881591
v 0.06835324 -0.02234643 -0.02738684
v 0.06836443 -0.02308124 -0.02201561
v 0.06839487 -0.02963643 -0.04204830
v 0.06839535 -0.01707867 -0.04291577
v 0.06839595 -0.00470184 -0.04568964
v 0.06840810 -0.00885499 -0.01799549
v 0.06842193 0.00918614 -0.05537030
v 0.06843688 -0.00864196 -0.00167563
v 0.06846617 -0.01648319 -0.01843373
v 0.06849506 -0.01800422 -0.03903669
v 0.06851700 -0.01678327 -0.03723641
v 0.06852477 -0.01503878 -0.02900502
v 0.06852788 -0.02694353 -0.02465318
v 0.06855044 -0.02545251 -0.02460346
v 0.06855747 -0.02510863 -0.03018411
v 0.06861087 -0.01006712 -0.02882579
v 0.06863274 -0.03406030 -0.03630070
v 0.06864383 -0.00892994 -0.02872856
v 0.06868051 0.00458315 -0.00032943
v 0.06869842 -0.02788536 -0.02653398
v 0.06873891 -0.01972613 -0.02079646
v 0.06878798 -0.00840213 -0.02864349
v 0.06881365 -0.00897947 -0.02961813
v 0.06882883 -0.01689349 -0.02025867
v 0.06887677 -0.01947126 -0.02252834
v 0.06895389 -0.01135541 -0.02884300
v 0.06895463 -0.01310521 -0.02884519
v 0.06895528 -0.01782168 -0.02956787
v 0.06897224 -0.00884158 -0.02846202
v 0.06908309 -0.03543998 -0.03603701
v 0.06908516 -0.02290284 -0.02416157
v 0.06909363 0.00537020 -0.04438880
v 0.06910206 -0.02350608 -0.03187544
v 0.06910522 -0.02293624 -0.04520273
v 0.06911317 -0.01482243 -0.03621308
v 0.06912788 -0.01549768 -0.02172528
v 0.06922955 -0.03210251 -0.02508067
v 0.06925618 -0.03766839 -0.02400690
v 0.06927786 0.00879797 -0.01168903
v 0.06931324 -0.00966783 -0.02857048
v 0.06931348 -0.03268806 -0.03780532
v 0.06938525 -0.01591419 -0.04153669
v 0.06940290 0.03003396 -0.00163322
v 0.06943820 -0.01089926 -0.03328343
v 0.06944761 0.00045970 -0.01731266
v 0.06947225 -0.02271112 -0.03298708
v 0.06947571 -0.00679871 -0.02080768
v 0.06951381 -0.18490365 -0.02503768
v 0.06951754 0.05000354 -0.01100577
v 0.06953130 0.03872238 -0.00528946
v 0.06955280 -0.00876083 -0.03015561
v 0.06956801 -0.02384918 -0.03186757
v 0.06956909 -0.01576254 -0.02888851
v 0.06963022 -0.04394175 -0.02977453
v 0.06972808 -0.02660715 -0.03029057
v 0.06976599 -0.03762139 -0.03578327
v 0.06979038 -0.01593890 -0.03867885
v 0.06983398 -0.01354156 -0.02867584
v 0.06985143 -0.01347881 -0.03762554
v 0.06988423 -0.01147385 -0.02872077
v 0.06989588 -0.00487407 -0.03291435
v 0.06989782 -0.03999808 -0.02508666
v 0.06990474 -0.12604383 -0.12015949
v 0.06997306 -0.02250522 -0.03364999
v 0.07000105 0.00957455 -0.03544619
v 0.07000867 -0.01613833 -0.04353341
v 0.07001031 -0.01021003 -0.02364183
v 0.07002657 -0.02040054 -0.02515893
v 0.07007497 -0.02149071 -0.03811073
v 0.07008173 -0.03572758 -0.02491646
v 0.07008307 -0.01290487 -0.04077518
v 0.07009985 -0.02529929 -0.04449539
v 0.07010029 -0.00433451 -0.03147322
v 0.07011476 -0.01774803 -0.02441000
v 0.07015023 0.00344825 -0.04197575
v 0.07016646 -0.00772798 -0.02730814
v 0.07017846 -0.00139695 -0.01968227
v 0.07018369 0.00810275 -0.03719068
v 0.07020579 -0.01445815 -0.02408413
v 0.07023002 0.06436723 -0.02284712
v 0.07023335 0.00544386 -0.04013776
v 0.07026636 -0.02212247 -0.03533040
v 0.07026797 0.00755479 -0.03788716
v 0.07026902 -0.00739245 -0.03719060
v 0.07027698 -0.00875662 -0.02620976
v 0.07027771 -0.03398576 -0.03808910
v 0.07030264 -0.01963491 -0.02768807
v 0.07030769 -0.01541900 -0.04347076
v 0.07032021 -0.01097152 -0.02436528
v 0.07035335 -0.00862454 -0.02480815
v 0.07037032 0.00640063 -0.03905025
v 0.07037909 -0.00123474 -0.02946883
v 0.07040655 0.01119751 -0.04117368
v 0.07041109 -0.00235150 -0.03118434
v 0.07041261 0.01118046 -0.03368470
v 0.07043789 -0.04117441 -0.02631010
v 0.07043801 -0.04140630 -0.03520266
v 0.07048288 -0.00352282 -0.03323346
v 0.07053434 0.00947468 -0.01794419
v 0.07053953 -0.02421966 -0.03244573
v 0.07055857 0.01809653 -0.01236544
v 0.07064015 -0.00343919 -0.02993601
v 0.07065000 0.01734223 -0.05108428
v 0.07069276 -0.01174907 -0.02472581
v 0.07071698 -0.00942406 -0.02675452
v 0.07071897 -0.01282652 -0.02449634
v 0.07074463 -0.01407074 -0.04325909
v 0.07079107 -0.01887821 -0.02638269
v 0.07079930 -0.01000259 -0.02533238
v 0.07080242 0.05761157 -0.05251644
v 0.07080952 -0.00440778 -0.02380900
v 0.07081649 -0.00236306 -0.03327904
v 0.07084553 -0.03059594 -0.04035272
v 0.07084654 -0.00049494 -0.02929556
v 0.07086883 -0.01232660 -0.04260654
v 0.07087477 -0.15659168 -0.04884483
v 0.07087782 -0.02720327 -0.04341875
v 0.07090459 -0.03207383 -0.02842794
v 0.07092558 -0.00136372 -0.03109868
v 0.07093538 -0.00791782 -0.03432623
v 0.07095855 -0.02054729 -0.03961456
v 0.07096623 0.00837904 -0.03511585
v 0.07097696 -0.03593434 -0.03819871
v 0.07101762 0.00006519 -0.02755237
v 0.07102503 -0.00620966 -0.03262661
v 0.07102517 0.00099667 -0.02751770
v 0.07102536 -0.01533391 -0.02573773
v 0.07102829 -0.01727817 -0.02605479
v 0.07105121 0.00450061 -0.04125316
v 0.07106723 0.01505053 -0.02037196
v 0.07108344 -0.00092853 -0.03429725
v 0.07116704 -0.01751900 -0.02756906
v 0.07120223 0.00109664 -0.02738008
v 0.07122237 -0.01527967 -0.02689454
v 0.07124995 -0.04230077 -0.02733441
v 0.07135975 -0.00134135 -0.02766159
v 0.07136139 -0.02282756 -0.03548415
v 0.07136297 -0.01156418 -0.02555696
v 0.07137184 -0.01710714 -0.04766924
v 0.07138449 0.00033341 -0.04406841
v 0.07140156 -0.01013913 -0.03570179
v 0.07144553 -0.02472587 -0.03329324
v 0.07149698 -0.01083659 -0.02683175
v 0.07150174 -0.01337518 -0.02565312
v 0.07151581 -0.01346944 -0.04781482
v 0.07152568 -0.00935984 -0.03413955
v 0.07153242 0.00133766 -0.02704900
v 0.07153659 0.00119898 -0.02703765
v 0.07157081 -0.02692313 -0.03156521
v 0.07157969 0.00453219 -0.01977890
v 0.07160306 0.02403563 -0.01511830
v 0.07163305 -0.03668886 -0.02667448
v 0.07170360 0.01034549 -0.02060961
v 0.07170578 -0.01952982 -0.04688807
v 0.07170921 -0.02194101 -0.03751458
v 0.07172244 -0.01295794 -0.02683001
v 0.07174153 -0.01107769 -0.04196405
v 0.07183090 -0.13967024 -0.06222886
v 0.07184598 0.06130868 -0.03769995
v 0.07186899 0.00690547 -0.03890269
v 0.07187068 -0.00084973 -0.02175786
v 0.07187799 -0.03210233 -0.04050664
v 0.07193308 0.00852881 -0.03684685
v 0.07196673 0.01175809 -0.03636285
v 0.07197642 0.04988269 -0.02493086
v 0.07197744 -0.00520858 -0.04615343
v 0.07199097 0.02994717 -0.01955100
v 0.07201254 -0.01075725 -0.04733160
v 0.07203673 0.00029591 -0.03221664
v 0.07206294 0.00982336 -0.03520592
v 0.07209284 0.00064311 -0.02995221
v 0.07213107 0.00530191 -0.04113417
v 0.07216002 0.00202432 -0.02661013
v 0.07217939 -0.00817632 -0.03195056
v 0.07219419 -0.00437518 -0.03867953
v 0.07227330 0.00059123 -0.04409803
v 0.07231174 -0.00554908 -0.03138284
v 0.07231703 -0.03264193 -0.03022542
v 0.07235978 0.00049743 -0.02681485
v 0.07241759 0.01120085 -0.03368369
v 0.07242163 -0.03944154 -0.03797162
v 0.07244638 0.04218516 -0.05022626
v 0.07247274 0.01600135 -0.03822436
v 0.07248652 0.00290844 -0.02096198
v 0.07249186 -0.02557773 -0.03395767
v 0.07255133 0.00929642 -0.03426484
v 0.07255699 -0.00700802 -0.03907400
v 0.07257873 -0.03388233 -0.04092175
v 0.07260177 -0.02391701 -0.03577707
v 0.07260408 -0.02085671 -0.04726047
v 0.07266003 0.00284241 -0.02592834
v 0.07271373 -0.03769264 -0.02806587
v 0.07276027 0.00264449 -0.02677232
v 0.07277243 -0.02705421 -0.03249824
v 0.07281734 -0.01907240 -0.04054978
v 0.07282214 0.01810559 -0.02445647
v 0.07282599 0.03179688 -0.02787933
v 0.07282716 -0.02074356 -0.03876431
v 0.07286642 -0.00528094 -0.02754691
v 0.07288200 0.01363270 -0.03614674
v 0.07289897 0.01390569 -0.02280000
v 0.07297844 0.02484587 -0.04460357
v 0.07297893 0.01335056 -0.03130539
v 0.07301303 0.00307036 -0.02603560
v 0.07302188 -0.02265520 -0.03730045
v 0.07308181 0.00717732 -0.02126245
v 0.07310588 0.01492796 -0.03408855
v 0.07317161 0.02056815 -0.02893289
v 0.07319229 0.00360370 -0.02605781
v 0.07319729 0.00136188 -0.02632673
v 0.07321127 0.04689221 -0.03780729
v 0.07323685 0.01250616 -0.03164557
v 0.07328685 -0.01754607 -0.04785295
v 0.07329158 0.01228442 -0.03350659
v 0.07329430 0.01866691 -0.03385893
v 0.07334001 -0.12111786 -0.09828374
v 0.07338557 -0.04194412 -0.03517255
v 0.07339215 0.01438850 -0.03174715
v 0.07341332 0.01423337 -0.03050369
v 0.07342404 0.01417253 -0.03012203
v 0.07347477 0.01588921 -0.02832350
v 0.07348894 0.00441554 -0.02750432
v 0.07350879 0.00213982 -0.02930757
v 0.07354517 -0.03870461 -0.02951872
v 0.07359792 -0.00225501 -0.02492480
v 0.07363565 0.02956420 -0.03673606
v 0.07366364 -0.00298495 -0.02852141
v 0.07370611 0.01593345 -0.02969659
v 0.07373393 0.00080364 -0.04423814
v 0.07378170 -0.02221783 -0.04663064
v 0.07381715 -0.00565391 -0.04637868
v 0.07382198 0.00686694 -0.02762143
v 0.07382312 -0.04168183 -0.03147205
v 0.07384855 0.00543566 -0.02635942
v 0.07384855 0.00539766 -0.02622094
v 0.07385470 -0.01370013 -0.04804991
v 0.07387619 0.01059704 -0.02220661
v 0.07391193 -0.00032604 -0.02365921
v 0.07396196 0.01575660 -0.03099018
v 0.07409793 -0.03267325 -0.03345866
v 0.07414094 -0.00958247 -0.04749407
v 0.07415767 0.00264862 -0.02585729
v 0.07417798 0.00490325 -0.02596206
v 0.07419886 -0.02879840 -0.03586007
v 0.07421279 0.00144750 -0.03071140
v 0.07421381 -0.02636270 -0.03738426
v 0.07426554 -0.02458635 -0.04514533
v 0.07427520 0.00698512 -0.02736341
v 0.07431354 0.01058594 -0.03808473
v 0.07431416 -0.03664930 -0.04104401
v 0.07434144 0.00868522 -0.03993187
v 0.07434882 0.00387336 -0.02572981
v 0.07441981 -0.02139164 -0.03846983
v 0.07443172 0.00807582 -0.02751654
v 0.07448560 0.00018087 -0.03267618
v 0.07451896 0.00683400 -0.04205051
v 0.07452221 0.01207900 -0.03637852
v 0.07453044 -0.00052592 -0.02708279
v 0.07465175 0.00205195 -0.02299245
v 0.07474852 0.01339084 -0.03467660
v 0.07477880 0.00733785 -0.02668355
v 0.07478978 0.00844531 -0.02764574
v 0.07479002 -0.02463540 -0.03857059
v 0.07483843 -0.02601529 -0.04545813
v 0.07486005 -0.01846539 -0.04771658
v 0.07486486 0.00820120 -0.02895801
v 0.07487933 -0.02878600 -0.03780742
v 0.07489024 0.01499179 -0.03109317
v 0.07490730 0.00332050 -0.03008085
v 0.07491232 -0.01719949 -0.04095732
v 0.07494052 -0.01939027 -0.03975664
v 0.07503211 -0.14034188 -0.13875572
v 0.07503613 -0.02643228 -0.03880203
v 0.07505189 0.00607157 -0.02936967
v 0.07506359 -0.00594721 -0.04667578
v 0.07507028 0.01285853 -0.02363797
v 0.07511989 0.01552738 -0.02883905
v 0.07515294 0.00463562 -0.03058570
v 0.07519756 0.00472675 -0.02284520
v 0.07529448 -0.01422713 -0.04813337
v 0.07531532 0.00907661 -0.02732582
v 0.07534420 -0.03956739 -0.03779500
v 0.07536234 0.01019113 -0.04134777
v 0.07536744 0.00054657 -0.02607140
v 0.07536977 -0.03150225 -0.03678077
v 0.07537118 -0.00989461 -0.04774470
v 0.07538932 0.01570565 -0.02695437
v 0.07541361 0.00260158 -0.03122324
v 0.07545320 0.00718811 -0.02633559
v 0.07547264 0.00408674 -0.03118762
v 0.07548480 0.01651193 -0.02707169
v 0.07549397 0.00497461 -0.02594162
v 0.07552913 0.01229583 -0.03951082
v 0.07554164 0.00404787 -0.02600898
v 0.07559112 0.00650121 -0.03018930
v 0.07560253 0.00529152 -0.03153602
v 0.07561285 0.00378104 -0.03183851
v 0.07562423 0.01457424 -0.02404188
v 0.07571711 0.01402758 -0.03768802
v 0.07576057 0.00932702 -0.02887991
v 0.07576517 0.00453614 -0.03231927
v 0.07577576 -0.02031184 -0.04716839
v 0.07577758 0.00152058 -0.04587973
v 0.07580160 -0.02759655 -0.04627100
v 0.07582676 -0.02754243 -0.03981355
v 0.07589571 0.01663968 -0.02917292
v 0.07592183 0.00409852 -0.03264410
v 0.07592402 0.01634001 -0.03157881
v 0.07592836 0.01525682 -0.03578350
v 0.07593561 0.00927290 -0.02697657
v 0.07595970 0.01006061 -0.02895238
v 0.07601605 0.00178762 -0.02578025
v 0.07603396 0.00616350 -0.02609028
v 0.07604469 0.00227585 -0.03233543
v 0.07605395 0.00803889 -0.03046672
v 0.07607207 -0.03857308 -0.03462465
v 0.07608106 0.00747284 -0.02331177
v 0.07610717 -0.02980570 -0.03891874
v 0.07615329 0.01537102 -0.02444045
v 0.07624024 -0.02311344 -0.04001544
v 0.07628654 0.00776899 -0.04340370
v 0.07630954 -0.02136522 -0.04767066
v 0.07631271 -0.12962891 -0.07891485
v 0.07645554 0.00476820 -0.02618432
v 0.07648169 0.01748439 -0.02748061
v 0.07650675 0.00710851 -0.02616465
v 0.07652212 0.00355727 -0.02530971
v 0.07654694 -0.01571273 -0.04836962
v 0.07656572 -0.02487049 -0.04115469
v 0.07669731 -0.01428974 -0.04102587
v 0.07670073 0.00896682 -0.02690829
v 0.07673870 -0.00601581 -0.04854487
v 0.07677962 0.01489845 -0.02448301
v 0.07679360 0.01011804 -0.02415930
v 0.07685265 -0.02011657 -0.03993462
v 0.07690872 0.01784580 -0.02964224
v 0.07698546 -0.01061916 -0.04904768
v 0.07702125 -0.03613584 -0.03678644
v 0.07707939 -0.00305520 -0.03760080
v 0.07707997 0.00267488 -0.03434010
v 0.07708003 -0.03649055 -0.04025659
v 0.07710712 0.00569924 -0.02635062
v 0.07718949 -0.01759679 -0.04079965
v 0.07720924 0.00570301 -0.03274948
v 0.07722303 0.00428920 -0.03362292
v 0.07722888 0.00520806 -0.02524695
v 0.07723992 0.01150232 -0.04313085
v 0.07724182 -0.02246791 -0.04858207
v 0.07724645 0.01381614 -0.04116522
v 0.07725617 0.01236815 -0.02967242
v 0.07731139 0.01782831 -0.03218912
v 0.07734139 -0.01635429 -0.04898186
v 0.07737939 0.01583075 -0.03923614
v 0.07742141 0.00199093 -0.04733701
v 0.07748133 0.00851271 -0.02704345
v 0.07749455 -0.03340749 -0.03888917
v 0.07767040 0.01291858 -0.02930267
v 0.07770912 0.01708137 -0.03708172
v 0.07774392 0.01217729 -0.02526951
v 0.07774474 0.00898331 -0.03082173
v 0.07782225 -0.01092331 -0.04980012
v 0.07783029 -0.16542858 -0.04691336
v 0.07797799 0.00897816 -0.04526577
v 0.07799792 -0.01082555 -0.04057356
v 0.07799903 0.00760987 -0.02704269
v 0.07814305 0.00713397 -0.02578140
v 0.07815487 -0.00607687 -0.04964097
v 0.07820220 -0.01696394 -0.04995152
v 0.07827211 -0.02938482 -0.04667432
v 0.07828809 -0.02122765 -0.04215251
v 0.07850081 0.00421905 -0.03481726
v 0.07858703 0.01272542 -0.03004028
v 0.07861163 0.00588276 -0.03340992
v 0.07862680 0.01358353 -0.03063564
v 0.07869609 -0.02122696 -0.04376156
v 0.07870553 0.00227260 -0.03641723
v 0.07871944 -0.02371370 -0.04354300
v 0.07874148 0.01410521 -0.03109839
v 0.07885700 -0.01113517 -0.05084717
v 0.07885996 -0.02279143 -0.04382880
v 0.07892939 0.01817348 -0.02787525
v 0.07896090 0.00929968 -0.02627954
v 0.07901748 -0.02476196 -0.04321448
v 0.07902759 -0.01796965 -0.04176836
v 0.07908288 0.00268599 -0.04925939
v 0.07921407 -0.01464574 -0.04176826
v 0.07930158 0.01473345 -0.03233203
v 0.07936725 0.01366117 -0.03108027
v 0.07940522 -0.00589346 -0.05098485
v 0.07942714 0.01217371 -0.03020300
v 0.07947877 0.01390408 -0.03282751
v 0.07958085 -0.02015143 -0.04536739
v 0.07967874 0.01507061 -0.03516763
v 0.07968970 -0.13332626 -0.12762052
v 0.07972140 0.01007715 -0.03255907
v 0.07983150 -0.02670006 -0.04349783
v 0.07989925 0.00430066 -0.03616561
v 0.07990316 0.01629011 -0.02853114
v 0.07993714 0.01920671 -0.03006833
v 0.08004586 -0.01541556 -0.04742031
v 0.08005636 -0.00311015 -0.03971121
v 0.08008663 -0.02028190 -0.04553340
v 0.08009001 0.01298562 -0.03136503
v 0.08009070 -0.01805843 -0.04429273
v 0.08013833 0.01239981 -0.03413323
v 0.08013891 0.00613918 -0.03462854
v 0.08022641 0.01427588 -0.03332980
v 0.08022972 -0.02857324 -0.04488628
v 0.08023126 -0.01719527 -0.04597468
v 0.08025408 0.00236076 -0.03784482
v 0.08025478 0.01137000 -0.02908546
v 0.08028246 -0.14611836 -0.06436179
v 0.08029649 -0.02373633 -0.04897367
v 0.08035940 0.01468986 -0.03566847
v 0.08060865 -0.01475790 -0.04322584
v 0.08064134 -0.01608772 -0.04685298
v 0.08064213 -0.01072823 -0.04181471
v 0.08066628 -0.02079844 -0.04549994
v 0.08081222 0.01268707 -0.02881341
v 0.08089528 0.01974819 -0.03304951
v 0.08095093 0.01260598 -0.03780084
v 0.08099421 0.01142862 -0.03760400
v 0.08111610 0.01180278 -0.03950003
v 0.08113731 -0.01411689 -0.04562698
v 0.08116053 0.01338702 -0.03373329
v 0.08118246 0.00537174 -0.03895864
v 0.08118754 0.01053189 -0.04101513
v 0.08118759 0.01793199 -0.03063885
v 0.08120848 0.00654232 -0.03741922
v 0.08126903 0.00709173 -0.04071664
v 0.08128742 -0.01280058 -0.04718606
v 0.08131693 0.00939971 -0.03811638
v 0.08133355 0.01216016 -0.03086366
v 0.08135965 -0.01752804 -0.05036049
v 0.08136569 -0.01120153 -0.04785905
v 0.08140328 0.01433011 -0.03855858
v 0.08141126 0.00342214 -0.04105895
v 0.08141411 -0.01061846 -0.04367054
v 0.08142896 0.00490309 -0.04297874
v 0.08146085 -0.00975896 -0.04634582
v 0.08149481 -0.00287270 -0.04181435
v 0.08156061 0.01338662 -0.03920839
v 0.08156597 -0.00219033 -0.04500014
v 0.08166382 -0.01105506 -0.04798242
v 0.08166579 0.00872861 -0.04272322
v 0.08170076 -0.01614732 -0.04712488
v 0.08184842 -0.02194146 -0.04577883
v 0.08188443 0.01416021 -0.03064058
v 0.08193295 0.01312800 -0.04051492
v 0.08196075 -0.00846469 -0.04762034
v 0.08196256 -0.02313070 -0.04747784
v 0.08197973 -0.00081560 -0.04656129
v 0.08210768 0.01839992 -0.03894986
v 0.08212300 0.00669911 -0.04463531
v 0.08222581 -0.01140014 -0.05138178
v 0.08231765 0.01203228 -0.03900484
v 0.08236341 0.01687874 -0.04147606
v 0.08239959 -0.14353256 -0.14115731
v 0.08246924 0.01505676 -0.04364891
v 0.08255126 0.01182065 -0.04218015
v 0.08260944 0.01286672 -0.04575177
v 0.08263515 0.01220186 -0.03275749
v 0.08279292 0.01030860 -0.04767933
v 0.08288846 0.01231101 -0.03994411
v 0.08289769 0.01014999 -0.04398417
v 0.08292568 -0.00593712 -0.04817180
v 0.08293718 -0.01134307 -0.04791336
v 0.08299422 0.00123246 -0.04775045
v 0.08300608 -0.01724071 -0.04896059
v 0.08301399 -0.00604040 -0.05178816
v 0.08305590 -0.01677346 -0.04747013
v 0.08308870 -0.00679445 -0.04751646
v 0.08323327 0.01467336 -0.03292850
v 0.08325351 0.01786190 -0.03315017
v 0.08327589 0.01076410 -0.04163876
v 0.08332971 0.00822726 -0.04567067
v 0.08344526 0.00906187 -0.04349570
v 0.08369981 0.00324705 -0.05077319
v 0.08384141 -0.12585732 -0.10353892
v 0.08385251 0.01060135 -0.03933129
v 0.08400977 -0.01151928 -0.05008607
v 0.08405869 0.00381865 -0.04780976
v 0.08411957 0.00683004 -0.04504095
v 0.08424275 0.01084671 -0.03727366
v 0.08424768 0.01673117 -0.03904496
v 0.08425451 0.00925236 -0.04102402
v 0.08433603 0.00150188 -0.04756968
v 0.08447947 0.00776802 -0.04273348
v 0.08454326 -0.01159952 -0.04855298
v 0.08465207 0.01012888 -0.03914833
v 0.08476722 0.00597129 -0.04436289
v 0.08478464 -0.00716939 -0.04775291
v 0.08494730 0.01526204 -0.04140164
v 0.08499782 0.00051193 -0.04658493
v 0.08514449 0.01299054 -0.03801997
v 0.08515557 -0.00653015 -0.05064210
v 0.08521064 0.00886615 -0.04079274
v 0.08545789 0.01322448 -0.04325697
v 0.08555888 0.00750324 -0.04261673
v 0.08575179 0.01197392 -0.04003433
v 0.08577561 0.01133882 -0.04522750
v 0.08582683 0.00570785 -0.04425076
v 0.08594639 0.00906175 -0.04694474
v 0.08604757 -0.00705932 -0.04899218
v 0.08610854 0.00021636 -0.04652912
v 0.08627263 0.00244333 -0.04978821
v 0.08653362 0.01000761 -0.04188855
v 0.08654933 0.00879593 -0.04370933
v 0.08684529 0.00698093 -0.04559737
v 0.08686113 -0.13438056 -0.08174294
v 0.08712323 -0.17480431 -0.04054667
v 0.08742003 0.00071945 -0.04796352
v 0.08925313 -0.15236753 -0.06352212
v 0.09488280 -0.13123463 -0.10574988
v 0.09590936 -0.13786039 -0.12713152
v 0.09687551 -0.13897032 -0.08201540
v 0.09918276 -0.15962648 -0.05946597
v 0.10730392 -0.14434944 -0.08027875
v 0.10766557 -0.13662924 -0.10518213
f 4331 4378 4323
f 4588 4645 4575
f 4107 3815 3892
f 3790 4040 4064
f 5012 5007 5005
f 4991 4972 4970
f 4975 4971 4950
f 644 682 691
f 377 406 425
f 4639 4737 4728
f 4444 4601 4441
f 4902 4952 4932
f 4464 4649 4423
f 4934 4931 4936
f 5005 4967 4965
f 4524 4500 4541
f 4563 4645 4650
f 4955 4900 4912
f 4884 4879 4833
f 4960 4966 4929
f 4733 4633 4676
f 4949 4980 4969
f 4726 4782 4778
f 4469 4452 4410
f 4477 4566 4453
f 4804 4819 4864
f 4943 4972 4958
f 4944 4945 4942
f 4995 4991 4998
f 4535 4505 4572
f 4621 4485 4576
f 4899 4877 4910
f 4786 4754 4845
f 4941 4934 4930
f 4518 4478 4535
f 4609 4544 4533
f 4593 4642 4613
f 4526 4522 4498
f 4947 4954 4956
f 4473 4586 4455
f 4591 4454 4532
f 4973 4959 4985
f 4989 4961 4957
f 4148 4293 4257
f 4842 4845 4860
f 4785 4815 4854
f 4714 4816 4788
f 4657 4603 4654
f 4469 4372 4423
f 4721 4737 4558
f 4453 4399 4477
f 4652 4727 4697
f 4953 4931 4964
f 4940 4918 4925
f 4792 4727 4749
f 1420 2068 1517
f 4919 4908 4928
f 4893 4858 4889
f 4672 4509 4670
f 4630 4675 4652
f 4447 4541 4500
f 4545 4459 4617
f 4463 4527 4498
f 4798 4816 4746
f 4685 4721 4601
f 4703 4615 4580
f 4941 4956 4943
f 4475 4568 4473
f 4820 4728 4737
f 4616 4679 4635
f 4461 4534 4448
f 4818 4811 4801
f 4679 4759 4635
f 4560 4448 4534
f 4944 4935 4954
f 4981 4980 4987
f 4326 4348 4332
f 4319 4335 4324
f 4383 4440 4387
f 5006 5012 5003
f 4609 4533 4580
f 4968 4964 4979
f 4578 4612 4632
f 4491 4574 4541
f 4691 4661 4679
f 4766 4804 4815
f 4780 4863 4837
f 4322 4365 4321
f 4343 4384 4331
f 4484 4385 4389
f 4418 4494 4438
f 4673 4727 4675
f 4833 4767 4777
f 4394 4466 4482
f 4710 4821 4741
f 4687 4607 4706
f 4323 4324 4331
f 4751 4621 4734
f 4927 4936 4931
f 4335 4419 4347
f 4351 4385 4392
f 4731 4606 4640
f 4519 4478 4503
f 4883 4938 4872
f 4819 4800 4848
f 4636 4612 4591
f 4321 4329 4319
f 4967 4889 4867
f 4754 4627 4692
f 4324 4347 4326
f 4319 4322 4321
f 4419 4479 4398
f 4638 4557 4562
f 4625 4508 4472
f 4961 4853 4857
f 4700 4791 4725
f 4893 4959 4883
f 4471 4500 4502
f 4677 4714 4651
f 4734 4576 4694
f 4824 4839 4757
f 4952 4966 4977
f 4833 4874 4824
f 2665 2722 2696
f 4339 4387 4329
f 2623 2621 2654
f 2756 2768 2707
f 2790 2730 2781
f 2767 2701 2720
f 3519 3688 3720
f 881 1063 868
f 4559 4503 4524
f 4994 4999 4988
f 4880 4843 4905
f 5010 5013 5016
f 4997 4963 4961
f 4691 4602 4588
f 4501 4502 4506
f 4686 4730 4706
f 2704 3199 2671
f 4653 4622 4682
f 4869 4870 4846
f 4842 4744 4820
f 4389 4336 4350
f 4602 4577 4565
f 5006 4998 5009
f 4695 4677 4652
f 3447 2741 3521
f 4275 4283 4264
f 4510 4540 4551
f 4818 4749 4759
f 4217 4203 4244
f 4682 4656 4696
f 4648 4608 4610
f 2785 2891 2791
f 2834 2811 2802
f 4364 4511 4432
f 4217 4276 4245
f 3501 3884 3974
f 4409 4375 4373
f 2549 2634 2657
f 2883 2612 2616
f 3367 2721 3447
f 4678 4629 4681
f 4661 4843 4679
f 4576 4452 4538
f 2648 2552 2566
f 2892 2595 2612
f 4729 4731 4762
f 3035 3193 3230
f 4547 4655 4554
f 2763 2735 2790
f 2792 2868 2855
f 2698 2686 2710
f 2682 2722 2680
f 2630 2627 2597
f 2792 2822 2756
f 2605 2640 2626
f 2617 2641 2636
f 2659 2696 2668
f 2626 2707 2654
f 2621 2652 2655
f 2685 2756 2707
f 2730 2682 2670
f 2730 2710 2781
f 4750 4709 4693
f 4811 4849 4805
f 4863 4923 4902
f 5011 5005 5002
f 4496 4512 4486
f 4782 4799 4778
f 5009 4976 4996
f 4434 4553 4431
f 3906 3977 3955
f 3955 4020 3995
f 4712 4730 4701
f 3937 3989 3977
f 3150 3281 3157
f 3230 3476 3519
f 4630 4637 4628
f 3600 3347 3625
f 3746 3600 3754
f 4831 4763 4816
f 3092 3176 3177
f 4974 5010 5000
f 3168 3288 3150
f 3373 3625 3347
f 3092 3177 3168
f 4838 4886 4863
f 4068 4057 4056
f 4056 4033 4058
f 2507 2575 2505
f 3643 3765 3625
f 4502 4517 4518
f 4938 4852 4872
f 3989 4032 4034
f 3930 3864 3931
f 4071 4061 4079
f 3754 3625 3765
f 4082 4079 4097
f 4823 4795 4802
f 4061 4043 4069
f 4069 4054 4092
f 4099 4092 4117
f 3985 3929 3996
f 1179 963 1234
f 3561 3333 3281
f 3932 3876 3873
f 3554 3628 3545
f 3237 3333 3389
f 3469 3554 3545
f 4850 4846 4870
f 3644 3766 3767
f 4080 3586 4105
f 3927 4022 3922
f 3831 3927 3833
f 4004 3920 3949
f 4025 3949 3970
f 3833 3922 3830
f 4017 4062 4036
f 3921 3799 3776
f 3824 3635 3621
f 3347 3176 3373
f 3955 3881 3906
f 4045 4067 4062
f 4840 4885 4903
f 4760 4733 4676
f 3957 3813 3793
f 4017 3954 3995
f 3995 3921 3955
f 4060 3998 4048
f 3826 3988 3818
f 3998 3837 3822
f 4036 4075 4048
f 4098 4106 4110
f 4094 4097 4106
f 2583 2895 2905
f 4002 4049 3988
f 4106 4114 4119
f 4124 4139 4145
f 4060 4089 4059
f 4075 4098 4090
f 4102 4124 4116
f 4085 4116 4103
f 3818 3970 3810
f 4021 4077 4022
f 4119 4131 4139
f 4063 4103 4074
f 4102 4089 4110
f 4065 4049 4078
f 4004 4065 4041
f 3248 3086 3067
f 3992 4063 4014
f 4041 4085 4063
f 3894 3992 3916
f 3956 4041 3992
f 3789 3916 3820
f 4216 4262 4238
f 3820 3924 3831
f 3916 4014 3924
f 3647 3851 3883
f 3297 3165 3120
f 3648 3674 3769
f 3276 3120 3086
f 3086 3050 3008
f 3120 3102 3050
f 4374 4311 4372
f 3857 3720 3688
f 3057 3378 3454
f 4965 4867 4851
f 4788 4763 4742
f 2759 3553 2758
f 3518 3648 3487
f 3774 3859 3731
f 3731 3769 3674
f 3956 3859 3920
f 3546 3973 3529
f 3050 3047 2985
f 3240 3331 3392
f 2940 2952 2912
f 2985 3012 2952
f 3135 3102 3183
f 3094 3047 3135
f 3250 3135 3258
f 3258 3183 3291
f 3471 3669 3672
f 3223 3094 3250
f 3461 3654 3669
f 3187 3070 3223
f 3414 3223 3456
f 3456 3250 3471
f 3092 3150 3038
f 3052 3038 2960
f 3040 3062 3105
f 3062 3150 3157
f 3105 3157 3194
f 2988 3038 3062
f 2929 2912 2911
f 3007 2988 3040
f 2948 2960 2988
f 2987 2940 2929
f 3325 3237 3398
f 2927 2912 2952
f 2977 2952 3012
f 3070 3012 3094
f 2875 2884 2867
f 9 7 12
f 50 29 55
f 2906 2902 2875
f 64 58 39
f 2966 3070 3061
f 2916 2922 2902
f 2902 2911 2884
f 3163 3373 3176
f 505 414 560
f 3152 3375 3163
f 3163 3052 3028
f 3152 3028 3009
f 3028 2960 2916
f 3760 3638 3630
f 4178 3884 3855
f 4113 4117 4092
f 522 613 628
f 4104 4113 4070
f 4070 4092 4054
f 61 96 68
f 464 326 313
f 4013 4054 4001
f 72 81 87
f 37 12 41
f 570 536 538
f 448 377 425
f 149 101 151
f 4039 4070 4013
f 3940 4013 3925
f 3872 3766 3760
f 4163 4145 4139
f 159 157 244
f 4172 4163 4149
f 57 56 35
f 4149 4139 4131
f 4182 4170 4163
f 2833 2898 2840
f 2797 2881 2830
f 238 319 272
f 67 43 59
f 320 256 265
f 560 522 628
f 546 490 584
f 2799 2840 2797
f 2829 2845 2813
f 2879 2875 2850
f 2850 2867 2845
f 2857 2850 2829
f 3346 3152 3131
f 551 608 625
f 3312 3131 3115
f 3131 3009 2990
f 214 210 249
f 3115 2990 2957
f 50 73 59
f 2990 2906 2879
f 4105 3579 4108
f 90 98 111
f 4044 3521 4080
f 4027 3784 3900
f 88 80 74
f 4327 4376 4360
f 25 29 31
f 331 343 353
f 2552 2498 2499
f 4040 4112 4152
f 3971 4053 4112
f 2690 2535 2538
f 4206 4175 4205
f 4173 4157 4175
f 4112 4122 4158
f 4199 4158 4167
f 541 556 574
f 4158 4143 4167
f 519 419 427
f 4205 4170 4198
f 2947 3088 3064
f 3024 2947 3064
f 3232 3064 3353
f 2881 3001 2947
f 2830 2947 2887
f 2674 2720 2701
f 124 146 166
f 388 338 355
f 2663 2598 2692
f 3372 3187 3414
f 375 366 298
f 574 557 541
f 238 198 296
f 4171 3716 4204
f 3054 3061 3083
f 81 84 92
f 2645 2648 2566
f 3677 3830 3656
f 3851 3919 3948
f 435 475 412
f 2731 2662 2742
f 422 460 438
f 4115 4077 4109
f 4127 4123 4115
f 4126 4134 4127
f 494 487 506
f 351 342 346
f 4127 4109 4126
f 3053 3088 3001
f 71 74 62
f 3140 3053 3054
f 96 168 103
f 3647 3357 3360
f 444 547 559
f 583 479 512
f 452 455 431
f 66 63 94
f 3635 3360 3370
f 593 672 609
f 24 44 17
f 415 416 417
f 3529 4050 3553
f 4076 4053 3980
f 4046 3980 3948
f 798 664 729
f 298 293 255
f 378 324 360
f 3948 3883 3851
f 30 9 37
f 4123 4120 4101
f 2778 2589 2814
f 236 216 254
f 233 336 259
f 2736 2577 2753
f 393 352 378
f 4144 4156 4138
f 640 490 524
f 4529 4528 4525
f 4670 4680 4735
f 291 217 233
f 592 570 609
f 268 249 297
f 345 265 321
f 4579 4536 4585
f 173 351 346
f 4764 4812 4813
f 2711 2572 2736
f 4680 4579 4633
f 4887 4809 4822
f 2633 2513 2519
f 4979 4984 4968
f 4977 4988 4999
f 4995 5003 4992
f 3817 3367 3959
f 640 634 699
f 4120 4122 4076
f 3594 3567 3339
f 4987 4992 4981
f 4571 4610 4593
f 4999 4997 4989
f 4981 4990 4979
f 4925 4926 4927
f 4936 4909 4899
f 4841 4871 4865
f 4858 4836 4807
f 340 350 369
f 2649 2574 2663
f 2656 2631 2590
f 414 430 560
f 189 266 222
f 3064 3357 3353
f 4883 4871 4893
f 14 20 34
f 4881 4922 4906
f 4458 4521 4461
f 649 625 608
f 436 401 434
f 4906 4950 4904
f 4878 4876 4861
f 4882 4892 4878
f 4878 4854 4882
f 321 382 345
f 4509 4644 4670
f 4524 4622 4559
f 562 557 571
f 4632 4638 4631
f 5016 5006 5009
f 2717 2543 2740
f 4766 4752 4758
f 4713 4738 4747
f 4747 4708 4713
f 4438 4537 4462
f 4651 4652 4677
f 4661 4834 4868
f 4477 4441 4558
f 60 72 77
f 95 70 83
f 321 248 285
f 4639 4696 4600
f 390 355 376
f 111 125 141
f 108 135 133
f 5003 5011 5001
f 4957 4978 4989
f 4900 4822 4860
f 4747 4756 4708
f 397 313 300
f 538 609 570
f 455 481 431
f 368 394 382
f 419 306 304
f 573 507 439
f 4828 4796 4846
f 4798 4756 4796
f 4846 4817 4869
f 4894 4892 4907
f 4712 4725 4732
f 4477 4639 4600
f 4937 4929 4966
f 4915 4907 4937
f 244 177 159
f 4814 4793 4765
f 4785 4765 4752
f 484 552 506
f 161 110 104
f 233 247 308
f 4508 4546 4472
f 4498 4504 4463
f 4592 4575 4546
f 4574 4622 4541
f 443 430 366
f 357 431 333
f 4170 4157 4145
f 192 193 152
f 4570 4592 4508
f 644 622 580
f 4551 4549 4510
f 4750 4777 4767
f 62 84 73
f 2704 2296 2721
f 115 95 106
f 155 182 135
f 4771 4750 4748
f 256 229 237
f 4912 4917 4955
f 251 276 260
f 4950 4948 4904
f 534 587 600
f 473 549 547
f 3630 3366 3346
f 4870 4821 4850
f 4939 4976 4970
f 4822 4771 4789
f 4904 4939 4920
f 107 93 82
f 4847 4839 4888
f 4774 4775 4847
f 346 400 384
f 215 283 305
f 37 97 30
f 571 555 570
f 4617 4507 4621
f 2591 2511 2601
f 4596 4623 4618
f 4868 4890 4921
f 420 335 414
f 4979 4969 4981
f 4598 4616 4623
f 2547 2521 2517
f 2776 2581 2585
f 226 222 234
f 4815 4864 4899
f 243 265 256
f 4984 4988 4960
f 4933 4901 4930
f 362 259 336
f 4532 4636 4591
f 160 120 174
f 4643 4423 4649
f 4436 4429 4407
f 350 310 345
f 346 266 173
f 4914 4905 4945
f 4875 4844 4880
f 4910 4875 4901
f 4946 4897 4940
f 4640 4762 4731
f 195 184 200
f 532 600 613
f 4520 4504 4544
f 87 77 72
f 4743 4711 4719
f 4968 4960 4946
f 4912 4860 4845
f 382 350 345
f 88 93 98
f 2584 2467 2472
f 40 43 49
f 374 452 357
f 2758 2213 2759
f 684 668 670
f 4783 4688 4763
f 578 641 626
f 4542 4453 4566
f 4778 4736 4726
f 693 676 683
f 4532 4436 4492
f 4735 4733 4779
f 115 100 109
f 4488 4440 4480
f 7 16 18
f 435 452 482
f 52 53 60
f 2785 2719 2706
f 486 469 501
f 8 12 7
f 529 593 538
f 254 214 268
f 4138 4143 4120
f 95 89 106
f 945 823 992
f 3370 3175 3372
f 143 219 168
f 4628 4618 4630
f 695 652 650
f 636 675 682
f 3310 3177 3347
f 4415 4454 4418
f 683 605 626
f 4332 4350 4336
f 521 617 552
f 604 548 574
f 694 683 678
f 4752 4738 4739
f 321 365 368
f 4561 4575 4563
f 4493 4488 4480
f 4539 4563 4548
f 502 564 537
f 4786 4820 4721
f 317 244 318
f 559 456 444
f 367 357 322
f 4936 4910 4933
f 4808 4666 4768
f 689 670 676
f 463 506 487
f 4349 4390 4343
f 2752 3579 2751
f 4398 4347 4419
f 4332 4343 4326
f 4506 4529 4525
f 4456 4387 4440
f 4429 4421 4480
f 4705 4780 4802
f 4928 4913 4935
f 4463 4520 4466
f 4456 4515 4474
f 4657 4741 4705
f 4351 4394 4349
f 537 474 502
f 4384 4442 4378
f 615 544 612
f 4479 4548 4484
f 3926 3986 3990
f 4937 4923 4915
f 237 210 188
f 4933 4934 4936
f 324 227 261
f 278 280 202
f 4628 4683 4640
f 4975 4985 4993
f 691 689 693
f 463 521 484
f 4608 4593 4610
f 676 586 605
f 617 660 612
f 119 64 99
f 3299 2895 2873
f 523 574 548
f 416 322 391
f 4939 4954 4935
f 4638 4648 4631
f 4148 3959 4207
f 123 94 63
f 2891 3013 3035
f 399 362 392
f 4486 4483 4489
f 4529 4572 4578
f 4801 4805 4794
f 565 493 510
f 4830 4869 4817
f 380 362 336
f 4473 4493 4446
f 4809 4777 4771
f 4481 4516 4465
f 447 469 458
f 394 392 380
f 114 87 91
f 2564 2349 2365
f 4506 4518 4535
f 4331 4326 4343
f 3848 3575 3512
f 4409 4441 4399
f 4698 4646 4653
f 375 477 443
f 4879 4908 4874
f 4479 4389 4398
f 626 678 683
f 620 665 675
f 4522 4533 4544
f 695 693 694
f 4407 4422 4395
f 4709 4702 4659
f 641 633 652
f 586 526 537
f 4659 4625 4573
f 4693 4659 4641
f 4646 4586 4604
f 4942 4928 4944
f 489 437 472
f 4101 4076 4046
f 4924 4862 4855
f 404 468 341
f 273 134 199
f 4615 4581 4551
f 4581 4688 4654
f 156 196 154
f 44 132 42
f 301 277 204
f 3067 3008 2987
f 199 94 150
f 108 63 51
f 4641 4573 4586
f 4203 4265 4244
f 4244 4300 4276
f 3287 3344 3335
f 4078 4059 4089
f 2853 2548 2564
f 4463 4392 4385
f 3986 3931 3985
f 3371 3424 3426
f 3567 3854 3727
f 3381 3411 3424
f 4227 4189 4215
f 3902 3738 3885
f 3172 3547 3295
f 3925 4001 3933
f 3424 3491 3514
f 2965 2972 2941
f 4895 4911 4882
f 4768 4617 4751
f 2864 2801 2899
f 450 438 455
f 333 389 323
f 4514 4546 4561
f 4299 4281 4310
f 2668 2728 2685
f 369 336 308
f 4539 4474 4515
f 304 427 419
f 2726 2800 2714
f 261 193 217
f 242 211 177
f 4890 4888 4919
f 61 56 76
f 2738 2686 2701
f 2714 2645 2643
f 2726 2643 2651
f 4068 4058 4071
f 4469 4658 4538
f 4611 4774 4834
f 4917 4808 4852
f 3103 3265 3080
f 2811 2763 2790
f 2893 2868 2909
f 4550 4556 4568
f 2873 2570 2568
f 2570 2327 2568
f 4708 4695 4713
f 4598 4606 4577
f 4613 4647 4609
f 4868 4905 4843
f 4446 4480 4421
f 2855 2826 2822
f 2910 2847 2839
f 3281 3194 3157
f 4902 4837 4863
f 2894 2746 2889
f 4921 4945 4905
f 4176 4238 4201
f 2765 2506 2783
f 4305 4271 4254
f 4998 4970 4976
f 2605 2655 2622
f 2514 2551 2515
f 2846 2540 2548
f 4401 4474 4419
f 2313 2368 2347
f 4516 4562 4557
f 3990 4033 4032
f 2328 2548 2540
f 2889 2747 2900
f 2354 2288 2339
f 2889 3004 2894
f 2869 2740 2876
f 2923 2904 3025
f 2395 2397 2381
f 2744 2692 2789
f 2820 2744 2827
f 2723 2663 2744
f 2788 2718 2801
f 4789 4860 4822
f 4580 4533 4526
f 4457 4554 4434
f 4681 4577 4606
f 4517 4503 4518
f 2226 2773 2218
f 4555 4498 4527
f 2832 2610 2600
f 4977 4932 4952
f 2675 2730 2670
f 4298 4312 4291
f 4482 4520 4530
f 4829 4837 4885
f 2824 2690 2836
f 2951 2824 2964
f 2518 2563 2514
f 3636 3532 3650
f 4794 4800 4782
f 3599 3748 3708
f 3327 3122 3307
f 3068 2930 3116
f 4481 4530 4531
f 3881 3776 3735
f 4681 4703 4678
f 3708 3877 3827
f 3877 3771 3902
f 3594 3827 3742
f 3391 3457 3434
f 3327 3594 3339
f 3525 3452 3532
f 3338 3434 3399
f 4465 4492 4442
f 3278 3218 3277
f 46 68 36
f 4741 4838 4780
f 4117 4114 4099
f 4455 4573 4460
f 4360 4295 4327
f 4369 4306 4360
f 4316 4432 4380
f 3374 3322 3365
f 3371 3365 3381
f 3365 3368 3381
f 3364 3374 3344
f 3757 3630 3614
f 3342 3413 3391
f 3311 3364 3342
f 3413 3364 3408
f 3278 3342 3300
f 3220 3300 3238
f 3238 3338 3261
f 2986 3110 2976
f 3300 3391 3338
f 2894 2993 2876
f 3171 3036 3208
f 2992 3107 2986
f 3023 2900 3036
f 3023 3134 3004
f 3318 3308 3379
f 3368 3379 3411
f 3411 3448 3491
f 3379 3388 3448
f 2681 2532 2535
f 2858 2562 2555
f 4103 4126 4109
f 3004 3101 2993
f 2993 3104 2992
f 3308 3208 3388
f 3268 3171 3308
f 4094 4084 4082
f 4088 4094 4098
f 2771 2207 2784
f 2586 2509 2591
f 3218 3134 3268
f 3220 3101 3218
f 3119 3307 3122
f 2976 3119 2964
f 3988 4025 3970
f 2848 2717 2869
f 2836 2703 2848
f 3931 3863 3929
f 3657 3562 3784
f 3317 3426 3405
f 3364 3351 3408
f 3351 3314 3406
f 3499 3256 3334
f 3483 3499 3602
f 3267 3197 3314
f 3181 3068 3339
f 3804 3735 3689
f 3314 3256 3409
f 3875 3925 3933
f 3406 3409 3483
f 3229 3078 3082
f 3885 3657 3784
f 2783 3142 3090
f 3499 3449 3657
f 3136 3228 3114
f 3334 3182 3449
f 2520 2615 2598
f 2915 2776 2934
f 3114 2991 3136
f 3136 3020 3170
f 2615 2692 2598
f 3294 3229 3228
f 3256 3125 3334
f 3003 3182 2954
f 3562 3182 3254
f 3197 3073 3256
f 4855 4903 4924
f 3039 2915 3073
f 2954 3125 2934
f 2991 2882 3020
f 2542 2703 2539
f 2620 2631 2652
f 2597 2609 2630
f 2576 2547 2545
f 2620 2609 2608
f 2766 2842 2732
f 2768 2826 2786
f 2757 2743 2729
f 2794 2826 2839
f 2757 2786 2794
f 2745 2768 2786
f 2639 2684 2630
f 2696 2763 2728
f 2684 2647 2627
f 2729 2691 2667
f 2712 2702 2684
f 2576 2551 2590
f 2561 2480 2484
f 2796 2809 2774
f 2774 2734 2708
f 2808 2847 2851
f 2844 2736 2860
f 2876 2748 2894
f 2935 2807 2816
f 2962 2860 2991
f 2805 2699 2693
f 2421 2616 2612
f 2224 2251 2197
f 2693 2559 2560
f 2448 2440 2444
f 3306 3495 3359
f 2694 2560 2557
f 3317 3306 3274
f 2294 2302 2352
f 2407 2450 2429
f 2262 2311 2300
f 2807 2693 2694
f 3306 3127 3099
f 2907 2770 2915
f 3099 2939 2932
f 3274 3099 3078
f 2934 2778 2954
f 4194 4256 4266
f 4267 4338 4337
f 4226 4252 4233
f 3820 3654 3789
f 2261 2288 2314
f 3090 3626 3559
f 2510 2231 2237
f 3669 3831 3672
f 2765 3090 2946
f 3815 3139 3892
f 3146 2821 2828
f 2524 2837 2828
f 2441 2610 2616
f 2255 2510 2237
f 4802 4791 4705
f 4083 4257 4240
f 3946 3626 3616
f 4416 4485 4430
f 4293 4380 4354
f 3503 3636 3599
f 4802 4837 4823
f 4513 4528 4510
f 3700 4148 4083
f 3078 2932 2928
f 4717 4649 4740
f 3828 3749 3876
f 3863 3766 3875
f 4074 4109 4077
f 3836 3558 3785
f 4428 4405 4426
f 4725 4781 4724
f 4426 4404 4417
f 3871 3745 3737
f 2784 2214 2787
f 4417 4391 4403
f 2552 2501 2566
f 4459 4403 4430
f 2527 2618 2628
f 4062 4088 4075
f 4393 4373 4374
f 4445 4439 4468
f 4428 4448 4411
f 4411 4444 4409
f 4648 4583 4631
f 4289 4303 4298
f 2743 2708 2691
f 4403 4374 4396
f 4668 4690 4626
f 4927 4940 4925
f 4631 4578 4632
f 4987 4986 4991
f 4831 4828 4850
f 4685 4560 4627
f 5000 5016 5008
f 4590 4692 4627
f 2935 2844 2962
f 3307 3507 3327
f 2746 2533 2747
f 4509 4380 4432
f 4207 4316 4293
f 885 812 945
f 4464 4354 4380
f 4123 4144 4138
f 3340 3467 3291
f 4487 4706 4607
f 4455 4495 4493
f 4861 4785 4854
f 4946 4929 4911
f 3703 3554 3534
f 4033 3985 4035
f 3621 3414 3656
f 2691 2628 2618
f 4779 4745 4735
f 4909 4891 4899
f 1422 1572 1375
f 2725 2688 2672
f 2964 2836 2976
f 4107 4168 4212
f 2636 2640 2617
f 2623 2630 2609
f 4982 5007 5010
f 424 446 422
f 41 118 37
f 4841 4784 4790
f 104 80 90
f 4595 4676 4633
f 4587 4595 4585
f 4986 4958 4972
f 69 60 70
f 4704 4718 4668
f 2781 2738 2802
f 4663 4435 4476
f 4686 4425 4614
f 4591 4572 4505
f 3408 3406 3452
f 136 176 126
f 4723 4743 4732
f 367 434 401
f 4810 4829 4840
f 4772 4810 4812
f 4806 4734 4769
f 4812 4840 4855
f 4861 4835 4814
f 4268 4337 4341
f 4186 4268 4259
f 4669 4663 4584
f 4322 4378 4370
f 3286 3443 3307
f 3746 3561 3577
f 2713 2649 2723
f 11 6 9
f 4926 4918 4909
f 4689 4750 4693
f 4695 4697 4739
f 4715 4614 4663
f 2843 2534 2540
f 3375 3638 3644
f 4584 4476 4427
f 4467 4427 4361
f 4287 4427 4330
f 4202 4330 4219
f 4219 4358 4213
f 4707 4764 4684
f 3561 3288 3577
f 4002 3837 4010
f 4162 4259 4236
f 3957 3799 3954
f 4125 4236 4169
f 24 46 36
f 4431 4467 4414
f 4373 4377 4325
f 4169 4287 4202
f 4236 4361 4287
f 483 543 523
f 142 173 189
f 4333 4434 4338
f 4543 4523 4496
f 4402 4451 4368
f 145 103 165
f 4555 4484 4548
f 4368 4437 4363
f 54 14 34
f 3932 3990 3989
f 19 28 35
f 4152 4158 4183
f 179 129 152
f 4609 4580 4589
f 42 17 44
f 3866 3757 3745
f 379 258 411
f 165 168 184
f 342 405 400
f 4425 4277 4263
f 5004 5002 4997
f 452 487 482
f 4050 4263 4095
f 2454 2600 2610
f 2635 2624 2622
f 571 567 562
f 2820 2917 2812
f 3648 3789 3654
f 330 255 293
f 2758 3570 2752
f 1871 1269 1112
f 2800 2706 2714
f 179 282 219
f 51 11 30
f 4582 4664 4595
f 4100 4201 4129
f 2764 3529 2759
f 3233 2773 2715
f 4993 4996 4971
f 4213 4334 4204
f 719 634 664
f 3981 4169 4202
f 333 322 357
f 121 131 115
f 4850 4783 4831
f 3973 4230 4050
f 4585 4633 4579
f 3936 4190 3973
f 4401 4329 4387
f 3936 3582 4118
f 428 478 483
f 4921 4919 4942
f 237 243 256
f 259 291 233
f 4553 4584 4467
f 2305 2540 2534
f 4108 4270 4105
f 4105 4248 4080
f 2508 2582 2507
f 4248 4424 4364
f 3965 4202 4219
f 4430 4507 4459
f 3561 3703 3534
f 4068 4082 4084
f 4251 4214 4241
f 2800 2886 2785
f 2874 2974 2877
f 4226 4182 4214
f 4241 4209 4227
f 160 152 129
f 376 293 335
f 2859 2806 2854
f 16 23 25
f 2920 2978 2917
f 2989 3100 3011
f 3011 2941 2989
f 2989 2923 3014
f 4951 4973 4975
f 4394 4481 4390
f 350 382 369
f 4707 4723 4724
f 3089 2942 3055
f 2931 2825 2851
f 2963 3126 2974
f 2961 2931 2926
f 4564 4647 4660
f 3389 3534 3554
f 2726 2658 2731
f 4458 4417 4459
f 3444 3487 3340
f 2926 2851 2847
f 2854 2825 2897
f 4684 4761 4674
f 490 349 344
f 2994 2886 2885
f 2963 2859 2942
f 3582 2784 3670
f 3100 3482 3214
f 611 674 617
f 3214 3558 3303
f 3011 3214 3055
f 3303 3618 3356
f 3295 3704 3482
f 2877 2800 2803
f 3828 3706 3703
f 4295 4245 4276
f 423 273 294
f 4018 3922 4022
f 763 774 756
f 434 405 436
f 511 513 520
f 4558 4601 4721
f 4626 4582 4587
f 4623 4635 4673
f 3945 4133 4003
f 4760 4787 4825
f 2320 2040 2327
f 222 285 248
f 4162 3915 3951
f 3856 4087 3945
f 3662 3356 3618
f 3945 3704 3856
f 2859 2804 2798
f 3476 3662 3688
f 4016 3849 4026
f 4026 3836 4003
f 4200 4234 4208
f 4223 4249 4234
f 2974 2885 2877
f 4203 4150 4218
f 3169 3356 3421
f 4140 4026 4150
f 4177 4140 4203
f 3586 2751 3579
f 2697 3095 3139
f 3193 3421 3476
f 3312 3578 3614
f 3614 3745 3757
f 3991 3857 4016
f 3262 3519 3556
f 3556 3720 3737
f 4160 4166 4189
f 4135 4131 4117
f 4188 4245 4215
f 594 550 569
f 4251 4275 4252
f 4334 4476 4435
f 4136 4137 4166
f 3940 4073 4039
f 4433 4366 4382
f 4096 3991 4121
f 4067 4084 4088
f 4792 4801 4794
f 4104 4073 4137
f 2994 3126 3169
f 4159 4121 4177
f 3285 3115 3077
f 3077 2957 2921
f 3056 2921 2908
f 3262 3077 3056
f 4254 4289 4305
f 4099 4097 4079
f 3405 3526 3495
f 733 762 764
f 2798 2761 2806
f 2493 2554 2549
f 2827 2789 2904
f 2777 2823 2914
f 2908 2831 2819
f 4672 4740 4649
f 2600 2817 2832
f 1876 2159 1833
f 2705 2739 2687
f 1023 1758 1818
f 2739 2797 2727
f 1762 2105 1729
f 847 874 887
f 3959 4224 4207
f 3614 3346 3312
f 2801 2713 2812
f 480 433 449
f 2666 2760 2683
f 2832 3057 3093
f 4306 4261 4295
f 2554 2625 2634
f 2633 2734 2733
f 2556 2578 2597
f 2553 2657 2695
f 3512 3133 3093
f 3929 3875 3933
f 3716 2773 3861
f 1729 2084 1684
f 3670 2787 3716
f 3170 3247 3136
f 4787 4753 4797
f 4027 4147 4055
f 2849 2914 3031
f 4327 4276 4300
f 4079 4069 4099
f 2695 2777 2849
f 2661 2664 2646
f 4238 4229 4201
f 4318 4284 4311
f 3971 3770 3715
f 4035 3996 4043
f 2755 2799 2739
f 4154 4201 4229
f 2929 2922 2948
f 4274 4256 4229
f 4180 4229 4256
f 2657 2724 2777
f 3965 4213 3861
f 2651 2575 2582
f 2700 2557 2567
f 4964 4949 4969
f 2608 2590 2631
f 2926 2936 2961
f 4165 4216 4176
f 3866 3972 3963
f 4198 4233 4205
f 2867 2888 2866
f 4618 4673 4675
f 2595 2378 2398
f 4072 4176 4100
f 4152 4200 4161
f 3196 3232 3770
f 4152 4064 4040
f 4234 4264 4246
f 4199 4232 4223
f 4183 4223 4200
f 2918 3031 3196
f 2627 2592 2573
f 4208 4246 4216
f 4301 4333 4274
f 4283 4301 4262
f 2899 2812 2917
f 4314 4363 4301
f 4262 4274 4238
f 4310 4352 4299
f 4352 4368 4314
f 4762 4742 4729
f 4369 4402 4352
f 3035 2908 2891
f 2187 2111 2124
f 2220 2076 2256
f 4299 4314 4283
f 4196 4030 4051
f 4194 4051 4052
f 4121 4016 4140
f 4000 3632 3653
f 2727 2830 2760
f 3192 2843 2846
f 3093 2852 2832
f 4051 3691 3728
f 3728 3213 3227
f 2648 2666 2629
f 2647 2604 2592
f 3691 3192 3213
f 4205 4232 4206
f 4019 3730 3710
f 3710 3239 3231
f 3173 2837 2843
f 3808 4064 4072
f 5002 4965 4963
f 4424 4607 4511
f 4030 3653 3691
f 3914 3715 3685
f 4881 4833 4809
f 3227 2853 2870
f 3632 3164 3173
f 4204 3861 4213
f 2019 2111 1969
f 3730 3227 3239
f 4825 4851 4867
f 3810 3949 3791
f 3951 3619 3632
f 2145 1833 2159
f 1604 2043 1987
f 3353 3685 3715
f 4414 4337 4431
f 2817 3002 3057
f 2617 2622 2624
f 4124 4126 4116
f 3575 3195 3133
f 3898 3668 3575
f 3668 3231 3195
f 4658 4717 4694
f 4060 4075 4090
f 2629 2550 2552
f 3951 4186 4162
f 4212 4254 4271
f 4014 4074 4021
f 4694 4769 4734
f 4257 4354 4311
f 4286 4435 4353
f 533 348 381
f 2804 2877 2803
f 2910 2909 2936
f 3109 2669 2653
f 4953 4946 4940
f 2767 2802 2738
f 2778 2585 2587
f 3643 3375 3644
f 1888 1490 2040
f 4406 4393 4405
f 4091 4240 4237
f 4571 4613 4594
f 3700 3095 3109
f 4874 4888 4839
f 4180 4052 4019
f 3667 4083 4091
f 2852 2616 2610
f 3311 3277 3322
f 4492 4557 4532
f 3335 3374 3365
f 4406 4411 4397
f 2371 2653 2669
f 2402 2697 2716
f 2640 2685 2626
f 2641 2646 2636
f 2646 2650 2636
f 2650 2668 2640
f 3273 2873 2865
f 832 773 799
f 4656 4542 4566
f 2654 2639 2623
f 2686 2674 2701
f 2626 2621 2605
f 2707 2712 2654
f 4442 4436 4407
f 2679 2635 2686
f 2728 2792 2756
f 4375 4450 4377
f 4706 4719 4687
f 4449 4447 4471
f 2718 2672 2656
f 2673 2670 2682
f 3961 3710 3668
f 4058 4035 4061
f 2315 2192 2348
f 4736 4752 4739
f 2682 2680 2673
f 723 776 760
f 792 847 815
f 728 760 762
f 4603 4543 4549
f 4711 4722 4718
f 3040 3080 3007
f 3103 3105 3153
f 4700 4705 4791
f 4271 4228 4212
f 4142 4212 4228
f 4313 4290 4282
f 4340 4250 4302
f 3825 4195 3913
f 3430 2872 2871
f 4296 4866 4620
f 1940 2169 1876
f 799 748 775
f 2223 2187 2239
f 2287 2410 2303
f 1265 1069 1351
f 4414 4361 4341
f 3950 4130 4093
f 4237 4284 4289
f 1112 1818 1871
f 2819 2775 2749
f 3978 3822 3813
f 1786 2125 1762
f 1974 1420 1269
f 4086 4367 4296
f 2387 2292 2396
f 3521 2754 3586
f 1626 1781 1572
f 3164 2828 2837
f 945 1328 885
f 672 642 658
f 4189 4172 4160
f 1802 2135 1786
f 4311 4240 4257
f 546 427 441
f 374 401 387
f 457 508 500
f 426 329 385
f 4159 4217 4188
f 839 881 814
f 4020 4057 4045
f 5020 5023 5018
f 4889 4974 4893
f 3871 3991 3972
f 2413 2507 2505
f 1590 891 879
f 1819 1969 1781
f 2779 2918 3002
f 3906 3876 3937
f 627 459 533
f 4224 4364 4316
f 3454 3790 3808
f 2284 2300 2313
f 2723 2812 2713
f 2311 2355 2361
f 2272 2197 2251
f 2343 2366 2364
f 2313 2351 2356
f 2458 2447 2479
f 2250 2272 2302
f 2725 2767 2720
f 2425 2384 2416
f 3797 4164 4242
f 4720 5014 4983
f 2311 2351 2300
f 4242 4359 4567
f 2397 2450 2430
f 2347 2375 2374
f 2352 2430 2417
f 2412 2440 2407
f 2429 2425 2416
f 2373 2302 2326
f 2334 2311 2269
f 4260 3913 4195
f 3013 3169 3193
f 4903 4902 4932
f 338 363 317
f 716 753 770
f 4767 4757 4709
f 4204 4286 4171
f 4286 4118 4171
f 3870 3963 3940
f 4190 4353 4230
f 4668 4687 4704
f 3727 3987 3856
f 186 226 231
f 3339 3116 3327
f 2658 2591 2662
f 188 231 237
f 85 143 96
f 655 470 514
f 621 432 470
f 470 325 372
f 514 372 426
f 4614 4353 4435
f 516 554 508
f 364 385 329
f 196 276 232
f 206 413 375
f 4716 4722 4723
f 1065 1119 1075
f 1075 1143 1094
f 1042 1094 1058
f 1027 1075 1042
f 1773 1718 1810
f 1820 1718 1712
f 1857 1713 1887
f 1845 1705 1679
f 1925 1872 1845
f 1962 1887 2007
f 1459 1675 1698
f 1474 1698 1712
f 1311 1459 1474
f 1303 1442 1459
f 1698 1803 1808
f 1712 1808 1820
f 1290 1424 1442
f 1442 1664 1675
f 1675 1806 1803
f 1806 1870 1803
f 1870 1808 1803
f 1434 1662 1425
f 1424 1662 1664
f 1289 1425 1424
f 1305 1425 1297
f 982 964 974
f 895 892 908
f 820 856 845
f 1005 1027 1002
f 982 1002 979
f 1001 982 974
f 1034 1005 1001
f 1071 1126 1068
f 1068 1123 1065
f 1032 1065 1027
f 1034 1068 1032
f 1126 1180 1123
f 1185 1126 1127
f 1190 1127 1129
f 1071 1129 1127
f 1034 1073 1071
f 1001 1028 1034
f 974 994 1001
f 965 964 947
f 978 1007 1022
f 994 1022 1028
f 965 978 994
f 944 955 978
f 1072 1136 1135
f 1073 1135 1129
f 1028 1072 1073
f 1022 1064 1072
f 1129 1222 1190
f 1135 1216 1222
f 1488 1663 1495
f 1488 1334 1304
f 1488 1311 1474
f 1712 1488 1474
f 1178 1143 1119
f 1123 1178 1119
f 1332 1345 1236
f 1332 1220 1334
f 1473 1334 1495
f 1473 1399 1332
f 1495 1621 1473
f 1473 1536 1469
f 1663 1740 1621
f 1621 1610 1536
f 1406 1210 1416
f 784 902 941
f 1114 1021 1031
f 1120 1031 1048
f 1221 1114 1120
f 1212 1110 1114
f 1097 1036 1078
f 1078 1014 1061
f 1209 1078 1061
f 1226 1097 1078
f 792 739 777
f 1010 979 1002
f 1042 1002 1027
f 1058 1010 1042
f 1040 988 1010
f 988 956 979
f 1124 1231 1091
f 1124 1058 1094
f 1162 1094 1143
f 1162 1258 1124
f 1086 1218 1062
f 1086 1015 1040
f 1091 1040 1058
f 1231 1086 1091
f 1015 966 988
f 2365 2579 2564
f 1026 1192 1037
f 1026 976 981
f 1046 981 1000
f 1046 1186 1026
f 1050 1014 993
f 1037 993 976
f 1192 1050 1037
f 1197 1061 1050
f 950 964 962
f 950 956 942
f 938 942 930
f 947 950 938
f 932 938 927
f 927 930 918
f 904 918 899
f 911 927 904
f 942 966 953
f 981 966 1000
f 946 981 976
f 930 953 946
f 916 918 928
f 937 918 930
f 952 928 937
f 939 916 928
f 971 931 939
f 985 939 952
f 1048 971 985
f 1031 960 971
f 958 976 993
f 972 993 1014
f 937 972 952
f 937 946 958
f 972 1036 1006
f 1006 1074 1057
f 985 1057 1048
f 952 1006 985
f 1057 1146 1134
f 1134 1241 1229
f 1120 1229 1221
f 1048 1134 1120
f 1387 1175 1406
f 1342 1372 1247
f 1789 1667 1825
f 1825 1689 1857
f 1899 1857 1962
f 1840 1825 1899
f 1372 1483 1512
f 1637 1611 1723
f 1676 1723 1777
f 1374 1512 1538
f 1466 872 866
f 1247 1146 1164
f 1164 1074 1097
f 1243 1164 1097
f 1282 1247 1164
f 758 858 866
f 1117 1550 970
f 1723 1641 1789
f 1777 1789 1840
f 1916 1899 2006
f 2006 1962 2048
f 2036 2048 2072
f 1961 2006 2036
f 1826 1840 1916
f 1862 1916 1961
f 1730 1826 1862
f 1725 1777 1826
f 1564 1374 1538
f 1562 1379 1564
f 1749 1862 1882
f 1779 1882 1890
f 1612 1749 1779
f 1567 1730 1749
f 1870 1820 1808
f 1919 1929 1870
f 1929 1999 1901
f 1901 1925 1854
f 1810 1854 1773
f 1820 1901 1810
f 2059 2072 2048
f 2007 2048 1962
f 1999 1976 1925
f 2030 2039 1999
f 1854 1845 1801
f 1801 1679 1649
f 1740 1649 1610
f 1773 1801 1740
f 2058 2072 2094
f 2081 2094 2109
f 2002 2081 2015
f 2002 2036 2058
f 1882 1961 2002
f 1882 2015 1890
f 2062 2071 2088
f 2088 2083 2102
f 2095 2102 2110
f 2074 2088 2095
f 1823 1664 1662
f 1831 1662 1672
f 1919 1823 1953
f 1953 1831 1981
f 2071 1981 2083
f 2030 1953 2071
f 1434 1312 1447
f 1447 1317 1468
f 1688 1468 1708
f 1672 1447 1688
f 992 1490 945
f 1000 1062 1046
f 934 929 908
f 910 908 892
f 948 934 910
f 980 955 934
f 1052 1007 980
f 1033 980 948
f 1125 1052 1033
f 1139 1064 1052
f 1305 1219 1312
f 1312 1199 1317
f 883 899 876
f 861 876 848
f 875 883 861
f 895 904 883
f 2081 2132 2126
f 2126 2160 2158
f 2087 2158 2133
f 2087 2081 2126
f 2102 2097 2122
f 2122 2119 2141
f 2128 2141 2150
f 2110 2122 2128
f 1831 1688 1843
f 1843 1708 1868
f 1981 1843 2003
f 2003 1868 2037
f 2097 2037 2119
f 2083 2003 2097
f 811 941 1023
f 765 891 902
f 977 1049 922
f 922 963 877
f 882 877 852
f 914 922 882
f 888 863 864
f 864 837 842
f 876 842 848
f 876 888 864
f 897 882 873
f 843 882 852
f 863 843 837
f 889 873 863
f 1851 2027 1874
f 1926 2027 2077
f 1726 1874 1926
f 1640 1874 1635
f 1956 2087 2027
f 2027 2133 2077
f 1779 1865 1791
f 1813 1865 1897
f 1636 1791 1813
f 1638 1779 1791
f 1890 1897 1865
f 686 828 836
f 1204 1365 1383
f 1113 1204 1210
f 1113 1175 1085
f 1019 1085 989
f 1019 1110 1113
f 949 1021 1019
f 949 989 933
f 925 933 915
f 925 960 949
f 912 915 905
f 916 905 899
f 931 912 916
f 1896 1851 1824
f 1896 1813 1897
f 1897 1956 1896
f 1640 1387 1645
f 1645 1406 1636
f 866 740 758
f 923 867 986
f 977 954 1051
f 1051 989 1085
f 1154 1085 1175
f 1102 1051 1154
f 920 914 897
f 903 897 889
f 915 920 903
f 933 954 920
f 888 905 898
f 898 915 903
f 889 898 903
f 3919 3830 3922
f 227 152 193
f 2978 2961 2917
f 2825 2761 2782
f 3978 4048 3998
f 520 528 539
f 4538 4694 4576
f 2989 2972 2978
f 3054 3001 2966
f 272 300 241
f 359 332 343
f 234 248 243
f 4540 4578 4583
f 3322 3318 3368
f 183 215 176
f 4858 4867 4889
f 3546 2771 3582
f 4134 4157 4144
f 59 33 50
f 4588 4565 4624
f 4390 4465 4384
f 298 206 375
f 4160 4149 4135
f 236 162 178
f 332 272 319
f 169 284 170
f 436 406 398
f 244 170 284
f 38 35 28
f 32 28 21
f 45 38 32
f 52 57 38
f 4924 4932 4978
f 3083 3187 3175
f 906 1112 1269
f 35 46 19
f 18 25 27
f 27 31 40
f 32 40 45
f 21 27 32
f 451 467 460
f 19 17 15
f 205 182 238
f 83 77 89
f 135 158 133
f 4410 4416 4396
f 4118 3670 4171
f 4835 4830 4793
f 417 391 399
f 4877 4849 4875
f 389 291 323
f 87 106 89
f 133 167 144
f 144 191 171
f 123 171 150
f 123 133 144
f 119 170 127
f 127 157 140
f 107 127 140
f 86 127 113
f 3961 4129 4154
f 4270 4487 4424
f 579 540 507
f 138 139 122
f 131 122 100
f 178 138 131
f 2603 2226 2231
f 397 299 332
f 536 478 538
f 327 441 427
f 4 16 6
f 4724 4772 4707
f 437 458 445
f 4884 4906 4896
f 4856 4883 4872
f 81 59 73
f 310 320 345
f 281 254 268
f 510 582 565
f 334 302 316
f 302 334 340
f 3140 3083 3175
f 4504 4522 4544
f 351 197 379
f 660 677 665
f 499 475 504
f 2828 2512 2524
f 467 513 481
f 465 412 475
f 382 380 369
f 595 599 618
f 3706 3689 3628
f 628 608 560
f 169 99 149
f 505 449 420
f 8 18 21
f 2788 2834 2767
f 4537 4519 4556
f 109 69 70
f 2603 2765 2946
f 4789 4748 4744
f 118 135 97
f 4739 4726 4736
f 4486 4510 4496
f 36 48 24
f 292 149 255
f 2904 2842 2979
f 101 94 134
f 302 340 295
f 151 255 149
f 4698 4682 4744
f 4515 4561 4539
f 250 302 295
f 247 295 308
f 213 250 247
f 192 224 250
f 122 120 105
f 105 102 76
f 78 76 56
f 100 105 78
f 608 505 560
f 4832 4865 4856
f 277 276 264
f 203 160 174
f 203 194 239
f 239 224 203
f 239 212 262
f 262 236 281
f 316 281 310
f 316 239 262
f 4003 3785 3945
f 4199 4173 4206
f 4886 4915 4923
f 478 529 538
f 4338 4431 4337
f 4753 4674 4761
f 517 456 563
f 4489 4471 4501
f 4136 4135 4113
f 4272 4310 4281
f 383 379 408
f 408 411 468
f 453 468 517
f 425 408 453
f 506 504 494
f 411 341 468
f 4413 4499 4402
f 481 461 442
f 4796 4747 4817
f 4570 4699 4774
f 338 317 318
f 318 284 328
f 328 292 330
f 355 330 376
f 338 328 355
f 353 314 331
f 439 294 306
f 309 317 363
f 151 134 206
f 238 241 205
f 4834 4847 4890
f 54 58 75
f 75 86 113
f 82 113 107
f 82 54 75
f 3824 3656 3830
f 4252 4264 4249
f 4758 4770 4804
f 2529 2604 2618
f 390 433 428
f 356 341 279
f 279 258 190
f 211 190 141
f 309 279 211
f 137 141 190
f 197 190 258
f 161 137 197
f 104 111 137
f 435 450 452
f 509 439 419
f 45 49 53
f 400 415 395
f 395 417 402
f 365 402 368
f 384 395 365
f 4530 4544 4564
f 13 41 12
f 4634 4605 4603
f 3948 4018 4046
f 13 15 17
f 512 447 489
f 4955 4938 4973
f 4653 4604 4559
f 4763 4665 4742
f 4214 4172 4209
f 486 513 471
f 216 166 214
f 71 82 93
f 4549 4496 4510
f 116 91 92
f 524 344 326
f 4775 4757 4839
f 2637 2519 2523
f 20 47 39
f 112 110 142
f 147 189 186
f 146 186 188
f 114 147 146
f 116 142 147
f 4985 5008 4993
f 231 234 243
f 287 391 322
f 129 102 160
f 4896 4913 4879
f 4596 4640 4606
f 274 251 260
f 4568 4604 4586
f 4332 4351 4349
f 305 271 361
f 4805 4848 4800
f 4585 4597 4587
f 139 174 120
f 4901 4880 4914
f 3768 3644 3767
f 566 625 593
f 366 335 293
f 425 342 383
f 360 261 291
f 26 63 47
f 64 47 66
f 494 475 482
f 504 475 494
f 4718 4599 4690
f 4959 5000 4985
f 246 297 249
f 4470 4512 4499
f 798 846 906
f 4907 4911 4929
f 4611 4619 4592
f 595 512 545
f 582 618 596
f 23 55 29
f 4990 4994 4984
f 543 555 557
f 96 79 68
f 4729 4665 4615
f 4475 4446 4462
f 525 578 564
f 4613 4589 4594
f 678 652 694
f 526 611 521
f 633 650 652
f 402 399 394
f 501 528 486
f 4873 4692 4808
f 682 684 689
f 553 598 578
f 4864 4848 4877
f 91 81 92
f 4187 3974 3884
f 598 622 633
f 583 618 604
f 677 661 668
f 531 547 575
f 575 549 565
f 596 565 582
f 553 575 596
f 498 563 518
f 518 559 531
f 525 531 553
f 525 498 518
f 454 425 453
f 498 453 517
f 502 454 498
f 474 448 454
f 4488 4514 4515
f 542 615 620
f 552 612 544
f 526 466 474
f 4460 4514 4495
f 48 128 44
f 626 564 578
f 675 677 684
f 562 528 541
f 670 602 586
f 599 596 618
f 303 219 282
f 4951 4887 4900
f 98 117 125
f 552 499 504
f 580 636 644
f 352 282 324
f 3295 3014 3172
f 615 660 665
f 644 695 650
f 34 39 58
f 85 76 102
f 446 451 460
f 467 438 460
f 437 424 410
f 466 387 448
f 452 463 487
f 4971 4976 4948
f 410 422 412
f 4920 4935 4913
f 4230 4425 4263
f 65 68 79
f 412 438 435
f 492 475 499
f 535 499 544
f 542 492 535
f 497 465 492
f 4365 4339 4321
f 2936 2917 2961
f 3980 3914 3883
f 602 661 611
f 4480 4422 4429
f 4793 4817 4747
f 3426 3514 3526
f 605 537 564
f 561 620 636
f 515 472 497
f 515 542 561
f 545 561 580
f 545 489 515
f 4540 4571 4551
f 410 472 437
f 2898 2888 2927
f 4797 4761 4803
f 628 642 649
f 4531 4564 4562
f 334 310 350
f 4548 4650 4678
f 125 159 177
f 407 388 418
f 418 390 428
f 462 428 483
f 444 418 462
f 356 363 396
f 396 373 407
f 456 407 444
f 404 396 456
f 4415 4438 4421
f 523 510 495
f 495 493 473
f 462 473 444
f 483 495 462
f 4773 4794 4782
f 126 65 136
f 361 257 288
f 2534 2290 2305
f 2740 2537 2748
f 3055 2925 3011
f 99 66 101
f 4451 4497 4437
f 166 188 210
f 431 442 389
f 3577 3310 3600
f 140 117 107
f 442 360 389
f 461 378 442
f 141 177 211
f 4920 4906 4904
f 4724 4732 4725
f 511 550 516
f 714 766 735
f 698 735 723
f 4168 4237 4254
f 929 932 911
f 813 874 825
f 777 825 792
f 1952 1941 1907
f 2035 1993 2033
f 1734 1427 1609
f 1902 1951 1906
f 1906 1955 1913
f 1839 1913 1844
f 1838 1906 1839
f 1709 1472 1539
f 1714 1979 1842
f 1842 2085 1997
f 2103 2114 2113
f 2127 2108 2164
f 2248 2164 2161
f 2233 2161 2155
f 2326 2374 2373
f 2275 2224 2201
f 2268 2201 2178
f 2148 2164 2178
f 2197 2201 2224
f 2447 2448 2461
f 2239 2190 2253
f 2260 2190 2194
f 2319 2260 2335
f 2298 2253 2319
f 2780 2443 2437
f 2314 2366 2334
f 2314 2269 2261
f 2251 2284 2272
f 2197 2185 2171
f 2171 2170 2148
f 2236 2211 2250
f 2217 2170 2227
f 3269 4066 3418
f 4660 4562 4564
f 2500 2514 2515
f 3959 3447 4044
f 3378 3770 3790
f 2226 1476 1614
f 2766 2644 2795
f 2393 2242 2232
f 2232 2165 2153
f 2379 2232 2221
f 2398 2612 2595
f 3817 3109 3199
f 2328 2125 2349
f 4963 4851 4853
f 2428 2280 2273
f 2401 2273 2242
f 2101 2085 1979
f 2181 2155 2101
f 2391 2325 2286
f 2414 2344 2325
f 2344 2258 2248
f 2325 2248 2233
f 2336 2288 2275
f 2342 2275 2268
f 2336 2376 2339
f 2342 2389 2336
f 2350 2419 2424
f 2286 2233 2181
f 4372 4354 4423
f 2464 2333 2318
f 2191 2309 2318
f 2495 2518 2514
f 4491 4375 4453
f 2306 2459 2456
f 2309 2456 2449
f 2186 2306 2309
f 2301 2183 2182
f 2191 2098 2086
f 1936 2092 2086
f 1770 1848 1849
f 1788 1657 1770
f 1489 1652 1657
f 1683 1489 1657
f 1514 1753 1609
f 1788 1889 1832
f 1936 1753 1832
f 1907 1935 1895
f 1895 1949 1909
f 1860 1895 1909
f 1849 1907 1895
f 1934 1860 1909
f 1977 1909 1949
f 2032 1934 1977
f 2004 1889 1934
f 2054 2028 2021
f 2021 2001 1992
f 1971 1992 1950
f 2014 2021 1971
f 1992 1972 1970
f 1998 1972 1993
f 1955 1970 1998
f 1950 1970 1951
f 1982 1993 1972
f 1982 2001 1985
f 1935 1985 1949
f 1935 1941 1982
f 1985 2028 2011
f 2011 2057 2046
f 1977 2046 2032
f 1949 2011 1977
f 2184 2112 2116
f 2180 2116 2121
f 2221 2153 2136
f 2273 2180 2179
f 2242 2179 2165
f 2066 2136 2153
f 2091 2153 2165
f 1957 1971 1927
f 1927 1950 1902
f 1856 1902 1838
f 1892 1927 1856
f 1957 2034 2066
f 2014 2066 2091
f 2179 2121 2118
f 2165 2118 2091
f 2054 2091 2118
f 2057 2118 2121
f 2116 2032 2046
f 2121 2046 2057
f 2099 1973 2004
f 2112 2004 2032
f 2183 2092 2099
f 2182 2099 2112
f 2293 2182 2184
f 2280 2184 2180
f 2293 2445 2453
f 2301 2453 2459
f 3915 3616 3619
f 2033 1982 2020
f 4895 4918 4897
f 1891 1907 1848
f 1809 1652 1709
f 1913 1994 1943
f 1982 1990 2020
f 1893 1798 1699
f 1539 1798 1709
f 1900 2069 1964
f 1900 1891 1809
f 2096 2050 2025
f 2025 1990 1952
f 1964 1952 1891
f 2069 2025 1964
f 2147 2244 2149
f 2149 2065 2147
f 2147 2070 2137
f 2225 2147 2137
f 2040 1541 2056
f 2060 2033 2020
f 2050 2020 1990
f 2115 2060 2050
f 2130 2070 2060
f 2044 2035 2065
f 2065 2033 2070
f 2216 2137 2130
f 2199 2130 2115
f 2189 2115 2096
f 2172 2096 2069
f 2152 2069 2038
f 1893 2131 1965
f 2131 2246 2271
f 136 79 145
f 2295 2189 2172
f 2322 2216 2199
f 2152 2271 2281
f 2579 2880 2870
f 2542 2453 2445
f 4398 4350 4348
f 2500 2481 2471
f 2427 2444 2412
f 2405 2433 2447
f 2481 2504 2483
f 2444 2461 2448
f 2479 2461 2483
f 2284 2347 2326
f 2236 2294 2278
f 2331 2294 2363
f 2317 2278 2331
f 2276 2236 2278
f 2341 2317 2359
f 2382 2363 2405
f 2442 2405 2458
f 2403 2359 2426
f 2480 2348 2484
f 2421 2193 2441
f 2491 2549 2553
f 2263 2277 2297
f 2297 2312 2341
f 2377 2341 2403
f 2345 2297 2377
f 2245 2217 2263
f 2329 2263 2345
f 3399 3503 3443
f 4291 4290 4298
f 3855 3299 3273
f 4282 4317 4313
f 2493 2396 2497
f 2357 2241 2225
f 2254 2394 2247
f 4717 4784 4769
f 2388 2490 2386
f 2486 2388 2357
f 5001 5004 4994
f 3412 3727 3547
f 2477 2357 2338
f 2469 2338 2322
f 4005 3902 4055
f 2241 2386 2244
f 2308 2199 2189
f 2338 2225 2216
f 2488 2385 2489
f 2489 2386 2490
f 2560 2490 2557
f 2559 2489 2560
f 2026 1884 1943
f 2026 1994 2044
f 2142 2044 2149
f 2134 2026 2142
f 2254 2149 2244
f 2247 2142 2254
f 4373 4411 4409
f 2271 2451 2462
f 4682 4728 4744
f 4525 4501 4506
f 2322 2463 2469
f 2308 2465 2463
f 4705 4634 4657
f 2281 2462 2460
f 2804 2726 2731
f 2491 2387 2493
f 2816 2711 2844
f 715 761 697
f 697 741 681
f 681 621 697
f 715 621 655
f 1229 1374 1379
f 1151 896 1152
f 1151 1604 1271
f 987 783 894
f 894 797 896
f 1063 1550 1554
f 872 738 740
f 846 1023 1112
f 1221 1379 1377
f 818 896 797
f 913 840 935
f 1224 1643 1183
f 1183 1606 1152
f 2067 1684 2084
f 941 1692 1758
f 2255 1987 2043
f 2810 2932 2939
f 2441 2220 2454
f 3926 3873 3858
f 2571 2737 2779
f 2870 2564 2579
f 4437 4547 4457
f 4363 4457 4333
f 4462 4421 4438
f 854 719 798
f 204 200 303
f 812 757 823
f 664 558 627
f 4259 4341 4361
f 287 323 259
f 519 590 585
f 2920 2827 2923
f 770 794 885
f 200 168 219
f 530 520 539
f 750 721 730
f 1035 798 906
f 84 80 112
f 527 480 449
f 55 62 50
f 15 21 28
f 289 326 344
f 289 349 327
f 245 327 304
f 209 289 245
f 201 158 205
f 245 191 209
f 208 277 275
f 603 623 631
f 616 631 639
f 587 603 616
f 579 601 603
f 2881 2898 2966
f 301 329 290
f 763 753 750
f 640 610 584
f 632 601 614
f 614 573 585
f 610 585 590
f 651 614 610
f 643 658 646
f 643 639 631
f 623 643 631
f 632 651 643
f 600 616 638
f 638 639 646
f 658 638 646
f 613 638 642
f 4370 4395 4365
f 171 230 221
f 221 306 294
f 199 294 273
f 150 221 199
f 4427 4358 4330
f 471 424 445
f 2957 2879 2857
f 2501 2575 2566
f 314 288 257
f 4154 4019 3961
f 364 303 352
f 3870 3760 3757
f 420 433 376
f 3080 3248 3067
f 567 539 562
f 217 213 247
f 4167 4156 4173
f 33 31 29
f 70 77 83
f 124 178 121
f 445 486 471
f 4699 4702 4775
f 443 532 522
f 2897 2965 2941
f 26 4 11
f 4934 4958 4949
f 4044 4248 4224
f 4859 4876 4894
f 4698 4748 4689
f 4957 4857 4862
f 3277 3268 3318
f 423 507 488
f 488 540 534
f 477 534 532
f 413 488 477
f 312 218 225
f 218 296 198
f 387 398 377
f 480 566 529
f 634 464 558
f 397 558 464
f 846 708 811
f 729 627 708
f 708 533 680
f 811 680 784
f 53 67 72
f 530 569 550
f 2080 1550 2078
f 381 278 286
f 286 202 156
f 290 276 301
f 78 69 100
f 4989 4977 4999
f 97 51 30
f 305 220 215
f 252 201 235
f 235 205 241
f 300 235 241
f 313 252 235
f 112 92 84
f 3055 3303 3089
f 3089 3356 3126
f 4687 4711 4704
f 315 361 371
f 371 288 339
f 358 339 353
f 312 371 358
f 121 106 124
f 181 215 220
f 185 220 225
f 128 185 132
f 126 181 128
f 42 130 41
f 172 225 218
f 172 198 155
f 130 155 118
f 132 172 130
f 315 225 220
f 509 585 573
f 209 167 201
f 347 296 311
f 358 311 312
f 353 347 358
f 343 319 347
f 274 280 269
f 314 280 331
f 257 269 314
f 154 163 156
f 153 253 163
f 163 386 307
f 156 307 286
f 4499 4523 4451
f 308 340 369
f 501 479 556
f 4095 4277 4108
f 263 271 270
f 270 283 275
f 264 275 277
f 251 270 264
f 223 275 283
f 180 165 195
f 208 195 204
f 223 180 208
f 183 145 180
f 304 230 245
f 590 584 610
f 162 194 139
f 229 249 210
f 663 591 681
f 734 681 741
f 731 663 734
f 666 568 663
f 207 153 154
f 325 228 207
f 354 337 228
f 228 240 153
f 597 337 496
f 703 476 597
f 662 403 476
f 337 403 240
f 666 743 688
f 688 771 725
f 725 597 688
f 496 688 597
f 429 496 354
f 354 432 429
f 591 429 432
f 372 290 329
f 516 461 511
f 679 658 704
f 592 569 567
f 4470 4433 4483
f 656 577 635
f 648 581 577
f 577 508 554
f 635 554 594
f 581 500 508
f 669 576 581
f 659 514 576
f 576 426 500
f 630 307 386
f 740 589 630
f 738 588 589
f 307 588 286
f 1241 1372 1374
f 1508 879 872
f 2454 2256 2467
f 2226 1792 2231
f 4395 4383 4365
f 2921 2857 2831
f 2519 2446 2523
f 1792 1604 1987
f 893 807 832
f 1643 2047 1606
f 987 1476 800
f 1437 866 858
f 830 880 790
f 1383 1210 1204
f 713 836 850
f 797 725 818
f 654 409 403
f 653 503 409
f 503 253 409
f 409 240 403
f 713 503 686
f 667 768 758
f 758 630 667
f 667 386 503
f 818 771 840
f 768 850 858
f 2802 2790 2781
f 3512 3808 3848
f 2501 2413 2505
f 4470 4376 4400
f 2305 2105 2328
f 2508 2418 2431
f 4090 4110 4089
f 1306 1102 1336
f 1035 1517 1117
f 742 624 588
f 765 680 624
f 680 381 624
f 624 286 588
f 783 703 797
f 743 840 771
f 2688 2655 2652
f 3031 3024 3232
f 762 796 786
f 806 848 842
f 802 842 837
f 764 786 782
f 831 875 861
f 817 861 848
f 796 831 817
f 808 845 831
f 3553 4095 3570
f 850 1397 1419
f 2190 2138 2194
f 2190 2124 2129
f 2146 2064 2079
f 2198 2163 2212
f 2198 2138 2146
f 2215 2163 2168
f 2093 2103 2113
f 2161 2108 2093
f 2093 2155 2161
f 1997 2093 2063
f 2063 2113 2123
f 1963 2104 2079
f 1914 2079 2064
f 2022 2123 2104
f 2156 2114 2143
f 2143 2210 2156
f 2157 2196 2143
f 2127 2143 2114
f 2210 2168 2156
f 2156 2123 2113
f 2432 2337 2324
f 2210 2257 2215
f 2329 2432 2324
f 2196 2252 2210
f 2104 2168 2163
f 2079 2163 2146
f 2124 2045 2129
f 2129 2064 2138
f 858 1419 1437
f 766 815 787
f 1914 2045 1861
f 2019 1861 2045
f 1710 1997 1873
f 1873 2063 2022
f 1622 1873 1793
f 1793 2022 1963
f 1746 1963 1914
f 1548 1793 1746
f 1532 1842 1710
f 1244 1566 1366
f 1115 1366 1240
f 1011 1240 1159
f 1159 1402 1318
f 1240 1532 1402
f 1482 1746 1686
f 1482 1626 1422
f 1098 1275 1245
f 1121 1318 1275
f 943 1159 1121
f 940 1121 1098
f 874 943 940
f 3456 3672 3677
f 3791 3920 3774
f 2796 2839 2847
f 887 940 959
f 1746 1861 1686
f 1686 1819 1626
f 902 1633 1692
f 2078 1517 2068
f 1572 1755 1533
f 1502 1708 1468
f 1331 1468 1317
f 1375 1533 1347
f 1099 1245 1228
f 979 962 982
f 911 908 929
f 847 901 865
f 910 919 948
f 892 884 910
f 815 865 841
f 1107 1199 1125
f 1099 1213 1104
f 975 1099 1104
f 995 1125 1033
f 948 995 1033
f 901 959 975
f 1868 1736 1904
f 1755 1904 1736
f 2037 1904 2073
f 1931 2073 1904
f 699 752 730
f 780 750 778
f 1200 1062 1218
f 944 947 932
f 856 875 845
f 1998 1994 1955
f 1844 1943 1884
f 2056 2327 2040
f 4678 4580 4548
f 3559 3981 3965
f 2434 2346 2337
f 2257 2212 2215
f 2431 2335 2340
f 2198 2260 2194
f 2212 2265 2198
f 2435 2340 2346
f 3133 2883 2852
f 2831 2829 2775
f 2898 2977 2966
f 3287 3274 3229
f 2365 2145 2378
f 2398 2169 2421
f 2139 2133 2177
f 2208 2177 2243
f 2167 2139 2208
f 2055 2077 2139
f 4288 4153 4250
f 2264 2239 2298
f 2073 2119 2037
f 2090 2144 2073
f 2188 2160 2150
f 2144 2141 2119
f 2162 2174 2144
f 2222 2195 2188
f 2202 2133 2158
f 2195 2158 2160
f 2240 2202 2195
f 2259 2177 2202
f 2307 2396 2292
f 735 787 776
f 1598 2047 2043
f 2369 2266 2387
f 1673 1351 1754
f 828 1476 1414
f 836 1414 1397
f 4256 4338 4266
f 2051 2154 1928
f 1928 2120 1827
f 1179 1451 1148
f 1234 1578 1179
f 2117 2055 2167
f 1915 1926 2055
f 783 654 662
f 1148 926 1179
f 1234 1049 1306
f 767 773 807
f 830 807 867
f 790 767 830
f 722 715 655
f 849 799 816
f 877 824 852
f 926 877 963
f 907 832 849
f 793 764 782
f 843 802 837
f 852 805 843
f 816 775 793
f 659 709 712
f 712 733 748
f 722 748 773
f 655 712 722
f 4554 4671 4553
f 648 698 701
f 701 723 728
f 709 728 733
f 669 701 709
f 4179 4297 4279
f 2914 2887 3024
f 2662 2601 2689
f 4845 4873 4912
f 4513 4489 4501
f 741 834 734
f 761 844 741
f 4781 4795 4810
f 959 1098 1099
f 4716 4684 4599
f 2716 3139 3161
f 935 838 957
f 957 833 968
f 1274 1729 1260
f 1260 1684 1224
f 968 834 969
f 969 844 973
f 1302 973 1325
f 1274 969 1302
f 973 851 1016
f 1016 880 1089
f 1370 1089 1444
f 1325 1016 1370
f 833 734 834
f 653 800 828
f 1089 923 1171
f 1171 986 1265
f 1553 1265 1673
f 1444 1171 1553
f 775 733 764
f 2303 2408 2307
f 2823 2830 2887
f 4101 4115 4123
f 986 893 1069
f 1154 1336 1102
f 879 742 738
f 2868 2864 2909
f 4739 4713 4695
f 838 731 833
f 207 290 325
f 814 780 839
f 1212 1377 1365
f 970 869 1117
f 839 778 869
f 869 752 854
f 1117 854 1035
f 790 851 761
f 906 1420 1035
f 4599 4674 4569
f 2031 2193 1940
f 2289 2154 2315
f 4404 4393 4391
f 2371 2052 2353
f 3926 3865 3930
f 2390 2068 2371
f 778 730 752
f 385 500 426
f 2571 2472 2480
f 2402 2078 2390
f 4059 4010 4060
f 2373 2397 2430
f 2261 2262 2251
f 2381 2374 2375
f 4827 4916 5014
f 2372 2368 2356
f 2351 2360 2356
f 2360 2361 2367
f 2381 2380 2395
f 2380 2384 2395
f 2407 2376 2412
f 2417 2433 2363
f 2440 2430 2450
f 2366 2383 2411
f 2364 2411 2392
f 2326 2272 2284
f 2363 2352 2417
f 4689 4641 4646
f 4556 4559 4604
f 580 595 545
f 629 672 679
f 609 606 592
f 202 260 196
f 278 359 331
f 297 281 268
f 459 359 348
f 457 393 461
f 4803 4862 4857
f 154 232 207
f 4992 5001 4990
f 274 257 263
f 2244 2385 2254
f 2815 2681 2824
f 4807 4779 4733
f 301 204 303
f 4975 4922 4951
f 756 769 757
f 4770 4799 4819
f 4150 4003 4133
f 4891 4882 4854
f 774 804 769
f 4708 4746 4677
f 2733 2809 2808
f 4192 4267 4268
f 868 814 881
f 3037 2861 3096
f 2665 2659 2660
f 756 794 763
f 5014 5018 4983
f 2971 2475 2984
f 4296 4408 4255
f 4047 4296 4255
f 4381 4195 4288
f 4297 4222 4342
f 3377 4047 3964
f 2856 3377 3296
f 2919 3596 3797
f 4146 3453 3548
f 4720 4567 4359
f 4620 4662 4408
f 4288 4443 4381
f 4408 4412 4342
f 4164 3418 4066
f 4255 4342 4222
f 5017 4620 4866
f 3430 4086 4047
f 5015 4367 4552
f 4210 3548 3695
f 4962 4898 5019
f 4235 3891 4008
f 4776 4307 4898
f 5018 5019 4898
f 3797 2984 2919
f 4307 3797 4242
f 2858 3296 3251
f 4983 4898 4567
f 4567 4307 4242
f 2924 3695 3548
f 2984 2455 2919
f 2890 2541 2544
f 2750 2437 2422
f 3913 3184 3825
f 4235 4490 4243
f 2983 2565 2596
f 2555 2856 2858
f 2984 3891 2971
f 4662 4443 4412
f 4381 4827 4720
f 4302 4357 4340
f 3904 4222 4193
f 3964 3296 3377
f 4776 4490 4379
f 4255 3964 4047
f 2862 2455 2452
f 2818 2452 2443
f 2872 2558 2546
f 3548 2890 2924
f 2546 2871 2872
f 4235 4307 4379
f 5022 5017 5021
f 5021 4866 5015
f 4552 4146 4210
f 3418 2862 2818
f 4260 4720 4359
f 3453 2871 2890
f 4357 4342 4412
f 2924 2544 2565
f 4279 4357 4328
f 4313 4285 4271
f 2780 3184 3269
f 3251 3904 3860
f 4715 4701 4730
f 4432 4536 4509
f 2805 2928 2932
f 4813 4855 4862
f 2750 3161 3184
f 3161 3825 3184
f 3815 4153 3825
f 4142 4250 4153
f 4250 4285 4302
f 4302 4317 4328
f 4328 4273 4279
f 4418 4505 4478
f 3251 2865 2858
f 2677 2698 2675
f 2679 2661 2642
f 4356 4371 4386
f 4386 4420 4445
f 3899 3524 3835
f 2613 2903 2614
f 3780 3523 3852
f 2863 3159 2896
f 3431 3835 3524
f 4197 4211 4155
f 4269 4247 4197
f 4388 4371 4345
f 4388 4439 4420
f 3003 2841 3037
f 4345 4304 4269
f 3982 3835 3741
f 3784 3675 3900
f 3885 4055 3902
f 3827 4005 3950
f 4093 4181 4151
f 4151 4221 4185
f 3742 3950 3854
f 3987 4151 4087
f 4087 4185 4133
f 2838 3091 2863
f 3032 3431 3091
f 4132 4155 3958
f 4308 4269 4231
f 3958 3982 3772
f 4312 4308 4291
f 4346 4345 4308
f 4291 4231 4220
f 4220 4132 3974
f 3974 3958 3501
f 3348 3958 3772
f 2611 2861 2606
f 2913 3266 3032
f 3018 3513 3266
f 4155 4141 3982
f 3254 3675 3562
f 2769 2594 2593
f 2588 2769 2593
f 2905 3501 3348
f 3160 2903 3191
f 2835 3348 3144
f 3091 3524 3159
f 4009 3852 4111
f 3569 3159 3524
f 4111 4128 4009
f 3852 3569 3899
f 4191 4225 4239
f 4128 3900 4009
f 4174 4147 4128
f 4130 4055 4147
f 4130 4191 4181
f 4181 4239 4221
f 4280 4221 4239
f 4258 4185 4221
f 4278 4239 4225
f 4218 4133 4185
f 4280 4315 4309
f 4179 3855 3860
f 3860 3273 3251
f 2422 2716 2750
f 4635 4749 4673
f 4377 4388 4346
f 2896 3191 2903
f 4253 4247 4294
f 2677 2670 2664
f 4294 4304 4356
f 3266 3741 3431
f 4279 4178 4179
f 3003 3283 3254
f 4309 4258 4280
f 4265 4320 4300
f 4292 4218 4258
f 3170 3039 3197
f 3291 3240 3340
f 3667 3139 3095
f 3183 3165 3240
f 3008 2985 2940
f 4220 4282 4290
f 4536 4607 4597
f 3018 2793 2769
f 2878 2614 2903
f 2769 3144 3018
f 2583 2835 2588
f 2793 2602 2594
f 4472 4573 4625
f 4738 4793 4747
f 2876 2992 2869
f 3284 3153 3325
f 3153 3194 3237
f 2651 2586 2658
f 2798 2731 2742
f 2724 2760 2823
f 2706 2678 2645
f 2512 2783 2506
f 4362 4309 4315
f 3858 3765 3865
f 4669 4671 4701
f 4970 4956 4954
f 3250 3461 3471
f 2687 2727 2666
f 3317 3335 3371
f 3892 4091 4168
f 4656 4600 4696
f 4359 4066 4260
f 3672 3833 3677
f 3570 4108 3579
f 4340 4412 4443
f 3860 4193 4179
f 3096 2878 3160
f 3425 3160 3523
f 2863 2602 2838
f 3513 3982 3741
f 4231 4197 4132
f 2913 2838 2793
f 3523 3191 3569
f 2896 2607 2863
f 4344 4292 4309
f 4111 3899 4184
f 4184 4174 4111
f 3340 3392 3444
f 3144 3772 3513
f 3082 2928 2935
f 3247 3294 3228
f 4246 4283 4262
f 4141 3899 3835
f 4184 4211 4253
f 3418 2780 3269
f 2061 1498 2049
f 732 791 751
f 751 859 827
f 1008 1580 1525
f 997 819 967
f 826 746 819
f 1080 827 859
f 2082 1580 2089
f 1954 2299 2008
f 855 607 810
f 1287 810 1208
f 10 1 2
f 803 637 690
f 491 572 164
f 1158 853 1309
f 491 148 485
f 485 440 647
f 700 647 440
f 788 705 853
f 772 1008 909
f 1525 909 1008
f 2082 2443 2075
f 1966 1309 2005
f 2082 1429 1525
f 175 148 10
f 746 789 819
f 148 5 10
f 1920 1150 983
f 1989 2475 2485
f 855 745 700
f 1322 855 1287
f 1954 1287 1942
f 696 827 772
f 751 687 732
f 819 917 967
f 1408 2049 1498
f 2008 1322 1954
f 2304 2008 2299
f 1208 1942 1287
f 175 700 440
f 732 718 746
f 755 746 754
f 890 789 745
f 745 718 647
f 647 687 485
f 696 485 687
f 909 705 772
f 853 1429 1309
f 1429 2005 1309
f 890 1408 917
f 1498 917 1408
f 1534 967 1498
f 637 421 690
f 772 491 696
f 2 175 10
f 370 810 607
f 737 1208 810
f 1084 1912 1208
f 22 607 175
f 1150 803 983
f 187 267 421
f 421 724 690
f 803 724 983
f 5 3 1
f 164 267 5
f 572 724 267
f 724 1158 983
f 1158 1920 983
f 1920 2455 2475
f 2316 2049 2304
f 2546 2291 2541
f 1912 2285 1942
f 2279 1863 2283
f 1942 2291 1954
f 2299 2558 2304
f 2555 2304 2558
f 2089 2437 2082
f 2279 2544 2285
f 2283 2565 2279
f 2285 2541 2291
f 2455 2005 2452
f 2452 2075 2443
f 2089 1554 2080
f 1554 1080 1063
f 1063 859 868
f 868 791 804
f 791 769 804
f 755 757 769
f 754 823 757
f 826 992 823
f 1541 997 1534
f 2056 1534 2061
f 2321 2061 2316
f 5017 5014 4916
f 2422 2080 2402
f 4125 3946 3915
f 604 556 583
f 4668 4587 4597
f 4549 4654 4603
f 384 285 266
f 4056 4034 4032
f 4691 4575 4619
f 4253 4225 4184
f 4110 4119 4124
f 4651 4683 4637
f 4305 4298 4290
f 2358 2343 2364
f 2358 2361 2355
f 2364 2370 2358
f 671 710 657
f 717 747 710
f 785 809 747
f 862 871 809
f 1586 1975 1944
f 1944 2175 2166
f 2406 2166 2175
f 2613 2399 2406
f 2423 2611 2606
f 2204 2415 2423
f 2053 2173 2204
f 1742 1986 2053
f 1405 1647 1742
f 2607 2406 2420
f 2420 2175 2200
f 2200 1975 2041
f 2041 1677 1775
f 1677 1436 1775
f 1177 1101 1436
f 936 924 1101
f 862 821 924
f 785 727 821
f 717 685 727
f 685 645 629
f 2246 2438 2451
f 2100 2246 2106
f 1830 2106 1893
f 1699 1830 1893
f 1279 1539 1472
f 1514 1301 1489
f 961 1163 1017
f 886 1017 921
f 1609 1329 1514
f 1017 1244 1115
f 921 1115 1011
f 2602 2420 2439
f 2439 2200 2235
f 2235 2041 2107
f 2107 1775 1937
f 1937 1436 1722
f 1436 1403 1722
f 1101 1093 1403
f 924 860 1093
f 821 749 860
f 727 707 749
f 685 679 707
f 749 716 770
f 860 770 885
f 1093 885 1328
f 1403 1328 1888
f 2042 1403 1888
f 2151 1722 2042
f 2229 1937 2151
f 2332 2107 2229
f 2439 2332 2470
f 2602 2470 2594
f 2476 2594 2470
f 2470 2229 2476
f 2476 2151 2404
f 2588 2476 2404
f 2404 2042 2323
f 2583 2404 2323
f 2323 1888 2320
f 2415 2614 2611
f 2173 2399 2415
f 1986 2166 2173
f 1647 1944 1986
f 1193 1248 1405
f 951 900 1041
f 1193 1546 1339
f 1122 1041 1193
f 1130 1279 1301
f 951 1130 961
f 878 961 886
f 829 878 822
f 822 886 835
f 835 921 870
f 870 1011 943
f 781 822 779
f 779 835 795
f 795 870 813
f 759 813 777
f 744 795 759
f 736 779 744
f 1586 1248 1047
f 1041 1047 1248
f 1177 1586 1047
f 936 1047 871
f 900 871 1047
f 809 829 781
f 747 781 736
f 710 736 711
f 726 777 739
f 720 759 726
f 711 744 720
f 706 739 714
f 656 714 698
f 635 706 656
f 692 726 706
f 657 711 673
f 673 720 692
f 645 657 619
f 619 673 594
f 673 635 594
f 569 619 594
f 606 645 619
f 2438 2606 2599
f 2230 2423 2438
f 2100 2204 2230
f 1830 2053 2100
f 1546 1742 1830
f 1122 1339 1279
f 1329 1130 1301
f 1427 1163 1329
f 1699 1339 1546
f 1472 1301 1279
f 2451 2599 2589
f 2583 2320 2570
f 4430 4396 4416
f 3110 3286 3119
f 4569 4667 4582
f 2869 2986 2848
f 2964 3122 2951
f 2954 2814 3003
f 2942 2854 2925
f 3107 3261 3110
f 2848 2976 2836
f 4261 4215 4245
f 2841 2606 2861
f 3452 3483 3532
f 3602 3771 3650
f 4755 4676 4664
f 4650 4624 4629
f 4930 4914 4941
f 4036 3957 4017
f 4832 4769 4784
f 4836 4790 4779
f 4700 4655 4634
f 2808 2709 2733
f 2851 2782 2808
f 4081 4022 4077
f 3398 3389 3469
f 4690 4569 4626
f 4391 4393 4374
f 4806 4856 4826
f 4826 4872 4852
f 4521 4590 4534
f 2882 2772 2907
f 4670 4745 4672
f 2897 2925 2854
f 2689 2619 2709
f 4545 4666 4590
f 4196 4266 4267
f 3104 3238 3107
f 3082 2962 3114
f 4461 4426 4458
f 4790 4740 4745
f 3228 3082 3114
f 3996 3933 4001
f 3294 3364 3344
f 4462 4550 4475
f 4941 4945 4947
f 4233 4249 4232
f 4751 4826 4768
f 4667 4755 4664
f 4046 4081 4101
f 716 679 704
f 730 702 699
f 658 702 704
f 721 704 702
f 651 699 702
f 1753 1734 1609
f 2010 1734 1903
f 2098 2010 1903
f 1188 1311 1180
f 1290 1188 1185
f 1289 1185 1190
f 1297 1190 1222
f 1305 1222 1216
f 1304 1220 1178
f 1180 1304 1178
f 1286 1236 1345
f 1162 1220 1236
f 1216 1139 1219
f 1219 1125 1199
f 1566 1821 1714
f 1366 1714 1532
f 1622 1318 1402
f 1710 1402 1532
f 1482 1245 1275
f 1548 1275 1318
f 1245 1375 1228
f 1207 1317 1199
f 1213 1331 1207
f 2010 1979 1821
f 2140 2101 2010
f 4697 4773 4726
f 5008 5009 4996
f 4629 4565 4577
f 4378 4407 4370
f 4807 4825 4858
f 4683 4788 4762
f 4869 4894 4915
f 4652 4697 4695
f 4844 4759 4843
f 4187 4273 4282
f 4594 4580 4615
f 3894 3769 3859
f 3487 3654 3467
f 3977 4034 4020
f 3370 3621 3635
f 2813 2833 2799
f 4052 3728 3730
f 2733 2619 2633
f 4712 4671 4700
f 4000 4192 4186
f 3898 4100 4129
f 3685 3883 3914
f 3025 3014 2923
f 2762 2774 2743
f 3261 3399 3286
f 4580 4555 4548
f 3443 3599 3507
f 3413 3452 3457
f 3503 3457 3525
f 4043 4001 4054
f 3995 4045 4017
f 2478 2414 2391
f 2487 2419 2414
f 2389 2412 2376
f 2409 2427 2389
f 2495 2424 2419
f 2372 2367 2380
f 2367 2370 2380
f 2383 2339 2376
f 2383 2429 2411
f 2411 2416 2392
f 2392 2384 2370
f 2238 2181 2140
f 2209 2140 2098
f 2502 2522 2496
f 1974 2310 2330
f 1871 2296 2310
f 2135 2349 2125
f 2473 2527 2466
f 2274 2043 2047
f 3267 3309 3247
f 4065 4102 4085
f 2501 2410 2400
f 2515 2503 2500
f 2930 2815 2951
f 4660 4642 4648
f 2509 2431 2435
f 2536 2401 2393
f 1419 2207 2205
f 1437 2205 2206
f 2539 2459 2453
f 3009 2916 2906
f 2408 2497 2396
f 2410 2498 2408
f 2459 2535 2456
f 2316 2562 2321
f 2464 2530 2468
f 2456 2532 2449
f 2496 2525 2492
f 2492 2528 2482
f 2537 2428 2401
f 2860 2753 2882
f 2543 2445 2428
f 1414 2218 2214
f 1397 2214 2207
f 1692 2249 2270
f 1633 2234 2249
f 4803 4764 4813
f 4712 4743 4719
f 2503 2517 2504
f 2504 2521 2502
f 2466 2523 2446
f 4534 4627 4560
f 4854 4899 4891
f 3233 3965 3861
f 2289 2467 2256
f 1466 2206 2213
f 1508 2213 2219
f 1590 2219 2234
f 2511 2435 2434
f 2390 2669 2697
f 4787 4853 4851
f 2159 2378 2145
f 3109 2671 3199
f 1818 2282 2296
f 1758 2270 2282
f 2584 2779 2817
f 2533 2393 2379
f 2494 2557 2490
f 2052 2330 2353
f 2569 2494 2486
f 4272 4227 4261
f 2520 2487 2478
f 4605 4497 4543
f 3020 2907 3039
f 2572 2486 2477
f 2577 2477 2469
f 2465 2580 2463
f 2469 2580 2577
f 2460 2581 2465
f 2436 2513 2432
f 2432 2511 2434
f 3924 4021 3927
f 2589 2462 2451
f 4768 4852 4808
f 2067 2274 2047
f 2084 2290 2067
f 4372 4396 4374
f 4710 4654 4688
f 2816 2694 2700
f 4797 4857 4853
f 4551 4594 4615
f 2321 2568 2327
f 2482 2529 2473
f 2424 2471 2409
f 4449 4439 4450
f 3865 3768 3864
f 3283 3096 3425
f 2203 2188 2174
f 2174 2150 2141
f 2287 2298 2400
f 2346 2265 2267
f 2340 2260 2265
f 2337 2267 2257
f 2245 2324 2252
f 2324 2257 2252
f 4400 4355 4366
f 4489 4468 4449
f 2599 2814 2589
f 3547 3856 3704
f 2436 2345 2446
f 2446 2377 2466
f 2466 2403 2473
f 2426 2382 2442
f 2482 2442 2492
f 2473 2426 2482
f 2492 2458 2496
f 2359 2331 2382
f 2277 2227 2276
f 2312 2276 2317
f 2502 2483 2504
f 2457 2483 2461
f 2471 2457 2427
f 2350 2409 2342
f 2350 2268 2258
f 2227 2185 2236
f 2148 2157 2127
f 2400 2319 2413
f 2413 2335 2418
f 2171 2178 2201
f 2258 2178 2164
f 2528 2592 2604
f 2979 2901 3068
f 2109 2128 2132
f 2132 2150 2160
f 2094 2074 2095
f 2094 2110 2109
f 2039 2007 1976
f 2062 2059 2039
f 1976 1887 1872
f 1872 1713 1705
f 2496 2479 2502
f 3675 3425 3780
f 2634 2683 2724
f 4373 4318 4374
f 2660 2664 2673
f 3900 3780 4009
f 4382 4445 4433
f 2642 2641 2624
f 3857 3662 3849
f 4468 4433 4445
f 2506 2274 2512
f 2545 2515 2551
f 2754 2249 2751
f 2751 2234 2752
f 2545 2517 2516
f 3181 3172 3025
f 3785 3482 3704
f 3873 3749 3746
f 3864 3767 3863
f 3872 3940 3925
f 3828 3881 3804
f 3858 3746 3754
f 2748 2536 2746
f 2764 2205 2771
f 2644 2530 2531
f 2525 2573 2592
f 2522 2556 2573
f 2671 2310 2704
f 2787 2218 2773
f 2638 2563 2649
f 2672 2652 2631
f 3567 3181 3339
f 2979 3025 2904
f 2674 2622 2655
f 2690 2539 2703
f 2497 2550 2554
f 4360 4413 4369
f 3854 4093 3987
f 3849 3618 3836
f 4303 4325 4312
f 4377 4312 4325
f 1751 1726 1915
f 2051 1915 2117
f 2348 2228 2369
f 2484 2369 2491
f 2638 2590 2551
f 2865 2568 2562
f 1824 1636 1813
f 1851 1645 1824
f 1416 1612 1638
f 1416 1636 1406
f 1336 1635 1306
f 1306 1726 1234
f 1377 1567 1365
f 1383 1567 1612
f 1730 1564 1725
f 1564 1676 1725
f 1538 1637 1676
f 1512 1544 1637
f 3230 3056 3035
f 2721 2282 2741
f 2653 2330 2671
f 2700 2569 2711
f 2752 2219 2758
f 2759 2206 2764
f 2753 2580 2772
f 2523 2628 2637
f 2741 2270 2754
f 2619 2511 2513
f 2574 2520 2598
f 2580 2770 2772
f 2524 2274 2290
f 2775 2813 2755
f 2749 2755 2705
f 4073 4159 4137
f 2192 2117 2228
f 2891 2819 2791
f 2223 2222 2203
f 2315 2472 2289
f 2888 2911 2912
f 3370 3129 3140
f 1228 1347 1213
f 2761 2709 2782
f 3656 3456 3677
f 3862 3737 3720
f 2256 2120 2289
f 2987 2948 3007
f 1876 1553 1940
f 1940 1673 2031
f 1802 1370 1833
f 1833 1444 1876
f 1762 1302 1786
f 1786 1325 1802
f 957 1224 935
f 968 1260 957
f 824 793 805
f 805 782 802
f 907 857 926
f 857 816 824
f 1069 907 1148
f 2228 2167 2266
f 1148 1351 1069
f 1827 2076 1754
f 1451 1754 1351
f 1578 1827 1451
f 1751 1928 1578
f 2031 1754 2076
f 2303 2243 2259
f 2287 2259 2240
f 2264 2240 2222
f 2176 2203 2162
f 2111 2162 2090
f 2266 2208 2292
f 2292 2243 2307
f 3195 2892 2883
f 1969 2090 1931
f 1781 1931 1755
f 901 995 919
f 975 1107 995
f 1104 1207 1107
f 841 884 856
f 865 919 884
f 1347 1502 1331
f 1533 1736 1502
f 2762 2794 2796
f 3291 3461 3258
f 776 820 808
f 760 808 796
f 782 806 802
f 786 817 806
f 3848 4072 4100
f 1614 1271 1792
f 2231 1987 2237
f 2597 2573 2556
f 913 1152 896
f 935 1183 913
f 894 1271 987
f 1598 1152 1606
f 787 841 820
f 3232 3715 3770
f 3213 2846 2853
f 3231 2880 2892
f 2667 2618 2604
f 2629 2683 2625
f 2678 2687 2648
f 3963 4096 4073
f 2845 2866 2833
f 2745 2729 2702
f 2561 2695 2737
f 2484 2553 2561
f 4137 4188 4166
f 3578 3737 3745
f 4166 4215 4189
f 2643 2566 2575
f 2713 2656 2638
f 2909 2899 2936
f 2791 2749 2719
f 4161 4208 4165
f 2608 2578 2576
f 2708 2637 2628
f 3093 3454 3512
f 2893 2839 2826
f 3239 2870 2880
f 4161 4072 4064
f 3653 3173 3192
f 2737 2849 2918
f 2742 2689 2761
f 2702 2667 2647
f 3360 3088 3129
f 2719 2705 2678
f 3007 3067 2987
f 3002 3196 3378
f 4294 4278 4253
f 4356 4315 4294
f 4366 4320 4344
f 4362 4386 4382
f 4300 4355 4327
f 4344 4382 4366
f 2286 2362 2391
f 2238 2333 2362
f 2391 2474 2478
f 2362 2468 2474
f 2520 2474 2526
f 2526 2468 2530
f 2462 2585 2460
f 3285 3556 3578
f 2532 2464 2449
f 4281 4241 4272
f 3619 3146 3164
f 2295 2460 2465
f 2172 2281 2295
f 2131 2038 1965
f 1709 1900 1809
f 1965 1900 1798
f 1848 1809 1891
f 1973 1832 1889
f 1683 1832 1753
f 1860 1770 1849
f 1657 1765 1770
f 1903 2086 2098
f 2186 2086 2092
f 2209 2318 2333
f 2449 2318 2309
f 3748 3650 3771
f 2934 3073 2915
f 3507 3708 3594
f 3116 2951 3122
f 2715 2946 3233
f 3616 3142 3146
f 2732 2789 2692
f 2632 2732 2615
f 2644 2532 2676
f 2526 2632 2615
f 3602 3532 3483
f 3738 3499 3657
f 2946 3559 3233
f 2901 2795 2930
f 2795 2676 2815
f 3776 3799 3508
f 3774 3731 3508
f 3297 3276 3508
f 3248 3265 3508
f 3735 3776 3508
f 3793 3813 3508
f 3398 3469 3508
f 3590 3518 3508
f 3331 3297 3508
f 3731 3674 3508
f 3810 3791 3508
f 3689 3735 3508
f 3674 3590 3508
f 3518 3444 3508
f 3444 3392 3508
f 3265 3284 3508
f 3276 3248 3508
f 3799 3793 3508
f 3791 3774 3508
f 3822 3837 3508
f 3545 3628 3508
f 3469 3545 3508
f 3628 3689 3508
f 3826 3818 3508
f 3325 3398 3508
f 3284 3325 3508
f 3392 3331 3508
f 3813 3822 3508
f 3837 3826 3508
f 3818 3810 3508
f 1258 1286 1481
f 1231 1258 1481
f 1713 1689 1481
f 1226 1209 1481
f 1209 1197 1481
f 1679 1705 1481
f 1610 1649 1481
f 1186 1200 1481
f 1667 1641 1481
f 1197 1192 1481
f 1611 1544 1481
f 1200 1218 1481
f 1282 1243 1481
f 1342 1282 1481
f 1536 1610 1481
f 1415 1342 1481
f 1232 1231 1481
f 1218 1232 1481
f 1345 1399 1481
f 1705 1713 1481
f 1641 1611 1481
f 1544 1483 1481
f 1689 1667 1481
f 1286 1345 1481
f 1243 1226 1481
f 1399 1469 1481
f 1192 1186 1481
f 1649 1679 1481
f 1483 1415 1481
f 1469 1536 1481
f 3255 3345 3259
f 3255 3200 3198
f 3438 3345 3341
f 3259 3215 3200
f 3345 3442 3363
f 3345 3271 3259
f 3271 3236 3215
f 3363 3451 3383
f 3271 3383 3290
f 3236 3324 3272
f 3451 3402 3383
f 3383 3324 3290
f 3324 3316 3272
f 3402 3480 3427
f 3324 3427 3380
f 3316 3423 3393
f 3427 3493 3455
f 3427 3423 3380
f 3393 3472 3445
f 3455 3506 3488
f 3423 3488 3472
f 3472 3509 3445
f 3506 3522 3488
f 3488 3515 3472
f 3515 3574 3509
f 3522 3550 3557
f 3515 3557 3565
f 3565 3642 3574
f 3550 3589 3557
f 3557 3624 3565
f 3624 3687 3642
f 3589 3576 3634
f 3624 3634 3663
f 3687 3693 3729
f 3576 3651 3634
f 3634 3693 3663
f 3693 3762 3729
f 3651 3606 3673
f 3693 3673 3721
f 3762 3740 3782
f 3606 3686 3673
f 3673 3740 3721
f 3782 3751 3796
f 3686 3627 3694
f 3740 3694 3751
f 3796 3758 3803
f 3627 3698 3694
f 3694 3758 3751
f 3758 3800 3803
f 3698 3631 3697
f 3758 3697 3755
f 3755 3788 3800
f 3631 3690 3697
f 3697 3747 3755
f 3747 3773 3788
f 3690 3615 3680
f 3747 3680 3732
f 3773 3707 3743
f 3615 3661 3680
f 3680 3707 3732
f 3707 3705 3743
f 3661 3583 3640
f 3707 3640 3678
f 3705 3641 3664
f 3583 3607 3640
f 3640 3641 3678
f 3664 3588 3603
f 3607 3552 3572
f 3641 3572 3588
f 3603 3542 3543
f 3552 3539 3572
f 3572 3542 3588
f 3543 3489 3479
f 3539 3516 3500
f 3542 3500 3489
f 3489 3419 3479
f 3516 3474 3500
f 3500 3437 3489
f 3437 3350 3419
f 3474 3485 3435
f 3437 3435 3400
f 3350 3343 3289
f 3485 3415 3435
f 3435 3343 3400
f 3343 3246 3289
f 3415 3460 3387
f 3343 3387 3304
f 3246 3282 3221
f 3460 3369 3387
f 3387 3282 3304
f 3221 3264 3206
f 3446 3354 3369
f 3282 3354 3264
f 3438 3531 3439
f 3439 3531 3442
f 3442 3531 3451
f 3451 3531 3468
f 3468 3531 3480
f 3480 3531 3493
f 3493 3531 3506
f 3506 3531 3527
f 3527 3531 3550
f 3550 3531 3560
f 3560 3531 3576
f 3576 3531 3591
f 3591 3531 3606
f 3606 3531 3620
f 3620 3531 3627
f 3627 3531 3633
f 3633 3531 3631
f 3631 3531 3623
f 3623 3531 3615
f 3615 3531 3598
f 3598 3531 3583
f 3583 3531 3568
f 3568 3531 3552
f 3552 3531 3535
f 3535 3531 3516
f 3516 3531 3497
f 3497 3531 3485
f 3485 3531 3475
f 3475 3531 3460
f 3460 3531 3446
f 3446 3531 3441
f 3206 3255 3198
f 3354 3438 3341
f 3354 3255 3264
f 3441 3531 3438
f 2997 2959 3000
f 2933 2943 2938
f 2945 2975 2950
f 3015 3072 3022
f 3112 3205 3203
f 2997 3048 3042
f 2938 2959 2956
f 2933 2950 2937
f 3015 2975 2970
f 3145 3072 3066
f 3203 3323 3321
f 3112 3048 3118
f 3022 2998 2975
f 3148 3085 3072
f 3323 3216 3330
f 3048 3130 3118
f 3000 2980 3019
f 2937 2958 2943
f 2950 2998 2968
f 3022 3085 3034
f 3205 3130 3216
f 3000 3060 3048
f 2943 2980 2959
f 2937 2968 2955
f 3034 3030 2998
f 3085 3189 3121
f 3216 3349 3330
f 3060 3155 3130
f 3019 3017 3043
f 2955 2999 2958
f 2998 3005 2968
f 3034 3121 3063
f 3130 3234 3216
f 3019 3087 3060
f 2980 2999 3017
f 2955 3005 2995
f 3030 3111 3074
f 3189 3167 3121
f 3349 3263 3376
f 3155 3132 3190
f 3017 3084 3043
f 2995 3046 2999
f 3030 3051 3005
f 3121 3111 3063
f 3155 3263 3234
f 3087 3084 3132
f 3017 3046 3058
f 2995 3051 3041
f 3111 3143 3074
f 3167 3279 3219
f 3263 3397 3376
f 3190 3188 3235
f 3058 3151 3084
f 3046 3108 3113
f 3051 3143 3124
f 3167 3179 3111
f 3263 3235 3302
f 3132 3151 3188
f 3046 3128 3058
f 3051 3108 3041
f 3143 3253 3225
f 3279 3293 3219
f 3397 3358 3420
f 3235 3257 3298
f 3128 3226 3151
f 3108 3202 3113
f 3124 3225 3211
f 3219 3253 3179
f 3302 3298 3358
f 3188 3226 3257
f 3113 3212 3128
f 3108 3211 3201
f 3225 3382 3352
f 3293 3432 3407
f 3358 3436 3420
f 3298 3362 3386
f 3212 3332 3226
f 3201 3313 3202
f 3225 3328 3211
f 3293 3382 3253
f 3298 3416 3358
f 3257 3332 3362
f 3212 3313 3320
f 3201 3328 3315
f 3352 3490 3484
f 3407 3504 3496
f 3416 3470 3436
f 3362 3462 3386
f 3320 3459 3332
f 3313 3473 3466
f 3352 3478 3328
f 3407 3490 3382
f 3416 3462 3464
f 3362 3459 3458
f 3320 3466 3463
f 3328 3473 3315
f 3490 3612 3484
f 3504 3593 3496
f 3464 3492 3470
f 3462 3555 3536
f 3459 3584 3571
f 3473 3597 3466
f 3478 3612 3613
f 3490 3593 3604
f 3462 3510 3464
f 3459 3555 3458
f 3466 3584 3463
f 3473 3613 3608
f 3604 3717 3612
f 3581 3684 3593
f 3492 3564 3517
f 3555 3610 3536
f 3571 3699 3679
f 3608 3714 3597
f 3613 3717 3725
f 3604 3684 3701
f 3510 3610 3564
f 3571 3649 3555
f 3597 3699 3584
f 3608 3725 3724
f 3701 3798 3717
f 3684 3712 3750
f 3564 3549 3517
f 3649 3676 3610
f 3679 3783 3756
f 3724 3801 3714
f 3717 3811 3725
f 3701 3750 3781
f 3610 3617 3564
f 3679 3719 3649
f 3699 3801 3783
f 3724 3811 3812
f 3798 3841 3874
f 3712 3805 3750
f 3549 3655 3563
f 3719 3722 3676
f 3783 3819 3756
f 3812 3879 3801
f 3798 3887 3811
f 3750 3841 3781
f 3676 3655 3617
f 3719 3819 3778
f 3783 3879 3850
f 3812 3887 3889
f 3841 3918 3874
f 3805 3794 3847
f 3655 3580 3563
f 3778 3759 3722
f 3819 3905 3878
f 3879 3943 3934
f 3887 3918 3939
f 3805 3895 3841
f 3655 3759 3681
f 3778 3878 3821
f 3879 3905 3850
f 3887 3943 3889
f 3918 3928 3967
f 3794 3888 3847
f 3580 3702 3592
f 3759 3853 3787
f 3905 3909 3878
f 3943 3975 3934
f 3939 3967 3984
f 3847 3928 3895
f 3681 3787 3702
f 3821 3909 3853
f 3934 3947 3905
f 3943 3984 3993
f 3967 3953 3999
f 3888 3840 3903
f 3702 3605 3592
f 3787 3880 3802
f 3947 3935 3909
f 3993 4015 3975
f 3967 4023 3984
f 3888 3953 3928
f 3787 3718 3702
f 3853 3935 3880
f 3947 4015 3976
f 3993 4023 4028
f 3999 3969 4012
f 3903 3846 3912
f 3718 3611 3605
f 3880 3814 3802
f 3976 3944 3935
f 4015 4042 4029
f 3999 4038 4023
f 3903 3969 3953
f 3802 3726 3718
f 3880 3944 3890
f 3976 4029 3994
f 4023 4042 4028
f 3969 4007 4012
f 3846 3908 3912
f 3611 3723 3609
f 3814 3886 3807
f 3944 3983 3938
f 4042 4024 4029
f 4038 4007 4031
f 3969 3908 3962
f 3726 3807 3723
f 3944 3886 3890
f 4029 3983 3994
f 4042 4031 4037
f 3962 3979 4007
f 3845 3896 3908
f 3609 3709 3601
f 3886 3792 3807
f 3938 3966 3917
f 4037 3997 4024
f 4031 3979 4006
f 3962 3896 3941
f 3723 3792 3709
f 3938 3868 3886
f 4024 3966 3983
f 4037 4006 4011
f 3941 3942 3979
f 3896 3809 3867
f 3709 3587 3601
f 3868 3775 3792
f 3917 3923 3893
f 4011 3952 3997
f 3979 3960 4006
f 3941 3867 3910
f 3792 3692 3709
f 3868 3893 3839
f 3966 3952 3923
f 4011 3960 3968
f 3910 3897 3942
f 3809 3829 3867
f 3587 3671 3573
f 3775 3795 3739
f 3893 3882 3843
f 3968 3901 3952
f 3942 3907 3960
f 3910 3829 3869
f 3775 3671 3692
f 3893 3795 3839
f 3923 3901 3882
f 3960 3911 3968
f 3869 3832 3897
f 3829 3733 3777
f 3671 3551 3573
f 3795 3696 3739
f 3843 3816 3786
f 3901 3844 3838
f 3907 3832 3842
f 3829 3806 3869
f 3671 3696 3637
f 3795 3786 3744
f 3901 3816 3882
f 3907 3844 3911
f 3832 3734 3752
f 3733 3711 3777
f 3551 3585 3530
f 3696 3682 3646
f 3816 3713 3786
f 3838 3764 3753
f 3842 3752 3763
f 3777 3734 3806
f 3637 3646 3585
f 3744 3713 3682
f 3838 3736 3816
f 3842 3764 3844
f 3752 3652 3660
f 3711 3622 3639
f 3585 3502 3530
f 3646 3595 3566
f 3736 3629 3713
f 3753 3665 3658
f 3752 3666 3763
f 3711 3652 3734
f 3646 3538 3585
f 3682 3629 3595
f 3736 3658 3645
f 3763 3665 3764
f 3660 3540 3537
f 3639 3544 3541
f 3502 3486 3481
f 3595 3494 3566
f 3645 3505 3629
f 3658 3528 3520
f 3660 3533 3666
f 3639 3540 3652
f 3538 3494 3486
f 3595 3505 3498
f 3645 3520 3511
f 3666 3528 3665
f 3540 3417 3537
f 3544 3440 3541
f 3486 3450 3481
f 3494 3410 3422
f 3505 3394 3401
f 3528 3390 3520
f 3533 3417 3403
f 3540 3440 3428
f 3494 3433 3486
f 3505 3410 3498
f 3520 3394 3511
f 3528 3403 3396
f 3428 3275 3417
f 3465 3337 3440
f 3450 3385 3429
f 3410 3329 3422
f 3401 3249 3270
f 3390 3244 3241
f 3403 3275 3252
f 3428 3337 3301
f 3433 3329 3385
f 3401 3292 3410
f 3390 3249 3394
f 3403 3244 3396
f 3301 3180 3275
f 3337 3305 3245
f 3385 3404 3429
f 3292 3260 3329
f 3270 3162 3185
f 3241 3147 3149
f 3275 3158 3252
f 3301 3245 3207
f 3329 3319 3385
f 3270 3217 3292
f 3249 3149 3162
f 3252 3147 3244
f 3180 3138 3098
f 3305 3186 3245
f 3404 3280 3384
f 3260 3156 3210
f 3185 3081 3117
f 3147 3069 3149
f 3180 3076 3158
f 3207 3186 3138
f 3260 3280 3319
f 3185 3156 3217
f 3162 3069 3081
f 3147 3076 3065
f 3138 3045 3098
f 3243 3137 3186
f 3280 3361 3384
f 3156 3174 3210
f 3117 3033 3059
f 3069 3016 3021
f 3076 3045 3027
f 3186 3079 3138
f 3280 3174 3242
f 3156 3059 3106
f 3069 3033 3081
f 3076 3016 3065
f 3045 3044 3010
f 3204 3097 3137
f 3361 3222 3336
f 3174 3071 3141
f 3033 3029 3059
f 3016 2973 3021
f 3027 3010 2982
f 3137 3044 3079
f 3242 3141 3222
f 3059 3071 3106
f 3021 2996 3033
f 3016 2982 2969
f 3010 3026 2981
f 3097 3154 3075
f 3222 3326 3336
f 3141 3049 3123
f 2996 3006 3029
f 2969 2949 2973
f 3010 2953 2982
f 3097 3026 3044
f 3141 3209 3222
f 3071 3006 3049
f 2996 2949 2967
f 2969 2953 2944
f 3477 3321 3323
f 3477 3323 3330
f 3477 3330 3349
f 3477 3349 3376
f 3477 3376 3397
f 3477 3397 3420
f 3477 3420 3436
f 3477 3436 3470
f 3477 3470 3492
f 3477 3492 3517
f 3477 3517 3549
f 3477 3549 3563
f 3477 3563 3580
f 3477 3580 3592
f 3477 3592 3605
f 3477 3605 3611
f 3477 3611 3609
f 3477 3609 3601
f 3477 3601 3587
f 3477 3587 3573
f 3477 3573 3551
f 3477 3551 3530
f 3477 3530 3502
f 3477 3502 3481
f 3477 3481 3450
f 3477 3450 3429
f 3477 3429 3404
f 3477 3404 3384
f 3477 3384 3361
f 3477 3361 3336
f 3477 3336 3326
f 2981 3015 2970
f 3075 3145 3066
f 3326 3203 3321
f 3049 3112 3123
f 2967 2997 3006
f 2949 2933 2938
f 2981 2945 2953
f 3075 3015 3026
f 3477 3326 3321
f 3209 3112 3203
f 3049 2997 3042
f 2967 2938 2956
f 2953 2933 2944
f 3198 3154 3206
f 3154 3221 3206
f 3178 3246 3221
f 3204 3289 3246
f 3289 3305 3350
f 3350 3395 3419
f 3419 3465 3479
f 3465 3543 3479
f 3543 3622 3603
f 3622 3664 3603
f 3683 3705 3664
f 3733 3743 3705
f 3743 3809 3773
f 3773 3834 3788
f 3788 3845 3800
f 3845 3803 3800
f 3803 3840 3796
f 3840 3782 3796
f 3823 3762 3782
f 3794 3729 3762
f 3729 3712 3687
f 3687 3659 3642
f 3642 3581 3574
f 3581 3509 3574
f 3509 3432 3445
f 3432 3393 3445
f 3355 3316 3393
f 3279 3272 3316
f 3272 3189 3236
f 3236 3166 3215
f 3215 3148 3200
f 3148 3198 3200
f 1291 1358 1295
f 1291 1246 1242
f 1355 1433 1358
f 1295 1262 1246
f 1433 1367 1358
f 1358 1307 1295
f 1307 1276 1262
f 1367 1445 1378
f 1307 1378 1320
f 1276 1343 1308
f 1445 1395 1378
f 1378 1343 1320
f 1343 1335 1308
f 1395 1467 1417
f 1343 1417 1376
f 1335 1413 1386
f 1467 1446 1417
f 1417 1413 1376
f 1386 1458 1441
f 1446 1499 1479
f 1413 1479 1458
f 1441 1504 1501
f 1499 1509 1479
f 1479 1504 1458
f 1501 1549 1557
f 1509 1531 1542
f 1504 1542 1549
f 1549 1616 1557
f 1531 1571 1542
f 1542 1600 1549
f 1600 1660 1616
f 1543 1607 1571
f 1600 1607 1631
f 1660 1666 1706
f 1559 1624 1607
f 1607 1666 1631
f 1666 1739 1706
f 1624 1583 1646
f 1666 1646 1696
f 1739 1715 1757
f 1583 1659 1646
f 1646 1715 1696
f 1757 1728 1767
f 1595 1665 1659
f 1715 1665 1728
f 1767 1733 1772
f 1665 1605 1671
f 1665 1733 1728
f 1733 1769 1772
f 1605 1669 1671
f 1733 1669 1731
f 1731 1763 1769
f 1669 1599 1661
f 1669 1721 1731
f 1721 1745 1763
f 1661 1589 1651
f 1721 1651 1707
f 1745 1681 1720
f 1589 1630 1651
f 1651 1681 1707
f 1681 1682 1720
f 1630 1563 1615
f 1681 1615 1650
f 1682 1617 1632
f 1563 1584 1615
f 1615 1617 1650
f 1632 1569 1582
f 1584 1535 1555
f 1617 1555 1569
f 1569 1524 1582
f 1535 1521 1555
f 1555 1523 1569
f 1523 1465 1524
f 1521 1505 1494
f 1523 1494 1480
f 1480 1409 1465
f 1505 1461 1494
f 1494 1430 1480
f 1430 1360 1409
f 1461 1475 1428
f 1430 1428 1392
f 1360 1357 1319
f 1475 1404 1428
f 1428 1357 1392
f 1357 1285 1319
f 1404 1448 1385
f 1357 1385 1330
f 1285 1316 1267
f 1448 1371 1385
f 1385 1316 1330
f 1267 1300 1253
f 1371 1435 1361
f 1316 1361 1300
f 1431 1515 1433
f 1433 1515 1438
f 1438 1515 1445
f 1445 1515 1454
f 1454 1515 1467
f 1467 1515 1484
f 1484 1515 1499
f 1499 1515 1511
f 1511 1515 1531
f 1531 1515 1543
f 1543 1515 1559
f 1559 1515 1573
f 1573 1515 1583
f 1583 1515 1595
f 1595 1515 1602
f 1602 1515 1605
f 1605 1515 1603
f 1603 1515 1599
f 1599 1515 1589
f 1589 1515 1576
f 1576 1515 1563
f 1563 1515 1552
f 1552 1515 1535
f 1535 1515 1518
f 1518 1515 1505
f 1505 1515 1491
f 1491 1515 1475
f 1475 1515 1462
f 1462 1515 1448
f 1448 1515 1440
f 1440 1515 1435
f 1253 1291 1242
f 1435 1355 1361
f 1361 1291 1300
f 1435 1515 1431
f 1055 1020 1060
f 984 996 991
f 998 1039 1003
f 1076 1141 1083
f 1252 1172 1254
f 1055 1111 1103
f 991 1020 1013
f 984 1003 990
f 1076 1039 1029
f 1195 1141 1137
f 1340 1254 1344
f 1168 1111 1172
f 1083 1056 1039
f 1196 1155 1141
f 1344 1263 1350
f 1111 1182 1172
f 1060 1044 1081
f 996 1012 1018
f 1003 1056 1025
f 1083 1155 1096
f 1254 1182 1263
f 1060 1132 1111
f 996 1044 1020
f 1003 1012 990
f 1096 1092 1056
f 1155 1237 1173
f 1263 1359 1350
f 1132 1205 1182
f 1081 1079 1105
f 1018 1053 1059
f 1056 1067 1025
f 1096 1173 1133
f 1182 1277 1263
f 1132 1105 1157
f 1044 1059 1079
f 1025 1053 1012
f 1133 1144 1092
f 1237 1217 1173
f 1359 1299 1373
f 1205 1184 1239
f 1079 1156 1105
f 1053 1109 1059
f 1092 1118 1067
f 1133 1217 1166
f 1205 1299 1277
f 1105 1184 1157
f 1079 1109 1128
f 1053 1118 1100
f 1166 1194 1144
f 1217 1314 1266
f 1299 1390 1373
f 1184 1278 1239
f 1156 1181 1202
f 1109 1167 1169
f 1118 1194 1176
f 1166 1266 1227
f 1299 1278 1326
f 1156 1238 1184
f 1109 1181 1128
f 1118 1167 1100
f 1194 1293 1272
f 1314 1324 1266
f 1390 1364 1411
f 1278 1296 1323
f 1181 1273 1202
f 1169 1249 1250
f 1176 1272 1259
f 1266 1293 1227
f 1326 1323 1364
f 1238 1273 1296
f 1169 1261 1181
f 1176 1249 1167
f 1272 1380 1363
f 1324 1423 1400
f 1364 1432 1411
f 1323 1369 1384
f 1261 1354 1273
f 1250 1341 1337
f 1272 1352 1259
f 1324 1380 1293
f 1323 1407 1364
f 1296 1354 1369
f 1261 1337 1346
f 1259 1341 1249
f 1363 1485 1477
f 1400 1497 1492
f 1432 1453 1457
f 1369 1450 1384
f 1346 1452 1354
f 1337 1464 1460
f 1363 1471 1352
f 1400 1485 1380
f 1407 1450 1453
f 1369 1452 1449
f 1346 1460 1455
f 1352 1464 1341
f 1485 1594 1477
f 1497 1575 1492
f 1457 1503 1486
f 1450 1540 1519
f 1452 1570 1558
f 1464 1581 1460
f 1471 1594 1596
f 1485 1575 1588
f 1450 1503 1453
f 1452 1540 1449
f 1460 1570 1455
f 1464 1596 1592
f 1588 1695 1594
f 1561 1658 1575
f 1486 1547 1507
f 1540 1593 1519
f 1558 1674 1653
f 1581 1703 1693
f 1596 1695 1704
f 1588 1658 1680
f 1503 1593 1547
f 1558 1623 1540
f 1581 1674 1570
f 1596 1703 1592
f 1680 1771 1695
f 1658 1687 1727
f 1547 1529 1507
f 1623 1648 1593
f 1653 1759 1737
f 1693 1787 1774
f 1695 1784 1704
f 1680 1727 1756
f 1593 1597 1547
f 1653 1697 1623
f 1674 1774 1759
f 1704 1787 1703
f 1771 1811 1837
f 1687 1778 1727
f 1529 1625 1545
f 1697 1701 1648
f 1737 1828 1794
f 1787 1846 1774
f 1771 1855 1784
f 1756 1778 1811
f 1648 1625 1597
f 1737 1752 1697
f 1759 1846 1828
f 1787 1855 1859
f 1811 1898 1837
f 1778 1764 1822
f 1625 1560 1545
f 1752 1741 1701
f 1794 1880 1841
f 1846 1924 1910
f 1855 1898 1918
f 1811 1822 1867
f 1625 1741 1655
f 1794 1796 1752
f 1846 1880 1828
f 1855 1924 1859
f 1898 1908 1946
f 1764 1852 1822
f 1560 1678 1574
f 1741 1829 1761
f 1880 1879 1841
f 1910 1980 1958
f 1918 1946 1967
f 1822 1908 1867
f 1655 1761 1678
f 1796 1879 1829
f 1910 1930 1880
f 1918 1980 1924
f 1946 1932 1983
f 1852 1807 1875
f 1678 1585 1574
f 1761 1847 1776
f 1930 1911 1879
f 1958 2016 2000
f 1946 2012 1967
f 1852 1932 1908
f 1761 1694 1678
f 1829 1911 1847
f 1930 2000 1959
f 1967 2016 1980
f 1983 1947 1995
f 1875 1817 1885
f 1585 1702 1591
f 1847 1785 1776
f 1959 1923 1911
f 2000 2029 2017
f 1983 2023 2012
f 1875 1947 1932
f 1694 1785 1702
f 1847 1923 1858
f 1959 2017 1978
f 2012 2029 2016
f 1947 1988 1995
f 1817 1878 1885
f 1702 1587 1591
f 1785 1853 1782
f 1923 1968 1917
f 2029 2013 2017
f 2023 1988 2018
f 1947 1878 1938
f 1785 1700 1702
f 1923 1853 1858
f 2017 1968 1978
f 2029 2018 2024
f 1938 1960 1988
f 1812 1866 1878
f 1587 1685 1579
f 1853 1766 1782
f 1917 1945 1894
f 2013 1996 1984
f 2018 1960 1991
f 1938 1866 1921
f 1700 1766 1685
f 1917 1835 1853
f 2013 1945 1968
f 2018 1996 2024
f 1921 1922 1960
f 1866 1780 1834
f 1685 1568 1579
f 1835 1747 1766
f 1894 1905 1864
f 1984 1948 1933
f 1960 1939 1991
f 1921 1834 1883
f 1766 1668 1685
f 1894 1805 1835
f 1945 1933 1905
f 1991 1948 1996
f 1922 1836 1869
f 1834 1748 1797
f 1568 1644 1556
f 1747 1768 1717
f 1864 1850 1815
f 1948 1877 1933
f 1922 1881 1939
f 1883 1797 1836
f 1747 1644 1668
f 1864 1768 1805
f 1905 1877 1850
f 1948 1881 1886
f 1836 1800 1869
f 1797 1711 1750
f 1644 1537 1556
f 1717 1724 1670
f 1850 1760 1815
f 1877 1816 1804
f 1881 1800 1814
f 1797 1783 1836
f 1644 1670 1613
f 1768 1760 1724
f 1877 1790 1850
f 1881 1816 1886
f 1800 1716 1732
f 1711 1691 1750
f 1537 1565 1513
f 1670 1654 1619
f 1790 1690 1760
f 1816 1735 1804
f 1814 1732 1743
f 1750 1716 1783
f 1613 1619 1565
f 1724 1690 1654
f 1804 1719 1790
f 1816 1743 1744
f 1732 1627 1634
f 1691 1601 1618
f 1565 1496 1513
f 1619 1577 1551
f 1719 1608 1690
f 1744 1629 1735
f 1732 1642 1743
f 1691 1627 1716
f 1619 1522 1565
f 1654 1608 1577
f 1719 1629 1620
f 1744 1642 1639
f 1634 1528 1526
f 1618 1527 1530
f 1496 1478 1470
f 1577 1487 1551
f 1620 1500 1608
f 1629 1516 1510
f 1634 1520 1642
f 1618 1528 1627
f 1522 1487 1478
f 1577 1500 1493
f 1620 1510 1506
f 1642 1516 1639
f 1528 1410 1526
f 1527 1439 1530
f 1478 1443 1470
f 1487 1401 1412
f 1500 1391 1394
f 1516 1389 1510
f 1520 1410 1398
f 1528 1439 1421
f 1487 1426 1478
f 1500 1401 1493
f 1510 1391 1506
f 1516 1398 1393
f 1421 1313 1410
f 1456 1356 1439
f 1443 1382 1418
f 1401 1349 1412
f 1394 1292 1310
f 1393 1283 1389
f 1398 1313 1294
f 1421 1356 1327
f 1426 1349 1382
f 1394 1321 1401
f 1389 1292 1391
f 1393 1294 1284
f 1327 1230 1313
f 1356 1333 1288
f 1382 1396 1418
f 1321 1298 1349
f 1310 1214 1233
f 1284 1201 1283
f 1313 1211 1294
f 1327 1288 1257
f 1349 1338 1382
f 1310 1264 1321
f 1292 1201 1214
f 1284 1211 1198
f 1230 1189 1161
f 1333 1235 1288
f 1396 1315 1381
f 1264 1255 1298
f 1214 1170 1233
f 1198 1140 1201
f 1230 1147 1211
f 1288 1189 1257
f 1298 1315 1338
f 1233 1206 1264
f 1214 1140 1153
f 1198 1147 1138
f 1161 1149 1108
f 1235 1251 1187
f 1315 1368 1381
f 1206 1223 1255
f 1153 1131 1170
f 1140 1077 1082
f 1147 1108 1088
f 1235 1149 1189
f 1315 1223 1280
f 1206 1131 1165
f 1140 1095 1153
f 1147 1077 1138
f 1108 1106 1070
f 1251 1160 1187
f 1368 1268 1353
f 1223 1142 1191
f 1095 1090 1131
f 1082 1030 1038
f 1088 1070 1045
f 1187 1106 1149
f 1280 1191 1268
f 1165 1090 1142
f 1082 1054 1095
f 1088 1030 1077
f 1070 1087 1043
f 1160 1203 1145
f 1268 1348 1353
f 1191 1116 1174
f 1054 1066 1090
f 1038 999 1004
f 1070 1009 1045
f 1160 1087 1106
f 1191 1256 1268
f 1142 1066 1116
f 1054 1004 1024
f 1045 999 1030
f 1463 1340 1344
f 1463 1344 1350
f 1463 1350 1359
f 1463 1359 1373
f 1463 1373 1390
f 1463 1390 1411
f 1463 1411 1432
f 1463 1432 1457
f 1463 1457 1486
f 1463 1486 1507
f 1463 1507 1529
f 1463 1529 1545
f 1463 1545 1560
f 1463 1560 1574
f 1463 1574 1585
f 1463 1585 1591
f 1463 1591 1587
f 1463 1587 1579
f 1463 1579 1568
f 1463 1568 1556
f 1463 1556 1537
f 1463 1537 1513
f 1463 1513 1496
f 1463 1496 1470
f 1463 1470 1443
f 1463 1443 1418
f 1463 1418 1396
f 1463 1396 1381
f 1463 1381 1368
f 1463 1368 1353
f 1463 1353 1348
f 1043 1076 1029
f 1145 1195 1137
f 1256 1340 1348
f 1116 1168 1174
f 1024 1055 1066
f 1004 984 991
f 1043 998 1009
f 1145 1076 1087
f 1463 1348 1340
f 1174 1252 1256
f 1116 1055 1103
f 1024 991 1013
f 1009 984 999
f 1242 1203 1253
f 1203 1267 1253
f 1225 1285 1267
f 1251 1319 1285
f 1319 1333 1360
f 1360 1388 1409
f 1409 1456 1465
f 1456 1524 1465
f 1524 1601 1582
f 1601 1632 1582
f 1656 1682 1632
f 1711 1720 1682
f 1720 1780 1745
f 1745 1799 1763
f 1763 1812 1769
f 1812 1772 1769
f 1772 1807 1767
f 1807 1757 1767
f 1795 1739 1757
f 1764 1706 1739
f 1706 1687 1660
f 1660 1628 1616
f 1616 1561 1557
f 1561 1501 1557
f 1501 1423 1441
f 1423 1386 1441
f 1362 1335 1386
f 1314 1308 1335
f 1308 1237 1276
f 1276 1215 1262
f 1262 1196 1246
f 1196 1242 1246
f 4331 4384 4378
f 4588 4624 4645
f 4107 4142 3815
f 3790 3770 4040
f 5012 5013 5007
f 4991 4986 4972
f 4975 4993 4971
f 644 636 682
f 377 398 406
f 4639 4558 4737
f 4444 4560 4601
f 4902 4923 4952
f 4464 4672 4649
f 4934 4949 4931
f 5005 5007 4967
f 4524 4517 4500
f 4563 4575 4645
f 4955 4951 4900
f 4884 4896 4879
f 4960 4988 4966
f 4733 4680 4633
f 4949 4958 4980
f 4726 4773 4782
f 4469 4538 4452
f 4477 4600 4566
f 4804 4770 4819
f 4943 4956 4972
f 4944 4947 4945
f 4995 4987 4991
f 4535 4478 4505
f 4621 4507 4485
f 4899 4864 4877
f 4786 4685 4754
f 4941 4943 4934
f 4518 4503 4478
f 4609 4647 4544
f 4593 4608 4642
f 4526 4533 4522
f 4947 4944 4954
f 4473 4568 4586
f 4591 4505 4454
f 4973 4938 4959
f 4989 4997 4961
f 4148 4207 4293
f 4842 4786 4845
f 4785 4766 4815
f 4714 4746 4816
f 4657 4634 4603
f 4469 4410 4372
f 4721 4820 4737
f 4453 4375 4399
f 4652 4675 4727
f 4953 4927 4931
f 4940 4897 4918
f 4792 4773 4727
f 1420 2052 2068
f 4919 4888 4908
f 4893 4871 4858
f 4672 4464 4509
f 4630 4618 4675
f 4447 4491 4541
f 4545 4458 4459
f 4463 4484 4527
f 4798 4831 4816
f 4685 4786 4721
f 4703 4729 4615
f 4941 4947 4956
f 4475 4550 4568
f 4820 4744 4728
f 4616 4691 4679
f 4461 4521 4534
f 4818 4844 4811
f 4679 4843 4759
f 4560 4444 4448
f 4944 4928 4935
f 4981 4969 4980
f 4326 4347 4348
f 4319 4329 4335
f 4383 4422 4440
f 5006 5013 5012
f 4968 4953 4964
f 4578 4572 4612
f 4491 4542 4574
f 4691 4619 4661
f 4766 4758 4804
f 4780 4838 4863
f 4322 4370 4365
f 4343 4390 4384
f 4484 4463 4385
f 4418 4478 4494
f 4673 4749 4727
f 4833 4824 4767
f 4394 4392 4466
f 4710 4783 4821
f 4687 4597 4607
f 4323 4319 4324
f 4751 4617 4621
f 4927 4926 4936
f 4335 4401 4419
f 4351 4336 4385
f 4731 4681 4606
f 4519 4494 4478
f 4883 4959 4938
f 4819 4799 4800
f 4636 4632 4612
f 4321 4339 4329
f 4967 4982 4889
f 4754 4685 4627
f 4324 4335 4347
f 4319 4323 4322
f 4419 4474 4479
f 4638 4636 4557
f 4625 4699 4508
f 4961 4963 4853
f 4893 4974 4959
f 4471 4447 4500
f 4677 4746 4714
f 4734 4621 4576
f 4824 4874 4839
f 4952 4937 4966
f 4833 4879 4874
f 2665 2680 2722
f 4339 4383 4387
f 2623 2620 2621
f 2756 2822 2768
f 2790 2735 2730
f 2767 2738 2701
f 3519 3476 3688
f 881 970 1063
f 4559 4519 4503
f 4994 5004 4999
f 4880 4844 4843
f 5010 5007 5013
f 4997 5002 4963
f 4691 4616 4602
f 4501 4471 4502
f 4686 4715 4730
f 2704 3367 3199
f 4653 4559 4622
f 4869 4886 4870
f 4842 4789 4744
f 4389 4385 4336
f 4602 4598 4577
f 5006 4995 4998
f 3447 2721 2741
f 4275 4299 4283
f 4510 4528 4540
f 4818 4792 4749
f 4217 4177 4203
f 4682 4622 4656
f 4648 4642 4608
f 2785 2886 2891
f 2834 2868 2811
f 4364 4424 4511
f 4217 4244 4276
f 3501 3299 3884
f 4409 4399 4375
f 2549 2554 2634
f 2883 2892 2612
f 3367 2704 2721
f 4678 4650 4629
f 4661 4868 4843
f 4576 4485 4452
f 2648 2629 2552
f 2892 2880 2595
f 4729 4703 4731
f 3035 3013 3193
f 4547 4605 4655
f 2763 2722 2735
f 2792 2811 2868
f 2698 2679 2686
f 2682 2735 2722
f 2630 2684 2627
f 2792 2855 2822
f 2605 2617 2640
f 2617 2624 2641
f 2659 2665 2696
f 2626 2685 2707
f 2621 2620 2652
f 2685 2728 2756
f 2730 2735 2682
f 2730 2698 2710
f 4750 4767 4709
f 4811 4844 4849
f 4863 4886 4923
f 5011 5012 5005
f 4496 4523 4512
f 4782 4800 4799
f 5009 4998 4976
f 4434 4554 4553
f 3906 3937 3977
f 3955 3977 4020
f 4712 4719 4730
f 3937 3932 3989
f 3150 3288 3281
f 3230 3193 3476
f 4630 4651 4637
f 3600 3310 3347
f 3746 3577 3600
f 4831 4783 4763
f 3092 3052 3176
f 4974 4982 5010
f 3168 3310 3288
f 3373 3643 3625
f 4838 4870 4886
f 4068 4067 4057
f 4056 4032 4033
f 2507 2582 2575
f 3643 3768 3765
f 4502 4500 4517
f 4938 4917 4852
f 3989 3990 4032
f 3930 3865 3864
f 4071 4058 4061
f 3754 3600 3625
f 4082 4071 4079
f 4823 4829 4795
f 4061 4035 4043
f 4069 4043 4054
f 4099 4069 4092
f 3985 3931 3929
f 1179 926 963
f 3561 3534 3333
f 3932 3937 3876
f 3554 3706 3628
f 3237 3194 3333
f 3469 3389 3554
f 4850 4828 4846
f 3644 3638 3766
f 4080 3521 3586
f 3927 4021 4022
f 3831 3924 3927
f 4004 3956 3920
f 4025 4004 3949
f 3833 3927 3922
f 4017 4045 4062
f 3921 3954 3799
f 3824 3851 3635
f 3347 3177 3176
f 3955 3921 3881
f 4045 4057 4067
f 4840 4829 4885
f 4760 4807 4733
f 3957 3978 3813
f 4017 3957 3954
f 3995 3954 3921
f 4060 4010 3998
f 3826 4002 3988
f 3998 4010 3837
f 4036 4062 4075
f 4098 4094 4106
f 4094 4082 4097
f 2583 2570 2895
f 4002 4059 4049
f 4106 4097 4114
f 4124 4119 4139
f 4060 4090 4089
f 4075 4088 4098
f 4102 4110 4124
f 4085 4102 4116
f 3818 3988 3970
f 4021 4074 4077
f 4119 4114 4131
f 4063 4085 4103
f 4102 4078 4089
f 4065 4025 4049
f 4004 4025 4065
f 3248 3276 3086
f 3992 4041 4063
f 4041 4065 4085
f 3894 3956 3992
f 3956 4004 4041
f 3789 3894 3916
f 4216 4246 4262
f 3820 3916 3924
f 3916 3992 4014
f 3647 3635 3851
f 3297 3331 3165
f 3648 3590 3674
f 3276 3297 3120
f 3086 3120 3050
f 3120 3165 3102
f 4374 4318 4311
f 3857 3862 3720
f 3057 3002 3378
f 4965 4967 4867
f 4788 4816 4763
f 2759 3529 3553
f 3518 3590 3648
f 3774 3920 3859
f 3731 3859 3769
f 3956 3894 3859
f 3546 3936 3973
f 3050 3102 3047
f 3240 3165 3331
f 2940 2985 2952
f 2985 3047 3012
f 3135 3047 3102
f 3094 3012 3047
f 3250 3094 3135
f 3258 3135 3183
f 3471 3461 3669
f 3223 3070 3094
f 3461 3467 3654
f 3187 3061 3070
f 3414 3187 3223
f 3456 3223 3250
f 3092 3168 3150
f 3052 3092 3038
f 3040 2988 3062
f 3062 3038 3150
f 3105 3062 3157
f 2988 2960 3038
f 2929 2940 2912
f 3007 2948 2988
f 2948 2922 2960
f 2987 3008 2940
f 3325 3153 3237
f 2927 2888 2912
f 2977 2927 2952
f 3070 2977 3012
f 2875 2902 2884
f 9 6 7
f 50 33 29
f 2906 2916 2902
f 64 86 58
f 2966 2977 3070
f 2916 2960 2922
f 2902 2922 2911
f 3163 3375 3373
f 505 420 414
f 3152 3366 3375
f 3163 3176 3052
f 3152 3163 3028
f 3028 3052 2960
f 3760 3766 3638
f 4178 4187 3884
f 4113 4135 4117
f 522 532 613
f 4104 4136 4113
f 4070 4113 4092
f 61 85 96
f 464 524 326
f 4013 4070 4054
f 72 67 81
f 37 9 12
f 570 555 536
f 448 387 377
f 149 99 101
f 4039 4104 4070
f 3940 4039 4013
f 3872 3875 3766
f 4163 4170 4145
f 159 140 157
f 4172 4182 4163
f 57 78 56
f 4149 4163 4139
f 4182 4198 4170
f 2833 2866 2898
f 2797 2840 2881
f 238 296 319
f 67 49 43
f 320 246 256
f 560 430 522
f 546 441 490
f 2799 2833 2840
f 2829 2850 2845
f 2879 2906 2875
f 2850 2875 2867
f 2857 2879 2850
f 3346 3366 3152
f 551 527 608
f 3312 3346 3131
f 3131 3152 3009
f 214 166 210
f 3115 3131 2990
f 50 62 73
f 2990 3009 2906
f 4105 3586 3579
f 90 88 98
f 4044 3447 3521
f 4027 3885 3784
f 88 90 80
f 4327 4355 4376
f 25 23 29
f 331 359 343
f 2552 2550 2498
f 4040 3971 4112
f 3971 3914 4053
f 2690 2681 2535
f 4206 4173 4175
f 4173 4156 4157
f 4112 4053 4122
f 4199 4183 4158
f 541 501 556
f 4158 4122 4143
f 519 509 419
f 4205 4175 4170
f 2947 3001 3088
f 3024 2887 2947
f 3232 3024 3064
f 2881 2966 3001
f 2830 2881 2947
f 2674 2688 2720
f 124 114 146
f 388 373 338
f 2663 2574 2598
f 3372 3175 3187
f 375 443 366
f 574 543 557
f 238 182 198
f 4171 3670 3716
f 3054 2966 3061
f 81 73 84
f 2645 2678 2648
f 3677 3833 3830
f 3851 3824 3919
f 435 482 475
f 2731 2658 2662
f 422 446 460
f 4115 4081 4077
f 4127 4134 4123
f 4126 4145 4134
f 494 482 487
f 351 383 342
f 4127 4115 4109
f 3053 3129 3088
f 71 88 74
f 3140 3129 3053
f 96 143 168
f 3647 3685 3357
f 444 473 547
f 583 556 479
f 452 450 455
f 66 47 63
f 3635 3647 3360
f 593 625 672
f 24 48 44
f 415 434 416
f 3529 3973 4050
f 4076 4122 4053
f 4046 4076 3980
f 798 719 664
f 298 366 293
f 378 352 324
f 3948 3980 3883
f 30 11 9
f 4123 4138 4120
f 2778 2587 2589
f 236 178 216
f 233 308 336
f 2736 2572 2577
f 393 364 352
f 4144 4157 4156
f 640 584 490
f 4529 4540 4528
f 4670 4644 4680
f 291 261 217
f 592 571 570
f 268 214 249
f 345 320 265
f 4579 4509 4536
f 173 161 351
f 4764 4772 4812
f 2711 2569 2572
f 4680 4644 4579
f 4887 4881 4809
f 2633 2619 2513
f 4979 4990 4984
f 4977 4966 4988
f 4995 5006 5003
f 3817 3199 3367
f 640 524 634
f 4120 4143 4122
f 3594 3742 3567
f 4987 4995 4992
f 4571 4583 4610
f 4999 5004 4997
f 4981 4992 4990
f 4936 4926 4909
f 4841 4836 4871
f 4858 4871 4836
f 340 334 350
f 2649 2563 2574
f 2656 2672 2631
f 414 335 430
f 189 173 266
f 3064 3088 3357
f 4883 4865 4871
f 14 4 20
f 4881 4887 4922
f 4458 4545 4521
f 649 672 625
f 436 398 401
f 4906 4922 4950
f 4878 4892 4876
f 4882 4911 4892
f 4878 4861 4854
f 321 368 382
f 4509 4579 4644
f 4524 4541 4622
f 562 541 557
f 4632 4636 4638
f 5016 5013 5006
f 2717 2542 2543
f 4766 4785 4752
f 4438 4494 4537
f 4651 4630 4652
f 4661 4611 4834
f 4477 4399 4441
f 60 53 72
f 95 109 70
f 321 265 248
f 4639 4728 4696
f 390 388 355
f 111 98 125
f 108 97 135
f 5003 5012 5011
f 4957 4924 4978
f 4900 4887 4822
f 397 464 313
f 538 593 609
f 455 467 481
f 368 402 394
f 419 439 306
f 573 579 507
f 4828 4798 4796
f 4798 4746 4756
f 4846 4796 4817
f 4894 4876 4892
f 4712 4700 4725
f 4477 4558 4639
f 4937 4907 4929
f 4915 4894 4907
f 244 242 177
f 4814 4835 4793
f 4785 4814 4765
f 484 521 552
f 161 173 110
f 233 217 247
f 4508 4592 4546
f 4498 4522 4504
f 4592 4619 4575
f 4574 4656 4622
f 443 522 430
f 357 452 431
f 4170 4175 4157
f 192 213 193
f 4570 4611 4592
f 644 650 622
f 4551 4581 4549
f 62 74 84
f 2704 2310 2296
f 115 109 95
f 155 198 182
f 4771 4777 4750
f 256 246 229
f 4912 4873 4917
f 251 264 276
f 4950 4971 4948
f 534 540 587
f 473 493 549
f 3630 3638 3366
f 4870 4838 4821
f 4939 4948 4976
f 4822 4809 4771
f 4904 4948 4939
f 107 117 93
f 4847 4775 4839
f 4774 4699 4775
f 346 342 400
f 215 223 283
f 37 118 97
f 571 557 555
f 4617 4459 4507
f 2591 2509 2511
f 4596 4598 4623
f 4868 4834 4890
f 420 376 335
f 4979 4964 4969
f 4598 4602 4616
f 2547 2556 2521
f 2776 2770 2581
f 226 189 222
f 4815 4804 4864
f 243 248 265
f 4984 4994 4988
f 4933 4910 4901
f 362 287 259
f 4532 4557 4636
f 160 102 120
f 4643 4469 4423
f 4436 4415 4429
f 346 384 266
f 4914 4880 4905
f 4875 4849 4844
f 4910 4877 4875
f 4946 4911 4897
f 4640 4683 4762
f 195 165 184
f 532 534 600
f 87 89 77
f 4743 4722 4711
f 4968 4984 4960
f 4912 4900 4860
f 88 71 93
f 2584 2600 2467
f 40 31 43
f 374 466 452
f 2758 2219 2213
f 684 677 668
f 4783 4710 4688
f 578 598 641
f 4542 4491 4453
f 4778 4770 4736
f 693 689 676
f 4532 4454 4436
f 4735 4680 4733
f 115 131 100
f 4488 4456 4440
f 7 6 16
f 52 45 53
f 2785 2791 2719
f 486 458 469
f 8 13 12
f 529 566 593
f 254 216 214
f 4138 4156 4143
f 95 83 89
f 945 812 823
f 3370 3140 3175
f 143 179 219
f 4628 4596 4618
f 695 694 652
f 636 620 675
f 3310 3168 3177
f 4415 4436 4454
f 683 676 605
f 4332 4348 4350
f 521 611 617
f 604 582 548
f 694 693 683
f 4752 4765 4738
f 321 285 365
f 4561 4546 4575
f 4493 4495 4488
f 4539 4561 4563
f 502 525 564
f 4786 4842 4820
f 317 242 244
f 559 563 456
f 367 374 357
f 4936 4899 4910
f 4808 4692 4666
f 689 684 670
f 463 484 506
f 4349 4394 4390
f 2752 3570 3579
f 4398 4348 4347
f 4332 4349 4343
f 4506 4535 4529
f 4456 4401 4387
f 4429 4415 4421
f 4705 4741 4780
f 4928 4908 4913
f 4463 4504 4520
f 4456 4488 4515
f 4657 4710 4741
f 4351 4392 4394
f 537 526 474
f 4384 4465 4442
f 615 535 544
f 4479 4539 4548
f 3926 3930 3986
f 4937 4952 4923
f 237 229 210
f 4933 4930 4934
f 324 282 227
f 278 331 280
f 4628 4637 4683
f 4975 4973 4985
f 691 682 689
f 463 466 521
f 676 670 586
f 617 674 660
f 119 86 64
f 3299 3501 2895
f 523 543 574
f 416 367 322
f 4939 4970 4954
f 4638 4660 4648
f 4148 3817 3959
f 123 150 94
f 2891 2886 3013
f 399 391 362
f 4486 4512 4483
f 4529 4535 4572
f 4801 4811 4805
f 565 549 493
f 4830 4859 4869
f 380 392 362
f 4473 4455 4493
f 4809 4833 4777
f 4481 4531 4516
f 447 479 469
f 394 399 392
f 114 124 87
f 2564 2548 2349
f 4506 4502 4518
f 4331 4324 4326
f 3848 3898 3575
f 4409 4444 4441
f 4698 4689 4646
f 375 413 477
f 4879 4913 4908
f 4479 4484 4389
f 626 641 678
f 620 615 665
f 695 691 693
f 4407 4429 4422
f 4709 4757 4702
f 641 598 633
f 586 602 526
f 4659 4702 4625
f 4693 4709 4659
f 4646 4641 4586
f 4942 4919 4928
f 489 447 437
f 4101 4120 4076
f 4924 4957 4862
f 404 517 468
f 273 206 134
f 4615 4665 4581
f 4581 4665 4688
f 156 202 196
f 44 128 132
f 3067 3086 3008
f 199 134 94
f 108 123 63
f 4641 4659 4573
f 4203 4218 4265
f 4244 4265 4300
f 3287 3294 3344
f 4078 4049 4059
f 2853 2846 2548
f 4463 4466 4392
f 3986 3930 3931
f 3371 3381 3424
f 3567 3742 3854
f 3381 3368 3411
f 4227 4209 4189
f 3902 3771 3738
f 3172 3412 3547
f 3925 4013 4001
f 3424 3411 3491
f 2965 2961 2972
f 4895 4897 4911
f 4768 4666 4617
f 2864 2788 2801
f 450 435 438
f 333 431 389
f 4514 4472 4546
f 4299 4275 4281
f 2668 2696 2728
f 369 380 336
f 4539 4479 4474
f 304 327 427
f 2726 2803 2800
f 261 227 193
f 242 309 211
f 4890 4847 4888
f 61 46 56
f 2738 2710 2686
f 2714 2706 2645
f 2726 2714 2643
f 4068 4056 4058
f 4469 4643 4658
f 4611 4570 4774
f 4917 4873 4808
f 3103 3284 3265
f 2811 2792 2763
f 2893 2855 2868
f 4550 4537 4556
f 2873 2895 2570
f 2570 2320 2327
f 4708 4677 4695
f 4598 4596 4606
f 4613 4642 4647
f 4868 4921 4905
f 4446 4493 4480
f 2855 2893 2826
f 2910 2926 2847
f 3281 3333 3194
f 4902 4885 4837
f 2894 2748 2746
f 4921 4942 4945
f 4176 4216 4238
f 2765 2510 2506
f 4305 4313 4271
f 4998 4991 4970
f 2605 2621 2655
f 2514 2563 2551
f 2846 2843 2540
f 4401 4456 4474
f 2313 2356 2368
f 4516 4531 4562
f 3990 3986 4033
f 2328 2349 2548
f 2889 2746 2747
f 2354 2314 2288
f 2889 3023 3004
f 2869 2717 2740
f 2923 2827 2904
f 2395 2425 2397
f 2744 2663 2692
f 2820 2723 2744
f 2723 2649 2663
f 2788 2725 2718
f 4789 4842 4860
f 4457 4547 4554
f 4681 4629 4577
f 4517 4524 4503
f 2226 2715 2773
f 4555 4526 4498
f 2832 2852 2610
f 4977 4978 4932
f 2675 2698 2730
f 4298 4303 4312
f 4482 4466 4520
f 4829 4823 4837
f 2824 2681 2690
f 2951 2815 2824
f 2518 2574 2563
f 3636 3525 3532
f 4794 4805 4800
f 3599 3636 3748
f 3327 3116 3122
f 3068 2901 2930
f 4481 4482 4530
f 3881 3921 3776
f 4681 4731 4703
f 3708 3748 3877
f 3877 3748 3771
f 3594 3708 3827
f 3391 3413 3457
f 3327 3507 3594
f 3525 3457 3452
f 3338 3391 3434
f 4465 4516 4492
f 3278 3220 3218
f 46 61 68
f 4741 4821 4838
f 4117 4131 4114
f 4455 4586 4573
f 4360 4306 4295
f 4369 4310 4306
f 4316 4364 4432
f 3374 3311 3322
f 3371 3335 3365
f 3365 3322 3368
f 3757 3760 3630
f 3342 3364 3413
f 3311 3374 3364
f 3278 3311 3342
f 3220 3278 3300
f 3238 3300 3338
f 2986 3107 3110
f 3300 3342 3391
f 2894 3004 2993
f 3171 3023 3036
f 2992 3104 3107
f 3023 2889 2900
f 3023 3171 3134
f 3318 3268 3308
f 3368 3318 3379
f 3411 3379 3448
f 3379 3308 3388
f 2681 2676 2532
f 2858 2865 2562
f 4103 4116 4126
f 3004 3134 3101
f 2993 3101 3104
f 3308 3171 3208
f 3268 3134 3171
f 4088 4084 4094
f 2771 2205 2207
f 2586 2508 2509
f 3218 3101 3134
f 3220 3104 3101
f 3119 3286 3307
f 2976 3110 3119
f 3988 4049 4025
f 2848 2703 2717
f 2836 2690 2703
f 3931 3864 3863
f 3657 3449 3562
f 3317 3371 3426
f 3364 3309 3351
f 3351 3267 3314
f 3499 3409 3256
f 3483 3409 3499
f 3267 3170 3197
f 3181 2979 3068
f 3804 3881 3735
f 3314 3197 3256
f 3875 3872 3925
f 3406 3314 3409
f 3229 3274 3078
f 3885 3738 3657
f 2783 2821 3142
f 3499 3334 3449
f 3136 3247 3228
f 3334 3125 3182
f 2520 2526 2615
f 2915 2770 2776
f 3114 2962 2991
f 3136 2991 3020
f 2615 2732 2692
f 3294 3287 3229
f 3256 3073 3125
f 3003 3254 3182
f 3562 3449 3182
f 3197 3039 3073
f 4855 4840 4903
f 3039 2907 2915
f 2954 3182 3125
f 2991 2860 2882
f 2542 2717 2703
f 2620 2608 2631
f 2597 2578 2609
f 2576 2578 2547
f 2620 2623 2609
f 2766 2901 2842
f 2768 2822 2826
f 2757 2762 2743
f 2794 2786 2826
f 2757 2745 2786
f 2745 2712 2768
f 2639 2712 2684
f 2696 2722 2763
f 2684 2702 2647
f 2729 2743 2691
f 2712 2745 2702
f 2576 2545 2551
f 2561 2571 2480
f 2796 2847 2809
f 2774 2809 2734
f 2808 2809 2847
f 2844 2711 2736
f 2876 2740 2748
f 2935 2928 2807
f 2962 2844 2860
f 2805 2810 2699
f 2421 2441 2616
f 2224 2261 2251
f 2693 2699 2559
f 2448 2417 2440
f 3306 3405 3495
f 2694 2693 2560
f 3317 3405 3306
f 2294 2250 2302
f 2407 2440 2450
f 2262 2269 2311
f 2807 2805 2693
f 3306 3359 3127
f 2907 2772 2770
f 3099 3127 2939
f 3274 3306 3099
f 2934 2776 2778
f 4194 4180 4256
f 4267 4266 4338
f 4226 4251 4252
f 3820 3669 3654
f 2261 2224 2288
f 3090 3142 3626
f 2510 2603 2231
f 3669 3820 3831
f 2765 2783 3090
f 3815 3161 3139
f 3146 3142 2821
f 2524 2534 2837
f 2441 2454 2610
f 2255 2506 2510
f 4802 4795 4791
f 4083 4148 4257
f 3946 3981 3626
f 4416 4452 4485
f 4293 4316 4380
f 3503 3525 3636
f 4802 4780 4837
f 4513 4525 4528
f 3700 3817 4148
f 3078 3099 2932
f 4717 4643 4649
f 3828 3703 3749
f 3863 3767 3766
f 4074 4103 4109
f 3836 3618 3558
f 4428 4406 4405
f 4725 4791 4781
f 4426 4405 4404
f 3871 3866 3745
f 2784 2207 2214
f 4417 4404 4391
f 2552 2499 2501
f 4459 4417 4403
f 2527 2529 2618
f 4062 4067 4088
f 4393 4397 4373
f 4445 4420 4439
f 4428 4461 4448
f 4411 4448 4444
f 4648 4610 4583
f 4289 4284 4303
f 2743 2774 2708
f 4403 4391 4374
f 4668 4718 4690
f 4927 4953 4940
f 4631 4583 4578
f 4987 4980 4986
f 4831 4798 4828
f 4685 4601 4560
f 5000 5010 5016
f 4590 4666 4692
f 2935 2816 2844
f 3307 3443 3507
f 2746 2536 2533
f 4509 4464 4380
f 4207 4224 4316
f 885 794 812
f 4464 4423 4354
f 4123 4134 4144
f 3340 3487 3467
f 4487 4686 4706
f 4455 4460 4495
f 4861 4814 4785
f 4946 4960 4929
f 3703 3706 3554
f 4033 3986 3985
f 3621 3372 3414
f 2691 2708 2628
f 4779 4790 4745
f 4909 4895 4891
f 1422 1626 1572
f 2725 2720 2688
f 2964 2824 2836
f 4107 3892 4168
f 2636 2650 2640
f 2623 2639 2630
f 4982 4967 5007
f 424 451 446
f 41 130 118
f 4841 4832 4784
f 104 110 80
f 4595 4664 4676
f 4587 4582 4595
f 4986 4980 4958
f 69 52 60
f 4704 4711 4718
f 2781 2710 2738
f 4663 4614 4435
f 4686 4487 4425
f 4591 4612 4572
f 3408 3351 3406
f 136 183 176
f 4723 4722 4743
f 367 416 434
f 4810 4795 4829
f 4772 4781 4810
f 4806 4751 4734
f 4812 4810 4840
f 4861 4876 4835
f 4268 4267 4337
f 4186 4192 4268
f 4669 4715 4663
f 4322 4323 4378
f 3286 3399 3443
f 3746 3749 3561
f 2713 2638 2649
f 11 4 6
f 4926 4925 4918
f 4689 4748 4750
f 4715 4686 4614
f 2843 2837 2534
f 3375 3366 3638
f 4584 4663 4476
f 4467 4584 4427
f 4287 4361 4427
f 4202 4287 4330
f 4219 4330 4358
f 4707 4772 4764
f 3561 3281 3288
f 4002 3826 3837
f 4162 4186 4259
f 3957 3793 3799
f 4125 4162 4236
f 24 19 46
f 4431 4553 4467
f 4373 4375 4377
f 4169 4236 4287
f 4236 4259 4361
f 483 536 543
f 142 110 173
f 4333 4457 4434
f 4543 4497 4523
f 4402 4499 4451
f 145 79 103
f 4555 4527 4484
f 4368 4451 4437
f 54 23 14
f 3932 3926 3990
f 19 15 28
f 4152 4112 4158
f 179 143 129
f 42 13 17
f 3866 3870 3757
f 379 197 258
f 165 103 168
f 342 406 405
f 4425 4487 4277
f 5004 5011 5002
f 4050 4230 4263
f 2454 2467 2600
f 2635 2642 2624
f 571 592 567
f 2820 2920 2917
f 3648 3769 3789
f 330 292 255
f 2758 3553 3570
f 1871 1974 1269
f 2800 2785 2706
f 179 227 282
f 51 26 11
f 4582 4667 4664
f 4100 4176 4201
f 2764 3546 3529
f 3233 3861 2773
f 4993 5008 4996
f 4213 4358 4334
f 719 699 634
f 3981 3946 4169
f 333 287 322
f 121 178 131
f 4850 4821 4783
f 3973 4190 4230
f 4585 4595 4633
f 3936 4118 4190
f 4401 4335 4329
f 3936 3546 3582
f 428 433 478
f 4921 4890 4919
f 237 231 243
f 259 323 291
f 4553 4669 4584
f 2305 2328 2540
f 4108 4277 4270
f 4105 4270 4248
f 2508 2586 2582
f 4248 4270 4424
f 3965 3981 4202
f 4430 4485 4507
f 3561 3749 3703
f 4068 4071 4082
f 4251 4226 4214
f 2800 2885 2886
f 2874 2963 2974
f 4226 4198 4182
f 4241 4214 4209
f 160 192 152
f 376 330 293
f 2859 2798 2806
f 16 14 23
f 2920 2989 2978
f 2989 3014 3100
f 3011 2925 2941
f 2989 2920 2923
f 4951 4955 4973
f 4394 4482 4481
f 4707 4716 4723
f 3089 2963 2942
f 2931 2897 2825
f 2963 3089 3126
f 2961 2965 2931
f 4564 4544 4647
f 3389 3333 3534
f 2726 2651 2658
f 4458 4426 4417
f 3444 3518 3487
f 2926 2931 2851
f 2854 2806 2825
f 4684 4764 4761
f 490 441 349
f 2994 3013 2886
f 2963 2874 2859
f 3582 2771 2784
f 3100 3295 3482
f 611 661 674
f 3214 3482 3558
f 3011 3100 3214
f 3303 3558 3618
f 3295 3547 3704
f 2877 2885 2800
f 3828 3804 3706
f 4295 4261 4245
f 423 413 273
f 4018 3919 3922
f 763 780 774
f 434 415 405
f 511 481 513
f 4558 4441 4601
f 4626 4569 4582
f 4623 4616 4635
f 3945 4087 4133
f 4760 4755 4787
f 2320 1888 2040
f 222 266 285
f 4162 4125 3915
f 3856 3987 4087
f 3662 3421 3356
f 3945 3785 3704
f 2859 2874 2804
f 3476 3421 3662
f 4016 3857 3849
f 4026 3849 3836
f 4200 4223 4234
f 4223 4232 4249
f 2974 2994 2885
f 4203 4140 4150
f 3169 3126 3356
f 4140 4016 4026
f 4177 4121 4140
f 3586 2754 2751
f 2697 2669 3095
f 3193 3169 3421
f 3312 3285 3578
f 3614 3578 3745
f 3991 3862 3857
f 3262 3230 3519
f 3556 3519 3720
f 4160 4136 4166
f 4135 4149 4131
f 4188 4217 4245
f 594 554 550
f 4251 4281 4275
f 4334 4358 4476
f 4136 4104 4137
f 3940 3963 4073
f 4433 4400 4366
f 4096 3972 3991
f 4067 4068 4084
f 4792 4818 4801
f 4104 4039 4073
f 2994 2974 3126
f 4159 4096 4121
f 3285 3312 3115
f 3077 3115 2957
f 3056 3077 2921
f 3262 3285 3077
f 4254 4237 4289
f 4099 4114 4097
f 3405 3426 3526
f 733 728 762
f 2798 2742 2761
f 2493 2497 2554
f 2827 2744 2789
f 2777 2724 2823
f 2908 2921 2831
f 4672 4745 4740
f 2600 2584 2817
f 1876 2169 2159
f 2705 2755 2739
f 1023 941 1758
f 2739 2799 2797
f 1762 2125 2105
f 847 825 874
f 3959 4044 4224
f 3614 3630 3346
f 2801 2718 2713
f 480 478 433
f 2666 2727 2760
f 2832 2817 3057
f 4306 4272 4261
f 2554 2550 2625
f 2633 2637 2734
f 2556 2547 2578
f 2553 2549 2657
f 3512 3575 3133
f 3929 3863 3875
f 3716 2787 2773
f 1729 2105 2084
f 3670 2784 2787
f 3170 3267 3247
f 4787 4755 4753
f 4027 4128 4147
f 2849 2777 2914
f 4327 4295 4276
f 4079 4061 4069
f 2695 2657 2777
f 2661 2677 2664
f 4238 4274 4229
f 4318 4303 4284
f 3971 4040 3770
f 4035 3985 3996
f 2755 2813 2799
f 4154 4129 4201
f 2929 2911 2922
f 4274 4333 4256
f 4180 4154 4229
f 2657 2634 2724
f 3965 4219 4213
f 2651 2643 2575
f 2700 2694 2557
f 4964 4931 4949
f 2608 2576 2590
f 2926 2910 2936
f 4165 4208 4216
f 3866 3871 3972
f 4198 4226 4233
f 2867 2884 2888
f 4618 4623 4673
f 2595 2579 2378
f 4072 4165 4176
f 4152 4183 4200
f 3196 3031 3232
f 4152 4161 4064
f 4234 4249 4264
f 4199 4206 4232
f 4183 4199 4223
f 2918 2849 3031
f 2627 2647 2592
f 4208 4234 4246
f 4301 4363 4333
f 4283 4314 4301
f 2899 2801 2812
f 4314 4368 4363
f 4262 4301 4274
f 4310 4369 4352
f 4352 4402 4368
f 4762 4788 4742
f 4369 4413 4402
f 3035 3056 2908
f 2187 2176 2111
f 2220 2031 2076
f 4299 4352 4314
f 4196 4192 4030
f 4194 4196 4051
f 4121 3991 4016
f 4000 3951 3632
f 2727 2797 2830
f 3192 3173 2843
f 3093 3133 2852
f 4051 4030 3691
f 3728 3691 3213
f 2648 2687 2666
f 2647 2667 2604
f 3691 3653 3192
f 4205 4233 4232
f 4019 4052 3730
f 3710 3730 3239
f 3173 3164 2837
f 3808 3790 4064
f 5002 5005 4965
f 4424 4487 4607
f 4030 4000 3653
f 3914 3971 3715
f 4881 4884 4833
f 3227 3213 2853
f 3632 3619 3164
f 4204 3716 3861
f 2019 2124 2111
f 3730 3728 3227
f 4825 4787 4851
f 3810 3970 3949
f 3951 3915 3619
f 2145 1802 1833
f 1604 1598 2043
f 3353 3357 3685
f 4414 4341 4337
f 2817 2779 3002
f 2617 2605 2622
f 4124 4145 4126
f 3575 3668 3195
f 3898 3961 3668
f 3668 3710 3231
f 4658 4643 4717
f 4060 4048 4075
f 2629 2625 2550
f 3951 4000 4186
f 4212 4168 4254
f 4014 4063 4074
f 4694 4717 4769
f 4257 4293 4354
f 4286 4334 4435
f 533 459 348
f 2804 2874 2877
f 2910 2893 2909
f 3109 3095 2669
f 4953 4968 4946
f 2767 2834 2802
f 2778 2776 2585
f 3643 3373 3375
f 1888 1328 1490
f 4406 4397 4393
f 4091 4083 4240
f 4571 4593 4613
f 3700 3667 3095
f 4874 4908 4888
f 4180 4194 4052
f 3667 3700 4083
f 2852 2883 2616
f 3311 3278 3277
f 4492 4516 4557
f 3335 3344 3374
f 4406 4428 4411
f 2371 2353 2653
f 2402 2390 2697
f 2640 2668 2685
f 2641 2661 2646
f 2646 2660 2650
f 2650 2659 2668
f 3273 3299 2873
f 832 807 773
f 4656 4574 4542
f 2654 2712 2639
f 2686 2635 2674
f 2626 2654 2621
f 2707 2768 2712
f 4442 4492 4436
f 2679 2642 2635
f 2728 2763 2792
f 4375 4447 4450
f 4706 4730 4719
f 4449 4450 4447
f 2718 2725 2672
f 2673 2664 2670
f 3961 4019 3710
f 4058 4033 4035
f 2315 2154 2192
f 4736 4758 4752
f 723 735 776
f 792 825 847
f 728 723 760
f 4603 4605 4543
f 3040 3103 3080
f 3103 3040 3105
f 4271 4285 4228
f 4142 4107 4212
f 4313 4305 4290
f 4340 4288 4250
f 3825 4153 4195
f 3430 3377 2872
f 4296 4367 4866
f 1940 2193 2169
f 799 773 748
f 2223 2176 2187
f 2287 2400 2410
f 1265 986 1069
f 4414 4467 4361
f 3950 4005 4130
f 4237 4240 4284
f 1112 1023 1818
f 2819 2831 2775
f 3978 3998 3822
f 1786 2135 2125
f 1974 2052 1420
f 4086 4146 4367
f 2387 2266 2292
f 3521 2741 2754
f 1626 1819 1781
f 3164 3146 2828
f 945 1490 1328
f 672 649 642
f 4189 4209 4172
f 1802 2145 2135
f 4311 4284 4240
f 546 519 427
f 374 367 401
f 457 516 508
f 426 372 329
f 4159 4177 4217
f 839 970 881
f 4020 4034 4057
f 5020 5022 5023
f 4889 4982 4974
f 3871 3862 3991
f 2413 2418 2507
f 1590 1633 891
f 1819 2019 1969
f 2779 2737 2918
f 3906 3828 3876
f 627 558 459
f 4224 4248 4364
f 3454 3378 3790
f 2284 2262 2300
f 2723 2820 2812
f 2311 2343 2355
f 2272 2211 2197
f 2343 2334 2366
f 2313 2300 2351
f 2458 2405 2447
f 2250 2211 2272
f 2725 2788 2767
f 2425 2395 2384
f 3797 3596 4164
f 4720 4827 5014
f 2311 2361 2351
f 4242 4164 4359
f 2397 2425 2450
f 2347 2368 2375
f 2352 2373 2430
f 2412 2444 2440
f 2429 2450 2425
f 2373 2352 2302
f 2334 2343 2311
f 4260 4066 3913
f 3013 2994 3169
f 4903 4885 4902
f 338 373 363
f 716 721 753
f 4767 4824 4757
f 4204 4334 4286
f 4286 4190 4118
f 3870 3866 3963
f 4190 4286 4353
f 4668 4597 4687
f 3727 3854 3987
f 186 189 226
f 3339 3068 3116
f 2658 2586 2591
f 188 186 231
f 85 129 143
f 655 621 470
f 621 591 432
f 470 432 325
f 514 470 372
f 4614 4425 4353
f 516 550 554
f 364 393 385
f 196 260 276
f 206 273 413
f 4716 4718 4722
f 1065 1123 1119
f 1075 1119 1143
f 1042 1075 1094
f 1027 1065 1075
f 1773 1663 1718
f 1820 1810 1718
f 1857 1689 1713
f 1845 1872 1705
f 1925 1976 1872
f 1962 1857 1887
f 1459 1442 1675
f 1474 1459 1698
f 1311 1303 1459
f 1303 1290 1442
f 1698 1675 1803
f 1712 1698 1808
f 1290 1289 1424
f 1442 1424 1664
f 1675 1664 1806
f 1806 1919 1870
f 1434 1672 1662
f 1424 1425 1662
f 1289 1297 1425
f 1305 1434 1425
f 982 962 964
f 895 875 892
f 820 841 856
f 1005 1032 1027
f 982 1005 1002
f 1001 1005 982
f 1034 1032 1005
f 1071 1127 1126
f 1068 1126 1123
f 1032 1068 1065
f 1034 1071 1068
f 1126 1188 1180
f 1185 1188 1126
f 1190 1185 1127
f 1071 1073 1129
f 1034 1028 1073
f 1001 994 1028
f 974 965 994
f 965 974 964
f 978 955 1007
f 994 978 1022
f 965 944 978
f 944 929 955
f 1072 1064 1136
f 1073 1072 1135
f 1028 1022 1072
f 1022 1007 1064
f 1129 1135 1222
f 1135 1136 1216
f 1488 1718 1663
f 1488 1495 1334
f 1488 1304 1311
f 1712 1718 1488
f 1178 1220 1143
f 1123 1180 1178
f 1332 1399 1345
f 1332 1236 1220
f 1473 1332 1334
f 1473 1469 1399
f 1495 1663 1621
f 1473 1621 1536
f 1663 1773 1740
f 1621 1740 1610
f 1406 1175 1210
f 784 765 902
f 1114 1110 1021
f 1120 1114 1031
f 1221 1212 1114
f 1212 1204 1110
f 1097 1074 1036
f 1078 1036 1014
f 1209 1226 1078
f 1226 1243 1097
f 792 766 739
f 1010 988 979
f 1042 1010 1002
f 1058 1040 1010
f 1040 1015 988
f 988 966 956
f 1124 1258 1231
f 1124 1091 1058
f 1162 1124 1094
f 1162 1286 1258
f 1086 1232 1218
f 1086 1062 1015
f 1091 1086 1040
f 1231 1232 1086
f 1015 1000 966
f 2365 2378 2579
f 1026 1186 1192
f 1026 1037 976
f 1046 1026 981
f 1046 1200 1186
f 1050 1061 1014
f 1037 1050 993
f 1192 1197 1050
f 1197 1209 1061
f 950 962 956
f 938 950 942
f 947 964 950
f 932 947 938
f 927 938 930
f 904 927 918
f 911 932 927
f 942 956 966
f 981 953 966
f 946 953 981
f 930 942 953
f 916 899 918
f 937 928 918
f 952 939 928
f 939 931 916
f 971 960 931
f 985 971 939
f 1048 1031 971
f 1031 1021 960
f 958 946 976
f 972 958 993
f 937 958 972
f 937 930 946
f 972 1014 1036
f 1006 1036 1074
f 985 1006 1057
f 952 972 1006
f 1057 1074 1146
f 1134 1146 1241
f 1120 1134 1229
f 1048 1057 1134
f 1387 1154 1175
f 1342 1415 1372
f 1789 1641 1667
f 1825 1667 1689
f 1899 1825 1857
f 1840 1789 1825
f 1372 1415 1483
f 1637 1544 1611
f 1676 1637 1723
f 1374 1372 1512
f 1466 1508 872
f 1247 1241 1146
f 1164 1146 1074
f 1243 1282 1164
f 1282 1342 1247
f 758 768 858
f 1117 1517 1550
f 1723 1611 1641
f 1777 1723 1789
f 1916 1840 1899
f 2006 1899 1962
f 2036 2006 2048
f 1961 1916 2006
f 1826 1777 1840
f 1862 1826 1916
f 1730 1725 1826
f 1725 1676 1777
f 1564 1379 1374
f 1562 1377 1379
f 1749 1730 1862
f 1779 1749 1882
f 1612 1567 1749
f 1567 1562 1730
f 1870 1929 1820
f 1919 2030 1929
f 1929 2030 1999
f 1901 1999 1925
f 1810 1901 1854
f 1820 1929 1901
f 2059 2074 2072
f 2007 2059 2048
f 1999 2039 1976
f 2030 2062 2039
f 1854 1925 1845
f 1801 1845 1679
f 1740 1801 1649
f 1773 1854 1801
f 2058 2036 2072
f 2081 2058 2094
f 2002 2058 2081
f 2002 1961 2036
f 1882 1862 1961
f 1882 2002 2015
f 2062 2030 2071
f 2088 2071 2083
f 2095 2088 2102
f 2074 2062 2088
f 1823 1806 1664
f 1831 1823 1662
f 1919 1806 1823
f 1953 1823 1831
f 2071 1953 1981
f 2030 1919 1953
f 1434 1305 1312
f 1447 1312 1317
f 1688 1447 1468
f 1672 1434 1447
f 992 1541 1490
f 1000 1015 1062
f 934 955 929
f 910 934 908
f 948 980 934
f 980 1007 955
f 1052 1064 1007
f 1033 1052 980
f 1125 1139 1052
f 1139 1136 1064
f 1305 1216 1219
f 1312 1219 1199
f 883 904 899
f 861 883 876
f 875 895 883
f 895 911 904
f 2081 2109 2132
f 2126 2132 2160
f 2087 2126 2158
f 2087 2015 2081
f 2102 2083 2097
f 2122 2097 2119
f 2128 2122 2141
f 2110 2102 2122
f 1831 1672 1688
f 1843 1688 1708
f 1981 1831 1843
f 2003 1843 1868
f 2097 2003 2037
f 2083 1981 2003
f 811 784 941
f 765 742 891
f 977 1102 1049
f 922 1049 963
f 882 922 877
f 914 977 922
f 888 889 863
f 864 863 837
f 876 864 842
f 876 899 888
f 897 914 882
f 843 873 882
f 863 873 843
f 889 897 873
f 1851 1956 2027
f 1926 1874 2027
f 1726 1635 1874
f 1640 1851 1874
f 1956 2015 2087
f 2027 2087 2133
f 1779 1890 1865
f 1813 1791 1865
f 1636 1638 1791
f 1638 1612 1779
f 1890 2015 1897
f 686 653 828
f 1204 1212 1365
f 1113 1110 1204
f 1113 1210 1175
f 1019 1113 1085
f 1019 1021 1110
f 949 960 1021
f 949 1019 989
f 925 949 933
f 925 931 960
f 912 925 915
f 916 912 905
f 931 925 912
f 1896 1956 1851
f 1896 1824 1813
f 1897 2015 1956
f 1640 1336 1387
f 1645 1387 1406
f 866 872 740
f 923 830 867
f 977 914 954
f 1051 954 989
f 1154 1051 1085
f 1102 977 1051
f 920 954 914
f 903 920 897
f 915 933 920
f 933 989 954
f 888 899 905
f 898 905 915
f 889 888 898
f 3919 3824 3830
f 227 179 152
f 2978 2972 2961
f 2825 2806 2761
f 3978 4036 4048
f 520 513 528
f 4538 4658 4694
f 2989 2941 2972
f 3054 3053 3001
f 272 299 300
f 359 397 332
f 234 222 248
f 4540 4529 4578
f 3322 3277 3318
f 183 223 215
f 4858 4825 4867
f 3546 2764 2771
f 4134 4145 4157
f 59 43 33
f 4588 4602 4565
f 4390 4481 4465
f 298 151 206
f 4160 4172 4149
f 236 212 162
f 332 299 272
f 169 292 284
f 436 405 406
f 244 157 170
f 38 57 35
f 32 38 28
f 45 52 38
f 52 69 57
f 4924 4903 4932
f 3083 3061 3187
f 906 846 1112
f 35 56 46
f 18 16 25
f 27 25 31
f 32 27 40
f 21 18 27
f 451 471 467
f 19 24 17
f 205 158 182
f 135 182 158
f 4410 4452 4416
f 4118 3582 3670
f 4835 4859 4830
f 417 416 391
f 4877 4848 4849
f 389 360 291
f 87 124 106
f 133 158 167
f 144 167 191
f 123 144 171
f 123 108 133
f 119 169 170
f 127 170 157
f 107 113 127
f 86 119 127
f 3961 3898 4129
f 4270 4277 4487
f 579 587 540
f 138 162 139
f 131 138 122
f 178 162 138
f 2603 2715 2226
f 397 300 299
f 536 483 478
f 327 349 441
f 4 14 16
f 4724 4781 4772
f 437 447 458
f 4884 4881 4906
f 4856 4865 4883
f 81 67 59
f 310 297 320
f 281 236 254
f 510 548 582
f 3140 3054 3083
f 351 161 197
f 660 674 677
f 2828 2821 2512
f 467 471 513
f 465 410 412
f 382 394 380
f 595 622 599
f 3706 3804 3689
f 628 649 608
f 169 119 99
f 505 527 449
f 8 7 18
f 2788 2864 2834
f 4537 4494 4519
f 109 100 69
f 2603 2510 2765
f 4789 4771 4748
f 118 155 135
f 4739 4697 4726
f 4486 4513 4510
f 36 65 48
f 292 169 149
f 2904 2789 2842
f 101 66 94
f 151 298 255
f 4698 4653 4682
f 4515 4514 4561
f 250 224 302
f 247 250 295
f 213 192 250
f 192 160 224
f 122 139 120
f 105 120 102
f 78 105 76
f 100 122 105
f 608 527 505
f 4832 4841 4865
f 277 301 276
f 203 224 160
f 203 174 194
f 239 302 224
f 239 194 212
f 262 212 236
f 316 262 281
f 316 302 239
f 4003 3836 3785
f 4199 4167 4173
f 4886 4869 4915
f 478 480 529
f 4338 4434 4431
f 4753 4667 4674
f 517 404 456
f 4489 4449 4471
f 4136 4160 4135
f 4272 4306 4310
f 383 351 379
f 408 379 411
f 453 408 468
f 425 383 408
f 506 552 504
f 411 258 341
f 4413 4470 4499
f 481 511 461
f 4796 4756 4747
f 4570 4508 4699
f 318 244 284
f 328 284 292
f 355 328 330
f 338 318 328
f 353 339 314
f 439 423 294
f 309 242 317
f 151 101 134
f 238 272 241
f 4834 4774 4847
f 54 34 58
f 75 58 86
f 82 75 113
f 82 55 54
f 3824 3621 3656
f 4252 4275 4264
f 4758 4736 4770
f 2529 2528 2604
f 390 376 433
f 356 404 341
f 279 341 258
f 211 279 190
f 309 356 279
f 137 111 141
f 197 137 190
f 161 104 137
f 104 90 111
f 509 573 439
f 45 40 49
f 400 405 415
f 395 415 417
f 365 395 402
f 384 400 395
f 4530 4520 4544
f 13 42 41
f 4634 4655 4605
f 3948 3919 4018
f 13 8 15
f 512 479 447
f 4955 4917 4938
f 4653 4646 4604
f 4763 4688 4665
f 4214 4182 4172
f 486 528 513
f 216 124 166
f 71 55 82
f 4549 4543 4496
f 116 114 91
f 524 490 344
f 4775 4702 4757
f 2637 2633 2519
f 20 26 47
f 112 80 110
f 147 142 189
f 146 147 186
f 114 116 147
f 116 112 142
f 4985 5000 5008
f 231 226 234
f 287 362 391
f 129 85 102
f 4896 4920 4913
f 4596 4628 4640
f 274 263 251
f 4568 4556 4604
f 4332 4336 4351
f 305 283 271
f 4805 4849 4848
f 4585 4536 4597
f 139 194 174
f 4901 4875 4880
f 3768 3643 3644
f 566 551 625
f 366 430 335
f 425 406 342
f 360 324 261
f 26 51 63
f 64 39 47
f 4718 4716 4599
f 4959 4974 5000
f 246 320 297
f 4470 4483 4512
f 798 729 846
f 4907 4892 4911
f 4611 4661 4619
f 595 583 512
f 582 604 618
f 23 54 55
f 4990 5001 4994
f 543 536 555
f 96 103 79
f 4729 4742 4665
f 4475 4473 4446
f 525 553 578
f 4613 4609 4589
f 678 641 652
f 526 602 611
f 633 622 650
f 402 417 399
f 501 541 528
f 4873 4754 4692
f 682 675 684
f 553 599 598
f 4864 4819 4848
f 91 87 81
f 4187 4220 3974
f 598 599 622
f 583 595 618
f 677 674 661
f 531 559 547
f 575 547 549
f 596 575 565
f 553 531 575
f 498 517 563
f 518 563 559
f 525 518 531
f 525 502 498
f 454 448 425
f 498 454 453
f 502 474 454
f 474 466 448
f 4488 4495 4514
f 542 535 615
f 552 617 612
f 526 521 466
f 4460 4472 4514
f 48 126 128
f 626 605 564
f 675 665 677
f 562 539 528
f 670 668 602
f 599 553 596
f 303 200 219
f 4951 4922 4887
f 98 93 117
f 552 544 499
f 580 561 636
f 352 303 282
f 3295 3100 3014
f 615 612 660
f 644 691 695
f 34 20 39
f 85 61 76
f 467 455 438
f 437 445 424
f 466 374 387
f 452 466 463
f 4971 4996 4976
f 410 424 422
f 4920 4939 4935
f 4230 4353 4425
f 65 36 68
f 412 422 438
f 492 465 475
f 535 492 499
f 542 497 492
f 497 472 465
f 4365 4383 4339
f 2936 2899 2917
f 3980 4053 3914
f 602 668 661
f 4480 4440 4422
f 4793 4830 4817
f 3426 3424 3514
f 605 586 537
f 561 542 620
f 515 489 472
f 515 497 542
f 545 515 561
f 545 512 489
f 4540 4583 4571
f 410 465 472
f 2898 2866 2888
f 4797 4753 4761
f 628 613 642
f 4531 4530 4564
f 334 316 310
f 4548 4563 4650
f 125 117 159
f 407 373 388
f 418 388 390
f 462 418 428
f 444 407 418
f 356 309 363
f 396 363 373
f 456 396 407
f 404 356 396
f 4415 4418 4438
f 523 548 510
f 495 510 493
f 462 495 473
f 483 523 495
f 4773 4792 4794
f 126 48 65
f 361 271 257
f 2534 2524 2290
f 2740 2543 2537
f 3055 2942 2925
f 99 64 66
f 4451 4523 4497
f 166 146 188
f 431 481 442
f 3577 3288 3310
f 140 159 117
f 442 378 360
f 461 393 378
f 141 125 177
f 4920 4896 4906
f 4724 4723 4732
f 511 530 550
f 714 739 766
f 698 714 735
f 4168 4091 4237
f 929 944 932
f 813 870 874
f 777 813 825
f 1952 1990 1941
f 2035 1998 1993
f 1734 1566 1427
f 1902 1950 1951
f 1906 1951 1955
f 1839 1906 1913
f 1838 1902 1906
f 1709 1652 1472
f 1714 1821 1979
f 1842 1979 2085
f 2103 2127 2114
f 2127 2103 2108
f 2248 2258 2164
f 2233 2248 2161
f 2326 2347 2374
f 2275 2288 2224
f 2268 2275 2201
f 2148 2127 2164
f 2197 2171 2201
f 2447 2433 2448
f 2239 2187 2190
f 2260 2253 2190
f 2319 2253 2260
f 2298 2239 2253
f 2780 2818 2443
f 2314 2354 2366
f 2314 2334 2269
f 2251 2262 2284
f 2197 2211 2185
f 2171 2185 2170
f 2236 2185 2211
f 2217 2157 2170
f 3269 3913 4066
f 4660 4638 4562
f 2500 2495 2514
f 3959 3367 3447
f 3378 3196 3770
f 2226 2218 1476
f 2766 2632 2644
f 2393 2401 2242
f 2232 2242 2165
f 2379 2393 2232
f 2398 2421 2612
f 3817 3700 3109
f 2328 2105 2125
f 4963 4965 4851
f 2428 2445 2280
f 2401 2428 2273
f 2101 2155 2085
f 2181 2233 2155
f 2391 2414 2325
f 2414 2419 2344
f 2344 2350 2258
f 2325 2344 2248
f 2336 2339 2288
f 2342 2336 2275
f 2336 2389 2376
f 2342 2409 2389
f 2350 2344 2419
f 2286 2325 2233
f 4372 4311 4354
f 2464 2468 2333
f 2191 2186 2309
f 2495 2487 2518
f 4491 4447 4375
f 2306 2301 2459
f 2309 2306 2456
f 2186 2183 2306
f 2301 2306 2183
f 2191 2209 2098
f 1936 1973 2092
f 1770 1765 1848
f 1788 1683 1657
f 1489 1472 1652
f 1683 1514 1489
f 1514 1683 1753
f 1788 1860 1889
f 1936 1903 1753
f 1907 1941 1935
f 1895 1935 1949
f 1860 1849 1895
f 1849 1848 1907
f 1934 1889 1860
f 1977 1934 1909
f 2032 2004 1934
f 2004 1973 1889
f 2054 2057 2028
f 2021 2028 2001
f 1971 2021 1992
f 2014 2054 2021
f 1992 2001 1972
f 1998 1970 1972
f 1955 1951 1970
f 1950 1992 1970
f 1982 1972 2001
f 1935 1982 1985
f 1985 2001 2028
f 2011 2028 2057
f 1977 2011 2046
f 1949 1985 2011
f 2184 2182 2112
f 2180 2184 2116
f 2221 2232 2153
f 2273 2280 2180
f 2242 2273 2179
f 2066 2034 2136
f 2091 2066 2153
f 1957 2014 1971
f 1927 1971 1950
f 1856 1927 1902
f 1892 1957 1927
f 1957 1892 2034
f 2014 1957 2066
f 2179 2180 2121
f 2165 2179 2118
f 2054 2014 2091
f 2057 2054 2118
f 2116 2112 2032
f 2121 2116 2046
f 2099 2092 1973
f 2112 2099 2004
f 2183 2186 2092
f 2182 2183 2099
f 2293 2301 2182
f 2280 2293 2184
f 2293 2280 2445
f 2301 2293 2453
f 3915 3946 3616
f 2033 1993 1982
f 4895 4909 4918
f 1891 1952 1907
f 1809 1765 1652
f 1913 1955 1994
f 1982 1941 1990
f 1893 1965 1798
f 1539 1699 1798
f 1900 2038 2069
f 1900 1964 1891
f 2096 2115 2050
f 2025 2050 1990
f 1964 2025 1952
f 2069 2096 2025
f 2147 2241 2244
f 2149 2044 2065
f 2147 2065 2070
f 2225 2241 2147
f 2040 1490 1541
f 2060 2070 2033
f 2050 2060 2020
f 2115 2130 2060
f 2130 2137 2070
f 2044 1994 2035
f 2065 2035 2033
f 2216 2225 2137
f 2199 2216 2130
f 2189 2199 2115
f 2172 2189 2096
f 2152 2172 2069
f 1893 2106 2131
f 2131 2106 2246
f 136 65 79
f 2295 2308 2189
f 2322 2338 2216
f 2152 2131 2271
f 2579 2595 2880
f 2542 2539 2453
f 4398 4389 4350
f 2500 2503 2481
f 2427 2457 2444
f 2405 2363 2433
f 2481 2503 2504
f 2444 2457 2461
f 2479 2447 2461
f 2284 2313 2347
f 2236 2250 2294
f 2331 2278 2294
f 2317 2276 2278
f 2276 2227 2236
f 2341 2312 2317
f 2382 2331 2363
f 2442 2382 2405
f 2403 2341 2359
f 2480 2315 2348
f 2421 2169 2193
f 2491 2493 2549
f 2263 2217 2277
f 2297 2277 2312
f 2377 2297 2341
f 2345 2263 2297
f 2245 2196 2217
f 2329 2245 2263
f 3399 3434 3503
f 4291 4220 4290
f 3855 3884 3299
f 4282 4273 4317
f 2493 2387 2396
f 2357 2388 2241
f 2254 2385 2394
f 4717 4740 4784
f 2388 2494 2490
f 2486 2494 2388
f 5001 5011 5004
f 3412 3567 3727
f 2477 2486 2357
f 2469 2477 2338
f 4005 3877 3902
f 2241 2388 2386
f 2308 2322 2199
f 2338 2357 2225
f 2488 2394 2385
f 2489 2385 2386
f 2560 2489 2490
f 2559 2488 2489
f 2026 2009 1884
f 2026 1943 1994
f 2142 2026 2044
f 2134 2009 2026
f 2254 2142 2149
f 2247 2134 2142
f 4373 4397 4411
f 2271 2246 2451
f 4682 4696 4728
f 4525 4513 4501
f 2322 2308 2463
f 2308 2295 2465
f 4705 4700 4634
f 2281 2271 2462
f 2804 2803 2726
f 2491 2369 2387
f 2816 2700 2711
f 715 790 761
f 697 761 741
f 681 591 621
f 715 697 621
f 1229 1241 1374
f 1151 894 896
f 1151 1598 1604
f 987 800 783
f 894 783 797
f 1063 970 1550
f 872 879 738
f 846 811 1023
f 1221 1229 1379
f 818 913 896
f 913 818 840
f 1224 1684 1643
f 1183 1643 1606
f 2067 1643 1684
f 941 902 1692
f 2255 2237 1987
f 2810 2805 2932
f 2441 2193 2220
f 3926 3932 3873
f 2571 2561 2737
f 2870 2853 2564
f 4437 4497 4547
f 4363 4437 4457
f 4462 4446 4421
f 854 752 719
f 204 195 200
f 812 756 757
f 664 634 558
f 4259 4268 4341
f 287 333 323
f 519 546 590
f 2920 2820 2827
f 770 753 794
f 200 184 168
f 530 511 520
f 750 753 721
f 1035 854 798
f 84 74 80
f 527 551 480
f 55 71 62
f 15 8 21
f 289 252 326
f 289 344 349
f 245 289 327
f 209 252 289
f 201 167 158
f 245 230 191
f 208 204 277
f 603 601 623
f 616 603 631
f 587 579 603
f 579 573 601
f 2881 2840 2898
f 301 364 329
f 763 794 753
f 640 651 610
f 632 623 601
f 614 601 573
f 610 614 585
f 651 632 614
f 643 651 658
f 643 646 639
f 623 632 643
f 600 587 616
f 638 616 639
f 658 642 638
f 613 600 638
f 4370 4407 4395
f 171 191 230
f 221 230 306
f 199 221 294
f 150 171 221
f 4427 4476 4358
f 471 451 424
f 2957 2990 2879
f 2501 2505 2575
f 314 339 288
f 4154 4180 4019
f 364 301 303
f 3870 3872 3760
f 420 449 433
f 3080 3265 3248
f 567 530 539
f 217 193 213
f 4167 4143 4156
f 33 43 31
f 70 60 77
f 124 216 178
f 445 458 486
f 4699 4625 4702
f 443 477 532
f 2897 2931 2965
f 26 20 4
f 4934 4943 4958
f 4044 4080 4248
f 4859 4835 4876
f 4698 4744 4748
f 4957 4961 4857
f 3277 3218 3268
f 423 439 507
f 488 507 540
f 477 488 534
f 413 423 488
f 312 311 218
f 218 311 296
f 387 401 398
f 480 551 566
f 634 524 464
f 397 459 558
f 846 729 708
f 729 664 627
f 708 627 533
f 811 708 680
f 53 49 67
f 530 567 569
f 2080 1554 1550
f 381 348 278
f 286 278 202
f 290 232 276
f 78 57 69
f 4989 4978 4977
f 97 108 51
f 305 315 220
f 252 209 201
f 235 201 205
f 300 313 235
f 313 326 252
f 112 116 92
f 3055 3214 3303
f 3089 3303 3356
f 4687 4719 4711
f 315 305 361
f 371 361 288
f 358 371 339
f 312 315 371
f 121 115 106
f 181 176 215
f 185 181 220
f 128 181 185
f 126 176 181
f 42 132 130
f 172 185 225
f 172 218 198
f 130 172 155
f 132 185 172
f 315 312 225
f 509 519 585
f 209 191 167
f 347 319 296
f 358 347 311
f 353 343 347
f 343 332 319
f 274 260 280
f 314 269 280
f 257 274 269
f 154 153 163
f 153 240 253
f 163 253 386
f 156 163 307
f 4499 4512 4523
f 308 295 340
f 501 469 479
f 4095 4263 4277
f 263 257 271
f 270 271 283
f 264 270 275
f 251 263 270
f 223 208 275
f 180 145 165
f 208 180 195
f 223 183 180
f 183 136 145
f 304 306 230
f 590 546 584
f 162 212 194
f 229 246 249
f 663 568 591
f 734 663 681
f 731 666 663
f 666 496 568
f 207 228 153
f 325 354 228
f 354 496 337
f 228 337 240
f 597 476 337
f 703 662 476
f 662 654 403
f 337 476 403
f 666 731 743
f 688 743 771
f 725 703 597
f 496 666 688
f 429 568 496
f 354 325 432
f 591 568 429
f 372 325 290
f 516 457 461
f 679 672 658
f 592 606 569
f 4470 4400 4433
f 656 648 577
f 648 669 581
f 577 581 508
f 635 577 554
f 581 576 500
f 669 659 576
f 659 655 514
f 576 514 426
f 630 589 307
f 740 738 589
f 738 742 588
f 307 589 588
f 1241 1247 1372
f 1508 1590 879
f 2454 2220 2256
f 2226 1614 1792
f 4395 4422 4383
f 2921 2957 2857
f 2519 2436 2446
f 1792 1271 1604
f 893 867 807
f 1643 2067 2047
f 987 1614 1476
f 1437 1466 866
f 830 923 880
f 1383 1416 1210
f 713 686 836
f 797 703 725
f 654 653 409
f 653 686 503
f 503 386 253
f 409 253 240
f 713 667 503
f 667 713 768
f 758 740 630
f 667 630 386
f 818 725 771
f 768 713 850
f 2802 2811 2790
f 3512 3454 3808
f 2501 2400 2413
f 4470 4413 4376
f 2305 2084 2105
f 2508 2507 2418
f 4090 4098 4110
f 1306 1049 1102
f 1035 1420 1517
f 742 765 624
f 765 784 680
f 680 533 381
f 624 381 286
f 783 662 703
f 743 838 840
f 2688 2674 2655
f 3031 2914 3024
f 762 760 796
f 806 817 848
f 802 806 842
f 764 762 786
f 831 845 875
f 817 831 861
f 796 808 831
f 808 820 845
f 3553 4050 4095
f 850 836 1397
f 2190 2129 2138
f 2190 2187 2124
f 2146 2138 2064
f 2198 2146 2163
f 2198 2194 2138
f 2215 2212 2163
f 2093 2108 2103
f 2161 2164 2108
f 2093 2085 2155
f 1997 2085 2093
f 2063 2093 2113
f 1963 2022 2104
f 1914 1963 2079
f 2022 2063 2123
f 2156 2113 2114
f 2143 2196 2210
f 2157 2217 2196
f 2127 2157 2143
f 2210 2215 2168
f 2156 2168 2123
f 2432 2434 2337
f 2210 2252 2257
f 2329 2436 2432
f 2196 2245 2252
f 2104 2123 2168
f 2079 2104 2163
f 2124 2019 2045
f 2129 2045 2064
f 858 850 1419
f 766 792 815
f 1914 2064 2045
f 2019 1819 1861
f 1710 1842 1997
f 1873 1997 2063
f 1622 1710 1873
f 1793 1873 2022
f 1746 1793 1963
f 1548 1622 1793
f 1532 1714 1842
f 1244 1427 1566
f 1115 1244 1366
f 1011 1115 1240
f 1159 1240 1402
f 1240 1366 1532
f 1482 1548 1746
f 1482 1686 1626
f 1098 1121 1275
f 1121 1159 1318
f 943 1011 1159
f 940 943 1121
f 874 870 943
f 3456 3471 3672
f 3791 3949 3920
f 2796 2794 2839
f 887 874 940
f 1746 1914 1861
f 1686 1861 1819
f 902 891 1633
f 2078 1550 1517
f 1572 1781 1755
f 1502 1736 1708
f 1331 1502 1468
f 1375 1572 1533
f 1099 1098 1245
f 979 956 962
f 911 895 908
f 847 887 901
f 910 884 919
f 892 856 884
f 815 847 865
f 1107 1207 1199
f 1099 1228 1213
f 975 959 1099
f 995 1107 1125
f 948 919 995
f 901 887 959
f 1868 1708 1736
f 1755 1931 1904
f 2037 1868 1904
f 1931 2090 2073
f 699 719 752
f 780 763 750
f 1200 1046 1062
f 944 965 947
f 856 892 875
f 1998 2035 1994
f 1844 1913 1943
f 2056 2321 2327
f 4678 4703 4580
f 3559 3626 3981
f 2434 2435 2346
f 2257 2267 2212
f 2431 2418 2335
f 2198 2265 2260
f 2212 2267 2265
f 2435 2431 2340
f 3133 3195 2883
f 2831 2857 2829
f 2898 2927 2977
f 3287 3317 3274
f 2365 2135 2145
f 2398 2159 2169
f 2139 2077 2133
f 2208 2139 2177
f 2167 2055 2139
f 2055 1926 2077
f 4288 4195 4153
f 2264 2223 2239
f 2073 2144 2119
f 2090 2162 2144
f 2188 2195 2160
f 2144 2174 2141
f 2162 2203 2174
f 2222 2240 2195
f 2202 2177 2133
f 2195 2202 2158
f 2240 2259 2202
f 2259 2243 2177
f 2307 2408 2396
f 735 766 787
f 1598 1606 2047
f 2369 2228 2266
f 1673 1265 1351
f 828 800 1476
f 836 828 1414
f 4256 4333 4338
f 2051 2192 2154
f 1928 2154 2120
f 1179 1578 1451
f 1234 1751 1578
f 2117 1915 2055
f 1915 1726 1926
f 783 800 654
f 1148 907 926
f 1234 963 1049
f 767 722 773
f 830 767 807
f 790 715 767
f 722 767 715
f 849 832 799
f 877 857 824
f 926 857 877
f 907 893 832
f 793 775 764
f 843 805 802
f 852 824 805
f 816 799 775
f 659 669 709
f 712 709 733
f 722 712 748
f 655 659 712
f 4554 4655 4671
f 648 656 698
f 701 698 723
f 709 701 728
f 669 648 701
f 4179 4193 4297
f 2914 2823 2887
f 2662 2591 2601
f 4845 4754 4873
f 4513 4486 4489
f 741 844 834
f 761 851 844
f 4781 4791 4795
f 959 940 1098
f 4716 4707 4684
f 2716 2697 3139
f 935 840 838
f 957 838 833
f 1274 1762 1729
f 1260 1729 1684
f 968 833 834
f 969 834 844
f 1302 969 973
f 1274 968 969
f 973 844 851
f 1016 851 880
f 1370 1016 1089
f 1325 973 1016
f 833 731 734
f 653 654 800
f 1089 880 923
f 1171 923 986
f 1553 1171 1265
f 1444 1089 1171
f 775 748 733
f 2303 2410 2408
f 2823 2760 2830
f 4101 4081 4115
f 986 867 893
f 1154 1387 1336
f 879 891 742
f 2868 2834 2864
f 4739 4738 4713
f 838 743 731
f 207 232 290
f 814 774 780
f 1212 1221 1377
f 970 839 869
f 839 780 778
f 869 778 752
f 1117 869 854
f 790 880 851
f 906 1269 1420
f 4599 4684 4674
f 2031 2220 2193
f 2289 2120 2154
f 4404 4405 4393
f 2371 2068 2052
f 3926 3858 3865
f 2390 2078 2068
f 778 750 730
f 385 457 500
f 2571 2584 2472
f 2402 2080 2078
f 4059 4002 4010
f 2373 2374 2397
f 2261 2269 2262
f 2381 2397 2374
f 4827 4662 4916
f 2356 2360 2372
f 2372 2381 2375
f 2375 2368 2372
f 2360 2351 2361
f 2381 2372 2380
f 2380 2370 2384
f 2407 2383 2376
f 2417 2448 2433
f 2440 2417 2430
f 2366 2354 2383
f 2364 2366 2411
f 2326 2302 2272
f 2363 2294 2352
f 4689 4693 4641
f 4556 4519 4559
f 580 622 595
f 629 609 672
f 609 629 606
f 202 280 260
f 278 348 359
f 297 310 281
f 459 397 359
f 457 385 393
f 4803 4813 4862
f 154 196 232
f 4992 5003 5001
f 2244 2386 2385
f 2815 2676 2681
f 4807 4836 4779
f 4975 4950 4922
f 756 774 769
f 4770 4778 4799
f 4150 4026 4003
f 4891 4895 4882
f 774 814 804
f 4708 4756 4746
f 2733 2734 2809
f 4192 4196 4267
f 868 804 814
f 3037 2841 2861
f 2660 2673 2680
f 2680 2665 2660
f 2659 2650 2660
f 756 812 794
f 5014 5020 5018
f 2971 2485 2475
f 4296 4620 4408
f 4047 4086 4296
f 4381 4260 4195
f 4297 4193 4222
f 3377 3430 4047
f 2856 2872 3377
f 2919 2862 3596
f 4146 4086 3453
f 4720 4983 4567
f 4620 4916 4662
f 4288 4340 4443
f 4408 4662 4412
f 4164 3596 3418
f 4255 4408 4342
f 5017 4916 4620
f 3430 3453 4086
f 5015 4866 4367
f 4210 4146 3548
f 4962 4776 4898
f 4235 4243 3891
f 4776 4379 4307
f 5018 5023 5019
f 3797 4008 2984
f 4307 4008 3797
f 2858 2856 3296
f 4983 5018 4898
f 4567 4898 4307
f 2924 2983 3695
f 2984 2475 2455
f 2890 2871 2541
f 2750 2780 2437
f 3913 3269 3184
f 4235 4379 4490
f 2983 2924 2565
f 2555 2558 2856
f 2984 4008 3891
f 4662 4827 4443
f 4381 4443 4827
f 4302 4328 4357
f 3904 3964 4222
f 3964 3904 3296
f 4776 4962 4490
f 4255 4222 3964
f 2862 2919 2455
f 2818 2862 2452
f 2872 2856 2558
f 3548 3453 2890
f 2546 2541 2871
f 4235 4008 4307
f 5022 5020 5017
f 5021 5017 4866
f 4552 4367 4146
f 3418 3596 2862
f 4260 4381 4720
f 3453 3430 2871
f 4357 4297 4342
f 2924 2890 2544
f 4279 4297 4357
f 4313 4317 4285
f 2780 2750 3184
f 3251 3296 3904
f 4715 4669 4701
f 4432 4511 4536
f 2805 2807 2928
f 4813 4812 4855
f 2750 2716 3161
f 3161 3815 3825
f 3815 4142 4153
f 4142 4228 4250
f 4250 4228 4285
f 4302 4285 4317
f 4328 4317 4273
f 4418 4454 4505
f 3251 3273 2865
f 2677 2679 2698
f 2679 2677 2661
f 4356 4304 4371
f 4386 4371 4420
f 3899 3569 3524
f 2613 2896 2903
f 3780 3425 3523
f 2863 3091 3159
f 3431 3741 3835
f 4197 4247 4211
f 4269 4304 4247
f 4388 4420 4371
f 4388 4450 4439
f 3003 2814 2841
f 4345 4371 4304
f 3982 4141 3835
f 3784 3562 3675
f 3885 4027 4055
f 3827 3877 4005
f 4093 4130 4181
f 4151 4181 4221
f 3742 3827 3950
f 3987 4093 4151
f 4087 4151 4185
f 2838 3032 3091
f 3032 3266 3431
f 4132 4197 4155
f 4308 4345 4269
f 3958 4155 3982
f 4312 4346 4308
f 4346 4388 4345
f 4291 4308 4231
f 4220 4231 4132
f 3974 4132 3958
f 3348 3501 3958
f 2611 2878 2861
f 2913 3018 3266
f 3018 3144 3513
f 4155 4211 4141
f 3254 3283 3675
f 2769 2793 2594
f 2588 2835 2769
f 2905 2895 3501
f 3160 2878 2903
f 2835 2905 3348
f 3091 3431 3524
f 4009 3780 3852
f 3569 3191 3159
f 4111 4174 4128
f 3852 3523 3569
f 4191 4174 4225
f 4128 4027 3900
f 4174 4191 4147
f 4130 4005 4055
f 4130 4147 4191
f 4181 4191 4239
f 4280 4258 4221
f 4258 4218 4185
f 4278 4280 4239
f 4218 4150 4133
f 4280 4278 4315
f 4179 4178 3855
f 3860 3855 3273
f 2422 2402 2716
f 4635 4759 4749
f 4377 4450 4388
f 2896 3159 3191
f 4253 4211 4247
f 2677 2675 2670
f 4294 4247 4304
f 3266 3513 3741
f 4279 4273 4178
f 3003 3037 3283
f 4309 4292 4258
f 4265 4292 4320
f 4292 4265 4218
f 3170 3020 3039
f 3291 3183 3240
f 3667 3892 3139
f 3183 3102 3165
f 3008 3050 2985
f 4220 4187 4282
f 4536 4511 4607
f 3018 2913 2793
f 2878 2611 2614
f 2769 2835 3144
f 2583 2905 2835
f 2793 2838 2602
f 4472 4460 4573
f 4738 4765 4793
f 2876 2993 2992
f 3284 3103 3153
f 3153 3105 3194
f 2651 2582 2586
f 2798 2804 2731
f 2724 2683 2760
f 2706 2719 2678
f 2512 2821 2783
f 4362 4344 4309
f 3858 3754 3765
f 4669 4553 4671
f 4970 4972 4956
f 3250 3258 3461
f 2687 2739 2727
f 3317 3287 3335
f 3892 3667 4091
f 4656 4566 4600
f 4359 4164 4066
f 3672 3831 3833
f 3570 4095 4108
f 4340 4357 4412
f 3860 3904 4193
f 3096 2861 2878
f 3425 3096 3160
f 2863 2607 2602
f 3513 3772 3982
f 4231 4269 4197
f 2913 3032 2838
f 3523 3160 3191
f 2896 2613 2607
f 4344 4320 4292
f 4111 3852 3899
f 4184 4225 4174
f 3340 3240 3392
f 3144 3348 3772
f 3082 3078 2928
f 3247 3309 3294
f 4246 4264 4283
f 4141 4184 3899
f 4184 4141 4211
f 3418 2818 2780
f 2061 1534 1498
f 732 755 791
f 751 791 859
f 1008 1080 1580
f 997 826 819
f 826 754 746
f 1080 1008 827
f 2082 1525 1580
f 1954 2291 2299
f 855 700 607
f 1287 855 810
f 10 5 1
f 803 801 637
f 491 705 572
f 1158 788 853
f 491 164 148
f 485 148 440
f 700 745 647
f 788 572 705
f 772 827 1008
f 1525 1429 909
f 2082 2437 2443
f 1966 1158 1309
f 2082 2075 1429
f 175 440 148
f 746 718 789
f 148 164 5
f 1920 1989 1150
f 1989 1920 2475
f 855 890 745
f 1322 890 855
f 1954 1322 1287
f 696 751 827
f 751 696 687
f 819 789 917
f 1408 2008 2049
f 2008 1408 1322
f 2304 2049 2008
f 1208 1912 1942
f 175 607 700
f 732 687 718
f 755 732 746
f 890 917 789
f 745 789 718
f 647 718 687
f 696 491 485
f 909 853 705
f 853 909 1429
f 1429 2075 2005
f 890 1322 1408
f 1498 967 917
f 1534 997 967
f 637 187 421
f 772 705 491
f 2 22 175
f 370 737 810
f 737 1084 1208
f 1084 1863 1912
f 22 370 607
f 1150 801 803
f 187 3 267
f 421 267 724
f 803 690 724
f 5 267 3
f 164 572 267
f 572 788 724
f 724 788 1158
f 1158 1966 1920
f 1920 1966 2455
f 2316 2061 2049
f 2546 2299 2291
f 1912 2279 2285
f 2279 1912 1863
f 1942 2285 2291
f 2299 2546 2558
f 2555 2316 2304
f 2089 2422 2437
f 2279 2565 2544
f 2283 2596 2565
f 2285 2544 2541
f 2455 1966 2005
f 2452 2005 2075
f 2089 1580 1554
f 1554 1580 1080
f 1063 1080 859
f 868 859 791
f 791 755 769
f 755 754 757
f 754 826 823
f 826 997 992
f 1541 992 997
f 2056 1541 1534
f 2321 2056 2061
f 5017 5020 5014
f 2422 2089 2080
f 4125 4169 3946
f 604 574 556
f 4668 4626 4587
f 4549 4581 4654
f 384 365 285
f 4056 4057 4034
f 4691 4588 4575
f 4253 4278 4225
f 4110 4106 4119
f 4651 4714 4683
f 4305 4289 4298
f 2358 2355 2343
f 2358 2367 2361
f 2364 2392 2370
f 671 717 710
f 717 785 747
f 785 862 809
f 862 936 871
f 1586 1677 1975
f 1944 1975 2175
f 2406 2399 2166
f 2613 2614 2399
f 2423 2415 2611
f 2204 2173 2415
f 2053 1986 2173
f 1742 1647 1986
f 1405 1248 1647
f 2607 2613 2406
f 2420 2406 2175
f 2200 2175 1975
f 2041 1975 1677
f 1677 1177 1436
f 1177 936 1101
f 936 862 924
f 862 785 821
f 785 717 727
f 717 671 685
f 685 671 645
f 2246 2230 2438
f 2100 2230 2246
f 1830 2100 2106
f 1699 1546 1830
f 1279 1339 1539
f 1514 1329 1301
f 961 1130 1163
f 886 961 1017
f 1609 1427 1329
f 1017 1163 1244
f 921 1017 1115
f 2602 2607 2420
f 2439 2420 2200
f 2235 2200 2041
f 2107 2041 1775
f 1937 1775 1436
f 1436 1101 1403
f 1101 924 1093
f 924 821 860
f 821 727 749
f 727 685 707
f 685 629 679
f 749 707 716
f 860 749 770
f 1093 860 885
f 1403 1093 1328
f 2042 1722 1403
f 2151 1937 1722
f 2229 2107 1937
f 2332 2235 2107
f 2439 2235 2332
f 2602 2439 2470
f 2476 2593 2594
f 2470 2332 2229
f 2476 2229 2151
f 2588 2593 2476
f 2404 2151 2042
f 2583 2588 2404
f 2323 2042 1888
f 2415 2399 2614
f 2173 2166 2399
f 1986 1944 2166
f 1647 1586 1944
f 1193 1041 1248
f 951 878 900
f 1193 1405 1546
f 1122 951 1041
f 1130 1122 1279
f 951 1122 1130
f 878 951 961
f 829 900 878
f 822 878 886
f 835 886 921
f 870 921 1011
f 781 829 822
f 779 822 835
f 795 835 870
f 759 795 813
f 744 779 795
f 736 781 779
f 1586 1647 1248
f 1041 900 1047
f 1177 1677 1586
f 936 1177 1047
f 900 829 871
f 809 871 829
f 747 809 781
f 710 747 736
f 726 759 777
f 720 744 759
f 711 736 744
f 706 726 739
f 656 706 714
f 635 692 706
f 692 720 726
f 657 710 711
f 673 711 720
f 645 671 657
f 619 657 673
f 673 692 635
f 569 606 619
f 606 629 645
f 2438 2423 2606
f 2230 2204 2423
f 2100 2053 2204
f 1830 1742 2053
f 1546 1405 1742
f 1122 1193 1339
f 1329 1163 1130
f 1427 1244 1163
f 1699 1539 1339
f 1472 1489 1301
f 2451 2438 2599
f 2583 2323 2320
f 4430 4403 4396
f 3110 3261 3286
f 4569 4674 4667
f 2869 2992 2986
f 2964 3119 3122
f 2954 2778 2814
f 2942 2859 2854
f 3107 3238 3261
f 2848 2986 2976
f 4261 4227 4215
f 2841 2599 2606
f 3452 3406 3483
f 3602 3738 3771
f 4755 4760 4676
f 4650 4645 4624
f 4930 4901 4914
f 4036 3978 3957
f 4832 4806 4769
f 4836 4841 4790
f 4700 4671 4655
f 2808 2782 2709
f 2851 2825 2782
f 4081 4018 4022
f 3398 3237 3389
f 4690 4599 4569
f 4806 4832 4856
f 4826 4856 4872
f 4521 4545 4590
f 2882 2753 2772
f 4670 4735 4745
f 2897 2941 2925
f 2689 2601 2619
f 4545 4617 4666
f 4196 4194 4266
f 3104 3220 3238
f 3082 2935 2962
f 4461 4428 4426
f 4790 4784 4740
f 3228 3229 3082
f 3996 3929 3933
f 3294 3309 3364
f 4462 4537 4550
f 4941 4914 4945
f 4233 4252 4249
f 4751 4806 4826
f 4667 4753 4755
f 4046 4018 4081
f 716 707 679
f 730 721 702
f 658 651 702
f 721 716 704
f 651 640 699
f 1753 1903 1734
f 2010 1821 1734
f 2098 2140 2010
f 1188 1303 1311
f 1290 1303 1188
f 1289 1290 1185
f 1297 1289 1190
f 1305 1297 1222
f 1304 1334 1220
f 1180 1311 1304
f 1286 1162 1236
f 1162 1143 1220
f 1216 1136 1139
f 1219 1139 1125
f 1566 1734 1821
f 1366 1566 1714
f 1622 1548 1318
f 1710 1622 1402
f 1482 1422 1245
f 1548 1482 1275
f 1245 1422 1375
f 1207 1331 1317
f 1213 1347 1331
f 2010 2101 1979
f 2140 2181 2101
f 4697 4727 4773
f 5008 5016 5009
f 4629 4624 4565
f 4378 4442 4407
f 4807 4760 4825
f 4683 4714 4788
f 4869 4859 4894
f 4844 4818 4759
f 4187 4178 4273
f 4594 4589 4580
f 3894 3789 3769
f 3487 3648 3654
f 3977 3989 4034
f 3370 3372 3621
f 2813 2845 2833
f 4052 4051 3728
f 2733 2709 2619
f 4712 4701 4671
f 4000 4030 4192
f 3898 3848 4100
f 3685 3647 3883
f 3025 3172 3014
f 2762 2796 2774
f 3261 3338 3399
f 4580 4526 4555
f 3443 3503 3599
f 3413 3408 3452
f 3503 3434 3457
f 4043 3996 4001
f 3995 4020 4045
f 2478 2487 2414
f 2487 2495 2419
f 2389 2427 2412
f 2409 2471 2427
f 2495 2500 2424
f 2372 2360 2367
f 2367 2358 2370
f 2383 2354 2339
f 2383 2407 2429
f 2411 2429 2416
f 2392 2416 2384
f 2238 2286 2181
f 2209 2238 2140
f 2502 2521 2522
f 1974 1871 2310
f 1871 1818 2296
f 2135 2365 2349
f 2473 2529 2527
f 2274 2255 2043
f 3267 3351 3309
f 4065 4078 4102
f 2501 2499 2410
f 2515 2516 2503
f 2930 2795 2815
f 4660 4647 4642
f 2509 2508 2431
f 2536 2537 2401
f 1419 1397 2207
f 1437 1419 2205
f 2539 2538 2459
f 3009 3028 2916
f 2408 2498 2497
f 2410 2499 2498
f 2459 2538 2535
f 2316 2555 2562
f 2464 2531 2530
f 2456 2535 2532
f 2496 2522 2525
f 2492 2525 2528
f 2537 2543 2428
f 2860 2736 2753
f 2543 2542 2445
f 1414 1476 2218
f 1397 1414 2214
f 1692 1633 2249
f 1633 1590 2234
f 4803 4761 4764
f 4712 4732 4743
f 2503 2516 2517
f 2504 2517 2521
f 2466 2527 2523
f 4534 4590 4627
f 4854 4815 4899
f 3233 3559 3965
f 2289 2472 2467
f 1466 1437 2206
f 1508 1466 2213
f 1590 1508 2219
f 2511 2509 2435
f 2390 2371 2669
f 4787 4797 4853
f 2159 2398 2378
f 3109 2653 2671
f 1818 1758 2282
f 1758 1692 2270
f 2584 2571 2779
f 2533 2536 2393
f 2494 2567 2557
f 2052 1974 2330
f 2569 2567 2494
f 4272 4241 4227
f 2520 2518 2487
f 4605 4547 4497
f 3020 2882 2907
f 2572 2569 2486
f 2577 2572 2477
f 2465 2581 2580
f 2469 2463 2580
f 2460 2585 2581
f 2436 2519 2513
f 2432 2513 2511
f 3924 4014 4021
f 2589 2587 2462
f 4768 4826 4852
f 2067 2290 2274
f 2084 2305 2290
f 4372 4410 4396
f 4710 4657 4654
f 2816 2807 2694
f 4797 4803 4857
f 4551 4571 4594
f 2321 2562 2568
f 2482 2528 2529
f 2424 2500 2471
f 4449 4468 4439
f 3865 3765 3768
f 3283 3037 3096
f 2203 2222 2188
f 2174 2188 2150
f 2287 2264 2298
f 2346 2340 2265
f 2340 2335 2260
f 2337 2346 2267
f 2245 2329 2324
f 2324 2337 2257
f 4400 4376 4355
f 4489 4483 4468
f 2599 2841 2814
f 3547 3727 3856
f 2436 2329 2345
f 2446 2345 2377
f 2466 2377 2403
f 2426 2359 2382
f 2482 2426 2442
f 2473 2403 2426
f 2492 2442 2458
f 2359 2317 2331
f 2277 2217 2227
f 2312 2277 2276
f 2502 2479 2483
f 2457 2481 2483
f 2471 2481 2457
f 2350 2424 2409
f 2350 2342 2268
f 2227 2170 2185
f 2148 2170 2157
f 2400 2298 2319
f 2413 2319 2335
f 2171 2148 2178
f 2258 2268 2178
f 2528 2525 2592
f 2979 2842 2901
f 2109 2110 2128
f 2132 2128 2150
f 2094 2072 2074
f 2094 2095 2110
f 2039 2059 2007
f 2062 2074 2059
f 1976 2007 1887
f 1872 1887 1713
f 2496 2458 2479
f 3675 3283 3425
f 2634 2625 2683
f 4373 4325 4318
f 2660 2646 2664
f 3900 3675 3780
f 4382 4386 4445
f 2642 2661 2641
f 3857 3688 3662
f 4468 4483 4433
f 2506 2255 2274
f 2545 2516 2515
f 2754 2270 2249
f 2751 2249 2234
f 2545 2547 2517
f 3181 3412 3172
f 3785 3558 3482
f 3873 3876 3749
f 3864 3768 3767
f 3872 3870 3940
f 3828 3906 3881
f 3858 3873 3746
f 2748 2537 2536
f 2764 2206 2205
f 2644 2632 2530
f 2525 2522 2573
f 2522 2521 2556
f 2671 2330 2310
f 2787 2214 2218
f 2638 2551 2563
f 2672 2688 2652
f 3567 3412 3181
f 2979 3181 3025
f 2674 2635 2622
f 2690 2538 2539
f 2497 2498 2550
f 4360 4376 4413
f 3854 3950 4093
f 3849 3662 3618
f 4303 4318 4325
f 4377 4346 4312
f 1751 1234 1726
f 2051 1751 1915
f 2348 2192 2228
f 2484 2348 2369
f 2638 2656 2590
f 2865 2873 2568
f 1824 1645 1636
f 1851 1640 1645
f 1416 1383 1612
f 1416 1638 1636
f 1336 1640 1635
f 1306 1635 1726
f 1377 1562 1567
f 1383 1365 1567
f 1730 1562 1564
f 1564 1538 1676
f 1538 1512 1637
f 1512 1483 1544
f 3230 3262 3056
f 2721 2296 2282
f 2653 2353 2330
f 2700 2567 2569
f 2752 2234 2219
f 2759 2213 2206
f 2753 2577 2580
f 2523 2527 2628
f 2741 2282 2270
f 2619 2601 2511
f 2574 2518 2520
f 2580 2581 2770
f 2524 2512 2274
f 2775 2829 2813
f 2749 2775 2755
f 4073 4096 4159
f 2192 2051 2117
f 2891 2908 2819
f 2223 2264 2222
f 2315 2480 2472
f 2888 2884 2911
f 3370 3360 3129
f 1228 1375 1347
f 2761 2689 2709
f 3656 3414 3456
f 3862 3871 3737
f 2256 2076 2120
f 2987 2929 2948
f 1876 1444 1553
f 1940 1553 1673
f 1802 1325 1370
f 1833 1370 1444
f 1762 1274 1302
f 1786 1302 1325
f 957 1260 1224
f 968 1274 1260
f 824 816 793
f 805 793 782
f 907 849 857
f 857 849 816
f 1069 893 907
f 2228 2117 2167
f 1148 1451 1351
f 1827 2120 2076
f 1451 1827 1754
f 1578 1928 1827
f 1751 2051 1928
f 2031 1673 1754
f 2303 2307 2243
f 2287 2303 2259
f 2264 2287 2240
f 2176 2223 2203
f 2111 2176 2162
f 2266 2167 2208
f 2292 2208 2243
f 3195 3231 2892
f 1969 2111 2090
f 1781 1969 1931
f 901 975 995
f 975 1104 1107
f 1104 1213 1207
f 841 865 884
f 865 901 919
f 1347 1533 1502
f 1533 1755 1736
f 2762 2757 2794
f 3291 3467 3461
f 776 787 820
f 760 776 808
f 782 786 806
f 786 796 817
f 3848 3808 4072
f 1614 987 1271
f 2231 1792 1987
f 2597 2627 2573
f 913 1183 1152
f 935 1224 1183
f 894 1151 1271
f 1598 1151 1152
f 787 815 841
f 3232 3353 3715
f 3213 3192 2846
f 3231 3239 2880
f 2667 2691 2618
f 2629 2666 2683
f 2678 2705 2687
f 3963 3972 4096
f 2845 2867 2866
f 2745 2757 2729
f 2561 2553 2695
f 2484 2491 2553
f 4137 4159 4188
f 3578 3556 3737
f 4166 4188 4215
f 2643 2645 2566
f 2713 2718 2656
f 2909 2864 2899
f 2791 2819 2749
f 4161 4200 4208
f 2608 2609 2578
f 2708 2734 2637
f 3093 3057 3454
f 2893 2910 2839
f 3239 3227 2870
f 4161 4165 4072
f 3653 3632 3173
f 2737 2695 2849
f 2742 2662 2689
f 2702 2729 2667
f 3360 3357 3088
f 2719 2749 2705
f 3007 3080 3067
f 3002 2918 3196
f 4294 4315 4278
f 4356 4362 4315
f 4366 4355 4320
f 4362 4356 4386
f 4300 4320 4355
f 4344 4362 4382
f 2286 2238 2362
f 2238 2209 2333
f 2391 2362 2474
f 2362 2333 2468
f 2520 2478 2474
f 2526 2474 2468
f 2462 2587 2585
f 3285 3262 3556
f 2532 2531 2464
f 4281 4251 4241
f 3619 3616 3146
f 2295 2281 2460
f 2172 2152 2281
f 2131 2152 2038
f 1709 1798 1900
f 1965 2038 1900
f 1848 1765 1809
f 1973 1936 1832
f 1683 1788 1832
f 1860 1788 1770
f 1657 1652 1765
f 1903 1936 2086
f 2186 2191 2086
f 2209 2191 2318
f 2449 2464 2318
f 3748 3636 3650
f 2934 3125 3073
f 3507 3599 3708
f 3116 2930 2951
f 2715 2603 2946
f 3616 3626 3142
f 2732 2842 2789
f 2632 2766 2732
f 2644 2531 2532
f 2526 2530 2632
f 3602 3650 3532
f 3738 3602 3499
f 2946 3090 3559
f 2901 2766 2795
f 2795 2644 2676
f 3255 3341 3345
f 3255 3259 3200
f 3438 3439 3345
f 3259 3271 3215
f 3345 3439 3442
f 3345 3363 3271
f 3271 3290 3236
f 3363 3442 3451
f 3271 3363 3383
f 3236 3290 3324
f 3451 3468 3402
f 3383 3402 3324
f 3324 3380 3316
f 3402 3468 3480
f 3324 3402 3427
f 3316 3380 3423
f 3427 3480 3493
f 3427 3455 3423
f 3393 3423 3472
f 3455 3493 3506
f 3423 3455 3488
f 3472 3515 3509
f 3506 3527 3522
f 3488 3522 3515
f 3515 3565 3574
f 3522 3527 3550
f 3515 3522 3557
f 3565 3624 3642
f 3550 3560 3589
f 3557 3589 3624
f 3624 3663 3687
f 3589 3560 3576
f 3624 3589 3634
f 3687 3663 3693
f 3576 3591 3651
f 3634 3651 3693
f 3693 3721 3762
f 3651 3591 3606
f 3693 3651 3673
f 3762 3721 3740
f 3606 3620 3686
f 3673 3686 3740
f 3782 3740 3751
f 3686 3620 3627
f 3740 3686 3694
f 3796 3751 3758
f 3627 3633 3698
f 3694 3698 3758
f 3758 3755 3800
f 3698 3633 3631
f 3758 3698 3697
f 3755 3747 3788
f 3631 3623 3690
f 3697 3690 3747
f 3747 3732 3773
f 3690 3623 3615
f 3747 3690 3680
f 3773 3732 3707
f 3615 3598 3661
f 3680 3661 3707
f 3707 3678 3705
f 3661 3598 3583
f 3707 3661 3640
f 3705 3678 3641
f 3583 3568 3607
f 3640 3607 3641
f 3664 3641 3588
f 3607 3568 3552
f 3641 3607 3572
f 3603 3588 3542
f 3552 3535 3539
f 3572 3539 3542
f 3543 3542 3489
f 3539 3535 3516
f 3542 3539 3500
f 3489 3437 3419
f 3516 3497 3474
f 3500 3474 3437
f 3437 3400 3350
f 3474 3497 3485
f 3437 3474 3435
f 3350 3400 3343
f 3485 3475 3415
f 3435 3415 3343
f 3343 3304 3246
f 3415 3475 3460
f 3343 3415 3387
f 3246 3304 3282
f 3460 3446 3369
f 3387 3369 3282
f 3221 3282 3264
f 3446 3441 3354
f 3282 3369 3354
f 3206 3264 3255
f 3354 3441 3438
f 3354 3341 3255
f 2997 2956 2959
f 2933 2937 2943
f 2945 2970 2975
f 3015 3066 3072
f 3112 3118 3205
f 2997 3000 3048
f 2938 2943 2959
f 2933 2945 2950
f 3015 3022 2975
f 3145 3148 3072
f 3203 3205 3323
f 3112 3042 3048
f 3022 3034 2998
f 3148 3166 3085
f 3323 3205 3216
f 3048 3060 3130
f 3000 2959 2980
f 2937 2955 2958
f 2950 2975 2998
f 3022 3072 3085
f 3205 3118 3130
f 3000 3019 3060
f 2943 2958 2980
f 2937 2950 2968
f 3034 3063 3030
f 3085 3166 3189
f 3216 3234 3349
f 3060 3087 3155
f 3019 2980 3017
f 2955 2995 2999
f 2998 3030 3005
f 3034 3085 3121
f 3130 3155 3234
f 3019 3043 3087
f 2980 2958 2999
f 2955 2968 3005
f 3030 3063 3111
f 3189 3224 3167
f 3349 3234 3263
f 3155 3087 3132
f 3017 3058 3084
f 2995 3041 3046
f 3030 3074 3051
f 3121 3167 3111
f 3155 3190 3263
f 3087 3043 3084
f 3017 2999 3046
f 2995 3005 3051
f 3111 3179 3143
f 3167 3224 3279
f 3263 3302 3397
f 3190 3132 3188
f 3058 3128 3151
f 3046 3041 3108
f 3051 3074 3143
f 3167 3219 3179
f 3263 3190 3235
f 3132 3084 3151
f 3046 3113 3128
f 3051 3124 3108
f 3143 3179 3253
f 3279 3355 3293
f 3397 3302 3358
f 3235 3188 3257
f 3128 3212 3226
f 3108 3201 3202
f 3124 3143 3225
f 3219 3293 3253
f 3302 3235 3298
f 3188 3151 3226
f 3113 3202 3212
f 3108 3124 3211
f 3225 3253 3382
f 3293 3355 3432
f 3358 3416 3436
f 3298 3257 3362
f 3212 3320 3332
f 3201 3315 3313
f 3225 3352 3328
f 3293 3407 3382
f 3298 3386 3416
f 3257 3226 3332
f 3212 3202 3313
f 3201 3211 3328
f 3352 3382 3490
f 3407 3432 3504
f 3416 3464 3470
f 3362 3458 3462
f 3320 3463 3459
f 3313 3315 3473
f 3352 3484 3478
f 3407 3496 3490
f 3416 3386 3462
f 3362 3332 3459
f 3320 3313 3466
f 3328 3478 3473
f 3490 3604 3612
f 3504 3581 3593
f 3464 3510 3492
f 3462 3458 3555
f 3459 3463 3584
f 3473 3608 3597
f 3478 3484 3612
f 3490 3496 3593
f 3462 3536 3510
f 3459 3571 3555
f 3466 3597 3584
f 3473 3478 3613
f 3604 3701 3717
f 3581 3659 3684
f 3492 3510 3564
f 3555 3649 3610
f 3571 3584 3699
f 3608 3724 3714
f 3613 3612 3717
f 3604 3593 3684
f 3510 3536 3610
f 3571 3679 3649
f 3597 3714 3699
f 3608 3613 3725
f 3701 3781 3798
f 3684 3659 3712
f 3564 3617 3549
f 3649 3719 3676
f 3679 3699 3783
f 3724 3812 3801
f 3717 3798 3811
f 3701 3684 3750
f 3610 3676 3617
f 3679 3756 3719
f 3699 3714 3801
f 3724 3725 3811
f 3798 3781 3841
f 3712 3761 3805
f 3549 3617 3655
f 3719 3778 3722
f 3783 3850 3819
f 3812 3889 3879
f 3798 3874 3887
f 3750 3805 3841
f 3676 3722 3655
f 3719 3756 3819
f 3783 3801 3879
f 3812 3811 3887
f 3841 3895 3918
f 3805 3761 3794
f 3655 3681 3580
f 3778 3821 3759
f 3819 3850 3905
f 3879 3889 3943
f 3887 3874 3918
f 3805 3847 3895
f 3655 3722 3759
f 3778 3819 3878
f 3879 3934 3905
f 3887 3939 3943
f 3918 3895 3928
f 3794 3823 3888
f 3580 3681 3702
f 3759 3821 3853
f 3905 3947 3909
f 3943 3993 3975
f 3939 3918 3967
f 3847 3888 3928
f 3681 3759 3787
f 3821 3878 3909
f 3934 3975 3947
f 3943 3939 3984
f 3967 3928 3953
f 3888 3823 3840
f 3702 3718 3605
f 3787 3853 3880
f 3947 3976 3935
f 3993 4028 4015
f 3967 3999 4023
f 3888 3903 3953
f 3787 3802 3718
f 3853 3909 3935
f 3947 3975 4015
f 3993 3984 4023
f 3999 3953 3969
f 3903 3840 3846
f 3718 3726 3611
f 3880 3890 3814
f 3976 3994 3944
f 4015 4028 4042
f 3999 4012 4038
f 3903 3912 3969
f 3802 3814 3726
f 3880 3935 3944
f 3976 4015 4029
f 4023 4038 4042
f 3969 3962 4007
f 3846 3845 3908
f 3611 3726 3723
f 3814 3890 3886
f 3944 3994 3983
f 4042 4037 4024
f 4038 4012 4007
f 3969 3912 3908
f 3726 3814 3807
f 3944 3938 3886
f 4029 4024 3983
f 4042 4038 4031
f 3962 3941 3979
f 3845 3834 3896
f 3609 3723 3709
f 3886 3868 3792
f 3938 3983 3966
f 4037 4011 3997
f 4031 4007 3979
f 3962 3908 3896
f 3723 3807 3792
f 3938 3917 3868
f 4024 3997 3966
f 4037 4031 4006
f 3941 3910 3942
f 3896 3834 3809
f 3709 3692 3587
f 3868 3839 3775
f 3917 3966 3923
f 4011 3968 3952
f 3979 3942 3960
f 3941 3896 3867
f 3792 3775 3692
f 3868 3917 3893
f 3966 3997 3952
f 4011 4006 3960
f 3910 3869 3897
f 3809 3779 3829
f 3587 3692 3671
f 3775 3839 3795
f 3893 3923 3882
f 3968 3911 3901
f 3942 3897 3907
f 3910 3867 3829
f 3775 3739 3671
f 3893 3843 3795
f 3923 3952 3901
f 3960 3907 3911
f 3869 3806 3832
f 3829 3779 3733
f 3671 3637 3551
f 3795 3744 3696
f 3843 3882 3816
f 3901 3911 3844
f 3907 3897 3832
f 3829 3777 3806
f 3671 3739 3696
f 3795 3843 3786
f 3901 3838 3816
f 3907 3842 3844
f 3832 3806 3734
f 3733 3683 3711
f 3551 3637 3585
f 3696 3744 3682
f 3816 3736 3713
f 3838 3844 3764
f 3842 3832 3752
f 3777 3711 3734
f 3637 3696 3646
f 3744 3786 3713
f 3838 3753 3736
f 3842 3763 3764
f 3752 3734 3652
f 3711 3683 3622
f 3585 3538 3502
f 3646 3682 3595
f 3736 3645 3629
f 3753 3764 3665
f 3752 3660 3666
f 3711 3639 3652
f 3646 3566 3538
f 3682 3713 3629
f 3736 3753 3658
f 3763 3666 3665
f 3660 3652 3540
f 3639 3622 3544
f 3502 3538 3486
f 3595 3498 3494
f 3645 3511 3505
f 3658 3665 3528
f 3660 3537 3533
f 3639 3541 3540
f 3538 3566 3494
f 3595 3629 3505
f 3645 3658 3520
f 3666 3533 3528
f 3540 3428 3417
f 3544 3465 3440
f 3486 3433 3450
f 3494 3498 3410
f 3505 3511 3394
f 3528 3396 3390
f 3533 3537 3417
f 3540 3541 3440
f 3494 3422 3433
f 3505 3401 3410
f 3520 3390 3394
f 3528 3533 3403
f 3428 3301 3275
f 3465 3395 3337
f 3450 3433 3385
f 3410 3292 3329
f 3401 3394 3249
f 3390 3396 3244
f 3403 3417 3275
f 3428 3440 3337
f 3433 3422 3329
f 3401 3270 3292
f 3390 3241 3249
f 3403 3252 3244
f 3301 3207 3180
f 3337 3395 3305
f 3385 3319 3404
f 3292 3217 3260
f 3270 3249 3162
f 3241 3244 3147
f 3275 3180 3158
f 3301 3337 3245
f 3329 3260 3319
f 3270 3185 3217
f 3249 3241 3149
f 3252 3158 3147
f 3180 3207 3138
f 3305 3243 3186
f 3404 3319 3280
f 3260 3217 3156
f 3185 3162 3081
f 3147 3065 3069
f 3180 3098 3076
f 3207 3245 3186
f 3260 3210 3280
f 3185 3117 3156
f 3162 3149 3069
f 3147 3158 3076
f 3138 3079 3045
f 3243 3204 3137
f 3280 3242 3361
f 3156 3106 3174
f 3117 3081 3033
f 3069 3065 3016
f 3076 3098 3045
f 3186 3137 3079
f 3280 3210 3174
f 3156 3117 3059
f 3069 3021 3033
f 3076 3027 3016
f 3045 3079 3044
f 3204 3178 3097
f 3361 3242 3222
f 3174 3106 3071
f 3033 2996 3029
f 3016 2969 2973
f 3027 3045 3010
f 3137 3097 3044
f 3242 3174 3141
f 3059 3029 3071
f 3021 2973 2996
f 3016 3027 2982
f 3010 3044 3026
f 3097 3178 3154
f 3222 3209 3326
f 3141 3071 3049
f 2996 2967 3006
f 2969 2944 2949
f 3010 2981 2953
f 3097 3075 3026
f 3141 3123 3209
f 3071 3029 3006
f 2996 2973 2949
f 2969 2982 2953
f 2981 3026 3015
f 3075 3154 3145
f 3326 3209 3203
f 3049 3042 3112
f 2967 2956 2997
f 2949 2944 2933
f 2981 2970 2945
f 3075 3066 3015
f 3209 3123 3112
f 3049 3006 2997
f 2967 2949 2938
f 2953 2945 2933
f 3198 3145 3154
f 3154 3178 3221
f 3178 3204 3246
f 3204 3243 3289
f 3289 3243 3305
f 3350 3305 3395
f 3419 3395 3465
f 3465 3544 3543
f 3543 3544 3622
f 3622 3683 3664
f 3683 3733 3705
f 3733 3779 3743
f 3743 3779 3809
f 3773 3809 3834
f 3788 3834 3845
f 3845 3846 3803
f 3803 3846 3840
f 3840 3823 3782
f 3823 3794 3762
f 3794 3761 3729
f 3729 3761 3712
f 3687 3712 3659
f 3642 3659 3581
f 3581 3504 3509
f 3509 3504 3432
f 3432 3355 3393
f 3355 3279 3316
f 3279 3224 3272
f 3272 3224 3189
f 3236 3189 3166
f 3215 3166 3148
f 3148 3145 3198
f 1291 1355 1358
f 1291 1295 1246
f 1355 1431 1433
f 1295 1307 1262
f 1433 1438 1367
f 1358 1367 1307
f 1307 1320 1276
f 1367 1438 1445
f 1307 1367 1378
f 1276 1320 1343
f 1445 1454 1395
f 1378 1395 1343
f 1343 1376 1335
f 1395 1454 1467
f 1343 1395 1417
f 1335 1376 1413
f 1467 1484 1446
f 1417 1446 1413
f 1386 1413 1458
f 1446 1484 1499
f 1413 1446 1479
f 1441 1458 1504
f 1499 1511 1509
f 1479 1509 1504
f 1501 1504 1549
f 1509 1511 1531
f 1504 1509 1542
f 1549 1600 1616
f 1531 1543 1571
f 1542 1571 1600
f 1600 1631 1660
f 1543 1559 1607
f 1600 1571 1607
f 1660 1631 1666
f 1559 1573 1624
f 1607 1624 1666
f 1666 1696 1739
f 1624 1573 1583
f 1666 1624 1646
f 1739 1696 1715
f 1583 1595 1659
f 1646 1659 1715
f 1757 1715 1728
f 1595 1602 1665
f 1715 1659 1665
f 1767 1728 1733
f 1665 1602 1605
f 1665 1671 1733
f 1733 1731 1769
f 1605 1603 1669
f 1733 1671 1669
f 1731 1721 1763
f 1669 1603 1599
f 1669 1661 1721
f 1721 1707 1745
f 1661 1599 1589
f 1721 1661 1651
f 1745 1707 1681
f 1589 1576 1630
f 1651 1630 1681
f 1681 1650 1682
f 1630 1576 1563
f 1681 1630 1615
f 1682 1650 1617
f 1563 1552 1584
f 1615 1584 1617
f 1632 1617 1569
f 1584 1552 1535
f 1617 1584 1555
f 1569 1523 1524
f 1535 1518 1521
f 1555 1521 1523
f 1523 1480 1465
f 1521 1518 1505
f 1523 1521 1494
f 1480 1430 1409
f 1505 1491 1461
f 1494 1461 1430
f 1430 1392 1360
f 1461 1491 1475
f 1430 1461 1428
f 1360 1392 1357
f 1475 1462 1404
f 1428 1404 1357
f 1357 1330 1285
f 1404 1462 1448
f 1357 1404 1385
f 1285 1330 1316
f 1448 1440 1371
f 1385 1371 1316
f 1267 1316 1300
f 1371 1440 1435
f 1316 1371 1361
f 1253 1300 1291
f 1435 1431 1355
f 1361 1355 1291
f 1055 1013 1020
f 984 990 996
f 998 1029 1039
f 1076 1137 1141
f 1252 1168 1172
f 1055 1060 1111
f 991 996 1020
f 984 998 1003
f 1076 1083 1039
f 1195 1196 1141
f 1340 1252 1254
f 1168 1103 1111
f 1083 1096 1056
f 1196 1215 1155
f 1344 1254 1263
f 1111 1132 1182
f 1060 1020 1044
f 996 990 1012
f 1003 1039 1056
f 1083 1141 1155
f 1254 1172 1182
f 1060 1081 1132
f 996 1018 1044
f 1003 1025 1012
f 1096 1133 1092
f 1155 1215 1237
f 1263 1277 1359
f 1132 1157 1205
f 1081 1044 1079
f 1018 1012 1053
f 1056 1092 1067
f 1096 1155 1173
f 1182 1205 1277
f 1132 1081 1105
f 1044 1018 1059
f 1025 1067 1053
f 1133 1166 1144
f 1237 1270 1217
f 1359 1277 1299
f 1205 1157 1184
f 1079 1128 1156
f 1053 1100 1109
f 1092 1144 1118
f 1133 1173 1217
f 1205 1239 1299
f 1105 1156 1184
f 1079 1059 1109
f 1053 1067 1118
f 1166 1227 1194
f 1217 1270 1314
f 1299 1326 1390
f 1184 1238 1278
f 1156 1128 1181
f 1109 1100 1167
f 1118 1144 1194
f 1166 1217 1266
f 1299 1239 1278
f 1156 1202 1238
f 1109 1169 1181
f 1118 1176 1167
f 1194 1227 1293
f 1314 1362 1324
f 1390 1326 1364
f 1278 1238 1296
f 1181 1261 1273
f 1169 1167 1249
f 1176 1194 1272
f 1266 1324 1293
f 1326 1278 1323
f 1238 1202 1273
f 1169 1250 1261
f 1176 1259 1249
f 1272 1293 1380
f 1324 1362 1423
f 1364 1407 1432
f 1323 1296 1369
f 1261 1346 1354
f 1250 1249 1341
f 1272 1363 1352
f 1324 1400 1380
f 1323 1384 1407
f 1296 1273 1354
f 1261 1250 1337
f 1259 1352 1341
f 1363 1380 1485
f 1400 1423 1497
f 1432 1407 1453
f 1369 1449 1450
f 1346 1455 1452
f 1337 1341 1464
f 1363 1477 1471
f 1400 1492 1485
f 1407 1384 1450
f 1369 1354 1452
f 1346 1337 1460
f 1352 1471 1464
f 1485 1588 1594
f 1497 1561 1575
f 1457 1453 1503
f 1450 1449 1540
f 1452 1455 1570
f 1464 1592 1581
f 1471 1477 1594
f 1485 1492 1575
f 1450 1519 1503
f 1452 1558 1540
f 1460 1581 1570
f 1464 1471 1596
f 1588 1680 1695
f 1561 1628 1658
f 1486 1503 1547
f 1540 1623 1593
f 1558 1570 1674
f 1581 1592 1703
f 1596 1594 1695
f 1588 1575 1658
f 1503 1519 1593
f 1558 1653 1623
f 1581 1693 1674
f 1596 1704 1703
f 1680 1756 1771
f 1658 1628 1687
f 1547 1597 1529
f 1623 1697 1648
f 1653 1674 1759
f 1693 1703 1787
f 1695 1771 1784
f 1680 1658 1727
f 1593 1648 1597
f 1653 1737 1697
f 1674 1693 1774
f 1704 1784 1787
f 1771 1756 1811
f 1687 1738 1778
f 1529 1597 1625
f 1697 1752 1701
f 1737 1759 1828
f 1787 1859 1846
f 1771 1837 1855
f 1756 1727 1778
f 1648 1701 1625
f 1737 1794 1752
f 1759 1774 1846
f 1787 1784 1855
f 1811 1867 1898
f 1778 1738 1764
f 1625 1655 1560
f 1752 1796 1741
f 1794 1828 1880
f 1846 1859 1924
f 1855 1837 1898
f 1811 1778 1822
f 1625 1701 1741
f 1794 1841 1796
f 1846 1910 1880
f 1855 1918 1924
f 1898 1867 1908
f 1764 1795 1852
f 1560 1655 1678
f 1741 1796 1829
f 1880 1930 1879
f 1910 1924 1980
f 1918 1898 1946
f 1822 1852 1908
f 1655 1741 1761
f 1796 1841 1879
f 1910 1958 1930
f 1918 1967 1980
f 1946 1908 1932
f 1852 1795 1807
f 1678 1694 1585
f 1761 1829 1847
f 1930 1959 1911
f 1958 1980 2016
f 1946 1983 2012
f 1852 1875 1932
f 1761 1776 1694
f 1829 1879 1911
f 1930 1958 2000
f 1967 2012 2016
f 1983 1932 1947
f 1875 1807 1817
f 1585 1694 1702
f 1847 1858 1785
f 1959 1978 1923
f 2000 2016 2029
f 1983 1995 2023
f 1875 1885 1947
f 1694 1776 1785
f 1847 1911 1923
f 1959 2000 2017
f 2012 2023 2029
f 1947 1938 1988
f 1817 1812 1878
f 1702 1700 1587
f 1785 1858 1853
f 1923 1978 1968
f 2029 2024 2013
f 2023 1995 1988
f 1947 1885 1878
f 1785 1782 1700
f 1923 1917 1853
f 2017 2013 1968
f 2029 2023 2018
f 1938 1921 1960
f 1812 1799 1866
f 1587 1700 1685
f 1853 1835 1766
f 1917 1968 1945
f 2013 2024 1996
f 2018 1988 1960
f 1938 1878 1866
f 1700 1782 1766
f 1917 1894 1835
f 2013 1984 1945
f 2018 1991 1996
f 1921 1883 1922
f 1866 1799 1780
f 1685 1668 1568
f 1835 1805 1747
f 1894 1945 1905
f 1984 1996 1948
f 1960 1922 1939
f 1921 1866 1834
f 1766 1747 1668
f 1894 1864 1805
f 1945 1984 1933
f 1991 1939 1948
f 1922 1883 1836
f 1834 1780 1748
f 1568 1668 1644
f 1747 1805 1768
f 1864 1905 1850
f 1948 1886 1877
f 1922 1869 1881
f 1883 1834 1797
f 1747 1717 1644
f 1864 1815 1768
f 1905 1933 1877
f 1948 1939 1881
f 1836 1783 1800
f 1797 1748 1711
f 1644 1613 1537
f 1717 1768 1724
f 1850 1790 1760
f 1877 1886 1816
f 1881 1869 1800
f 1797 1750 1783
f 1644 1717 1670
f 1768 1815 1760
f 1877 1804 1790
f 1881 1814 1816
f 1800 1783 1716
f 1711 1656 1691
f 1537 1613 1565
f 1670 1724 1654
f 1790 1719 1690
f 1816 1744 1735
f 1814 1800 1732
f 1750 1691 1716
f 1613 1670 1619
f 1724 1760 1690
f 1804 1735 1719
f 1816 1814 1743
f 1732 1716 1627
f 1691 1656 1601
f 1565 1522 1496
f 1619 1654 1577
f 1719 1620 1608
f 1744 1639 1629
f 1732 1634 1642
f 1691 1618 1627
f 1619 1551 1522
f 1654 1690 1608
f 1719 1735 1629
f 1744 1743 1642
f 1634 1627 1528
f 1618 1601 1527
f 1496 1522 1478
f 1577 1493 1487
f 1620 1506 1500
f 1629 1639 1516
f 1634 1526 1520
f 1618 1530 1528
f 1522 1551 1487
f 1577 1608 1500
f 1620 1629 1510
f 1642 1520 1516
f 1528 1421 1410
f 1527 1456 1439
f 1478 1426 1443
f 1487 1493 1401
f 1500 1506 1391
f 1516 1393 1389
f 1520 1526 1410
f 1528 1530 1439
f 1487 1412 1426
f 1500 1394 1401
f 1510 1389 1391
f 1516 1520 1398
f 1421 1327 1313
f 1456 1388 1356
f 1443 1426 1382
f 1401 1321 1349
f 1394 1391 1292
f 1393 1284 1283
f 1398 1410 1313
f 1421 1439 1356
f 1426 1412 1349
f 1394 1310 1321
f 1389 1283 1292
f 1393 1398 1294
f 1327 1257 1230
f 1356 1388 1333
f 1382 1338 1396
f 1321 1264 1298
f 1310 1292 1214
f 1284 1198 1201
f 1313 1230 1211
f 1327 1356 1288
f 1349 1298 1338
f 1310 1233 1264
f 1292 1283 1201
f 1284 1294 1211
f 1230 1257 1189
f 1333 1281 1235
f 1396 1338 1315
f 1264 1206 1255
f 1214 1153 1170
f 1198 1138 1140
f 1230 1161 1147
f 1288 1235 1189
f 1298 1255 1315
f 1233 1170 1206
f 1214 1201 1140
f 1198 1211 1147
f 1161 1189 1149
f 1235 1281 1251
f 1315 1280 1368
f 1206 1165 1223
f 1153 1095 1131
f 1140 1138 1077
f 1147 1161 1108
f 1235 1187 1149
f 1315 1255 1223
f 1206 1170 1131
f 1140 1082 1095
f 1147 1088 1077
f 1108 1149 1106
f 1251 1225 1160
f 1368 1280 1268
f 1223 1165 1142
f 1095 1054 1090
f 1082 1077 1030
f 1088 1108 1070
f 1187 1160 1106
f 1280 1223 1191
f 1165 1131 1090
f 1082 1038 1054
f 1088 1045 1030
f 1070 1106 1087
f 1160 1225 1203
f 1268 1256 1348
f 1191 1142 1116
f 1054 1024 1066
f 1038 1030 999
f 1070 1043 1009
f 1160 1145 1087
f 1191 1174 1256
f 1142 1090 1066
f 1054 1038 1004
f 1045 1009 999
f 1043 1087 1076
f 1145 1203 1195
f 1256 1252 1340
f 1116 1103 1168
f 1024 1013 1055
f 1004 999 984
f 1043 1029 998
f 1145 1137 1076
f 1174 1168 1252
f 1116 1066 1055
f 1024 1004 991
f 1009 998 984
f 1242 1195 1203
f 1203 1225 1267
f 1225 1251 1285
f 1251 1281 1319
f 1319 1281 1333
f 1360 1333 1388
f 1409 1388 1456
f 1456 1527 1524
f 1524 1527 1601
f 1601 1656 1632
f 1656 1711 1682
f 1711 1748 1720
f 1720 1748 1780
f 1745 1780 1799
f 1763 1799 1812
f 1812 1817 1772
f 1772 1817 1807
f 1807 1795 1757
f 1795 1764 1739
f 1764 1738 1706
f 1706 1738 1687
f 1660 1687 1628
f 1616 1628 1561
f 1561 1497 1501
f 1501 1497 1423
f 1423 1362 1386
f 1362 1314 1335
f 1314 1270 1308
f 1308 1270 1237
f 1276 1237 1215
f 1262 1215 1196
f 1196 1195 1242