v 0.06355307251214981 -0.009238816797733307 -0.05089039355516434
v 0.06710194051265717 -0.010224117897450924 -0.049607016146183014
v 0.06764835864305496 -0.00876737292855978 -0.04923307150602341
v 0.06423427164554596 -0.00825266633182764 -0.050598565489053726
v 0.07436429709196091 -0.009432419203221798 -0.05903005972504616
v 0.07526934146881104 -0.005894745700061321 -0.05456370860338211
v 0.07477257400751114 -0.003459139494225383 -0.053688306361436844
v 0.07446880638599396 -0.003488746006041765 -0.0565970204770565
v 0.02629760466516018 -0.04552215337753296 -0.11368157714605331
v 0.011567624285817146 -0.04530702531337738 -0.11781706660985947
v 0.011522003449499607 -0.05649604648351669 -0.11527219414710999
v 0.025186121463775635 -0.05947868525981903 -0.10991508513689041
v 0.04494297876954079 -0.0828244686126709 -0.09136740118265152
v 0.0395205095410347 -0.07472164183855057 -0.09658794850111008
v 0.03723910450935364 -0.0869196429848671 -0.10034526884555817
v 0.04654014855623245 -0.09059057384729385 -0.0910344123840332
v 0.038623321801424026 0.04684898629784584 0.03917303308844566
v 0.04593105986714363 0.045515403151512146 0.03357740491628647
v 0.04477076977491379 0.03966127336025238 0.037145402282476425
v -0.06356959789991379 -0.009364788420498371 -0.05347023531794548
v -0.06715091317892075 -0.010358174331486225 -0.05214880779385567
v -0.06773248314857483 -0.008936984464526176 -0.05184132978320122
v -0.06409996002912521 -0.008335213176906109 -0.053255919367074966
v -0.07417807728052139 -0.009334580041468143 -0.0621366985142231
v -0.07535986602306366 -0.005861812271177769 -0.057597480714321136
v -0.07481600344181061 -0.0034717449452728033 -0.05670270323753357
v -0.07437305897474289 -0.0034358829725533724 -0.059687886387109756
v 0.037710610777139664 0.0403912253677845 0.04136231914162636
v 0.09077218919992447 0.012876070104539394 -0.06760407239198685
v 0.09090020507574081 0.010385327972471714 -0.06883499771356583
v 0.09155604988336563 0.008572832681238651 -0.06710655242204666
v 0.09123571217060089 0.010677245445549488 -0.06564463675022125
v 0.08708564192056656 -0.004412107169628143 -0.06746654957532883
v 0.08738477528095245 0.0026513636112213135 -0.06833449006080627
v 0.08859708160161972 0.005115877371281385 -0.06880352646112442
v 0.08877848833799362 0.0029230762738734484 -0.06813279539346695
v 0.08677960932254791 -0.014654439873993397 -0.06483650952577591
v 0.0854422077536583 -0.01395231019705534 -0.06464413553476334
v 0.08685556054115295 -0.00948876142501831 -0.06621786206960678
v 0.08848528563976288 -0.009916401468217373 -0.06671714782714844
v 0.07322343438863754 -0.03492200747132301 -0.041485704481601715
v 0.07589168846607208 -0.03199934586882591 -0.04392467439174652
v 0.07600877434015274 -0.03520568087697029 -0.04538796469569206
v 0.07155070453882217 -0.036768633872270584 -0.04367101192474365
v 0.06844165921211243 -0.034868475049734116 -0.04486808180809021
v 0.07276616990566254 -0.035537995398044586 -0.0491844117641449
v 0.07234249264001846 -0.03200457990169525 -0.05035100877285004
v 0.06876076757907867 -0.03186039999127388 -0.04718056693673134
v 0.08620799332857132 0.021907711401581764 -0.05493465065956116
v 0.08667488396167755 0.018205028027296066 -0.05410041660070419
v 0.0855427086353302 0.017078833654522896 -0.05202307179570198
v 0.0848352387547493 0.02070273645222187 -0.05256780982017517
v 0.07116982340812683 -0.008477039635181427 -0.06527350097894669
v 0.0694873258471489 -0.014882411807775497 -0.06387245655059814
v 0.07561814785003662 -0.010306676849722862 -0.06612633913755417
v 0.0761658102273941 -0.007592261768877506 -0.06617145985364914
v 0.08586622029542923 0.012181821279227734 -0.06049109622836113
v 0.08586882054805756 0.012821290642023087 -0.06350601464509964
v 0.08624479174613953 0.010818124748766422 -0.06482383608818054
v 0.0857173502445221 0.009561982937157154 -0.06259360164403915
v 0.08771687746047974 0.014464755542576313 -0.0685739815235138
v 0.08785904943943024 0.011644602753221989 -0.06992880254983902
v 0.07171468436717987 -0.025265298783779144 -0.040874991565942764
v 0.07089797407388687 -0.021795380860567093 -0.04004737362265587
v 0.07134117931127548 -0.02030121348798275 -0.04130637273192406
v 0.07150852680206299 -0.02138320729136467 -0.042936354875564575
v 0.073891781270504 -0.00944053940474987 -0.0557398647069931
v 0.07533570379018784 -0.004882159177213907 -0.05312962085008621
v 0.08352018892765045 -0.025417430326342583 -0.060306452214717865
v 0.08316023647785187 -0.023376666009426117 -0.05929582193493843
v 0.08538687974214554 -0.019278360530734062 -0.062293317168951035
v 0.08558797091245651 -0.020740941166877747 -0.06377728283405304
v 0.07985763251781464 -0.0210591871291399 -0.05741061270236969
v 0.0821969211101532 -0.01818954572081566 -0.06056945398449898
v 0.08317190408706665 -0.01746651530265808 -0.062273312360048294
v 0.0823037326335907 -0.019683977589011192 -0.0603141151368618
v 0.08716005831956863 0.014667139388620853 -0.06180042400956154
v 0.08594990521669388 0.016958925873041153 -0.05696085840463638
v 0.08735982328653336 0.015895387157797813 -0.05574905127286911
v 0.08894603699445724 0.013773655518889427 -0.05986304208636284
v 0.07829921692609787 0.0037960184272378683 -0.06531169265508652
v 0.07687267661094666 0.008680764585733414 -0.0632382407784462
v 0.07572579383850098 0.008065958507359028 -0.06329233199357986
v 0.07681156694889069 0.0038394867442548275 -0.0651986300945282
v 0.08759250491857529 0.011960087344050407 -0.06628893315792084
v 0.08800257742404938 0.009786178357899189 -0.0675673708319664
v 0.0866590142250061 0.008524864912033081 -0.0662904903292656
v 0.0777200385928154 0.009511263109743595 -0.04950225353240967
v 0.0793464332818985 0.010607494041323662 -0.051446583122015
v 0.07945477217435837 0.00902646780014038 -0.05236472934484482
v 0.07913240045309067 0.007855323143303394 -0.05162094160914421
v 0.07566337287425995 -0.03610096871852875 -0.048886798322200775
v 0.06839362531900406 -0.023505456745624542 -0.05747091770172119
v 0.07008595764636993 -0.023172849789261818 -0.05914073809981346
v 0.07278777658939362 -0.0190434567630291 -0.061927612870931625
v 0.07107927650213242 -0.017777787521481514 -0.062318846583366394
v 0.06863183528184891 -0.03274223953485489 -0.039434291422367096
v 0.0718822032213211 -0.032537803053855896 -0.03972078487277031
v 0.07243016362190247 -0.03377716988325119 -0.040691882371902466
v 0.06930086761713028 -0.035022709518671036 -0.0410066656768322
v 0.08025802671909332 0.013889176771044731 -0.05164606124162674
v 0.08228077739477158 0.013122251257300377 -0.05337751656770706
v 0.08056692779064178 0.012347507290542126 -0.052915189415216446
v 0.07932127267122269 0.01283223181962967 -0.05154646188020706
v 0.08622517436742783 0.0008845621487125754 -0.06684146821498871
v 0.08590169996023178 0.0070929694920778275 -0.06439052522182465
v 0.08535828441381454 -0.008114427328109741 -0.062283050268888474
v 0.08546633273363113 -0.007762840483337641 -0.06502865254878998
v 0.08498784154653549 -0.01182603556662798 -0.06357802450656891
v -0.02892640419304371 -0.045649148523807526 -0.1137605682015419
v -0.014262515120208263 -0.045324575155973434 -0.11783548444509506
v -0.014118263497948647 -0.05657895281910896 -0.1153138056397438
v -0.027680817991495132 -0.059691525995731354 -0.11000259220600128
v 0.08432851731777191 -0.01196662150323391 -0.06115664541721344
v 0.08562751114368439 -0.0002915776567533612 -0.061861347407102585
v 0.08576148748397827 -0.00017549634503666312 -0.06508392095565796
v 0.08933208882808685 0.00784179475158453 -0.06580526381731033
v 0.08937878161668777 0.0021419436670839787 -0.06695058196783066
v 0.08877254277467728 0.008514790795743465 -0.06667480617761612
v 0.07491597533226013 0.011691031977534294 -0.06095719709992409
v 0.07534277439117432 0.014867345802485943 -0.06515864282846451
v 0.07388611882925034 0.008883113972842693 -0.06710441410541534
v 0.07482602447271347 0.009366861544549465 -0.06271477043628693
v 0.07204943895339966 -0.01635746844112873 -0.04139978811144829
v 0.073151595890522 -0.01414746418595314 -0.042689014226198196
v 0.07149868458509445 -0.01623481512069702 -0.04456734284758568
v 0.07054168730974197 -0.01879945769906044 -0.04407006502151489
v 0.07364361733198166 -0.021286562085151672 -0.06077561900019646
v 0.07099222391843796 -0.02431832253932953 -0.05838141217827797
v 0.07164362072944641 -0.025060618296265602 -0.05772608891129494
v 0.07427147775888443 -0.02301100082695484 -0.05935978889465332
v 0.0843072459101677 0.013770652003586292 -0.055208321660757065
v 0.08449465781450272 0.009655761532485485 -0.05657229200005531
v 0.08301562815904617 0.009649649262428284 -0.05531325563788414
v 0.07586581259965897 -0.020144419744610786 -0.050205253064632416
v 0.07613251358270645 -0.018894823268055916 -0.05223986133933067
v 0.07755860686302185 -0.021626180037856102 -0.05341194570064545
v 0.07740914821624756 -0.023655004799365997 -0.051507677882909775
v 0.07989610731601715 -0.032055605202913284 -0.054485831409692764
v 0.07712649554014206 -0.03219684958457947 -0.05538211017847061
v 0.0749497041106224 -0.03421656787395477 -0.05202993005514145
v 0.0778571292757988 -0.03443743661046028 -0.051662519574165344
v 0.07127389311790466 -0.019959915429353714 -0.043541911989450455
v 0.07145745307207108 -0.018875211477279663 -0.04146493226289749
v 0.08043525367975235 0.004004940390586853 -0.06695336848497391
v 0.07939307391643524 0.009834766387939453 -0.06423352658748627
v 0.08551128208637238 0.008163155987858772 -0.060613758862018585
v 0.08568871766328812 0.005958923604339361 -0.062272753566503525
v 0.0745149776339531 -0.0037471086252480745 -0.04602130874991417
v 0.07286538183689117 -0.003331697080284357 -0.047757916152477264
v 0.07317432016134262 -0.004151614848524332 -0.047698650509119034
v 0.07523034512996674 -0.0051873852498829365 -0.045831091701984406
v 0.07450990378856659 -0.0041237338446080685 -0.044562723487615585
v 0.07501204311847687 -0.005695152562111616 -0.044456515461206436
v 0.07431212067604065 -0.0057308790273964405 -0.04366519674658775
v 0.07396261394023895 -0.004904413595795631 -0.04348552227020264
v 0.07215644419193268 -0.0031623903196305037 -0.04823613911867142
v 0.07255857437849045 -0.0034164967946708202 -0.04798287898302078
v 0.07272596657276154 -0.002914749551564455 -0.04801158607006073
v 0.07642204314470291 -0.0007452343124896288 -0.0588439516723156
v 0.07582642883062363 -0.007867727428674698 -0.06095736473798752
v 0.07528577744960785 -0.00920400582253933 -0.060993969440460205
v 0.07698996365070343 -0.0035378695465624332 -0.058436453342437744
v 0.08600694686174393 -0.006744241341948509 -0.06651261448860168
v 0.0824902281165123 0.017325378954410553 -0.04859018698334694
v 0.08157859742641449 0.02012838050723076 -0.04855610430240631
v 0.08388777822256088 0.022748509421944618 -0.05239852890372276
v 0.07052081823348999 -0.01723732240498066 -0.05443713441491127
v 0.07389280945062637 -0.01707424595952034 -0.05211477354168892
v 0.07343782484531403 -0.017208728939294815 -0.050450194627046585
v 0.0710216611623764 -0.01739710383117199 -0.05267103761434555
v 0.07245483994483948 -0.01220665778964758 -0.04725414887070656
v 0.07010982185602188 -0.015241877175867558 -0.047213975340127945
v 0.07358603179454803 -0.013774905353784561 -0.045190006494522095
v 0.07464441657066345 0.0015316150384023786 -0.04423581808805466
v 0.07405618578195572 -0.0021973454859107733 -0.04688779637217522
v 0.07407882809638977 -0.0030219322070479393 -0.0456496886909008
v 0.07407043874263763 -0.00269323424436152 -0.04436825215816498
v 0.0869191512465477 -0.015372414141893387 -0.06625014543533325
v 0.0881648063659668 -0.010122843086719513 -0.06831967085599899
v 0.08648626506328583 -0.01017748098820448 -0.06979070603847504
v 0.0853494182229042 -0.015832072123885155 -0.06775224208831787
v 0.07003916054964066 -0.02883601188659668 -0.0384521447122097
v 0.06520968675613403 -0.03069348633289337 -0.041912760585546494
v 0.06891148537397385 -0.02562551386654377 -0.038630563765764236
v 0.08930966258049011 0.019204169511795044 -0.06276507675647736
v 0.08726680278778076 0.021022479981184006 -0.06309323012828827
v 0.08749983459711075 0.019101571291685104 -0.06525659561157227
v 0.08999147266149521 0.017349326983094215 -0.06472724676132202
v 0.07447702437639236 0.002521138871088624 -0.05177322030067444
v 0.07407974451780319 0.0005625447374768555 -0.05164974927902222
v 0.07458701729774475 0.0016476456075906754 -0.050276484340429306
v 0.07441414892673492 0.003861975157633424 -0.050292499363422394
v 0.05029968544840813 -0.03145117685198784 -0.09651976078748703
v 0.05840539559721947 -0.03146084025502205 -0.07764991372823715
v 0.06239178404211998 -0.017743701115250587 -0.08585906028747559
v 0.05529610440135002 -0.017952600494027138 -0.1017882227897644
v 0.08042830228805542 -0.02882201038300991 -0.053657129406929016
v 0.07976110279560089 -0.031011495739221573 -0.05115262791514397
v 0.07647006958723068 0.009034338407218456 -0.04302223026752472
v 0.07575701177120209 0.010727966204285622 -0.0422712005674839
v 0.0764845609664917 0.01621810346841812 -0.044146578758955
v 0.07752079516649246 0.013068029657006264 -0.04404957965016365
v 0.08853156864643097 0.004220781847834587 -0.07163327932357788
v 0.09100590646266937 0.0034479335881769657 -0.07040762156248093
v 0.07973111420869827 0.014069188386201859 -0.050119172781705856
v 0.08183293789625168 0.01666312664747238 -0.052914347499608994
v 0.08049982041120529 0.014573554508388042 -0.05187538266181946
v 0.0792219415307045 0.013323595747351646 -0.05037892237305641
v 0.07941856980323792 0.0059000723995268345 -0.047263454645872116
v 0.08007828891277313 0.007171919569373131 -0.04724946245551109
v 0.07825968414545059 0.008082904852926731 -0.04744793474674225
v 0.07727166265249252 0.006791967898607254 -0.04765200614929199
v 0.0751219317317009 0.015715913847088814 -0.04155025631189346
v 0.07626309990882874 0.020777294412255287 -0.04510682076215744
v 0.06632794439792633 -0.023745810613036156 -0.057096801698207855
v 0.07865088433027267 0.007838708348572254 -0.04463982582092285
v 0.07936044037342072 0.010429947637021542 -0.04502154141664505
v 0.08066457509994507 0.008904901333153248 -0.04713338240981102
v -0.04708441346883774 -0.08341940492391586 -0.09149198979139328
v -0.04170616716146469 -0.07526902854442596 -0.09667982906103134
v -0.039525534957647324 -0.08739960193634033 -0.1004183292388916
v -0.048529259860515594 -0.09119629114866257 -0.09121281653642654
v 0.06993791460990906 -0.020906921476125717 -0.03813798353075981
v 0.07105498015880585 -0.01929626241326332 -0.03995314985513687
v 0.07884207367897034 0.012993065640330315 -0.05015609413385391
v 0.07816266268491745 0.0118437260389328 -0.050039149820804596
v 0.07688989490270615 0.007957646623253822 -0.04848311468958855
v 0.07766931504011154 0.006911727134138346 -0.050632115453481674
v 0.0813726931810379 0.00040837214328348637 -0.057872671633958817
v 0.08194585889577866 -0.007665445562452078 -0.05952462926506996
v 0.06554922461509705 -0.017275221645832062 -0.07167765498161316
v 0.06222078204154968 -0.03015557862818241 -0.057735852897167206
v 0.07712537795305252 0.008533796295523643 -0.04772884026169777
v 0.07731559872627258 0.009085630998015404 -0.0478978231549263
v 0.07675588876008987 0.008295174688100815 -0.04768260195851326
v 0.07624909281730652 0.007446478586643934 -0.04808332026004791
v 0.07859741151332855 -0.032922934740781784 -0.04874429851770401
v 0.08146943151950836 0.006470328196883202 -0.05567067489027977
v 0.07873331755399704 0.004533294588327408 -0.05368741229176521
v 0.08031680434942245 0.006445215083658695 -0.053682100027799606
v 0.08888042718172073 -0.005502426065504551 -0.06672009825706482
v 0.09047198295593262 0.0018631579587236047 -0.06678132712841034
v 0.09182795137166977 0.0020547788590192795 -0.06818472594022751
v 0.09014807641506195 -0.005641748197376728 -0.0678827092051506
v 0.06663454324007034 -0.033489737659692764 -0.04350809380412102
v 0.07391107827425003 -0.00019791962404269725 -0.05298740789294243
v 0.07492852210998535 -0.0015181844355538487 -0.05232027545571327
v 0.07619664818048477 0.005367316771298647 -0.05097944661974907
v 0.07560870796442032 0.006547708064317703 -0.048461150377988815
v 0.07125578820705414 -0.016291672363877296 -0.03941935673356056
v 0.08670812100172043 0.01544490922242403 -0.06348500400781631
v 0.08729036897420883 0.013879396952688694 -0.06485306471586227
v 0.08579279482364655 0.01431049220263958 -0.06226903572678566
v 0.08565831184387207 0.015390529297292233 -0.060767095535993576
v 0.08516335487365723 0.017679976299405098 -0.05916381627321243
v 0.08453365415334702 0.018373310565948486 -0.05870705842971802
v 0.08619744330644608 0.016951847821474075 -0.06180115416646004
v 0.07843722403049469 0.0059874821454286575 -0.051847826689481735
v 0.07965373992919922 0.00694835651665926 -0.052609883248806
v 0.07600362598896027 -0.021334422752261162 -0.04855933412909508
v 0.07702326774597168 -0.0268924031406641 -0.048561081290245056
v 0.08373619616031647 -0.015321100130677223 -0.06160597503185272
v 0.08261173218488693 -0.014709395356476307 -0.05920856073498726
v 0.0839388445019722 -0.004512724932283163 -0.0703883022069931
v 0.08393938839435577 0.004171762615442276 -0.07020091265439987
v 0.08219003677368164 0.0040176245383918285 -0.06833959370851517
v 0.0826495885848999 -0.0042777941562235355 -0.0691191628575325
v 0.07634009420871735 -0.002064676024019718 -0.06606388092041016
v 0.0727464109659195 -0.001102508744224906 -0.06601627916097641
v 0.07364150136709213 -0.004062103107571602 -0.0429810993373394
v 0.07307551056146622 -0.0003276329953223467 -0.041031550616025925
v 0.0749233290553093 0.0045766946859657764 -0.05027531832456589
v 0.0751081183552742 0.0062866248190402985 -0.048854533582925797
v 0.07749901711940765 -0.018913816660642624 -0.0633329451084137
v 0.07399145513772964 -0.025868766009807587 -0.05583198741078377
v 0.07785361260175705 -0.021051380783319473 -0.06145826354622841
v 0.06987858563661575 -0.02627301588654518 -0.0538824163377285
v 0.06969168782234192 -0.02728237956762314 -0.051585499197244644
v 0.07223767042160034 -0.027469642460346222 -0.0531034842133522
v 0.07963430136442184 -0.01914282888174057 -0.05660245940089226
v 0.08170504122972488 -0.01782781071960926 -0.059021007269620895
v 0.07274533063173294 -0.0036415960639715195 -0.04881132021546364
v 0.07168031483888626 -0.005269236396998167 -0.05049058794975281
v 0.07091562449932098 -0.0036552550736814737 -0.04862545058131218
v 0.08433560281991959 -0.0001691066281637177 -0.059718288481235504
v 0.08454454690217972 -0.00789566058665514 -0.060484759509563446
v 0.07971066981554031 0.009378629736602306 -0.047895364463329315
v 0.0767587274312973 2.0464121917029843e-05 -0.047536451369524
v 0.07751793414354324 0.003371522994711995 -0.04561053588986397
v 0.08254950493574142 0.012295986525714397 -0.04814556613564491
v 0.08136014640331268 0.010883761569857597 -0.04848739132285118
v 0.08066447824239731 0.010013671591877937 -0.04818066582083702
v 0.08148885518312454 0.010526041500270367 -0.04734759032726288
v 0.06620423495769501 -0.012358742766082287 -0.05065146088600159
v 0.0683569610118866 -0.014076901599764824 -0.04882018268108368
v 0.07004944980144501 -0.011106620542705059 -0.048155151307582855
v 0.08417147397994995 0.01756446622312069 -0.05619095265865326
v 0.08477354794740677 0.01579657569527626 -0.05719368904829025
v 0.08123641461133957 0.010344703681766987 -0.06561776250600815
v 0.07994278520345688 0.010852999053895473 -0.05231034755706787
v 0.07994593679904938 0.00947663839906454 -0.05341940000653267
v 0.07852106541395187 0.022915123030543327 -0.05988951399922371
v 0.07892454415559769 0.02031591162085533 -0.05613573268055916
v 0.07872729003429413 0.02054769918322563 -0.05473703145980835
v 0.0785403698682785 0.025240661576390266 -0.05522550642490387
v 0.06909666210412979 -0.030131561681628227 -0.048344481736421585
v 0.071752168238163 -0.02988920919597149 -0.05098472163081169
v 0.07140577584505081 -0.028551196679472923 -0.0514732263982296
v 0.06952659785747528 -0.028567232191562653 -0.04965432733297348
v 0.07289692759513855 -0.017329713329672813 -0.04978365823626518
v 0.07102271169424057 -0.017591817304491997 -0.05165388807654381
v 0.08443687856197357 -0.01386300753802061 -0.06441092491149902
v 0.08397922664880753 -0.014784411527216434 -0.06338921189308167
v 0.08523090928792953 -0.01082023698836565 -0.06531032919883728
v 0.08534180372953415 -0.00935366004705429 -0.06623572111129761
v 0.07538537681102753 0.003235029522329569 -0.055042948573827744
v 0.07497745007276535 0.002191715408116579 -0.05386405438184738
v 0.07739464938640594 0.015436512418091297 -0.05739220976829529
v 0.07976613193750381 0.017197761684656143 -0.058551933616399765
v 0.07984383404254913 0.01924743689596653 -0.055468373000621796
v 0.07800541818141937 0.017774445936083794 -0.05560322478413582
v 0.08300701528787613 0.011036497540771961 -0.06752047687768936
v 0.07991664856672287 0.007984423078596592 -0.05347966402769089
v 0.08026005327701569 0.008150851354002953 -0.05435067415237427
v 0.07977156341075897 0.008389458991587162 -0.05287626013159752
v 0.07641896605491638 0.005904922727495432 -0.047949984669685364
v 0.0785677507519722 0.004736115224659443 -0.0479893833398819
v 0.08234309405088425 0.012603896670043468 -0.049470242112874985
v 0.08490193635225296 0.015752367675304413 -0.052049294114112854
v 0.08409635722637177 0.016342395916581154 -0.05326094105839729
v 0.08185701072216034 0.013484608381986618 -0.04964851588010788
v 0.07805287837982178 0.010662282817065716 -0.04841533303260803
v 0.01289325300604105 -0.03318643569946289 -0.12409432232379913
v 0.014682826586067677 -0.02293449454009533 -0.13135205209255219
v -0.03774252533912659 0.046620167791843414 0.038283564150333405
v -0.04531516507267952 0.04521820694208145 0.03290284052491188
v -0.044149111956357956 0.03948383405804634 0.03630097955465317
v -0.0367671474814415 0.04021386057138443 0.040248386561870575
v 0.0802776888012886 0.019944630563259125 -0.048227034509181976
v 0.08034813404083252 0.021322498098015785 -0.05162773281335831
v 0.08139345049858093 0.022190041840076447 -0.0520598404109478
v 0.0808582454919815 0.020677465945482254 -0.04872758686542511
v 0.08566363900899887 0.014265292324125767 -0.06035248562693596
v 0.08820470422506332 0.010967353358864784 -0.06559035181999207
v 0.0760120078921318 -0.0034651579335331917 -0.05121579021215439
v 0.07344593107700348 -0.006206300109624863 -0.051967691630125046
v 0.06398216634988785 -0.006668062414973974 -0.05108581483364105
v 0.06431558728218079 -0.005532003007829189 -0.050813738256692886
v 0.06497089564800262 -0.005876556504517794 -0.05185176059603691
v 0.06489522755146027 -0.006758066359907389 -0.05231066793203354
v 0.06803059577941895 -0.01194548700004816 -0.053173817694187164
v 0.07014957815408707 -0.012741276994347572 -0.05243314057588577
v 0.06921808421611786 -0.014189090579748154 -0.05093138664960861
v 0.06742653250694275 -0.013214095495641232 -0.052540067583322525
v 0.0634922906756401 -0.009303638711571693 -0.05159561336040497
v 0.06374914944171906 -0.0078594870865345 -0.05129588022828102
v 0.06450488418340683 -0.008329340256750584 -0.05278420448303223
v 0.06412239372730255 -0.009840330109000206 -0.05347862467169762
v 0.08350756764411926 0.018147647380828857 -0.05453482270240784
v 0.08501774817705154 0.017896028235554695 -0.05674333497881889
v 0.09012649953365326 0.009625911712646484 -0.06438468396663666
v 0.09038268029689789 0.00760653568431735 -0.06560046970844269
v 0.08771432191133499 0.014692485332489014 -0.06276948004961014
v 0.08807671070098877 0.012918520718812943 -0.06411204487085342
v 0.07333586364984512 -0.01149360928684473 -0.042387332767248154
v 0.07435774058103561 -0.011319500394165516 -0.04396022483706474
v 0.07404302060604095 -0.012903486378490925 -0.04402565956115723
v 0.0912235677242279 0.01215575635433197 -0.06410568207502365
v 0.09047744423151016 0.015039629302918911 -0.0660901814699173
v 0.07235082238912582 -0.028614399954676628 -0.04012535139918327
v 0.07137364894151688 -0.03023880161345005 -0.03901948407292366
v 0.046208687126636505 -0.10173527896404266 -0.025187745690345764
v 0.05489824712276459 -0.09597707539796829 -0.03785492852330208
v 0.05398787930607796 -0.1060216873884201 -0.037530120462179184
v 0.04529568552970886 -0.11159026622772217 -0.025517454370856285
v 0.08140623569488525 0.015462478622794151 -0.047126781195402145
v 0.07981909066438675 0.01828407123684883 -0.047307126224040985
v 0.0634547621011734 -0.011265493929386139 -0.05195879191160202
v 0.06343681365251541 -0.011415009386837482 -0.05204930901527405
v 0.06604406982660294 -0.013153797946870327 -0.05180851370096207
v 0.06812166422605515 -0.007343917153775692 -0.04916948080062866
v 0.06453382223844528 -0.006937926169484854 -0.050352465361356735
v 0.06875701248645782 -0.010522659868001938 -0.05296036973595619
v 0.06833887845277786 -0.0054129683412611485 -0.05128435045480728
v 0.06802427768707275 -0.00421364838257432 -0.05008253455162048
v 0.06879694759845734 -0.01700454391539097 -0.04830297455191612
v 0.06967061012983322 -0.0179912019520998 -0.050143733620643616
v 0.07125011086463928 -0.018447820097208023 -0.0471467450261116
v 0.06448260694742203 -0.011926315724849701 -0.05363038554787636
v 0.07621647417545319 0.004723878111690283 -0.05319245159626007
v 0.07146216928958893 -0.010209701023995876 -0.052671756595373154
v 0.07243513315916061 -0.012365481816232204 -0.05476122349500656
v 0.0716819241642952 -0.01401298027485609 -0.05401769280433655
v 0.07079347968101501 -0.01187618263065815 -0.05275420472025871
v 0.0782889872789383 -0.022008389234542847 -0.05483468249440193
v 0.07815765589475632 -0.020233409479260445 -0.054911185055971146
v 0.07068687677383423 -0.01644601859152317 -0.05653088912367821
v 0.07383649796247482 -0.01690964587032795 -0.05491233244538307
v 0.07614424079656601 -0.0007324699545279145 -0.05119762569665909
v 0.07764405757188797 0.002147458493709564 -0.0489007942378521
v 0.0734599158167839 -0.0035667214542627335 -0.049341876059770584
v 0.07154905796051025 -0.008109030313789845 -0.051731277257204056
v 0.0731239765882492 -0.010435800999403 -0.05408570542931557
v 0.06824275851249695 -0.006236075423657894 -0.04928368702530861
v 0.07141004502773285 -0.005886710248887539 -0.04792551323771477
v 0.07116642594337463 -0.004860668443143368 -0.04819502308964729
v 0.0682157501578331 -0.0053049111738801 -0.04949616640806198
v 0.08159241080284119 0.009628712199628353 -0.054655224084854126
v 0.07856132090091705 0.016260527074337006 -0.04555748403072357
v 0.08056670427322388 0.012985769659280777 -0.045907340943813324
v 0.07877103239297867 0.027398355305194855 -0.0717366635799408
v 0.07622016966342926 0.01934245228767395 -0.0764346569776535
v 0.07759903371334076 0.019850585609674454 -0.06352280080318451
v 0.06954964250326157 -0.008944988250732422 -0.052679114043712616
v 0.06459313631057739 -0.005033230409026146 -0.050868403166532516
v 0.06512206792831421 -0.0055809118784964085 -0.050564661622047424
v 0.084208182990551 -0.01809846982359886 -0.06225616857409477
v 0.07170691341161728 -0.019232120364904404 -0.04678215831518173
v 0.07537823170423508 0.004021005239337683 -0.048427361994981766
v 0.08318071067333221 -0.009536872617900372 -0.0693577378988266
v 0.08224863559007645 -0.0149221895262599 -0.0674952045083046
v 0.07506288588047028 0.005427683237940073 -0.04863903298974037
v 0.07527381181716919 0.006451345048844814 -0.048622794449329376
v 0.07049059122800827 -0.017961973324418068 -0.0510936938226223
v 0.07242710888385773 -0.017943482846021652 -0.04860137030482292
v 0.07561841607093811 0.006720127072185278 -0.048370566219091415
v 0.07453752309083939 -0.01174510270357132 -0.04537437856197357
v 0.08558128774166107 0.009542414918541908 -0.059331584721803665
v 0.07557319104671478 -0.02939612790942192 -0.055800121277570724
v 0.07371526211500168 -0.03082899935543537 -0.052900321781635284
v 0.06497475504875183 -0.005974289961159229 -0.050198543816804886
v 0.06802495568990707 -0.013993396423757076 -0.05024648457765579
v 0.06865005195140839 -0.0070622703060507774 -0.051718570291996
v 0.0735199898481369 -0.007982191629707813 -0.04711471125483513
v 0.07312393188476562 -0.010135282762348652 -0.046923596411943436
v 0.07471759617328644 -0.009493185207247734 -0.04512208327651024
v 0.07475941628217697 -0.016310175880789757 -0.056565191596746445
v 0.07135800272226334 -0.014351613819599152 -0.05846915394067764
v 0.07249949127435684 -0.013531802222132683 -0.06047044321894646
v 0.07664012908935547 -0.01523421797901392 -0.0578201487660408
v 0.08100838959217072 -0.019963281229138374 -0.06518793851137161
v 0.07929643988609314 -0.024431496858596802 -0.06200174242258072
v 0.08160262554883957 -0.0264743585139513 -0.06208484247326851
v 0.0839642658829689 -0.02153821662068367 -0.06528876721858978
v 0.07958138734102249 0.04347545653581619 -0.08079839497804642
v 0.07954641431570053 0.03301118314266205 -0.06492076069116592
v 0.08033377677202225 0.04982571303844452 -0.0693826973438263
v 0.08254887163639069 0.018643781542778015 -0.0631202757358551
v 0.08236026018857956 0.01641930267214775 -0.06458169966936111
v 0.08764688670635223 0.01694263517856598 -0.0669894590973854
v 0.07809611409902573 0.023216724395751953 -0.04989340901374817
v 0.07849559187889099 0.020564794540405273 -0.0532437264919281
v 0.08024260401725769 0.02049064263701439 -0.05143704265356064
v 0.0874888077378273 -0.005015164613723755 -0.07104641199111938
v 0.07572458684444427 0.0053194486536085606 -0.042999424040317535
v 0.07784511148929596 0.005456853657960892 -0.04480581730604172
v 0.07639550417661667 -0.01760675385594368 -0.0642538070678711
v 0.07800322771072388 -0.017095178365707397 -0.05537943169474602
v 0.08042243868112564 -0.016314979642629623 -0.05706081911921501
v 0.08806956559419632 0.018290288746356964 -0.05642930790781975
v 0.08602701127529144 0.016187259927392006 -0.053911130875349045
v 0.010994710959494114 -0.11393797397613525 0.0035578932147473097
v 0.01052896212786436 -0.12047874927520752 -0.0003721560351550579
v 0.00746627664193511 -0.008862104266881943 0.05780468136072159
v 0.008405929431319237 -0.009026728570461273 0.056645601987838745
v 0.007054435554891825 -0.0075298803858459 0.05556065961718559
v 0.0067320107482373714 -0.007512702606618404 0.0561181977391243
v 0.008008264936506748 -0.017307834699749947 0.0572618767619133
v 0.007368201855570078 -0.016024798154830933 0.05661594867706299
v 0.008581437170505524 -0.016026493161916733 0.05569397658109665
v 0.00964760035276413 -0.017102286219596863 0.05646036937832832
v 0.005790718365460634 -0.007403188850730658 0.05578015372157097
v 0.004762738011777401 -0.009183893911540508 0.05831596627831459
v 0.0057277861051261425 -0.009008072316646576 0.05897413194179535
v 0.006148471496999264 -0.007439082022756338 0.056043148040771484
v 0.08831050992012024 0.021389519795775414 -0.05727843567728996
v 0.011970254592597485 -0.016554102301597595 0.05710170418024063
v 0.010722133331000805 -0.014941992238163948 0.056533727794885635
v 0.01098750252276659 -0.014387784525752068 0.058178357779979706
v 0.01318109780550003 -0.015340080484747887 0.058878909796476364
v 0.004333823453634977 -0.015125952661037445 0.0649891272187233
v 0.005424512084573507 -0.01314533967524767 0.06496288627386093
v 0.0044686999171972275 -0.014282339252531528 0.06283701956272125
v 0.004381000529974699 -0.01615319401025772 0.0624682754278183
v 0.0073801372200250626 -0.012755114585161209 0.06422583013772964
v 0.009256056509912014 -0.012572400271892548 0.0661110132932663
v 0.010986031964421272 -0.01273543480783701 0.06426650285720825
v 0.008903434500098228 -0.013205673545598984 0.06264553964138031
v 0.004826093092560768 -0.012843922711908817 0.05849869176745415
v 0.005745275411754847 -0.014805445447564125 0.059661369770765305
v 0.0041039688512682915 -0.012082880362868309 0.06144672632217407
v 0.010488712228834629 -0.01239839568734169 0.05679731443524361
v 0.010235381312668324 -0.013337250798940659 0.055723533034324646
v 0.008524627424776554 -0.010099004954099655 0.055546022951602936
v 0.008762544952332973 -0.009774046950042248 0.05545083433389664
v 0.0495569221675396 -0.08504315465688705 -0.024306902661919594
v 0.056297048926353455 -0.0820254534482956 -0.038891322910785675
v 0.03452468290925026 0.005999506451189518 0.03755638003349304
v 0.03362583741545677 0.0031862794421613216 0.038735248148441315
v 0.029550135135650635 0.004249842371791601 0.03943447396159172
v 0.030602773651480675 0.006758056581020355 0.03828231245279312
v 0.07505044341087341 -0.007492939010262489 -0.044226501137018204
v 0.07425986975431442 -0.0067476388067007065 -0.04325364530086517
v 0.08235370367765427 0.013857319951057434 -0.06599755585193634
v 0.0865381732583046 0.015888366848230362 -0.06230350583791733
v 0.08287608623504639 0.020189618691802025 -0.06127941980957985
v 0.08237349987030029 0.021734919399023056 -0.056657854467630386
v 0.08091872930526733 0.02044491656124592 -0.055984023958444595
v 0.08102433383464813 0.018711142241954803 -0.059815824031829834
v 0.08990439027547836 0.015732530504465103 -0.06098854914307594
v 0.07276450842618942 -0.020682211965322495 -0.04663616046309471
v 0.08310801535844803 0.0056873406283557415 -0.05755195766687393
v 0.08187392354011536 0.022193973883986473 -0.0542171373963356
v 0.08501148223876953 0.02336512692272663 -0.05464735999703407
v 0.08717937022447586 -0.005011867731809616 -0.06662711501121521
v 0.0904870331287384 0.014390756376087666 -0.06271678954362869
v 0.08930724114179611 0.012767883017659187 -0.06154650077223778
v 0.08355415612459183 0.014252139255404472 -0.04896111413836479
v 0.07483906298875809 -0.010950551368296146 -0.061556730419397354
v 0.08058426529169083 -0.011046018451452255 -0.05937964469194412
v 0.07876598834991455 -0.013718074187636375 -0.05870028957724571
v -0.09049379080533981 0.012825497426092625 -0.07041996717453003
v -0.09069862961769104 0.010332136414945126 -0.071656234562397
v -0.09119366109371185 0.008516649715602398 -0.0698108896613121
v -0.09090422838926315 0.010616238228976727 -0.06843877583742142
v -0.08675140142440796 -0.004470103420317173 -0.07022073864936829
v -0.08707856386899948 0.0024990886449813843 -0.07122034579515457
v -0.08817201107740402 0.005020863376557827 -0.07174944132566452
v -0.08859849721193314 0.002794327912852168 -0.07101591676473618
v 0.07407056540250778 -0.01288825087249279 -0.06133296340703964
v 0.07458532601594925 0.0010613743215799332 -0.053568508476018906
v 0.0710623636841774 -0.015661567449569702 -0.037351515144109726
v 0.07840819656848907 -0.0264640711247921 -0.05195276811718941
v -0.08679462969303131 -0.01467679999768734 -0.06715653836727142
v -0.08552388846874237 -0.014085887931287289 -0.06714698672294617
v -0.08677612990140915 -0.009525409899652004 -0.06865931302309036
v -0.08848395943641663 -0.00994481984525919 -0.06898971647024155
v 0.07922622561454773 -0.025301966816186905 -0.054336898028850555
v 0.02908523753285408 -0.032638248056173325 -0.11849790066480637
v 0.03267727419734001 -0.02158741094172001 -0.12497276067733765
v 0.08955204486846924 -0.005403617862612009 -0.06971869617700577
v 0.08405564725399017 0.018316838890314102 -0.055940181016922
v 0.07466895133256912 -0.021133746951818466 -0.04775349050760269
v 0.07506414502859116 -0.026353199034929276 -0.045545872300863266
v 0.07351966202259064 -0.02565343864262104 -0.04398425295948982
v 0.08010662347078323 0.008630704134702682 -0.05409419909119606
v 0.07557764649391174 -0.016154492273926735 -0.0641658678650856
v 0.07533913850784302 -0.013872566632926464 -0.06538721919059753
v 0.06515193730592728 -0.005257840733975172 -0.05156245082616806
v 0.07837375998497009 -0.022627243772149086 -0.061520323157310486
v 0.0749562457203865 -0.02750561200082302 -0.055711016058921814
v 0.058493126183748245 -0.07849826663732529 -0.05288573354482651
v 0.05508710816502571 -0.07508653402328491 -0.06881693750619888
v -0.07386437803506851 -0.03453132137656212 -0.04301172122359276
v -0.07629822194576263 -0.03169680014252663 -0.04558008536696434
v -0.07645788043737411 -0.03467077016830444 -0.04696529731154442
v -0.0721096470952034 -0.036100976169109344 -0.045358240604400635
v 0.05611263960599899 -0.08688025176525116 -0.06671446561813354
v 0.058472227305173874 -0.0911422148346901 -0.05176546797156334
v 0.07179538905620575 -0.0020566307939589024 -0.038088906556367874
v 0.07233826816082001 -0.008915762417018414 -0.040303755551576614
v 0.07193279266357422 -0.010154991410672665 -0.03873808681964874
v 0.025417359545826912 -0.10465974360704422 -0.0021407464519143105
v 0.02194685861468315 -0.11620146781206131 -0.00590380746871233
v 0.07046092301607132 -0.01506835874170065 -0.033810053020715714
v 0.06983041763305664 -0.015511761419475079 -0.022288767620921135
v 0.07138987630605698 5.781612708233297e-05 -0.02242477796971798
v 0.070702463388443 -0.005215904675424099 -0.03295782953500748
v 0.05960081145167351 0.030199671164155006 0.014552361331880093
v 0.06146042421460152 0.03138381242752075 0.00958050787448883
v 0.06216030567884445 0.022061040624976158 0.00982897449284792
v 0.0599873885512352 0.023005351424217224 0.013889012858271599
v 0.020346030592918396 0.08749832957983017 0.03046971745789051
v 0.010336264036595821 0.08848793059587479 0.03282962366938591
v 0.010178458876907825 0.09552765637636185 0.02672930620610714
v 0.020432734861969948 0.09426902234554291 0.02413114532828331
v 0.034572284668684006 -0.013249648734927177 -0.12902536988258362
v 0.036460764706134796 -0.0027220332995057106 -0.1335810422897339
v 0.01680988073348999 -0.00552451703697443 -0.1406186819076538
v 0.015679849311709404 -0.015269787050783634 -0.13557393848896027
v 0.020548434928059578 0.11153993010520935 0.0016752955270931125
v 0.010090533643960953 0.11309953033924103 0.004379240330308676
v 0.010206921026110649 0.1182434931397438 -0.005682131741195917
v -0.06914384663105011 -0.03472568839788437 -0.046388041228055954
v -0.07292244583368301 -0.035115424543619156 -0.050880178809165955
v -0.07246872782707214 -0.031852126121520996 -0.052126143127679825
v -0.06943624466657639 -0.031978148967027664 -0.048737168312072754
v 0.020845679566264153 0.11644958704710007 -0.008049091324210167
v 0.05324236676096916 0.003132297657430172 0.028483537957072258
v 0.05557868629693985 -0.0029643410816788673 0.02856743335723877
v 0.05181042477488518 -0.003389327321201563 0.032274793833494186
v 0.049847718328237534 0.0028252576012164354 0.03143696114420891
v 0.07501432299613953 -0.03080071322619915 -0.042781464755535126
v 0.07391726225614548 -0.02971212938427925 -0.041619304567575455
v -0.08587663620710373 0.021651675924658775 -0.05733037739992142
v -0.0862613245844841 0.017983054742217064 -0.05665313079953194
v -0.08503218740224838 0.0168559979647398 -0.05462367832660675
v -0.08440828323364258 0.02045811340212822 -0.05490074306726456
v -0.07293565571308136 -0.00919641274958849 -0.0673612728714943
v -0.07137338817119598 -0.015802083536982536 -0.06579425930976868
v -0.0772412121295929 -0.011032612062990665 -0.0682884156703949
v -0.0775732472538948 -0.008150341920554638 -0.06857863068580627
v 0.010381720028817654 0.12268159538507462 -0.017466699704527855
v 0.021274639293551445 0.12073040008544922 -0.019426193088293076
v 0.011924351565539837 0.013116709887981415 0.044330891221761703
v -0.08445779979228973 0.012127491645514965 -0.06380151212215424
v -0.0849146842956543 0.012718036770820618 -0.06669263541698456
v -0.08548922836780548 0.01070933323353529 -0.06788983941078186
v -0.0847487822175026 0.009433089755475521 -0.06565102934837341
v -0.08749108761548996 0.014354260638356209 -0.07136914134025574
v -0.08767108619213104 0.011564951390028 -0.07281370460987091
v -0.07254406064748764 -0.025652848184108734 -0.042197998613119125
v -0.07156482338905334 -0.02225256711244583 -0.041428711265325546
v -0.07189192622900009 -0.020648758858442307 -0.04290848225355148
v -0.07236472517251968 -0.021640028804540634 -0.044438619166612625
v -0.07371387630701065 -0.009375745430588722 -0.058778565376996994
v -0.07528825104236603 -0.004883179906755686 -0.056130047887563705
v -0.08327636867761612 -0.025040991604328156 -0.06234775856137276
v -0.08323358744382858 -0.023210885003209114 -0.06139407306909561
v -0.08540138602256775 -0.019190771505236626 -0.0644831657409668
v -0.0853869765996933 -0.02054336667060852 -0.06595411151647568
v 0.012271692976355553 0.014986440539360046 0.04164733365178108
v 0.01587504893541336 0.011477726511657238 0.04051578789949417
v 0.01552040595561266 0.009401043877005577 0.042708590626716614
v 0.008113499730825424 0.061006080359220505 0.0447465255856514
v 0.009044229984283447 0.068935327231884 0.04187367856502533
v 0.01799728535115719 0.06902024149894714 0.04044909030199051
v 0.016502823680639267 0.061135560274124146 0.043780818581581116
v 0.020625319331884384 0.009029846638441086 0.039433497935533524
v 0.019691351801156998 0.006951807998120785 0.040982648730278015
v 0.010115979239344597 0.10192303359508514 0.02000424824655056
v 0.020514996722340584 0.10059528052806854 0.017211612313985825
v 0.02067173831164837 0.12715314328670502 -0.06964724510908127
v -0.08015475422143936 -0.021087486296892166 -0.05968812480568886
v -0.08245247602462769 -0.018242986872792244 -0.06295439600944519
v -0.08335281908512115 -0.017549267038702965 -0.06470490992069244
v -0.08255640417337418 -0.019756382331252098 -0.06269989907741547
v 0.021146126091480255 0.12730948626995087 -0.06115158647298813
v 0.009973938576877117 0.12994234263896942 -0.061557311564683914
v -0.08629382401704788 0.014612612314522266 -0.06484930217266083
v -0.08506323397159576 0.01687796227633953 -0.06000989302992821
v -0.08657734096050262 0.01578034833073616 -0.058647435158491135
v -0.08813615143299103 0.013728966005146503 -0.06282036006450653
v 0.011029044166207314 0.12914876639842987 -0.07414117455482483
v 0.06786635518074036 0.0005234273849055171 -0.09344540536403656
v 0.07078030705451965 -0.0010126855922862887 -0.07748620957136154
v 0.07384619861841202 0.010903763584792614 -0.07902127504348755
v 0.0721360296010971 0.016950123012065887 -0.09605679661035538
v 0.036753907799720764 -0.09749267995357513 -0.011510941199958324
v 0.03399793058633804 -0.10951756685972214 -0.014570167288184166
v -0.07904765754938126 0.003413234371691942 -0.06776011735200882
v -0.07741609215736389 0.008307520300149918 -0.0654948279261589
v -0.07674014568328857 0.007642654702067375 -0.06541316956281662
v -0.07801203429698944 0.0034365009050816298 -0.06761787831783295
v -0.08697694540023804 0.011869947426021099 -0.06932470947504044
v -0.08747595548629761 0.00969235971570015 -0.07055997103452682
v -0.08599945157766342 0.008410894311964512 -0.06928055733442307
v -0.07717787474393845 0.009267222136259079 -0.05266202241182327
v -0.0789622887969017 0.010264327749609947 -0.05465998500585556
v -0.07882474362850189 0.008803989738225937 -0.05558180436491966
v -0.07866697013378143 0.007571237161755562 -0.054819945245981216
v -0.07588062435388565 -0.03548648580908775 -0.050610847771167755
v -0.06997444480657578 -0.024389054626226425 -0.059257183223962784
v -0.07148240506649017 -0.023937290534377098 -0.06103625148534775
v -0.07416241616010666 -0.019794616848230362 -0.06395108997821808
v -0.07275059074163437 -0.018670465797185898 -0.06424616277217865
v 0.052996501326560974 0.05189237371087074 0.021724393591284752
v 0.05523506924510002 0.05779807269573212 0.0174013152718544
v 0.058278393000364304 0.050671886652708054 0.013431241735816002
v 0.055975575000047684 0.045808400958776474 0.018353739753365517
v 0.0065515548922121525 0.048234160989522934 0.04842432588338852
v 0.013893477618694305 0.04817228019237518 0.04819308593869209
v 0.012013349682092667 0.04208633676171303 0.048323970288038254
v 0.005797890014946461 0.04228220134973526 0.048822466284036636
v -0.06937462836503983 -0.032913729548454285 -0.04070991650223732
v -0.07257632166147232 -0.032565634697675705 -0.04104200005531311
v -0.0731031745672226 -0.03359990939497948 -0.0421677865087986
v -0.07001253217458725 -0.034709393978118896 -0.04257160425186157
v 0.060088641941547394 0.015856074169278145 0.014765330590307713
v 0.06259729713201523 0.013072765432298183 0.01182105764746666
v 0.06179559975862503 0.005170480348169804 0.01689230464398861
v 0.05884690582752228 0.009028644300997257 0.018899349495768547
v 0.05579513683915138 0.004366159904748201 0.025236310437321663
v -0.07964674383401871 0.013593412935733795 -0.054925378412008286
v -0.08136001229286194 0.012953046709299088 -0.056772809475660324
v -0.0797930359840393 0.01215028204023838 -0.05623601749539375
v -0.07880964875221252 0.01253172755241394 -0.05479049310088158
v 0.05835523083806038 -0.0013705738820135593 0.024964842945337296
v -0.08593294024467468 0.0007259286940097809 -0.06960610300302505
v -0.0851411372423172 0.006984070409089327 -0.06732451915740967
v 0.0194955263286829 0.07839907705783844 0.03658292070031166
v 0.009818431921303272 0.07883522659540176 0.03825051337480545
v 0.06036912649869919 0.04143697768449783 0.010481786914169788
v 0.058257900178432465 0.038272105157375336 0.015732239931821823
v 0.009347195737063885 0.016499685123562813 0.04669816419482231
v 0.009950731880962849 0.017897648736834526 0.043204598128795624
v 0.007775512058287859 0.02253648266196251 0.045538075268268585
v -0.08535026013851166 -0.008182551711797714 -0.06472519040107727
v -0.08522038161754608 -0.007847042754292488 -0.06758464872837067
v -0.08492360264062881 -0.011873596347868443 -0.06603056192398071
v -0.08445009589195251 -0.011973493732511997 -0.06346186995506287
v 0.004429746884852648 0.022276347503066063 0.05132332816720009
v 0.004439195618033409 0.026267528533935547 0.04967193678021431
v 0.007442248519510031 0.026128917932510376 0.046200450509786606
v 0.033634331077337265 0.06023768335580826 0.03690386936068535
v 0.035408925265073776 0.06762610375881195 0.03295823931694031
v 0.04295941814780235 0.06616055965423584 0.02767045609652996
v 0.04121509566903114 0.05910850316286087 0.03170379251241684
v 0.020512225106358528 0.10621695965528488 0.009901974350214005
v -0.08539282530546188 -0.00043967654346488416 -0.06445519626140594
v -0.08544404059648514 -0.000338907033437863 -0.06774985790252686
v 0.010061526671051979 0.10763940960168839 0.01270612794905901
v 0.004917246289551258 0.03496512770652771 0.048612792044878006
v 0.00909798126667738 0.03505052626132965 0.0465809665620327
v 0.008181922137737274 0.03169190511107445 0.0459410697221756
v -0.08895144611597061 0.007797195576131344 -0.06869472563266754
v -0.08926571160554886 0.0020572629291564226 -0.06970775127410889
v -0.08834744244813919 0.008457300253212452 -0.06961207836866379
v -0.07568465918302536 0.011185981333255768 -0.06260266900062561
v -0.07610867917537689 0.014343280345201492 -0.06640306115150452
v -0.07539724558591843 0.00843434501439333 -0.06858006864786148
v -0.07592885196208954 0.008914228528738022 -0.06441788375377655
v 0.0048318286426365376 0.03188343346118927 0.048612866550683975
v 0.024547168985009193 0.005355368833988905 0.04010238125920296
v 0.025506390258669853 0.007630016654729843 0.038906075060367584
v 0.06555777788162231 -0.029784800484776497 -0.04825041815638542
v 0.06726101040840149 -0.0311791580170393 -0.04690418392419815
v 0.07361173629760742 0.015911241993308067 -0.03534185141324997
v 0.0717424750328064 0.005339651368558407 -0.033644307404756546
v 0.0722525417804718 0.013359230943024158 -0.023547988384962082
v 0.0729888379573822 0.026176638901233673 -0.026050424203276634
v 0.0751836821436882 0.038140468299388885 -0.029737694188952446
v 0.07585473358631134 0.04648226872086525 -0.03511271998286247
v 0.07708880305290222 0.030463309958577156 -0.041899196803569794
v 0.0757250264286995 0.02492564357817173 -0.03788694366812706
v 0.051622722297906876 -0.0840076431632042 -0.0801236629486084
v 0.048879221081733704 -0.07357199490070343 -0.0834767296910286
v 0.004519448149949312 0.01932423748075962 0.05429290980100632
v 0.004453324247151613 0.016398221254348755 0.05693496763706207
v 0.01931433565914631 0.03654691204428673 -0.1516835242509842
v -0.07208852469921112 -0.01665336824953556 -0.04345491901040077
v -0.07318532466888428 -0.014437276870012283 -0.044939007610082626
v -0.07158444076776505 -0.01646387204527855 -0.046728089451789856
v -0.07098326832056046 -0.019101448357105255 -0.04602754861116409
v 0.01864108443260193 0.02297631837427616 -0.14984625577926636
v 0.03901766985654831 0.02695159614086151 -0.14140141010284424
v 0.03942505270242691 0.03988759219646454 -0.1427910029888153
v 0.06461280584335327 -0.010064602829515934 -0.08963363617658615
v -0.07482767850160599 -0.021895766258239746 -0.0627487376332283
v -0.0721563771367073 -0.02495420165359974 -0.06026105210185051
v -0.0726456269621849 -0.025613902136683464 -0.05960874259471893
v -0.07523209601640701 -0.023527583107352257 -0.06135638803243637
v 0.06804642826318741 -0.009662180207669735 -0.0748785212635994
v 0.009535977616906166 -0.011528938077390194 0.058549173176288605
v 0.0068640271201729774 -0.007447720505297184 0.05485294386744499
v 0.007504825945943594 -0.010366839356720448 0.055894989520311356
v 0.006957251578569412 -0.007550428621470928 0.05489851534366608
v 0.010269124992191792 -0.013743780553340912 0.06060747802257538
v 0.012727363966405392 -0.013526718132197857 0.0619586780667305
v 0.007910076528787613 -0.01428371574729681 0.05523737892508507
v 0.006929323542863131 -0.01424963865429163 0.055669136345386505
v 0.0068296585232019424 -0.010104640386998653 0.05612180009484291
v 0.0071789575740695 -0.007450051140040159 0.05498409643769264
v 0.0018011928768828511 -0.016516530886292458 0.06727787107229233
v 0.002444353885948658 -0.014937580563127995 0.07027903199195862
v 0.006087610963732004 -0.013639679178595543 0.06916876137256622
v 0.004530859179794788 -0.015232697129249573 0.06708881258964539
v 0.0059676640667021275 -0.007361546158790588 0.05573754385113716
v 0.005114860367029905 -0.009792114607989788 0.05719255283474922
v 0.004845968913286924 -0.011361898854374886 0.0628385841846466
v 0.006574239581823349 -0.008840865455567837 0.05869394540786743
v 0.006445467472076416 -0.007457641884684563 0.056136924773454666
v 0.006674126256257296 -0.011007653549313545 0.061965230852365494
v 0.005582318641245365 -0.016773659735918045 0.06001981347799301
v 0.00815090537071228 -0.011157659813761711 0.06044541671872139
v -0.08284709602594376 0.01371943298727274 -0.05870626121759415
v -0.08340246230363846 0.009529666043817997 -0.05985764041543007
v -0.08207462728023529 0.009502551518380642 -0.05862266942858696
v -0.07654330134391785 -0.020192310214042664 -0.05222949758172035
v -0.07692473381757736 -0.01893645152449608 -0.05429817736148834
v -0.07800465822219849 -0.0216202475130558 -0.05552680417895317
v -0.07774603366851807 -0.02360076829791069 -0.053555093705654144
v 0.07661112397909164 -0.017983708530664444 -0.053975775837898254
v 0.057385411113500595 -0.06407734006643295 -0.03371760994195938
v 0.06014217436313629 -0.0488862507045269 -0.04129955917596817
v 0.05979050695896149 -0.04963751509785652 -0.04680631309747696
v -0.0796104446053505 -0.031474027782678604 -0.05637148767709732
v -0.07713568210601807 -0.03202524781227112 -0.05739278718829155
v -0.0752105563879013 -0.034021131694316864 -0.053878918290138245
v -0.07781624048948288 -0.033858753740787506 -0.05349045246839523
v -0.07206973433494568 -0.020239749923348427 -0.045268118381500244
v -0.07176686078310013 -0.019211530685424805 -0.043266650289297104
v -0.08079032599925995 0.0037028687074780464 -0.06962719559669495
v -0.07993456721305847 0.00947781465947628 -0.0667649433016777
v 0.05818818882107735 -0.06538054347038269 -0.04278089478611946
v 0.08156266808509827 0.008141693659126759 -0.055286142975091934
v 0.06703245639801025 0.05777107924222946 -0.005462069530040026
v 0.06783641874790192 0.06922609359025955 -0.014925382100045681
v 0.07305816560983658 0.057990849018096924 -0.026420127600431442
v -0.08442217856645584 0.008020005188882351 -0.06365148723125458
v -0.08485522866249084 0.005825495347380638 -0.0651196837425232
v 0.07309351861476898 0.0476677231490612 -0.02112552896142006
v 0.06835757195949554 0.079030841588974 -0.02316160872578621
v 0.0735173225402832 0.06869877874851227 -0.03379232808947563
v 0.07663259655237198 0.05692434310913086 -0.04337649792432785
v 0.07880476862192154 0.036456674337387085 -0.05668003484606743
v 0.04219808056950569 0.017737332731485367 0.03309015557169914
v 0.042442403733730316 0.01754581183195114 0.03331058472394943
v 0.040906790643930435 0.01729745790362358 0.03459735959768295
v -0.074569933116436 -0.003986191935837269 -0.048740558326244354
v -0.07291418313980103 -0.003544183447957039 -0.05055435374379158
v -0.07322860509157181 -0.004362526349723339 -0.050441041588783264
v -0.07529979199171066 -0.00543979974463582 -0.04846654459834099
v 0.04097912833094597 0.017460035160183907 0.034282706677913666
v 0.04166209697723389 0.01807035505771637 0.03246282413601875
v 0.040280044078826904 0.017687609419226646 0.033653974533081055
v -0.07459739595651627 -0.0044359383173286915 -0.04718403518199921
v -0.07512003928422928 -0.005999715067446232 -0.04702973738312721
v -0.07444176077842712 -0.006061284802854061 -0.04619062319397926
v -0.07409050315618515 -0.005249123554676771 -0.046017106622457504
v 0.04266608878970146 0.018339337781071663 0.03146440535783768
v 0.04319306090474129 0.01800343208014965 0.0319988913834095
v 0.04348357394337654 0.017767084762454033 0.03221232816576958
v 0.02475384809076786 0.01893158257007599 0.03629877418279648
v 0.025743337348103523 0.019247503951191902 0.035805415362119675
v 0.028388721868395805 0.0183776393532753 0.03594468906521797
v 0.027351709082722664 0.01826903037726879 0.03689609095454216
v 0.0245925672352314 0.01860419102013111 0.03680073469877243
v 0.027543120086193085 0.01788651943206787 0.03746618703007698
v -0.07219938188791275 -0.00330477231182158 -0.051106248050928116
v -0.07260330766439438 -0.0035988001618534327 -0.050806932151317596
v -0.07277093827724457 -0.0030861434061080217 -0.05086706578731537
v -0.0759705901145935 -0.0005434515187516809 -0.0625736340880394
v -0.07601737231016159 -0.007904928177595139 -0.06422122567892075
v -0.0752318874001503 -0.009192163124680519 -0.06412584334611893
v -0.07648899406194687 -0.0034802884329110384 -0.06182147562503815
v 0.0285359937697649 0.020609436556696892 0.030941223725676537
v 0.027870191261172295 0.020877333357930183 0.03079395554959774
v -0.08568403124809265 -0.006808059755712748 -0.06916645169258118
v 0.02952292002737522 0.020279770717024803 0.031053505837917328
v 0.023201674222946167 0.02035515569150448 0.03381253778934479
v 0.02334265410900116 0.021128568798303604 0.03381248563528061
v -0.08229096233844757 0.01697388105094433 -0.050893139094114304
v -0.08147569745779037 0.019708111882209778 -0.050613291561603546
v -0.08376966416835785 0.022352607920765877 -0.05453100427985191
v 0.027581799775362015 0.02159143052995205 0.03077160380780697
v 0.02744808979332447 0.021045982837677002 0.03069467842578888
v 0.02377300150692463 0.02024233154952526 0.03405130282044411
v -0.07093755155801773 -0.017485778778791428 -0.056836023926734924
v -0.07459050416946411 -0.017202656716108322 -0.05428045988082886
v -0.07390137761831284 -0.01725541055202484 -0.0525527261197567
v -0.07156839221715927 -0.01759357936680317 -0.05493830144405365
v -0.07254216820001602 -0.012423456646502018 -0.04964772239327431
v -0.07021722942590714 -0.015456817112863064 -0.049491267651319504
v -0.07367879152297974 -0.01402001641690731 -0.047495849430561066
v -0.07451778650283813 0.0012805468868464231 -0.046973809599876404
v -0.07394660264253616 -0.0023376387543976307 -0.04969939962029457
v -0.0741426944732666 -0.003302117111161351 -0.048358771950006485
v -0.07415799051523209 -0.003026010235771537 -0.04700339213013649
v -0.08681946992874146 -0.01534041203558445 -0.06856335699558258
v -0.08807843178510666 -0.010152718983590603 -0.07070021331310272
v -0.0865277349948883 -0.010330365970730782 -0.07243644446134567
v -0.08538274466991425 -0.015948586165905 -0.07026708126068115
v 0.021950215101242065 0.019823474809527397 0.03444525972008705
v 0.020850665867328644 0.01992439664900303 0.034084152430295944
v -0.0707223117351532 -0.029206054285168648 -0.039640866219997406
v -0.06600058078765869 -0.031245794147253036 -0.043024737387895584
v -0.06983742862939835 -0.026266541332006454 -0.03968678414821625
v -0.08903796970844269 0.019016427919268608 -0.06533748656511307
v -0.08703123033046722 0.020746365189552307 -0.06555382162332535
v -0.0872860997915268 0.018874233588576317 -0.06782657653093338
v -0.08973005414009094 0.01721891015768051 -0.06740634888410568
v -0.07435675710439682 0.0023572458885610104 -0.05488849803805351
v -0.07393091917037964 0.00045149034122005105 -0.054746873676776886
v -0.07437428086996078 0.0014662526082247496 -0.05334834009408951
v -0.07431202381849289 0.003611610969528556 -0.053363069891929626
v 0.020923078060150146 0.02109416015446186 0.03425897657871246
v 0.03277767077088356 0.016774524003267288 0.03757144883275032
v 0.033106472343206406 0.015987975522875786 0.037592899054288864
v 0.028408540412783623 0.016428589820861816 0.03776988014578819
v 0.027950666844844818 0.017273344099521637 0.03768676146864891
v 0.03243670240044594 0.01727735809981823 0.03742353245615959
v 0.03589766472578049 0.017279231920838356 0.03657524287700653
v 0.03609314560890198 0.016746219247579575 0.03670051693916321
v 0.03633155673742294 0.015961255878210068 0.03663713112473488
v -0.052567217499017715 -0.03186424821615219 -0.09696026891469955
v -0.06035325303673744 -0.03210039436817169 -0.07829882949590683
v -0.0644514188170433 -0.018290724605321884 -0.08672018349170685
v -0.05749000236392021 -0.01836506463587284 -0.10240479558706284
v -0.08045985549688339 -0.028464054688811302 -0.05563696101307869
v -0.07980384677648544 -0.03057117387652397 -0.05303901433944702
v -0.07639903575181961 0.008634560741484165 -0.045521460473537445
v -0.07572204619646072 0.010231045074760914 -0.04418366774916649
v -0.07637295871973038 0.015736693516373634 -0.04577658325433731
v -0.07729673385620117 0.012742634862661362 -0.04607632756233215
v 0.025091685354709625 0.017365960404276848 0.037517890334129333
v 0.024920741096138954 0.018197553232312202 0.03722411394119263
v 0.036426398903131485 0.015262250788509846 0.03653604909777641
v 0.03348658233880997 0.015287181362509727 0.03747568652033806
v -0.08838652819395065 0.004169065039604902 -0.0746053010225296
v -0.09072571992874146 0.003432812634855509 -0.07315775752067566
v 0.02866162732243538 0.015751240774989128 0.03771328926086426
v 0.025016754865646362 0.016933953389525414 0.037578284740448
v 0.022076521068811417 0.018114162608981133 0.03687465935945511
v 0.0232967771589756 0.01834247075021267 0.03699003905057907
v 0.033578794449567795 0.014573181048035622 0.03697646036744118
v 0.03340412676334381 0.013892953284084797 0.036845315247774124
v 0.028578905388712883 0.014376032166182995 0.03734524920582771
v 0.028691701591014862 0.015017800964415073 0.037427932024002075
v -0.0790930837392807 0.013745027594268322 -0.05339508131146431
v -0.0807112604379654 0.016500845551490784 -0.05629662424325943
v -0.0795474722981453 0.01437540166079998 -0.05524483695626259
v -0.07861527055501938 0.013019836507737637 -0.05363535135984421
v -0.07905559241771698 0.005651975516229868 -0.0503019355237484
v -0.07961920648813248 0.006926242727786303 -0.05031215772032738
v -0.07778672873973846 0.007798864506185055 -0.05054564028978348
v -0.07689324021339417 0.006499710027128458 -0.05073179304599762
v 0.03647603467106819 0.014555059373378754 0.03597011789679527
v 0.03642915561795235 0.013821985572576523 0.03570972755551338
v -0.07506383955478668 0.015015959739685059 -0.04301757737994194
v -0.07604958117008209 0.02004355750977993 -0.04636616259813309
v 0.04464340955018997 0.0177410040050745 0.0304370429366827
v 0.045215461403131485 0.018197959288954735 0.02956089749932289
v 0.04513125121593475 0.017623519524931908 0.029592614620923996
v -0.06791123747825623 -0.02465026080608368 -0.05863085761666298
v 0.044731505215168 0.0172271765768528 0.030056318268179893
v 0.04747583344578743 0.015311529859900475 0.026662476360797882
v 0.04864750802516937 0.016609065234661102 0.025939056649804115
v 0.05042766407132149 0.016020437702536583 0.024331042543053627
v -0.07825715094804764 0.007555022370070219 -0.04761363938450813
v -0.07898785918951035 0.010118212550878525 -0.04775160178542137
v -0.08012260496616364 0.00866888277232647 -0.05012292042374611
v -0.07047052681446075 -0.02152758277952671 -0.03945666924118996
v -0.071344293653965 -0.019755586981773376 -0.04157615453004837
v -0.07831499725580215 0.012667403556406498 -0.05340117961168289
v -0.07772691547870636 0.011518661864101887 -0.05323934555053711
v -0.07644498348236084 0.007673581596463919 -0.051604945212602615
v -0.07732296735048294 0.00658301031216979 -0.05376581847667694
v 0.049070727080106735 0.014534723944962025 0.025614511221647263
v -0.08119606971740723 0.0003402500587981194 -0.06080623343586922
v -0.0819273442029953 -0.007656785659492016 -0.06218155473470688
v 0.05764782056212425 0.006166369654238224 0.021858924999833107
v 0.051566410809755325 0.011873750016093254 0.024921715259552002
v 0.053046002984046936 0.013349151238799095 0.022838683798909187
v 0.044085949659347534 0.017557164654135704 0.0312679223716259
v 0.04342162609100342 0.017324022948741913 0.03221622854471207
v 0.044121406972408295 0.017948457971215248 0.03126972168684006
v 0.0446508415043354 0.01824232190847397 0.030335349962115288
v 0.04418734833598137 0.01688854955136776 0.030885392799973488
v 0.04344154894351959 0.016650700941681862 0.03196093812584877
v 0.04243773594498634 0.017154982313513756 0.03328368812799454
v 0.04239349812269211 0.01641165092587471 0.03315446153283119
v 0.040844306349754333 0.016134604811668396 0.034477412700653076
v 0.04083090275526047 0.016906961798667908 0.03460458666086197
v 0.03884425386786461 0.01680077612400055 0.03573372960090637
v -0.06742550432682037 -0.018039487302303314 -0.07293102890253067
v -0.06360066682100296 -0.03106807731091976 -0.05856569483876228
v 0.03908862546086311 0.017281439155340195 0.0355609692633152
v 0.03896445408463478 0.015986263751983643 0.03557327762246132
v 0.040903232991695404 0.01548550371080637 0.0341632254421711
v 0.03898926079273224 0.015310979448258877 0.03538801521062851
v 0.04241769388318062 0.015732435509562492 0.03270347788929939
v 0.04352713003754616 0.016060752794146538 0.03146011382341385
v 0.04431804642081261 0.016423746943473816 0.030341776087880135
v 0.04503178596496582 0.016807710751891136 0.02952440083026886
v 0.04556141421198845 0.0173995029181242 0.02897581271827221
v 0.044660504907369614 0.01597505807876587 0.029649734497070312
v 0.045359645038843155 0.015360280871391296 0.028785282745957375
v 0.04404998943209648 0.014857572503387928 0.03011912666261196
v 0.043697625398635864 0.015538536943495274 0.030837737023830414
v 0.04562496766448021 0.016487061977386475 0.028781333938241005
v 0.046461574733257294 0.015956686809659004 0.027734827250242233
v -0.076625756919384 0.00823887623846531 -0.050857823342084885
v -0.07677625864744186 0.008794079534709454 -0.051048412919044495
v -0.07632704824209213 0.007997959852218628 -0.05076927691698074
v -0.0758533850312233 0.007130747195333242 -0.051191218197345734
v 0.04260218143463135 0.015214976854622364 0.03211149945855141
v 0.04270225018262863 0.014546872116625309 0.0315786749124527
v 0.04099823161959648 0.014193807728588581 0.033121705055236816
v 0.04095614328980446 0.014874031767249107 0.033630263060331345
v -0.07881014794111252 -0.03245970606803894 -0.05051199346780777
v -0.08077303320169449 0.006379513069987297 -0.05871522054076195
v -0.07852388918399811 0.004280653782188892 -0.056712549179792404
v -0.0798943042755127 0.006227615289390087 -0.05675207078456879
v 0.039046309888362885 0.014661410823464394 0.03485291078686714
v 0.039203941822052 0.0139004522934556 0.03438315540552139
v -0.08857668936252594 -0.005451335571706295 -0.0691700279712677
v -0.09040065854787827 0.0018122729379683733 -0.06932370364665985
v -0.09167837351560593 0.0020077829249203205 -0.0707014948129654
v -0.0897960215806961 -0.005560720805078745 -0.07027661800384521
v 0.032158076763153076 0.017479801550507545 0.03696516156196594
v 0.03178044408559799 0.01785304583609104 0.035792991518974304
v 0.03501054644584656 0.017575262114405632 0.035377468913793564
v 0.036050260066986084 0.017375703901052475 0.03610272705554962
v 0.03917361795902252 0.017368335276842117 0.035204097628593445
v -0.06742506474256516 -0.033596936613321304 -0.04487823694944382
v -0.07371757179498672 -0.0002487737510818988 -0.056091781705617905
v -0.07486924529075623 -0.0015819281106814742 -0.055390749126672745
v 0.03802058473229408 0.01765562780201435 0.03454792499542236
v 0.03513118624687195 0.017795197665691376 0.03396110609173775
v 0.03354243189096451 0.01958659663796425 0.030675746500492096
v 0.03491410240530968 0.019566886126995087 0.030360540375113487
v 0.03750145435333252 0.01784874126315117 0.03322959318757057
v -0.07600575685501099 0.004937510006129742 -0.054053544998168945
v -0.07528971880674362 0.006216667126864195 -0.051514413207769394
v 0.03220885619521141 0.018128985539078712 0.034324903041124344
v 0.032138507813215256 0.019784292206168175 0.030730603262782097
v 0.029253292828798294 0.018746526911854744 0.03456585481762886
v -0.07148806005716324 -0.016773948445916176 -0.04128152132034302
v 0.030794236809015274 0.019966350868344307 0.031010162085294724
v 0.026757853105664253 0.019415276125073433 0.03474229946732521
v 0.03346758708357811 0.028047852218151093 0.037988174706697464
v 0.033805664628744125 0.02881806343793869 0.03805802762508392
v 0.038890548050403595 0.028363803401589394 0.036948975175619125
v 0.0379776768386364 0.02764453925192356 0.036958806216716766
v 0.049339476972818375 0.0005843887920491397 -0.12305261194705963
v 0.05093098804354668 0.01547897420823574 -0.12853795289993286
v 0.03837961331009865 0.011008037254214287 -0.13831192255020142
v 0.041051290929317474 0.024522380903363228 0.0357370600104332
v 0.04105454310774803 0.02604062855243683 0.03545030206441879
v 0.04348690062761307 0.025122813880443573 0.033560533076524734
v 0.04338629171252251 0.023738455027341843 0.03381693363189697
v 0.040975894778966904 0.023074788972735405 0.03578958287835121
v -0.08580674231052399 0.01535779144614935 -0.06664086133241653
v -0.08653716742992401 0.013785899616777897 -0.06794580072164536
v -0.08474675565958023 0.01420872937887907 -0.06549438834190369
v -0.08459316194057465 0.015285610221326351 -0.06400594860315323
v -0.08410311490297318 0.017579859122633934 -0.062310002744197845
v -0.08354910463094711 0.018286675214767456 -0.06189305707812309
v -0.08520058542490005 0.01686268113553524 -0.06501118093729019
v -0.07813598960638046 0.005671140272170305 -0.054947372525930405
v -0.07917848229408264 0.006706946529448032 -0.05574973672628403
v 0.043131403625011444 0.02229222096502781 0.03379706293344498
v 0.03821566328406334 0.02384445257484913 0.03761842101812363
v -0.07671714574098587 -0.021363459527492523 -0.050492845475673676
v -0.07728292793035507 -0.026731086894869804 -0.0504952147603035
v -0.08389942348003387 -0.015333512797951698 -0.06395523995161057
v -0.08314080536365509 -0.014785390347242355 -0.061384014785289764
v -0.08394481986761093 -0.00467456690967083 -0.07308027148246765
v -0.08414240926504135 0.0039443583227694035 -0.07294423133134842
v -0.08251630514860153 0.003726499155163765 -0.07103542983531952
v -0.08280041068792343 -0.004501999355852604 -0.07176428288221359
v 0.03827264904975891 0.02545437216758728 0.0375165194272995
v 0.038210026919841766 0.026868844404816628 0.03710545226931572
v 0.041765350848436356 0.02214299514889717 0.02957073599100113
v 0.041029419749975204 0.022489797323942184 0.030279124155640602
v -0.07760542631149292 -0.0024971941020339727 -0.06856328994035721
v -0.0744507759809494 -0.0015669309068471193 -0.06826314330101013
v -0.0738198533654213 -0.004457172472029924 -0.045437127351760864
v -0.0732315182685852 -0.0007728483760729432 -0.04330269992351532
v -0.0748002901673317 0.0042631723918020725 -0.053333692252635956
v -0.07493379712104797 0.005931947845965624 -0.05189534276723862
v -0.07847576588392258 -0.01944640278816223 -0.06547097116708755
v -0.07475272566080093 -0.0263030007481575 -0.057868633419275284
v -0.07860773801803589 -0.02153199166059494 -0.06368118524551392
v -0.07087194174528122 -0.026852207258343697 -0.055673956871032715
v -0.07058741897344589 -0.027775974944233894 -0.05332697555422783
v -0.07295706123113632 -0.02786468341946602 -0.05501750856637955
v 0.041939977556467056 0.022104233503341675 0.0316857285797596
v 0.043016452342271805 0.021707242354750633 0.03044242225587368
v 0.04226500168442726 0.021720048040151596 0.028959618881344795
v 0.043524935841560364 0.02146393246948719 0.029504185542464256
v 0.037988658994436264 0.021748416125774384 0.027935564517974854
v 0.03761984780430794 0.021943122148513794 0.02828412875533104
v 0.0370233952999115 0.02213650569319725 0.028771163895726204
v -0.08014454692602158 -0.019171996042132378 -0.05872727558016777
v -0.0820319801568985 -0.01783503219485283 -0.06126559153199196
v 0.03823307529091835 0.021498506888747215 0.02773059532046318
v -0.0728023499250412 -0.0037563052028417587 -0.051724907010793686
v -0.07154951989650726 -0.005247325636446476 -0.05349059775471687
v -0.07097196578979492 -0.003776303958147764 -0.051498979330062866
v -0.0839919000864029 -0.0002528446784708649 -0.06237997114658356
v -0.08450862765312195 -0.00794118270277977 -0.06296397745609283
v -0.07916352152824402 0.009128172881901264 -0.05098258703947067
v 0.03842860460281372 0.021207431331276894 0.02764984406530857
v -0.07660031318664551 -0.0001131119133788161 -0.050523001700639725
v -0.07725712656974792 0.003180450526997447 -0.04862111434340477
v -0.08214296400547028 0.0120236249640584 -0.0509512796998024
v -0.08087467402219772 0.010611244477331638 -0.051492758095264435
v -0.08005077391862869 0.009793470613658428 -0.05121767520904541
v -0.08088941872119904 0.010313033126294613 -0.050247278064489365
v -0.06626392155885696 -0.012468053959310055 -0.05312680825591087
v -0.06844307482242584 -0.014205005019903183 -0.05126910284161568
v -0.07012026757001877 -0.011256054975092411 -0.050670087337493896
v 0.03863171488046646 0.020872272551059723 0.02769557200372219
v 0.038280922919511795 0.02064579539000988 0.027840595692396164
v 0.06065259128808975 -0.00977255217730999 0.022282812744379044
v 0.060351014137268066 0.0010936601320281625 0.021012628450989723
v -0.08300598710775375 0.017483511939644814 -0.05948450043797493
v -0.08351536840200424 0.015716422349214554 -0.06051051244139671
v -0.08128028362989426 0.01011127419769764 -0.06834836304187775
v 0.06279920786619186 -0.006813240237534046 0.017827067524194717
v 0.04382960498332977 0.018267694860696793 0.031011391431093216
v -0.07951179146766663 0.010530893690884113 -0.055542152374982834
v -0.07926246523857117 0.009285342879593372 -0.05664994567632675
v 0.044379182159900665 0.018608324229717255 0.030100863426923752
v -0.07824460417032242 0.02215772122144699 -0.06050668656826019
v -0.07865282893180847 0.019597645848989487 -0.05712023377418518
v -0.07838934659957886 0.01988299749791622 -0.05592716485261917
v -0.07811982184648514 0.024462556466460228 -0.05599616840481758
v 0.04325002431869507 0.018589287996292114 0.03059902787208557
v -0.06979704648256302 -0.030401527881622314 -0.049967147409915924
v -0.0723612979054451 -0.0301413144916296 -0.05278424918651581
v -0.07211873680353165 -0.02890959568321705 -0.053295522928237915
v -0.07027579843997955 -0.0289278756827116 -0.05133993923664093
v -0.07332278788089752 -0.017409000545740128 -0.05188698321580887
v -0.07161778956651688 -0.01778077520430088 -0.05384830757975578
v 0.04371378943324089 0.018948376178741455 0.029810987412929535
v -0.08460570871829987 -0.014006521552801132 -0.0669153481721878
v -0.08414694666862488 -0.014884429052472115 -0.0658307746052742
v -0.0851501077413559 -0.010900171473622322 -0.06783926486968994
v -0.08535294979810715 -0.009483452886343002 -0.06880664825439453
v 0.04492196440696716 0.019034627825021744 0.02923639304935932
v 0.045342084020376205 0.018770454451441765 0.0292885210365057
v 0.040822383016347885 0.0183939877897501 0.03157380595803261
v 0.03690995275974274 0.01981756091117859 0.029473984614014626
v 0.03762318566441536 0.019963426515460014 0.028973186388611794
v -0.07509492337703705 0.0030342931859195232 -0.05830838158726692
v -0.0747082531452179 0.0021018004044890404 -0.05712839961051941
v -0.07746230810880661 0.014937003143131733 -0.05920201539993286
v -0.07952748239040375 0.01680837757885456 -0.06052299588918686
v -0.07947862893342972 0.018860723823308945 -0.05729765072464943
v -0.07792362570762634 0.01723691262304783 -0.05724724382162094
v -0.08295553922653198 0.010853159241378307 -0.07029671221971512
v 0.041735295206308365 0.018709298223257065 0.030775481835007668
v 0.03939876705408096 0.01803937926888466 0.03256901353597641
v 0.036023691296577454 0.019663210958242416 0.029947057366371155
v 0.03751228377223015 0.020289907231926918 0.02842480130493641
v 0.03794776648283005 0.020421385765075684 0.028110161423683167
v -0.07940027117729187 0.007775824051350355 -0.05660233274102211
v -0.07972802221775055 0.00795898586511612 -0.057442206889390945
v 0.04180934280157089 0.019095856696367264 0.029983650892972946
v -0.0791928619146347 0.008173516020178795 -0.05605357512831688
v 0.04237984120845795 0.019445432350039482 0.02929915487766266
v 0.044026196002960205 0.019449546933174133 0.02922717295587063
v -0.0761401355266571 0.0056158192455768585 -0.05101993307471275
v -0.07829060405492783 0.004512160550802946 -0.05103490874171257
v -0.08172140270471573 0.012391108088195324 -0.05249594524502754
v -0.08404236286878586 0.015684500336647034 -0.05502283200621605
v -0.08318044245243073 0.016204949468374252 -0.05639875307679176
v -0.08120330423116684 0.013231266289949417 -0.05278510972857475
v 0.04317742958664894 0.020214300602674484 0.028565585613250732
v 0.043008435517549515 0.020696721971035004 0.028536293655633926
v 0.04441314563155174 0.019817141816020012 0.028957298025488853
v -0.07752050459384918 0.010382682085037231 -0.05158315598964691
v 0.044438496232032776 0.020370615646243095 0.028878403827548027
v 0.04282764345407486 0.019871534779667854 0.028780292719602585
v -0.015525531955063343 -0.03323464095592499 -0.12414416670799255
v -0.017233988270163536 -0.02298787608742714 -0.13142594695091248
v 0.04273479804396629 0.021200483664870262 0.028671707957983017
v 0.044167663902044296 0.020816786214709282 0.029129132628440857
v 0.04553231596946716 0.018273338675498962 0.029110591858625412
v 0.04571206495165825 0.01912548579275608 0.028825601562857628
v 0.046247683465480804 0.019767804071307182 0.028220409527420998
v 0.045939911156892776 0.01819363608956337 0.028571199625730515
v -0.08019182085990906 0.019456811249256134 -0.050061170011758804
v -0.08017886430025101 0.020843740552663803 -0.05346282571554184
v -0.0812235027551651 0.021746955811977386 -0.05405920371413231
v -0.08072197437286377 0.02021830342710018 -0.05066898837685585
v -0.08434335887432098 0.01422244030982256 -0.06365593522787094
v 0.04664918780326843 0.01830204576253891 0.0278016347438097
v 0.046246014535427094 0.017205432057380676 0.028145868331193924
v 0.0471070371568203 0.02054448425769806 0.02780764549970627
v 0.0484977550804615 0.02139321155846119 0.026705026626586914
v -0.08767309784889221 0.010918070562183857 -0.06856121867895126
v -0.07593580335378647 -0.003529917448759079 -0.0542224682867527
v -0.07330413162708282 -0.006194045301526785 -0.05497333034873009
v 0.0479421466588974 0.018416067585349083 0.026741525158286095
v 0.047198981046676636 0.017015088349580765 0.027094082906842232
v 0.04542863368988037 0.019597971811890602 0.028830423951148987
v -0.06384050846099854 -0.0067391288466751575 -0.053817737847566605
v -0.06417378038167953 -0.005601540673524141 -0.05362967774271965
v -0.06482572853565216 -0.005929483566433191 -0.05465170741081238
v -0.06474393606185913 -0.006801326293498278 -0.05502341315150261
v 0.045463282614946365 0.019951634109020233 0.028630997985601425
v 0.046584442257881165 0.021485542878508568 0.029047563672065735
v -0.06801682710647583 -0.012009118683636189 -0.0556807816028595
v -0.07022656500339508 -0.01282762736082077 -0.05495719984173775
v -0.06931368261575699 -0.014276508241891861 -0.05336984619498253
v -0.067487932741642 -0.013277271762490273 -0.05495831370353699
v 0.04726366326212883 0.02254827879369259 0.028578883036971092
v 0.04591871052980423 0.02070167288184166 0.02916359156370163
v 0.04539816454052925 0.021304238587617874 0.03034687042236328
v 0.04596291482448578 0.02223333716392517 0.030396346002817154
v -0.0633532851934433 -0.009343170560896397 -0.054135724902153015
v -0.06360462307929993 -0.007916241884231567 -0.05394560471177101
v -0.06435787677764893 -0.008368969894945621 -0.05539493262767792
v -0.06402546167373657 -0.009907754138112068 -0.05586180090904236
v 0.04634489119052887 0.023289754986763 0.029986852779984474
v 0.04495857283473015 0.022852811962366104 0.03206842020153999
v -0.08239515870809555 0.01804492063820362 -0.05782690271735191
v -0.08395173400640488 0.0178527794778347 -0.059933047741651535
v 0.04519421234726906 0.02415146678686142 0.031707778573036194
v 0.04451536759734154 0.02169540897011757 0.03186759352684021
v 0.04518938437104225 0.020506886765360832 0.029172521084547043
v -0.08969425410032272 0.009587638080120087 -0.0672527626156807
v -0.09002342820167542 0.007572949398308992 -0.06834692507982254
v -0.0869181752204895 0.014641300775110722 -0.06582909822463989
v -0.0874219760298729 0.012861338444054127 -0.0671258196234703
v 0.044696662575006485 0.021044762805104256 0.030015164986252785
v 0.04391970857977867 0.021404948085546494 0.03131828457117081
v 0.04268782213330269 0.02173101343214512 0.03304016962647438
v -0.07343320548534393 -0.011841355822980404 -0.044721249490976334
v -0.07444051653146744 -0.01160737220197916 -0.046369608491659164
v -0.07411149889230728 -0.013187387958168983 -0.04637882113456726
v -0.09081700444221497 0.012102999724447727 -0.06696487218141556
v -0.09017428010702133 0.014963377267122269 -0.06886405497789383
v -0.0729421004652977 -0.028842398896813393 -0.04154371842741966
v -0.0720338299870491 -0.030459217727184296 -0.04025783762335777
v -0.04619402810931206 -0.10222914069890976 -0.025578254833817482
v -0.055246610194444656 -0.09656243771314621 -0.038168735802173615
v -0.054704003036022186 -0.10678161680698395 -0.03790993615984917
v -0.04553121700882912 -0.11212100088596344 -0.02576514706015587
v -0.0812288373708725 0.015137925744056702 -0.04944432154297829
v -0.07979555428028107 0.017858434468507767 -0.049263205379247665
v 0.04073252156376839 0.0223822183907032 0.034976776689291
v 0.04000423476099968 0.022656215354800224 0.03331447020173073
v 0.03798555210232735 0.023098105564713478 0.0367305614054203
v -0.06349382549524307 -0.011377309449017048 -0.054473135620355606
v -0.06346685439348221 -0.011488471180200577 -0.05448302626609802
v -0.06610263884067535 -0.013214120641350746 -0.0542353130877018
v -0.06820224225521088 -0.007525273133069277 -0.05185863375663757
v -0.06459201872348785 -0.007114311680197716 -0.05306508392095566
v 0.03735031187534332 0.023039013147354126 0.03474853187799454
v 0.034348249435424805 0.030273810029029846 0.03858278691768646
v 0.03977750241756439 0.030030086636543274 0.03702939301729202
v 0.03684529662132263 0.023450417444109917 0.0327225960791111
v 0.03461542725563049 0.022477654740214348 0.030083168298006058
v 0.03314090892672539 0.022561488673090935 0.030385129153728485
v 0.03398105874657631 0.023310156539082527 0.033740509301424026
v -0.06863587349653244 -0.010536948218941689 -0.055673062801361084
v 0.024102328345179558 0.021905187517404556 0.034236785024404526
v 0.025147652253508568 0.022524671629071236 0.0347941555082798
v -0.06821417063474655 -0.005389239639043808 -0.054280754178762436
v -0.06808361411094666 -0.004312364850193262 -0.05300718545913696
v -0.06919890642166138 -0.017288273200392723 -0.05043372884392738
v -0.07018172740936279 -0.01820128783583641 -0.0522845983505249
v -0.07180492579936981 -0.018679963424801826 -0.049174945801496506
v -0.06440053135156631 -0.011906387284398079 -0.05587093159556389
v -0.07598871737718582 0.004401025362312794 -0.056365691125392914
v 0.02862739935517311 0.0220368392765522 0.031226901337504387
v 0.028020495548844337 0.021851060912013054 0.030993977561593056
v 0.022310849279165268 0.02181810885667801 0.035116251558065414
v 0.023778416216373444 0.022551730275154114 0.03587118163704872
v -0.07135092467069626 -0.010189308784902096 -0.055559638887643814
v -0.07240614295005798 -0.012417729012668133 -0.0575435645878315
v -0.0717034637928009 -0.01408378966152668 -0.056612592190504074
v -0.07070759683847427 -0.011883574537932873 -0.05544662103056908
v -0.07860925048589706 -0.022020451724529266 -0.05703618377447128
v -0.07863109558820724 -0.020251618698239326 -0.05703648552298546
v -0.0705784484744072 -0.01660648174583912 -0.059195999056100845
v -0.0741613581776619 -0.016967568546533585 -0.057295139878988266
v -0.07604925334453583 -0.0008176430128514767 -0.05430900305509567
v -0.07746714353561401 0.001978575484827161 -0.051958754658699036
v -0.07350238412618637 -0.003693481907248497 -0.052268750965595245
v -0.07145454734563828 -0.008083274587988853 -0.05467986688017845
v -0.07303081452846527 -0.01041602436453104 -0.057007379829883575
v -0.06831078231334686 -0.006406672764569521 -0.052056364715099335
v -0.07148205488920212 -0.006056150421500206 -0.050669215619564056
v -0.07122914493083954 -0.00500481715425849 -0.05100013315677643
v -0.06827735900878906 -0.005451406352221966 -0.05234846845269203
v -0.08080606907606125 0.009466195479035378 -0.05791439861059189
v -0.07831928879022598 0.01598506048321724 -0.047368571162223816
v -0.07993975281715393 0.012789441272616386 -0.04836658388376236
v -0.07919270545244217 0.02679826319217682 -0.07225929200649261
v -0.07723497599363327 0.01883486658334732 -0.07724542170763016
v -0.07766040414571762 0.019188299775123596 -0.06433672457933426
v -0.06942463666200638 -0.008901488967239857 -0.0555923767387867
v -0.06446470320224762 -0.005085774697363377 -0.053752537816762924
v -0.06517951935529709 -0.0057457671500742435 -0.053421441465616226
v -0.08423510193824768 -0.018198786303400993 -0.06473271548748016
v -0.07243753969669342 -0.019449684768915176 -0.04867159202694893
v -0.07516565173864365 0.0037578102201223373 -0.051464684307575226
v -0.08351336419582367 -0.009838725440204144 -0.07197262346744537
v -0.08257029950618744 -0.01524240430444479 -0.07007473707199097
v -0.07489075511693954 0.005118340719491243 -0.05170596018433571
v -0.07505030930042267 0.006116326432675123 -0.051711585372686386
v -0.07102857530117035 -0.018158715218305588 -0.05327809602022171
v -0.07284553349018097 -0.01805027760565281 -0.05065355449914932
v -0.07532095164060593 0.006387198809534311 -0.05146392062306404
v -0.07462330162525177 -0.011987428180873394 -0.04777514189481735
v -0.08442556113004684 0.009405160322785378 -0.06251837313175201
v 0.02868635021150112 0.02302800491452217 0.03496596962213516
v 0.03051544725894928 0.0223358403891325 0.0312994010746479
v -0.07577963173389435 -0.029471447691321373 -0.05789373070001602
v -0.07404229789972305 -0.030891114845871925 -0.054829102009534836
v 0.029424306005239487 0.022189205512404442 0.031340859830379486
v -0.06503139436244965 -0.006151342764496803 -0.05297094210982323
v 0.02689945511519909 0.022779570892453194 0.03491055592894554
v -0.06810162216424942 -0.01407433021813631 -0.052693095058202744
v -0.06854137778282166 -0.007078768685460091 -0.05458182841539383
v 0.027892526239156723 0.023250386118888855 0.03682716563344002
v 0.025563986971974373 0.022975947707891464 0.03641749918460846
v 0.03406117483973503 0.023318419232964516 0.03598767891526222
v -0.07361805438995361 -0.008226227946579456 -0.04967553913593292
v -0.07319923490285873 -0.010358093306422234 -0.0494137741625309
v -0.07483316957950592 -0.009761744178831577 -0.04758579656481743
v 0.020969023928046227 0.07222685217857361 -0.14850276708602905
v 0.020399030297994614 0.05667205899953842 -0.15181002020835876
v -0.075160913169384 -0.016301624476909637 -0.05895773321390152
v -0.07156433910131454 -0.014526238664984703 -0.06114984676241875
v -0.07293692231178284 -0.01370365358889103 -0.06309977918863297
v -0.07706980407238007 -0.01512225717306137 -0.060149990022182465
v -0.08123119920492172 -0.020227346569299698 -0.06765568256378174
v -0.07951571047306061 -0.024616748094558716 -0.0642549991607666
v -0.08145762234926224 -0.02632991038262844 -0.06422317028045654
v -0.08386078476905823 -0.021491296589374542 -0.06757666915655136
v 0.039921510964632034 0.058478109538555145 -0.14290444552898407
v 0.03997382894158363 0.07197737693786621 -0.14022891223430634
v -0.07998482137918472 0.04295884445309639 -0.08108314126729965
v -0.07963886857032776 0.03233273699879646 -0.06536484509706497
v -0.08045385777950287 0.04922110214829445 -0.06963110715150833
v -0.08237769454717636 0.018321385607123375 -0.06549753993749619
v -0.08224046230316162 0.01615314558148384 -0.06709644198417664
v -0.08733342587947845 0.016802925616502762 -0.06972210109233856
v -0.07782214134931564 0.022503076121211052 -0.051042355597019196
v -0.07821381837129593 0.0199758131057024 -0.05460416153073311
v -0.0800531655550003 0.019960917532444 -0.05304811894893646
v -0.08731251209974289 -0.005095446482300758 -0.07392894476652145
v 0.039236459881067276 0.02305309660732746 0.031615130603313446
v 0.035964805632829666 0.022343166172504425 0.02945002354681492
v 0.0499374121427536 0.07304077595472336 -0.13241511583328247
v 0.04919257014989853 0.0815611481666565 -0.1295308619737625
v 0.04051730036735535 0.08352461457252502 -0.13512468338012695
v 0.035181473940610886 -0.061310023069381714 -0.10098865628242493
v 0.025376101955771446 -0.07288452237844467 -0.10768329352140427
v -0.07550384104251862 0.005022231489419937 -0.04583638906478882
v -0.07752160727977753 0.00521188834682107 -0.04783399775624275
v 0.02023867517709732 0.021559162065386772 0.03632369264960289
v -0.07761010527610779 -0.018218455836176872 -0.06631971895694733
v 0.022152386605739594 0.02236098051071167 0.03685951977968216
v -0.07857148349285126 -0.01707424968481064 -0.05745966359972954
v -0.08084499835968018 -0.01627030037343502 -0.0591777041554451
v -0.08763789385557175 0.01808709092438221 -0.059026435017585754
v -0.08516447246074677 0.016088193282485008 -0.05680954083800316
v 0.018875727429986 0.020807042717933655 0.035881444811820984
v 0.017920279875397682 0.020737921819090843 0.035944558680057526
v 0.01937250979244709 0.02166936732828617 0.03649049624800682
v 0.021078098565340042 0.022621890529990196 0.037024494260549545
v 0.024470368400216103 0.022997260093688965 0.03737252950668335
v 0.023579347878694534 0.023375865072011948 0.0378761813044548
v 0.027095075696706772 0.0239800363779068 0.038796860724687576
v 0.027180148288607597 0.023296654224395752 0.038028404116630554
v 0.03426384925842285 0.02346956729888916 0.037919025868177414
v 0.0343165397644043 0.024320753291249275 0.038706786930561066
v 0.02656210958957672 0.025129441171884537 0.03862466290593147
v 0.022966261953115463 0.024212725460529327 0.03753785416483879
v 0.02588314563035965 0.026604192331433296 0.038265373557806015
v 0.022828619927167892 0.025615641847252846 0.03729042038321495
v 0.03401285782456398 0.027238665148615837 0.03815225884318352
v 0.03447907418012619 0.025883283466100693 0.0385553315281868
v 0.02179812453687191 0.01902650110423565 0.03639732673764229
v 0.019483424723148346 0.0192274060100317 0.036140620708465576
v 0.02245805785059929 0.019374875351786613 0.036098867654800415
v 0.020182879641652107 0.019566264003515244 0.03576865792274475
v 0.023685051128268242 0.019726397469639778 0.03529113158583641
v 0.019093161448836327 0.01992025040090084 0.035578805953264236
v 0.01810753531754017 0.019737841561436653 0.03587166219949722
v -0.010073099285364151 -0.11399943381547928 0.00348658487200737
v -0.01005812268704176 -0.12051518261432648 -0.0005719999317079782
v 0.024873217567801476 0.019958872348070145 0.034497808665037155
v 0.018456775695085526 0.02175174467265606 0.03604812175035477
v 0.016986344009637833 0.020674865692853928 0.03584421053528786
v 0.017328225076198578 0.022757751867175102 0.035377610474824905
v 0.01624509133398533 0.02096737176179886 0.03561623394489288
v 0.02002643793821335 0.024868885055184364 0.03605961799621582
v 0.020223343744874 0.023137841373682022 0.036405179649591446
v 0.017082655802369118 0.01958443410694599 0.03579254820942879
v 0.017872843891382217 0.019084880128502846 0.03603975847363472
v 0.016416894271969795 0.019739190116524696 0.03559383377432823
v 0.01718270406126976 0.019101450219750404 0.03582436963915825
v 0.024732744321227074 0.016272490844130516 0.037591177970170975
v 0.024492202326655388 0.015796316787600517 0.037369921803474426
v 0.021250423043966293 0.017567139118909836 0.03691798821091652
v 0.020608779042959213 0.017369283363223076 0.03667215630412102
v 0.03308847174048424 0.013228007592260838 0.03648002818226814
v 0.03618359565734863 0.013099278323352337 0.035537730902433395
v 0.0327298641204834 0.012173083610832691 0.03645488992333412
v -0.007560016121715307 -0.00887990277260542 0.05739563703536987
v -0.008522880263626575 -0.009051174856722355 0.05615074560046196
v -0.007137412205338478 -0.00752882519736886 0.05509241670370102
v -0.006815141998231411 -0.007521314080804586 0.055693719536066055
v 0.03598061576485634 0.012046239338815212 0.035358328372240067
v 0.027668923139572144 0.01270589791238308 0.03728017956018448
v 0.028227688744664192 0.013643801212310791 0.03726334497332573
v 0.03334024176001549 -0.11739479750394821 -0.015975680202245712
v 0.04617885872721672 0.014535326510667801 0.028036246076226234
v 0.04734000191092491 0.0134921595454216 0.027378875762224197
v 0.04558594524860382 0.012778954580426216 0.029073119163513184
v 0.04463891312479973 0.014064958319067955 0.029461588710546494
v 0.04291274771094322 0.013677923008799553 0.030989602208137512
v -0.008145706728100777 -0.017328189685940742 0.056877098977565765
v -0.007542163599282503 -0.016027595847845078 0.056236203759908676
v -0.008746268227696419 -0.016006240621209145 0.05531283840537071
v -0.009760478511452675 -0.0170692577958107 0.05607717111706734
v 0.04343835636973381 0.012369859032332897 0.03083006851375103
v 0.041091639548540115 0.012157238088548183 0.032518502324819565
v 0.04087672382593155 0.013321886770427227 0.032702986150979996
v 0.03905675560235977 0.013157368637621403 0.03405768796801567
v 0.03887386620044708 0.011951624415814877 0.03399426117539406
v 0.04970420151948929 0.01823771558701992 0.025228729471564293
v 0.05069902166724205 0.021650463342666626 0.02452349290251732
v 0.05146844685077667 0.01774834468960762 0.023486027494072914
v 0.05296973139047623 0.02128940261900425 0.022413073107600212
v 0.01539737917482853 0.023975029587745667 0.03522045165300369
v -0.005918743088841438 -0.007437000051140785 0.05539952218532562
v -0.004896718543022871 -0.009233121760189533 0.057954251766204834
v -0.005880491342395544 -0.009061655960977077 0.05861306190490723
v -0.006260942667722702 -0.007465669419616461 0.05565400794148445
v 0.015017027035355568 0.02145766094326973 0.035129692405462265
v 0.013850964605808258 0.025186683982610703 0.03604162856936455
v 0.01360220555216074 0.022361867129802704 0.03573068976402283
v 0.01525922492146492 0.02816247195005417 0.03697432577610016
v 0.0171823650598526 0.02678312361240387 0.03591279685497284
v 0.01556133758276701 0.01995931752026081 0.03551274538040161
v 0.01647769659757614 0.018931493163108826 0.03559595346450806
v 0.014487840235233307 0.019935239106416702 0.03576015681028366
v 0.01563047617673874 0.01851154863834381 0.03597225248813629
v 0.02390034683048725 0.01512431725859642 0.03722077235579491
v 0.02332616038620472 0.01421505119651556 0.03722231835126877
v 0.019989604130387306 0.016892049461603165 0.03670356422662735
v 0.019095754250884056 0.016101699322462082 0.03675925359129906
v 0.04741344228386879 -0.010476806201040745 -0.11818308383226395
v 0.051815830171108246 0.031238730996847153 -0.13124223053455353
v 0.04722748324275017 0.03394841030240059 0.03446703404188156
v 0.04478208348155022 0.03142928332090378 0.03500627353787422
v 0.041229043155908585 0.0325799398124218 0.03729693964123726
v 0.04304972290992737 0.035516105592250824 0.03764274716377258
v 0.049849506467580795 0.037277791649103165 0.03231301158666611
v 0.05231040343642235 0.034020643681287766 0.02927219867706299
v 0.05003628507256508 0.03170695900917053 0.031388141214847565
v 0.04758314788341522 0.0297365952283144 0.03252721577882767
v 0.051481619477272034 0.02443806268274784 0.025227904319763184
v 0.04966793954372406 0.02430899813771248 0.02677030675113201
v 0.049721501767635345 0.02610294707119465 0.028092864900827408
v 0.05148063600063324 0.026655040681362152 0.026741601526737213
v 0.053632792085409164 0.024317044764757156 0.02311381883919239
v 0.053906526416540146 0.027243154123425484 0.024805765599012375
v 0.05092813819646835 0.02892732061445713 0.02889336459338665
v 0.048887770622968674 0.027848374098539352 0.0301057118922472
v 0.05351340025663376 0.030252644792199135 0.02710963413119316
v 0.023527570068836212 0.032820384949445724 0.03914074972271919
v 0.024106817319989204 0.0309128575026989 0.03821123018860817
v 0.021147998049855232 0.028659848496317863 0.03710668906569481
v 0.019737638533115387 0.029818803071975708 0.03752120956778526
v 0.022072808817029 0.034049443900585175 0.04008125886321068
v 0.017628071829676628 0.030936473980545998 0.03822650387883186
v 0.036316704005002975 0.036071375012397766 0.040282197296619415
v 0.035413455218076706 0.033408693969249725 0.03913338854908943
v 0.025620177388191223 0.027821270748972893 0.037971775978803635
v 0.023643948137760162 0.026811622083187103 0.03759293630719185
v 0.025021269917488098 0.028281262144446373 0.03770473599433899
v 0.022713983431458473 0.026890236884355545 0.03721383586525917
v 0.058147549629211426 0.09233821928501129 -0.11178740113973618
v 0.060382865369319916 0.09823818504810333 -0.0992739349603653
v 0.043968405574560165 0.10905604809522629 -0.10568763315677643
v 0.043012235313653946 0.10169833153486252 -0.11797992140054703
v 0.04100467637181282 0.026740629225969315 0.03564028814435005
v 0.04180310666561127 0.02749733068048954 0.03528093919157982
v 0.044273193925619125 0.026678014546632767 0.03322042524814606
v 0.04352598637342453 0.02597508579492569 0.03374351188540459
v 0.04544626921415329 0.025145653635263443 0.03167696297168732
v 0.04619146138429642 0.02589844912290573 0.031220532953739166
v 0.04738571494817734 0.024893175810575485 0.029474962502717972
v 0.046731844544410706 0.02437262423336506 0.029916897416114807
v 0.0473937951028347 0.023675044998526573 0.028708795085549355
v 0.048003170639276505 0.023790253326296806 0.028072979301214218
v 0.022883862257003784 0.02818416804075241 0.03740746155381203
v 0.02489638514816761 0.0292044784873724 0.038006238639354706
v 0.05123176798224449 0.061245936900377274 -0.1336364895105362
v 0.04501175135374069 0.07374127954244614 0.02243322692811489
v 0.05191553756594658 0.07014919072389603 0.01596243865787983
v 0.049843430519104004 0.06363540142774582 0.0219261571764946
v 0.042799584567546844 0.029069943353533745 0.03523553907871246
v 0.04548078030347824 0.027936318889260292 0.03301900997757912
v 0.0472722128033638 0.026782061904668808 0.030828803777694702
v 0.04838365688920021 0.02553565241396427 0.029049858450889587
v 0.04876822978258133 0.024575192481279373 0.027913164347410202
v 0.07174777239561081 -0.01297998707741499 -0.038811467587947845
v 0.07195944339036942 -0.012887271121144295 -0.040437255054712296
v 0.0781572088599205 -0.0027648648247122765 -0.06618257611989975
v 0.07591699808835983 0.003764926455914974 -0.06515826284885406
v 0.07472267001867294 0.007205399684607983 -0.06388205289840698
v 0.08033617585897446 0.014270607382059097 -0.04975132271647453
v 0.08232668042182922 0.017288604751229286 -0.05257592350244522
v 0.08239148557186127 -0.02141599729657173 -0.059357743710279465
v 0.07903953641653061 -0.02331683598458767 -0.055611200630664825
v -0.08804184198379517 0.02115870825946331 -0.05974756181240082
v 0.08212754130363464 -0.02048712596297264 -0.05986471474170685
v 0.08853299170732498 0.013186637312173843 -0.061819057911634445
v 0.08889923989772797 0.011590301059186459 -0.06319766491651535
v 0.08980938792228699 0.011247243732213974 -0.0628785789012909
v 0.040471967309713364 -0.03194177523255348 -0.10835155099630356
v 0.04493919014930725 -0.01928289793431759 -0.11428149044513702
v 0.08907685428857803 0.009859931655228138 -0.06457804888486862
v 0.07363079488277435 -0.00826516468077898 -0.04261705279350281
v 0.07943952083587646 -0.0032717285212129354 -0.06635764986276627
v 0.08117149025201797 -0.0038778663147240877 -0.06811798363924026
v 0.08213463425636292 -0.008984065614640713 -0.06838545203208923
v 0.08125963807106018 -0.00843292847275734 -0.06773523986339569
v 0.0813969224691391 -0.014016295783221722 -0.06664036959409714
v 0.08059503138065338 -0.013147775083780289 -0.0661671906709671
v 0.0836481899023056 -0.017621925100684166 -0.062394171953201294
v 0.08373939245939255 -0.013247755356132984 -0.06517934799194336
v 0.08335656672716141 0.017686497420072556 -0.05397055298089981
v 0.08327142149209976 0.01691872626543045 -0.053222235292196274
v 0.08410046249628067 0.017685700207948685 -0.05440840125083923
v 0.07447224110364914 -0.009394684806466103 -0.04399673640727997
v 0.07860463112592697 0.012090022675693035 -0.04980141669511795
v 0.07836868613958359 0.010328804142773151 -0.04803880304098129
v 0.0780530646443367 0.01077822595834732 -0.04851726070046425
v 0.07249673455953598 -0.0045265560038387775 -0.04786549508571625
v 0.07227406650781631 -0.0037184529937803745 -0.0480073057115078
v 0.07366248965263367 -0.005979533307254314 -0.04752396419644356
v 0.0753493383526802 -0.0072549693286418915 -0.04545281082391739
v 0.06959878653287888 -0.014747102744877338 -0.047727812081575394
v 0.06922287493944168 -0.015462139621376991 -0.04927665740251541
v 0.06864368915557861 -0.01615586131811142 -0.048741456121206284
v 0.0859818160533905 0.023394707590341568 -0.057614170014858246
v 0.07849375158548355 0.009348472580313683 -0.047623053193092346
v 0.07970008999109268 0.010323741473257542 -0.04799996316432953
v 0.08028938621282578 0.011438040994107723 -0.04834267869591713
v 0.08482032269239426 0.017000753432512283 -0.05456697195768356
v 0.08078872412443161 0.012320741079747677 -0.04858359694480896
v 0.079753078520298 0.012406040914356709 -0.04876556620001793
v 0.08109069615602493 0.013966644182801247 -0.04961535707116127
v 0.07908499240875244 0.012521754018962383 -0.04914698004722595
v 0.07455069571733475 -0.01223772019147873 -0.06122064217925072
v 0.07354641705751419 -0.012300092726945877 -0.0592309944331646
v 0.0732705220580101 0.0071320440620183945 -0.03919641673564911
v 0.07389722764492035 0.005139721557497978 -0.04106123372912407
v 0.07806021720170975 -0.02405688725411892 -0.053429875522851944
v 0.07558242976665497 0.012956419959664345 -0.05831248313188553
v 0.07680623233318329 0.015976842492818832 -0.06047409772872925
v 0.08563072979450226 -0.009177040308713913 -0.06639226526021957
v 0.0786610096693039 -0.015501253306865692 -0.057018350809812546
v 0.07655056565999985 -0.016449999064207077 -0.05573905259370804
v 0.08090732991695404 -0.014128878712654114 -0.058405596762895584
v 0.08297760784626007 -0.011576286517083645 -0.059841085225343704
v 0.07503790408372879 0.0034504602663218975 -0.05187119543552399
v 0.08423926681280136 0.00765965785831213 -0.05771985277533531
v 0.08461181819438934 0.005486889276653528 -0.05897762253880501
v 0.0828564390540123 0.007839541882276535 -0.056408945471048355
v 0.07806216180324554 0.019250016659498215 -0.059103041887283325
v 0.07832210510969162 0.018927743658423424 -0.05648116394877434
v 0.07514902949333191 0.015874281525611877 -0.057579487562179565
v 0.07810966670513153 0.01705479994416237 -0.05582031235098839
v 0.07151731848716736 -0.011448526754975319 -0.04732328653335571
v 0.06908860057592392 -0.01691252365708351 -0.05118454247713089
v 0.07122432440519333 -0.01568072848021984 -0.05251699313521385
v 0.07013431936502457 -0.017514361068606377 -0.05218657851219177
v 0.07171035557985306 -0.016645466908812523 -0.05379806086421013
v 0.07195917516946793 -0.015414994210004807 -0.05524805560708046
v 0.07245762646198273 -0.013748866505920887 -0.056377850472927094
v 0.07382887601852417 -0.011904142796993256 -0.05631578341126442
v 0.07130730152130127 -0.007413878105580807 -0.04781980812549591
v 0.07783721387386322 0.01935402676463127 -0.04704993963241577
v 0.07082843780517578 -0.009199119172990322 -0.047902800142765045
v 0.07277126610279083 -0.005809884984046221 -0.0476510226726532
v 0.07268860191106796 -0.007519274950027466 -0.04735328257083893
v 0.07218792289495468 -0.009393156506121159 -0.04717100411653519
v 0.07482407242059708 -0.019244521856307983 -0.0497162863612175
v 0.07496766746044159 -0.017762817442417145 -0.05213411897420883
v 0.07380276918411255 -0.018648119643330574 -0.049025148153305054
v 0.07540810853242874 -0.017289934679865837 -0.05426331236958504
v 0.0728183165192604 -0.018240172415971756 -0.04855966940522194
v 0.07724978774785995 0.01383370254188776 -0.057732053101062775
v 0.07815106213092804 0.01668311282992363 -0.05774947628378868
v 0.0715191587805748 -0.009614325128495693 -0.037147052586078644
v 0.0646267831325531 -0.001527860527858138 0.012618971057236195
v 0.06587216258049011 0.007936227135360241 0.006943169515579939
v 0.029097413644194603 -0.05259323865175247 0.02922404371201992
v 0.028333380818367004 -0.05578383058309555 0.029437903314828873
v 0.05774791166186333 -0.012411875650286674 0.026690924540162086
v 0.05351371318101883 -0.015391441062092781 0.031562261283397675
v 0.028016196563839912 -0.047300610691308975 0.04121123254299164
v 0.027042174711823463 -0.0483175590634346 0.04123934730887413
v 0.026172587648034096 -0.04782939329743385 0.041628722101449966
v 0.02705773524940014 -0.04735982045531273 0.04132898524403572
v 0.0252703670412302 -0.047604236751794815 0.0397036150097847
v 0.026083700358867645 -0.047435462474823 0.03902837261557579
v 0.02615145407617092 -0.04734537750482559 0.04042273759841919
v 0.025327401235699654 -0.04751347750425339 0.04118195176124573
v 0.030236605554819107 -0.03083682432770729 0.04545922204852104
v 0.03379863500595093 -0.026646241545677185 0.044835615903139114
v 0.037125587463378906 -0.03147822618484497 0.04299716651439667
v 0.033952705562114716 -0.03501563519239426 0.04365846514701843
v 0.027518097311258316 -0.049380481243133545 0.031932611018419266
v 0.027339231222867966 -0.0475592240691185 0.03256558999419212
v 0.02661629021167755 -0.047247909009456635 0.03540901094675064
v 0.026678700000047684 -0.04827995225787163 0.03494511544704437
v 0.02746601775288582 -0.050664618611335754 0.03165927901864052
v 0.026558196172118187 -0.048823993653059006 0.03472640737891197
v 0.029071932658553123 -0.0506301112473011 0.029439978301525116
v 0.028820814564824104 -0.04784287139773369 0.029992975294589996
v 0.03684821352362633 -0.05423039197921753 0.03809849172830582
v 0.033416979014873505 -0.05183751508593559 0.039307139813899994
v 0.034290604293346405 -0.04828052967786789 0.040095869451761246
v 0.03769470751285553 -0.04920845478773117 0.03896217793226242
v 0.02594059705734253 -0.018022015690803528 0.04618673771619797
v 0.030138831585645676 -0.02197391539812088 0.045810215175151825
v 0.027462739497423172 -0.026570748537778854 0.04616328701376915
v 0.022990604862570763 -0.02184315212070942 0.046659842133522034
v 0.018969867378473282 -0.01707201637327671 0.04748530685901642
v 0.021717824041843414 -0.013636909425258636 0.04650091007351875
v 0.01656799390912056 -0.00883680209517479 0.050904110074043274
v 0.017308780923485756 -0.012436204589903355 0.05210794508457184
v 0.016697833314538002 -0.013459468260407448 0.055517446249723434
v 0.016962597146630287 -0.011178121902048588 0.054355327039957047
v 0.015131326392292976 -0.017595142126083374 0.05405959114432335
v 0.017417335882782936 -0.014686108566820621 0.05072324350476265
v 0.011307339183986187 -0.01921464502811432 0.054650045931339264
v -0.012104196473956108 -0.016528239473700523 0.05670443922281265
v -0.010867138393223286 -0.014926782809197903 0.05611569806933403
v -0.011133711785078049 -0.014324598014354706 0.05779343843460083
v -0.013288487680256367 -0.01531190611422062 0.05852014571428299
v 0.011024447157979012 -0.018651826307177544 0.05562213808298111
v 0.015329587273299694 -0.018105188384652138 0.052413590252399445
v -0.004483762662857771 -0.015150254592299461 0.06483597308397293
v -0.005541085731238127 -0.013176608830690384 0.06472148001194
v -0.004685244057327509 -0.01434189174324274 0.06262694299221039
v -0.004616732709109783 -0.01621873676776886 0.06232498958706856
v 0.015706155449151993 -0.01914076879620552 0.05047047883272171
v 0.011891897767782211 -0.019895855337381363 0.053411707282066345
v 0.010306751355528831 -0.017813414335250854 0.056450359523296356
v 0.013194588012993336 -0.017266932874917984 0.056497372686862946
v -0.007494612131267786 -0.012761082500219345 0.0639394223690033
v -0.009356367401778698 -0.012602854520082474 0.06584882736206055
v -0.011101226322352886 -0.0127498097717762 0.06394264847040176
v -0.009004691615700722 -0.013206826522946358 0.062318045645952225
v -0.0050154211930930614 -0.012887665070593357 0.058167483657598495
v -0.005922828800976276 -0.014852034859359264 0.05937677621841431
v -0.0042851632460951805 -0.012131542898714542 0.061142392456531525
v -0.010630596429109573 -0.012402033433318138 0.05634872615337372
v -0.010392623022198677 -0.013335293158888817 0.055317532271146774
v -0.008643170818686485 -0.010097352787852287 0.05512525141239166
v -0.00886252149939537 -0.009761598892509937 0.055019013583660126
v 0.014652540907263756 -0.014982083812355995 0.05812715366482735
v 0.0037668771110475063 -0.01613359898328781 0.06471273303031921
v 0.0050382474437355995 -0.014694229699671268 0.06678302586078644
v 0.009263260290026665 0.014492763206362724 0.04973744973540306
v 0.012012563645839691 0.010813259519636631 0.046915069222450256
v 0.009321298450231552 0.011804906651377678 0.05206451192498207
v 0.011938384734094143 0.008548152633011341 0.04909464344382286
v 0.01388373039662838 -0.012594668194651604 0.06157490238547325
v 0.015346724539995193 -0.010820798575878143 0.06005590036511421
v 0.011357882991433144 -0.011354051530361176 0.06522245705127716
v 0.012398866005241871 -0.008718331344425678 0.06500080972909927
v 0.004587007220834494 0.029251810163259506 0.04892386123538017
v 0.001892312429845333 -0.019898513332009315 0.060442354530096054
v 0.0022795109543949366 -0.020599596202373505 0.059917088598012924
v 0.0015770761528983712 -0.01854579523205757 0.06212314963340759
v 0.021934544667601585 0.0947285071015358 -0.13607743382453918
v 0.022540779784321785 0.10700550675392151 -0.12495099008083344
v 0.02182929217815399 0.1200442686676979 -0.10183393955230713
v 0.019618762657046318 0.12423176318407059 -0.08942284435033798
v 0.005858798511326313 -0.03884391114115715 0.05927383527159691
v 0.005674521438777447 -0.0356941744685173 0.05964292213320732
v 0.014119029976427555 -0.043343547731637955 0.041514430195093155
v 0.00818471796810627 -0.04339836910367012 0.04311559721827507
v 0.007980682887136936 -0.044423364102840424 0.04623499512672424
v 0.0137921292334795 -0.044695913791656494 0.0447205975651741
v 0.017933674156665802 -0.04476117715239525 0.04280604422092438
v 0.018631601706147194 -0.04359537735581398 0.039457354694604874
v 0.014604316093027592 -0.04195348918437958 0.039027463644742966
v 0.008561044000089169 -0.041925135999917984 0.04027613624930382
v 0.012988829053938389 -0.04586409777402878 0.0503450445830822
v 0.007541939616203308 -0.04542458429932594 0.052720148116350174
v 0.0068137990310788155 -0.0440845862030983 0.05529284104704857
v 0.012578057125210762 -0.044468626379966736 0.05270412936806679
v 0.018677694723010063 -0.02337772399187088 0.0490977019071579
v 0.014466321095824242 -0.022820618003606796 0.05174475535750389
v 0.010234883986413479 -0.02284950576722622 0.05530016869306564
v 0.006731803063303232 -0.022996684536337852 0.05783654376864433
v 0.005949176382273436 -0.020886525511741638 0.058097127825021744
v 0.00866007711738348 -0.020425310358405113 0.05604219809174538
v 0.005474576260894537 -0.01999218948185444 0.058397311717271805
v 0.00802827812731266 -0.01964251697063446 0.056576307862997055
v 0.007727877702564001 -0.0189316738396883 0.05709131062030792
v 0.008062151260674 -0.017992781475186348 0.057315949350595474
v 0.006304548121988773 -0.017897484824061394 0.0586109384894371
v 0.006763680372387171 -0.01717858761548996 0.0584709569811821
v 0.0052752187475562096 -0.01923561654984951 0.05879933387041092
v 0.004461361560970545 0.006689206697046757 0.06494271755218506
v 0.004306558985263109 0.010073806159198284 0.06205069273710251
v 0.01058014016598463 -0.034041713923215866 0.057884007692337036
v 0.005634594243019819 -0.03325849026441574 0.059351369738578796
v 0.004434342496097088 -0.028620803728699684 0.05904679745435715
v 0.009008021093904972 -0.028919901698827744 0.05776791274547577
v 0.013900208286941051 -0.02977737784385681 0.05508458614349365
v 0.015867313370108604 -0.0359281562268734 0.054789625108242035
v 0.002713370369747281 -0.021438438445329666 0.05950402468442917
v 0.010930263437330723 -0.03671443462371826 0.05767146870493889
v 0.011360486969351768 -0.03956099972128868 0.0568523034453392
v 0.016299201175570488 -0.0386095754802227 0.05432878062129021
v 0.016616106033325195 -0.04100223258137703 0.05324654281139374
v 0.020868269726634026 -0.03840337321162224 0.050625480711460114
v 0.019612541422247887 -0.031783416867256165 0.05167180672287941
v 0.02570326440036297 -0.033900678157806396 0.04765913635492325
v 0.025093669071793556 -0.04084441065788269 0.04673197120428085
v 0.03366783261299133 -0.044913019984960556 0.04137685149908066
v 0.029494328424334526 -0.04747849330306053 0.04098083823919296
v 0.02928365394473076 -0.04602546617388725 0.04169104993343353
v 0.028780773282051086 -0.04461982101202011 0.042838383466005325
v 0.03281041234731674 -0.04154309630393982 0.04282859340310097
v 0.03688918426632881 -0.04429075866937637 0.04040954262018204
v 0.035924263298511505 -0.03953251615166664 0.04193854704499245
v 0.030458413064479828 -0.03770978003740311 0.044819965958595276
v 0.027576150372624397 -0.04279133677482605 0.04430650174617767
v 0.028012750670313835 -0.0462077371776104 0.0419604666531086
v 0.027144618332386017 -0.04671932011842728 0.041707366704940796
v 0.027497585862874985 -0.04534131661057472 0.042910318821668625
v 0.02670319750905037 -0.04607322812080383 0.04252110421657562
v 0.026640234515070915 -0.04436253756284714 0.04408673197031021
v 0.025921713560819626 -0.04540040343999863 0.04353528097271919
v 0.024450454860925674 -0.0444408543407917 0.045184485614299774
v 0.024803444743156433 -0.042963284999132156 0.04608215019106865
v 0.02500772289931774 -0.04671255126595497 0.040773894637823105
v 0.023680126294493675 -0.046501483768224716 0.042047929018735886
v 0.023664511740207672 -0.046333931386470795 0.043405842036008835
v 0.024938320741057396 -0.04660937190055847 0.04195200651884079
v 0.02593310736119747 -0.04698512330651283 0.03963473439216614
v 0.02570047602057457 -0.046883828938007355 0.041057344526052475
v 0.025977127254009247 -0.04653521627187729 0.0362444631755352
v 0.02492646686732769 -0.04590943828225136 0.03722390532493591
v -0.04933224245905876 -0.08576900511980057 -0.02460816502571106
v -0.05634802207350731 -0.08275743573904037 -0.03929748758673668
v 0.026469528675079346 -0.047169409692287445 0.038992419838905334
v 0.026503393426537514 -0.047172389924526215 0.04008028283715248
v 0.02629183791577816 -0.047173887491226196 0.04139342159032822
v 0.02608947455883026 -0.04656931385397911 0.0419309027493
v 0.025328276678919792 -0.046104785054922104 0.04285665974020958
v 0.024019120261073112 -0.045536644756793976 0.044229768216609955
v 0.01678667590022087 -0.04299760237336159 0.05163411796092987
v 0.020697785541415215 -0.04262012615799904 0.04924215003848076
v 0.02075916714966297 -0.04422524943947792 0.04776017740368843
v 0.017045898362994194 -0.045118220150470734 0.04963574931025505
v 0.020772090181708336 -0.045633625239133835 0.04639008641242981
v 0.019480383023619652 -0.04238878935575485 0.03684041649103165
v 0.017228979617357254 -0.04615219682455063 0.04751037061214447
v 0.022755565121769905 -0.04422847554087639 0.036539871245622635
v 0.023935208097100258 -0.043186720460653305 0.034028321504592896
v 0.021835897117853165 -0.045122794806957245 0.039901252835989
v 0.026862185448408127 -0.046302229166030884 0.03334088996052742
v 0.02584339678287506 -0.04518301784992218 0.0341663733124733
v 0.028201578184962273 -0.0458768829703331 0.030725017189979553
v 0.027118774130940437 -0.04440174624323845 0.03174063190817833
v 0.020914366468787193 -0.04616940766572952 0.044747527688741684
v 0.020815974101424217 -0.0407521016895771 0.05011949688196182
v 0.011811457574367523 -0.042057253420352936 0.05494401976466179
v 0.006359781604260206 -0.041505180299282074 0.05743740126490593
v -0.03439664840698242 0.005840566009283066 0.03649190068244934
v -0.033523429185152054 0.0031023062765598297 0.037815310060977936
v -0.02947387658059597 0.004323008004575968 0.038701098412275314
v -0.03050350770354271 0.006786274258047342 0.03743847459554672
v 0.005142967216670513 -0.000982054858468473 0.07152540236711502
v 0.004828728269785643 0.00318829994648695 0.06802943348884583
v 0.025588305667042732 -0.047615278512239456 0.041730355471372604
v 0.010369565337896347 -0.1256961077451706 -0.003519153455272317
v -0.07518281042575836 -0.007811556104570627 -0.046720951795578
v -0.0744241327047348 -0.007097597233951092 -0.04573175311088562
v -0.08226016163825989 0.013646372593939304 -0.06870148330926895
v 0.02848588488996029 -0.049046460539102554 0.04077449440956116
v 0.02693852409720421 -0.05306682363152504 0.031563062220811844
v 0.02580598182976246 -0.04995138198137283 0.03450654819607735
v 0.03393953666090965 -0.05946700647473335 0.03814301639795303
v 0.02891884371638298 -0.06324484199285507 0.040877994149923325
v 0.027288533747196198 -0.05899279564619064 0.042069632560014725
v 0.03133399784564972 -0.0558607317507267 0.03939056023955345
v 0.024378357455134392 -0.0531279593706131 0.04403238743543625
v 0.026949342340230942 -0.05068901553750038 0.041800789535045624
v -0.08563562482595444 0.01584966853260994 -0.0654454380273819
v 0.025602329522371292 -0.04963088035583496 0.04263680800795555
v 0.02302069030702114 -0.05102687329053879 0.045043498277664185
v 0.022188235074281693 -0.04933270439505577 0.0456421822309494
v 0.024695998057723045 -0.048687614500522614 0.04306338354945183
v 0.020262686535716057 -0.047343187034130096 0.044615983963012695
v 0.01550385169684887 -0.04678012430667877 0.047146834433078766
v 0.015332777053117752 -0.050711166113615036 0.041948046535253525
v 0.02024092525243759 -0.051058921962976456 0.0395844392478466
v 0.025029130280017853 -0.05082501098513603 0.036563459783792496
v 0.023925645276904106 -0.04773976653814316 0.04096396267414093
v -0.08266282081604004 0.019843749701976776 -0.06356135755777359
v -0.0822637677192688 0.021327026188373566 -0.058859605342149734
v -0.0805526077747345 0.020097559317946434 -0.05803530663251877
v -0.08071761578321457 0.018359752371907234 -0.06196773424744606
v 0.02085135504603386 -0.047394927591085434 0.04544892907142639
v 0.02386832982301712 -0.047733668237924576 0.042501967400312424
v 0.016441749408841133 -0.046897053718566895 0.04857197403907776
v 0.021573420614004135 -0.1224551722407341 -0.008695661090314388
v 0.02432514727115631 -0.047981198877096176 0.04299807921051979
v 0.021509461104869843 -0.04793529585003853 0.04556126892566681
v 0.017222950235009193 -0.04789147898554802 0.04924548789858818
v 0.018014458939433098 -0.04978019744157791 0.04959263652563095
v 0.018835291266441345 -0.05209219455718994 0.04959447309374809
v 0.01972331292927265 -0.05509040504693985 0.04875243827700615
v 0.0219343900680542 -0.06257138401269913 0.04620535299181938
v 0.023226868361234665 -0.06766349077224731 0.04495598003268242
v 0.015403768047690392 -0.06439761072397232 0.050217654556035995
v 0.016492318361997604 -0.06972939521074295 0.04990766569972038
v 0.014457792043685913 -0.056264132261276245 0.052845969796180725
v 0.013942785561084747 -0.052673906087875366 0.05386843904852867
v 0.013272511772811413 -0.04992631822824478 0.053360264748334885
v 0.01261259987950325 -0.04779583960771561 0.05251891165971756
v 0.0033961522858589888 -0.0231594517827034 0.05910118669271469
v 0.005024799145758152 -0.017706764861941338 0.05996386334300041
v 0.0038969251327216625 -0.01707225665450096 0.0621207170188427
v 0.0072667887434363365 -0.013127731159329414 0.06760738790035248
v 0.001515165320597589 -0.01752999983727932 0.06449942290782928
v 0.009889273904263973 -0.011465228162705898 0.06705950200557709
v 0.00821036659181118 -0.01191134937107563 0.06855073571205139
v 0.0089594516903162 -0.01021154411137104 0.06942117214202881
v 0.010146434418857098 -0.009638797491788864 0.06822213530540466
v 0.006818309426307678 -0.012540317140519619 0.06991095095872879
v 0.008166506886482239 -0.010372229851782322 0.07055376470088959
v 0.0029783244244754314 -0.013737780973315239 0.07180331647396088
v 0.003959546331316233 -0.010220693424344063 0.07388695329427719
v 0.005064195953309536 -0.004574562422931194 0.07366740703582764
v 0.0044916667975485325 -0.007891242392361164 0.07441886514425278
v 0.009411508217453957 -0.008566046133637428 0.0700015276670456
v 0.010705757886171341 -0.006776796188205481 0.06831303238868713
v -0.08945104479789734 0.015609849244356155 -0.06370721012353897
v 0.010926789604127407 -0.003857651026919484 0.06612154096364975
v 0.012922780588269234 -0.006133473943918943 0.06249567121267319
v 0.010525091551244259 0.12922963500022888 -0.04565000534057617
v 0.011781621724367142 -0.046607017517089844 0.051478005945682526
v 0.01059287041425705 -0.04635200649499893 0.04954289272427559
v -0.07374788820743561 -0.020851051434874535 -0.04834883660078049
v -0.08233831822872162 0.005610914435237646 -0.06041482090950012
v 0.015794329345226288 -0.0602954626083374 0.034792520105838776
v 0.01553757768124342 -0.05619888752698898 0.03722761198878288
v 0.010360652580857277 -0.05643868446350098 0.03886633366346359
v -0.08175622671842575 0.021771235391497612 -0.05631255358457565
v -0.08486497402191162 0.023001598194241524 -0.056913234293460846
v 0.01061815582215786 -0.06049002707004547 0.03660131245851517
v 0.006377285812050104 -0.04598645493388176 0.05077269300818443
v -0.08692228049039841 -0.0050191497430205345 -0.06920325756072998
v -0.09006261825561523 0.01430162601172924 -0.06552400439977646
v -0.08864200860261917 0.01272035762667656 -0.06448426842689514
v -0.08306220173835754 0.013990952633321285 -0.05169184133410454
v -0.075245201587677 -0.01101013459265232 -0.06433035433292389
v -0.08084192126989365 -0.010955210775136948 -0.06185415759682655
v -0.07916801422834396 -0.0135927964001894 -0.06103699654340744
v -0.07446049898862839 -0.01287518348544836 -0.0638720691204071
v -0.07446950674057007 0.001013781875371933 -0.056708019226789474
v 0.006241124588996172 -0.050320230424404144 0.04468361288309097
v 0.010332920588552952 -0.05036536604166031 0.043713681399822235
v 0.006952510215342045 -0.04636077955365181 0.05282997712492943
v 0.00762109225615859 -0.04764917492866516 0.05425530672073364
v 0.008150548674166203 -0.04988398402929306 0.05556567385792732
v 0.006171323359012604 -0.056539688259363174 0.0396600104868412
v 0.00648167310282588 -0.060866933315992355 0.0373658686876297
v -0.07143816351890564 -0.016288191080093384 -0.03897656127810478
v 0.02536487765610218 -0.054769352078437805 0.032700903713703156
v -0.0785595178604126 -0.026232261210680008 -0.05396101251244545
v -0.07933901995420456 -0.025167886167764664 -0.05649326741695404
v -0.031689174473285675 -0.03273526951670647 -0.11859717220067978
v -0.035150036215782166 -0.021712427958846092 -0.12514474987983704
v -0.08919582515954971 -0.005376372952014208 -0.07230043411254883
v 0.02590409480035305 -0.05816355347633362 0.03055325709283352
v 0.02077055536210537 -0.05630598962306976 0.035421084612607956
v 0.021253518760204315 -0.059436339884996414 0.03308018296957016
v 0.00955187063664198 -0.07017442584037781 0.05361175164580345
v 0.008660707622766495 -0.06507890671491623 0.053133394569158554
v 0.00882285088300705 -0.052871450781822205 0.056168850511312485
v 0.008642612025141716 -0.05681213364005089 0.05524270609021187
v 0.02253827638924122 0.11473570019006729 -0.11403738707304001
v 0.06262479722499847 0.07614796608686447 -0.0075441645458340645
v 0.061376411467790604 0.06944799423217773 0.0003292207547929138
v -0.08285906910896301 0.01822281815111637 -0.059225894510746
v 0.05455631762742996 0.07665149867534637 0.00765399681404233
v 0.056264542043209076 0.08198580890893936 0.00016962579684332013
v 0.06329932808876038 0.0839611291885376 -0.015800312161445618
v 0.0568288117647171 0.08874165266752243 -0.00769393565133214
v 0.04007578641176224 0.1214442327618599 -0.06510334461927414
v 0.040634993463754654 0.12074394524097443 -0.05081550031900406
v 0.021670958027243614 0.12667402625083923 -0.0468842014670372
v 0.034909751266241074 0.1215219795703888 -0.0790930911898613
v 0.047230314463377 0.11335495114326477 -0.0884065330028534
v 0.04946469888091087 0.11599913984537125 -0.06898235529661179
v 0.049394287168979645 0.11574903130531311 -0.05365114286541939
v -0.07555944472551346 -0.021214859560132027 -0.04953448101878166
v -0.07570172101259232 -0.026447497308254242 -0.047331564128398895
v -0.07428041845560074 -0.025850383564829826 -0.04557453840970993
v -0.07950067520141602 0.008442857302725315 -0.05725676566362381
v 0.025259045884013176 -0.08478733152151108 -0.10893812030553818
v 0.05194418504834175 0.0438724011182785 -0.1327241063117981
v 0.0481027215719223 0.11467845737934113 -0.039825696498155594
v 0.03996634483337402 0.1188683733344078 -0.03701099008321762
v 0.03946332633495331 0.11573665589094162 -0.024587854743003845
v 0.046798963099718094 0.11234164983034134 -0.028091395273804665
v 0.021497398614883423 0.12419439107179642 -0.03243494778871536
v 0.010475380346179008 0.12637212872505188 -0.030574724078178406
v 0.017995549365878105 0.007198650855571032 -0.14603014290332794
v 0.004319974221289158 0.013467395678162575 0.059336528182029724
v 0.046136315912008286 -0.04824543371796608 -0.09186555445194244
v 0.05544602870941162 -0.04839074984192848 -0.07408685982227325
v 0.0582931786775589 -0.1011340469121933 -0.05148186907172203
v 0.06888055801391602 -0.02561519667506218 -0.054807428270578384
v 0.06842795759439468 -0.024824663996696472 -0.055448807775974274
v 0.05801715329289436 -0.06368834525346756 -0.05500497668981552
v 0.058746352791786194 -0.04929133877158165 -0.05601329728960991
v 0.03672633320093155 -0.04719415307044983 -0.1035623550415039
v 0.07721006870269775 -0.01448891218751669 -0.06544001400470734
v 0.07792976498603821 -0.010816321708261967 -0.06631101667881012
v 0.07875239104032516 -0.015518736094236374 -0.06506778299808502
v 0.07939379662275314 -0.011526336893439293 -0.06622808426618576
v 0.07963095605373383 -0.007303247228264809 -0.066648468375206
v 0.0795963928103447 -0.01734563708305359 -0.06417863070964813
v 0.07843808829784393 0.018657289445400238 -0.054640281945466995
v 0.08000148832798004 0.020085319876670837 -0.0533357709646225
v -0.07692486047744751 -0.0168768297880888 -0.06625727564096451
v -0.07687719166278839 -0.014630873687565327 -0.0674600750207901
v 0.06838437169790268 -0.02730623446404934 -0.050687287002801895
v 0.06821805238723755 -0.026508493348956108 -0.05232908949255943
v -0.06500978767871857 -0.005301064811646938 -0.054432131350040436
v 0.06753520667552948 -0.026861755177378654 -0.05162815749645233
v 0.0674295723438263 -0.027392644435167313 -0.050284791737794876
v 0.06827139109373093 -0.028309322893619537 -0.04910547286272049
v 0.06732727587223053 -0.02806111052632332 -0.04919595643877983
v 0.0778450146317482 0.035777706652879715 -0.04784874990582466
v 0.0661795511841774 -0.027256354689598083 -0.052784133702516556
v 0.06755886226892471 -0.02520824782550335 -0.055106792598962784
v 0.06772755831480026 -0.025888048112392426 -0.05363139510154724
v 0.0671883150935173 -0.02671646885573864 -0.05232076719403267
v 0.06708254665136337 -0.027909129858016968 -0.05036202818155289
v 0.06708884984254837 -0.028885582461953163 -0.04872307553887367
v 0.06758631765842438 -0.029523825272917747 -0.0481194406747818
v -0.07890252768993378 -0.022980384528636932 -0.06375794112682343
v -0.075428307056427 -0.02777629718184471 -0.05781678110361099
v -0.058831989765167236 -0.07901055365800858 -0.05342327058315277
v -0.05643914267420769 -0.07601562142372131 -0.0689481869339943
v -0.057465068995952606 -0.08761052042245865 -0.06693451851606369
v -0.05920746922492981 -0.09179120510816574 -0.05208375304937363
v -0.07257304340600967 -0.0028398409485816956 -0.039901506155729294
v -0.07263460755348206 -0.009409340098500252 -0.04251318424940109
v -0.07244862616062164 -0.010792558081448078 -0.040694233030080795
v 0.0801076740026474 -0.01858021505177021 -0.06448670476675034
v 0.07313181459903717 -0.028866533190011978 -0.05313340201973915
v -0.024676775559782982 -0.10508189350366592 -0.00208949763327837
v -0.021565984934568405 -0.11644995957612991 -0.0060942089185118675
v 0.07681312412023544 0.012448091991245747 -0.05985705181956291
v 0.07664235681295395 0.01061172317713499 -0.06148975342512131
v 0.07921561598777771 0.011995150707662106 -0.06263472139835358
v 0.0792650431394577 0.014075113460421562 -0.06125660240650177
v 0.05759233608841896 -0.009604860097169876 -0.10577233135700226
v 0.0600411482155323 0.0013389431405812502 -0.11096063256263733
v 0.011786805465817451 -0.08260701596736908 -0.11346383392810822
v 0.011664214543998241 -0.06992865353822708 -0.11330914497375488
v 0.07495784759521484 0.033671531826257706 -0.09574994444847107
v 0.0769721120595932 0.01392420195043087 -0.058553051203489304
v 0.07952523976564407 0.015723660588264465 -0.0599328875541687
v 0.07834437489509583 -0.006761335302144289 -0.06652171909809113
v 0.07477270066738129 0.01391539815813303 -0.05888551473617554
v 0.07490735501050949 0.012231002561748028 -0.060261838138103485
v 0.08083616942167282 0.017237570136785507 -0.06142418831586838
v 0.08058382570743561 0.015329522080719471 -0.0628366768360138
v 0.08038298040628433 0.013049197383224964 -0.06417351961135864
v 0.07503078132867813 0.010323707014322281 -0.06168040260672569
v -0.07136815786361694 -0.015891458839178085 -0.03508178889751434
v -0.070893794298172 -0.016483325511217117 -0.02308734320104122
v -0.07218881696462631 -0.0008486811420880258 -0.023322582244873047
v -0.07185042649507523 -0.006148885935544968 -0.03428236395120621
v 0.07783003896474838 0.017726600170135498 -0.06079680845141411
v 0.07996588200330734 0.06401646882295609 -0.07224870473146439
v 0.07904162257909775 0.05823344364762306 -0.08631083369255066
v 0.0766446590423584 0.08082475513219833 -0.0758414939045906
v 0.07553763687610626 0.07589263468980789 -0.09112586826086044
v 0.07088807970285416 0.07002890110015869 -0.10706585645675659
v 0.0741044282913208 0.05132566764950752 -0.10231573134660721
v 0.07835184782743454 0.01885405369102955 -0.05511460080742836
v 0.08080357313156128 0.02112063765525818 -0.05369133874773979
v 0.06380385905504227 0.09046684950590134 -0.023702237755060196
v 0.06891580671072006 0.08564755320549011 -0.030991334468126297
v 0.056994251906871796 0.09467644989490509 -0.014965164475142956
v 0.056820098310709 0.10002001374959946 -0.021776076406240463
v 0.06317263841629028 0.09663986414670944 -0.030765194445848465
v 0.07041120529174805 0.09003420174121857 -0.042891789227724075
v 0.07909539341926575 0.05467115342617035 -0.05714811012148857
v 0.07830841094255447 0.06931880861520767 -0.058098793029785156
v 0.07530266046524048 0.0732434019446373 -0.044524163007736206
v -0.059291571378707886 0.029551967978477478 0.014064022339880466
v -0.061042044311761856 0.030570916831493378 0.00914756953716278
v -0.061819568276405334 0.02124744839966297 0.009210003539919853
v -0.05945699289441109 0.022301653400063515 0.013199991546571255
v 0.07467127591371536 0.0856255292892456 -0.06019739806652069
v 0.06617480516433716 0.09914250671863556 -0.049373969435691833
v 0.06982511281967163 0.09563750773668289 -0.0640086680650711
v 0.05907607823610306 0.10757480561733246 -0.0533166266977787
v 0.061176739633083344 0.10572479665279388 -0.06800319999456406
v 0.060955069959163666 0.10316575318574905 -0.0840281993150711
v 0.07143297046422958 0.0917564332485199 -0.07920021563768387
v 0.06129429116845131 0.1021638885140419 -0.03701135516166687
v 0.055191509425640106 0.1048455536365509 -0.02729577012360096
v 0.05620761588215828 0.10852918028831482 -0.04058309644460678
v 0.052900709211826324 0.10888613015413284 -0.03191795572638512
v 0.07326434552669525 0.07487533241510391 -0.03726136311888695
v 0.062067385762929916 -0.03337175026535988 -0.04856663942337036
v 0.0645727887749672 -0.034107062965631485 -0.043503113090991974
v -0.01936936005949974 0.08737733960151672 0.030300090089440346
v -0.009218094870448112 0.08841630071401596 0.03271673992276192
v -0.009470565244555473 0.095600426197052 0.026532094925642014
v -0.019846094772219658 0.09439978003501892 0.0238560251891613
v 0.06896495074033737 -0.02355535514652729 -0.03516209498047829
v -0.036958612501621246 -0.013383296318352222 -0.12920823693275452
v -0.03869888186454773 -0.0028307512402534485 -0.13373319804668427
v -0.019176719710230827 -0.005589145701378584 -0.14069485664367676
v -0.018167216330766678 -0.015333421528339386 -0.13565871119499207
v 0.0685817077755928 0.0010882825590670109 0.0002002069668378681
v 0.06853008270263672 0.013692897744476795 -0.0027812975458800793
v 0.07148224860429764 0.005921586882323027 -0.013062851503491402
v 0.06998072564601898 -0.009122632443904877 -0.011102183721959591
v -0.020158475264906883 0.1114974319934845 0.0016892084386199713
v -0.009629336185753345 0.11308953166007996 0.004366499371826649
v -0.009779050946235657 0.11820454895496368 -0.005665202625095844
v -0.02046895958483219 0.1163506731390953 -0.00799261312931776
v -0.05284397676587105 0.002541550900787115 0.02765003964304924
v -0.055092886090278625 -0.0037406831979751587 0.027719538658857346
v -0.05132032558321953 -0.004044526256620884 0.03131712228059769
v -0.04947817325592041 0.0023314058780670166 0.030531462281942368
v 0.06703339517116547 0.02750302106142044 -0.005022217053920031
v 0.0706862062215805 0.020158523693680763 -0.015099771320819855
v 0.0713987946510315 0.03439139202237129 -0.01744445040822029
v 0.06761278957128525 0.041593827307224274 -0.005768877454102039
v 0.062023453414440155 0.06466979533433914 -0.12225137650966644
v 0.0641130581498146 0.04789334535598755 -0.12028047442436218
v -0.07553821057081223 -0.03063931129872799 -0.04434395208954811
v -0.07448046654462814 -0.02977154031395912 -0.043118663132190704
v 0.06443887203931808 0.03511733189225197 -0.11836694180965424
v 0.04819302260875702 0.05716005340218544 0.026079736649990082
v -0.00997248850762844 0.12261606007814407 -0.017429329454898834
v -0.02090129442512989 0.12058845907449722 -0.019340980798006058
v 0.021519457921385765 0.08585304766893387 -0.1423194408416748
v 0.046947963535785675 0.08089274913072586 0.014937696047127247
v 0.05448223277926445 0.08496116101741791 -0.12263865768909454
v -0.0012942800531163812 -0.06838714331388474 -0.11485353857278824
v 0.04141198471188545 0.09100203961133957 -0.12926848232746124
v 0.07057241350412369 0.08703169971704483 -0.09432213008403778
v 0.06721886992454529 0.08187587559223175 -0.10787294059991837
v 0.059080202132463455 0.07561921328306198 -0.12272182106971741
v 0.06326630711555481 0.018915267661213875 -0.11627592891454697
v 0.04734589532017708 0.10830198973417282 -0.020469751209020615
v 0.056266192346811295 0.0240174513310194 0.020119115710258484
v 0.055643852800130844 0.01982926018536091 0.019544348120689392
v 0.056370675563812256 0.028337940573692322 0.021594757214188576
v 0.05395491048693657 0.015358556993305683 0.021395623683929443
v 0.01531172264367342 0.007347987964749336 0.04469503462314606
v 0.014866000041365623 0.005493639037013054 0.04668901488184929
v 0.014659134671092033 0.002959897043183446 0.04859253764152527
v 0.01823432557284832 0.0027301355730742216 0.04465058445930481
v 0.01780795492231846 -0.000186439385288395 0.04649731144309044
v 0.011389868333935738 0.003417047904804349 0.05398201942443848
v 0.011801490560173988 0.005954110529273748 0.05136333405971527
v 0.013988629914820194 0.0005558038828894496 0.05061058700084686
v 0.013680260628461838 -0.002537965076044202 0.05240902304649353
v 0.011492005549371243 0.0004212615604046732 0.05617856979370117
v 0.018031174317002296 -0.014760494232177734 0.04856448993086815
v 0.01899092085659504 -0.010051453486084938 0.04729436710476875
v 0.016231518238782883 -0.006078638602048159 0.04917408153414726
v 0.02160342037677765 -0.002996207680553198 0.045203447341918945
v 0.020469514653086662 -0.006266399286687374 0.04648779332637787
v 0.016961021348834038 -0.002861554501578212 0.0479615218937397
v 0.022463109344244003 0.0002070840710075572 0.04319777712225914
v 0.0146689647808671 -0.005894511938095093 0.05469430238008499
v 0.015755556523799896 -0.008952454663813114 0.05775495991110802
v 0.012025204487144947 -0.002874967874959111 0.05930131673812866
v 0.010410616174340248 -0.0007131172460503876 0.0627567395567894
v 0.009871535934507847 0.002767588710412383 0.05964403972029686
v 0.01892797462642193 0.004822546150535345 0.04283374920487404
v 0.023626746609807014 0.002677242737263441 0.041602227836847305
v 0.024321777746081352 -0.009585822001099586 0.04602236673235893
v 0.029109928756952286 -0.012933099642395973 0.04575538635253906
v 0.02629813551902771 -0.005463828332722187 0.044410064816474915
v 0.030788887292146683 -0.008129057474434376 0.04411306977272034
v 0.027190951630473137 -0.0019459410104900599 0.04257422313094139
v 0.03186913952231407 -0.0043393634259700775 0.04221231862902641
v 0.033521462231874466 -0.017142735421657562 0.0452948622405529
v 0.0374576598405838 -0.02143668755888939 0.044057801365852356
v 0.04100998863577843 -0.027416791766881943 0.041877876967191696
v 0.04018179699778557 -0.016182847321033478 0.04242841154336929
v 0.04426584020256996 -0.02189696580171585 0.04011101275682449
v 0.04180193319916725 -0.010653825476765633 0.04049631953239441
v 0.04659351333975792 -0.016226405277848244 0.03817521780729294
v -0.011927664279937744 0.013236894272267818 0.04387402534484863
v -0.012209742330014706 0.015102197416126728 0.041125115007162094
v -0.01592014543712139 0.011633138172328472 0.04001916944980621
v -0.01558324322104454 0.009554433636367321 0.04222280532121658
v -0.00700443796813488 0.06085984408855438 0.04443763196468353
v -0.007852879352867603 0.06896570324897766 0.041684433817863464
v -0.01695025898516178 0.06886303424835205 0.04014265909790993
v -0.015406881459057331 0.06090175732970238 0.043365102261304855
v 0.03573146462440491 -0.011582738719880581 0.04349802806973457
v 0.03708343207836151 -0.007285656873136759 0.04157041385769844
v 0.032852549105882645 -0.0005296340095810592 0.04039953276515007
v 0.02836289443075657 0.0012829001061618328 0.040992870926856995
v 0.042085397988557816 0.00048418028745800257 0.03683142364025116
v 0.04227612540125847 -0.005134554114192724 0.03865410014986992
v 0.037619538605213165 -0.0026883252430707216 0.03963007032871246
v 0.037887416779994965 0.0019497531466186047 0.03782189264893532
v 0.04774867370724678 -0.008982634171843529 0.03642819821834564
v 0.04692740738391876 -0.001375529682263732 0.03517037257552147
v 0.04574446752667427 0.003671522019430995 0.03367055580019951
v 0.03201355040073395 0.010303232818841934 0.03689059242606163
v 0.026978900656104088 0.01097553875297308 0.03768349811434746
v 0.03549404814839363 0.010013415478169918 0.03591229394078255
v 0.04162085801362991 0.004565050359815359 0.03533049672842026
v 0.03816302493214607 0.005272610113024712 0.036493413150310516
v 0.04949337616562843 0.01075451448559761 0.027201490476727486
v 0.047227781265974045 0.010020861402153969 0.029468702152371407
v 0.04137850180268288 0.009684809483587742 0.03332825377583504
v 0.03859391435980797 0.009783078916370869 0.03472147136926651
v 0.0443858727812767 0.009778737090528011 0.03149730712175369
v 0.022322531789541245 0.01245985459536314 0.03771565854549408
v 0.017551951110363007 0.014462139457464218 0.03783523291349411
v 0.054259609431028366 -0.061590444296598434 -0.07129450142383575
v 0.009350438602268696 0.005969073157757521 0.057285599410533905
v 0.009267663583159447 0.008823994547128677 0.05458904802799225
v 0.014921743422746658 0.031348586082458496 0.03963182866573334
v 0.01261496264487505 0.02866002358496189 0.038899946957826614
v 0.007529544644057751 0.029036933556199074 0.046151578426361084
v 0.018750177696347237 0.034949250519275665 0.04220041632652283
v 0.014337236061692238 0.01708786003291607 0.0378146730363369
v -0.02065076306462288 0.009211932308971882 0.03891747444868088
v -0.019722921773791313 0.007118189241737127 0.040490664541721344
v 0.012460442259907722 0.019569404423236847 0.03765283524990082
v 0.01135331578552723 0.02244351990520954 0.03766392916440964
v 0.011257757432758808 0.02570255473256111 0.03808298334479332
v -0.009510640986263752 0.10196533054113388 0.019882122054696083
v -0.020017921924591064 0.10066267848014832 0.01706124283373356
v -0.020368386059999466 0.12704165279865265 -0.06955250352621078
v -0.020806871354579926 0.12714076042175293 -0.06103602051734924
v -0.009625814855098724 0.12986202538013458 -0.06149938702583313
v -0.010724247433245182 0.1291259378194809 -0.07409816980361938
v 0.030215561389923096 0.04739315062761307 0.04378693178296089
v 0.026804296299815178 0.04111848399043083 0.04558609426021576
v 0.05818573758006096 0.062828928232193 0.009853444062173367
v 0.06197170540690422 0.05438395217061043 0.005829623434692621
v 0.050718534737825394 0.04246973246335983 0.02901419810950756
v 0.05382247269153595 0.03828556835651398 0.02593434415757656
v 0.055758003145456314 0.03332754969596863 0.02330404333770275
v 0.06369667500257492 0.04281013831496239 0.003040166338905692
v 0.06422168761491776 0.030738115310668945 0.0025854110717773438
v 0.0653059259057045 0.018959833309054375 0.0039631943218410015
v -0.06970643252134323 0.00013767287600785494 -0.09421631693840027
v -0.07261461019515991 -0.0014962947461754084 -0.07875711470842361
v -0.07539466768503189 0.01046416349709034 -0.07999059557914734
v -0.07356909662485123 0.016584323719143867 -0.09665926545858383
v 0.048607129603624344 0.09273286908864975 0.0006339289830066264
v -0.03627687320113182 -0.09809090197086334 -0.011728879064321518
v -0.03373662382364273 -0.1099047064781189 -0.014905048534274101
v -0.0013391881948336959 -0.0815453752875328 -0.11476773768663406
v 0.04849359765648842 0.09848698228597641 -0.0063226851634681225
v 0.04816775768995285 0.0865749716758728 0.007880162447690964
v 0.039165303111076355 0.11155538260936737 -0.015101729892194271
v 0.03925982117652893 0.10702061653137207 -0.0066187684424221516
v 0.0481172613799572 0.103713758289814 -0.013293497264385223
v 0.039740439504384995 0.10177361965179443 0.0007605682476423681
v 0.04011079668998718 0.09605303406715393 0.007648334838449955
v 0.039679937064647675 0.09001607447862625 0.01489478163421154
v 0.03888825327157974 0.08407585322856903 0.021692899987101555
v 0.03737163543701172 0.07598484307527542 0.02839876152575016
v 0.045332569628953934 -0.060707367956638336 -0.08964643627405167
v 0.00692345667630434 -0.007235303986817598 0.0551842637360096
v 0.0064735920168459415 -0.007284716237336397 0.05555242300033569
v -0.052108727395534515 0.05106441676616669 0.02120094932615757
v -0.05395737290382385 0.0570145845413208 0.01680256985127926
v -0.0574369803071022 0.049856558442115784 0.013244662433862686
v -0.055418480187654495 0.04501676186919212 0.017992084845900536
v 0.006654575001448393 -0.0072539811953902245 0.05489508435130119
v 0.006134812254458666 -0.007270102854818106 0.055402547121047974
v 0.006467590108513832 -0.007682528346776962 0.055459197610616684
v 0.006447688676416874 -0.015560419298708439 0.05789222568273544
v 0.005495080724358559 -0.01350628212094307 0.056984979659318924
v 0.005867635831236839 -0.009976355358958244 0.05634026601910591
v 0.06839541345834732 -0.030107704922556877 -0.037652380764484406
v -0.0054075210355222225 0.04806874319911003 0.04817863553762436
v -0.012737084180116653 0.047857847064733505 0.04756387695670128
v -0.010930179618299007 0.04181405529379845 0.04764995351433754
v -0.004754506982862949 0.04202865809202194 0.048594117164611816
v -0.05944068357348442 0.015171639621257782 0.013870157301425934
v -0.06224052608013153 0.012305605225265026 0.011081183329224586
v -0.06151401996612549 0.004445014987140894 0.016178295016288757
v -0.0584830716252327 0.008388791233301163 0.01814812421798706
v -0.05536307394504547 0.0037862304598093033 0.024514948949217796
v -0.057883370667696 -0.002127045765519142 0.024236200377345085
v -0.018392806872725487 0.07812575995922089 0.03638478368520737
v -0.008622413501143456 0.07870401442050934 0.03816087543964386
v -0.05947629362344742 0.04056450352072716 0.010273551568388939
v -0.05788978189229965 0.03754420578479767 0.01546082366257906
v -0.009264864958822727 0.01656893640756607 0.046312086284160614
v -0.009891514666378498 0.01797192357480526 0.042765695601701736
v -0.007322042249143124 0.022418633103370667 0.04517923668026924
v -0.0037236877251416445 0.022117014974355698 0.05100155249238014
v -0.003366268239915371 0.026053721085190773 0.04923233762383461
v -0.00662579108029604 0.025914007797837257 0.04571369290351868
v -0.03287436440587044 0.05993286520242691 0.03638352081179619
v -0.03471997752785683 0.06734418123960495 0.032706208527088165
v -0.04218869283795357 0.06583963334560394 0.027012888342142105
v -0.040382396429777145 0.05868127569556236 0.031169584020972252
v -0.020084895193576813 0.10623569041490555 0.009850071743130684
v -0.009540834464132786 0.10765497386455536 0.012646224349737167
v -0.003787219524383545 0.034864116460084915 0.04811206832528114
v -0.008150222711265087 0.03489705175161362 0.046076469123363495
v -0.007209937088191509 0.03150840848684311 0.045433323830366135
v -0.0035954283084720373 0.031744152307510376 0.04806244373321533
v -0.0246905367821455 0.005507711321115494 0.039581794291734695
v -0.0256264116615057 0.00773509219288826 0.038316454738378525
v -0.06636448949575424 -0.030438708141446114 -0.04938279092311859
v -0.06810367107391357 -0.031483132392168045 -0.04824021831154823
v -0.07354295253753662 0.015077246353030205 -0.03662645071744919
v -0.0721670612692833 0.004473925568163395 -0.035006165504455566
v -0.0725594237446785 0.012398716993629932 -0.024413645267486572
v -0.07251199334859848 0.02524341270327568 -0.026941321790218353
v -0.07457578182220459 0.0370352678000927 -0.030496569350361824
v -0.07574187219142914 0.045546017587184906 -0.03557513281702995
v -0.07697828114032745 0.029513437300920486 -0.04269391670823097
v -0.07526751607656479 0.024013986811041832 -0.038973234593868256
v -0.05335308238863945 -0.08469835668802261 -0.08029098808765411
v -0.050782397389411926 -0.07430029660463333 -0.08363905549049377
v -0.0037263501435518265 0.019196489825844765 0.05403125286102295
v -0.0036217509768903255 0.016232052817940712 0.056641701608896255
v -0.02091711387038231 0.03649168089032173 -0.15170423686504364
v -0.020515555515885353 0.022922620177268982 -0.1498887836933136
v -0.04070466011762619 0.02685101330280304 -0.14148686826229095
v -0.040836986154317856 0.03977832943201065 -0.1428283452987671
v -0.06663510203361511 -0.010528303682804108 -0.09054917842149734
v -0.07000534236431122 -0.010260771960020065 -0.07627154886722565
v -0.009707490913569927 -0.011547749862074852 0.05804336071014404
v -0.006968798115849495 -0.0074338167905807495 0.05440273880958557
v -0.007677984423935413 -0.010367721319198608 0.05548830330371857
v -0.007104481570422649 -0.007526536006480455 0.05448782071471214
v -0.010375362820923328 -0.013715083710849285 0.060232535004615784
v -0.012804015539586544 -0.013488377444446087 0.061598341912031174
v -0.00807931087911129 -0.01427365466952324 0.05485689640045166
v -0.007119098212569952 -0.014250341802835464 0.055313725024461746
v -0.007020079530775547 -0.010105851106345654 0.05573349446058273
v -0.007260029204189777 -0.007437216583639383 0.05452297627925873
v -0.001761356950737536 -0.016535425558686256 0.0672416239976883
v -0.0022477495949715376 -0.014867041260004044 0.07018692046403885
v -0.005978111177682877 -0.013550440780818462 0.06895078718662262
v -0.004540088586509228 -0.015202794224023819 0.06693290919065475
v -0.006111647933721542 -0.007377945352345705 0.055351465940475464
v -0.005305382888764143 -0.00984202977269888 0.05681969225406647
v -0.005013713613152504 -0.011405248194932938 0.06253793835639954
v -0.0066743879579007626 -0.008882347494363785 0.05830773711204529
v -0.006533687934279442 -0.007475564256310463 0.05573267489671707
v -0.0068069156259298325 -0.01105631422251463 0.061602380126714706
v -0.005855722352862358 -0.016838662326335907 0.059813905507326126
v -0.008247685618698597 -0.011179047636687756 0.06003408133983612
v -0.07713931798934937 -0.017970820888876915 -0.05611519515514374
v -0.0583144947886467 -0.06520703434944153 -0.033976953476667404
v -0.06210155412554741 -0.0503619909286499 -0.041709039360284805
v -0.06140746548771858 -0.05081338435411453 -0.04725153371691704
v -0.059038467705249786 -0.06641106307506561 -0.04317370802164078
v -0.08088476210832596 0.007971449755132198 -0.05841660127043724
v -0.06661911308765411 0.056811828166246414 -0.005672321189194918
v -0.06796171516180038 0.06874316185712814 -0.014937502332031727
v -0.07312943786382675 0.05724189057946205 -0.026622075587511063
v -0.07249969989061356 0.046514108777046204 -0.02161722630262375
v -0.0683567002415657 0.07854072749614716 -0.023091884329915047
v -0.07354757934808731 0.06809913367033005 -0.03382767364382744
v -0.07661332935094833 0.05620510131120682 -0.043586649000644684
v -0.07879135012626648 0.035736363381147385 -0.05710773542523384
v -0.041828107088804245 0.017682218924164772 0.03200681880116463
v -0.04211396351456642 0.017476240172982216 0.0322650671005249
v -0.0406225211918354 0.017242519184947014 0.033524397760629654
v -0.04069255292415619 0.017410973086953163 0.0331902801990509
v -0.04126124456524849 0.017930811271071434 0.031334951519966125
v -0.040046174079179764 0.01741691678762436 0.032515402883291245
v -0.04220433160662651 0.018323726952075958 0.030327314510941505
v -0.04276365786790848 0.01794464886188507 0.030932292342185974
v -0.04305187240242958 0.017702173441648483 0.03116944059729576
v -0.024537120014429092 0.01895029842853546 0.03511317819356918
v -0.025498248636722565 0.018978718668222427 0.034597668796777725
v -0.02822595089673996 0.018256189301609993 0.03471128270030022
v -0.02714238502085209 0.018340110778808594 0.03574371710419655
v -0.024369534105062485 0.018635733053088188 0.03567369654774666
v -0.02733018808066845 0.017966104671359062 0.036346644163131714
v -0.02819035016000271 0.020426465198397636 0.02968990057706833
v -0.027460724115371704 0.0207511018961668 0.02955896407365799
v -0.02920168824493885 0.020113233476877213 0.02975851483643055
v -0.022782985121011734 0.02065945975482464 0.032595716416835785
v -0.02313949726521969 0.021297207102179527 0.03267889842391014
v -0.02721981704235077 0.021646779030561447 0.029595166444778442
v -0.02696213871240616 0.02108324132859707 0.029448753222823143
v -0.02343796379864216 0.020242488011717796 0.03284703567624092
v -0.021573081612586975 0.020071852952241898 0.03333687409758568
v -0.020396942272782326 0.02034331113100052 0.03293277695775032
v -0.020602570846676826 0.021355975419282913 0.03313132002949715
v -0.03259197995066643 0.016835574060678482 0.03642962500452995
v -0.032932110130786896 0.016009170562028885 0.0364462174475193
v -0.02820698544383049 0.016449665650725365 0.03665349259972572
v -0.027742018923163414 0.017338884994387627 0.036580998450517654
v -0.032249368727207184 0.017350636422634125 0.0362841822206974
v -0.035702306777238846 0.017319442704319954 0.03543926775455475
v -0.035908788442611694 0.016767514869570732 0.03554466366767883
v -0.036144550889730453 0.015941303223371506 0.03548303619027138
v -0.02484998293220997 0.017388533800840378 0.036414843052625656
v -0.02468629740178585 0.018244916573166847 0.036107197403907776
v -0.03620583564043045 0.015220806002616882 0.03538120165467262
v -0.03332217037677765 0.015275987796485424 0.036302074790000916
v -0.028472939506173134 0.015750981867313385 0.03658191114664078
v -0.024774471297860146 0.01693958044052124 0.036463119089603424
v -0.021809028461575508 0.018122119829058647 0.03572920709848404
v -0.023038119077682495 0.01836720108985901 0.03584464639425278
v -0.03336421027779579 0.014621548354625702 0.03568006306886673
v -0.03316234424710274 0.013945349492132664 0.0355156846344471
v -0.028364403173327446 0.014415143989026546 0.03611830994486809
v -0.028522491455078125 0.015156859531998634 0.036299627274274826
v -0.03615725412964821 0.014550394378602505 0.03471199423074722
v -0.03606235980987549 0.013832113705575466 0.03437785804271698
v -0.04418083652853966 0.017608974128961563 0.02944984659552574
v -0.04475410282611847 0.01807391829788685 0.02858293429017067
v -0.04466564580798149 0.017461203038692474 0.028637303039431572
v -0.044279564172029495 0.017052119597792625 0.029093481600284576
v -0.047119494527578354 0.014983933418989182 0.02579602785408497
v -0.048179034143686295 0.016275396570563316 0.025033125653862953
v -0.049876660108566284 0.015625733882188797 0.023440632969141006
v -0.04863005504012108 0.014127559028565884 0.024755656719207764
v -0.057327140122652054 0.0055524324998259544 0.02116108499467373
v -0.051144376397132874 0.011344688944518566 0.024110624566674232
v -0.05253208056092262 0.012829221785068512 0.021977847442030907
v -0.04362829774618149 0.017452526837587357 0.03025091253221035
v -0.04298190400004387 0.017246181145310402 0.03116772696375847
v -0.04367253556847572 0.01786189340054989 0.03025347739458084
v -0.04420041665434837 0.01815011166036129 0.029328087344765663
v -0.04375797137618065 0.016730261966586113 0.02988376095890999
v -0.042985618114471436 0.01653807982802391 0.030922558158636093
v -0.042096562683582306 0.01706165447831154 0.032232992351055145
v -0.04204263165593147 0.01629422977566719 0.032104186713695526
v -0.040539126843214035 0.016031324863433838 0.03339989855885506
v -0.040559038519859314 0.016816383227705956 0.03352385759353638
v -0.038633037358522415 0.016746053472161293 0.03459249436855316
v -0.038851600140333176 0.01724841445684433 0.03444219380617142
v -0.03872889652848244 0.015895990654826164 0.03444250300526619
v -0.04054157808423042 0.015384593978524208 0.033090461045503616
v -0.03867669776082039 0.015229877084493637 0.03426691144704819
v -0.04203049838542938 0.015603701584041119 0.03167249634861946
v -0.04307190701365471 0.01591368392109871 0.030452977865934372
v -0.04389398172497749 0.016239242628216743 0.029369983822107315
v -0.04459472373127937 0.016613243147730827 0.028586750850081444
v -0.04510492831468582 0.017210165038704872 0.02804407849907875
v -0.04428445175290108 0.01577696204185486 0.028705742210149765
v -0.04498900845646858 0.015119757503271103 0.027854789048433304
v -0.04367972910404205 0.014664959162473679 0.029146995395421982
v -0.043258123099803925 0.01540988776832819 0.02984727919101715
v -0.045224349945783615 0.01625341922044754 0.027849117293953896
v -0.046082206070423126 0.015702325850725174 0.02685401774942875
v -0.04210349917411804 0.015111206099390984 0.031013045459985733
v -0.04222312569618225 0.014421467669308186 0.03050123155117035
v -0.04050594940781593 0.014098931103944778 0.031981922686100006
v -0.040472857654094696 0.014789765700697899 0.03247649222612381
v -0.03826683759689331 0.014720778912305832 0.03357876092195511
v -0.03840002790093422 0.013921389356255531 0.03309372812509537
v -0.03194862976670265 0.017577890306711197 0.035807859152555466
v -0.03162604570388794 0.01776770129799843 0.034460101276636124
v -0.034792833030223846 0.01749621331691742 0.03403617441654205
v -0.035858798772096634 0.01741146855056286 0.03497358784079552
v -0.038926757872104645 0.01733991876244545 0.034077130258083344
v -0.03775394707918167 0.017356568947434425 0.033308371901512146
v -0.034853655844926834 0.01757660135626793 0.032654836773872375
v -0.03313009440898895 0.019395584240555763 0.029400398954749107
v -0.03439261391758919 0.019370615482330322 0.029093589633703232
v -0.0371413491666317 0.017587903887033463 0.03194171562790871
v -0.031990569084882736 0.017933711409568787 0.032989684492349625
v -0.03178127110004425 0.01961134560406208 0.02943146787583828
v -0.029068410396575928 0.018537892028689384 0.03324684128165245
v -0.030482495203614235 0.019807908684015274 0.029702672734856606
v -0.026560142636299133 0.01912049949169159 0.03346065431833267
v -0.03280186280608177 0.02817535400390625 0.03659267723560333
v -0.03311998397111893 0.028976839035749435 0.0367494598031044
v -0.03827947750687599 0.02834218367934227 0.03573859483003616
v -0.03734323009848595 0.027647579088807106 0.035681311041116714
v -0.051384683698415756 0.0004222276620566845 -0.12329060584306717
v -0.05268578603863716 0.015297352336347103 -0.12875281274318695
v -0.040357913821935654 0.010914728976786137 -0.13844411075115204
v -0.0404965877532959 0.024423934519290924 0.034517593681812286
v -0.040514763444662094 0.02596697211265564 0.03424815088510513
v -0.04295256361365318 0.02503836341202259 0.032396890223026276
v -0.04281025007367134 0.023630060255527496 0.03257991373538971
v -0.04043493792414665 0.022919032722711563 0.03458919748663902
v -0.042534444481134415 0.02213800698518753 0.03262081742286682
v -0.03765096887946129 0.023683488368988037 0.036398064345121384
v -0.03771946206688881 0.025359349325299263 0.03628666326403618
v -0.03765247389674187 0.02683919481933117 0.035842832177877426
v -0.041384506970644 0.021941861137747765 0.028420815244317055
v -0.040659062564373016 0.0224256981164217 0.02917104959487915
v -0.04159438610076904 0.0220281183719635 0.030499260872602463
v -0.04266858473420143 0.021634209901094437 0.02928411029279232
v -0.04177973419427872 0.021531296893954277 0.027851013466715813
v -0.043108031153678894 0.021259939298033714 0.028428517282009125
v -0.03758808225393295 0.021592676639556885 0.02678774856030941
v -0.03722142055630684 0.02177312970161438 0.027142373844981194
v -0.0366235189139843 0.02204109914600849 0.027661127969622612
v -0.03781568631529808 0.021335581317543983 0.026611827313899994
v -0.03806576505303383 0.021022919565439224 0.026549387723207474
v -0.038176387548446655 0.020703382790088654 0.02663901448249817
v -0.03781796246767044 0.020498670637607574 0.026769721880555153
v -0.06008770689368248 -0.010679557919502258 0.021616114303469658
v -0.060010407119989395 0.00038477557245641947 0.020348763093352318
v -0.06239158287644386 -0.007681331597268581 0.017168918624520302
v -0.04338754341006279 0.018210802227258682 0.02996002696454525
v -0.043941680341959 0.018550001084804535 0.029046814888715744
v -0.04274821653962135 0.018600499257445335 0.029464708641171455
v -0.04323134571313858 0.01891440711915493 0.028743745759129524
v -0.04448700696229935 0.018952589482069016 0.028185058385133743
v -0.044891759753227234 0.01866714283823967 0.028282858431339264
v -0.04033893346786499 0.018224775791168213 0.03039458952844143
v -0.036469683051109314 0.01960860565304756 0.028247494250535965
v -0.03715020418167114 0.019840246066451073 0.027805034071207047
v -0.04119094833731651 0.018668154254555702 0.029619306325912476
v -0.03912172093987465 0.017666706815361977 0.03130361810326576
v -0.0356181338429451 0.019416285678744316 0.02869047410786152
v -0.036995094269514084 0.02017810568213463 0.027267873287200928
v -0.037448231130838394 0.02031531371176243 0.027016181498765945
v -0.04123321920633316 0.019047651439905167 0.028841223567724228
v -0.041836611926555634 0.019345499575138092 0.02823714353144169
v -0.04359649494290352 0.01931077428162098 0.028223061934113503
v -0.042756613343954086 0.02009672112762928 0.027504408732056618
v -0.042595405131578445 0.020546136423945427 0.027477696537971497
v -0.04408036917448044 0.01964995078742504 0.027911877259612083
v -0.04411992430686951 0.020247487351298332 0.027809904888272285
v -0.042380839586257935 0.019694507122039795 0.027730513364076614
v -0.04224959388375282 0.021025216206908226 0.02760915830731392
v -0.04375011846423149 0.020655034109950066 0.02807587757706642
v -0.04506882652640343 0.01812412030994892 0.02814914658665657
v -0.04521779716014862 0.01899884268641472 0.027816003188490868
v -0.04586973041296005 0.019582100212574005 0.027207832783460617
v -0.045469481498003006 0.018003225326538086 0.02762080915272236
v -0.04618315026164055 0.018088525161147118 0.02683623693883419
v -0.045848309993743896 0.016967948526144028 0.027218002825975418
v -0.04659496992826462 0.020369617268443108 0.026727886870503426
v -0.04779195040464401 0.021119767799973488 0.025634044781327248
v -0.047458477318286896 0.018134744837880135 0.025748413056135178
v -0.04685433954000473 0.0167233906686306 0.02620728500187397
v -0.04491596296429634 0.0194862000644207 0.027779152616858482
v -0.04509009048342705 0.01980752684175968 0.02758985199034214
v -0.046048521995544434 0.02135847695171833 0.027874164283275604
v -0.046688638627529144 0.022324377670884132 0.027476968243718147
v -0.045488692820072174 0.020540621131658554 0.02803746983408928
v -0.044925156980752945 0.02114749513566494 0.029163705185055733
v -0.04536997899413109 0.02211654558777809 0.029149077832698822
v -0.04580336809158325 0.02309577353298664 0.02886388637125492
v -0.044345881789922714 0.022762009873986244 0.03084571473300457
v -0.04462561011314392 0.024084439501166344 0.030537130311131477
v -0.04399201646447182 0.021584080532193184 0.03066958673298359
v -0.04481487348675728 0.020354023203253746 0.028074000030755997
v -0.04431387037038803 0.02085183747112751 0.0288835596293211
v -0.04349660128355026 0.02129068225622177 0.030154911801218987
v -0.04220276698470116 0.021568335592746735 0.03188776224851608
v -0.04017069935798645 0.022223232313990593 0.033784639090299606
v -0.03971235081553459 0.022553473711013794 0.0321982204914093
v -0.03742515295743942 0.022968675941228867 0.03550054132938385
v -0.03704749420285225 0.02304607629776001 0.033898886293172836
v -0.03360322490334511 0.030337199568748474 0.03741447627544403
v -0.03913135826587677 0.029950309544801712 0.03604474291205406
v -0.03666146099567413 0.02325681410729885 0.03174242004752159
v -0.034183043986558914 0.022366676479578018 0.029061246663331985
v -0.032722070813179016 0.022431541234254837 0.029362253844738007
v -0.03371649608016014 0.023334266617894173 0.03290910646319389
v -0.024030126631259918 0.021748598664999008 0.03311426192522049
v -0.024999244138598442 0.022316167131066322 0.033645614981651306
v -0.02828238718211651 0.021984154358506203 0.03004520758986473
v -0.027690088376402855 0.02184293232858181 0.02982371300458908
v -0.02211785688996315 0.021822171285748482 0.03398996964097023
v -0.023640060797333717 0.022403165698051453 0.03469513729214668
v -0.028483442962169647 0.02292393520474434 0.033912528306245804
v -0.030149228870868683 0.022213861346244812 0.030204404145479202
v -0.029077433049678802 0.02209186926484108 0.030186418443918228
v -0.026680104434490204 0.022641362622380257 0.033776067197322845
v -0.027727875858545303 0.0232241190969944 0.03565391153097153
v -0.025361040607094765 0.02278551086783409 0.03525720164179802
v -0.033795375376939774 0.023416493088006973 0.035192765295505524
v -0.021968157961964607 0.0721820741891861 -0.14848273992538452
v -0.02167860046029091 0.05662526190280914 -0.1518106907606125
v -0.04103320837020874 0.05837971717119217 -0.14289632439613342
v -0.04083970934152603 0.07187753915786743 -0.14018507301807404
v -0.038903605192899704 0.02297072298824787 0.030540265142917633
v -0.03556099906563759 0.022240709513425827 0.02840225212275982
v -0.05063362047076225 0.0728670060634613 -0.13235853612422943
v -0.04973164573311806 0.08140704035758972 -0.12944839894771576
v -0.04115914925932884 0.08343881368637085 -0.13506150245666504
v -0.03746407851576805 -0.06169658154249191 -0.10115666687488556
v -0.027638133615255356 -0.07314865291118622 -0.1077875867486
v -0.019905799999833107 0.02157541550695896 0.035062432289123535
v -0.021819889545440674 0.022327451035380363 0.035570528358221054
v -0.018545156344771385 0.02082134038209915 0.03461145609617233
v -0.017578000202775 0.020746301859617233 0.03472179174423218
v -0.019031109288334846 0.02163776010274887 0.03529270738363266
v -0.02071481943130493 0.022541049867868423 0.03576132282614708
v -0.024158455431461334 0.022939549759030342 0.03609202057123184
v -0.023213041946291924 0.023265130817890167 0.036604736000299454
v -0.026693256571888924 0.023919055238366127 0.03751659765839577
v -0.026822883635759354 0.023312468081712723 0.036700863391160965
v -0.03382454812526703 0.02347405068576336 0.03669031709432602
v -0.03383724018931389 0.02424580045044422 0.03749213367700577
v -0.026102213189005852 0.02505253255367279 0.037346627563238144
v -0.022538423538208008 0.02413906715810299 0.03626281023025513
v -0.025339914485812187 0.026547204703092575 0.03676768019795418
v -0.02232232689857483 0.025557123124599457 0.03583495691418648
v -0.033446989953517914 0.027262669056653976 0.036847930401563644
v -0.03398488834500313 0.02584245055913925 0.03731214255094528
v -0.021515658125281334 0.019040163606405258 0.03523194044828415
v -0.019208967685699463 0.019249187782406807 0.03495001420378685
v -0.02222057804465294 0.019368819892406464 0.03489510715007782
v -0.01995404064655304 0.019616346806287766 0.03453854098916054
v -0.023354606702923775 0.019546182826161385 0.03416402265429497
v -0.018782803788781166 0.019985822960734367 0.03431437537074089
v -0.017807982861995697 0.019783973693847656 0.03468930348753929
v -0.024607446044683456 0.019682493060827255 0.03330129012465477
v -0.01813879981637001 0.021701745688915253 0.034915048629045486
v -0.016688544303178787 0.020672690123319626 0.03471606224775314
v -0.01702333427965641 0.02270287275314331 0.03414802998304367
v -0.0160299651324749 0.020861508324742317 0.03443820774555206
v -0.019584322348237038 0.0248422734439373 0.03466599062085152
v -0.019851595163345337 0.023085063323378563 0.035216499119997025
v -0.016807032749056816 0.019646354019641876 0.03466493636369705
v -0.017604179680347443 0.019118646159768105 0.03487275540828705
v -0.016164245083928108 0.019767336547374725 0.03448909893631935
v -0.016913162544369698 0.019136900082230568 0.03465942293405533
v -0.02448379434645176 0.016279829666018486 0.0364743210375309
v -0.02426351234316826 0.01585722714662552 0.03620457649230957
v -0.02101541869342327 0.01756097748875618 0.03577933833003044
v -0.020401034504175186 0.01739952526986599 0.03541997820138931
v -0.03288104757666588 0.01314973272383213 0.03529393672943115
v -0.035879746079444885 0.013010070659220219 0.03431203216314316
v -0.03244459256529808 0.012130798771977425 0.03522840514779091
v -0.03568379208445549 0.011882450431585312 0.03414100781083107
v -0.02753322757780552 0.01272403821349144 0.03624700754880905
v -0.02800811268389225 0.013620174489915371 0.036141954362392426
v -0.03325223922729492 -0.11771459132432938 -0.01621941104531288
v -0.045809078961610794 0.014234518632292747 0.027133921161293983
v -0.04701566696166992 0.01312678400427103 0.026539325714111328
v -0.04522399231791496 0.012476705946028233 0.028183072805404663
v -0.04429309070110321 0.013802360743284225 0.02852245233952999
v -0.0425545759499073 0.013474195264279842 0.03000618889927864
v -0.04308416321873665 0.012118249200284481 0.029864806681871414
v -0.040670089423656464 0.01194392517209053 0.03142296522855759
v -0.04041098803281784 0.013191563077270985 0.03158920258283615
v -0.038294717669487 0.013117199763655663 0.03279535844922066
v -0.03844740241765976 0.011753690429031849 0.03274489566683769
v -0.04909655451774597 0.017869895324110985 0.024270035326480865
v -0.04989106208086014 0.02131388522684574 0.02339993789792061
v -0.05076213926076889 0.01733885519206524 0.022489000111818314
v -0.052141688764095306 0.020862417295575142 0.02131817489862442
v -0.015162098221480846 0.02384105883538723 0.034255869686603546
v -0.01484066154807806 0.02133333869278431 0.03412884473800659
v -0.013627524487674236 0.025052784010767937 0.03533625230193138
v -0.013474732637405396 0.02226736955344677 0.03499671444296837
v -0.014765003696084023 0.027978090569376945 0.03622640296816826
v -0.01676681637763977 0.026660142466425896 0.034846510738134384
v -0.015327556990087032 0.019971027970314026 0.034474462270736694
v -0.016241559758782387 0.018977776169776917 0.03450056537985802
v -0.014274708926677704 0.019947247579693794 0.0348244234919548
v -0.015435021370649338 0.018573058769106865 0.03501402586698532
v -0.02373252809047699 0.015121781267225742 0.036018915474414825
v -0.02320154383778572 0.014276023954153061 0.036145374178886414
v -0.01982169970870018 0.01695718616247177 0.0354924350976944
v -0.01897861436009407 0.016153251752257347 0.03574619069695473
v -0.049642134457826614 -0.01068752259016037 -0.11848170310258865
v -0.05325738340616226 0.031048772856593132 -0.13137726485729218
v -0.04642092064023018 0.03366031497716904 0.03343421593308449
v -0.04398800805211067 0.03129810839891434 0.03389931470155716
v -0.04040195792913437 0.03242069482803345 0.036208152770996094
v -0.04222703352570534 0.03523976728320122 0.036543313413858414
v -0.04937407746911049 0.036972250789403915 0.03160938620567322
v -0.05170752853155136 0.03355829417705536 0.028539979830384254
v -0.04920175299048424 0.03137123957276344 0.030385231599211693
v -0.04674624279141426 0.029517220333218575 0.03138154000043869
v -0.050598159432411194 0.024224380031228065 0.024114124476909637
v -0.04882815480232239 0.02411329373717308 0.025652851909399033
v -0.04883262515068054 0.025941768661141396 0.026963941752910614
v -0.05060542747378349 0.026426300406455994 0.025632496923208237
v -0.052808310836553574 0.024023480713367462 0.02206537127494812
v -0.05308280885219574 0.02694500796496868 0.023779883980751038
v -0.05009623244404793 0.028727300465106964 0.02781161293387413
v -0.04803924635052681 0.02770414389669895 0.028961045667529106
v -0.0528058260679245 0.029931267723441124 0.02621246688067913
v -0.02271920256316662 0.03257697820663452 0.03815073519945145
v -0.02333477884531021 0.030848488211631775 0.0370112881064415
v -0.020561520010232925 0.028626205399632454 0.03586898744106293
v -0.019111286848783493 0.02973097935318947 0.03646600991487503
v -0.02125476859509945 0.03384450078010559 0.03921344131231308
v -0.0169678945094347 0.030719496309757233 0.03742686286568642
v -0.03536456823348999 0.03567248582839966 0.03930240869522095
v -0.03450452536344528 0.033242348581552505 0.03807544335722923
v -0.025021923705935478 0.02782898209989071 0.03642087057232857
v -0.023078978061676025 0.026797153055667877 0.03609446436166763
v -0.024341562762856483 0.02831241860985756 0.03623061999678612
v -0.0221011471003294 0.026881612837314606 0.03580949828028679
v -0.058368805795907974 0.09217196702957153 -0.11167145520448685
v -0.06045132875442505 0.09799656271934509 -0.09914115816354752
v -0.04402719438076019 0.1089007779955864 -0.10557567328214645
v -0.04325253516435623 0.10159097611904144 -0.11788728833198547
v -0.040444981306791306 0.026708653196692467 0.034414928406476974
v -0.04124525561928749 0.027451472356915474 0.03417303413152695
v -0.043758489191532135 0.02656273916363716 0.03218499943614006
v -0.04298088699579239 0.02589636668562889 0.032589711248874664
v -0.044870536774396896 0.025045769289135933 0.030619502067565918
v -0.04563828557729721 0.02573096938431263 0.030172627419233322
v -0.04672786220908165 0.024646541103720665 0.028438087552785873
v -0.046111997216939926 0.024186965078115463 0.02885287068784237
v -0.04677046462893486 0.023426111787557602 0.027663085609674454
v -0.047321565449237823 0.02352314069867134 0.027006585150957108
v -0.022191226482391357 0.02815404161810875 0.03611983731389046
v -0.02418689616024494 0.02928958460688591 0.03650078922510147
v -0.052141983062028885 0.061060838401317596 -0.13362473249435425
v -0.04416947439312935 0.07327823340892792 0.02222990058362484
v -0.051102135330438614 0.06959626823663712 0.015742111951112747
v -0.04870465770363808 0.06304196268320084 0.021088475361466408
v -0.04217414930462837 0.028959762305021286 0.03423794358968735
v -0.044829051941633224 0.027849741280078888 0.031957048922777176
v -0.04658520221710205 0.026647860184311867 0.02974710986018181
v -0.04760858416557312 0.025380494073033333 0.027981223538517952
v -0.04800151288509369 0.024352965876460075 0.026828214526176453
v -0.07206634432077408 -0.01357308030128479 -0.04067111760377884
v -0.07223092019557953 -0.013369674794375896 -0.042530566453933716
v -0.07913424074649811 -0.0031609046272933483 -0.06869809329509735
v -0.07735639065504074 0.003353583626449108 -0.06757510453462601
v -0.07619202136993408 0.006772518157958984 -0.06592337042093277
v -0.07973293215036392 0.01395315770059824 -0.05297983065247536
v -0.08129827678203583 0.017128411680459976 -0.055881746113300323
v -0.0824618712067604 -0.02147078327834606 -0.06174011901021004
v -0.07930359989404678 -0.023324595764279366 -0.05785824730992317
v -0.0823177695274353 -0.020551003515720367 -0.06224165856838226
v -0.08778919279575348 0.013126740232110023 -0.0648275837302208
v -0.08829184621572495 0.01153227873146534 -0.06617767363786697
v -0.08927600830793381 0.011203503236174583 -0.06579799950122833
v -0.042948853224515915 -0.03214870020747185 -0.10855676978826523
v -0.04727346450090408 -0.019553404301404953 -0.11463487893342972
v -0.08858490735292435 0.00981130637228489 -0.0675196498632431
v -0.07382198423147202 -0.008644568733870983 -0.04501229152083397
v -0.08013942092657089 -0.0036430438049137592 -0.06893198937177658
v -0.08164836466312408 -0.004202649928629398 -0.07072924077510834
v -0.08250151574611664 -0.009289998561143875 -0.07095057517290115
v -0.08179717510938644 -0.008786382153630257 -0.07027389854192734
v -0.08189873397350311 -0.01440692599862814 -0.0691632479429245
v -0.08129613846540451 -0.013611203990876675 -0.0686548724770546
v -0.08377843350172043 -0.01773093454539776 -0.0648614689707756
v -0.0838879644870758 -0.013418246060609818 -0.06771000474691391
v -0.08227891474962234 0.01756148971617222 -0.05726878345012665
v -0.08235671371221542 0.016734324395656586 -0.05645507946610451
v -0.08303431421518326 0.017601197585463524 -0.057629384100437164
v -0.07460324466228485 -0.009725228883326054 -0.046417973935604095
v -0.07810139656066895 0.011764494702219963 -0.05301624909043312
v -0.07775194197893143 0.010065761394798756 -0.05119422823190689
v -0.07741181552410126 0.010494752787053585 -0.051718007773160934
v -0.07255271077156067 -0.0046925791539251804 -0.050646062940359116
v -0.07232159376144409 -0.0038838665932416916 -0.05083358287811279
v -0.07373825460672379 -0.006214009132236242 -0.050166450440883636
v -0.07544953376054764 -0.007513627875596285 -0.048007264733314514
v -0.0696948692202568 -0.014919311739504337 -0.05012758821249008
v -0.0693485215306282 -0.015583252534270287 -0.05165378004312515
v -0.06878167390823364 -0.016318047419190407 -0.05101281404495239
v -0.08569376915693283 0.02309729903936386 -0.05997307598590851
v -0.07794152200222015 0.009086661040782928 -0.050740260630846024
v -0.07907567173242569 0.010088765062391758 -0.05110369250178337
v -0.07977211475372314 0.011143713258206844 -0.05146003141999245
v -0.08379556238651276 0.016957633197307587 -0.057672545313835144
v -0.08019501715898514 0.01204871665686369 -0.05171666666865349
v -0.07921802997589111 0.012085185386240482 -0.051945485174655914
v -0.08045835793018341 0.01368036214262247 -0.052808020263910294
v -0.07855023443698883 0.012176302261650562 -0.052363790571689606
v -0.07464952766895294 -0.012260450050234795 -0.06408880650997162
v -0.07364793121814728 -0.012376399710774422 -0.062052495777606964
v -0.07372747361660004 0.006440034601837397 -0.04093652218580246
v -0.0741066187620163 0.004656326025724411 -0.043342940509319305
v -0.078365758061409 -0.024006687104701996 -0.055547378957271576
v -0.07612451165914536 0.012468372471630573 -0.06009954959154129
v -0.07697638869285583 0.015463284216821194 -0.06184977665543556
v -0.08561688661575317 -0.009283621795475483 -0.06889365613460541
v -0.07909026741981506 -0.015391229651868343 -0.05919903516769409
v -0.076994888484478 -0.016373571008443832 -0.057939313352108
v -0.08145248889923096 -0.014126254245638847 -0.0606311559677124
v -0.08322717994451523 -0.011565148830413818 -0.06216178089380264
v -0.07492055743932724 0.0032137029338628054 -0.05500293895602226
v -0.08336670696735382 0.007503429427742958 -0.06074928119778633
v -0.08364938199520111 0.00544704357162118 -0.06187202408909798
v -0.08210079371929169 0.007668201345950365 -0.0594906285405159
v -0.0779377818107605 0.018554454669356346 -0.06008187681436539
v -0.07827413082122803 0.01828324981033802 -0.05775802955031395
v -0.07539985328912735 0.015284167602658272 -0.05936354771256447
v -0.07817039638757706 0.016488904133439064 -0.05743880197405815
v -0.07158984243869781 -0.011630975641310215 -0.049814097583293915
v -0.06950821727514267 -0.01710863597691059 -0.05348006263375282
v -0.07128844410181046 -0.015749678015708923 -0.0549607090651989
v -0.07061607390642166 -0.017721528187394142 -0.054508548229932785
v -0.07180433720350266 -0.016726737841963768 -0.05624276027083397
v -0.07198171317577362 -0.01551589835435152 -0.0578213594853878
v -0.07244357466697693 -0.013830602169036865 -0.0591101348400116
v -0.07377634942531586 -0.011897262185811996 -0.05919456481933594
v -0.07139194756746292 -0.007595339324325323 -0.05048618093132973
v -0.07781200855970383 0.018797794356942177 -0.04862060397863388
v -0.07092570513486862 -0.009378078393638134 -0.050482481718063354
v -0.0728384405374527 -0.006003479473292828 -0.050353117287158966
v -0.07277226448059082 -0.007731253746896982 -0.04998518526554108
v -0.07228674739599228 -0.009604008868336678 -0.04973661154508591
v -0.07567935436964035 -0.019302476197481155 -0.05165839567780495
v -0.07572261989116669 -0.0178311038762331 -0.054249607026576996
v -0.074417345225811 -0.01866682432591915 -0.05094568803906441
v -0.07586240768432617 -0.01725744642317295 -0.056470517069101334
v -0.07335184514522552 -0.01831866055727005 -0.05051874741911888
v -0.07763843983411789 0.01325826346874237 -0.059403613209724426
v -0.07836258411407471 0.016061270609498024 -0.05913697928190231
v -0.07225114107131958 -0.01037614606320858 -0.03882908821105957
v -0.06451962143182755 -0.0024199984036386013 0.011942031793296337
v -0.06584511697292328 0.007021691184490919 0.0062981266528368
v -0.026895446702837944 -0.05261639878153801 0.02985035441815853
v -0.02596699446439743 -0.05571538209915161 0.030011704191565514
v -0.05707673355937004 -0.01332089677453041 0.025860179215669632
v -0.052952077239751816 -0.016070909798145294 0.03063242696225643
v -0.02604539319872856 -0.047653574496507645 0.041503798216581345
v -0.024992644786834717 -0.04873807728290558 0.0416286401450634
v -0.024051515385508537 -0.04819498583674431 0.04205479100346565
v -0.025065001100301743 -0.04768800362944603 0.041663311421871185
v -0.02278328873217106 -0.047715961933135986 0.04016387090086937
v -0.023729141801595688 -0.047652941197156906 0.03949418663978577
v -0.023892031982541084 -0.04758373647928238 0.04080658778548241
v -0.022913027554750443 -0.04784007743000984 0.04153750091791153
v -0.029770882800221443 -0.03102702461183071 0.04514511302113533
v -0.03315244987607002 -0.02694680169224739 0.043920598924160004
v -0.03615782409906387 -0.031788475811481476 0.04229234531521797
v -0.033060308545827866 -0.03524451330304146 0.04332851245999336
v -0.025618847459554672 -0.04930426925420761 0.03255262225866318
v -0.025713158771395683 -0.047312624752521515 0.03314496949315071
v -0.024726755917072296 -0.04713808372616768 0.035876527428627014
v -0.024662673473358154 -0.048225659877061844 0.03540956228971481
v -0.025390148162841797 -0.05067228153347969 0.032395459711551666
v -0.024459829553961754 -0.048868224024772644 0.03535336256027222
v -0.02704511769115925 -0.05057039111852646 0.030027072876691818
v -0.02707446552813053 -0.04766356572508812 0.03058035671710968
v -0.034616436809301376 -0.05459971725940704 0.03800029680132866
v -0.031263723969459534 -0.052216582000255585 0.03929174318909645
v -0.03249431028962135 -0.048615362495183945 0.04007730633020401
v -0.03593987971544266 -0.049532029777765274 0.03880911320447922
v -0.025789007544517517 -0.018228569999337196 0.04525887966156006
v -0.029671238735318184 -0.022271953523159027 0.04479274898767471
v -0.02715304121375084 -0.026748256757855415 0.045659374445676804
v -0.0228032935410738 -0.02199990674853325 0.04601198434829712
v -0.019087685272097588 -0.017184045165777206 0.04696833714842796
v -0.021827025339007378 -0.01377270370721817 0.045738521963357925
v -0.017285360023379326 -0.00872995425015688 0.05061609297990799
v -0.017824184149503708 -0.012401172891259193 0.05181652680039406
v -0.016936255618929863 -0.013412315398454666 0.05520845577120781
v -0.017390253022313118 -0.011103849858045578 0.054056521505117416
v -0.015335624106228352 -0.017555193975567818 0.05366552248597145
v -0.017777392640709877 -0.014689897187054157 0.050384748727083206
v -0.011350332759320736 -0.019086383283138275 0.05421296879649162
v -0.011077800765633583 -0.018503937870264053 0.05523291602730751
v -0.015573297627270222 -0.01810804381966591 0.05203623324632645
v -0.015904994681477547 -0.01917668618261814 0.05010301247239113
v -0.011915300041437149 -0.019790921360254288 0.05298612266778946
v -0.010383790358901024 -0.017745953053236008 0.05609039589762688
v -0.013282275758683681 -0.017199255526065826 0.056128568947315216
v -0.014718212187290192 -0.014915590174496174 0.05774306133389473
v -0.003930120728909969 -0.016180114820599556 0.06462008506059647
v -0.005071320571005344 -0.014684547670185566 0.0665953978896141
v -0.009134559892117977 0.014553548768162727 0.049415990710258484
v -0.012016990222036839 0.010932359844446182 0.04653420299291611
v -0.00923725962638855 0.011866288259625435 0.05178234353661537
v -0.011965857818722725 0.008654248900711536 0.048737745732069016
v -0.013911807909607887 -0.01251248735934496 0.06119544059038162
v -0.015445017255842686 -0.010741524398326874 0.0597146637737751
v -0.011442535556852818 -0.011344860307872295 0.064903624355793
v -0.012368064373731613 -0.008646192029118538 0.06463409215211868
v -0.003326329169794917 0.02905099280178547 0.04837305471301079
v -0.002011407632380724 -0.019939132034778595 0.06038040667772293
v -0.0023659737780690193 -0.02061230130493641 0.05981326103210449
v -0.0016720084240660071 -0.01860693283379078 0.06212788447737694
v -0.02246238850057125 0.0946880578994751 -0.13603845238685608
v -0.022838275879621506 0.10695595294237137 -0.12490357458591461
v -0.021747341379523277 0.11991668492555618 -0.10175341367721558
v -0.019422488287091255 0.12411653250455856 -0.08934277296066284
v -0.005128730088472366 -0.0387987419962883 0.059153541922569275
v -0.0050850980915129185 -0.0357087105512619 0.05946635827422142
v -0.013090359047055244 -0.04306335747241974 0.04148545861244202
v -0.007197133265435696 -0.04319249466061592 0.043095026165246964
v -0.006928849034011364 -0.04422687366604805 0.04622471332550049
v -0.012754503637552261 -0.04437680542469025 0.04467744752764702
v -0.016778746619820595 -0.04448593407869339 0.04269654303789139
v -0.017372021451592445 -0.043302662670612335 0.03946560621261597
v -0.013552140444517136 -0.041702527552843094 0.039011526852846146
v -0.007552569266408682 -0.041674479842185974 0.040261540561914444
v -0.01199314370751381 -0.045548323541879654 0.05023913085460663
v -0.00639467965811491 -0.045280613005161285 0.05255918577313423
v -0.0058166272938251495 -0.04401971772313118 0.055197831243276596
v -0.011608870700001717 -0.044308196753263474 0.05260995775461197
v -0.018644440919160843 -0.023396160453557968 0.04861283302307129
v -0.014445955865085125 -0.022750496864318848 0.051369890570640564
v -0.010153241455554962 -0.022779764607548714 0.0548817440867424
v -0.0066669415682554245 -0.023000599816441536 0.05744875967502594
v -0.005917826201766729 -0.020872239023447037 0.057749100029468536
v -0.008633382618427277 -0.020346596837043762 0.05560770630836487
v -0.005532268434762955 -0.01997433416545391 0.05813721939921379
v -0.008046561852097511 -0.019541583955287933 0.05616109445691109
v -0.007814454846084118 -0.01885983720421791 0.056732919067144394
v -0.008220620453357697 -0.017991412431001663 0.05697830393910408
v -0.006515183486044407 -0.017931897193193436 0.05833008140325546
v -0.0069740875624120235 -0.017224641516804695 0.0581706240773201
v -0.005406698677688837 -0.01922474056482315 0.05860484018921852
v -0.003907132428139448 0.0065414258278906345 0.0646214708685875
v -0.003632217412814498 0.00991804525256157 0.061744436621665955
v -0.010055812075734138 -0.03402506187558174 0.05766887217760086
v -0.005255688913166523 -0.03325826674699783 0.05907527729868889
v -0.0041889408603310585 -0.028630008921027184 0.05867980420589447
v -0.008812750689685345 -0.02891402505338192 0.05743424594402313
v -0.013686390593647957 -0.02969425730407238 0.05484776198863983
v -0.015287536196410656 -0.035830412060022354 0.05468934029340744
v -0.0027392071206122637 -0.021479172632098198 0.05937688797712326
v -0.010293512605130672 -0.03667517751455307 0.0575564019382
v -0.010567632503807545 -0.03948916122317314 0.05673103407025337
v -0.015613220632076263 -0.03854808583855629 0.05431528389453888
v -0.015781736001372337 -0.04091218486428261 0.05323756858706474
v -0.020195402204990387 -0.03836356848478317 0.05072812736034393
v -0.01928279735147953 -0.0317421555519104 0.05149296298623085
v -0.02513960376381874 -0.033932387828826904 0.04763300344347954
v -0.024109501391649246 -0.04092588648200035 0.04690162464976311
v -0.03217916563153267 -0.04524006322026253 0.04138689488172531
v -0.02757604792714119 -0.04785206913948059 0.04116488993167877
v -0.027471715584397316 -0.046347785741090775 0.041871245950460434
v -0.027191242203116417 -0.04488321766257286 0.042986489832401276
v -0.03154882416129112 -0.04182156175374985 0.04291718080639839
v -0.0354931466281414 -0.044626034796237946 0.04035814106464386
v -0.03481112793087959 -0.03984668850898743 0.04185658320784569
v -0.029591284692287445 -0.037882305681705475 0.04485423117876053
v -0.026268186047673225 -0.04301410913467407 0.044518496841192245
v -0.02623721957206726 -0.046510037034749985 0.042187537997961044
v -0.025261547416448593 -0.04702170565724373 0.04198562726378441
v -0.025882290676236153 -0.045598261058330536 0.043092768639326096
v -0.02502311021089554 -0.04629520699381828 0.042718905955553055
v -0.025220761075615883 -0.04459496587514877 0.04427936673164368
v -0.024391556158661842 -0.045610204339027405 0.04372211918234825
v -0.023065293207764626 -0.04457288980484009 0.045312363654375076
v -0.02363564819097519 -0.04305773600935936 0.046217773109674454
v -0.02335146814584732 -0.04674456641077995 0.041101038455963135
v -0.022206593304872513 -0.0464494414627552 0.042175471782684326
v -0.022172916680574417 -0.04632090777158737 0.043443165719509125
v -0.02327839285135269 -0.046713687479496 0.04212063178420067
v -0.023950109258294106 -0.047063231468200684 0.04010864719748497
v -0.023842841386795044 -0.04706728458404541 0.04133528843522072
v -0.024225998669862747 -0.04638585448265076 0.03667221590876579
v -0.023334216326475143 -0.045629121363162994 0.037476904690265656
v -0.02434219978749752 -0.04734005406498909 0.03945500776171684
v -0.024316687136888504 -0.0473380908370018 0.04048790782690048
v -0.024321604520082474 -0.04743862897157669 0.0416816882789135
v -0.02429601177573204 -0.046797975897789 0.0421285554766655
v -0.02373933605849743 -0.04622185602784157 0.04298241063952446
v -0.022594746202230453 -0.04563138633966446 0.04434828832745552
v -0.015847008675336838 -0.04291344806551933 0.05164136365056038
v -0.01974082738161087 -0.042579445987939835 0.04927577078342438
v -0.019641101360321045 -0.044235240668058395 0.04777372628450394
v -0.016041889786720276 -0.04498157650232315 0.0496099628508091
v -0.019566752016544342 -0.04566430300474167 0.04631316289305687
v -0.01826360821723938 -0.04199353978037834 0.036950547248125076
v -0.016187759116292 -0.04582657665014267 0.047415509819984436
v -0.021372400224208832 -0.04386766999959946 0.03673712909221649
v -0.022636115550994873 -0.04273888096213341 0.03436307981610298
v -0.020494593307375908 -0.04489150643348694 0.03990441560745239
v -0.02517079934477806 -0.046039778739213943 0.033971428871154785
v -0.024430882185697556 -0.04473630338907242 0.03455423191189766
v -0.02676357887685299 -0.045545175671577454 0.03140537068247795
v -0.025816192850470543 -0.04392771050333977 0.032311465591192245
v -0.019674072042107582 -0.04601628705859184 0.04460044950246811
v -0.020032217726111412 -0.04072504863142967 0.050212446600198746
v -0.010972914285957813 -0.04192306473851204 0.054818909615278244
v -0.005485345143824816 -0.041442058980464935 0.05730951204895973
v -0.004479388706386089 -0.0010664884466677904 0.07120689004659653
v -0.004313486162573099 0.0030971160158514977 0.06774906069040298
v -0.02329867146909237 -0.04791899770498276 0.042214807122945786
v -0.010438407771289349 -0.1258639544248581 -0.0036973035894334316
v -0.026393726468086243 -0.04941842705011368 0.04109286889433861
v -0.024666711688041687 -0.05304504185914993 0.032296206802129745
v -0.023639800027012825 -0.05012764409184456 0.0355260893702507
v -0.03141964226961136 -0.0599113404750824 0.038262106478214264
v -0.026156321167945862 -0.06370457261800766 0.041260797530412674
v -0.0245691929012537 -0.059425920248031616 0.04248563572764397
v -0.028875617310404778 -0.056363824754953384 0.03964732959866524
v -0.021813154220581055 -0.05366861820220947 0.04458945617079735
v -0.024642862379550934 -0.0511329248547554 0.04225030913949013
v -0.023267097771167755 -0.050007667392492294 0.04314266890287399
v -0.02038687653839588 -0.05149025097489357 0.04555746912956238
v -0.019526146352291107 -0.049806367605924606 0.04608654975891113
v -0.022318774834275246 -0.04897801950573921 0.04349907115101814
v -0.017625592648983 -0.047527607530355453 0.04489586874842644
v -0.012641639448702335 -0.047002047300338745 0.04722021147608757
v -0.012692720629274845 -0.050809480249881744 0.042063355445861816
v -0.017771895974874496 -0.05128718540072441 0.03976687416434288
v -0.02226823940873146 -0.05045844987034798 0.03667305037379265
v -0.021431956440210342 -0.047750797122716904 0.04128658026456833
v -0.018230894580483437 -0.047884080559015274 0.0457349494099617
v -0.021334461867809296 -0.047973938286304474 0.04289303719997406
v -0.01345885917544365 -0.047224417328834534 0.04868490248918533
v -0.021356379613280296 -0.12274151295423508 -0.008811205625534058
v -0.021813686937093735 -0.048274360597133636 0.04337583854794502
v -0.018791716545820236 -0.04846341907978058 0.04586387425661087
v -0.014105036854743958 -0.048253241926431656 0.04934056103229523
v -0.014948333613574505 -0.050234150141477585 0.04984021931886673
v -0.01580001227557659 -0.05260636657476425 0.049898553639650345
v -0.016812337562441826 -0.0556623674929142 0.049232639372348785
v -0.018948564305901527 -0.06297328323125839 0.046530209481716156
v -0.020106451585888863 -0.06805502623319626 0.04524284228682518
v -0.012166382744908333 -0.06468037515878677 0.05033274367451668
v -0.013074078597128391 -0.07003582268953323 0.04994112253189087
v -0.01126093976199627 -0.05667032673954964 0.05304288864135742
v -0.010683530941605568 -0.0529627650976181 0.05392707511782646
v -0.010002614930272102 -0.050233904272317886 0.053409937769174576
v -0.009349798783659935 -0.048092350363731384 0.052501317113637924
v -0.003339049406349659 -0.0232067983597517 0.05881861597299576
v -0.00526123121380806 -0.01775207929313183 0.05976736545562744
v -0.004126666113734245 -0.017172951251268387 0.062032729387283325
v -0.007301092613488436 -0.013131173327565193 0.06738220900297165
v -0.0015825113514438272 -0.01759040355682373 0.0644872784614563
v -0.009964551776647568 -0.011506689712405205 0.06682109832763672
v -0.008231623098254204 -0.011948656290769577 0.06833308190107346
v -0.008831455372273922 -0.010213825851678848 0.06914080679416656
v -0.01003322098404169 -0.009599954821169376 0.06789294630289078
v -0.006671214941889048 -0.012483187951147556 0.06967134028673172
v -0.007930445484817028 -0.010372193530201912 0.07028008252382278
v -0.002586455550044775 -0.013562933541834354 0.07159043848514557
v -0.0033789759036153555 -0.010128752328455448 0.07364381849765778
v -0.004319722298532724 -0.004577496089041233 0.0732627585530281
v -0.003776030382141471 -0.007892671972513199 0.07396629452705383
v -0.009161456488072872 -0.008550113998353481 0.06971467286348343
v -0.010494804009795189 -0.006758854724466801 0.06799570471048355
v -0.010831475257873535 -0.0038062839303165674 0.06581459194421768
v -0.01303129829466343 -0.006047134753316641 0.06217188388109207
v -0.010148760862648487 0.12908212840557098 -0.04557350277900696
v -0.008586245588958263 -0.04680308699607849 0.05153055116534233
v -0.00746997632086277 -0.046509645879268646 0.04960702732205391
v -0.01300788950175047 -0.060358937829732895 0.03497137129306793
v -0.012629309669137001 -0.056495439261198044 0.03738299757242203
v -0.007984012365341187 -0.056348495185375214 0.03897428885102272
v -0.007952455431222916 -0.06051028519868851 0.03666951507329941
v -0.0030205347575247288 -0.0461086705327034 0.050810255110263824
v -0.0032894653268158436 -0.050424300134181976 0.04472998157143593
v -0.0075828139670193195 -0.05046670138835907 0.04376601800322533
v -0.0034928014501929283 -0.04643774777650833 0.05287640169262886
v -0.0040534259751439095 -0.04780801013112068 0.05416034907102585
v -0.004552166908979416 -0.05004554241895676 0.05548686161637306
v -0.0034576421603560448 -0.05655468627810478 0.03971846401691437
v -0.0038780735339969397 -0.06076325848698616 0.03743543103337288
v -0.022945990785956383 -0.05455174297094345 0.033188533037900925
v -0.023392045870423317 -0.05823180451989174 0.031046876683831215
v -0.018085498362779617 -0.056118398904800415 0.03554663807153702
v -0.018609851598739624 -0.0593743696808815 0.03343191742897034
v -0.00593545101583004 -0.07036113739013672 0.053266026079654694
v -0.005200953222811222 -0.0652288869023323 0.052944526076316833
v -0.005178914405405521 -0.052981313318014145 0.05594504997134209
v -0.0052815936505794525 -0.05701257288455963 0.05512922629714012
v -0.02265418879687786 0.1146448627114296 -0.11397922784090042
v -0.06269383430480957 0.07586649060249329 -0.007496659643948078
v -0.06109270080924034 0.06891365349292755 0.0003482480242382735
v -0.05418870598077774 0.07626519352197647 0.007708384655416012
v -0.05626928433775902 0.08187434077262878 0.0002164756879210472
v -0.06329859048128128 0.08358921855688095 -0.015715451911091805
v -0.056783366948366165 0.08851468563079834 -0.007605923339724541
v -0.03981087729334831 0.12118564546108246 -0.06494051963090897
v -0.04033114016056061 0.12044982612133026 -0.05063546821475029
v -0.021309789270162582 0.12646156549453735 -0.04676102101802826
v -0.03471269831061363 0.12131478637456894 -0.07896559685468674
v -0.04714077711105347 0.11312452703714371 -0.0882696807384491
v -0.04926062375307083 0.11566726863384247 -0.06880894303321838
v -0.049129243940114975 0.11539915204048157 -0.05345664545893669
v -0.02771935798227787 -0.08512092381715775 -0.10895121842622757
v -0.05311790481209755 0.04368700459599495 -0.13277818262577057
v -0.04781395196914673 0.11431078612804413 -0.0396256148815155
v -0.03964802995324135 0.11855491995811462 -0.03682783246040344
v -0.039152372628450394 0.11543207615613937 -0.02441452257335186
v -0.046513672918081284 0.11197133362293243 -0.027895979583263397
v -0.02112995646893978 0.12401436269283295 -0.03232332691550255
v -0.010082606226205826 0.1262785643339157 -0.030519038438796997
v -0.020144235342741013 0.007144489791244268 -0.14610113203525543
v -0.003548605600371957 0.013290691189467907 0.05900772288441658
v -0.04830397665500641 -0.048750050365924835 -0.0922008603811264
v -0.057457394897937775 -0.04922550916671753 -0.0745009109377861
v -0.05962466821074486 -0.10194430500268936 -0.05176257714629173
v -0.07009248435497284 -0.026316681876778603 -0.05656469613313675
v -0.0697997659444809 -0.025587594136595726 -0.057233959436416626
v -0.05912813916802406 -0.06463919579982758 -0.05534521862864494
v -0.06045396625995636 -0.05043801665306091 -0.05643562600016594
v -0.0391424223780632 -0.04750518500804901 -0.10377147048711777
v -0.07845824211835861 -0.01510682888329029 -0.06762753427028656
v -0.07921912521123886 -0.011399802751839161 -0.06862226873636246
v -0.07968397438526154 -0.016041623428463936 -0.06734853237867355
v -0.08038391917943954 -0.012048396281898022 -0.06859558075666428
v -0.08039192855358124 -0.007709887810051441 -0.06915615499019623
v -0.0802774652838707 -0.017817042768001556 -0.06657038629055023
v -0.07821828871965408 0.018117263913154602 -0.0561487078666687
v -0.07981282472610474 0.01960272155702114 -0.05502854287624359
v -0.06943796575069427 -0.02789749577641487 -0.052270930260419846
v -0.06938459724187851 -0.027210712432861328 -0.05394851416349411
v -0.06873670220375061 -0.027596337720751762 -0.05312630906701088
v -0.06857937574386597 -0.028068775311112404 -0.051763903349637985
v -0.06915124505758286 -0.02877194434404373 -0.0506460927426815
v -0.06831951439380646 -0.028645826503634453 -0.050625450909137726
v -0.07778290659189224 0.0349653996527195 -0.04839367792010307
v -0.06684626638889313 -0.02781291864812374 -0.0540945939719677
v -0.0690256655216217 -0.026063835248351097 -0.05671460181474686
v -0.06897670030593872 -0.026679689064621925 -0.05521520972251892
v -0.06850015372037888 -0.027570005506277084 -0.05378682538866997
v -0.06784102320671082 -0.028437551110982895 -0.05175713449716568
v -0.06777910888195038 -0.029358917847275734 -0.05006759613752365
v -0.06847915798425674 -0.029986781999468803 -0.04952964931726456
v -0.08058258146047592 -0.01895604468882084 -0.0668945461511612
v -0.07363183796405792 -0.029104502871632576 -0.0550883486866951
v -0.07717858999967575 0.012009709142148495 -0.0618770495057106
v -0.07715098559856415 0.010180233046412468 -0.06353864073753357
v -0.07934241741895676 0.011708879843354225 -0.06496378779411316
v -0.07923965156078339 0.013737056404352188 -0.0634726732969284
v -0.05971885472536087 -0.009935738518834114 -0.10631203651428223
v -0.06192480027675629 0.0010668066097423434 -0.11137230694293976
v -0.014397596009075642 -0.08279015868902206 -0.11348697543144226
v -0.014136595651507378 -0.07004089653491974 -0.11335421353578568
v -0.07586963474750519 0.03326408937573433 -0.09613112360239029
v -0.0771724283695221 0.013460027985274792 -0.06050175055861473
v -0.07934968918561935 0.015363448299467564 -0.06203785538673401
v -0.07938314229249954 -0.007199819665402174 -0.06899282336235046
v -0.07517772167921066 0.013389501720666885 -0.060707736760377884
v -0.07549882680177689 0.011743198148906231 -0.06210695207118988
v -0.08051268756389618 0.016913212835788727 -0.06365054845809937
v -0.08035768568515778 0.015035035088658333 -0.06518034636974335
v -0.08067847043275833 0.012698750011622906 -0.06666553765535355
v -0.07577818632125854 0.009869065135717392 -0.06358892470598221
v -0.07796762883663177 0.01704774796962738 -0.06188766658306122
v -0.080058254301548 0.06348374485969543 -0.07232815772294998
v -0.07935367524623871 0.057784080505371094 -0.08640960603952408
v -0.07665178179740906 0.08035946637392044 -0.07578756660223007
v -0.07571352273225784 0.0754922553896904 -0.09109776467084885
v -0.07130996882915497 0.06970271468162537 -0.10705514252185822
v -0.0747837945818901 0.05098458006978035 -0.10242987424135208
v -0.07821030169725418 0.01825210638344288 -0.056538891047239304
v -0.080684594810009 0.020664162933826447 -0.05561041831970215
v -0.06371676176786423 0.09004709869623184 -0.023571381345391273
v -0.06884148716926575 0.08516944199800491 -0.03087269514799118
v -0.05688176304101944 0.09435798227787018 -0.014837061055004597
v -0.056643031537532806 0.09964577108621597 -0.02161250449717045
v -0.06301343441009521 0.09619417041540146 -0.03060329519212246
v -0.0702858418226242 0.08953555673360825 -0.04276260733604431
v -0.07908283919095993 0.05399255082011223 -0.057392869144678116
v -0.07828499376773834 0.06873384863138199 -0.05814922973513603
v -0.07525695860385895 0.07266247272491455 -0.04451490193605423
v -0.07458086311817169 0.08513364940881729 -0.06009594723582268
v -0.06598997116088867 0.0986873060464859 -0.04920218884944916
v -0.06968948245048523 0.09521465003490448 -0.06384501606225967
v -0.05886031687259674 0.10717008262872696 -0.053128503262996674
v -0.06101109832525253 0.10532926768064499 -0.06783204525709152
v -0.06087743490934372 0.10283258557319641 -0.08387302607297897
v -0.07137055695056915 0.09134655445814133 -0.07906123250722885
v -0.06108149141073227 0.10171300172805786 -0.03682826831936836
v -0.0549619123339653 0.10443591326475143 -0.027108119800686836
v -0.05595790594816208 0.10810723155736923 -0.04038611799478531
v -0.052638351917266846 0.10846593230962753 -0.031716637313365936
v -0.073247991502285 0.0743442177772522 -0.03719634935259819
v -0.06332267075777054 -0.03447166457772255 -0.049384333193302155
v -0.06533007323741913 -0.034937743097543716 -0.044130098074674606
v -0.06987496465444565 -0.024413200095295906 -0.036159925162792206
v -0.06857377290725708 0.00012760399840772152 -0.0004195297951810062
v -0.06851138919591904 0.012756646610796452 -0.0032880345825105906
v -0.07184598594903946 0.0048041632398962975 -0.013737153261899948
v -0.07022874057292938 -0.010095437988638878 -0.011597944423556328
v -0.06681761145591736 0.026440324261784554 -0.005470896605402231
v -0.07073890417814255 0.019026730209589005 -0.015528928488492966
v -0.07084749639034271 0.03332100436091423 -0.018098685890436172
v -0.06688899546861649 0.04066294804215431 -0.006285465322434902
v -0.06270680576562881 0.06442008912563324 -0.12224280834197998
v -0.06504784524440765 0.04766228795051575 -0.12033344805240631
v -0.06556396931409836 0.03484468162059784 -0.11852716654539108
v -0.04727296903729439 0.056668974459171295 0.02544495463371277
v -0.022262414917349815 0.08581013232469559 -0.14228907227516174
v -0.04638899117708206 0.08054610341787338 0.014941424131393433
v -0.054871413856744766 0.08479569107294083 -0.12253772467374802
v -0.04186156764626503 0.09091269224882126 -0.12918969988822937
v -0.07064487785100937 0.08668199181556702 -0.09420868754386902
v -0.0674930140376091 0.08161547780036926 -0.10777688026428223
v -0.05958491936326027 0.07539297640323639 -0.12265289574861526
v -0.06472689658403397 0.018632780760526657 -0.11658194661140442
v -0.04709162563085556 0.1079571396112442 -0.020291317254304886
v -0.05545032396912575 0.023651398718357086 0.01924535445868969
v -0.05469593405723572 0.019394226372241974 0.018495885655283928
v -0.05576271936297417 0.028004115447402 0.020745567977428436
v -0.05329933017492294 0.014873575419187546 0.020366935059428215
v -0.015386751852929592 0.007491427939385176 0.044223688542842865
v -0.01495899073779583 0.005628255195915699 0.04626930132508278
v -0.01485209260135889 0.0031018115114420652 0.04816388711333275
v -0.018342074006795883 0.0028387298807501793 0.04409632459282875
v -0.017957374453544617 -8.771529974183068e-05 0.04587779566645622
v -0.011646457947790623 0.003568182233721018 0.05374201387166977
v -0.011929631233215332 0.006075792480260134 0.05103961005806923
v -0.014310858212411404 0.0007060412899591029 0.0502547025680542
v -0.014148946851491928 -0.0023827324621379375 0.052100930362939835
v -0.01186687033623457 0.0005718211177736521 0.05590537190437317
v -0.01853838376700878 -0.014788363128900528 0.04821648448705673
v -0.019445067271590233 -0.01003492996096611 0.04678327962756157
v -0.016797304153442383 -0.005916476249694824 0.0487690307199955
v -0.021640559658408165 -0.0029344498179852962 0.04441068693995476
v -0.020663678646087646 -0.006208456587046385 0.04577698931097984
v -0.017296109348535538 -0.0027315467596054077 0.04742952063679695
v -0.02250133454799652 0.0003136172308586538 0.04253866896033287
v -0.015140989795327187 -0.005769601557403803 0.05437593534588814
v -0.01597309298813343 -0.008875702507793903 0.05742780119180679
v -0.012324138544499874 -0.0027700834907591343 0.058987073600292206
v -0.01047682948410511 -0.000641056802123785 0.062474943697452545
v -0.009985929355025291 0.0028597875498235226 0.05938791483640671
v -0.01899068057537079 0.004957030992954969 0.0422893762588501
v -0.023726340383291245 0.002845235401764512 0.04107217863202095
v -0.02436785399913788 -0.009681705385446548 0.04511876031756401
v -0.029046880081295967 -0.013142052106559277 0.04482908919453621
v -0.02625703439116478 -0.005465545225888491 0.04352021962404251
v -0.030621647834777832 -0.008259748108685017 0.0431627593934536
v -0.027205519378185272 -0.0018406194867566228 0.04189065471291542
v -0.03174867853522301 -0.004375023767352104 0.04136121645569801
v -0.03320067375898361 -0.01743857003748417 0.04425356164574623
v -0.03684980422258377 -0.02183367684483528 0.043014585971832275
v -0.040133748203516006 -0.027789326384663582 0.04099301993846893
v -0.03958984836935997 -0.016516171395778656 0.04144548252224922
v -0.043505676090717316 -0.02237510308623314 0.03923258185386658
v -0.04130638390779495 -0.010997801087796688 0.039570003747940063
v -0.04597670957446098 -0.016664914786815643 0.03729115054011345
v -0.03533695265650749 -0.011816902086138725 0.04255266860127449
v -0.03674828261137009 -0.007477487903088331 0.04060877114534378
v -0.03272971138358116 -0.0005354723543860018 0.039527807384729385
v -0.028387250378727913 0.0014205350307747722 0.040338557213544846
v -0.041714366525411606 9.679995127953589e-05 0.03567982465028763
v -0.04181484505534172 -0.005457573104649782 0.03765290603041649
v -0.037296097725629807 -0.002871889853850007 0.03856613487005234
v -0.037628211081027985 0.0016900852788239717 0.03666127100586891
v -0.047126561403274536 -0.009463192895054817 0.035532720386981964
v -0.04638497531414032 -0.0018187649548053741 0.034140124917030334
v -0.045373089611530304 0.0032716230489313602 0.0326584093272686
v -0.03181334212422371 0.010272535495460033 0.035718970000743866
v -0.026912713423371315 0.010972993448376656 0.036608342081308365
v -0.03528476133942604 0.009829110465943813 0.03469410911202431
v -0.04130508005619049 0.004240803420543671 0.03423447161912918
v -0.03790535777807236 0.004999603144824505 0.03533802926540375
v -0.049172837287187576 0.010266647674143314 0.026400575414299965
v -0.04682327061891556 0.009586961008608341 0.028557484969496727
v -0.041022542864084244 0.009410371072590351 0.03221358358860016
v -0.03827928006649017 0.009513943456113338 0.03348775580525398
v -0.04403349757194519 0.009437182918190956 0.030518941581249237
v -0.02220817841589451 0.01252876129001379 0.036812923848629
v -0.017459923401474953 0.014538750052452087 0.036973465234041214
v -0.05613638833165169 -0.06250131130218506 -0.07159832119941711
v -0.009342726320028305 0.006054473575204611 0.05704149603843689
v -0.009259174577891827 0.00891129206866026 0.0543300099670887
v -0.014309650287032127 0.03104451671242714 0.03903338313102722
v -0.012159272097051144 0.028405796736478806 0.03844740241765976
v -0.006529385689646006 0.028845759108662605 0.04564996063709259
v -0.0179129708558321 0.03475824370980263 0.04139146953821182
v -0.014215351082384586 0.017184482887387276 0.037021223455667496
v -0.012355407699942589 0.019648179411888123 0.036926958709955215
v -0.011367901228368282 0.02232821099460125 0.037208691239356995
v -0.011055274866521358 0.02551630511879921 0.03765746206045151
v -0.02910824865102768 0.04715836048126221 0.04279857873916626
v -0.025677194818854332 0.040921326726675034 0.04458390176296234
v -0.05743064731359482 0.06218012422323227 0.009662466123700142
v -0.06114210560917854 0.053558532148599625 0.005598376039415598
v -0.05032177269458771 0.042021460831165314 0.02857503667473793
v -0.05350358039140701 0.03785908967256546 0.025455176830291748
v -0.05536319687962532 0.03287824988365173 0.022701449692249298
v -0.06299811601638794 0.0418337918817997 0.002693633083254099
v -0.06382716447114944 0.02965364418923855 0.002181486925110221
v -0.06520210951566696 0.018084712326526642 0.0033917187247425318
v -0.04848692938685417 0.09263844788074493 0.0006894943653605878
v -0.04833129420876503 0.09827934205532074 -0.0062202466651797295
v -0.04805222898721695 0.08663025498390198 0.007868010550737381
v -0.03887647017836571 0.11128576099872589 -0.014948614872992039
v -0.03900020569562912 0.10682062804698944 -0.00650887843221426
v -0.04790658876299858 0.1034214198589325 -0.013147535733878613
v -0.03950786218047142 0.1016751155257225 0.0008170653018169105
v -0.03987947106361389 0.09606920182704926 0.007633425295352936
v -0.03941134363412857 0.09016963094472885 0.014773862436413765
v -0.03823365271091461 0.08387657254934311 0.021765904501080513
v -0.036458421498537064 0.0755927711725235 0.028222838416695595
v -0.04746970161795616 -0.06136275827884674 -0.0898987427353859
v -0.007002596277743578 -0.007232611998915672 0.05461979657411575
v -0.006573868449777365 -0.007296266965568066 0.05510721355676651
v -0.006744943093508482 -0.007246405351907015 0.05444638803601265
v -0.00625632656738162 -0.007288767956197262 0.054989803582429886
v -0.0066321673803031445 -0.007682611234486103 0.05505995452404022
v -0.006649562623351812 -0.015591170638799667 0.057542864233255386
v -0.005699287634342909 -0.013544858433306217 0.0566243976354599
v -0.00607314333319664 -0.010011178441345692 0.055950604379177094
v -0.06913353502750397 -0.030847568064928055 -0.0383206307888031
v -0.058254532516002655 -0.09756980091333389 -0.06663806736469269
v -0.05446156486868858 -0.09398750960826874 -0.08013126999139786
v 0.05669305846095085 -0.09683410823345184 -0.06635100394487381
v 0.052762553095817566 -0.09327807277441025 -0.07988859713077545
v 0.02130505070090294 -0.12807439267635345 -0.01060439646244049
v 0.03346579521894455 -0.12422029674053192 -0.01703088916838169
v 0.03437032178044319 -0.1325301229953766 -0.018271353095769882
v 0.02181851863861084 -0.13583239912986755 -0.01219378411769867
v 0.060267139226198196 -0.11469156295061111 -0.07190980762243271
v 0.05797770246863365 -0.10586518794298172 -0.06780042499303818
v 0.05425412207841873 -0.10231932997703552 -0.08235267549753189
v 0.0574713796377182 -0.11105241626501083 -0.08735182136297226
v 0.047098252922296524 -0.10023324191570282 -0.09489358961582184
v 0.05025038495659828 -0.10989835113286972 -0.10049514472484589
v 0.03949902951717377 -0.11022011935710907 -0.11035612225532532
v 0.03727313503623009 -0.09885216504335403 -0.10457070171833038
v 0.02534620463848114 -0.09811052680015564 -0.11157805472612381
v 0.026845982298254967 -0.11062934994697571 -0.11665347963571548
v 0.045239172875881195 -0.1193525567650795 -0.026231082156300545
v 0.05423086881637573 -0.11420419812202454 -0.03836217522621155
v 0.05550925433635712 -0.12346573173999786 -0.040684547275304794
v 0.04618573933839798 -0.12813852727413177 -0.027935218065977097
v 0.05880632624030113 -0.10972341895103455 -0.05237828195095062
v 0.060194697231054306 -0.11887265741825104 -0.055860500782728195
v 0.013013762421905994 -0.11072684079408646 -0.11971007287502289
v 0.012163388542830944 -0.09705258905887604 -0.11508721858263016
v 0.02336103655397892 -0.15521815419197083 -0.01530318334698677
v 0.010124810971319675 -0.157388374209404 -0.013962597586214542
v 0.010353656485676765 -0.14704367518424988 -0.0112041886895895
v 0.02261011302471161 -0.14517797529697418 -0.013888389803469181
v 0.05408057942986488 -0.1583910584449768 -0.034175027161836624
v 0.06788374483585358 -0.15182901918888092 -0.0475008562207222
v 0.07437270134687424 -0.16036687791347504 -0.044332098215818405
v 0.05844279006123543 -0.16813021898269653 -0.03118501789867878
v 0.09600904583930969 -0.1577158421278 -0.0564272478222847
v 0.10539037734270096 -0.14652539789676666 -0.07819333672523499
v 0.03838591277599335 -0.1624913513660431 -0.02313254214823246
v 0.04080839082598686 -0.1721758097410202 -0.01958627626299858
v -0.0012010256759822369 -0.12325850874185562 -0.12707164883613586
v -0.0012395150260999799 -0.11047232896089554 -0.12023898214101791
v 0.09538579732179642 -0.14125800132751465 -0.08071131259202957
v 0.09463224560022354 -0.13740761578083038 -0.10476920008659363
v 0.10691994428634644 -0.14304327964782715 -0.10326101630926132
v 0.053142912685871124 -0.15904392302036285 -0.1436709463596344
v 0.053445518016815186 -0.16592659056186676 -0.14647015929222107
v 0.06849934905767441 -0.16115660965442657 -0.14424286782741547
v 0.06432047486305237 -0.15472663938999176 -0.14066174626350403
v 0.0737927258014679 -0.12535560131072998 -0.09950074553489685
v 0.06284000724554062 -0.1260397732257843 -0.11451943218708038
v 0.07089143991470337 -0.13363032042980194 -0.12000706046819687
v 0.08399255573749542 -0.13139013946056366 -0.10355398058891296
v 0.03610987216234207 -0.1430332511663437 -0.13667187094688416
v 0.0540655292570591 -0.13788023591041565 -0.1304660588502884
v 0.04823742434382439 -0.12968580424785614 -0.12498590350151062
v 0.03214658051729202 -0.13255716860294342 -0.13108082115650177
v 0.08575519174337387 -0.1362888514995575 -0.0812903568148613
v 0.07551369816064835 -0.13055099546909332 -0.07967836409807205
v 0.0781698226928711 -0.14461685717105865 -0.06329470127820969
v 0.07014711201190948 -0.13735856115818024 -0.06263987720012665
v 0.062237612903118134 -0.14317525923252106 -0.04715728759765625
v 0.05574820563197136 -0.11861465126276016 -0.10758810490369797
v 0.043384384363889694 -0.12032369524240494 -0.11764845252037048
v 0.029062863439321518 -0.12207981944084167 -0.1238887831568718
v 0.013979129493236542 -0.12311290949583054 -0.12661682069301605
v -0.0008270691032521427 -0.17225448787212372 -0.14514906704425812
v -0.0008822891395539045 -0.15992696583271027 -0.1431698203086853
v 0.01735481061041355 -0.14583386480808258 -0.1384187489748001
v 0.015621173195540905 -0.13461141288280487 -0.13349729776382446
v 0.08661925047636032 -0.15100222826004028 -0.061397064477205276
v 0.06376081705093384 -0.1285279393196106 -0.06009844318032265
v 0.05822473391890526 -0.13340161740779877 -0.044266968965530396
v 0.06475794315338135 -0.17519384622573853 -0.020679926499724388
v 0.08286552876234055 -0.16886352002620697 -0.03654192388057709
v 0.04487336799502373 -0.17973069846630096 -0.009436271153390408
v 0.02678058296442032 -0.18347351253032684 -0.0028982656076550484
v 0.01890662871301174 -0.158646821975708 -0.14212839305400848
v 0.018308013677597046 -0.1707390397787094 -0.1444506049156189
v 0.03754192963242531 -0.1679449826478958 -0.14540402591228485
v 0.04112260788679123 -0.15524253249168396 -0.14206813275814056
v 0.05070635676383972 -0.14840008318424225 -0.03308297321200371
v 0.03727042302489281 -0.15245914459228516 -0.021896451711654663
v 0.023607328534126282 -0.1650245487689972 -0.015508469194173813
v 0.0640333965420723 -0.11884115636348724 -0.09328249096870422
v 0.06602144986391068 -0.12306345254182816 -0.07632070034742355
v 0.04825795814394951 -0.13791635632514954 -0.03075467236340046
v 0.035629015415906906 -0.14226742088794708 -0.020437343046069145
v 0.01012572180479765 -0.1380942314863205 -0.008427172899246216
v 0.02471357397735119 -0.17461255192756653 -0.011372478678822517
v 0.09590928256511688 -0.14735107123851776 -0.12451860308647156
v 0.08281852304935455 -0.1547124981880188 -0.13744165003299713
v 0.07570113986730576 -0.15096502006053925 -0.1356637328863144
v -0.0011587942717596889 -0.14674971997737885 -0.13950718939304352
v -0.0009232442243956029 -0.14771437644958496 -0.010675651952624321
v -0.001308969920501113 -0.15800169110298157 -0.013832123950123787
v -0.0004315832338761538 -0.13874566555023193 -0.007072474341839552
v 0.08025197684764862 -0.1423918455839157 -0.12598904967308044
v 0.05988670513033867 -0.14722250401973724 -0.1360323578119278
v -0.00022860936587676406 -0.13185212016105652 -0.00408689770847559
v -0.0013210828183218837 -0.09637627750635147 -0.11599952727556229
v -0.0014236391289159656 -0.1691666543483734 -0.016125256195664406
v -0.0013376688584685326 -0.18088220059871674 -0.012637810781598091
v -0.001117325620725751 -0.1900719553232193 -0.0027605050709098577
v 0.010270698927342892 -0.13091611862182617 -0.0059073977172374725
v 0.011104943230748177 -0.17858754098415375 -0.011318851262331009
v 0.010394738987088203 -0.16783539950847626 -0.015032241120934486
v 0.012136757373809814 -0.18803787231445312 -0.0024149958044290543
v -0.0011004580883309245 -0.1350228488445282 -0.13416869938373566
v -0.02149076573550701 -0.1284313201904297 -0.010633311234414577
v -0.03365572914481163 -0.1245855912566185 -0.017198380082845688
v -0.03478500247001648 -0.13284580409526825 -0.018475845456123352
v -0.022262105718255043 -0.1360669881105423 -0.012360163033008575
v -0.06176706403493881 -0.11543277651071548 -0.0722125768661499
v -0.05959666147828102 -0.10670829564332962 -0.06815260648727417
v -0.05598233640193939 -0.10304845869541168 -0.08258982002735138
v -0.059261396527290344 -0.11156204342842102 -0.08756454288959503
v -0.04919608309864998 -0.10078153759241104 -0.09506513178348541
v -0.052301548421382904 -0.11030780524015427 -0.10066256672143936
v -0.041647810488939285 -0.11054427176713943 -0.1105007752776146
v -0.03950434550642967 -0.09929299354553223 -0.10466068983078003
v -0.02765423059463501 -0.09842094779014587 -0.11165731400251389
v -0.029047176241874695 -0.11088886111974716 -0.11676622182130814
v -0.0457361675798893 -0.1199401468038559 -0.026434488594532013
v -0.05486930161714554 -0.11515288800001144 -0.03869690001010895
v -0.05597475916147232 -0.12407802790403366 -0.040925029665231705
v -0.046775657683610916 -0.12857450544834137 -0.028136465698480606
v -0.06027211248874664 -0.11074508726596832 -0.052708789706230164
v -0.06132831797003746 -0.11987804621458054 -0.056208692491054535
v -0.015306766144931316 -0.11089414358139038 -0.11973898857831955
v -0.014673948287963867 -0.09724342077970505 -0.11511599272489548
v -0.024969762191176414 -0.15536992251873016 -0.015229744836688042
v -0.012216150760650635 -0.1574423909187317 -0.013921055011451244
v -0.011551049537956715 -0.1470351666212082 -0.011304367333650589
v -0.02372717671096325 -0.14529438316822052 -0.014035573229193687
v -0.0548558346927166 -0.1593463122844696 -0.03491580858826637
v -0.06874433904886246 -0.1526600569486618 -0.0481683649122715
v -0.07525286078453064 -0.16106803715229034 -0.04492827504873276
v -0.05965065211057663 -0.16862565279006958 -0.031313780695199966
v -0.09696494042873383 -0.15847939252853394 -0.05696732923388481
v -0.10653070360422134 -0.14719745516777039 -0.07860352843999863
v -0.039914656430482864 -0.16301605105400085 -0.02317301742732525
v -0.0426454022526741 -0.17280372977256775 -0.01957562007009983
v -0.09669719636440277 -0.14183026552200317 -0.0810776799917221
v -0.09621632844209671 -0.13783034682273865 -0.10501710325479507
v -0.10840104520320892 -0.1435019075870514 -0.10359368473291397
v -0.05496244132518768 -0.15925759077072144 -0.14390438795089722
v -0.055271051824092865 -0.16609898209571838 -0.14670494198799133
v -0.07020306587219238 -0.1613542139530182 -0.14454683661460876
v -0.0661136731505394 -0.15497718751430511 -0.14087919890880585
v -0.07563865929841995 -0.12564317882061005 -0.09963143616914749
v -0.06470407545566559 -0.12675927579402924 -0.11462892591953278
v -0.07268839329481125 -0.13404934108257294 -0.12012400478124619
v -0.08562120795249939 -0.1318601667881012 -0.103696808218956
v -0.038023680448532104 -0.1432516872882843 -0.1368069052696228
v -0.05596425384283066 -0.13806895911693573 -0.13060113787651062
v -0.05015723779797554 -0.12929767370224 -0.12496507912874222
v -0.034096360206604004 -0.13275308907032013 -0.13112933933734894
v -0.08714672178030014 -0.13684868812561035 -0.08155974000692368
v -0.07684600353240967 -0.13102900981903076 -0.07991546392440796
v -0.07935237884521484 -0.14530079066753387 -0.06371622532606125
v -0.07111023366451263 -0.13811729848384857 -0.0631318911910057
v -0.06296341121196747 -0.14397874474525452 -0.04778868332505226
v -0.05770460516214371 -0.11894097179174423 -0.10774227976799011
v -0.04544045776128769 -0.12060077488422394 -0.11776548624038696
v -0.031188923865556717 -0.12227636575698853 -0.12391488999128342
v -0.01604910008609295 -0.12396012246608734 -0.12668824195861816
v -0.019500164315104485 -0.14644858241081238 -0.13855525851249695
v -0.018160758540034294 -0.1334829181432724 -0.13351187109947205
v -0.08769935369491577 -0.1517404466867447 -0.06190139055252075
v -0.0645921528339386 -0.12938949465751648 -0.06057964637875557
v -0.05889881029725075 -0.13398073613643646 -0.044607482850551605
v -0.0662241205573082 -0.1759374737739563 -0.02058316022157669
v -0.08393824100494385 -0.16953015327453613 -0.03684322163462639
v -0.04682300612330437 -0.1803513914346695 -0.009270645678043365
v -0.028997603803873062 -0.18370480835437775 -0.0025391096714884043
v -0.020929677411913872 -0.15867826342582703 -0.14224767684936523
v -0.020116431638598442 -0.1707787811756134 -0.14448603987693787
v -0.039177827537059784 -0.1682024449110031 -0.14558805525302887
v -0.04295722767710686 -0.15545926988124847 -0.14224158227443695
v -0.05166377127170563 -0.14899292588233948 -0.03358938917517662
v -0.038636475801467896 -0.15284043550491333 -0.02188456617295742
v -0.025689980015158653 -0.1654772013425827 -0.015614042058587074
v -0.06584279239177704 -0.11925580352544785 -0.09350639581680298
v -0.0673939511179924 -0.1237042024731636 -0.07664213329553604
v -0.04915701597929001 -0.13835963606834412 -0.030995165929198265
v -0.03656934201717377 -0.14256906509399414 -0.020625436678528786
v -0.011114652268588543 -0.13821761310100555 -0.00860462337732315
v -0.02704627253115177 -0.1749059110879898 -0.011183341965079308
v -0.09749644249677658 -0.14783647656440735 -0.1246446892619133
v -0.08451225608587265 -0.1550651490688324 -0.13762058317661285
v -0.07743490487337112 -0.15129360556602478 -0.13579870760440826
v -0.08196243643760681 -0.14280550181865692 -0.12615707516670227
v -0.061673346906900406 -0.14754731953144073 -0.13619376718997955
v -0.010656279511749744 -0.13106337189674377 -0.006077873520553112
v -0.013582277111709118 -0.17881393432617188 -0.011163236573338509
v -0.012829273007810116 -0.16819427907466888 -0.015153944492340088
v -0.01422315277159214 -0.18800298869609833 -0.002207885030657053
v -0.00706076342612505 -0.007665744051337242 0.054676517844200134
v -0.06818155199289322 -0.03361281380057335 -0.01609942503273487
v -0.06746351718902588 -0.04111932963132858 -0.02359466254711151
v -0.06409552693367004 -0.052419234067201614 -0.016361821442842484
v -0.06541494280099869 -0.044144485145807266 -0.008460195735096931
v -0.0589868426322937 -0.06262049823999405 -0.008687995374202728
v -0.0621294304728508 -0.05282719060778618 -0.002451242646202445
v -0.05288254842162132 -0.07087558507919312 2.606143243610859e-05
v -0.05770280957221985 -0.06082562729716301 0.004414513241499662
v -0.04795239120721817 -0.07650616765022278 0.009622990153729916
v -0.05295119807124138 -0.06651385873556137 0.012365991249680519
v -0.03299841284751892 -0.08154288679361343 0.030664119869470596
v -0.03124246560037136 -0.08663961291313171 0.026939349249005318
v -0.023938186466693878 -0.08960632979869843 0.03444720804691315
v -0.024491271004080772 -0.08572206646203995 0.03879312798380852
v -0.01612568274140358 -0.09214358031749725 0.04099532961845398
v -0.016759587451815605 -0.08838843554258347 0.04534078389406204
v -0.007819590158760548 -0.09308373183012009 0.04471997544169426
v -0.00790776964277029 -0.08953800052404404 0.04943404346704483
v 0.0018516427371650934 -0.09307919442653656 0.04670137166976929
v 0.0019055255688726902 -0.08929683268070221 0.05140985548496246
v 0.0019056614255532622 -0.07975617796182632 0.055392876267433167
v -0.007153412792831659 -0.0803612768650055 0.05425228178501129
v -0.00755714625120163 -0.0851290225982666 0.05254923552274704
v 0.0018913417588919401 -0.08524825423955917 0.053916752338409424
v -0.014895524829626083 -0.07950758934020996 0.05028815194964409
v -0.016293736174702644 -0.0842616930603981 0.048311829566955566
v -0.022035673260688782 -0.07695762068033218 0.04434854909777641
v -0.023729482665657997 -0.08158848434686661 0.042119100689888
v -0.03000253438949585 -0.0727585107088089 0.03758348152041435
v -0.031832512468099594 -0.07729989290237427 0.03463470935821533
v -0.03665284439921379 -0.06766321510076523 0.033729977905750275
v -0.04006468504667282 -0.07002986967563629 0.029454559087753296
v -0.007205278147011995 -0.09569403529167175 0.038231104612350464
v 0.001698794192634523 -0.09553919732570648 0.0404086634516716
v -0.014972197823226452 -0.0947679802775383 0.03480502590537071
v -0.022355005145072937 -0.09261894226074219 0.029107213020324707
v -0.02876150980591774 -0.09065768867731094 0.022398406639695168
v -0.04152512922883034 -0.0808292105793953 0.018873054534196854
v -0.03563837334513664 -0.08808112889528275 0.014723913744091988
v -0.04298387095332146 -0.08303777873516083 0.0065957969054579735
v -0.04813956096768379 -0.07751945406198502 -0.0037989234551787376
v -0.05559348315000534 -0.06886149942874908 -0.01418401300907135
v -0.06218375638127327 -0.05750759318470955 -0.023686101660132408
v -0.06605906039476395 -0.04527764767408371 -0.031112065538764
v -0.06878291070461273 -0.033020488917827606 -0.028791330754756927
v -0.013519946485757828 -0.07522021979093552 0.050878580659627914
v -0.0065091270953416824 -0.07544911652803421 0.05421706661581993
v -0.019982095807790756 -0.0730564221739769 0.04576519504189491
v -0.02771589905023575 -0.06850466132164001 0.039771586656570435
v -0.034177929162979126 -0.06383752077817917 0.03642510995268822
v -0.039781421422958374 -0.05052300542593002 0.03666771575808525
v -0.03828440234065056 -0.05731557309627533 0.035900965332984924
v -0.03843929246068001 -0.037631284445524216 0.04019380360841751
v -0.039229121059179306 -0.04392940178513527 0.03847561031579971
v -0.04658769816160202 -0.030535519123077393 0.03594207391142845
v -0.04832853376865387 -0.0397520549595356 0.032213155180215836
v -0.043833259493112564 -0.04291567578911781 0.03555367887020111
v -0.04267305135726929 -0.034672681242227554 0.038240350782871246
v -0.049828242510557175 -0.024230657145380974 0.03343909978866577
v -0.05240567401051521 -0.035204414278268814 0.028742391616106033
v -0.0065480610355734825 -0.09776034951210022 0.03252029046416283
v 0.0015318908262997866 -0.09792807698249817 0.03359999135136604
v -0.013425726443529129 -0.09733240306377411 0.02929479256272316
v -0.019712170585989952 -0.09613882005214691 0.02407936379313469
v -0.02454361692070961 -0.09535227715969086 0.01778545044362545
v -0.02974066324532032 -0.09396018832921982 0.01061440072953701
v -0.03533322736620903 -0.09093572944402695 0.0023740942124277353
v -0.04249120131134987 -0.08580271154642105 -0.007577808573842049
v -0.05139214172959328 -0.07667214423418045 -0.01912843994796276
v -0.0599229671061039 -0.062305085361003876 -0.029878275468945503
v -0.06344731152057648 -0.049279894679784775 -0.03770510107278824
v -0.02140287309885025 -0.10151280462741852 0.006420312449336052
v -0.01709163561463356 -0.10121595114469528 0.012135225348174572
v -0.013251314871013165 -0.1017027422785759 0.016895852982997894
v -0.009890361689031124 -0.10169947892427444 0.02108106017112732
v -0.005179505329579115 -0.10277307778596878 0.020622922107577324
v 0.0012268496211618185 -0.10350611060857773 0.02037714421749115
v -0.004826616495847702 -0.10444808751344681 0.013910897076129913
v 0.0011585529427975416 -0.1053130030632019 0.014356747269630432
v -0.007448346819728613 -0.10665538907051086 0.00999833270907402
v 0.0010030148550868034 -0.10750743746757507 0.011124620214104652
v -0.009867677465081215 -0.10944315046072006 0.007038493640720844
v 0.0006952094263397157 -0.11149945855140686 0.007986768148839474
v -0.04161161556839943 -0.06045437976717949 0.03261708468198776
v -0.04601635783910751 -0.060502789914608 0.027971582487225533
v -0.0485028401017189 -0.05000973492860794 0.029200831428170204
v -0.05306950956583023 -0.04673892259597778 0.02457430027425289
v -0.050998568534851074 -0.05896053463220596 0.02220574952661991
v -0.043958842754364014 -0.05197099596261978 0.03325702250003815
v -0.056349750608205795 -0.054760538041591644 0.015155231580138206
v -0.0574696846306324 -0.041841622442007065 0.019196465611457825
v -0.056071147322654724 -0.028944041579961777 0.025135811418294907
v -0.060527414083480835 -0.03574833646416664 0.014410877600312233
v -0.06030933931469917 -0.048800334334373474 0.0084761343896389
v -0.05925791710615158 -0.024419689550995827 0.020793182775378227
v -0.06175202876329422 -0.019902972504496574 0.016697527840733528
v -0.06268336623907089 -0.030570566654205322 0.010073657147586346
v -0.06300292164087296 -0.04184259846806526 0.0036900967825204134
v -0.045449260622262955 -0.07217025011777878 0.02160211279988289
v -0.06528999656438828 -0.03527187556028366 -0.0015471650986000896
v -0.06388033926486969 -0.01563744619488716 0.012065821327269077
v -0.06456728279590607 -0.025070786476135254 0.005471906624734402
v -0.06612978130578995 -0.009894536808133125 0.006184805184602737
v -0.06710826605558395 -0.018889371305704117 -0.002255103550851345
v -0.06797211617231369 -0.02705138549208641 -0.009625655598938465
v -0.06979680806398392 -0.024787195026874542 -0.024800775572657585
v 0.0018121965695172548 -0.0748455747961998 0.055576931685209274
v -0.06358052790164948 -0.03300250694155693 -0.05379349738359451
v -0.022588608786463737 -0.02914625220000744 0.04829962179064751
v -0.016977127641439438 -0.027154864743351936 0.05160516873002052
v -0.011892113834619522 -0.026259396225214005 0.054962556809186935
v -0.007687448523938656 -0.02594892494380474 0.05743046849966049
v -0.0036248923279345036 -0.02590973861515522 0.058726970106363297
v 0.0001828526728786528 -0.12170744687318802 0.0018547072540968657
v 0.0006110752583481371 0.04193723574280739 0.04918026179075241
v 0.00036017378442920744 -0.11536533385515213 0.005435330327600241
v 0.0012577922316268086 -0.06081639602780342 0.03773718699812889
v 0.00020751531701534986 0.1273033320903778 -0.029420511797070503
v 0.0017692837864160538 -0.06998564302921295 0.055204011499881744
v 0.0014022036921232939 -0.05632144957780838 0.04023315757513046
v 0.00037410936783999205 0.003823916893452406 0.0696696937084198
v 0.001752497279085219 -0.0657147541642189 0.05423580855131149
v 0.0018760769162327051 -0.05343993380665779 0.05691859498620033
v 0.0019523828523233533 -0.04753896966576576 0.054628659039735794
v 0.0007093983003869653 0.07836403697729111 0.03916405513882637
v 0.0019253341015428305 -0.04985954612493515 0.056187257170677185
v -2.383157698204741e-05 -0.02358502708375454 0.05916844680905342
v 0.0004043680673930794 -0.0002212922554463148 0.07301151752471924
v 0.0019148855935782194 -0.04614676162600517 0.05301503837108612
v -0.0013455018633976579 -0.04515620693564415 -0.1183319017291069
v 0.0018005480524152517 -0.0576765313744545 0.05581878870725632
v 0.0014987725298851728 -0.05042751505970955 0.04509216174483299
v 0.0017544098664075136 -0.04587976634502411 0.05117546766996384
v 0.0005500627448782325 -0.04198657348752022 0.04086741805076599
v 0.00014513642236124724 -0.026639427989721298 0.05886964499950409
v 0.0004912241129204631 0.02057289145886898 0.0553378127515316
v -0.0012248121201992035 -0.006502384785562754 -0.14231418073177338
v 0.0003736896615009755 0.01760994829237461 0.057827625423669815
v 0.0003421594446990639 0.10239376127719879 0.021251214668154716
v 0.0006140119512565434 0.0884992703795433 0.03372783958911896
v 0.0003210460126865655 0.007742687128484249 0.06633159518241882
v -0.0006999234319664538 0.056226540356874466 -0.15528829395771027
v -0.0005538310506381094 0.07272139936685562 -0.15212327241897583
v 0.0005913825007155538 0.06071031093597412 0.04486124590039253
v 9.175469313049689e-05 0.12587127089500427 -0.0927140936255455
v 0.00042177928844466805 -0.0040709772147238255 0.07515329122543335
v -1.9021390471607447e-05 -0.018017619848251343 0.06453387439250946
v 0.00023493319167755544 0.11903916299343109 -0.004426679108291864
v -0.0009918712312355638 0.021824177354574203 -0.1528722196817398
v -8.323620568262413e-05 0.11669675260782242 -0.11709126085042953
v 0.00041931364103220403 -0.043956220149993896 0.056177664548158646
v 0.00021993412519805133 0.12352363020181656 -0.01636458933353424
v 0.0005337120965123177 -0.04525435343384743 0.05329103395342827
v 0.00017106487939599901 -0.01418220903724432 0.07228264212608337
v -0.0011213425314053893 0.006092171650379896 -0.14860986173152924
v -0.000865551526658237 0.03553640469908714 -0.1548587679862976
v 0.0001838146708905697 -0.033715374767780304 0.0592707023024559
v 0.00014629434735979885 -0.02951084077358246 0.058878008276224136
v 9.551949915476143e-06 0.12220068275928497 -0.10532809048891068
v 0.0007545370026491582 0.047792721539735794 0.04849650338292122
v 0.00024205379304476082 -0.03662748634815216 0.05987394228577614
v 0.0005553208175115287 0.029355330392718315 0.049988165497779846
v 0.0003186686662957072 -0.03933703154325485 0.059790901839733124
v 1.3050521374680102e-05 -0.12690244615077972 -0.001495520817115903
v -0.00030933262314647436 0.09658908098936081 -0.13919450342655182
v 0.00033750967122614384 -0.041678160429000854 0.05825899913907051
v 0.0005590047221630812 -0.044376034289598465 0.04717984050512314
v 0.000387851003324613 0.011368611827492714 0.06317378580570221
v 0.0005606000195257366 -0.0433412529528141 0.04388133063912392
v 0.0006039357394911349 0.06844019889831543 0.04241126775741577
v -6.686059350613505e-05 -0.02085401862859726 0.06049459055066109
v -4.136420102440752e-05 -0.020236417651176453 0.06112933158874512
v 0.0004593770136125386 0.02690945751965046 0.050881702452898026
v 0.0003941651666536927 0.0960255116224289 0.027779683470726013
v 0.0006522223120555282 0.03181735426187515 0.04975041374564171
v -3.748607241504942e-06 -0.02161446027457714 0.05993201211094856
v -0.00041742666508071125 0.08738876134157181 -0.1456207036972046
v 0.0001572943147039041 0.13040609657764435 -0.07534562051296234
v 0.00017375178867951035 0.13133648037910461 -0.0621323436498642
v 0.00045017158845439553 0.023588234558701515 0.05304088070988655
v 0.0004556226485874504 0.014718961901962757 0.06026926264166832
v -0.0013131634332239628 -0.054972462356090546 -0.11657658219337463
v 0.0003204180102329701 -0.010682624764740467 0.07495483011007309
v 0.00037832141970284283 -0.007871872745454311 0.07572640478610992
v 0.0002583072637207806 0.11374771595001221 0.005811174865812063
v -0.0012775050709024072 -0.016032708808779716 -0.1370919942855835
v 0.00019300205167382956 0.13061469793319702 -0.044932685792446136
v 0.0002942529390566051 0.10817457735538483 0.014084585011005402
v -0.0013250820338726044 -0.03360999748110771 -0.12525150179862976
v -0.0012966861249879003 -0.023718977347016335 -0.13274593651294708
v 6.804728036513552e-05 -0.015465845353901386 0.07048061490058899
v 0.0004938961355946958 0.034936510026454926 0.04931485280394554
v 4.744629677588819e-06 -0.01701759733259678 0.06727427244186401
v -0.00018574009300209582 0.10922764241695404 -0.12790751457214355
v -8.13295082480181e-06 -0.019176440313458443 0.062353331595659256
v 0.006924136076122522 -0.0076830037869513035 0.05508284270763397
v 0.06746118515729904 -0.03253435343503952 -0.015511516481637955
v 0.066056028008461 -0.03980615735054016 -0.023150624707341194
v 0.06304020434617996 -0.051277726888656616 -0.01584157906472683
v 0.06493789702653885 -0.04320595785975456 -0.007919525727629662
v 0.05873579904437065 -0.06158793345093727 -0.008433645591139793
v 0.06209218129515648 -0.051900241523981094 -0.0022163349203765392
v 0.05313015356659889 -0.06990599632263184 1.195189543068409e-05
v 0.05807596445083618 -0.05982261151075363 0.004367920570075512
v -0.0041599879041314125 -0.014270080253481865 0.06965842097997665
v -0.003185233799740672 -0.015932273119688034 0.06714574247598648
v 0.048932354897260666 -0.07559365779161453 0.009371299296617508
v 0.05384830757975578 -0.06555507332086563 0.012205753475427628
v -0.015041254460811615 0.020618032664060593 0.034307535737752914
v -0.008039990440011024 -0.018279213458299637 0.05692765489220619
v -0.007072159089148045 0.005099818110466003 0.06252124905586243
v -0.013823826797306538 0.021079065278172493 0.03485681116580963
v 0.035313695669174194 -0.08069466799497604 0.02998441457748413
v 0.03342030942440033 -0.08582843840122223 0.026297708973288536
v 0.026392675936222076 -0.08872676640748978 0.03370203077793121
v 0.027144592255353928 -0.08492124080657959 0.038031529635190964
v -0.01064945850521326 -0.01793714240193367 0.05579548329114914
v 0.01924210786819458 -0.09162083268165588 0.04050569608807564
v 0.020033234730362892 -0.08791812509298325 0.04486098885536194
v 0.011376447975635529 -0.09299837797880173 0.04454571753740311
v 0.011594682931900024 -0.089414581656456 0.04925403743982315
v -0.006525837816298008 0.01161549799144268 0.056952640414237976
v -0.008408092893660069 0.020398709923028946 0.043986864387989044
v 0.010856709443032742 -0.08017503470182419 0.054350681602954865
v 0.011256164871156216 -0.08506079018115997 0.0526268444955349
v -0.0065927705727517605 0.008291688747704029 0.05982986092567444
v -0.015907390043139458 -0.014429365284740925 0.0563555583357811
v -0.014290041290223598 -0.017279239371418953 0.054994747042655945
v -0.006700246129184961 -0.008172200061380863 0.07211262732744217
v -0.00762106804177165 -0.005427515134215355 0.07110586762428284
v 0.018421771004796028 -0.07917777448892593 0.050141558051109314
v -0.007431069854646921 -0.011291511356830597 0.07011781632900238
v -0.00471533415839076 -0.013050444424152374 0.07078150659799576
v 0.019514860585331917 -0.08391744643449783 0.04802461341023445
v -0.016499854624271393 0.020189618691802025 0.03459617495536804
v -0.026675378903746605 0.021390311419963837 0.02955600619316101
v -0.0059435260482132435 -0.010161401703953743 0.07204553484916687
v -0.0029237649869173765 -0.012181032449007034 0.0727018490433693
v -0.01979624666273594 0.020806539803743362 0.032949138432741165
v -0.015924636274576187 0.020366374403238297 0.034472811967134476
v -0.011874537914991379 -0.009861499071121216 0.06493452191352844
v -0.007047734688967466 0.019444305449724197 0.04834037646651268
v 0.02511146105825901 -0.0764387920498848 0.043867308646440506
v 0.02650102972984314 -0.08103620260953903 0.04152221232652664
v 0.03264647722244263 -0.07213475555181503 0.03702749311923981
v 0.034194137901067734 -0.07662453502416611 0.03401961922645569
v -0.014608772471547127 -0.011502412147819996 0.0606345608830452
v 0.03890351578593254 -0.06701874732971191 0.03334549441933632
v 0.04197261855006218 -0.06932158023118973 0.029101703315973282
v 0.010503804311156273 -0.09534032642841339 0.03792784363031387
v -0.017360221594572067 0.02029009722173214 0.034511715173721313
v -0.018120035529136658 0.020442936569452286 0.03432634100317955
v -0.0077780806459486485 0.0014933039201423526 0.06549176573753357
v 0.017910972237586975 -0.09413160383701324 0.03422977030277252
v 0.024865658953785896 -0.09167574346065521 0.028359821066260338
v 0.031115060672163963 -0.08971294015645981 0.021718252450227737
v 0.04321352392435074 -0.08006229996681213 0.018465252593159676
v -0.02236107550561428 0.020934734493494034 0.03272072598338127
v -0.002938383026048541 -0.01792798936367035 0.062126100063323975
v -0.010063190944492817 -0.010480409488081932 0.0673786848783493
v -0.00863985437899828 -0.01095488853752613 0.06892436742782593
v -0.0035371228586882353 -0.018720488995313644 0.06016922369599342
v 0.037437617778778076 -0.08731047809123993 0.014180855825543404
v 0.044159580022096634 -0.08203833550214767 0.0061270324513316154
v -0.011711258441209793 0.02100987546145916 0.03706439211964607
v 0.04835645109415054 -0.07642140984535217 -0.004089295864105225
v -0.006611494813114405 0.017269890755414963 0.05201578140258789
v -0.0063611604273319244 0.014586776494979858 0.054914966225624084
v 0.05528770014643669 -0.0677027702331543 -0.014169721864163876
v 0.06097932159900665 -0.0561881959438324 -0.023399896919727325
v -0.0028152449522167444 -0.01696646399796009 0.06459499895572662
v 0.06458386778831482 -0.043946247547864914 -0.030748337507247925
v 0.06775353103876114 -0.03192969784140587 -0.02814917452633381
v 0.017109917476773262 -0.0749119371175766 0.050905562937259674
v 0.010288281366229057 -0.07521330565214157 0.05444880947470665
v 0.023175615817308426 -0.0726560577750206 0.04544771462678909
v -0.007936823181807995 -0.0020660520531237125 0.06891611963510513
v 0.030472395941615105 -0.06799733638763428 0.03936862573027611
v 0.03659268841147423 -0.06332112103700638 0.036150358617305756
v 0.04156361147761345 -0.0500735342502594 0.03672683611512184
v -0.005989535246044397 -0.01830083318054676 0.058584704995155334
v 0.040328942239284515 -0.056844212114810944 0.03592386096715927
v 0.039654459804296494 -0.03722347319126129 0.04055699706077576
v 0.04058113321661949 -0.04349813982844353 0.03863154351711273
v 0.047533027827739716 -0.03001626580953598 0.036506835371255875
v 0.04939644783735275 -0.03917761892080307 0.03246927261352539
v 0.04512379318475723 -0.04236740246415138 0.03575732186436653
v 0.00025616653147153556 -0.012655428610742092 0.07374189049005508
v -0.00526970811188221 -0.01177207101136446 0.07154083997011185
v 0.04384773597121239 -0.034185461699962616 0.038740020245313644
v 0.05060426890850067 -0.023696428164839745 0.03412962704896927
v 0.05314761400222778 -0.03466115519404411 0.029223646968603134
v 0.00964541919529438 -0.09733396768569946 0.032204728573560715
v -0.028666066005825996 0.03449011221528053 0.039335526525974274
v -0.028661563992500305 0.0323769636452198 0.038090839982032776
v 0.016254330053925514 -0.09663655608892441 0.028756681829690933
v 0.022114334627985954 -0.09537966549396515 0.023428674787282944
v 0.02648097649216652 -0.09454510360956192 0.017081638798117638
v 0.031428441405296326 -0.0932321697473526 0.010015163570642471
v 0.03649019077420235 -0.09011084586381912 0.001944423420354724
v 0.04276467487215996 -0.08475257456302643 -0.00768694281578064
v -0.021506963297724724 0.0374574139714241 0.043246038258075714
v -0.004242629744112492 0.038213904947042465 0.04830969125032425
v -0.009439869783818722 0.03817536681890488 0.04689907282590866
v 0.051334671676158905 -0.07561963051557541 -0.019094843417406082
v -0.030021362006664276 0.025394659489393234 0.03753792122006416
v -0.030496696010231972 0.023400282487273216 0.035398416221141815
v -0.02865455113351345 0.02993650920689106 0.0372328981757164
v -0.03015255741775036 0.023341048508882523 0.036673251539468765
v -0.030187571421265602 0.02402488887310028 0.03767736628651619
v 0.0588856115937233 -0.0611509308218956 -0.02966991625726223
v -0.028612062335014343 0.028428297489881516 0.036836642771959305
v 0.06155279278755188 -0.04778740927577019 -0.037292443215847015
v -0.028681211173534393 0.02774587646126747 0.036972776055336
v 0.022701382637023926 -0.10106825828552246 0.005953053943812847
v -0.02662554942071438 0.036538008600473404 0.041135866194963455
v 0.01892947033047676 -0.10085798054933548 0.011515557765960693
v 0.015628110617399216 -0.10127206146717072 0.01636355370283127
v -0.029274417087435722 0.026715099811553955 0.037043262273073196
v -0.030920609831809998 0.023134376853704453 0.033734649419784546
v 0.01252400130033493 -0.10115092992782593 0.020598288625478745
v -0.03146583214402199 0.02235190011560917 0.02995525486767292
v 0.007786196190863848 -0.10252897441387177 0.020360209047794342
v 0.0005594061804004014 0.03829668089747429 0.04920979589223862
v -0.02058863267302513 0.0475725457072258 0.04587450250983238
v -0.051009997725486755 0.04614083468914032 0.025016115978360176
v 0.006973376031965017 -0.10433952510356903 0.01371193490922451
v -0.05420626327395439 0.040819667279720306 0.022345075383782387
v 0.00920006725937128 -0.10644549131393433 0.009669659659266472
v -0.04798668250441551 0.006488753482699394 0.029460269957780838
v -0.050721194595098495 0.007232578471302986 0.026965457946062088
v -0.0177924707531929 0.041411131620407104 0.04644973948597908
v 0.011315115727484226 -0.10923319309949875 0.006890809629112482
v 0.04350254684686661 -0.059846892952919006 0.032443974167108536
v 0.047399841248989105 -0.05980661138892174 0.027788029983639717
v 0.04960900917649269 -0.04934157058596611 0.029210809618234634
v 0.05387210100889206 -0.04603292793035507 0.0247173048555851
v -0.025983354076743126 0.0681835412979126 0.03727226331830025
v -0.030557336285710335 0.11395539343357086 -0.011080782860517502
v -0.02436240389943123 0.060643453150987625 0.04065064340829849
v -0.0385294146835804 0.05212784931063652 0.035330601036548615
v 0.052118584513664246 -0.058228202164173126 0.02208852581679821
v -0.03068465180695057 0.10932572931051254 -0.0019068254623562098
v 0.0454954095184803 -0.05134833976626396 0.03320050612092018
v 0.056973110884428024 -0.05400317162275314 0.015300647355616093
v 0.05796646326780319 -0.04107975587248802 0.019525019451975822
v 0.05665367841720581 -0.02821504883468151 0.025719434022903442
v 0.06084802746772766 -0.03481626510620117 0.01475667953491211
v -0.046031560748815536 0.050373706966638565 0.029346754774451256
v 0.06055482104420662 -0.04800530895590782 0.008675755001604557
v -0.055377621203660965 0.012292353436350822 0.019424086436629295
v -0.006022379267960787 0.054023388773202896 0.04691315442323685
v -0.056624818593263626 0.017748234793543816 0.016581272706389427
v 0.05977444723248482 -0.023546811193227768 0.021411258727312088
v -0.014162668026983738 0.05393226817250252 0.04624000936746597
v -0.02710474468767643 0.1245475634932518 -0.07378661632537842
v 0.06220874935388565 -0.01888309232890606 0.01728036068379879
v 0.06273479759693146 -0.02965037152171135 0.010587823577225208
v 0.06302673369646072 -0.04095987230539322 0.003967205993831158
v 0.04703974351286888 -0.07130064815282822 0.021282849833369255
v -0.012727194465696812 0.03483161702752113 0.043639104813337326
v 0.06505202502012253 -0.03443220257759094 -0.0010669714538380504
v -0.03815285488963127 0.007528186775743961 0.03421643748879433
v -0.04104786738753319 0.00713086174800992 0.03304003179073334
v 0.06404584646224976 -0.014644536189734936 0.012643475085496902
v -0.030979560688138008 0.12426106631755829 -0.06247518211603165
v -0.05447993054986 0.010004967451095581 0.02166125364601612
v -0.029294373467564583 0.08596858382225037 0.02684406191110611
v -0.009001525118947029 0.028705334290862083 0.04208964854478836
v -0.010715638287365437 0.03138526901602745 0.042044855654239655
v -0.030158407986164093 0.09274878352880478 0.02016947604715824
v 0.06446710973978043 -0.02401747740805149 0.005987515207380056
v 0.06619089841842651 -0.008950264193117619 0.006747322157025337
v 0.0669415071606636 -0.017929410561919212 -0.001746059861034155
v -0.03052283637225628 0.09880536049604416 0.013187411241233349
v 0.0675063282251358 -0.026034483686089516 -0.009094268083572388
v 0.068993479013443 -0.02382284216582775 -0.02402743697166443
v -0.03089250810444355 0.11808724701404572 -0.021756434813141823
v -0.021493228152394295 0.01099470630288124 0.037711162120103836
v 0.06224087253212929 -0.031920649111270905 -0.05294055491685867
v 0.02277768775820732 -0.029143625870347023 0.04858304187655449
v 0.01710720919072628 -0.027225559577345848 0.051898811012506485
v -0.05647297948598862 0.034801315516233444 0.019810082390904427
v -0.05727780982851982 0.028606463223695755 0.018159883096814156
v -0.03157375380396843 0.1235840767621994 -0.04857966676354408
v -0.03123294562101364 0.008676351979374886 0.03640691563487053
v -0.057092733681201935 0.023122193291783333 0.016832498833537102
v -0.015360343270003796 0.12653280794620514 -0.08190671354532242
v 0.011970645748078823 -0.02633500099182129 0.055265385657548904
v -0.052906837314367294 0.008287058211863041 0.024331843480467796
v 0.007822588086128235 -0.025939740240573883 0.05778450518846512
v 0.003794883843511343 -0.0258760005235672 0.05900513380765915
v -0.031123777851462364 0.05330082029104233 0.04004371538758278
v -0.034931618720293045 0.007993383333086967 0.035393599420785904
v -0.008639573119580746 0.025638101622462273 0.041523564606904984
v -0.0167645663022995 0.013258338905870914 0.03816080465912819
v -0.01331419125199318 0.016187386587262154 0.038656335324048996
v -0.030631089583039284 0.10426652431488037 0.006035709287971258
v -0.010953420773148537 0.01903345249593258 0.03952518478035927
v -0.009067317470908165 0.022344710305333138 0.04087403789162636
v -0.026361089199781418 0.009501206688582897 0.03732427582144737
v -0.02788841538131237 0.07708831131458282 0.033009495586156845
v -0.03111579455435276 0.12133865803480148 -0.03449273854494095
v -0.044508468359708786 0.006797842215746641 0.031469881534576416
v 0.0001341563038295135 0.12781505286693573 -0.08475997298955917
v 0.0005814727628603578 0.053873442113399506 0.04700737074017525
v -0.009893708862364292 0.020680829882621765 0.04035087674856186
v -0.015267658047378063 0.03785938024520874 0.045329898595809937
v -0.022791976109147072 0.05378710851073265 0.04396482929587364
v 0.0017894166521728039 -0.06172620505094528 0.054640449583530426
v -0.02764775976538658 -0.040902867913246155 0.04496118053793907
v -0.029052680358290672 -0.043496157974004745 0.043090660125017166
v -0.028627077117562294 -0.050209324806928635 0.04039128124713898
v -0.020113682374358177 -0.035267990082502365 0.051233921200037
v -0.024622850120067596 -0.03807905688881874 0.04756292328238487
v -0.017934558913111687 -0.05915752053260803 0.04810125008225441
v -0.029427548870444298 -0.04582037776708603 0.04175325110554695
v -0.01179396640509367 -0.06048816815018654 0.05169380456209183
v -0.02971644140779972 -0.04792426899075508 0.040835097432136536
v -0.005399702582508326 -0.060865066945552826 0.05380506440997124
v 0.00017383733938913792 -0.031462412327528 0.0591266006231308
v -0.009527389891445637 -0.031349558383226395 0.05758294090628624
v -0.004432433284819126 -0.030997971072793007 0.05909750238060951
v -0.014777179807424545 -0.0327841192483902 0.054812975227832794
v -0.026364095509052277 -0.05330409109592438 0.041157495230436325
v -0.02292480319738388 -0.056867364794015884 0.0438879057765007
v 0.004362936597317457 -0.014387075789272785 0.06985209882259369
v 0.003203687956556678 -0.015928279608488083 0.06724707037210464
v 0.01526266522705555 0.02068171091377735 0.03531411290168762
v 0.007915976457297802 -0.01831788942217827 0.05727092921733856
v 0.007311414461582899 0.005101283546537161 0.06278543174266815
v 0.013973869383335114 0.021100221201777458 0.035675909370183945
v 0.010615098290145397 -0.018052419647574425 0.05619404837489128
v 0.006934327073395252 0.011683809570968151 0.057267144322395325
v 0.008531615138053894 0.020409882068634033 0.04436398297548294
v 0.006886789109557867 0.008329169824719429 0.060117289423942566
v 0.01584484428167343 -0.014507703483104706 0.05674042925238609
v 0.01422283984720707 -0.01736046001315117 0.05540405213832855
v 0.0072105443105101585 -0.008195622824132442 0.07247672230005264
v 0.008056323044002056 -0.005449156742542982 0.07141506671905518
v 0.007617683615535498 -0.011311884969472885 0.07036568224430084
v 0.005042354576289654 -0.013207641430199146 0.0710405707359314
v 0.01678202673792839 0.02014891617000103 0.03571930527687073
v 0.027159834280610085 0.021194832399487495 0.030764140188694
v 0.006364510394632816 -0.01020310539752245 0.07234938442707062
v 0.0034236779902130365 -0.012333100661635399 0.07293833047151566
v 0.020198069512844086 0.020616278052330017 0.03412352874875069
v 0.016180315986275673 0.020387381315231323 0.03557262197136879
v 0.011892703361809254 -0.009912606328725815 0.06529808789491653
v 0.0073583899065852165 0.019461601972579956 0.04868370294570923
v 0.014633292332291603 -0.011612048372626305 0.061046186834573746
v 0.017684923484921455 0.020243708044290543 0.03569626063108444
v 0.01844143494963646 0.020398225635290146 0.03558811545372009
v 0.007930902764201164 0.001480112667195499 0.06575607508420944
v 0.022738007828593254 0.02040335163474083 0.033933039754629135
v 0.002782924100756645 -0.01784479431807995 0.06214304268360138
v 0.010066487826406956 -0.010470916517078876 0.06766495853662491
v 0.008694140240550041 -0.010930514894425869 0.06916318088769913
v 0.003342184005305171 -0.01867414452135563 0.06029606983065605
v 0.011809802614152431 0.021031813696026802 0.03769529238343239
v 0.007025233469903469 0.01731998659670353 0.052307114005088806
v 0.006887957453727722 0.014672634191811085 0.0552155002951622
v 0.0027064161840826273 -0.016881059855222702 0.06463658809661865
v 0.008280687965452671 -0.0020624047610908747 0.06921438872814178
v 0.005800057668238878 -0.018301108852028847 0.05884573236107826
v 0.005644423421472311 -0.011883895844221115 0.07181376218795776
v 0.02960950881242752 0.03482793644070625 0.040367092937231064
v 0.029533453285694122 0.03248685970902443 0.03926149755716324
v 0.022439097985625267 0.037632524967193604 0.04402012750506401
v 0.005281968042254448 0.03838299959897995 0.048665083944797516
v 0.01043052226305008 0.038320425897836685 0.04747822508215904
v 0.03050028160214424 0.025441443547606468 0.03876460716128349
v 0.03068624995648861 0.023335054516792297 0.03637700155377388
v 0.029389509931206703 0.029793251305818558 0.038669269531965256
v 0.030526375398039818 0.02331007458269596 0.037955328822135925
v 0.030648959800601006 0.024104254320263863 0.03889072313904762
v 0.02929428033530712 0.028244657441973686 0.038407180458307266
v 0.029300043359398842 0.027722472324967384 0.038508202880620956
v 0.02762784995138645 0.03675072267651558 0.04210682585835457
v 0.029789026826620102 0.026746245101094246 0.03848792985081673
v 0.03115634061396122 0.023197872564196587 0.03464765101671219
v 0.03184351325035095 0.022456534206867218 0.030959147959947586
v 0.02179465815424919 0.047873321920633316 0.04677022621035576
v 0.051651179790496826 0.046804752200841904 0.02548866532742977
v 0.05460594967007637 0.04147767275571823 0.02272428199648857
v 0.04834754019975662 0.006950407288968563 0.03038979135453701
v 0.05108864977955818 0.00775426859036088 0.027786770835518837
v 0.01889871247112751 0.04178175702691078 0.04738472402095795
v 0.026896102353930473 0.06844864040613174 0.03765588626265526
v 0.03088257648050785 0.11413046717643738 -0.011180107481777668
v 0.025350259616971016 0.06084122508764267 0.04106403514742851
v 0.03943726420402527 0.05251256749033928 0.03600745648145676
v 0.031000956892967224 0.10943064093589783 -0.001967142801731825
v 0.0467999093234539 0.050918709486722946 0.029953956604003906
v 0.056003302335739136 0.012882201932370663 0.02035517431795597
v 0.007160772569477558 0.0541185662150383 0.04716677591204643
v 0.05752131715416908 0.01826980523765087 0.01757459156215191
v 0.015239703468978405 0.054227180778980255 0.046712297946214676
v 0.027358030900359154 0.12470575422048569 -0.0739060491323471
v 0.013570474460721016 0.03503630682826042 0.04429994896054268
v 0.03843838721513748 0.007801499683409929 0.035416409373283386
v 0.04138147085905075 0.007435179315507412 0.03416838124394417
v 0.0312814861536026 0.12446870654821396 -0.06261805444955826
v 0.05489325895905495 0.010578155517578125 0.022434912621974945
v 0.03010673262178898 0.08612190186977386 0.02687186747789383
v 0.009639790281653404 0.028957759961485863 0.042475949972867966
v 0.011405551806092262 0.03165378421545029 0.04250696301460266
v 0.030597364529967308 0.09257737547159195 0.020395955070853233
v 0.030890468508005142 0.09873494505882263 0.013284957036376
v 0.031231924891471863 0.11831106245517731 -0.02188936434686184
v 0.02154729515314102 0.010874880477786064 0.038410432636737823
v 0.056816909462213516 0.03539804741740227 0.02021806873381138
v 0.057722385972738266 0.029129277914762497 0.01883678138256073
v 0.031905192881822586 0.1238279640674591 -0.048734501004219055
v 0.031385019421577454 0.008707082830369473 0.03745153173804283
v 0.057911552488803864 0.02360800839960575 0.01768399588763714
v 0.015611018985509872 0.12658753991127014 -0.0819677785038948
v 0.053342677652835846 0.008833767846226692 0.025093769654631615
v 0.031982775777578354 0.05360285937786102 0.04074171930551529
v 0.03510229289531708 0.0081790117546916 0.03657067194581032
v 0.008969869464635849 0.02586459554731846 0.04185963422060013
v 0.01678306981921196 0.01312765572220087 0.03880101442337036
v 0.01339686755090952 0.01607482321560383 0.03929605707526207
v 0.0309554822742939 0.10428304970264435 0.006036214996129274
v 0.011040587909519672 0.018954167142510414 0.040089674293994904
v 0.009246710687875748 0.022441484034061432 0.04125722125172615
v 0.026314932852983475 0.00946847628802061 0.03819277882575989
v 0.028812091797590256 0.0774277001619339 0.033230386674404144
v 0.03145904466509819 0.12158852070569992 -0.03464442864060402
v 0.04482555761933327 0.007142391987144947 0.03246665373444557
v 0.009985760785639286 0.020695915445685387 0.04081346094608307
v 0.016266604885458946 0.03805432468652725 0.04609404131770134
v 0.023866550996899605 0.05402576923370361 0.04450978711247444
v 0.028746692463755608 -0.04070288687944412 0.04477551206946373
v 0.03048224374651909 -0.04321923106908798 0.042939767241477966
v 0.030679699033498764 -0.04983675852417946 0.040265604853630066
v 0.020701132714748383 -0.035309772938489914 0.051274869590997696
v 0.025401759892702103 -0.03802168741822243 0.047464244067668915
v 0.02072068676352501 -0.05862060934305191 0.04772436246275902
v 0.031085921451449394 -0.04549367353320122 0.04164542630314827
v 0.014996032230556011 -0.06007758155465126 0.051544252783060074
v 0.031574446707963943 -0.04756423830986023 0.0407746285200119
v 0.00872803945094347 -0.06072748824954033 0.05392974987626076
v 0.009893044829368591 -0.031368762254714966 0.057854071259498596
v 0.004744770471006632 -0.03099815919995308 0.0593758225440979
v 0.015165185555815697 -0.0328361876308918 0.0549965426325798
v 0.02873726561665535 -0.05286175757646561 0.04072495549917221
v 0.025601686909794807 -0.05634675920009613 0.04332670941948891
v 0.03184013068675995 0.02196757309138775 0.026056217029690742
v -0.03130507841706276 0.02169906347990036 0.024765335023403168
v 0.02999613620340824 0.021317755803465843 0.03810793533921242
v 0.028431322425603867 0.021317970007658005 0.03762508183717728
v 0.02699187770485878 0.02131708338856697 0.03683800995349884
v 0.025782333686947823 0.021316831931471825 0.03582584112882614
v 0.03002713806927204 0.021635649725794792 0.03811075538396835
v 0.028491178527474403 0.02194260247051716 0.037627026438713074
v 0.02707945741713047 0.022222867235541344 0.03683960437774658
v 0.025894345715641975 0.02245904505252838 0.03583309426903725
v 0.030118409544229507 0.021942824125289917 0.038111165165901184
v 0.028670920059084892 0.022542688995599747 0.03763226047158241
v 0.027339812368154526 0.02309463359415531 0.03684870898723602
v 0.02622378058731556 0.023556800559163094 0.035837672650814056
v 0.030267678201198578 0.022224919870495796 0.038111697882413864
v 0.028965841978788376 0.023096270859241486 0.03762899711728096
v 0.027766751125454903 0.023898066952824593 0.036849308758974075
v 0.02676161751151085 0.024569377303123474 0.035842400044202805
v 0.030470915138721466 0.022471431642770767 0.03811333328485489
v 0.02936285175383091 0.023580417037010193 0.03763290122151375
v 0.02834232710301876 0.024601787328720093 0.036849502474069595
v 0.027486730366945267 0.025457771494984627 0.03584027290344238
v 0.030717050656676292 0.022675085812807083 0.03811180219054222
v 0.029846293851733208 0.02397807128727436 0.03762876242399216
v 0.029044853523373604 0.0251785758882761 0.036848656833171844
v 0.028373492881655693 0.026186605915427208 0.03584495186805725
v 0.030998440459370613 0.022825445979833603 0.038110747933387756
v 0.03039867989718914 0.024273745715618134 0.03762946277856827
v 0.029845919460058212 0.025607379153370857 0.036847662180662155
v 0.029383743181824684 0.026726320385932922 0.03584202006459236
v 0.031305067241191864 0.022918326780200005 0.03810890018939972
v 0.030997231602668762 0.02445518784224987 0.03762400150299072
v 0.0307146105915308 0.0258707944303751 0.036841556429862976
v 0.03047802671790123 0.02705802209675312 0.03583674877882004
v 0.031623098999261856 0.022948896512389183 0.03811003267765045
v 0.03162132203578949 0.024516325443983078 0.03762757033109665
v 0.03161931782960892 0.025959793478250504 0.03684351220726967
v 0.03161731734871864 0.027170294895768166 0.03583366796374321
v 0.03194081038236618 0.022917859256267548 0.03810891881585121
v 0.032244808971881866 0.02445448935031891 0.03762352466583252
v 0.03252376616001129 0.025869909673929214 0.03684133663773537
v 0.0327579602599144 0.027055485174059868 0.035834550857543945
v 0.03224765881896019 0.02282450534403324 0.03811062499880791
v 0.03284445405006409 0.024272458627820015 0.03762829676270485
v 0.03339406102895737 0.02560524083673954 0.03684411197900772
v 0.033854108303785324 0.02672218531370163 0.03583432361483574
v 0.03252961486577988 0.02267412655055523 0.03810987249016762
v 0.03339756280183792 0.023976286873221397 0.037625327706336975
v 0.034196365624666214 0.02517595887184143 0.03684414178133011
v 0.03486507385969162 0.026181770488619804 0.03583608940243721
v 0.032776616513729095 0.022470377385616302 0.038111861795186996
v 0.033882446587085724 0.023578669875860214 0.03763014078140259
v 0.03490034490823746 0.024599391967058182 0.03684616461396217
v 0.03575212135910988 0.02545548416674137 0.035834599286317825
v 0.03298097476363182 0.022223755717277527 0.0381123423576355
v 0.03428144380450249 0.023094259202480316 0.03762975335121155
v 0.03547834977507591 0.0238967128098011 0.03684953227639198
v 0.03648071363568306 0.024568459019064903 0.035841021686792374
v 0.033131685107946396 0.021941715851426125 0.03811394050717354
v 0.034578219056129456 0.02254100888967514 0.03763427585363388
v 0.035909298807382584 0.02309412695467472 0.03685333952307701
v 0.037024203687906265 0.023556677624583244 0.03584442660212517
v 0.03322606161236763 0.021634602919220924 0.03811492398381233
v 0.034762632101774216 0.021941110491752625 0.03763456270098686
v 0.03617630898952484 0.02222268097102642 0.03685447573661804
v 0.037360504269599915 0.02245926298201084 0.035848744213581085
v 0.0332571342587471 0.02131626009941101 0.03811641409993172
v 0.034824345260858536 0.021316198632121086 0.0376380980014801
v 0.036266908049583435 0.02131565473973751 0.03685677796602249
v 0.03747504577040672 0.021316632628440857 0.03584565222263336
v 0.03322688490152359 0.02099791169166565 0.0381174311041832
v 0.034763120114803314 0.0206904374063015 0.03763634338974953
v 0.036176372319459915 0.020409077405929565 0.03685356304049492
v 0.037362150847911835 0.020173300057649612 0.03584843501448631
v 0.03313203155994415 0.020690085366368294 0.038116972893476486
v 0.03457815572619438 0.020089197903871536 0.03763721138238907
v 0.03590913489460945 0.01953713782131672 0.03685208782553673
v 0.037024952471256256 0.01907620206475258 0.03584092855453491
v 0.03298113867640495 0.020407024770975113 0.038116756826639175
v 0.034280866384506226 0.019534070044755936 0.0376339890062809
v 0.035477470606565475 0.01873263716697693 0.036848437041044235
v 0.036480292677879333 0.01806323602795601 0.03583512455224991
v 0.0327763557434082 0.0201595239341259 0.03811708092689514
v 0.033881776034832 0.019048122689127922 0.03763650730252266
v 0.03489828482270241 0.018027357757091522 0.03684576600790024
v 0.03575033321976662 0.01717297174036503 0.03582694008946419
v 0.03252969682216644 0.019954627379775047 0.03811834752559662
v 0.03339662030339241 0.018649054691195488 0.03763372078537941
v 0.034193914383649826 0.017448974773287773 0.03684460371732712
v 0.03486201912164688 0.016442380845546722 0.03583047538995743
v 0.032247159630060196 0.019804250448942184 0.03811780363321304
v 0.03284323215484619 0.01835273951292038 0.037636566907167435
v 0.0333917960524559 0.017018791288137436 0.036846406757831573
v 0.03385086730122566 0.015900416299700737 0.035831622779369354
v 0.03194037079811096 0.01971036195755005 0.03811775520443916
v 0.03224357217550278 0.018170537427067757 0.03763146698474884
v 0.03252143785357475 0.01675458997488022 0.03684312477707863
v 0.03275538980960846 0.015568283386528492 0.035832926630973816
v 0.03162245824933052 0.01968011073768139 0.038116808980703354
v 0.03161967173218727 0.01810966618359089 0.03763405978679657
v 0.03161698952317238 0.016665136441588402 0.03684380277991295
v 0.031615570187568665 0.015455192886292934 0.03582768887281418
v 0.031304981559515 0.019711408764123917 0.038115713745355606
v 0.03099633753299713 0.018172653391957283 0.03762798756361008
v 0.030712807551026344 0.016755973920226097 0.03683854267001152
v 0.03047638200223446 0.015570709481835365 0.03582874685525894
v 0.030998611822724342 0.019805941730737686 0.038114290684461594
v 0.030398212373256683 0.018356099724769592 0.03763066977262497
v 0.02984483726322651 0.017022106796503067 0.03684178739786148
v 0.02938181161880493 0.015903618186712265 0.03582773730158806
v 0.030717797577381134 0.019957160577178 0.03811171278357506
v 0.02984730899333954 0.018654322251677513 0.037622563540935516
v 0.029045144096016884 0.01745316945016384 0.03683790564537048
v 0.02837342768907547 0.016447940841317177 0.03582845628261566
v 0.030472155660390854 0.020161708816885948 0.03811170533299446
v 0.029364680871367455 0.019053498283028603 0.03762619197368622
v 0.02834535576403141 0.018032900989055634 0.03683450445532799
v 0.02748817391693592 0.01717706210911274 0.03582145646214485
v 0.030270157381892204 0.020409589633345604 0.03810791298747063
v 0.028970718383789062 0.019539887085556984 0.03761688619852066
v 0.02777269296348095 0.018738502636551857 0.03683001548051834
v 0.02676558680832386 0.018067071214318275 0.03582369163632393
v 0.03162484988570213 0.021316854283213615 0.038273971527814865
v 0.03012027032673359 0.020692016929388046 0.038108594715595245
v 0.028674663975834846 0.020092956721782684 0.03762378543615341
v 0.027345724403858185 0.01954183168709278 0.03683220222592354
v 0.02622908726334572 0.019079821184277534 0.035821136087179184
v 0.030028274282813072 0.02099926955997944 0.03810913488268852
v 0.02849356271326542 0.02069311961531639 0.03762234002351761
v 0.027084462344646454 0.020412655547261238 0.03682893142104149
v 0.025897910818457603 0.02017643116414547 0.03582259267568588
v 0.02459775283932686 0.021316906437277794 0.03496430814266205
v 0.022766578942537308 0.021318120881915092 0.03350864723324776
v 0.021201981231570244 0.02131921984255314 0.03160621598362923
v 0.0200453232973814 0.02131691947579384 0.029430020600557327
v 0.019332552328705788 0.021313762292265892 0.027069732546806335
v 0.019087940454483032 0.021308911964297295 0.024606533348560333
v 0.01933247037231922 0.021302467212080956 0.022164544090628624
v 0.02002997323870659 0.021296845749020576 0.019799180328845978
v 0.021186091005802155 0.021293247118592262 0.017627166584134102
v 0.022742727771401405 0.021289940923452377 0.01572316139936447
v 0.024638870730996132 0.02128702402114868 0.014159033074975014
v 0.026803500950336456 0.021284589543938637 0.012995772063732147
v 0.029151679947972298 0.021282777190208435 0.012279377318918705
v 0.024732453748583794 0.022689655423164368 0.034971047192811966
v 0.0229388065636158 0.023046432062983513 0.03350898623466492
v 0.021403154358267784 0.023350968956947327 0.031603503972291946
v 0.020268410444259644 0.02357269451022148 0.029425937682390213
v 0.019568465650081635 0.02370826154947281 0.027062421664595604
v 0.019333722069859505 0.023750854656100273 0.024608155712485313
v 0.019568640738725662 0.023697899654507637 0.022155417129397392
v 0.020266802981495857 0.02355111576616764 0.019799573346972466
v 0.021385762840509415 0.023329053074121475 0.017625071108341217
v 0.022912314161658287 0.023020965978503227 0.015721037983894348
v 0.024772565811872482 0.02264770120382309 0.014157396741211414
v 0.026894425973296165 0.022221852093935013 0.012995213270187378
v 0.029198653995990753 0.02176043763756752 0.012279164046049118
v 0.025130756199359894 0.02400982566177845 0.03497614711523056
v 0.023441089317202568 0.02470984496176243 0.03351004421710968
v 0.02199714258313179 0.02530529908835888 0.031596675515174866
v 0.02092631720006466 0.02574530802667141 0.029415499418973923
v 0.020266912877559662 0.0260152630507946 0.027053434401750565
v 0.02004443109035492 0.026102624833583832 0.024602973833680153
v 0.020264683291316032 0.026005936786532402 0.022151080891489983
v 0.020922165364027023 0.025726990774273872 0.019794737920165062
v 0.02197800576686859 0.02528671734035015 0.017623374238610268
v 0.023415470495820045 0.024686679244041443 0.015719538554549217
v 0.02516760118305683 0.02395510859787464 0.014155691489577293
v 0.027167314663529396 0.02312285639345646 0.012993484735488892
v 0.029337581247091293 0.02221997268497944 0.012278245761990547
v 0.025778407230973244 0.025226851925253868 0.03497595340013504
v 0.02425791323184967 0.02624216489493847 0.03350444510579109
v 0.022957654669880867 0.027104666456580162 0.03158752992749214
v 0.021993177011609077 0.027746474370360374 0.029411297291517258
v 0.02139924466609955 0.028139695525169373 0.027049867436289787
v 0.021197965368628502 0.028270279988646507 0.024598464369773865
v 0.021396759897470474 0.0281317550688982 0.022146034985780716
v 0.021987495943903923 0.02773093245923519 0.019789597019553185
v 0.022939754649996758 0.02709070034325123 0.017621124163269997
v 0.02423311211168766 0.026220843195915222 0.015718208625912666
v 0.02581023797392845 0.025161167606711388 0.01415474247187376
v 0.027609750628471375 0.023952607065439224 0.01299299392849207
v 0.02956284210085869 0.022643374279141426 0.012278160080313683
v 0.02665218897163868 0.02629510685801506 0.03497811406850815
v 0.025353502482175827 0.02758881449699402 0.0335022509098053
v 0.02424861490726471 0.028679074719548225 0.03157338127493858
v 0.023429101333022118 0.029499702155590057 0.029401764273643494
v 0.02292419783771038 0.030002666637301445 0.027044465765357018
v 0.022752247750759125 0.030170103535056114 0.024592680856585503
v 0.022920317947864532 0.02999599277973175 0.022141436114907265
v 0.023420481011271477 0.029487578198313713 0.01978464424610138
v 0.024233803153038025 0.028671205043792725 0.01761821284890175
v 0.02533397637307644 0.02756478823721409 0.015715524554252625
v 0.026674997061491013 0.026217591017484665 0.014153345488011837
v 0.028205236420035362 0.02468090131878853 0.01299180556088686
v 0.029867026954889297 0.023013534024357796 0.012277256697416306
v 0.027719739824533463 0.027173951268196106 0.034982576966285706
v 0.026695430278778076 0.028685128316283226 0.03349282220005989
v 0.025818470865488052 0.02997324801981449 0.03156163915991783
v 0.025176502764225006 0.030939791351556778 0.02939458005130291
v 0.024780485779047012 0.03153255209326744 0.027039209380745888
v 0.024644270539283752 0.031730808317661285 0.024587467312812805
v 0.02477644383907318 0.031526874750852585 0.022136548534035683
v 0.025169597938656807 0.030929572880268097 0.0197812020778656
v 0.025810055434703827 0.029961945489048958 0.01760898530483246
v 0.026675263419747353 0.02866782248020172 0.01571311429142952
v 0.027728909626603127 0.027084188535809517 0.014151237905025482
v 0.028931966051459312 0.02527766488492489 0.012990688905119896
v 0.030236463993787766 0.023318441584706306 0.012276995927095413
v 0.028936075046658516 0.027819247916340828 0.03498292714357376
v 0.028220148757100105 0.0295113492757082 0.0334923230111599
v 0.027614692226052284 0.03093675523996353 0.03155571222305298
v 0.027172893285751343 0.03201189637184143 0.02938874438405037
v 0.026898304000496864 0.03267080336809158 0.027032794430851936
v 0.02680492401123047 0.03289105370640755 0.024581976234912872
v 0.02689444273710251 0.032665424048900604 0.02213353104889393
v 0.027165953069925308 0.03200220689177513 0.019778462126851082
v 0.027606671676039696 0.03092791512608528 0.017608024179935455
v 0.028205787762999535 0.029487179592251778 0.01571107655763626
v 0.028932133689522743 0.027727928012609482 0.014149332419037819
v 0.029759719967842102 0.02572087198495865 0.012988938018679619
v 0.03065880388021469 0.023544052615761757 0.01227592583745718
v 0.0302471574395895 0.02821842022240162 0.03497011587023735
v 0.029886802658438683 0.030016304925084114 0.03349734842777252
v 0.029568899422883987 0.03153732791543007 0.031562697142362595
v 0.029342258349061012 0.032675325870513916 0.02939138002693653
v 0.029199376702308655 0.0333736278116703 0.02703062817454338
v 0.029149001464247704 0.033606648445129395 0.02457752637565136
v 0.0291945431381464 0.03336763754487038 0.022129151970148087
v 0.029332797974348068 0.03266403451561928 0.019775735214352608
v 0.029557455331087112 0.031523555517196655 0.017606401816010475
v 0.02986767143011093 0.029991107061505318 0.015709007158875465
v 0.030236760154366493 0.028123728930950165 0.01414825115352869
v 0.030658960342407227 0.02599446102976799 0.012988686561584473
v 0.031117426231503487 0.02368335612118244 0.01227579265832901
v 0.03161638230085373 0.028352709487080574 0.03496392443776131
v 0.03161272779107094 0.03018461912870407 0.03349531814455986
v 0.031606607139110565 0.03174490109086037 0.03157675266265869
v 0.031599316745996475 0.032901618629693985 0.029398009181022644
v 0.03159398213028908 0.03361286222934723 0.027035877108573914
v 0.03158661350607872 0.03385157510638237 0.02456962876021862
v 0.03158755972981453 0.03360552713274956 0.022127443924546242
v 0.03158695995807648 0.03288909047842026 0.019774943590164185
v 0.031586695462465286 0.03172679990530014 0.01760638877749443
v 0.031587179750204086 0.030163640156388283 0.01570688746869564
v 0.03159450367093086 0.02825753577053547 0.014147249981760979
v 0.03159419447183609 0.026086434721946716 0.012987881898880005
v 0.03159410506486893 0.0237303264439106 0.012275686487555504
v 0.03298601508140564 0.028213461861014366 0.034964669495821
v 0.03334113582968712 0.03000837191939354 0.03349794074892998
v 0.033640701323747635 0.0315387099981308 0.03158784285187721
v 0.033854976296424866 0.03268231451511383 0.02940446510910988
v 0.03398819640278816 0.033379700034856796 0.02703760750591755
v 0.03403158485889435 0.0336117297410965 0.024582527577877045
v 0.033981844782829285 0.03337274119257927 0.022129656746983528
v 0.033842116594314575 0.032669126987457275 0.019775714725255966
v 0.03361726552248001 0.03152863308787346 0.01760726049542427
v 0.03331313282251358 0.029995456337928772 0.015706844627857208
v 0.03295228257775307 0.028122607618570328 0.014146576635539532
v 0.03252958878874779 0.02599387988448143 0.012988083064556122
v 0.03207091614603996 0.02368297055363655 0.012275735847651958
v 0.03430488705635071 0.027810443192720413 0.03496667742729187
v 0.035001594573259354 0.029501721262931824 0.0335012823343277
v 0.035595450550317764 0.03093852661550045 0.03158676251769066
v 0.036023881286382675 0.0320221483707428 0.02940734662115574
v 0.0362924262881279 0.03268085792660713 0.027041295543313026
v 0.03638212010264397 0.0329008586704731 0.024587972089648247
v 0.03628697246313095 0.03267502412199974 0.02213449217379093
v 0.03601258993148804 0.03201158344745636 0.019778680056333542
v 0.03557010367512703 0.030936937779188156 0.017609044909477234
v 0.03497452661395073 0.029493030160665512 0.01570824533700943
v 0.034248411655426025 0.027734437957406044 0.014148775488138199
v 0.03342869505286217 0.025719407945871353 0.012987238354980946
v 0.032529495656490326 0.02354327030479908 0.01227523572742939
v 0.035517118871212006 0.027167607098817825 0.03496601805090904
v 0.03653043881058693 0.02868783473968506 0.03349767252802849
v 0.03739224746823311 0.02998248115181923 0.03158695995807648
v 0.038025565445423126 0.030949853360652924 0.02941025048494339
v 0.038415633141994476 0.031544528901576996 0.02704555168747902
v 0.03854711353778839 0.03174358233809471 0.02459154836833477
v 0.03840985149145126 0.03153999149799347 0.022137295454740524
v 0.03801329806447029 0.03094273991882801 0.01978100650012493
v 0.03737011179327965 0.02997538633644581 0.017610648646950722
v 0.03650551289319992 0.028675414621829987 0.015710314735770226
v 0.03545195981860161 0.02709214948117733 0.014150547794997692
v 0.034257177263498306 0.02527567185461521 0.012988091446459293
v 0.032952386885881424 0.02331741526722908 0.01227602083235979
v 0.03658263012766838 0.02629198506474495 0.034968093037605286
v 0.037868715822696686 0.027587013319134712 0.033497702330350876
v 0.03896530345082283 0.028688903898000717 0.03158555179834366
v 0.03977670148015022 0.02951020933687687 0.029409445822238922
v 0.04027765989303589 0.030016155913472176 0.02704855613410473
v 0.04044492915272713 0.030185967683792114 0.024593520909547806
v 0.04027227684855461 0.03001193329691887 0.022140031680464745
v 0.03976691886782646 0.029503660276532173 0.01978343352675438
v 0.03894820436835289 0.028680531308054924 0.017612850293517113
v 0.037847165018320084 0.02757374756038189 0.015712134540081024
v 0.03650631755590439 0.026226971298456192 0.014152600429952145
v 0.034977108240127563 0.0246908999979496 0.012994951568543911
v 0.03332190960645676 0.023012308403849602 0.012275614775717258
v 0.037457339465618134 0.025226401165127754 0.03497098386287689
v 0.03897160291671753 0.026246555149555206 0.03350212052464485
v 0.040260691195726395 0.027112532407045364 0.03159014508128166
v 0.0412176288664341 0.027757838368415833 0.029412411153316498
v 0.04180736094713211 0.028155582025647163 0.027051225304603577
v 0.04200400412082672 0.028288405388593674 0.024595478549599648
v 0.04180101677775383 0.02814999409019947 0.02214205637574196
v 0.04120657593011856 0.027749892324209213 0.01978563889861107
v 0.04024333134293556 0.027101866900920868 0.017614616081118584
v 0.03894899785518646 0.02623153105378151 0.015714474022388458
v 0.0373716838657856 0.025172138586640358 0.014154333621263504
v 0.03557297959923744 0.023963486775755882 0.012996240518987179
v 0.03362651169300079 0.022641735151410103 0.012276255525648594
v 0.03810899332165718 0.024010473862290382 0.03497651219367981
v 0.03978932276368141 0.024714624509215355 0.03350995108485222
v 0.04122575372457504 0.02531585842370987 0.03159620985388756
v 0.04228963702917099 0.025760024785995483 0.029414767399430275
v 0.04294409602880478 0.026033785194158554 0.027051448822021484
v 0.04316370189189911 0.02612316980957985 0.02459677681326866
v 0.04293869808316231 0.02602756954729557 0.022145794704556465
v 0.042277704924345016 0.025748664513230324 0.019788995385169983
v 0.04120687022805214 0.025300592184066772 0.017617860808968544
v 0.03976788744330406 0.024699700996279716 0.015716416761279106
v 0.038014985620975494 0.02396787516772747 0.01415563840419054
v 0.0360153391957283 0.02313479781150818 0.012996578589081764
v 0.033851977437734604 0.022218242287635803 0.012276094406843185
v 0.03851328417658806 0.02269064076244831 0.034978482872247696
v 0.04029944911599159 0.02304925210773945 0.03351199999451637
v 0.041819725185632706 0.023361176252365112 0.031601276248693466
v 0.04295092448592186 0.02358976937830448 0.029421072453260422
v 0.04364558681845665 0.023729287087917328 0.027053410187363625
v 0.043877143412828445 0.023774102330207825 0.024597397074103355
v 0.043638646602630615 0.023722223937511444 0.022146813571453094
v 0.042937252670526505 0.023577187210321426 0.019791774451732635
v 0.0418003611266613 0.02334637939929962 0.017621668055653572
v 0.04027188569307327 0.023036763072013855 0.015719644725322723
v 0.03841113671660423 0.022662553936243057 0.014158648438751698
v 0.03628961369395256 0.022234905511140823 0.012998821213841438
v 0.03399135544896126 0.021758489310741425 0.012276911176741123
v 0.03865231201052666 0.02131672389805317 0.03497614338994026
v 0.0404757596552372 0.02132115699350834 0.0335143506526947
v 0.04203207418322563 0.021324077621102333 0.03160589933395386
v 0.043182261288166046 0.02133174240589142 0.029426317662000656
v 0.04388681799173355 0.021334396675229073 0.02706119418144226
v 0.04411881044507027 0.021331243216991425 0.024594523012638092
v 0.04387565329670906 0.021324260160326958 0.022150641307234764
v 0.04316140338778496 0.021318519487977028 0.0197967030107975
v 0.042001836001873016 0.021313756704330444 0.017626140266656876
v 0.040442902594804764 0.02130885235965252 0.01572430320084095
v 0.03854621574282646 0.021304333582520485 0.014163117855787277
v 0.036382805556058884 0.02130078338086605 0.01300342008471489
v 0.034038882702589035 0.02128068543970585 0.012278052046895027
v 0.03851848095655441 0.019944224506616592 0.0349787101149559
v 0.040313828736543655 0.019588224589824677 0.03351936861872673
v 0.04184161499142647 0.019290301948785782 0.0316125825047493
v 0.042973387986421585 0.019071709364652634 0.029431376606225967
v 0.04364277049899101 0.01892797462642193 0.0270445067435503
v 0.043882619589567184 0.01888316124677658 0.0246081855148077
v 0.043643753975629807 0.018925782293081284 0.022158533334732056
v 0.042941588908433914 0.019059760496020317 0.01980278082191944
v 0.041803862899541855 0.0192805677652359 0.017632003873586655
v 0.04027371108531952 0.01958131417632103 0.015728864818811417
v 0.038412388414144516 0.01994604431092739 0.014166072010993958
v 0.03629806637763977 0.020343605428934097 0.012993104755878448
v 0.03399192914366722 0.020802978426218033 0.012278374284505844
v 0.03811196610331535 0.01862395368516445 0.03497146815061569
v 0.03980007395148277 0.01792660728096962 0.03351076692342758
v 0.041228100657463074 0.01733243651688099 0.03159283101558685
v 0.04229320213198662 0.01689055934548378 0.029411593452095985
v 0.04295218363404274 0.01661965250968933 0.02706066332757473
v 0.043172381818294525 0.01652507111430168 0.02461165003478527
v 0.042948152869939804 0.016614699736237526 0.02216232381761074
v 0.042286407202482224 0.0168860275298357 0.019809655845165253
v 0.04121376946568489 0.017325740307569504 0.017638927325606346
v 0.039771802723407745 0.017918912693858147 0.01573449745774269
v 0.03801776096224785 0.018641145899891853 0.014169825240969658
v 0.03602487966418266 0.019442355260252953 0.012993833050131798
v 0.033852651715278625 0.020343462005257607 0.012278645299375057
v 0.037459567189216614 0.01740623265504837 0.03496270626783371
v 0.03897605836391449 0.016392292454838753 0.03350035473704338
v 0.04026710242033005 0.015527240931987762 0.03159813955426216
v 0.041229311376810074 0.014888088218867779 0.029428064823150635
v 0.04181923717260361 0.014491508714854717 0.02706855721771717
v 0.04201574996113777 0.014354893006384373 0.024617169052362442
v 0.04181240499019623 0.014486725442111492 0.022166669368743896
v 0.041216298937797546 0.014880183152854443 0.019811687991023064
v 0.04025079309940338 0.015521377325057983 0.017639677971601486
v 0.03895390033721924 0.0163860060274601 0.015737103298306465
v 0.037376001477241516 0.017436834052205086 0.014174222014844418
v 0.03558289259672165 0.0186128132045269 0.012996052391827106
v 0.033627938479185104 0.01991995796561241 0.01228001806885004
v 0.03658255934715271 0.016334576532244682 0.03495878726243973
v 0.03786975145339966 0.015037847682833672 0.03349559009075165
v 0.0389762781560421 0.013953862711787224 0.03160679712891579
v 0.03979397937655449 0.013135126791894436 0.02943950518965721
v 0.04029378667473793 0.012627758085727692 0.027078723534941673
v 0.04046027734875679 0.012454579584300518 0.02462545596063137
v 0.04028542712330818 0.012621892616152763 0.022172121331095695
v 0.039777807891368866 0.013123651035130024 0.019814925268292427
v 0.03895682841539383 0.013940592296421528 0.017642950639128685
v 0.037852637469768524 0.015042572282254696 0.01573912799358368
v 0.0365200974047184 0.016351064667105675 0.014160524122416973
v 0.03498747572302818 0.017884256318211555 0.012997291050851345
v 0.03332335129380226 0.019549928605556488 0.012280182912945747
v 0.03551620990037918 0.015456371940672398 0.03495733067393303
v 0.036532435566186905 0.013949107378721237 0.033508192747831345
v 0.037404295057058334 0.012672064825892448 0.03162688389420509
v 0.038044627755880356 0.011701960116624832 0.029451563954353333
v 0.03843338042497635 0.011101121082901955 0.027084603905677795
v 0.038563698530197144 0.010895363986492157 0.024630872532725334
v 0.03842432424426079 0.011092237196862698 0.02217613160610199
v 0.038025226444005966 0.01168271154165268 0.019818568602204323
v 0.037378910928964615 0.01264407392591238 0.017645280808210373
v 0.03651072829961777 0.01393924094736576 0.015741579234600067
v 0.03546614199876785 0.015484226867556572 0.014162282459437847
v 0.03426060080528259 0.017287464812397957 0.012998407706618309
v 0.03295406699180603 0.01924498751759529 0.012281117029488087
v 0.03159432113170624 0.021281633526086807 0.012034065090119839
v 0.03430244326591492 0.014808799140155315 0.03496436029672623
v 0.03500624746084213 0.01314457505941391 0.03352442383766174
v 0.03560733050107956 0.011715049855411053 0.03163713216781616
v 0.03604356199502945 0.010633783414959908 0.029453270137310028
v 0.03631092607975006 0.009965747594833374 0.027086785063147545
v 0.03639933094382286 0.009737128391861916 0.024633554741740227
v 0.036302246153354645 0.00995570607483387 0.022179067134857178
v 0.03602514788508415 0.010612238198518753 0.019821468740701675
v 0.03557899594306946 0.011680493131279945 0.01764857769012451
v 0.03499113768339157 0.013085340149700642 0.0157285425812006
v 0.034262560307979584 0.014840461313724518 0.014162668958306313
v 0.033432163298130035 0.016844341531395912 0.012998274527490139
v 0.03253122791647911 0.019019419327378273 0.01228081900626421
v 0.032985787838697433 0.014413012191653252 0.03496631979942322
v 0.0333474837243557 0.012646333314478397 0.033533621579408646
v 0.03365454450249672 0.011120563372969627 0.03164149075746536
v 0.03387301787734032 0.009974143467843533 0.029456179589033127
v 0.03400583565235138 0.009266247972846031 0.02708842232823372
v 0.034048497676849365 0.00902464147657156 0.02463269978761673
v 0.03399686887860298 0.00925604347139597 0.022178199142217636
v 0.033854372799396515 0.009952749125659466 0.01982218772172928
v 0.03362550213932991 0.011086754500865936 0.017650306224822998
v 0.033328887075185776 0.01258118636906147 0.015729080885648727
v 0.03295767307281494 0.014444733038544655 0.014163756743073463
v 0.03253329172730446 0.016570718958973885 0.012999745085835457
v 0.03207278624176979 0.018880099058151245 0.012281595729291439
v 0.031617116183042526 0.01428020466119051 0.0349726602435112
v 0.03162096068263054 0.012475733645260334 0.03353511542081833
v 0.031622521579265594 0.010916976258158684 0.03163980692625046
v 0.03161606937646866 0.009749671444296837 0.02945609577000141
v 0.0316103957593441 0.009030109271407127 0.027090545743703842
v 0.031601518392562866 0.00878383219242096 0.02462257258594036
v 0.03160087391734123 0.00902043841779232 0.02217838540673256
v 0.03159843012690544 0.009730374440550804 0.01982346922159195
v 0.031595803797245026 0.010887824930250645 0.017651166766881943
v 0.03160160407423973 0.012411307543516159 0.01573009043931961
v 0.03159990906715393 0.014310738071799278 0.014164499007165432
v 0.031597718596458435 0.016479846090078354 0.012999448925256729
v 0.03159593790769577 0.018833180889487267 0.012281341478228569
v 0.030246861279010773 0.014415662735700607 0.03496748208999634
v 0.029894327744841576 0.012639407999813557 0.03353553265333176
v 0.02958814986050129 0.011110534891486168 0.031629182398319244
v 0.029358191415667534 0.009968936443328857 0.02945186197757721
v 0.029213398694992065 0.009264238178730011 0.02708621136844158
v 0.029161715880036354 0.009024091064929962 0.024630796164274216
v 0.029205748811364174 0.009255986660718918 0.022180432453751564
v 0.029342390596866608 0.00995278637856245 0.019824901595711708
v 0.02957162819802761 0.011054199188947678 0.017636634409427643
v 0.029874492436647415 0.01258256658911705 0.01573069393634796
v 0.03024202026426792 0.014445801265537739 0.014164981432259083
v 0.030662696808576584 0.0165715254843235 0.013000539503991604
v 0.031119434162974358 0.01888052001595497 0.012281954288482666
v 0.028929585590958595 0.014813796617090702 0.03496487811207771
v 0.028232524171471596 0.013140452094376087 0.033529508858919144
v 0.027633799239993095 0.011698995716869831 0.03162212669849396
v 0.027187084779143333 0.010624881833791733 0.029447216540575027
v 0.02690952643752098 0.009961441159248352 0.027086006477475166
v 0.026814645156264305 0.009735198691487312 0.024633288383483887
v 0.026902692392468452 0.00995456613600254 0.02218310534954071
v 0.027172423899173737 0.01061244122684002 0.019826604053378105
v 0.02761825919151306 0.011649131774902344 0.01763751730322838
v 0.028212398290634155 0.013088071718811989 0.015731418505311012
v 0.028937116265296936 0.01484273187816143 0.014165096916258335
v 0.029763134196400642 0.016845878213644028 0.012999944388866425
v 0.030660606920719147 0.019020233303308487 0.012281584553420544
v 0.027715569362044334 0.01546434685587883 0.034957945346832275
v 0.026700491085648537 0.013951456174254417 0.03351675346493721
v 0.025833100080490112 0.012658156454563141 0.03161633387207985
v 0.025186551734805107 0.011692773550748825 0.029444705694913864
v 0.024787651374936104 0.011096238158643246 0.027086373418569565
v 0.024649785831570625 0.010892147198319435 0.024633506312966347
v 0.024780593812465668 0.01108915451914072 0.022181790322065353
v 0.025173021480441093 0.011678549461066723 0.01982676424086094
v 0.02581803686916828 0.012614073231816292 0.01763727515935898
v 0.026681216433644295 0.013908572494983673 0.01573166809976101
v 0.02773342840373516 0.015487533994019032 0.01416546106338501
v 0.028935139998793602 0.01728975400328636 0.013000567443668842
v 0.030238144099712372 0.019246187061071396 0.012282049283385277
v 0.026652077212929726 0.01634296588599682 0.034957148134708405
v 0.02535947598516941 0.015054743736982346 0.03351036086678505
v 0.02425418421626091 0.013952703215181828 0.031610362231731415
v 0.023433053866028786 0.013131831772625446 0.02944149449467659
v 0.022926444187760353 0.012624756433069706 0.027083758264780045
v 0.022753087803721428 0.01245070993900299 0.02463214471936226
v 0.02292063646018505 0.012617320753633976 0.022181140258908272
v 0.023422971367836 0.013095777481794357 0.019811084493994713
v 0.024239400401711464 0.013912243768572807 0.017636613920331
v 0.02533898688852787 0.015013022348284721 0.01573067344725132
v 0.026678677648305893 0.016354965046048164 0.014164809137582779
v 0.028207877650856972 0.017887171357870102 0.013000053353607655
v 0.02986839972436428 0.019551431760191917 0.012281478382647038
v 0.02578047476708889 0.017410585656762123 0.034959569573402405
v 0.02425917610526085 0.01639896258711815 0.033508483320474625
v 0.022960688918828964 0.015532282181084156 0.031610000878572464
v 0.02199428528547287 0.014886317774653435 0.029439328238368034
v 0.021398968994617462 0.014487509615719318 0.027080761268734932
v 0.02119600959122181 0.014349388889968395 0.02462877705693245
v 0.021394474431872368 0.014479531906545162 0.022177554666996002
v 0.021984996274113655 0.014870860613882542 0.019822826609015465
v 0.022943856194615364 0.01549419667571783 0.017634611576795578
v 0.02423689514398575 0.016358086839318275 0.01572936400771141
v 0.025813158601522446 0.017412029206752777 0.014163917861878872
v 0.027611805126070976 0.018615972250699997 0.012999403290450573
v 0.029563946649432182 0.019921856001019478 0.012281456962227821
v 0.025134608149528503 0.018627535551786423 0.034960925579071045
v 0.023442167788743973 0.0179312564432621 0.033507272601127625
v 0.021997403353452682 0.01733321137726307 0.03160814195871353
v 0.020923582836985588 0.01688791625201702 0.0294338371604681
v 0.020263249054551125 0.016611188650131226 0.027074720710515976
v 0.020038770511746407 0.01651611551642418 0.02462266944348812
v 0.02026207372546196 0.01660272292792797 0.022174233570694923
v 0.02091994322836399 0.016871143132448196 0.019817208871245384
v 0.021980904042720795 0.01729908213019371 0.017633087933063507
v 0.023418307304382324 0.017892809584736824 0.015727652236819267
v 0.025169609114527702 0.018618492409586906 0.014162108302116394
v 0.027168694883584976 0.019446026533842087 0.01299790758639574
v 0.029338307678699493 0.020345427095890045 0.01228050421923399
v 0.024735650047659874 0.019946623593568802 0.03496136516332626
v 0.022938523441553116 0.019593100994825363 0.03350739926099777
v 0.021403932943940163 0.019286643713712692 0.0316070131957531
v 0.020265836268663406 0.0190598051995039 0.029431231319904327
v 0.01956448331475258 0.018917599692940712 0.02706882171332836
v 0.019329095259308815 0.018866637721657753 0.024615969508886337
v 0.01956549659371376 0.018908262252807617 0.02216835506260395
v 0.02026352845132351 0.01904350146651268 0.019814446568489075
v 0.021387234330177307 0.01925712265074253 0.01763024367392063
v 0.022913629189133644 0.019558824598789215 0.015725158154964447
v 0.024773597717285156 0.019926205277442932 0.014160670340061188
v 0.026895148679614067 0.020347312092781067 0.012997468002140522
v 0.029199033975601196 0.020805098116397858 0.012280313298106194
v -0.03297336399555206 0.02141035534441471 0.03690006583929062
v -0.03453589230775833 0.02141212858259678 0.03641841933131218
v -0.035972706973552704 0.02141547203063965 0.03563346713781357
v -0.037174418568611145 0.021419977769255638 0.03461981192231178
v -0.032940592616796494 0.021728381514549255 0.03689796105027199
v -0.03447301313281059 0.022036375477910042 0.036414388567209244
v -0.035883113741874695 0.022320499643683434 0.03563418984413147
v -0.03706257790327072 0.0225598756223917 0.03462738171219826
v -0.03284937143325806 0.02203490026295185 0.03689945861697197
v -0.03429238498210907 0.02263488806784153 0.03641843423247337
v -0.035620007663965225 0.023189982399344444 0.035638146102428436
v -0.03673085942864418 0.023655017837882042 0.03463026508688927
v -0.03269932046532631 0.02231663651764393 0.036899540573358536
v -0.03399688005447388 0.023187806829810143 0.036417827010154724
v -0.03519235923886299 0.023991115391254425 0.035639822483062744
v -0.03619233891367912 0.02466510608792305 0.0346342958509922
v -0.03249689191579819 0.022562941536307335 0.03690154850482941
v -0.033600933849811554 0.023671487346291542 0.03642194718122482
v -0.034616999328136444 0.024692939594388008 0.03564140573143959
v -0.0354672446846962 0.02555009350180626 0.03463384881615639
v -0.03225084766745567 0.022766657173633575 0.03690256178379059
v -0.033117540180683136 0.024068837985396385 0.03642081096768379
v -0.0339154377579689 0.025268390774726868 0.03564230725169182
v -0.03458278998732567 0.026273125782608986 0.03463676571846008
v -0.03197009861469269 0.022916467860341072 0.03690363094210625
v -0.03256622329354286 0.02436375804245472 0.036423999816179276
v -0.03311539441347122 0.02569609507918358 0.0356440432369709
v -0.03357435762882233 0.026810185983777046 0.03463633731007576
v -0.03166375681757927 0.023009562864899635 0.036903489381074905
v -0.031968146562576294 0.02454526349902153 0.036421485245227814
v -0.03224710375070572 0.025959433987736702 0.03564321994781494
v -0.0324806272983551 0.027141332626342773 0.03463592380285263
v -0.03134683892130852 0.02304009348154068 0.03690432757139206
v -0.03134586662054062 0.024606285616755486 0.036424800753593445
v -0.03134433552622795 0.026048464700579643 0.03564547747373581
v -0.03134338557720184 0.027255697175860405 0.03463726490736008
v -0.03102957271039486 0.02300901524722576 0.03690333291888237
v -0.03072313964366913 0.02454441599547863 0.03642204776406288
v -0.030441923066973686 0.025958921760320663 0.03564482182264328
v -0.030207987874746323 0.027144741266965866 0.03464334085583687
v -0.030723949894309044 0.022915435954928398 0.03690280020236969
v -0.030125692486763 0.02436205744743347 0.03642501309514046
v -0.029575195163488388 0.025695057585835457 0.035648882389068604
v -0.029114980250597 0.026814648881554604 0.03464847430586815
v -0.03044336661696434 0.022764740511775017 0.0369025357067585
v -0.029574615880846977 0.024065759032964706 0.03642302751541138
v -0.028775639832019806 0.025265753269195557 0.0356486439704895
v -0.028107408434152603 0.026272669434547424 0.034650567919015884
v -0.030197851359844208 0.02256089448928833 0.036901798099279404
v -0.029092520475387573 0.02366771548986435 0.03642363101243973
v -0.02807481400668621 0.024688204750418663 0.035646554082632065
v -0.027221249416470528 0.025544319301843643 0.03464549407362938
v -0.02999587543308735 0.022314531728625298 0.03689926490187645
v -0.02869720570743084 0.02318352274596691 0.03641802445054054
v -0.027500400319695473 0.023984238505363464 0.03564319387078285
v -0.026497451588511467 0.024655699729919434 0.034642353653907776
v -0.029847146943211555 0.022032858803868294 0.03689716011285782
v -0.028402874246239662 0.022630415856838226 0.03641838952898979
v -0.02707379125058651 0.023181524127721786 0.03563951700925827
v -0.02596014179289341 0.023643342778086662 0.034634023904800415
v -0.02975480630993843 0.02172621712088585 0.03689614310860634
v -0.028223777189850807 0.022031212225556374 0.0364115945994854
v -0.026813257485628128 0.02231111377477646 0.03562932461500168
v -0.025630207732319832 0.022547341883182526 0.03462527319788933
v -0.029725534841418266 0.02140912599861622 0.03689238056540489
v -0.02816428616642952 0.02140778861939907 0.036407120525836945
v -0.026726599782705307 0.021406937390565872 0.03562283143401146
v -0.025517940521240234 0.02140667289495468 0.034617163240909576
v -0.029755618423223495 0.02109147235751152 0.03689452260732651
v -0.028225461021065712 0.02078470028936863 0.036404602229595184
v -0.026817960664629936 0.0205036960542202 0.03561405837535858
v -0.025633156299591064 0.020266631618142128 0.03461037576198578
v -0.029848773032426834 0.0207847710698843 0.0368928462266922
v -0.02840510383248329 0.020185181871056557 0.03640696406364441
v -0.027077337726950645 0.019633250311017036 0.035618335008621216
v -0.02596224658191204 0.01917116530239582 0.03460917994379997
v -0.029997769743204117 0.020502686500549316 0.036893680691719055
v -0.028700262308120728 0.019632602110505104 0.03640253469347954
v -0.02750294841825962 0.018831245601177216 0.03561777621507645
v -0.026496728882193565 0.01815892569720745 0.034615129232406616
v -0.0301983579993248 0.020255204290151596 0.03689900413155556
v -0.029092449694871902 0.019147060811519623 0.036413006484508514
v -0.028073806315660477 0.01812640018761158 0.035624828189611435
v -0.027217183262109756 0.017269492149353027 0.034617893397808075
v -0.0304434634745121 0.02005092054605484 0.03690004721283913
v -0.029574112966656685 0.018749047070741653 0.03641195595264435
v -0.028772488236427307 0.017548630014061928 0.03562954068183899
v -0.028100119903683662 0.016541918739676476 0.03462354093790054
v -0.030723124742507935 0.019899964332580566 0.03690381720662117
v -0.03012363240122795 0.018451761454343796 0.03642027825117111
v -0.029570918530225754 0.01711900345981121 0.035634156316518784
v -0.02910713292658329 0.016000693663954735 0.03462590277194977
v -0.03102867491543293 0.01980571076273918 0.036905210465192795
v -0.030720343813300133 0.018268942832946777 0.03641876205801964
v -0.030437909066677094 0.016854682937264442 0.035632792860269547
v -0.03020087629556656 0.015668844804167747 0.034626465290784836
v -0.03134540840983391 0.019774960353970528 0.03690646216273308
v -0.031342748552560806 0.018207386136054993 0.03642446547746658
v -0.031340502202510834 0.016765661537647247 0.035637520253658295
v -0.03133856877684593 0.01555589959025383 0.034623581916093826
v -0.031662311404943466 0.019805360585451126 0.03690819814801216
v -0.031964778900146484 0.018268682062625885 0.03642214462161064
v -0.03224318474531174 0.016856485977768898 0.035635609179735184
v -0.032478079199790955 0.015672024339437485 0.03462724760174751
v -0.03196869045495987 0.01989927515387535 0.03690864145755768
v -0.03256361186504364 0.018450917676091194 0.0364270880818367
v -0.033111412078142166 0.017120908945798874 0.035637956112623215
v -0.03357149660587311 0.01600688509643078 0.03462522476911545
v -0.032249800860881805 0.020049631595611572 0.036909058690071106
v -0.033114779740571976 0.0187475997954607 0.03642333671450615
v -0.03391129523515701 0.017550939694046974 0.0356350801885128
v -0.03457900509238243 0.016549555584788322 0.03462185710668564
v -0.03249625116586685 0.02025434747338295 0.036907218396663666
v -0.03359954059123993 0.01914628967642784 0.03642601892352104
v -0.03461258485913277 0.01812957040965557 0.03563316538929939
v -0.03546114265918732 0.017279978841543198 0.03461184352636337
v -0.03269924595952034 0.02050178498029709 0.036905329674482346
v -0.03399600833654404 0.019631678238511086 0.03642161190509796
v -0.03518999367952347 0.018833789974451065 0.03563476726412773
v -0.03618578985333443 0.018170040100812912 0.034612394869327545
v -0.031348180025815964 0.021409178152680397 0.037063583731651306
v -0.03284977376461029 0.020784614607691765 0.03690364211797714
v -0.03429258614778519 0.02018660306930542 0.03642194718122482
v -0.035619303584098816 0.019638050347566605 0.03563476726412773
v -0.03672610968351364 0.01918072998523712 0.034613318741321564
v -0.032941363751888275 0.021092316135764122 0.03690122812986374
v -0.03447309881448746 0.020787935703992844 0.036415908485651016
v -0.035881590098142624 0.020510666072368622 0.03562992438673973
v -0.037062134593725204 0.02027757465839386 0.03462055325508118
v -0.03835093602538109 0.021422753110527992 0.033754266798496246
v -0.04017294943332672 0.021428585052490234 0.03229653462767601
v -0.04172949120402336 0.021439015865325928 0.030394421890378
v -0.04288596287369728 0.021445173770189285 0.028222747147083282
v -0.04359905421733856 0.021445466205477715 0.025865264236927032
v -0.04384159669280052 0.02143659070134163 0.023412324488162994
v -0.04360249266028404 0.021429263055324554 0.020969070494174957
v -0.04289104416966438 0.021421976387500763 0.01861572451889515
v -0.04173438996076584 0.021415142342448235 0.016445182263851166
v -0.040177833288908005 0.021407799795269966 0.014542915858328342
v -0.03828253224492073 0.02140030637383461 0.012980617582798004
v -0.036119721829891205 0.021392526105046272 0.011819848790764809
v -0.03379720076918602 0.02137298509478569 0.011107520200312138
v -0.0382167287170887 0.022793609648942947 0.03376390412449837
v -0.03999864682555199 0.023155149072408676 0.03230103477835655
v -0.04152239114046097 0.023471573367714882 0.030397696420550346
v -0.042656224220991135 0.02369927614927292 0.028222300112247467
v -0.04335943982005119 0.023839283734560013 0.02586352825164795
v -0.04359738901257515 0.023880327120423317 0.023413119837641716
v -0.043363675475120544 0.023827023804187775 0.02096509002149105
v -0.04266577214002609 0.023680252954363823 0.018610963597893715
v -0.041531722992658615 0.02344800904393196 0.016440890729427338
v -0.04000574350357056 0.023136287927627563 0.014538925141096115
v -0.038147080689668655 0.022759100422263145 0.012976991944015026
v -0.0360274575650692 0.022329723462462425 0.01181611604988575
v -0.033750563859939575 0.02185046300292015 0.011107147671282291
v -0.03781678527593613 0.024111207574605942 0.033770158886909485
v -0.0394924022257328 0.024820877239108086 0.03230484947562218
v -0.040932051837444305 0.025421397760510445 0.030398400500416756
v -0.041996199637651443 0.025864822790026665 0.028222525492310524
v -0.04265734180808067 0.02613922208547592 0.02586405910551548
v -0.042882781475782394 0.026228856295347214 0.023412365466356277
v -0.04266228526830673 0.026131119579076767 0.02096288837492466
v -0.042004745453596115 0.02585074119269848 0.018607422709465027
v -0.04093734920024872 0.025401761755347252 0.016436897218227386
v -0.039500899612903595 0.024799004197120667 0.014535130001604557
v -0.037750501185655594 0.02406458556652069 0.012974086217582226
v -0.03578165918588638 0.023213353008031845 0.011819874867796898
v -0.03361180052161217 0.0223100408911705 0.011106869205832481
v -0.0371677428483963 0.025324400514364243 0.03376954793930054
v -0.0386776439845562 0.026349663734436035 0.032299332320690155
v -0.03996706381440163 0.0272122323513031 0.03039529360830784
v -0.040925897657871246 0.027858611196279526 0.02822202444076538
v -0.041520316153764725 0.028256647288799286 0.02586386725306511
v -0.04172270745038986 0.02838943339884281 0.023411870002746582
v -0.04152379184961319 0.02825048193335533 0.020960906520485878
v -0.04093317687511444 0.02785041369497776 0.018605858087539673
v -0.03997335210442543 0.027201935648918152 0.016434628516435623
v -0.0386815145611763 0.02633029781281948 0.01453294325619936
v -0.037106841802597046 0.02526872232556343 0.012972037307918072
v -0.03531012684106827 0.0240579042583704 0.011812425218522549
v -0.03338642790913582 0.02273348718881607 0.011105998419225216
v -0.03629646077752113 0.0263865664601326 0.0337696447968483
v -0.03757907822728157 0.027685027569532394 0.03229818120598793
v -0.03867603465914726 0.02878512069582939 0.030396591871976852
v -0.039486825466156006 0.029599953442811966 0.02822311595082283
v -0.03999274596571922 0.03011065535247326 0.025864901021122932
v -0.040164001286029816 0.030282145366072655 0.02341187372803688
v -0.03999532014131546 0.030109774321317673 0.020959673449397087
v -0.03949355706572533 0.02960212156176567 0.018603844568133354
v -0.038677994161844254 0.0287790410220623 0.016432231292128563
v -0.03757947310805321 0.02767135389149189 0.01453059259802103
v -0.03624115511775017 0.02632281556725502 0.012969872914254665
v -0.03474383428692818 0.024771450087428093 0.011817583814263344
v -0.033082347363233566 0.023103591054677963 0.011105717159807682
v -0.03523235768079758 0.02725915051996708 0.033766139298677444
v -0.03624551370739937 0.028774892911314964 0.0323043018579483
v -0.03710193186998367 0.03007449023425579 0.030402418226003647
v -0.03773992881178856 0.031036226078867912 0.028229394927620888
v -0.03813400864601135 0.03163464367389679 0.02586572803556919
v -0.03826767951250076 0.03183598816394806 0.02341117337346077
v -0.0381341390311718 0.031634386628866196 0.02095838077366352
v -0.03774033859372139 0.031038442626595497 0.0186013076454401
v -0.037099990993738174 0.030071906745433807 0.016429830342531204
v -0.036237843334674835 0.028771454468369484 0.014528216794133186
v -0.035186976194381714 0.02718689665198326 0.012967689894139767
v -0.0340179018676281 0.025367971509695053 0.01181721594184637
v -0.032713185995817184 0.02340864948928356 0.01110522635281086
v -0.03402271494269371 0.027894172817468643 0.033765166997909546
v -0.03471985086798668 0.02958042547106743 0.03231087327003479
v -0.03530795872211456 0.031031927093863487 0.030411554500460625
v -0.035744085907936096 0.03210606053471565 0.028227919712662697
v -0.036014072597026825 0.03276751562952995 0.025863416492938995
v -0.0361037440598011 0.03298967331647873 0.023408764973282814
v -0.036012597382068634 0.03276598080992699 0.020955508574843407
v -0.03574059531092644 0.03210417181253433 0.018598759546875954
v -0.03530032932758331 0.031030673533678055 0.01642773114144802
v -0.034707553684711456 0.029586924239993095 0.014526095241308212
v -0.03401758149266243 0.027818169444799423 0.012974603101611137
v -0.03319030627608299 0.025811171159148216 0.011816617101430893
v -0.032290514558553696 0.02363421581685543 0.011104605160653591
v -0.032708317041397095 0.02829679660499096 0.0337630994617939
v -0.03306237608194351 0.030093038454651833 0.03231324627995491
v -0.03335990756750107 0.031634699553251266 0.03041352890431881
v -0.03357754275202751 0.032764874398708344 0.028225362300872803
v -0.033711887896060944 0.033462781459093094 0.025859396904706955
v -0.03375663608312607 0.03369712084531784 0.02340417169034481
v -0.03370904549956322 0.033459872007369995 0.020951472222805023
v -0.03357136994600296 0.03275804594159126 0.018596023321151733
v -0.03334841877222061 0.031619153916835785 0.016425322741270065
v -0.03304685652256012 0.030086901038885117 0.01452395599335432
v -0.03271368145942688 0.02821415476500988 0.012973682954907417
v -0.03229149430990219 0.026084864512085915 0.011815900914371014
v -0.03183210268616676 0.02377358265221119 0.011104251258075237
v -0.031346604228019714 0.028432216495275497 0.03376677632331848
v -0.031335100531578064 0.030268469825387 0.03230471536517143
v -0.03132648766040802 0.03183389827609062 0.030400056391954422
v -0.031322069466114044 0.03298405185341835 0.028217390179634094
v -0.031318873167037964 0.03369370102882385 0.025854874402284622
v -0.031315162777900696 0.03393252566456795 0.023394931107759476
v -0.03131607547402382 0.033688753843307495 0.0209477711468935
v -0.031316909939050674 0.03297440707683563 0.018593214452266693
v -0.03131915256381035 0.03181411698460579 0.016423845663666725
v -0.03135525435209274 0.030252089723944664 0.014532451517879963
v -0.03135644644498825 0.028348136693239212 0.012973085045814514
v -0.0313560925424099 0.026176784187555313 0.011815021745860577
v -0.03135552629828453 0.023820575326681137 0.011103952303528786
v -0.029984408989548683 0.028302816674113274 0.033780086785554886
v -0.029608353972434998 0.030094260349869728 0.03230072185397148
v -0.029285995289683342 0.03161560371518135 0.0303751640021801
v -0.029065405949950218 0.03275296464562416 0.02820584923028946
v -0.028925776481628418 0.03345087543129921 0.025847341865301132
v -0.028877457603812218 0.033684927970170975 0.02339525893330574
v -0.028924275189638138 0.03344780206680298 0.020945612341165543
v -0.029063303023576736 0.03274623677134514 0.018590178340673447
v -0.029288481920957565 0.03160849213600159 0.016418155282735825
v -0.029628843069076538 0.030080702155828476 0.014532102271914482
v -0.029998773708939552 0.028213120996952057 0.012972588650882244
v -0.03042098507285118 0.02608417719602585 0.011814690195024014
v -0.03087892010807991 0.023773232474923134 0.011103766970336437
v -0.028670985251665115 0.027916138991713524 0.033791083842515945
v -0.0279509499669075 0.029591193422675133 0.03230029344558716
v -0.027334997430443764 0.03101014718413353 0.030361240729689598
v -0.026898076757788658 0.03208639845252037 0.028198514133691788
v -0.0266258604824543 0.03274612873792648 0.02584477700293064
v -0.026533309370279312 0.03296657279133797 0.023394092917442322
v -0.02662520669400692 0.03274223208427429 0.020944571122527122
v -0.02689698338508606 0.03208102285861969 0.01858854852616787
v -0.02737020142376423 0.031019659712910652 0.016432229429483414
v -0.027966933324933052 0.029575496912002563 0.014532003551721573
v -0.02869414910674095 0.027816344052553177 0.01297257374972105
v -0.029521729797124863 0.02580985613167286 0.011814535595476627
v -0.030420267954468727 0.023633569478988647 0.011103685945272446
v -0.027461225166916847 0.027256406843662262 0.03379049897193909
v -0.026426123455166817 0.02876761369407177 0.03230174258351326
v -0.025543954223394394 0.030049337074160576 0.03036741353571415
v -0.024904686957597733 0.03101443126797676 0.028200872242450714
v -0.024509744718670845 0.031606096774339676 0.025846147909760475
v -0.024375038221478462 0.0318043977022171 0.02339545637369156
v -0.024507535621523857 0.03160114958882332 0.020944323390722275
v -0.024900885298848152 0.03100515529513359 0.018587656319141388
v -0.025570403784513474 0.030054664239287376 0.016432953998446465
v -0.026436375454068184 0.028755322098731995 0.014532889239490032
v -0.027490606531500816 0.02717173844575882 0.012972807511687279
v -0.028693787753582 0.025366099551320076 0.011814814992249012
v -0.029997853562235832 0.02340768277645111 0.01110389456152916
v -0.026391442865133286 0.026379963383078575 0.03378193452954292
v -0.02508891001343727 0.027665145695209503 0.03230668231844902
v -0.02397705614566803 0.028760245069861412 0.03038140945136547
v -0.023159129545092583 0.029575830325484276 0.02820778451859951
v -0.02265562117099762 0.030075371265411377 0.02584931254386902
v -0.022484416142106056 0.030241427943110466 0.023397281765937805
v -0.022652698680758476 0.03006630577147007 0.020945725962519646
v -0.02315317653119564 0.029559340327978134 0.018588408827781677
v -0.02399224229156971 0.028756525367498398 0.016433605924248695
v -0.025094501674175262 0.0276511050760746 0.014533637091517448
v -0.026436155661940575 0.0263043399900198 0.012973429635167122
v -0.027966788038611412 0.024768782779574394 0.011815326288342476
v -0.02962825633585453 0.023102477192878723 0.011104108765721321
v -0.025517046451568604 0.025312719866633415 0.03378140181303024
v -0.02399221435189247 0.026324674487113953 0.032311055809259415
v -0.022689606994390488 0.02718592993915081 0.03039512038230896
v -0.021725883707404137 0.027823641896247864 0.02821710705757141
v -0.021132513880729675 0.02821272611618042 0.025855056941509247
v -0.0209314227104187 0.028340265154838562 0.023402320221066475
v -0.021130243316292763 0.02819899469614029 0.020948737859725952
v -0.021720096468925476 0.027798200026154518 0.01859079860150814
v -0.022697338834404945 0.02717479132115841 0.016434969380497932
v -0.023992950096726418 0.026306109502911568 0.014534791931509972
v -0.025570815429091454 0.025247350335121155 0.012974413111805916
v -0.027370916679501534 0.02404002472758293 0.011816182173788548
v -0.029323888942599297 0.022732092067599297 0.011104648001492023
v -0.024867892265319824 0.02409650757908821 0.03377533331513405
v -0.023176973685622215 0.02479451149702072 0.032312341034412384
v -0.021730223670601845 0.02538839727640152 0.03040221333503723
v -0.02066025324165821 0.0258229598402977 0.028221702203154564
v -0.020001033321022987 0.0260874405503273 0.025860272347927094
v -0.019778912886977196 0.02616923674941063 0.023407984524965286
v -0.01999947801232338 0.026070384308695793 0.02095445990562439
v -0.020653869956731796 0.025790879502892494 0.01859617792069912
v -0.02173444628715515 0.02536998689174652 0.016436418518424034
v -0.023174181580543518 0.024771347641944885 0.014536196365952492
v -0.024927476420998573 0.024040797725319862 0.012975793331861496
v -0.026927877217531204 0.023209894075989723 0.011817047372460365
v -0.02909832075238228 0.02230849303305149 0.011105111800134182
v -0.02446848340332508 0.02277788519859314 0.033768732100725174
v -0.022674163803458214 0.023132167756557465 0.03230956941843033
v -0.0211375392973423 0.02343820594251156 0.030409224331378937
v -0.02000158093869686 0.023652194067835808 0.028231928125023842
v -0.019302332773804665 0.0237814299762249 0.02587045356631279
v -0.01906806416809559 0.023817988112568855 0.023416949436068535
v -0.019305236637592316 0.023758238181471825 0.020963840186595917
v -0.020007355138659477 0.02360142022371292 0.018607202917337418
v -0.02114117331802845 0.02341151237487793 0.01643848419189453
v -0.022669866681098938 0.023105179890990257 0.014538262039422989
v -0.02453157678246498 0.02273307554423809 0.012977613136172295
v -0.026654431596398354 0.022308703511953354 0.01181864459067583
v -0.028959084302186966 0.021848851814866066 0.011106135323643684
v -0.024333393201231956 0.02140631340444088 0.033760037273168564
v -0.022499779239296913 0.021407462656497955 0.03230707347393036
v -0.020934967324137688 0.02141082100570202 0.030408227816224098
v -0.019777296110987663 0.021400904282927513 0.02823455259203911
v -0.01906660385429859 0.021390551701188087 0.02587556466460228
v -0.01882450468838215 0.021378224715590477 0.02341972105205059
v -0.019070779904723167 0.021365229040384293 0.020975386723876
v -0.019781948998570442 0.02137773297727108 0.018611522391438484
v -0.020940488204360008 0.021375779062509537 0.01644160784780979
v -0.02249908819794655 0.02137390524148941 0.014540649019181728
v -0.024396896362304688 0.021372275426983833 0.012979822233319283
v -0.026561712846159935 0.021371329203248024 0.011820321902632713
v -0.028911689296364784 0.021371139213442802 0.011107097379863262
v -0.024471720680594444 0.02003692463040352 0.03375246003270149
v -0.022671876475214958 0.01968158781528473 0.03230436518788338
v -0.021135689690709114 0.01937476173043251 0.03040752001106739
v -0.020000481978058815 0.019141944125294685 0.02823641709983349
v -0.019301332533359528 0.018994033336639404 0.025878675282001495
v -0.01906677708029747 0.018937308341264725 0.023427875712513924
v -0.01930421218276024 0.01897565834224224 0.020980363711714745
v -0.020010478794574738 0.0191021915525198 0.018627792596817017
v -0.02114003337919712 0.01934000849723816 0.016445619985461235
v -0.0226686280220747 0.019642842933535576 0.014543433673679829
v -0.024530570954084396 0.0200115367770195 0.012982428073883057
v -0.026653600856661797 0.02043413743376732 0.01182306557893753
v -0.028958559036254883 0.020893510431051254 0.01110923569649458
v -0.024867869913578033 0.018718019127845764 0.03375261649489403
v -0.023174988105893135 0.01801920309662819 0.032303888350725174
v -0.02172854170203209 0.017417924478650093 0.03040922060608864
v -0.020657097920775414 0.016968874260783195 0.028238151222467422
v -0.019997594878077507 0.016688130795955658 0.025882570073008537
v -0.019776146858930588 0.016588672995567322 0.023433148860931396
v -0.020000385120511055 0.01667383313179016 0.020986443385481834
v -0.020659837871789932 0.01694381982088089 0.018632015213370323
v -0.021732166409492493 0.017382297664880753 0.016449009999632835
v -0.023171985521912575 0.017977135255932808 0.014546315185725689
v -0.02492552064359188 0.018704084679484367 0.012985032051801682
v -0.026925930753350258 0.01953308843076229 0.011828126385807991
v -0.02909740060567856 0.020433930680155754 0.011110231280326843
v -0.02551145851612091 0.017501281574368477 0.033756427466869354
v -0.02398882806301117 0.016485096886754036 0.03230768442153931
v -0.022690454497933388 0.015614781528711319 0.03041025623679161
v -0.02172640711069107 0.0149657242000103 0.02824108861386776
v -0.021133065223693848 0.01456412672996521 0.02588546834886074
v -0.02093224599957466 0.01442366186529398 0.023437928408384323
v -0.02113211899995804 0.01455235481262207 0.020994164049625397
v -0.021730318665504456 0.014936939813196659 0.01862478069961071
v -0.022694077342748642 0.015578139573335648 0.016451764851808548
v -0.023989643901586533 0.01644304394721985 0.014548780396580696
v -0.025568237528204918 0.017498046159744263 0.012986273504793644
v -0.027368897572159767 0.018703274428844452 0.011826040223240852
v -0.02932273969054222 0.020010504871606827 0.01111075934022665
v -0.026380691677331924 0.01643337309360504 0.03375865891575813
v -0.025086630135774612 0.015139698050916195 0.03230953961610794
v -0.023982910439372063 0.014033706858754158 0.030410267412662506
v -0.023163659498095512 0.013210183940827847 0.028242137283086777
v -0.022659162059426308 0.01270096655935049 0.02588753029704094
v -0.02248835191130638 0.012525745667517185 0.0234395582228899
v -0.022658079862594604 0.012691826559603214 0.020992066711187363
v -0.023168766871094704 0.013179942965507507 0.018626593053340912
v -0.023988042026758194 0.013997013680636883 0.01645422913134098
v -0.025090457871556282 0.0150986323133111 0.014550886116921902
v -0.026432976126670837 0.016441555693745613 0.012987573631107807
v -0.027964472770690918 0.017974842339754105 0.011825822293758392
v -0.029627017676830292 0.01964026317000389 0.011109980754554272
v -0.027442414313554764 0.015557643957436085 0.03376208618283272
v -0.026425771415233612 0.014035619795322418 0.032311517745256424
v -0.02555994503200054 0.012736874632537365 0.030411500483751297
v -0.024915525689721107 0.011769663542509079 0.02824237197637558
v -0.024518674239516258 0.011171785183250904 0.025887612253427505
v -0.024383695796132088 0.010967533104121685 0.023438720032572746
v -0.024517066776752472 0.011164768598973751 0.02099025808274746
v -0.024921001866459846 0.011738798581063747 0.018628811463713646
v -0.025565549731254578 0.012700004503130913 0.01645638421177864
v -0.026431554928421974 0.013995143584907055 0.014552496373653412
v -0.027486763894557953 0.015574817545711994 0.012988811358809471
v -0.0286911241710186 0.01737792231142521 0.011826488189399242
v -0.029996443539857864 0.01933528482913971 0.011110453866422176
v -0.03135446459054947 0.02137160301208496 0.01086475607007742
v -0.02865412086248398 0.014905845746397972 0.033766791224479675
v -0.02795451506972313 0.013215666636824608 0.032315097749233246
v -0.027357671409845352 0.011773462407290936 0.030412906780838966
v -0.02691299095749855 0.01069954875856638 0.02824266254901886
v -0.02663879096508026 0.010036441497504711 0.025886869058012962
v -0.02654581144452095 0.009810667484998703 0.023437557741999626
v -0.026638127863407135 0.010030739940702915 0.020989395678043365
v -0.026910949498414993 0.010688560083508492 0.018634557723999023
v -0.0273650623857975 0.011736207641661167 0.01645786315202713
v -0.027961978688836098 0.013175753876566887 0.014553879387676716
v -0.028689773753285408 0.014930916018784046 0.012989969924092293
v -0.029518721625208855 0.016934650018811226 0.011827385053038597
v -0.030418680980801582 0.019109627231955528 0.011110841296613216
v -0.029968634247779846 0.014504829421639442 0.03376784175634384
v -0.02961282804608345 0.012711236253380775 0.03231804817914963
v -0.029308240860700607 0.01118093729019165 0.03041488118469715
v -0.02908107452094555 0.010041231289505959 0.02824370376765728
v -0.028940832242369652 0.009338448755443096 0.025886062532663345
v -0.02889304608106613 0.009099877439439297 0.02343599498271942
v -0.02894030325114727 0.009333020076155663 0.02098788134753704
v -0.029079627245664597 0.010030635632574558 0.01863391138613224
v -0.029317706823349 0.01114294771105051 0.016459021717309952
v -0.029623528942465782 0.012671418488025665 0.014555043540894985
v -0.0299941785633564 0.014534933492541313 0.012991099618375301
v -0.03041779436171055 0.016660956665873528 0.011828524991869926
v -0.03087707981467247 0.01897028088569641 0.01111256331205368
v -0.03133774548768997 0.014372157864272594 0.033765580505132675
v -0.03133818879723549 0.012543574906885624 0.032323140650987625
v -0.03133692219853401 0.010982251726090908 0.03041709214448929
v -0.031336091458797455 0.009820415638387203 0.028245167806744576
v -0.03133527562022209 0.009104658849537373 0.02588777430355549
v -0.03133285790681839 0.00886017270386219 0.023432547226548195
v -0.03133426979184151 0.009098869748413563 0.020988166332244873
v -0.031334806233644485 0.00980960950255394 0.018634479492902756
v -0.03134852275252342 0.010943016037344933 0.016459591686725616
v -0.0313505120575428 0.012501372955739498 0.014555905945599079
v -0.03135170042514801 0.014400921761989594 0.012991898693144321
v -0.03135256469249725 0.016569986939430237 0.011830015107989311
v -0.03135285526514053 0.018923401832580566 0.011118038557469845
v -0.032707102596759796 0.014508336782455444 0.03376440703868866
v -0.033064279705286026 0.012717301025986671 0.032324157655239105
v -0.03336649388074875 0.011184874922037125 0.030417388305068016
v -0.0335916243493557 0.010045372880995274 0.028245359659194946
v -0.033729635179042816 0.009342540055513382 0.025887198746204376
v -0.033776458352804184 0.009104305878281593 0.023437565192580223
v -0.03372931107878685 0.009337469935417175 0.020988427102565765
v -0.03358997777104378 0.010034880600869656 0.018635191023349762
v -0.03336360678076744 0.011170108802616596 0.016464726999402046
v -0.033077437430620193 0.012672622688114643 0.0145563380792737
v -0.03270939365029335 0.014535787515342236 0.012992113828659058
v -0.03228800371289253 0.016661550849676132 0.011829119175672531
v -0.03183019533753395 0.018970580771565437 0.011112777516245842
v -0.034022483974695206 0.01491309143602848 0.033761728554964066
v -0.03472323343157768 0.013224526308476925 0.032318152487277985
v -0.03531835600733757 0.011781279928982258 0.030414801090955734
v -0.0357610322535038 0.010708303190767765 0.0282437801361084
v -0.0360339917242527 0.010045754723250866 0.025887195020914078
v -0.0361248143017292 0.009820408187806606 0.023438483476638794
v -0.036033619195222855 0.010040823370218277 0.020989062264561653
v -0.03575963154435158 0.010698441416025162 0.01863444223999977
v -0.03531612083315849 0.01176720391958952 0.016463447362184525
v -0.03473936393857002 0.013178197667002678 0.014556043781340122
v -0.034014180302619934 0.01493259146809578 0.012991978786885738
v -0.03318709880113602 0.016935840249061584 0.01182860042899847
v -0.032288890331983566 0.019110223278403282 0.011111297644674778
v -0.03523387759923935 0.015567264519631863 0.03375575691461563
v -0.036250803619623184 0.014046917669475079 0.03230921924114227
v -0.0371173731982708 0.01274878066033125 0.030411092564463615
v -0.037760455161333084 0.011783395893871784 0.028241679072380066
v -0.038156118243932724 0.011186974123120308 0.02588610164821148
v -0.03828964754939079 0.010983988642692566 0.023436948657035828
v -0.03815498575568199 0.011182204820215702 0.020987851545214653
v -0.037758708000183105 0.011773061007261276 0.01863318309187889
v -0.03711523860692978 0.01273471862077713 0.016461990773677826
v -0.036270443350076675 0.013998763635754585 0.014555341564118862
v -0.03521803021430969 0.015577148646116257 0.012991268187761307
v -0.03401542082428932 0.017379632219672203 0.01182797271758318
v -0.032711613923311234 0.019336123019456863 0.01111075934022665
v -0.03629601001739502 0.016446299850940704 0.033753130584955215
v -0.03758871182799339 0.015155215747654438 0.032304223626852036
v -0.03869371488690376 0.014049774035811424 0.030407344922423363
v -0.039512984454631805 0.013228426687419415 0.028238672763109207
v -0.04001661762595177 0.012721574865281582 0.0258835069835186
v -0.04018624126911163 0.012549157254397869 0.023434476926922798
v -0.04001524671912193 0.012716568075120449 0.0209857989102602
v -0.039510879665613174 0.013217848725616932 0.018631216138601303
v -0.03869248181581497 0.01403434295207262 0.016460232436656952
v -0.037590302526950836 0.015134528279304504 0.014557430520653725
v -0.03627239167690277 0.016444813460111618 0.012990424409508705
v -0.034742653369903564 0.01797683909535408 0.011827238835394382
v -0.033081136643886566 0.019641350954771042 0.011110140942037106
v -0.037165265530347824 0.017516206949949265 0.03374575078487396
v -0.03868769109249115 0.016502808779478073 0.032297149300575256
v -0.039987195283174515 0.01563466340303421 0.030403073877096176
v -0.04095154628157616 0.01498971413820982 0.02823505736887455
v -0.04154379665851593 0.014592076651751995 0.025879481807351112
v -0.04174322634935379 0.014454458840191364 0.023431869223713875
v -0.04154195263981819 0.014585675671696663 0.02098242938518524
v -0.04094860702753067 0.014978243038058281 0.018628709018230438
v -0.03998595476150513 0.015618235804140568 0.01645772159099579
v -0.038691408932209015 0.016481485217809677 0.014555252157151699
v -0.03713728114962578 0.017502538859844208 0.012988691218197346
v -0.03533829376101494 0.018705865368247032 0.011825979687273502
v -0.0333857536315918 0.02001171000301838 0.011109733022749424
v -0.0378095880150795 0.01873418316245079 0.033742621541023254
v -0.03950008377432823 0.018039211630821228 0.032289810478687286
v -0.04094701260328293 0.017444748431444168 0.030396735295653343
v -0.042021743953228 0.01700117439031601 0.028231635689735413
v -0.04267881438136101 0.01672511175274849 0.02587570995092392
v -0.042899712920188904 0.016629450023174286 0.02342800796031952
v -0.042676445096731186 0.016716444864869118 0.020978983491659164
v -0.042016852647066116 0.016987020149827003 0.01862628199160099
v -0.04094716161489487 0.017424950376152992 0.01645534858107567
v -0.03950823098421097 0.01801437698304653 0.014551620930433273
v -0.03775651752948761 0.0187339186668396 0.012987665832042694
v -0.03578101843595505 0.019536105915904045 0.011825132183730602
v -0.03361101448535919 0.020435292273759842 0.011109151877462864
v -0.03821391239762306 0.020051538944244385 0.03374861925840378
v -0.040011510252952576 0.019699573516845703 0.03229623660445213
v -0.041542898863554 0.01940300688147545 0.03039582632482052
v -0.04267812892794609 0.01918686553835869 0.028225639835000038
v -0.04337479919195175 0.01904440112411976 0.02587169222533703
v -0.0436081625521183 0.018989522010087967 0.023424724116921425
v -0.04337112605571747 0.019029751420021057 0.0209767147898674
v -0.04267201945185661 0.01916198618710041 0.01862114481627941
v -0.04153698682785034 0.019380997866392136 0.016450179740786552
v -0.040009740740060806 0.019678907468914986 0.014547176659107208
v -0.038150086998939514 0.02004079706966877 0.012984197586774826
v -0.036054279655218124 0.020437680184841156 0.011823669075965881
v -0.03375052660703659 0.02089495211839676 0.011108685284852982
f 4 2 1
f 8 6 5
f 13 15 14
f 17 19 18
f 32 30 29
f 36 34 33
f 37 39 38
f 21 23 20
f 25 27 24
f 41 43 42
f 48 46 45
f 52 50 49
f 53 55 54
f 60 58 57
f 29 62 61
f 66 64 63
f 67 6 68
f 72 70 69
f 76 74 73
f 77 79 78
f 81 83 82
f 59 86 85
f 88 90 89
f 96 94 93
f 100 98 97
f 101 103 102
f 106 34 87
f 108 115 107
f 117 36 118
f 124 126 125
f 131 129 128
f 132 134 133
f 142 140 139
f 148 60 147
f 144 127 124
f 149 151 150
f 156 154 153
f 159 158 157
f 116 164 105
f 171 169 168
f 174 173 172
f 179 181 180
f 186 188 187
f 194 196 195
f 199 139 198
f 206 208 207
f 213 211 210
f 202 214 201
f 96 216 54
f 92 43 44
f 97 246 100
f 250 229 228
f 252 58 253
f 258 256 255
f 260 229 259
f 110 112 113
f 114 263 109
f 265 267 266
f 56 270 269
f 274 249 250
f 185 63 64
f 280 278 276
f 285 283 157
f 288 211 212
f 141 92 46
f 289 175 176
f 148 105 106
f 312 170 171
f 238 42 43
f 318 160 317
f 310 308 307
f 241 325 324
f 160 240 317
f 47 307 308
f 108 315 164
f 345 86 119
f 348 350 349
f 356 358 357
f 355 353 352
f 363 32 362
f 149 150 176
f 364 253 365
f 366 368 367
f 183 371 63
f 163 161 160
f 209 101 208
f 378 165 166
f 379 381 380
f 383 3 4
f 284 386 385
f 387 389 388
f 391 229 249
f 73 397 396
f 405 407 406
f 203 411 410
f 414 413 412
f 1 357 4
f 277 131 275
f 254 57 58
f 358 415 351
f 417 386 408
f 401 192 420
f 419 127 143
f 421 182 422
f 103 302 409
f 428 368 174
f 380 359 356
f 62 266 323
f 140 431 430
f 357 351 348
f 356 379 380
f 415 403 434
f 437 436 435
f 438 440 439
f 188 450 449
f 452 454 453
f 265 181 421
f 224 64 225
f 237 213 427
f 275 128 458
f 281 460 459
f 50 79 461
f 73 282 281
f 468 466 465
f 390 352 359
f 482 484 483
f 489 487 486
f 493 495 494
f 472 470 469
f 502 500 499
f 220 222 223
f 512 143 66
f 518 511 80
f 513 230 286
f 205 31 244
f 189 451 188
f 163 532 8
f 533 225 251
f 446 447 412
f 335 540 334
f 544 546 545
f 329 291 292
f 199 262 238
f 385 416 550
f 532 191 247
f 363 118 243
f 236 237 250
f 578 580 579
f 573 571 570
f 561 562 272
f 241 259 240
f 590 592 591
f 545 595 594
f 503 155 504
f 606 624 623
f 478 480 479
f 646 648 647
f 590 689 684
f 564 651 650
f 728 184 727
f 714 716 715
f 692 575 693
f 541 581 578
f 346 248 400
f 161 230 160
f 128 94 95
f 698 704 703
f 574 576 575
f 290 401 328
f 630 725 726
f 733 735 734
f 755 496 493
f 759 481 760
f 757 762 761
f 764 466 467
f 768 3808 3809
f 759 488 489
f 492 475 771
f 474 769 473
f 773 465 772
f 771 486 483
f 484 775 491
f 774 489 486
f 495 764 756
f 495 761 494
f 137 784 136
f 325 797 547
f 165 51 52
f 369 29 370
f 730 568 569
f 90 301 89
f 243 516 242
f 800 806 805
f 817 808 816
f 816 823 822
f 306 447 807
f 815 809 808
f 829 828 825
f 726 501 502
f 274 424 423
f 879 881 880
f 884 879 885
f 219 217 211
f 906 904 897
f 455 205 542
f 898 830 829
f 903 880 881
f 906 897 898
f 377 519 165
f 923 948 946
f 946 951 950
f 3519 739 3517
f 900 886 880
f 225 65 144
f 182 442 422
f 809 947 824
f 954 962 961
f 927 965 966
f 885 880 886
f 925 966 967
f 343 341 340
f 965 971 968
f 968 970 969
f 972 969 973
f 963 981 978
f 336 338 339
f 992 827 828
f 810 996 959
f 1007 1002 1008
f 1012 827 1009
f 1011 1007 1008
f 294 292 291
f 907 920 919
f 1017 1019 1018
f 1020 1022 1021
f 1035 1020 1044
f 1061 1047 1046
f 1063 1046 1062
f 1044 1021 1045
f 1102 1097 1109
f 1116 1118 1117
f 1016 1014 1013
f 881 904 903
f 816 1127 817
f 1094 949 1097
f 514 167 515
f 146 81 82
f 1133 1130 1129
f 1102 1126 822
f 822 1116 816
f 1145 1148 1136
f 1076 1151 1069
f 1148 1086 1087
f 1109 1114 1136
f 1154 1156 1155
f 1153 967 1156
f 3464 463 3714
f 1144 1152 1151
f 1156 1163 1162
f 1164 1169 1165
f 1145 1176 1147
f 1114 1154 1171
f 1183 1164 1177
f 1184 1177 1185
f 1069 1062 1064
f 1023 1194 1022
f 1162 1170 1169
f 1195 1185 1191
f 1183 1176 1155
f 1201 1152 1196
f 1061 1201 1202
f 3825 843 3836
f 1203 1195 1034
f 1202 1184 1195
f 1218 1203 1217
f 1060 1202 1203
f 1225 1217 1219
f 671 694 670
f 1219 1024 1035
f 1217 1034 1024
f 1226 1015 1227
f 1243 1234 1233
f 1231 1229 1228
f 847 1233 843
f 843 1244 878
f 1233 1245 1244
f 1923 233 216
f 2100 499 500
f 3914 2135 3900
f 61 323 505
f 210 217 457
f 1299 1309 1300
f 3863 1231 3862
f 1066 1321 1322
f 1322 1228 1229
f 1060 1321 1047
f 1325 1323 1310
f 1244 1332 1330
f 1290 1242 1288
f 1337 1339 1338
f 1330 1340 1339
f 1341 1245 1294
f 1342 1332 1341
f 1343 1341 1344
f 1344 1294 1293
f 3857 1345 1346
f 1347 1342 1343
f 3856 1295 1345
f 1349 1348 1347
f 3861 1347 3853
f 3853 1343 3857
f 906 829 1353
f 905 1353 1354
f 865 1355 1357
f 1355 829 825
f 1357 825 826
f 1356 1353 1355
f 3834 1338 3833
f 866 1356 865
f 1358 1354 1356
f 3828 1337 3834
f 838 1012 841
f 1363 1338 1339
f 1368 1339 1340
f 1348 1340 1342
f 1371 3824 3829
f 524 526 523
f 528 530 527
f 1372 1369 1371
f 535 537 538
f 1367 1348 1350
f 1370 1359 1369
f 1369 3833 3824
f 1373 903 904
f 555 557 558
f 1374 910 1373
f 1373 905 1375
f 1374 1375 1376
f 1375 1354 1370
f 1378 908 1377
f 376 651 1387
f 1388 973 969
f 586 588 585
f 1390 1388 1391
f 1391 969 970
f 597 599 596
f 600 602 603
f 1392 970 979
f 608 610 607
f 612 523 611
f 614 616 613
f 617 25 24
f 620 622 619
f 1397 1391 1392
f 1398 1392 1399
f 1400 920 1378
f 1402 1165 1169
f 636 638 635
f 930 1402 929
f 641 643 644
f 929 1169 1170
f 1404 1403 1402
f 1411 1365 1406
f 1412 1415 1414
f 652 654 655
f 609 657 658
f 659 661 662
f 558 586 585
f 665 667 664
f 1413 1406 1412
f 1418 3810 3813
f 1417 1371 1416
f 1416 3829 3810
f 1419 1416 1418
f 1386 1374 1420
f 677 679 676
f 1385 1420 1421
f 1420 1376 1422
f 685 687 688
f 1421 1422 1423
f 528 691 658
f 1422 1372 1417
f 1018 747 1425
f 699 701 702
f 1424 579 1017
f 3663 1767 3660
f 700 711 712
f 1093 3754 1571
f 717 530 719
f 721 723 720
f 704 3543 3554
f 19 1426 1430
f 1429 1427 1426
f 1658 3542 3544
f 1439 1434 1438
f 1437 1435 1434
f 1426 1433 1432
f 1442 1432 1440
f 742 744 745
f 1432 1441 1440
f 751 753 750
f 1438 1403 1405
f 1446 1444 1443
f 1447 1446 1443
f 3860 1443 3848
f 1415 1445 1446
f 1414 1446 1448
f 2173 469 470
f 777 779 686
f 780 782 783
f 1676 1806 1675
f 3859 1349 3861
f 789 791 788
f 745 793 742
f 652 795 653
f 1455 1457 1456
f 1454 1350 1452
f 610 802 801
f 3831 698 703
f 1352 1045 1351
f 1015 1459 1460
f 811 813 814
f 2118 3817 2117
f 819 821 818
f 1466 1194 1190
f 1467 1465 1466
f 1182 1468 1467
f 832 833 831
f 835 837 834
f 1467 1190 1182
f 1469 1444 1445
f 840 712 690
f 1453 1469 1454
f 599 845 846
f 1226 3849 3855
f 851 853 850
f 855 856 854
f 858 860 857
f 861 863 864
f 1014 3855 3858
f 867 868 869
f 870 872 873
f 874 876 877
f 1310 1471 1309
f 1476 1427 1475
f 1461 1475 1460
f 887 889 890
f 788 892 891
f 894 896 893
f 1460 1227 1015
f 901 524 612
f 1465 1477 1464
f 1865 3500 1864
f 911 913 914
f 916 918 915
f 1850 3507 1851
f 921 895 894
f 1479 1436 1478
f 926 667 601
f 1481 563 1480
f 269 84 1482
f 931 933 916
f 934 614 869
f 936 688 937
f 938 662 939
f 1484 122 123
f 941 835 834
f 320 509 510
f 1849 3505 1850
f 84 1484 83
f 1487 1488 539
f 1757 3502 3509
f 365 1491 364
f 461 80 511
f 117 362 1496
f 1494 541 1495
f 926 957 958
f 1477 1433 1476
f 1709 1585 1700
f 119 1496 345
f 271 504 156
f 511 189 186
f 345 1492 365
f 255 344 254
f 57 299 132
f 1501 268 1500
f 267 1499 145
f 974 976 977
f 1678 1693 1676
f 3846 1807 3840
f 557 663 558
f 983 984 985
f 1443 3849 3848
f 421 268 265
f 989 991 988
f 1490 418 1504
f 279 309 310
f 997 676 679
f 998 999 875
f 1504 38 1505
f 1506 1507 1486
f 360 1508 1506
f 1506 207 360
f 939 1006 938
f 270 1483 269
f 66 546 512
f 1010 793 935
f 367 437 1509
f 244 363 243
f 1670 3534 1669
f 209 1510 226
f 235 1512 1511
f 1511 234 235
f 388 426 425
f 427 250 237
f 161 521 231
f 100 45 44
f 1025 608 1027
f 1029 1031 1028
f 939 1033 1032
f 41 594 99
f 1036 783 1037
f 702 1038 1039
f 1040 1042 1043
f 362 369 1493
f 187 477 186
f 70 539 198
f 1511 1521 234
f 1049 603 1048
f 613 869 614
f 860 1051 857
f 1005 1053 1006
f 753 1056 1054
f 1057 1059 1055
f 293 1522 292
f 288 1521 1522
f 292 1523 329
f 331 1508 1524
f 306 453 305
f 100 41 99
f 462 78 79
f 330 1524 462
f 635 1068 636
f 1485 1526 1528
f 206 1528 1510
f 1070 1072 831
f 942 1073 1074
f 916 1075 917
f 440 1530 439
f 157 1514 285
f 1529 5 1530
f 371 546 63
f 790 663 791
f 1077 857 1078
f 1403 1435 1165
f 1080 1082 1079
f 531 1529 440
f 21 1084 1085
f 272 1531 561
f 137 396 397
f 690 802 691
f 335 3567 581
f 1090 1029 1091
f 1092 794 1042
f 1533 137 138
f 661 1095 1096
f 69 445 72
f 1099 1101 1098
f 38 1536 1505
f 1104 1106 1103
f 852 1108 853
f 1377 909 1386
f 291 411 294
f 316 516 33
f 539 1533 534
f 1505 316 313
f 1110 1112 1113
f 1539 460 264
f 522 1537 1539
f 834 1120 1119
f 1122 1124 1121
f 612 1041 901
f 935 615 614
f 276 130 131
f 1686 3522 1685
f 193 1541 273
f 231 1540 287
f 556 982 557
f 365 85 345
f 190 318 1541
f 1810 3574 3528
f 3924 3512 3791
f 1132 985 1131
f 208 102 132
f 1134 662 661
f 1491 80 77
f 429 1542 147
f 1137 915 918
f 172 428 174
f 1139 1141 1142
f 549 54 55
f 1517 1518 296
f 976 1146 938
f 834 984 941
f 1543 286 115
f 1544 239 513
f 133 1544 1542
f 506 257 258
f 420 328 401
f 1158 1160 1157
f 587 1103 588
f 1513 1514 151
f 607 1027 608
f 304 1545 303
f 364 77 506
f 69 198 139
f 1006 976 938
f 700 1112 701
f 3877 3525 3787
f 1166 657 656
f 1167 858 1077
f 1300 3524 1299
f 1172 1174 1175
f 218 200 217
f 1179 1181 1178
f 372 97 98
f 89 227 88
f 1186 1188 1189
f 172 1517 1549
f 1482 81 1498
f 1090 1193 1030
f 394 353 1551
f 526 1198 1197
f 811 858 812
f 1199 1026 1025
f 606 697 696
f 1204 1206 743
f 1207 523 526
f 1209 867 613
f 914 685 936
f 1478 1441 1477
f 1029 1161 1091
f 1211 1213 1214
f 3858 1451 3859
f 844 1216 845
f 423 273 274
f 1220 1222 1083
f 22 1224 23
f 882 897 881
f 1519 173 387
f 1189 1232 1178
f 349 550 416
f 1071 1236 1072
f 1237 1239 745
f 1221 1189 1240
f 1510 1512 333
f 939 1241 1005
f 1556 5 67
f 1553 394 1551
f 404 67 347
f 1247 1249 1246
f 142 238 92
f 1251 635 1250
f 850 1253 851
f 1254 1077 1255
f 57 133 429
f 443 552 551
f 1187 1175 1188
f 1256 831 833
f 432 382 383
f 741 747 746
f 434 351 415
f 349 383 348
f 251 1481 1480
f 395 352 353
f 1518 1550 1551
f 1558 378 340
f 109 314 315
f 285 1513 407
f 395 393 392
f 202 410 1558
f 417 405 432
f 1246 1258 1247
f 3 297 2
f 1259 1261 1262
f 403 347 284
f 955 953 952
f 462 51 330
f 1096 687 1263
f 429 60 57
f 896 1265 932
f 1267 1268 1266
f 423 327 420
f 37 180 40
f 20 1187 1186
f 1256 1071 1070
f 155 156 504
f 1188 1269 1232
f 1236 1271 1262
f 1272 535 621
f 565 463 464
f 1273 745 1239
f 876 1255 1274
f 316 164 315
f 437 503 1509
f 194 1495 197
f 1275 864 863
f 624 631 630
f 1277 1137 1278
f 569 567 566
f 1481 125 366
f 324 547 326
f 1279 1107 1280
f 1525 329 1523
f 1281 1137 918
f 171 1553 1552
f 1488 396 1533
f 1557 1562 1559
f 1282 1206 1205
f 1053 1278 1281
f 778 607 1283
f 713 3566 3569
f 251 144 124
f 4 348 383
f 709 707 706
f 728 45 246
f 261 1563 544
f 789 1287 790
f 74 263 282
f 403 385 434
f 1178 1240 1189
f 1223 1289 1224
f 158 150 151
f 1220 1186 1221
f 296 354 433
f 784 1538 1566
f 1181 1291 1222
f 1269 1257 1246
f 1566 438 399
f 136 1566 1564
f 1563 169 1565
f 107 109 108
f 1297 1298 1296
f 1464 1476 1461
f 1520 507 508
f 1301 1303 1304
f 1306 1308 1305
f 175 1532 272
f 1532 200 201
f 1311 1312 1313
f 872 1315 1316
f 1317 1318 1319
f 3836 878 3828
f 1305 864 1276
f 1040 863 1320
f 1564 399 169
f 592 1575 591
f 591 1088 689
f 1581 1583 1582
f 1196 1147 1176
f 710 583 713
f 285 408 386
f 953 961 963
f 1594 1589 1593
f 1585 1587 1586
f 1592 1590 1589
f 3885 944 3899
f 1600 1598 1597
f 1604 1602 1601
f 1399 979 980
f 1589 1596 1595
f 1610 1608 1607
f 298 361 360
f 551 276 277
f 1627 3814 3819
f 859 818 860
f 1078 1328 1329
f 1555 1530 1556
f 572 680 681
f 772 776 774
f 977 918 917
f 404 392 393
f 1054 750 753
f 1644 1643 1642
f 932 1082 933
f 1067 1334 1068
f 1540 264 114
f 597 643 1336
f 471 762 470
f 1642 3831 3842
f 1644 3842 3843
f 923 950 927
f 96 548 95
f 520 522 521
f 445 443 442
f 849 848 842
f 480 755 493
f 1646 481 1639
f 311 1567 170
f 464 3497 3495
f 3497 1361 3495
f 234 236 235
f 190 192 191
f 153 152 149
f 231 286 230
f 1552 1551 1550
f 760 1648 488
f 3832 1649 3830
f 828 826 825
f 52 166 165
f 1663 1661 1660
f 287 115 286
f 668 670 669
f 634 640 639
f 553 559 554
f 118 33 516
f 492 491 490
f 3552 1651 3553
f 582 584 583
f 384 392 415
f 1381 1383 1380
f 1562 435 436
f 952 951 947
f 3529 583 584
f 1660 1667 1666
f 1394 1396 1393
f 1660 1664 1663
f 1671 1669 1668
f 1624 1673 1672
f 1407 1409 1410
f 1677 1675 1674
f 1613 1677 1625
f 1679 1676 1677
f 1626 3811 3814
f 534 198 539
f 176 150 159
f 803 734 800
f 400 191 192
f 65 143 144
f 3526 1656 3540
f 402 157 283
f 629 627 626
f 461 49 50
f 758 495 756
f 796 786 785
f 406 1513 1560
f 342 166 167
f 1694 1658 1695
f 1692 1694 1696
f 3557 1652 3552
f 3921 1703 3923
f 326 302 90
f 3916 1702 1706
f 3919 1698 1701
f 1699 3927 3918
f 1557 1560 1561
f 1127 1117 1128
f 400 289 346
f 1706 1707 1708
f 1707 1599 1600
f 1709 1708 1588
f 1714 1711 1713
f 3919 1709 1700
f 1704 1577 1703
f 1716 1713 1715
f 1559 1549 297
f 1722 1720 1719
f 1335 596 1489
f 410 377 378
f 973 1163 972
f 168 399 398
f 1571 1089 1093
f 1572 682 1571
f 749 647 754
f 1730 1723 1729
f 1594 1729 1592
f 1729 1591 1592
f 1731 1730 1583
f 1384 1377 1379
f 1732 1712 1714
f 1724 1731 1732
f 1712 1731 1580
f 1722 1732 1733
f 1721 1733 1734
f 1734 1716 1717
f 1735 1736 1697
f 1733 1714 1716
f 1663 1741 1668
f 1742 1740 1743
f 1738 1737 1735
f 1665 1666 1740
f 1665 1744 1664
f 1725 1746 1745
f 1591 1745 1590
f 1590 1747 1596
f 1745 1748 1747
f 1659 3538 3542
f 3287 3545 3282
f 1185 1182 1190
f 1664 1749 1741
f 1741 1739 1738
f 1746 1743 1748
f 1726 1742 1746
f 1153 924 925
f 1115 1153 1154
f 1654 3575 1655
f 1896 3549 1686
f 1720 1744 1726
f 1721 1749 1720
f 1750 1701 1698
f 1697 1750 1696
f 1151 1063 1062
f 1751 1670 1671
f 1695 1752 1751
f 961 986 981
f 1770 1768 1767
f 1766 1593 1765
f 1731 1579 1580
f 1579 1774 1578
f 3928 1771 3929
f 1764 3928 3917
f 1777 1775 1774
f 3762 1699 1700
f 1004 1128 1003
f 1774 1771 1772
f 987 1399 980
f 1578 1772 1764
f 1783 1781 1778
f 1597 1770 1767
f 639 3895 3884
f 3928 1769 1770
f 1793 1789 1788
f 3929 1798 1769
f 3508 3773 1806
f 1802 3924 3922
f 1788 1794 1793
f 1793 1795 1776
f 3773 1675 1806
f 1584 1783 1789
f 1771 3920 3929
f 1801 1798 1800
f 1768 1798 1799
f 1775 1797 1771
f 508 515 1520
f 1796 1802 1797
f 1800 3920 3922
f 1794 1804 1795
f 3532 1752 3547
f 485 1807 775
f 3809 1640 768
f 3837 1810 1653
f 485 1640 1808
f 1690 3770 3772
f 487 1648 1811
f 3839 1816 3822
f 3838 1648 3830
f 3839 1811 3838
f 1812 487 1811
f 1641 767 768
f 465 755 776
f 767 3823 3808
f 3822 3826 3847
f 1809 1815 767
f 3837 1651 3840
f 675 3541 3496
f 1814 1822 1821
f 1821 3821 3820
f 1824 1649 1825
f 1827 1850 1805
f 1668 1662 1663
f 1779 1848 1828
f 1790 1805 1794
f 1833 1853 1852
f 3521 693 575
f 1614 1616 1617
f 1852 3498 3501
f 1620 1622 1623
f 1855 1574 1861
f 1847 3501 3513
f 1766 1855 1782
f 1629 1631 1628
f 1633 1634 1632
f 1635 1637 1638
f 1848 1852 1847
f 1855 1863 1862
f 1803 1867 1802
f 1862 1831 1832
f 1782 1862 1781
f 3922 1865 1800
f 1873 1870 1869
f 1874 799 804
f 2045 3897 2044
f 1219 1295 1225
f 1615 1396 1395
f 3884 1877 1876
f 645 3786 3559
f 1345 1035 1346
f 634 3884 3880
f 15 1327 14
f 3910 1878 1893
f 1894 605 1893
f 3506 627 693
f 3560 645 3559
f 340 454 1558
f 1897 195 1898
f 1889 1877 1890
f 1901 129 1900
f 196 754 232
f 1705 3921 3916
f 340 166 343
f 1570 563 561
f 1904 194 1897
f 1781 1832 1780
f 1905 55 1906
f 1000 995 996
f 986 920 987
f 1191 1190 1194
f 2094 2075 2093
f 1920 1919 1915
f 453 1912 1911
f 1915 1918 1916
f 3882 2106 3901
f 1655 3531 1868
f 1916 1926 1925
f 704 3561 703
f 278 1925 1900
f 3565 1818 1820
f 1097 1115 1114
f 1927 727 1923
f 3578 3654 3758
f 1920 307 1929
f 1929 48 728
f 503 1497 1509
f 1902 787 796
f 1816 3820 3826
f 1925 1923 1924
f 1535 1568 1534
f 254 258 255
f 1509 366 367
f 119 35 36
f 219 293 294
f 141 47 431
f 542 244 245
f 1940 430 431
f 1779 1827 1790
f 1701 3915 3919
f 1661 3515 1667
f 270 754 647
f 197 749 196
f 1727 1212 1211
f 53 232 754
f 1465 1479 1478
f 1284 3854 1293
f 1951 412 413
f 168 1554 1553
f 1486 206 207
f 506 78 361
f 994 1007 993
f 951 963 964
f 1013 3861 1351
f 3826 1820 1818
f 1498 1954 1482
f 299 543 132
f 1754 1756 1753
f 1681 1683 1682
f 1696 1695 1697
f 13 738 737
f 473 475 474
f 482 768 1640
f 204 30 205
f 1761 820 819
f 611 1125 612
f 1501 1908 1909
f 1074 711 699
f 1960 82 83
f 120 1960 123
f 35 87 34
f 1773 1025 1031
f 1965 1569 1535
f 494 471 479
f 1966 1969 1968
f 446 1971 1967
f 174 125 126
f 1580 1578 1577
f 1785 1787 1784
f 1972 304 305
f 1254 875 999
f 1973 342 514
f 321 1973 509
f 1910 275 1907
f 509 514 508
f 1486 1527 1485
f 1974 804 1975
f 1977 1974 1978
f 1980 1966 1981
f 379 2 295
f 1718 1710 1701
f 884 992 883
f 1680 1678 1679
f 902 525 524
f 344 256 299
f 135 137 136
f 236 228 333
f 448 1967 1966
f 589 604 584
f 910 908 907
f 1981 1968 1987
f 1982 1987 1979
f 1988 1987 1989
f 1990 1989 1991
f 1991 1993 1992
f 322 320 319
f 992 830 883
f 1144 1086 1143
f 1995 1978 1994
f 1133 1118 1126
f 1997 1994 1996
f 870 1335 1489
f 805 1982 1998
f 727 2000 1999
f 1996 1988 1990
f 1994 1979 1988
f 1829 792 1273
f 1830 941 983
f 798 800 799
f 729 731 730
f 2011 2023 2022
f 1834 846 1159
f 402 284 347
f 2022 2024 2025
f 1838 989 988
f 810 952 809
f 1823 1840 644
f 1430 1432 1431
f 1215 1841 1079
f 149 176 177
f 1316 873 872
f 2112 1384 2106
f 1842 1844 1845
f 1159 845 1160
f 837 1846 1120
f 1971 2030 2027
f 517 370 189
f 858 833 812
f 1471 2027 1888
f 3551 626 627
f 2174 770 490
f 935 1854 1010
f 1613 1611 1618
f 1231 1225 1295
f 1856 891 892
f 1300 748 741
f 1150 1858 1859
f 1643 696 1642
f 1215 1264 1216
f 1320 902 901
f 1956 1944 1960
f 2031 669 1474
f 2034 1310 1299
f 1879 1656 1657
f 40 242 39
f 1992 2039 1456
f 888 957 889
f 1882 1996 1990
f 1078 1255 1077
f 1871 1192 1090
f 294 218 219
f 1323 2026 1471
f 123 83 1484
f 1324 2041 1323
f 384 359 352
f 1324 2038 2036
f 1883 1885 1829
f 287 114 107
f 1096 1134 661
f 915 931 916
f 806 1981 1982
f 3533 584 604
f 1425 2042 1018
f 1018 1948 1017
f 3562 740 3519
f 1948 649 646
f 1881 1990 1991
f 1900 130 278
f 992 994 993
f 923 925 924
f 3878 2047 3876
f 1643 625 606
f 2050 2051 2049
f 2045 1404 2047
f 3876 945 3885
f 1139 1079 1841
f 1037 892 982
f 2055 2057 2056
f 1198 718 717
f 1619 1612 1611
f 2058 1606 2059
f 2059 1607 2058
f 2058 1624 1605
f 71 179 37
f 405 1557 382
f 976 1006 977
f 322 1972 1911
f 2061 2063 2062
f 2066 2067 1825
f 2052 2064 2051
f 1609 2066 1647
f 1515 152 1516
f 1009 993 1007
f 1644 3815 2118
f 279 1916 278
f 1285 3862 1284
f 1647 1825 1649
f 2056 2067 2065
f 319 1953 1952
f 667 1913 1914
f 2070 625 2048
f 2052 2055 2063
f 2038 1655 1458
f 1606 2073 2072
f 1235 1270 1236
f 2072 2075 2074
f 2059 2072 2062
f 2074 2077 2076
f 1601 2078 2073
f 2049 1643 1645
f 1000 1001 994
f 1089 684 689
f 1931 1306 1930
f 1462 1021 1022
f 1932 1934 1935
f 875 1846 998
f 1936 1937 1938
f 44 46 92
f 1534 1956 120
f 1541 317 391
f 2081 2084 2083
f 146 1959 300
f 1360 1942 1361
f 985 1032 1033
f 1995 1892 2043
f 2079 2082 2081
f 2095 2076 2077
f 2081 2078 2079
f 2055 2054 2053
f 501 2095 500
f 2097 2099 2098
f 2098 2094 2083
f 2140 3893 3866
f 2141 3894 3893
f 2051 2048 2049
f 592 2101 1576
f 2071 2076 2096
f 2102 2098 2101
f 593 2102 592
f 1019 746 747
f 1950 12 1327
f 725 2096 501
f 1385 2104 1379
f 1379 2106 1384
f 2107 2100 2097
f 3908 502 3896
f 3896 499 3901
f 940 2109 944
f 928 1170 973
f 3868 684 3899
f 1962 1964 1961
f 3878 573 3897
f 2039 1968 1969
f 1389 2110 2109
f 1398 2113 1397
f 3757 3753 3743
f 3911 2107 2103
f 949 924 1115
f 260 324 326
f 1390 2113 2110
f 2070 2064 2071
f 3867 2103 593
f 2105 1421 2114
f 2114 1423 2115
f 3892 2115 3903
f 3908 2114 3892
f 554 1902 553
f 972 967 966
f 1765 1573 1574
f 1984 1986 1983
f 2053 2069 2057
f 3573 724 714
f 1625 1674 1673
f 3881 2119 2122
f 3903 2123 3904
f 56 1906 55
f 626 3879 629
f 2001 2003 2004
f 3912 2127 3907
f 2006 2008 2009
f 2127 1412 2128
f 2014 2016 2017
f 2018 2020 2021
f 1495 1947 197
f 1379 1386 1385
f 3814 1680 1618
f 2029 1884 2028
f 3902 2120 3887
f 629 3914 3872
f 682 943 1089
f 724 2121 716
f 1757 3821 3845
f 765 3844 3809
f 3851 715 3852
f 706 3870 3872
f 981 987 980
f 1457 1656 1880
f 2017 2032 2033
f 1458 1868 1457
f 1776 1792 1793
f 1959 1946 1958
f 3663 3725 3661
f 3913 2122 3850
f 1093 689 1088
f 966 968 972
f 3852 3881 3913
f 2172 2170 2171
f 670 2137 669
f 3761 1903 233
f 1429 28 1449
f 964 978 971
f 3841 1413 2127
f 1473 669 2137
f 3834 1359 1358
f 2138 1870 2137
f 1872 2137 1870
f 715 3888 3881
f 1881 1992 1880
f 3843 739 740
f 1837 3513 3514
f 253 59 85
f 1808 3840 1807
f 1647 3818 1609
f 3865 671 668
f 2112 3883 2111
f 1405 2044 1438
f 3829 1364 1366
f 273 391 249
f 576 3520 3555
f 3875 668 2031
f 1430 2140 2139
f 2136 3860 28
f 1430 18 19
f 3893 570 695
f 1442 2046 2141
f 1431 2141 2140
f 3869 3850 2136
f 3808 1817 766
f 3866 695 671
f 2142 798 2138
f 571 2142 694
f 3819 1618 1611
f 2143 2025 2142
f 694 2138 670
f 681 2144 572
f 2144 2022 2143
f 328 457 290
f 1572 2011 2144
f 630 3903 624
f 2085 2087 2088
f 2090 2092 2089
f 572 2143 571
f 1875 2153 2149
f 1873 2149 2154
f 2103 2097 2102
f 2157 2155 2156
f 2128 1414 2120
f 3874 589 582
f 3872 628 629
f 2149 2158 2159
f 2159 3905 3890
f 698 3902 705
f 3823 3827 1817
f 2158 3874 3905
f 1438 2046 1439
f 2035 2160 2161
f 2161 3889 3886
f 3871 605 589
f 3873 18 3875
f 370 61 451
f 649 413 648
f 2153 2156 2158
f 1428 1449 1450
f 1490 73 1488
f 3890 710 633
f 2155 3891 3871
f 1456 1880 1992
f 2125 2087 2124
f 2160 3890 3889
f 300 505 323
f 1064 1046 1065
f 2043 1891 2155
f 2129 2004 2003
f 2131 2133 2134
f 3848 1450 1449
f 1998 804 805
f 3879 3864 3914
f 474 490 770
f 1164 1182 1177
f 707 3909 3870
f 708 2162 707
f 2162 3886 3909
f 548 1905 458
f 1145 1114 1171
f 705 1650 704
f 2043 1977 1995
f 737 554 559
f 1034 1191 1023
f 458 1907 275
f 195 232 233
f 2040 1969 1970
f 2145 2147 2148
f 2054 2049 1645
f 3832 1639 3818
f 9 11 10
f 252 506 258
f 472 479 471
f 1865 3791 3503
f 900 910 907
f 1941 2151 1942
f 1921 1927 1919
f 2163 1898 2116
f 271 153 178
f 1904 12 9
f 282 264 460
f 1872 2154 2035
f 1326 1897 2163
f 628 693 627
f 1724 1719 1723
f 1549 436 172
f 1582 1730 1729
f 1921 1929 1928
f 3563 10 11
f 2152 1950 1949
f 475 774 771
f 769 2171 473
f 2171 476 473
f 476 772 475
f 1791 464 1760
f 2166 2168 2169
f 595 372 98
f 483 1641 482
f 762 2173 470
f 771 484 492
f 486 1809 483
f 297 1517 296
f 763 2174 762
f 776 759 489
f 184 2176 2000
f 412 303 414
f 2005 185 224
f 3811 1682 3846
f 2164 756 764
f 1472 2161 2162
f 950 964 965
f 2177 2179 2180
f 227 1510 333
f 764 467 2164
f 2182 2184 2181
f 2186 2018 2185
f 1985 2181 1986
f 214 729 1531
f 1545 1546 1569
f 865 842 866
f 849 1357 1362
f 452 1558 454
f 559 3188 737
f 16 737 3188
f 560 498 374
f 3193 3195 3194
f 3200 3198 3199
f 3211 3213 3212
f 3215 3217 3216
f 2187 2002 2001
f 2169 2189 2190
f 2192 2085 2191
f 2193 2195 2196
f 2198 2200 2197
f 1998 1979 1975
f 3664 3668 3671
f 2116 1903 1902
f 1859 2009 1150
f 3904 2126 3906
f 1135 1087 1130
f 2201 2015 2014
f 1149 110 1858
f 3221 3218 3215
f 2203 2205 2206
f 579 1895 1019
f 1755 2208 1756
f 3891 1893 605
f 1211 2150 1727
f 868 2210 2209
f 944 930 940
f 2130 2202 2201
f 233 1898 195
f 665 750 666
f 1167 999 618
f 2211 2213 2214
f 2215 2217 2218
f 3867 590 3868
f 2220 220 2219
f 823 948 1094
f 3225 3227 3226
f 266 455 265
f 3882 2107 3883
f 2221 3519 3517
f 2223 2225 2226
f 2207 2124 2208
f 673 3869 3864
f 817 996 815
f 2227 2146 2145
f 1947 646 749
f 3900 17 3873
f 2229 1638 1381
f 1679 1618 1680
f 1637 2232 2230
f 2233 1617 1616
f 2231 2236 2237
f 1381 2238 1382
f 3586 2242 3587
f 1630 2233 1631
f 1681 472 469
f 1408 2243 2244
f 3236 3238 3237
f 3232 3240 3235
f 1637 2238 1638
f 3237 3233 3234
f 1409 1634 2245
f 1380 2247 2246
f 1628 2245 1621
f 2249 1622 1633
f 1632 1408 2244
f 2248 1631 2250
f 2235 1637 1636
f 3245 3199 3198
f 631 2071 725
f 515 52 49
f 782 2251 1251
f 2253 2255 2252
f 397 459 784
f 1456 2040 1455
f 2040 2036 1455
f 1401 2111 1398
f 2041 1970 2026
f 1535 414 1965
f 1586 2080 2079
f 2256 1132 1886
f 1700 3918 3919
f 3815 1686 3817
f 1263 1886 1096
f 598 844 599
f 2257 2259 2260
f 2258 2262 2259
f 2259 2263 2216
f 2260 2216 2215
f 1967 1970 1969
f 2212 1963 2213
f 922 2218 2217
f 1312 1101 2264
f 1307 1286 789
f 1548 1546 1972
f 2266 2268 2265
f 2265 2270 2269
f 2272 2269 2271
f 2273 2265 2272
f 2275 2277 2274
f 2278 2277 2279
f 2284 3617 3639
f 2287 2286 2281
f 2288 2283 2287
f 2290 3639 3620
f 2291 2293 2294
f 2295 2294 2279
f 2296 2291 2295
f 2297 2292 2291
f 2294 2299 2300
f 2279 2300 2278
f 2298 2302 2292
f 2292 2303 2293
f 2293 2304 2299
f 2304 2306 2299
f 2306 2300 2299
f 2308 2310 2307
f 2302 2310 2303
f 2301 2307 2302
f 2312 2307 2311
f 2313 2315 2316
f 2318 2320 2317
f 3748 2322 2323
f 2324 2273 2326
f 2313 2326 2327
f 2328 2313 2316
f 2329 2324 2328
f 2331 2333 2330
f 2330 2267 2266
f 2325 2266 2273
f 2329 2330 2325
f 2333 2335 2267
f 2336 2333 2332
f 2338 2332 2337
f 2331 2337 2332
f 2329 2339 2331
f 2328 2340 2329
f 2316 2341 2328
f 2342 2315 2343
f 2344 2346 2347
f 2341 2347 2340
f 2342 2344 2341
f 2348 2345 2344
f 2350 2352 2353
f 2339 2353 2337
f 2340 2350 2339
f 2347 2351 2350
f 2337 2354 2338
f 2353 2355 2354
f 2356 2276 2357
f 2356 2358 2359
f 2356 2296 2295
f 2279 2356 2295
f 2360 2270 2268
f 2267 2360 2268
f 2362 2364 2365
f 2362 2361 2358
f 2366 2358 2357
f 2366 2363 2362
f 2357 2368 2366
f 2366 2369 2367
f 2276 2370 2368
f 2368 2282 2369
f 2372 2374 2371
f 2375 2377 2007
f 2378 2380 2381
f 2382 2381 2383
f 2384 2378 2382
f 2385 2379 2378
f 2388 2390 2387
f 2387 2392 2391
f 2393 2387 2391
f 2394 2388 2387
f 2186 2402 2400
f 2403 2327 2326
f 2272 2326 2273
f 2271 2403 2272
f 2405 2404 2403
f 2404 2408 2327
f 2409 2411 2412
f 2409 2271 2269
f 2413 2269 2270
f 2413 2410 2409
f 2417 2416 2418
f 2417 2406 2405
f 2412 2405 2271
f 2411 2417 2412
f 2406 2407 2404
f 3569 632 713
f 2420 2397 2421
f 2420 2423 2422
f 2424 2422 2419
f 2424 2398 2420
f 2425 2392 2426
f 2421 2426 2423
f 2397 2425 2421
f 2396 2391 2425
f 2427 2315 2314
f 2427 2408 2428
f 2430 2428 2429
f 2343 2427 2430
f 2432 2430 2431
f 2431 2429 2433
f 2435 2433 2434
f 2436 2431 2435
f 2428 2407 2437
f 2422 2407 2419
f 2438 2422 2423
f 2429 2437 2438
f 2440 2433 2439
f 2441 2433 2429
f 2442 2439 2441
f 2443 2440 2439
f 2445 2444 2443
f 2447 2443 2442
f 2383 2445 2447
f 2381 2446 2445
f 2448 2423 2426
f 2449 2426 2392
f 2441 2449 2442
f 2441 2438 2448
f 2449 2390 2450
f 2450 2389 2451
f 2447 2451 2383
f 2442 2450 2447
f 2451 2453 2452
f 2452 2455 2454
f 2382 2454 2384
f 2383 2452 2382
f 2456 2373 2372
f 2459 2461 2458
f 2463 2465 2462
f 2462 2285 2284
f 2466 2284 2290
f 2467 2462 2466
f 2461 3703 3701
f 2468 2470 2471
f 2472 2471 2473
f 2474 3701 3688
f 2475 2477 2478
f 2458 2453 2479
f 2479 2389 2388
f 2395 2479 2388
f 2480 2458 2479
f 2481 2483 2478
f 2484 2485 221
f 2471 2464 2463
f 2473 2463 2467
f 2487 2466 2486
f 2486 2290 2488
f 2490 2488 2489
f 2491 2486 2490
f 2492 2467 2487
f 2493 2487 2491
f 2494 2492 2493
f 2495 2473 2492
f 3690 2474 3688
f 3691 2496 3690
f 2498 2493 2499
f 2500 2499 2501
f 3700 2498 2500
f 3687 2494 2498
f 2306 2278 2300
f 2305 2504 2306
f 2504 2507 2506
f 2506 2288 2508
f 2274 2508 2275
f 2278 2506 2274
f 3633 2489 2488
f 3620 2488 2290
f 2507 2289 2288
f 2505 2509 2507
f 2508 2287 2511
f 2511 2281 2280
f 2370 2280 2282
f 2275 2511 2370
f 2512 2489 2513
f 2514 2513 2515
f 2517 2514 2516
f 2517 2490 2512
f 2499 2491 2517
f 2499 2516 2501
f 2510 2519 2518
f 2518 2521 2520
f 3616 2520 3621
f 3632 2518 3616
f 2522 2303 2310
f 2523 2310 2309
f 2305 2522 2524
f 2524 2523 2525
f 2519 2525 2521
f 2505 2524 2519
f 2308 2527 2526
f 2526 2529 2528
f 2531 2528 2530
f 2309 2526 2531
f 1214 2151 1211
f 2419 2418 2424
f 2533 2349 2317
f 2534 2317 2320
f 2535 2533 2534
f 2536 2345 2533
f 2537 2346 2536
f 2538 2536 2535
f 2539 2537 2538
f 2540 2351 2537
f 2312 2541 2527
f 2527 2542 2529
f 2543 2434 2544
f 2545 2544 2546
f 2319 2543 2545
f 2318 2435 2543
f 2514 2548 2547
f 2547 2550 2549
f 2552 2549 2551
f 2552 2514 2547
f 2520 2554 2553
f 2553 2556 2555
f 3590 2555 3593
f 3621 2553 3590
f 2523 2531 2557
f 2557 2530 2558
f 2525 2557 2559
f 2559 2558 2560
f 2554 2560 2556
f 2521 2559 2554
f 2561 2007 2006
f 2376 2225 2377
f 2564 2566 2563
f 2563 338 2567
f 2569 2567 2568
f 2570 2563 2569
f 2572 2574 2571
f 2571 2576 2575
f 2544 2575 2546
f 2544 2572 2571
f 2578 2569 2577
f 2579 2569 2568
f 2574 2579 2576
f 2573 2577 2574
f 2581 2583 2580
f 2584 2583 2585
f 3697 2580 2584
f 3676 2580 3675
f 2582 2552 2583
f 2583 2551 2585
f 2500 2589 2588
f 2590 2589 2591
f 3693 2588 2590
f 3695 2500 2588
f 2501 2591 2589
f 2592 2594 2595
f 2386 2503 2502
f 2596 2386 2374
f 2596 2373 2597
f 2599 2597 2598
f 2599 2379 2596
f 2600 2380 2599
f 2600 2598 2601
f 2603 2601 2602
f 2603 2446 2600
f 2604 2602 2605
f 2440 2605 2434
f 2444 2604 2440
f 2606 2581 2607
f 2606 2590 2591
f 2591 2582 2606
f 3676 2456 3689
f 3689 2372 3693
f 2478 2608 2481
f 2609 2611 2199
f 2564 2613 2612
f 2612 2598 2597
f 2457 2597 2373
f 2565 2612 2457
f 2614 2570 2578
f 2615 2578 2573
f 2602 2614 2615
f 2601 2613 2614
f 2572 2605 2616
f 2616 2602 2615
f 2573 2616 2615
f 1459 1045 1021
f 1265 1079 1082
f 1612 1609 1611
f 2067 2069 2068
f 1135 1136 1148
f 1938 2618 2617
f 95 458 128
f 2058 1608 1612
f 1454 1445 1367
f 655 1048 2619
f 722 2621 723
f 1131 1033 1134
f 562 366 1497
f 1723 1725 1591
f 1786 1122 1787
f 267 323 266
f 1325 1654 2038
f 1468 1435 1479
f 658 529 528
f 8 247 7
f 382 1559 3
f 788 1307 789
f 940 929 928
f 911 2623 912
f 2621 655 654
f 2624 2625 2626
f 998 27 26
f 635 2626 2625
f 2627 644 1840
f 2628 1840 2629
f 1200 2627 2628
f 1199 641 2627
f 1520 49 477
f 1452 1349 1451
f 2630 1859 1858
f 644 1335 1823
f 1197 717 2632
f 2632 719 1166
f 2628 1166 1200
f 2629 2632 2628
f 1762 1050 821
f 1823 873 1839
f 2634 794 652
f 1028 1027 1161
f 1042 2635 1043
f 93 1901 1924
f 2036 1458 1455
f 1527 1525 1526
f 877 1274 1277
f 134 797 1544
f 1328 931 1329
f 607 1091 1161
f 1043 2637 2636
f 2636 2639 2638
f 1275 2638 1276
f 1275 1043 2636
f 1272 2626 2640
f 2640 638 637
f 1110 2640 637
f 536 2640 2641
f 1472 1474 1473
f 2042 1951 649
f 1058 1105 1059
f 2642 2643 2644
f 1192 2644 1193
f 912 2642 1192
f 3898 3526 3786
f 1049 2620 2621
f 616 1885 613
f 1331 666 750
f 990 1198 525
f 1911 321 322
f 1298 1205 2645
f 76 1504 75
f 1502 421 422
f 610 658 691
f 1146 659 938
f 2646 914 936
f 1280 1238 1279
f 975 2647 2648
f 2647 975 974
f 1453 1452 1451
f 1514 158 151
f 835 1843 1842
f 1271 1173 1289
f 2649 813 2650
f 1893 1826 1894
f 1050 1937 1051
f 2651 814 813
f 1006 1281 977
f 2653 2654 2655
f 1001 1003 1002
f 585 679 558
f 2624 621 620
f 555 2028 556
f 1207 1197 2629
f 1626 478 472
f 426 419 1567
f 1030 1773 1031
f 3898 634 3880
f 534 138 262
f 1125 1042 1041
f 333 88 227
f 569 561 730
f 1489 871 870
f 1857 620 891
f 1673 3770 3763
f 622 864 1308
f 2647 974 2657
f 619 891 620
f 261 545 262
f 393 1556 404
f 2658 2647 2657
f 1075 2657 917
f 1081 2658 1075
f 1080 2659 2658
f 2644 1141 2660
f 2660 1140 1336
f 642 1336 643
f 1193 2660 642
f 679 555 558
f 1503 1500 1502
f 1318 1101 1100
f 2661 1139 1142
f 2661 2663 2662
f 2662 2659 2661
f 2662 2622 2664
f 2664 911 2646
f 2648 2646 1146
f 2648 2662 2664
f 2083 2093 2081
f 1442 1437 1439
f 519 330 51
f 1885 1209 613
f 799 805 804
f 1946 1952 1953
f 1302 1253 1252
f 566 224 533
f 1389 928 1388
f 683 681 680
f 836 1842 2665
f 2665 1845 1303
f 2666 1303 1302
f 24 2665 2666
f 831 2650 832
f 1845 1304 1303
f 2010 2012 2011
f 1051 2667 2668
f 1522 1511 1523
f 531 441 522
f 782 1251 1250
f 1250 2625 2669
f 2669 1857 1856
f 783 1856 1037
f 782 2669 783
f 720 2671 721
f 1055 1930 1056
f 1333 1251 2251
f 619 1308 1307
f 652 2619 2634
f 521 1539 1540
f 1838 537 2672
f 2672 536 2641
f 1113 2641 1110
f 1113 1838 2672
f 1016 1351 1045
f 3897 570 3894
f 226 104 101
f 3564 3827 1818
f 1036 1884 1883
f 2674 1304 2673
f 2673 1844 2675
f 1334 2675 1039
f 1333 2673 1334
f 2676 1039 2675
f 1843 2675 1844
f 942 2676 1843
f 1074 702 2676
f 811 859 858
f 752 1055 753
f 1200 656 1026
f 1120 874 2677
f 2677 877 1052
f 1241 1052 1005
f 1119 2677 1241
f 1560 151 1515
f 1208 611 523
f 215 736 214
f 1460 1462 1461
f 1208 1839 873
f 854 1282 1297
f 72 182 179
f 544 1565 512
f 217 456 457
f 2047 930 945
f 1204 1937 2633
f 913 686 685
f 840 1113 1112
f 1531 730 561
f 2678 1283 801
f 601 1914 602
f 1537 459 460
f 1819 3509 3527
f 991 862 538
f 2679 1073 1830
f 2680 983 2256
f 779 2256 1263
f 778 2680 779
f 2678 1830 2680
f 180 245 40
f 1886 1131 1134
f 1138 1274 1255
f 1841 1140 1139
f 75 314 74
f 193 420 192
f 2681 1099 1098
f 170 1565 169
f 349 417 432
f 1121 2684 2683
f 547 409 302
f 123 121 120
f 2643 1142 1141
f 1542 513 1543
f 899 907 919
f 1210 676 867
f 791 982 892
f 24 837 836
f 893 932 931
f 1860 863 862
f 535 862 861
f 832 813 812
f 2650 813 832
f 1569 1547 1568
f 181 542 180
f 660 937 688
f 2013 568 2012
f 887 2631 2630
f 1524 361 78
f 520 162 1529
f 2653 854 2685
f 1238 2655 2686
f 718 527 530
f 1492 518 1491
f 792 615 793
f 599 1835 596
f 290 456 175
f 312 1552 425
f 1248 1179 1249
f 153 177 178
f 1240 1222 1221
f 1257 1235 1071
f 1291 1083 1222
f 1052 1277 1053
f 743 2618 1204
f 444 430 443
f 23 1172 1187
f 2687 1180 1179
f 102 409 134
f 1283 610 801
f 373 650 651
f 1180 1084 1291
f 855 2655 1237
f 1173 1917 1174
f 2689 853 2688
f 2688 1108 1279
f 2686 1279 1238
f 2687 2688 2686
f 2691 1252 2690
f 2690 850 2689
f 1248 2689 2687
f 1248 2691 2690
f 2692 24 2666
f 2691 2666 1302
f 1247 2692 2691
f 1258 617 2692
f 394 1555 393
f 2693 1259 1223
f 1072 1262 1261
f 1257 1168 1258
f 398 1555 1554
f 871 1314 872
f 1178 1249 1179
f 1224 1173 1172
f 1010 2618 742
f 1175 1292 1269
f 2654 2686 2655
f 2694 1216 1264
f 71 1487 70
f 701 1111 1038
f 1072 2649 2650
f 1085 22 21
f 895 1264 896
f 1601 1605 1604
f 1259 1271 1289
f 21 1220 1083
f 988 538 537
f 598 1336 1140
f 820 1762 821
f 1050 818 821
f 1298 1761 2652
f 1168 618 617
f 858 1256 833
f 39 516 1536
f 2652 819 814
f 313 315 314
f 2026 1971 2027
f 2656 596 1835
f 814 818 811
f 2696 813 2649
f 1260 2649 1261
f 2693 2696 1260
f 2697 2651 2696
f 381 390 380
f 3818 1611 1609
f 1475 1428 1227
f 1292 1917 1235
f 1551 354 1518
f 1526 1523 1511
f 1593 1595 1573
f 1232 1246 1249
f 2695 1223 22
f 2698 1296 2697
f 2698 2693 2695
f 2685 2695 1085
f 2685 1297 2698
f 562 271 272
f 2652 1296 1298
f 1365 1364 1363
f 1958 1953 1957
f 585 2210 997
f 1561 1515 435
f 975 1146 976
f 347 68 346
f 1038 636 1068
f 2700 780 2699
f 2699 1036 1883
f 2701 1883 1829
f 851 2699 2701
f 2674 2251 2702
f 2702 781 2700
f 1253 2700 851
f 1301 2702 1253
f 1519 388 1550
f 1273 1280 2703
f 2703 1107 852
f 2701 852 851
f 1829 2703 2701
f 91 326 90
f 1784 2656 1785
f 2683 2705 2704
f 604 3499 3533
f 1669 3548 1662
f 2062 2060 2059
f 621 861 622
f 2023 732 2024
f 686 1263 687
f 857 2668 1328
f 883 882 879
f 637 1111 1110
f 2668 893 1328
f 2667 894 2668
f 1039 1068 1334
f 313 1504 1505
f 1911 305 453
f 1936 1964 2212
f 2707 2401 2183
f 2708 2183 2182
f 738 2116 554
f 2349 2432 2436
f 2711 2020 2019
f 2400 2019 2186
f 2714 2716 2713
f 2717 2719 2720
f 2721 2723 2724
f 2726 2728 2725
f 2725 2730 2729
f 2731 2729 2709
f 2732 2725 2731
f 2734 2736 2733
f 2738 2740 2737
f 2737 2741 2742
f 2744 2746 2743
f 2745 2748 2747
f 2749 2747 2751
f 2753 2751 2752
f 2250 2246 2248
f 2754 1614 2755
f 3598 2755 3609
f 3608 2747 3609
f 1617 2755 1614
f 2242 1620 2757
f 2191 2760 2759
f 2761 2760 2762
f 3648 2761 3649
f 3623 2759 3648
f 3209 3223 3224
f 1395 2236 2235
f 1395 1636 1615
f 1616 2229 2233
f 1617 2763 2756
f 2756 3628 3608
f 2765 2234 1630
f 2766 3628 3622
f 3202 3246 3247
f 1516 435 1515
f 2768 3552 3553
f 1495 578 1424
f 2135 28 17
f 3526 2773 2774
f 1690 3926 3925
f 2778 2780 2777
f 2777 2781 2782
f 2784 2777 2783
f 3555 575 576
f 1494 9 540
f 3529 2015 3566
f 451 505 450
f 2786 2788 2785
f 2779 2785 2780
f 2789 2741 2740
f 2790 2752 2789
f 2792 2794 2791
f 2793 2796 2794
f 2796 2750 2749
f 2794 2749 2753
f 2798 1396 2754
f 3591 2754 3598
f 2798 2800 1393
f 3591 2799 2798
f 2797 2795 2801
f 2791 2753 2790
f 216 232 54
f 3804 2807 3803
f 3805 2804 3803
f 2769 3557 3552
f 183 184 97
f 2811 2775 2776
f 2804 2776 2805
f 2809 2811 2804
f 2812 2813 2814
f 3805 2816 3795
f 3796 2815 3795
f 3798 2820 2821
f 3793 2819 3798
f 2824 2735 2819
f 2823 2824 2819
f 2825 2826 2724
f 3793 2827 3792
f 3796 2826 3792
f 2713 2829 2828
f 2828 2831 2830
f 2822 2828 2830
f 2821 2713 2828
f 2832 2822 2830
f 2833 2830 2831
f 2834 2832 2833
f 2835 2827 2832
f 2837 2839 2836
f 2836 2841 2840
f 2842 2840 2727
f 2843 2836 2842
f 2840 2845 2844
f 2718 2845 2719
f 2730 2844 2718
f 2727 2844 2728
f 2846 2719 2845
f 2846 2841 2847
f 2829 2847 2831
f 2829 2716 2846
f 2847 2839 2848
f 2848 2838 2849
f 2833 2849 2834
f 2831 2848 2833
f 2850 2851 2852
f 2853 2852 2854
f 2783 2782 2855
f 2785 2853 2856
f 2780 2856 2781
f 2857 2855 2782
f 2859 2782 2781
f 2861 2842 2860
f 2860 2727 2726
f 2862 2726 2732
f 2863 2860 2862
f 2861 2858 2857
f 2843 2857 2859
f 2856 2854 2864
f 2781 2864 2859
f 2837 2859 2864
f 2838 2864 2854
f 2852 2834 2849
f 2854 2849 2838
f 2865 2818 2835
f 2851 2835 2834
f 2813 2815 2865
f 2814 2865 2851
f 2866 2814 2850
f 2788 2850 2853
f 2866 2787 2867
f 2812 2867 2775
f 1892 1890 1891
f 2720 2846 2870
f 298 256 257
f 2872 2713 2820
f 3794 2735 2734
f 2729 2874 2873
f 2846 2715 2870
f 2876 2878 2875
f 2733 2878 2734
f 3806 2879 2880
f 3806 2872 3794
f 2882 2884 2881
f 2881 2715 2714
f 2880 2714 2872
f 2879 2881 2880
f 2885 2887 2888
f 2888 2890 2885
f 2885 2892 2891
f 2893 2885 2891
f 1942 2532 2894
f 2895 2720 2870
f 2884 2870 2715
f 2883 2895 2884
f 2896 2892 2895
f 2889 2717 2890
f 2890 2720 2892
f 2897 2891 2896
f 2898 2896 2883
f 2899 2883 2882
f 2900 2882 2879
f 3797 2879 3807
f 2876 2901 2877
f 2901 2904 2903
f 1785 1835 1834
f 2905 2899 2900
f 2907 2897 2898
f 3797 2903 3799
f 632 577 633
f 3532 2867 2787
f 434 550 350
f 2768 3640 3643
f 2910 1623 2249
f 2241 2758 2242
f 3640 2913 3652
f 1623 2757 1620
f 3587 2757 3652
f 2229 1380 2250
f 2765 1629 2914
f 2915 1629 2912
f 3642 2914 2915
f 3641 2765 2914
f 2919 3642 3613
f 2918 2912 2241
f 3614 2241 3586
f 3618 3613 3670
f 3541 2180 3496
f 3521 2188 3506
f 3705 714 3851
f 2925 2917 2924
f 2924 2916 2919
f 3610 2919 3618
f 3611 2924 3610
f 2926 2766 2925
f 3658 2925 3611
f 1715 1705 1710
f 785 498 796
f 1387 565 1791
f 374 1899 560
f 3573 2206 3556
f 2929 2886 2893
f 2932 2934 2931
f 1905 1908 1907
f 2930 2936 2937
f 2938 2930 2929
f 1493 517 518
f 1603 1586 1602
f 2939 2929 2908
f 2940 2908 2907
f 3665 1600 3661
f 2886 2937 2887
f 2906 2898 2899
f 2908 2893 2897
f 2942 2933 2941
f 2941 2937 2936
f 3501 2936 3513
f 3498 2941 3501
f 2943 2710 2873
f 2943 2874 2889
f 2945 2889 2888
f 2946 2943 2945
f 2932 2888 2887
f 2931 2945 2932
f 727 1929 728
f 2903 2947 2948
f 545 42 262
f 1480 533 251
f 2907 2949 2940
f 2906 2950 2949
f 1558 215 202
f 3799 2948 3801
f 2054 1644 2118
f 3705 2203 3573
f 1828 1849 1827
f 2953 2955 2952
f 2952 2957 2956
f 2956 2258 2952
f 2953 2258 2257
f 2454 2474 2496
f 3747 2959 3766
f 3747 2131 3737
f 2961 2963 2958
f 2958 2964 2959
f 222 2485 2965
f 2477 2966 2608
f 2631 2006 1859
f 2384 2496 2497
f 2967 2959 2964
f 2968 2970 2969
f 3759 2971 3784
f 3784 2960 3766
f 2972 2033 2032
f 2007 2973 2008
f 3560 2134 2133
f 1836 1832 1831
f 3506 2090 3551
f 955 959 956
f 672 674 673
f 633 713 632
f 2024 733 803
f 2025 803 798
f 425 1550 388
f 2975 888 887
f 1319 1157 2694
f 1212 2977 1213
f 889 2228 2227
f 1978 1975 1979
f 1138 1329 915
f 751 2979 2978
f 1619 1625 1624
f 2252 1728 1727
f 1157 845 1216
f 2706 1938 2617
f 2980 2254 2981
f 2982 887 2630
f 802 711 2679
f 678 2029 2028
f 527 690 528
f 1839 2629 1840
f 2983 602 1914
f 2983 1913 1331
f 2985 1331 1054
f 2986 2983 2985
f 2987 2635 2634
f 2985 2639 2986
f 2990 1318 2989
f 2991 2993 2994
f 2995 2994 2996
f 1106 2991 2995
f 1058 2992 2991
f 1415 1365 1367
f 1317 2217 2997
f 1932 2255 2980
f 926 2999 664
f 3001 2992 3000
f 3000 1057 2978
f 2999 2978 2979
f 2998 3000 2999
f 3002 2209 3003
f 3002 2996 2994
f 2993 3002 2994
f 3001 2998 3002
f 1103 2995 3004
f 3004 2996 3003
f 2209 3004 3003
f 588 3004 2210
f 295 433 381
f 2638 2988 3005
f 3005 1056 1930
f 1305 1930 1306
f 1276 3005 1305
f 1987 1993 1989
f 2633 1761 2645
f 1423 1417 1419
f 3561 739 703
f 2671 2704 2705
f 1473 2035 1472
f 922 2694 895
f 1401 1378 1384
f 556 1884 1037
f 842 3825 3836
f 1854 2617 1010
f 933 1081 1075
f 1440 1436 1437
f 529 719 530
f 1031 1027 1028
f 777 912 1871
f 2645 1204 2633
f 441 1538 1537
f 790 587 586
f 2065 1610 1607
f 1860 990 902
f 60 87 59
f 1424 1948 1947
f 332 1507 331
f 261 138 135
f 187 449 507
f 1719 1726 1725
f 1931 1059 3006
f 3006 1105 1104
f 1287 1104 587
f 1286 3006 1287
f 3007 3009 3010
f 3009 653 795
f 618 26 25
f 2029 1210 1209
f 957 600 2228
f 1049 2228 600
f 2631 3011 2561
f 890 2227 3011
f 3011 2145 3012
f 2561 3012 2375
f 1026 609 608
f 2706 1961 1964
f 3013 2485 3014
f 2148 1267 3015
f 3015 1266 1311
f 2997 1101 1317
f 642 1773 1193
f 186 461 511
f 1041 1320 901
f 1121 3017 1122
f 2984 2987 3018
f 3018 2634 2619
f 1048 3018 2619
f 603 2984 3018
f 2679 801 802
f 2062 2074 2061
f 2061 2076 2064
f 414 1545 1965
f 3016 2683 3019
f 3019 2704 2670
f 3020 2670 720
f 3007 3019 3020
f 1871 1091 777
f 3021 1122 3017
f 3022 3017 3010
f 1314 3022 1315
f 1784 3021 1314
f 1316 1763 611
f 3023 3010 3009
f 3023 795 1092
f 1763 1092 1125
f 1315 3023 1763
f 3016 3010 3017
f 752 2978 1057
f 2986 2637 2987
f 3024 653 3008
f 3020 3008 3007
f 720 3024 3020
f 723 654 3024
f 2681 1268 3025
f 2671 1268 721
f 2705 3025 2671
f 1313 3027 1311
f 3026 3029 3027
f 3027 3030 3031
f 1311 3031 3015
f 2012 731 2023
f 917 974 977
f 743 856 744
f 1888 2030 1425
f 2682 2684 3032
f 3032 1124 2989
f 1100 2989 1318
f 1099 3032 1100
f 1123 2989 1124
f 3033 1159 1158
f 2990 1158 1319
f 1123 3033 2990
f 1786 1834 3033
f 1054 2988 2985
f 2979 664 2999
f 2623 2663 2643
f 1095 688 687
f 3034 2261 2956
f 3036 2956 2957
f 3037 3034 3036
f 3038 3035 3034
f 3040 3026 1313
f 2263 3041 3040
f 3042 3043 3041
f 3041 3028 3026
f 3044 3043 3039
f 3046 3045 3044
f 3047 3049 3045
f 3043 3049 3028
f 3038 3051 3050
f 3050 3053 3052
f 3052 3044 3050
f 3039 3050 3044
f 3054 3039 3042
f 3042 2262 3054
f 2261 3054 2262
f 2216 2997 2217
f 2212 2667 1936
f 3056 2209 3055
f 934 1961 1854
f 2013 3757 567
f 3058 3060 3061
f 3059 3063 3060
f 3060 2213 1963
f 3061 1963 1962
f 3063 2214 2213
f 3062 3064 3063
f 3065 2260 3064
f 3064 2215 2214
f 3066 3031 3030
f 2608 3067 3066
f 2966 3068 3067
f 3031 3068 3015
f 2455 2461 2474
f 2476 2226 2477
f 3551 2089 3525
f 3526 3769 3786
f 433 355 381
f 2115 1419 2123
f 3509 2922 3527
f 3769 2131 2134
f 3069 2167 2166
f 2971 2928 2960
f 2961 2773 2962
f 3070 2478 2483
f 2610 3071 2954
f 2502 2374 2386
f 3072 2595 3073
f 2964 3052 2967
f 3048 3074 3049
f 2593 3075 3074
f 3075 3029 3074
f 3074 3028 3049
f 3072 3075 2592
f 3076 2482 2481
f 2481 3066 3076
f 3076 3030 3075
f 2967 3053 2970
f 2482 3073 2483
f 479 493 494
f 706 3873 709
f 3561 2221 3517
f 2013 3754 3755
f 3533 2016 3529
f 3562 2222 2974
f 1171 1155 1176
f 2586 2565 2587
f 2982 113 2484
f 2562 3077 3068
f 2376 3012 3077
f 3012 2148 3077
f 3077 3015 3068
f 2963 3046 2964
f 3051 2970 3053
f 1683 491 775
f 3850 1447 3860
f 1986 3734 3768
f 3079 2546 2575
f 3081 2575 2576
f 1983 3768 3765
f 3082 2319 2545
f 3080 2545 2546
f 3734 3082 3080
f 3732 2323 3082
f 1309 1888 748
f 3073 2772 2771
f 2760 3084 2762
f 2760 2088 3083
f 3085 3086 3087
f 3089 3090 3088
f 3089 3084 3085
f 3092 3090 3091
f 3093 2744 2743
f 2751 2748 3093
f 3093 2752 2751
f 2742 3093 3094
f 3094 2743 3095
f 3096 3098 3087
f 3099 3087 3086
f 3097 3095 3098
f 3100 2746 3101
f 3101 3102 3100
f 2764 2927 3101
f 2745 3101 2746
f 3102 3091 3100
f 3100 3095 2743
f 2869 3592 3634
f 3102 3104 3092
f 3658 2869 3634
f 2927 3103 3102
f 3098 3091 3090
f 3087 3090 3085
f 2088 3105 3083
f 3083 3086 3084
f 2483 2771 3070
f 2401 2185 2321
f 3099 3105 3106
f 2125 3106 3105
f 3108 2742 3107
f 3107 3094 3097
f 3110 3107 3109
f 3109 3097 3096
f 3111 3096 3099
f 3112 3109 3111
f 3113 2737 3108
f 3115 2722 3114
f 3117 3114 3116
f 3119 3116 3118
f 3118 3120 3121
f 3116 3113 3120
f 3122 3111 3123
f 3122 1755 1754
f 3124 3126 3127
f 3125 3121 3126
f 3128 3118 3125
f 3129 3125 3124
f 2020 3128 3129
f 3853 1346 1352
f 1065 1047 1066
f 1814 3830 1649
f 2021 3129 3130
f 3111 3106 3123
f 3123 2207 1755
f 2377 2224 2973
f 3014 113 112
f 1756 3782 3767
f 3131 2530 2528
f 3133 2528 2529
f 1753 3767 3775
f 3134 3127 3135
f 2327 2314 2313
f 2436 2317 2349
f 2018 3711 3712
f 2534 3137 2535
f 2320 3136 2534
f 2185 3712 3771
f 3138 2542 2539
f 3134 3744 3745
f 3785 3134 3745
f 3140 2539 2538
f 2535 3140 2538
f 3711 3130 3785
f 2558 3132 3141
f 3782 3141 3132
f 2560 3141 3142
f 3760 3142 3141
f 958 2976 2981
f 1933 2980 3143
f 2399 2418 2416
f 2348 2343 2432
f 2322 2319 2323
f 2718 2874 2730
f 2709 2873 2710
f 2894 1361 1942
f 346 176 347
f 1876 1882 1881
f 2802 3607 3592
f 3104 3088 3092
f 2974 3649 3603
f 3089 2761 2762
f 3088 3145 3089
f 2803 3603 3607
f 3870 692 628
f 2123 1418 2126
f 1365 1368 1367
f 1581 1782 1783
f 3569 2129 3520
f 3555 2002 3521
f 3146 2551 3147
f 3751 3147 3750
f 3742 3146 3751
f 3149 2585 3146
f 3196 3197 3195
f 3604 2191 3623
f 3142 2556 2560
f 3777 3150 3142
f 3646 2550 3593
f 3150 2555 2556
f 3778 3151 3150
f 3788 3152 3646
f 3153 2551 2549
f 3152 2549 2550
f 3781 3153 3152
f 3776 3147 3153
f 3148 2206 2205
f 2183 2321 2184
f 2132 2928 2133
f 3684 2204 2203
f 3719 2197 3721
f 2594 2773 2951
f 2595 2951 2772
f 1870 799 1869
f 3713 2178 3706
f 3706 3736 3790
f 336 3774 3722
f 339 3154 336
f 3789 3149 3742
f 3683 2584 3149
f 2963 3048 3047
f 3722 337 336
f 339 2566 2586
f 3156 2168 2167
f 2610 2167 2611
f 2954 3156 2610
f 3157 2953 2257
f 3707 2169 3709
f 2567 3159 2568
f 337 2567 338
f 3730 2166 3707
f 3764 1983 3765
f 2579 3081 2576
f 2568 3160 2579
f 3709 2190 3764
f 3065 3162 3161
f 3161 1984 2189
f 3157 2189 2168
f 2257 3161 3157
f 734 1922 806
f 3059 2708 3163
f 3163 2182 1985
f 3162 1985 1984
f 3062 3163 3162
f 3203 3205 3204
f 2122 1448 1447
f 3817 1685 3812
f 139 444 69
f 1570 566 533
f 2957 3165 3036
f 2955 3164 2957
f 1912 341 1973
f 3130 3124 3134
f 1548 319 1547
f 1949 1327 1887
f 2969 3078 3167
f 3167 3169 3168
f 3724 2017 3720
f 3720 2033 3759
f 3168 3165 3170
f 3170 3164 3171
f 3779 3171 3756
f 3724 3170 3779
f 3171 3166 3172
f 3172 3071 3173
f 3752 3173 3749
f 3756 3172 3752
f 3169 3036 3165
f 2593 2962 2594
f 3173 2609 3174
f 3174 2199 2198
f 3783 2198 3719
f 3749 3174 3783
f 2190 1984 1983
f 2196 2767 3148
f 2119 1414 1448
f 1464 1466 1465
f 2199 3069 2200
f 2457 2587 2565
f 2226 2562 2966
f 481 1627 1639
f 333 235 236
f 3078 3037 3169
f 3040 2997 2263
f 2219 1933 2220
f 2385 2497 2503
f 221 3175 2484
f 2220 3143 3175
f 3175 2976 2975
f 2484 2975 2982
f 2954 3166 2955
f 2630 110 2982
f 1547 1952 1955
f 2091 2188 2187
f 3733 2178 2177
f 1918 1927 1926
f 3563 111 3511
f 955 960 954
f 2037 112 3563
f 3143 2981 2976
f 2218 2214 2215
f 672 3787 3541
f 2152 3014 2037
f 1147 1143 1145
f 2248 1409 2245
f 1615 1635 1616
f 1410 2246 2247
f 3241 3242 3240
f 3177 1383 1382
f 2238 3176 1382
f 3176 2230 3178
f 1410 3179 1407
f 3179 2243 1407
f 1633 2800 2249
f 1621 2758 2912
f 1622 2245 1634
f 2236 3181 3182
f 2237 3182 3183
f 2250 2233 2229
f 2912 1628 1621
f 135 1564 1563
f 1567 512 1565
f 1085 2653 2685
f 3184 868 3056
f 869 3057 934
f 1266 1098 1312
f 1267 722 721
f 937 2646 936
f 2146 722 2147
f 2211 921 2667
f 1957 507 449
f 1313 2264 3040
f 1496 1493 1492
f 2681 2705 2682
f 2887 2933 2932
f 1687 1659 1694
f 145 1498 81
f 1317 1319 2694
f 37 418 71
f 1935 3185 2977
f 104 301 103
f 2101 2083 2084
f 543 360 207
f 1934 3186 3185
f 234 212 237
f 3845 1822 1824
f 1976 1874 1974
f 223 2219 220
f 3655 3605 3612
f 468 773 2165
f 1935 1728 1932
f 3240 3226 3235
f 3261 3250 3260
f 3215 3244 3264
f 3265 3215 3264
f 3267 3198 3196
f 3205 3269 3255
f 3214 3265 3270
f 3271 3214 3192
f 3251 3239 3236
f 3222 3266 3272
f 3232 3234 3233
f 3216 3243 3244
f 3196 3268 3267
f 3244 3254 3255
f 3238 3247 3246
f 3264 3255 3269
f 3253 3216 3217
f 3211 3221 3265
f 3257 3218 3256
f 3258 3272 3259
f 3274 3280 3273
f 3228 3262 3263
f 3275 3281 3280
f 3226 3273 3280
f 3236 3260 3251
f 3281 3236 3237
f 3287 3192 3189
f 3235 3280 3234
f 3234 3281 3237
f 3288 3259 3272
f 3260 3276 3251
f 3289 3278 3284
f 3210 3224 3283
f 3199 3201 3200
f 3228 3230 3229
f 3290 3285 3286
f 3282 3271 3287
f 3260 3262 3261
f 3243 3268 3254
f 3267 3241 3232
f 3194 3208 3193
f 3191 3269 3206
f 3270 3192 3214
f 3275 3230 3231
f 3264 3270 3265
f 3252 3276 3291
f 3248 3291 3223
f 3213 3279 3277
f 3272 3289 3288
f 3277 3212 3213
f 3228 3281 3231
f 3220 3253 3219
f 3219 3217 3257
f 3256 3222 3258
f 3247 3252 3248
f 3245 3232 3233
f 3266 3212 3289
f 3208 3255 3254
f 3288 3284 3285
f 3204 3208 3207
f 560 3187 559
f 3209 3201 3202
f 3189 3191 3190
f 448 807 447
f 647 122 270
f 1833 1780 1832
f 510 508 507
f 3210 1887 3201
f 1887 3200 3201
f 15 3197 3200
f 16 3195 3197
f 3195 3187 3194
f 3194 1899 3207
f 3207 375 3204
f 387 126 127
f 3189 1760 3287
f 3577 757 758
f 763 2172 2175
f 3583 3580 3581
f 3581 3579 3578
f 3594 3596 3595
f 3400 3602 3401
f 3626 3625 3627
f 3631 3599 3601
f 3636 3595 3596
f 3647 3588 3645
f 3650 3584 3647
f 3653 3580 3651
f 3653 3654 3579
f 1801 3656 3655
f 3651 3582 3650
f 3644 3595 3637
f 1767 3659 3660
f 1597 3661 1600
f 1708 3665 3664
f 3671 3667 3666
f 3666 3673 3672
f 1588 3664 1587
f 2080 3666 2082
f 2082 3672 2084
f 3674 3635 3631
f 3677 3636 3635
f 3682 3645 3681
f 3692 3650 3686
f 3681 3644 3680
f 786 3692 785
f 3694 3651 3692
f 785 3686 497
f 497 3682 650
f 650 3681 564
f 3696 3681 3680
f 3405 3605 3402
f 3702 3678 3677
f 3699 3679 3678
f 3645 3638 3644
f 1799 3659 1768
f 3708 3458 3460
f 3462 3708 3460
f 3714 564 3696
f 3615 3602 3600
f 3710 3696 3698
f 3635 3596 3599
f 3629 3627 3630
f 3597 3599 3596
f 3630 3715 3629
f 3627 3597 3594
f 3717 3723 3718
f 3715 3660 3629
f 3716 3725 3715
f 3668 3661 3725
f 3668 3717 3667
f 3667 3718 3673
f 3727 3673 3718
f 3728 3672 3673
f 3726 3718 3723
f 1576 2084 3672
f 3727 3731 3729
f 3203 1387 3190
f 3190 1791 3189
f 3283 1949 3210
f 317 259 391
f 2000 3653 3694
f 3601 3600 3602
f 3589 3584 3585
f 3577 756 2170
f 3585 3582 3583
f 3678 3637 3636
f 3204 376 3203
f 1801 3657 1799
f 3729 3728 3727
f 1575 3738 1088
f 3735 1576 3728
f 1776 1796 1775
f 1293 1290 1284
f 1326 1327 12
f 1294 1234 1290
f 878 1330 1337
f 497 374 498
f 122 413 121
f 3699 3704 3708
f 3606 3401 3602
f 3708 3698 3699
f 3464 3710 3462
f 3704 3443 3458
f 439 399 438
f 1512 1526 1511
f 1668 1738 1671
f 839 1362 838
f 1362 826 1012
f 3843 1896 3815
f 2053 2118 2117
f 3888 2120 2119
f 696 3816 3831
f 1826 639 640
f 3740 3729 3731
f 956 886 960
f 1980 1922 807
f 33 105 164
f 1343 3856 3857
f 3907 2128 3902
f 1766 1582 1594
f 14 2163 738
f 595 99 594
f 3233 3246 3245
f 1346 1044 1352
f 748 1425 747
f 3193 3254 3268
f 3190 3206 3203
f 3612 3606 3615
f 3624 3615 3625
f 3631 3443 3674
f 3679 3644 3637
f 3686 3647 3682
f 3702 3674 3704
f 3625 3600 3597
f 3601 3415 3631
f 3739 3735 3729
f 3630 3594 3741
f 3741 3716 3630
f 1284 1288 1285
f 3698 3680 3679
f 1778 1780 1779
f 1792 1584 1789
f 695 571 694
f 3638 3594 3595
f 3741 3588 3589
f 3247 3209 3202
f 3292 3294 3295
f 3296 3298 3299
f 3299 3300 3301
f 3302 3304 3305
f 3306 3308 3309
f 3307 3311 3308
f 3303 3301 3300
f 3312 3304 3313
f 3314 3316 3317
f 3318 3320 3321
f 3324 3321 3325
f 3326 3328 3323
f 3329 3331 3332
f 3333 3335 3336
f 3337 3339 3340
f 3333 3341 3342
f 3342 3343 3344
f 3319 3344 3343
f 3338 3334 3339
f 3346 3302 3347
f 3305 3347 3302
f 3312 3223 3349
f 3350 3340 3351
f 3312 3348 3305
f 3352 3341 3326
f 3311 3354 3308
f 3341 3327 3326
f 3359 3361 3362
f 3360 3250 3249
f 3318 3345 3319
f 3364 3318 3324
f 3314 3324 3365
f 3366 3301 3346
f 3299 3367 3296
f 3308 3368 3309
f 3369 3295 3294
f 3317 3364 3314
f 3370 3317 3316
f 3325 3365 3324
f 3352 3319 3343
f 3296 3353 3311
f 3297 3311 3310
f 3363 3354 3345
f 3345 3353 3344
f 3344 3367 3342
f 3366 3342 3367
f 3347 3334 3346
f 3339 3348 3340
f 3348 3351 3340
f 3363 3369 3368
f 3294 3368 3369
f 3293 3309 3294
f 3331 3374 3332
f 3346 3333 3366
f 3323 3352 3326
f 3356 3321 3320
f 3355 3325 3321
f 3357 3371 3325
f 3322 3320 3352
f 3361 3329 3362
f 3373 3375 3374
f 3374 3376 3332
f 3329 3376 3362
f 3327 3372 3328
f 3336 3375 3327
f 3335 3376 3375
f 3376 3337 3362
f 3337 3359 3362
f 3359 3276 3250
f 3377 3295 3370
f 3277 3315 3278
f 3371 3379 3365
f 3378 3358 3380
f 3365 3315 3314
f 3316 3279 3370
f 3282 3370 3279
f 3313 3224 3312
f 3378 3284 3379
f 3380 3285 3378
f 3379 3278 3315
f 3276 3351 3291
f 3291 3349 3223
f 3313 2965 3013
f 2965 3303 222
f 222 3300 223
f 223 3298 3186
f 3298 3185 3186
f 3297 2977 3185
f 3310 1213 2977
f 3307 1214 1213
f 2532 3306 3293
f 2894 3293 3292
f 2871 3292 3377
f 3253 3240 3242
f 3283 3013 2152
f 1997 1889 1892
f 1237 744 855
f 1535 120 121
f 1531 201 214
f 1119 1032 984
f 946 824 947
f 163 5 162
f 3589 3723 3741
f 1155 1162 1164
f 427 327 424
f 553 796 498
f 3381 2231 2237
f 3381 2230 2232
f 2237 3180 3381
f 3383 3385 3382
f 3384 3387 3385
f 3386 3389 3387
f 3388 3391 3389
f 3392 3394 3395
f 3395 3396 3397
f 3398 3397 3396
f 3400 3399 3398
f 3403 3405 3402
f 3406 3404 3403
f 3408 3407 3406
f 3410 3409 3408
f 3412 3411 3410
f 3415 3398 3414
f 3414 3396 3416
f 3416 3394 3417
f 3417 3393 3418
f 3393 3420 3418
f 3419 3421 3420
f 3390 3422 3421
f 3388 3423 3422
f 3386 3424 3423
f 3384 3425 3424
f 3425 3426 3184
f 2904 3428 2947
f 3429 2904 2902
f 3430 2902 2876
f 2875 3430 2876
f 3432 2733 2736
f 2825 3435 2824
f 3437 3439 3436
f 3441 3436 3440
f 2724 3434 2825
f 3436 3115 3117
f 3440 3117 3119
f 3443 3414 3442
f 3442 3416 3444
f 3444 3417 3445
f 3445 3418 3446
f 3446 3420 3447
f 3420 3448 3447
f 3421 3449 3448
f 3422 3450 3449
f 3423 3451 3450
f 3424 3452 3451
f 3425 3056 3452
f 3451 2253 2252
f 3450 2252 1727
f 3449 1727 2150
f 3448 2150 1941
f 3453 3448 1941
f 3454 3447 3453
f 3455 3446 3454
f 3456 3445 3455
f 3442 3456 3457
f 3443 3457 3458
f 3459 3458 3457
f 3457 3455 3459
f 3459 3454 3461
f 3462 3459 3461
f 3461 3453 3463
f 3464 3461 3463
f 3463 1941 1360
f 3404 3401 3405
f 3407 3399 3404
f 3409 3397 3407
f 3411 3395 3409
f 3465 3413 3412
f 3467 3469 3466
f 3465 3431 3433
f 3470 3466 3465
f 3438 3432 3435
f 3467 3438 3437
f 3468 3437 3441
f 3471 3468 3472
f 3472 3441 3473
f 3473 3440 2712
f 2712 3119 3128
f 3475 3472 3474
f 3474 3473 3476
f 3476 2712 2711
f 3477 2711 2400
f 3478 3476 3477
f 3479 3474 3478
f 3392 3413 3480
f 3466 3480 3413
f 3419 3392 3480
f 3390 3480 3391
f 3469 3391 3480
f 3389 3471 3475
f 3387 3475 3479
f 3385 3479 3481
f 3482 2400 2402
f 3483 3477 3482
f 3481 3478 3483
f 3484 2402 2707
f 3058 2707 2708
f 3061 3484 3058
f 3485 3482 3484
f 3382 3481 3486
f 3486 3483 3485
f 3426 3382 3487
f 3487 3486 1962
f 3486 3061 1962
f 1961 3487 1962
f 3057 3426 3487
f 3428 3402 3488
f 3427 3403 3428
f 3429 3406 3427
f 3430 3408 3429
f 3431 3410 3430
f 3470 3433 3432
f 3434 3438 3435
f 2723 3439 3434
f 2875 3433 3431
f 2736 3435 3432
f 2947 3488 3500
f 3464 1360 3497
f 1900 1924 1901
f 1736 1718 1750
f 1955 1943 1956
f 1671 1735 1751
f 1696 1698 1692
f 1800 1864 1801
f 2063 2056 2060
f 1737 1717 1736
f 1751 1697 1695
f 943 3899 684
f 3656 3402 3605
f 1577 1764 1703
f 3917 1599 3923
f 1945 82 1944
f 68 7 248
f 147 1543 148
f 1109 1133 1102
f 1503 1907 1908
f 1499 1909 1498
f 452 735 215
f 1824 3835 3845
f 1825 2068 1824
f 1463 1022 1194
f 841 1009 1011
f 1568 1955 1534
f 1926 1927 1923
f 1910 1502 1939
f 1939 422 442
f 309 1940 308
f 1804 1866 1803
f 269 1954 56
f 2065 2060 2056
f 3812 1758 3835
f 280 552 1940
f 1875 1869 1874
f 1739 1734 1737
f 1778 1790 1788
f 310 1915 279
f 1909 1906 1954
f 1789 1778 1788
f 978 980 979
f 1584 1731 1583
f 425 311 312
f 148 115 116
f 2044 3894 2046
f 277 1939 551
f 1943 1945 1944
f 1461 1463 1464
f 2253 3056 3055
f 2981 3489 958
f 2209 3489 3055
f 2254 3055 3489
f 2998 958 3489
f 2826 2721 2724
f 3490 2721 2817
f 2816 3490 2817
f 2334 2296 2335
f 2298 2334 2336
f 2301 2336 2338
f 2311 2338 2354
f 2312 2354 2355
f 2359 2361 2360
f 2335 2359 2360
f 2414 2365 2364
f 2413 2361 2365
f 2355 2540 2541
f 2541 2539 2542
f 2722 2739 2738
f 3114 2738 3113
f 3110 3121 3120
f 3108 3120 3113
f 3122 3127 3126
f 3112 3126 3121
f 3127 1753 3135
f 3139 2529 2542
f 3744 3133 3139
f 3490 2740 2739
f 3491 2789 3490
f 228 91 88
f 245 243 242
f 248 247 191
f 2 296 295
f 145 300 267
f 327 210 328
f 329 331 330
f 250 228 236
f 239 240 230
f 373 375 374
f 178 176 175
f 1218 1228 1321
f 3862 1295 3854
f 808 824 823
f 3858 1013 1014
f 3813 1411 1413
f 2154 2159 2160
f 3845 1758 1757
f 306 1922 452
f 2157 1976 1977
f 708 2031 1474
f 1450 1227 1428
f 1672 1605 1624
f 1813 1821 1816
f 1717 1715 1718
f 176 402 347
f 1710 3916 3915
f 1712 1577 1711
f 1705 1711 1704
f 971 979 970
f 822 1094 1102
f 2909 2793 2792
f 2810 2795 2793
f 2799 2249 2800
f 3662 2910 2799
f 2769 2801 2795
f 3177 3178 3179
f 3178 3180 3179
f 3181 1393 2800
f 3181 1632 3182
f 3182 2244 3183
f 3183 2243 3180
f 3492 2790 3491
f 2808 3491 2816
f 2239 3572 2240
f 1149 3571 3570
f 1150 3567 3571
f 2202 3566 2015
f 2921 3565 2923
f 3568 2133 2928
f 1777 1759 1792
f 1201 1183 1184
f 3561 2195 2194
f 3553 2770 2768
f 3927 1687 1692
f 1516 154 503
f 3549 2974 2803
f 3550 2779 2778
f 2771 3575 3546
f 3070 3546 3558
f 3547 2775 2867
f 1376 1370 1372
f 2767 3556 2206
f 2195 3543 2767
f 2775 3542 2776
f 3377 3545 2871
f 3804 3539 2806
f 2776 3538 2805
f 2240 3535 2920
f 2920 3669 3619
f 3548 2786 2779
f 1805 1851 1804
f 3534 2787 2786
f 2951 3540 3531
f 2772 3531 3575
f 2973 3530 3536
f 2224 3537 3530
f 1957 320 510
f 306 304 303
f 2770 3528 2913
f 2913 3574 2239
f 2923 3527 2922
f 308 431 47
f 207 132 543
f 1879 1881 1880
f 3733 3525 2089
f 2475 3558 3524
f 2476 3524 3523
f 2223 3523 3537
f 3522 2803 2802
f 2037 11 1950
f 1959 450 505
f 2003 3520 2129
f 9 334 540
f 2009 3518 3567
f 2008 3536 3518
f 3877 673 3879
f 3515 2778 2784
f 2935 3513 2936
f 111 3570 3511
f 3510 2935 2938
f 683 3885 943
f 3508 2810 2909
f 736 732 729
f 1795 1803 1796
f 3505 2938 2939
f 3507 2939 2940
f 2950 3504 2949
f 2940 3504 3507
f 3801 3512 2950
f 2868 3502 2869
f 2869 3522 2802
f 1024 1023 1020
f 3500 2948 2947
f 551 442 443
f 2972 3568 2928
f 2032 3499 2972
f 216 1924 1923
f 203 201 200
f 1828 1847 1837
f 1958 449 450
f 272 178 175
f 2871 3495 1361
f 3619 3564 2921
f 2801 3643 3662
f 2005 3654 2176
f 960 899 962
f 3657 3612 3624
f 3780 3646 3151
f 3151 3593 2555
f 2193 3623 2194
f 3607 3145 3144
f 3603 2761 3145
f 3592 3144 3104
f 2926 3634 3103
f 3634 3104 3103
f 3755 3746 3753
f 566 3758 2005
f 3488 1864 3500
f 1602 2079 2078
f 2868 3611 2922
f 2922 3610 2923
f 2923 3618 2921
f 3670 2918 3614
f 3619 3614 2920
f 2921 3670 3619
f 2920 3586 2240
f 3613 2915 2918
f 2917 3622 3641
f 2916 3641 3642
f 2239 3652 2913
f 2911 3652 2757
f 3643 2911 2910
f 2797 3662 3591
f 2797 3598 2750
f 3622 2763 2765
f 3608 2764 2745
f 2194 3648 2221
f 2221 3649 2222
f 2756 3609 2755
f 2750 3609 2747
f 3669 1817 3827
f 3763 1691 1699
f 2515 3590 2548
f 2548 3593 2550
f 2513 3632 3616
f 2513 3621 2515
f 2509 3620 2289
f 2510 3633 2509
f 2289 3639 2283
f 2283 3617 2286
f 2240 3587 2239
f 3659 3624 3626
f 716 3887 3888
f 727 3761 1923
f 2165 2170 2164
f 3660 3626 3629
f 3743 3578 3757
f 2175 769 770
f 2100 2095 2099
f 3758 3757 3578
f 640 3568 1826
f 1653 3553 1651
f 1895 3530 746
f 746 3537 741
f 1653 3528 3576
f 3762 1604 1672
f 2093 2073 2078
f 959 995 884
f 962 919 986
f 1400 1398 1399
f 1000 1127 1004
f 956 884 885
f 1662 3550 1661
f 2034 3546 1654
f 3926 3539 3802
f 3535 766 1817
f 3572 765 766
f 334 3571 335
f 1868 3540 1656
f 1684 1652 1678
f 1682 775 1807
f 1585 3762 1700
f 3763 1672 1673
f 2173 490 491
f 1658 3547 1752
f 3556 1650 724
f 1571 2010 1572
f 1587 3671 2080
f 2099 2077 2094
f 787 1999 786
f 2000 786 1999
f 3155 3697 3683
f 3713 3683 3789
f 2180 3685 3684
f 3496 3684 3705
f 1684 3840 1651
f 1760 3495 3545
f 2607 3693 2590
f 2581 3689 2607
f 2371 3700 3695
f 2371 3693 2372
f 2587 3675 2586
f 2586 3697 339
f 2497 3687 2503
f 2502 3687 3700
f 2494 3690 2495
f 3690 2472 2495
f 3688 2468 2472
f 3701 2469 2468
f 726 3892 630
f 581 3518 580
f 10 3570 334
f 1837 3510 1849
f 741 3523 1300
f 1299 3558 2034
f 1851 3504 1866
f 3527 1820 1819
f 580 3536 1895
f 1758 3522 3502
f 1693 3508 1806
f 3504 1867 1866
f 1894 3568 3499
f 2126 3813 3841
f 3906 3841 3912
f 2113 3867 2110
f 2179 3789 3685
f 624 3904 623
f 2192 3788 3780
f 2177 3787 3733
f 1364 3833 1338
f 3858 1470 1453
f 3135 3775 3744
f 2069 3835 2068
f 1351 3853 1352
f 2108 3901 499
f 2089 3736 3733
f 3828 1358 866
f 2001 3783 2187
f 2187 3719 2091
f 2130 3752 2004
f 2004 3749 2001
f 2014 3779 2201
f 2201 3756 2130
f 3167 3759 2969
f 3168 3720 3167
f 3159 3764 3160
f 3160 3765 3081
f 3730 3158 337
f 3158 3709 3159
f 2200 3730 3722
f 3685 3742 2204
f 3722 2197 2200
f 3790 2092 3721
f 3774 3721 2197
f 3154 3790 3774
f 3155 3706 3154
f 2091 3721 2092
f 2196 3750 3776
f 2193 3776 3781
f 3604 3781 3788
f 2086 3780 3778
f 2087 3778 3777
f 2204 3751 2205
f 2205 3750 3148
f 3909 574 692
f 2124 3777 3760
f 2208 3760 3782
f 3711 3140 3137
f 3785 3138 3140
f 3745 3139 3138
f 3771 3136 2322
f 3712 3137 3136
f 3775 3131 3133
f 3767 3132 3131
f 1813 3838 1814
f 1293 3856 1344
f 2184 3748 3732
f 2181 3732 3734
f 3765 3079 3081
f 3768 3080 3079
f 709 3875 2031
f 2774 3737 3769
f 3786 2134 3559
f 3809 766 765
f 2968 3766 2959
f 2969 3784 2968
f 2958 3737 2961
f 2132 3766 2960
f 2321 3771 3748
f 3860 1449 28
f 3905 582 710
f 3886 577 574
f 3847 1818 3827
f 705 3887 2121
f 3816 3907 698
f 2111 3911 2113
f 3810 1366 1411
f 1812 3822 1815
f 675 3852 674
f 3496 3851 675
f 2110 3868 2109
f 2104 3901 2106
f 2109 3899 944
f 3842 703 739
f 1680 3846 1684
f 1639 3819 3818
f 623 3906 697
f 2139 3866 3865
f 1808 3844 3837
f 3820 1819 1820
f 3872 3900 706
f 1646 3830 1648
f 3889 633 577
f 2139 3875 18
f 2156 3871 3874
f 674 3913 3869
f 2117 3812 2069
f 1815 3847 3823
f 3855 1444 1470
f 697 3912 3816
f 866 3836 3828
f 3864 2136 2135
f 3585 3726 3589
f 3583 3731 3585
f 3753 3738 3739
f 3740 3581 3743
f 1088 3746 1093
f 3739 3743 3753
f 2791 3493 2792
f 3492 2807 3493
f 2792 3494 2909
f 3493 2806 3494
f 3508 3494 3516
f 3516 2806 3539
f 2948 3791 3801
f 2105 3896 2104
f 3538 3804 2805
f 680 3876 683
f 1891 3910 3891
f 2905 3801 2950
f 2900 3799 2905
f 2901 3807 2877
f 2734 3806 3794
f 2877 3806 2878
f 2820 3794 2872
f 2818 3792 2827
f 2823 3792 2826
f 2822 3798 2821
f 2819 3800 3798
f 2817 3795 2816
f 2809 3795 2815
f 2808 3803 2807
f 2805 3803 2804
f 1702 3923 1599
f 3922 1797 1802
f 3915 1706 1709
f 3918 1692 1698
f 1657 3880 1879
f 1890 3895 3910
f 3772 1674 1675
f 1689 3772 3773
f 3926 3538 1688
f 3516 1689 3773
f 3917 1703 1764
f 1598 3928 1770
f 3880 1876 1879
f 1691 3925 3927
f 3925 1688 1687
f 1117 1118 3930
f 1066 1322 3930
f 1243 847 3930
f 3825 848 3930
f 1128 1117 3930
f 1129 1130 3930
f 841 1011 3930
f 1230 3863 3930
f 1242 1243 3930
f 1322 1229 3930
f 1064 1065 3930
f 1003 1128 3930
f 1229 1230 3930
f 3863 1285 3930
f 1285 1288 3930
f 848 839 3930
f 847 3825 3930
f 1118 1129 3930
f 1065 1066 3930
f 1087 1086 3930
f 1008 1002 3930
f 1011 1008 3930
f 1002 1003 3930
f 1076 1069 3930
f 838 841 3930
f 839 838 3930
f 1288 1242 3930
f 1130 1087 3930
f 1086 1076 3930
f 1069 1064 3930
f 2410 2414 3931
f 2411 2410 3931
f 3617 2285 3931
f 2394 2393 3931
f 2393 2396 3931
f 2281 2286 3931
f 2282 2280 3931
f 2398 2399 3931
f 2465 2464 3931
f 2396 2397 3931
f 2470 2469 3931
f 2399 2416 3931
f 2480 2395 3931
f 2459 2480 3931
f 2369 2282 3931
f 2460 2459 3931
f 2415 2411 3931
f 2416 2415 3931
f 2364 2363 3931
f 2286 3617 3931
f 2464 2470 3931
f 2469 3703 3931
f 2285 2465 3931
f 2414 2364 3931
f 2395 2394 3931
f 2363 2367 3931
f 2397 2398 3931
f 2280 2281 3931
f 3703 2460 3931
f 2367 2369 3931
f 3934 3937 3938
f 3934 3939 3935
f 3932 3937 3933
f 3938 3943 3939
f 3937 3940 3941
f 3937 3942 3938
f 3942 3947 3943
f 3941 3944 3945
f 3942 3945 3946
f 3947 3950 3951
f 3944 3949 3945
f 3945 3950 3946
f 3950 3955 3951
f 3949 3952 3953
f 3950 3953 3954
f 3955 3958 3959
f 3953 3956 3957
f 3953 3958 3954
f 3959 3962 3963
f 3957 3960 3961
f 3958 3961 3962
f 3962 3967 3963
f 3960 3965 3961
f 3961 3966 3962
f 3966 3971 3967
f 3965 3968 3969
f 3966 3969 3970
f 3970 3975 3971
f 3968 3973 3969
f 3969 3974 3970
f 3974 3979 3975
f 3973 3976 3977
f 3974 3977 3978
f 3979 3982 3983
f 3976 3981 3977
f 3977 3982 3978
f 3982 3987 3983
f 3981 3984 3985
f 3982 3985 3986
f 3987 3990 3991
f 3984 3989 3985
f 3985 3990 3986
f 3991 3994 3995
f 3989 3992 3993
f 3990 3993 3994
f 3995 3998 3999
f 3992 3997 3993
f 3993 3998 3994
f 3998 4003 3999
f 3997 4000 4001
f 3998 4001 4002
f 4002 4007 4003
f 4000 4005 4001
f 4001 4006 4002
f 4006 4011 4007
f 4005 4008 4009
f 4006 4009 4010
f 4011 4014 4015
f 4008 4013 4009
f 4009 4014 4010
f 4014 4019 4015
f 4013 4016 4017
f 4014 4017 4018
f 4019 4022 4023
f 4016 4021 4017
f 4017 4022 4018
f 4023 4026 4027
f 4021 4024 4025
f 4022 4025 4026
f 4027 4030 4031
f 4024 4029 4025
f 4025 4030 4026
f 4031 4034 4035
f 4029 4032 4033
f 4030 4033 4034
f 4034 4039 4035
f 4032 4037 4033
f 4033 4038 4034
f 4038 4043 4039
f 4037 4040 4041
f 4038 4041 4042
f 4043 4046 4047
f 4040 4045 4041
f 4041 4046 4042
f 4046 4051 4047
f 4045 4048 4049
f 4046 4049 4050
f 4051 4055 4056
f 4048 4054 4049
f 4049 4055 4050
f 4056 4059 4060
f 4053 4058 4054
f 4055 4058 4059
f 3932 4052 3936
f 3936 4052 3940
f 3940 4052 3944
f 3944 4052 3948
f 3948 4052 3952
f 3952 4052 3956
f 3956 4052 3960
f 3960 4052 3964
f 3964 4052 3968
f 3968 4052 3972
f 3972 4052 3976
f 3976 4052 3980
f 3980 4052 3984
f 3984 4052 3988
f 3988 4052 3992
f 3992 4052 3996
f 3996 4052 4000
f 4000 4052 4004
f 4004 4052 4008
f 4008 4052 4012
f 4012 4052 4016
f 4016 4052 4020
f 4020 4052 4024
f 4024 4052 4028
f 4028 4052 4032
f 4032 4052 4036
f 4036 4052 4040
f 4040 4052 4044
f 4044 4052 4048
f 4048 4052 4053
f 4053 4052 4057
f 4060 3934 3935
f 4058 3932 3933
f 4058 3934 4059
f 4057 4052 3932
f 4069 4081 4082
f 4066 4080 4067
f 4065 4077 4078
f 4063 4075 4076
f 4071 4085 4072
f 4069 4083 4070
f 4067 4081 4068
f 4066 4078 4079
f 4063 4077 4064
f 4061 4075 4062
f 4072 4086 4073
f 4071 4083 4084
f 4076 4090 4077
f 4074 4088 4075
f 4086 4098 4099
f 4083 4097 4084
f 4082 4094 4095
f 4079 4093 4080
f 4078 4090 4091
f 4076 4088 4089
f 4085 4097 4098
f 4082 4096 4083
f 4080 4094 4081
f 4079 4091 4092
f 4089 4103 4090
f 4088 4100 4101
f 4098 4112 4099
f 4096 4110 4097
f 4095 4107 4108
f 4092 4106 4093
f 4090 4104 4091
f 4089 4101 4102
f 4097 4111 4098
f 4095 4109 4096
f 4094 4106 4107
f 4092 4104 4105
f 4103 4115 4116
f 4100 4114 4101
f 4112 4124 4125
f 4110 4122 4123
f 4107 4121 4108
f 4105 4119 4106
f 4103 4117 4104
f 4101 4115 4102
f 4110 4124 4111
f 4109 4121 4122
f 4107 4119 4120
f 4105 4117 4118
f 4115 4129 4116
f 4114 4126 4127
f 4124 4138 4125
f 4123 4135 4136
f 4120 4134 4121
f 4119 4131 4132
f 4117 4129 4130
f 4114 4128 4115
f 4124 4136 4137
f 4122 4134 4135
f 4119 4133 4120
f 4117 4131 4118
f 4129 4141 4142
f 4126 4140 4127
f 4138 4150 4151
f 4136 4148 4149
f 4133 4147 4134
f 4131 4145 4132
f 4130 4142 4143
f 4127 4141 4128
f 4137 4149 4150
f 4135 4147 4148
f 4132 4146 4133
f 4131 4143 4144
f 4142 4154 4155
f 4140 4152 4153
f 4150 4164 4151
f 4149 4161 4162
f 4146 4160 4147
f 4144 4158 4145
f 4142 4156 4143
f 4140 4154 4141
f 4149 4163 4150
f 4148 4160 4161
f 4146 4158 4159
f 4144 4156 4157
f 4155 4167 4168
f 4153 4165 4166
f 4163 4177 4164
f 4161 4175 4162
f 4159 4173 4160
f 4158 4170 4171
f 4155 4169 4156
f 4153 4167 4154
f 4163 4175 4176
f 4161 4173 4174
f 4159 4171 4172
f 4156 4170 4157
f 4167 4181 4168
f 4165 4179 4166
f 4176 4190 4177
f 4175 4187 4188
f 4173 4185 4186
f 4170 4184 4171
f 4169 4181 4182
f 4167 4179 4180
f 4175 4189 4176
f 4173 4187 4174
f 4171 4185 4172
f 4170 4182 4183
f 4180 4194 4181
f 4178 4192 4179
f 4190 4202 4203
f 4187 4201 4188
f 4186 4198 4199
f 4183 4197 4184
f 4182 4194 4195
f 4180 4192 4193
f 4189 4201 4202
f 4186 4200 4187
f 4184 4198 4185
f 4183 4195 4196
f 4193 4207 4194
f 4192 4204 4205
f 4202 4216 4203
f 4200 4214 4201
f 4199 4211 4212
f 4196 4210 4197
f 4194 4208 4195
f 4193 4205 4206
f 4201 4215 4202
f 4199 4213 4200
f 4198 4210 4211
f 4196 4208 4209
f 4207 4219 4220
f 4204 4218 4205
f 4216 4228 4229
f 4213 4227 4214
f 4211 4225 4212
f 4209 4223 4210
f 4207 4221 4208
f 4205 4219 4206
f 4214 4228 4215
f 4213 4225 4226
f 4211 4223 4224
f 4209 4221 4222
f 4219 4233 4220
f 4218 4230 4231
f 4228 4242 4229
f 4226 4240 4227
f 4225 4237 4238
f 4223 4235 4236
f 4221 4233 4234
f 4218 4232 4219
f 4228 4240 4241
f 4226 4238 4239
f 4223 4237 4224
f 4221 4235 4222
f 4233 4245 4246
f 4230 4244 4231
f 4242 4254 4255
f 4240 4252 4253
f 4237 4251 4238
f 4235 4249 4236
f 4234 4246 4247
f 4231 4245 4232
f 4241 4253 4254
f 4239 4251 4252
f 4236 4250 4237
f 4235 4247 4248
f 4246 4258 4259
f 4244 4256 4257
f 4254 4268 4255
f 4253 4265 4266
f 4250 4264 4251
f 4248 4262 4249
f 4246 4260 4247
f 4244 4258 4245
f 4253 4267 4254
f 4252 4264 4265
f 4250 4262 4263
f 4248 4260 4261
f 4259 4271 4272
f 4257 4269 4270
f 4267 4281 4268
f 4265 4279 4266
f 4263 4277 4264
f 4262 4274 4275
f 4259 4273 4260
f 4257 4271 4258
f 4266 4280 4267
f 4265 4277 4278
f 4263 4275 4276
f 4260 4274 4261
f 4271 4285 4272
f 4269 4283 4270
f 4281 4293 4294
f 4279 4291 4292
f 4277 4289 4290
f 4274 4288 4275
f 4273 4285 4286
f 4271 4283 4284
f 4280 4292 4293
f 4277 4291 4278
f 4275 4289 4276
f 4274 4286 4287
f 4284 4298 4285
f 4282 4296 4283
f 4294 4306 4307
f 4291 4305 4292
f 4290 4302 4303
f 4287 4301 4288
f 4286 4298 4299
f 4284 4296 4297
f 4293 4305 4306
f 4290 4304 4291
f 4288 4302 4289
f 4287 4299 4300
f 4297 4311 4298
f 4296 4308 4309
f 4306 4320 4307
f 4304 4318 4305
f 4303 4315 4316
f 4300 4314 4301
f 4298 4312 4299
f 4297 4309 4310
f 4305 4319 4306
f 4304 4316 4317
f 4302 4314 4315
f 4300 4312 4313
f 4310 4324 4311
f 4308 4322 4309
f 4320 4332 4333
f 4318 4330 4331
f 4316 4328 4329
f 4313 4327 4314
f 4311 4325 4312
f 4310 4322 4323
f 4318 4332 4319
f 4316 4330 4317
f 4315 4327 4328
f 4312 4326 4313
f 4323 4337 4324
f 4322 4334 4335
f 4332 4346 4333
f 4330 4344 4331
f 4329 4341 4342
f 4327 4339 4340
f 4325 4337 4338
f 4322 4336 4323
f 4332 4344 4345
f 4330 4342 4343
f 4327 4341 4328
f 4325 4339 4326
f 4337 4350 4351
f 4334 4349 4335
f 4346 4359 4360
f 4344 4357 4358
f 4341 4356 4342
f 4340 4353 4354
f 4338 4351 4352
f 4335 4350 4336
f 4345 4358 4359
f 4343 4356 4357
f 4340 4355 4341
f 4338 4353 4339
f 4351 4363 4364
f 4349 4361 4362
f 4359 4373 4360
f 4358 4370 4371
f 4355 4369 4356
f 4354 4366 4367
f 4351 4365 4352
f 4349 4363 4350
f 4358 4372 4359
f 4357 4369 4370
f 4355 4367 4368
f 4352 4366 4353
f 4364 4376 4377
f 4362 4374 4375
f 4373 4385 4386
f 4370 4384 4371
f 4368 4382 4369
f 4367 4379 4380
f 4364 4378 4365
f 4362 4376 4363
f 4372 4384 4385
f 4370 4382 4383
f 4368 4380 4381
f 4365 4379 4366
f 4376 4390 4377
f 4374 4388 4375
f 4385 4399 4386
f 4384 4396 4397
f 4382 4394 4395
f 4379 4393 4380
f 4378 4390 4391
f 4376 4388 4389
f 4384 4398 4385
f 4382 4396 4383
f 4380 4394 4381
f 4379 4391 4392
f 4389 4403 4390
f 4387 4401 4388
f 4399 4411 4412
f 4396 4410 4397
f 4395 4407 4408
f 4393 4405 4406
f 4391 4403 4404
f 4389 4401 4402
f 4398 4410 4411
f 4395 4409 4396
f 4393 4407 4394
f 4391 4405 4392
f 4402 4416 4403
f 4401 4413 4414
f 4411 4425 4412
f 4409 4423 4410
f 4408 4420 4421
f 4406 4418 4419
f 4403 4417 4404
f 4402 4414 4415
f 4410 4424 4411
f 4408 4422 4409
f 4407 4419 4420
f 4404 4418 4405
f 4416 4428 4429
f 4413 4427 4414
f 4425 4437 4438
f 4423 4435 4436
f 4421 4433 4434
f 4418 4432 4419
f 4416 4430 4417
f 4415 4427 4428
f 4423 4437 4424
f 4421 4435 4422
f 4420 4432 4433
f 4418 4430 4431
f 4428 4442 4429
f 4426 4440 4427
f 4437 4451 4438
f 4435 4449 4436
f 4434 4446 4447
f 4432 4444 4445
f 4430 4442 4443
f 4427 4441 4428
f 4437 4449 4450
f 4435 4447 4448
f 4432 4446 4433
f 4430 4444 4431
f 4442 4454 4455
f 4439 4453 4440
f 4451 4463 4464
f 4449 4461 4462
f 4446 4460 4447
f 4444 4458 4445
f 4443 4455 4456
f 4440 4454 4441
f 4450 4462 4463
f 4447 4461 4448
f 4445 4459 4446
f 4444 4456 4457
f 4455 4467 4468
f 4453 4465 4466
f 4463 4477 4464
f 4462 4474 4475
f 4459 4473 4460
f 4457 4471 4458
f 4455 4469 4456
f 4453 4467 4454
f 4462 4476 4463
f 4461 4473 4474
f 4459 4471 4472
f 4457 4469 4470
f 4347 4073 4086
f 4347 4086 4099
f 4347 4099 4112
f 4347 4112 4125
f 4347 4125 4138
f 4347 4138 4151
f 4347 4151 4164
f 4347 4164 4177
f 4347 4177 4190
f 4347 4190 4203
f 4347 4203 4216
f 4347 4216 4229
f 4347 4229 4242
f 4347 4242 4255
f 4347 4255 4268
f 4347 4268 4281
f 4347 4281 4294
f 4347 4294 4307
f 4347 4307 4320
f 4347 4320 4333
f 4347 4333 4346
f 4347 4346 4360
f 4347 4360 4373
f 4347 4373 4386
f 4347 4386 4399
f 4347 4399 4412
f 4347 4412 4425
f 4347 4425 4438
f 4347 4438 4451
f 4347 4451 4464
f 4347 4464 4477
f 4468 4063 4064
f 4466 4061 4062
f 4477 4072 4073
f 4474 4071 4475
f 4472 4069 4473
f 4471 4066 4067
f 4468 4065 4469
f 4466 4063 4467
f 4347 4477 4073
f 4476 4071 4072
f 4474 4069 4070
f 4472 4067 4068
f 4469 4066 4470
f 3935 4465 4060
f 4465 4056 4060
f 4452 4051 4056
f 4439 4047 4051
f 4047 4413 4043
f 4043 4400 4039
f 4039 4387 4035
f 4387 4031 4035
f 4031 4361 4027
f 4361 4023 4027
f 4348 4019 4023
f 4334 4015 4019
f 4015 4308 4011
f 4011 4295 4007
f 4007 4282 4003
f 4282 3999 4003
f 3999 4256 3995
f 4256 3991 3995
f 4243 3987 3991
f 4230 3983 3987
f 3983 4204 3979
f 3979 4191 3975
f 3975 4178 3971
f 4178 3967 3971
f 3967 4152 3963
f 4152 3959 3963
f 4139 3955 3959
f 4126 3951 3955
f 3951 4100 3947
f 3947 4087 3943
f 3943 4074 3939
f 4074 3935 3939
f 4480 4483 4484
f 4480 4485 4481
f 4479 4482 4483
f 4484 4489 4485
f 4482 4487 4483
f 4483 4488 4484
f 4488 4493 4489
f 4487 4490 4491
f 4488 4491 4492
f 4493 4496 4497
f 4490 4495 4491
f 4491 4496 4492
f 4496 4501 4497
f 4495 4498 4499
f 4496 4499 4500
f 4501 4504 4505
f 4498 4503 4499
f 4499 4504 4500
f 4505 4508 4509
f 4503 4506 4507
f 4504 4507 4508
f 4509 4512 4513
f 4506 4511 4507
f 4507 4512 4508
f 4513 4516 4517
f 4511 4514 4515
f 4512 4515 4516
f 4516 4521 4517
f 4514 4519 4515
f 4515 4520 4516
f 4520 4525 4521
f 4518 4523 4519
f 4520 4523 4524
f 4525 4528 4529
f 4522 4527 4523
f 4523 4528 4524
f 4528 4533 4529
f 4527 4530 4531
f 4528 4531 4532
f 4533 4536 4537
f 4530 4535 4531
f 4531 4536 4532
f 4537 4540 4541
f 4534 4539 4535
f 4536 4539 4540
f 4541 4544 4545
f 4539 4542 4543
f 4539 4544 4540
f 4544 4549 4545
f 4542 4547 4543
f 4544 4547 4548
f 4548 4553 4549
f 4547 4550 4551
f 4547 4552 4548
f 4552 4557 4553
f 4551 4554 4555
f 4552 4555 4556
f 4557 4560 4561
f 4554 4559 4555
f 4555 4560 4556
f 4560 4565 4561
f 4559 4562 4563
f 4560 4563 4564
f 4565 4568 4569
f 4562 4567 4563
f 4563 4568 4564
f 4569 4572 4573
f 4567 4570 4571
f 4568 4571 4572
f 4572 4577 4573
f 4570 4575 4571
f 4571 4576 4572
f 4576 4581 4577
f 4575 4578 4579
f 4576 4579 4580
f 4580 4585 4581
f 4578 4583 4579
f 4579 4584 4580
f 4584 4589 4585
f 4583 4586 4587
f 4584 4587 4588
f 4589 4592 4593
f 4586 4591 4587
f 4587 4592 4588
f 4592 4597 4593
f 4591 4594 4595
f 4592 4595 4596
f 4597 4601 4602
f 4594 4600 4595
f 4595 4601 4596
f 4602 4605 4606
f 4600 4603 4604
f 4601 4604 4605
f 4478 4598 4482
f 4482 4598 4486
f 4486 4598 4490
f 4490 4598 4494
f 4494 4598 4498
f 4498 4598 4502
f 4502 4598 4506
f 4506 4598 4510
f 4510 4598 4514
f 4514 4598 4518
f 4518 4598 4522
f 4522 4598 4526
f 4526 4598 4530
f 4530 4598 4534
f 4534 4598 4538
f 4538 4598 4542
f 4542 4598 4546
f 4546 4598 4550
f 4550 4598 4554
f 4554 4598 4558
f 4558 4598 4562
f 4562 4598 4566
f 4566 4598 4570
f 4570 4598 4574
f 4574 4598 4578
f 4578 4598 4582
f 4582 4598 4586
f 4586 4598 4590
f 4590 4598 4594
f 4594 4598 4599
f 4599 4598 4603
f 4606 4480 4481
f 4603 4479 4604
f 4604 4480 4605
f 4603 4598 4478
f 4615 4627 4628
f 4612 4626 4613
f 4611 4623 4624
f 4609 4621 4622
f 4618 4630 4631
f 4615 4629 4616
f 4613 4627 4614
f 4612 4624 4625
f 4609 4623 4610
f 4607 4621 4608
f 4619 4631 4632
f 4617 4629 4630
f 4622 4636 4623
f 4620 4634 4621
f 4632 4644 4645
f 4629 4643 4630
f 4628 4640 4641
f 4626 4638 4639
f 4624 4636 4637
f 4622 4634 4635
f 4631 4643 4644
f 4628 4642 4629
f 4626 4640 4627
f 4624 4638 4625
f 4635 4649 4636
f 4634 4646 4647
f 4644 4658 4645
f 4642 4656 4643
f 4641 4653 4654
f 4639 4651 4652
f 4636 4650 4637
f 4635 4647 4648
f 4643 4657 4644
f 4642 4654 4655
f 4640 4652 4653
f 4637 4651 4638
f 4648 4662 4649
f 4646 4660 4647
f 4658 4670 4671
f 4656 4668 4669
f 4653 4667 4654
f 4651 4665 4652
f 4649 4663 4650
f 4648 4660 4661
f 4656 4670 4657
f 4654 4668 4655
f 4653 4665 4666
f 4651 4663 4664
f 4661 4675 4662
f 4660 4672 4673
f 4670 4684 4671
f 4668 4682 4669
f 4667 4679 4680
f 4665 4677 4678
f 4663 4675 4676
f 4661 4673 4674
f 4670 4682 4683
f 4667 4681 4668
f 4665 4679 4666
f 4663 4677 4664
f 4675 4687 4688
f 4672 4686 4673
f 4684 4696 4697
f 4682 4694 4695
f 4679 4693 4680
f 4678 4690 4691
f 4676 4688 4689
f 4673 4687 4674
f 4683 4695 4696
f 4681 4693 4694
f 4678 4692 4679
f 4676 4690 4677
f 4688 4700 4701
f 4686 4698 4699
f 4696 4710 4697
f 4695 4707 4708
f 4692 4706 4693
f 4691 4703 4704
f 4688 4702 4689
f 4686 4700 4687
f 4695 4709 4696
f 4694 4706 4707
f 4692 4704 4705
f 4689 4703 4690
f 4701 4713 4714
f 4699 4711 4712
f 4710 4722 4723
f 4707 4721 4708
f 4705 4719 4706
f 4704 4716 4717
f 4701 4715 4702
f 4699 4713 4700
f 4709 4721 4722
f 4707 4719 4720
f 4705 4717 4718
f 4702 4716 4703
f 4713 4727 4714
f 4711 4725 4712
f 4723 4735 4736
f 4721 4733 4734
f 4719 4731 4732
f 4716 4730 4717
f 4715 4727 4728
f 4713 4725 4726
f 4721 4735 4722
f 4719 4733 4720
f 4717 4731 4718
f 4716 4728 4729
f 4726 4740 4727
f 4724 4738 4725
f 4736 4748 4749
f 4733 4747 4734
f 4732 4744 4745
f 4730 4742 4743
f 4728 4740 4741
f 4726 4738 4739
f 4735 4747 4748
f 4732 4746 4733
f 4730 4744 4731
f 4728 4742 4729
f 4739 4753 4740
f 4738 4750 4751
f 4748 4762 4749
f 4746 4760 4747
f 4745 4757 4758
f 4743 4755 4756
f 4740 4754 4741
f 4739 4751 4752
f 4747 4761 4748
f 4745 4759 4746
f 4744 4756 4757
f 4741 4755 4742
f 4753 4765 4766
f 4750 4764 4751
f 4762 4774 4775
f 4759 4773 4760
f 4758 4770 4771
f 4755 4769 4756
f 4753 4767 4754
f 4752 4764 4765
f 4760 4774 4761
f 4758 4772 4759
f 4757 4769 4770
f 4755 4767 4768
f 4765 4779 4766
f 4764 4776 4777
f 4774 4788 4775
f 4772 4786 4773
f 4771 4783 4784
f 4769 4781 4782
f 4767 4779 4780
f 4765 4777 4778
f 4774 4786 4787
f 4771 4785 4772
f 4769 4783 4770
f 4767 4781 4768
f 4779 4791 4792
f 4776 4790 4777
f 4788 4800 4801
f 4786 4798 4799
f 4783 4797 4784
f 4782 4794 4795
f 4780 4792 4793
f 4777 4791 4778
f 4787 4799 4800
f 4785 4797 4798
f 4782 4796 4783
f 4780 4794 4781
f 4792 4804 4805
f 4790 4802 4803
f 4800 4814 4801
f 4799 4811 4812
f 4796 4810 4797
f 4795 4807 4808
f 4792 4806 4793
f 4790 4804 4791
f 4799 4813 4800
f 4798 4810 4811
f 4796 4808 4809
f 4793 4807 4794
f 4805 4817 4818
f 4803 4815 4816
f 4814 4826 4827
f 4811 4825 4812
f 4809 4823 4810
f 4808 4820 4821
f 4805 4819 4806
f 4803 4817 4804
f 4813 4825 4826
f 4811 4823 4824
f 4809 4821 4822
f 4806 4820 4807
f 4817 4831 4818
f 4815 4829 4816
f 4826 4840 4827
f 4825 4837 4838
f 4823 4835 4836
f 4820 4834 4821
f 4819 4831 4832
f 4817 4829 4830
f 4825 4839 4826
f 4823 4837 4824
f 4821 4835 4822
f 4820 4832 4833
f 4830 4844 4831
f 4828 4842 4829
f 4840 4852 4853
f 4837 4851 4838
f 4836 4848 4849
f 4834 4846 4847
f 4832 4844 4845
f 4830 4842 4843
f 4839 4851 4852
f 4836 4850 4837
f 4834 4848 4835
f 4832 4846 4833
f 4843 4857 4844
f 4842 4854 4855
f 4852 4866 4853
f 4850 4864 4851
f 4849 4861 4862
f 4847 4859 4860
f 4844 4858 4845
f 4843 4855 4856
f 4851 4865 4852
f 4849 4863 4850
f 4848 4860 4861
f 4845 4859 4846
f 4857 4869 4870
f 4855 4867 4868
f 4866 4878 4879
f 4864 4876 4877
f 4862 4874 4875
f 4859 4873 4860
f 4857 4871 4858
f 4856 4868 4869
f 4864 4878 4865
f 4862 4876 4863
f 4861 4873 4874
f 4859 4871 4872
f 4869 4883 4870
f 4868 4880 4881
f 4878 4892 4879
f 4877 4889 4890
f 4874 4888 4875
f 4873 4885 4886
f 4871 4883 4884
f 4868 4882 4869
f 4878 4890 4891
f 4876 4888 4889
f 4873 4887 4874
f 4871 4885 4872
f 4883 4896 4897
f 4880 4895 4881
f 4892 4905 4906
f 4890 4903 4904
f 4887 4902 4888
f 4885 4900 4886
f 4884 4897 4898
f 4881 4896 4882
f 4891 4904 4905
f 4889 4902 4903
f 4886 4901 4887
f 4885 4898 4899
f 4897 4909 4910
f 4895 4907 4908
f 4905 4919 4906
f 4904 4916 4917
f 4901 4915 4902
f 4899 4913 4900
f 4897 4911 4898
f 4895 4909 4896
f 4904 4918 4905
f 4903 4915 4916
f 4901 4913 4914
f 4899 4911 4912
f 4910 4922 4923
f 4908 4920 4921
f 4919 4931 4932
f 4916 4930 4917
f 4914 4928 4915
f 4913 4925 4926
f 4910 4924 4911
f 4908 4922 4909
f 4918 4930 4931
f 4916 4928 4929
f 4914 4926 4927
f 4911 4925 4912
f 4922 4936 4923
f 4920 4934 4921
f 4931 4945 4932
f 4930 4942 4943
f 4928 4940 4941
f 4925 4939 4926
f 4924 4936 4937
f 4922 4934 4935
f 4930 4944 4931
f 4928 4942 4929
f 4926 4940 4927
f 4925 4937 4938
f 4935 4949 4936
f 4933 4947 4934
f 4945 4957 4958
f 4942 4956 4943
f 4941 4953 4954
f 4938 4952 4939
f 4937 4949 4950
f 4935 4947 4948
f 4944 4956 4957
f 4941 4955 4942
f 4939 4953 4940
f 4938 4950 4951
f 4948 4962 4949
f 4947 4959 4960
f 4957 4971 4958
f 4955 4969 4956
f 4954 4966 4967
f 4951 4965 4952
f 4949 4963 4950
f 4948 4960 4961
f 4956 4970 4957
f 4954 4968 4955
f 4953 4965 4966
f 4951 4963 4964
f 4962 4974 4975
f 4959 4973 4960
f 4971 4983 4984
f 4968 4982 4969
f 4966 4980 4967
f 4964 4978 4965
f 4962 4976 4963
f 4960 4974 4961
f 4969 4983 4970
f 4967 4981 4968
f 4966 4978 4979
f 4964 4976 4977
f 4975 4987 4988
f 4973 4985 4986
f 4983 4997 4984
f 4981 4995 4982
f 4979 4993 4980
f 4978 4990 4991
f 4976 4988 4989
f 4973 4987 4974
f 4983 4995 4996
f 4981 4993 4994
f 4978 4992 4979
f 4976 4990 4977
f 4988 5000 5001
f 4985 4999 4986
f 4997 5009 5010
f 4995 5007 5008
f 4992 5006 4993
f 4991 5003 5004
f 4989 5001 5002
f 4986 5000 4987
f 4996 5008 5009
f 4994 5006 5007
f 4991 5005 4992
f 4989 5003 4990
f 5001 5013 5014
f 4999 5011 5012
f 5009 5023 5010
f 5008 5020 5021
f 5005 5019 5006
f 5004 5016 5017
f 5001 5015 5002
f 4999 5013 5000
f 5008 5022 5009
f 5007 5019 5020
f 5005 5017 5018
f 5002 5016 5003
f 4893 4619 4632
f 4893 4632 4645
f 4893 4645 4658
f 4893 4658 4671
f 4893 4671 4684
f 4893 4684 4697
f 4893 4697 4710
f 4893 4710 4723
f 4893 4723 4736
f 4893 4736 4749
f 4893 4749 4762
f 4893 4762 4775
f 4893 4775 4788
f 4893 4788 4801
f 4893 4801 4814
f 4893 4814 4827
f 4893 4827 4840
f 4893 4840 4853
f 4893 4853 4866
f 4893 4866 4879
f 4893 4879 4892
f 4893 4892 4906
f 4893 4906 4919
f 4893 4919 4932
f 4893 4932 4945
f 4893 4945 4958
f 4893 4958 4971
f 4893 4971 4984
f 4893 4984 4997
f 4893 4997 5010
f 4893 5010 5023
f 5014 4609 4610
f 5012 4607 4608
f 5022 4619 5023
f 5020 4617 5021
f 5018 4615 5019
f 5017 4612 4613
f 5014 4611 5015
f 5012 4609 5013
f 4893 5023 4619
f 5021 4618 5022
f 5020 4615 4616
f 5018 4613 4614
f 5015 4612 5016
f 4481 5011 4606
f 5011 4602 4606
f 4998 4597 4602
f 4985 4593 4597
f 4593 4959 4589
f 4589 4946 4585
f 4585 4933 4581
f 4933 4577 4581
f 4577 4907 4573
f 4907 4569 4573
f 4894 4565 4569
f 4880 4561 4565
f 4561 4854 4557
f 4557 4841 4553
f 4553 4828 4549
f 4828 4545 4549
f 4545 4802 4541
f 4802 4537 4541
f 4789 4533 4537
f 4776 4529 4533
f 4529 4750 4525
f 4525 4737 4521
f 4521 4724 4517
f 4724 4513 4517
f 4513 4698 4509
f 4698 4505 4509
f 4685 4501 4505
f 4672 4497 4501
f 4497 4646 4493
f 4493 4633 4489
f 4489 4620 4485
f 4620 4481 4485
f 4 3 2
f 8 7 6
f 13 16 15
f 17 28 19
f 32 31 30
f 36 35 34
f 37 40 39
f 21 22 23
f 25 26 27
f 41 44 43
f 48 47 46
f 52 51 50
f 53 56 55
f 60 59 58
f 29 30 62
f 66 65 64
f 67 5 6
f 72 71 70
f 76 75 74
f 77 80 79
f 81 84 83
f 59 87 86
f 88 91 90
f 96 95 94
f 100 99 98
f 101 104 103
f 106 105 34
f 108 116 115
f 117 119 36
f 124 127 126
f 131 130 129
f 132 102 134
f 142 141 140
f 148 106 60
f 144 143 127
f 149 152 151
f 156 155 154
f 159 150 158
f 116 108 164
f 171 170 169
f 174 126 173
f 179 182 181
f 186 189 188
f 194 197 196
f 199 142 139
f 206 209 208
f 213 212 211
f 202 215 214
f 96 93 216
f 92 238 43
f 97 184 246
f 250 249 229
f 252 254 58
f 258 257 256
f 260 91 229
f 110 111 112
f 114 264 263
f 265 268 267
f 56 53 270
f 274 273 249
f 185 183 63
f 280 279 278
f 285 284 283
f 288 219 211
f 141 142 92
f 289 290 175
f 148 116 105
f 312 311 170
f 238 262 42
f 318 163 160
f 310 309 308
f 241 239 325
f 160 230 240
f 47 48 307
f 108 109 315
f 345 85 86
f 348 351 350
f 356 359 358
f 355 354 353
f 363 31 32
f 364 252 253
f 366 125 368
f 183 372 371
f 163 162 161
f 209 226 101
f 378 377 165
f 379 295 381
f 383 382 3
f 284 285 386
f 387 127 389
f 391 259 229
f 73 281 397
f 405 408 407
f 203 218 411
f 414 121 413
f 1 356 357
f 277 276 131
f 254 344 57
f 358 384 415
f 417 416 386
f 401 400 192
f 419 389 127
f 421 181 182
f 103 301 302
f 428 367 368
f 380 390 359
f 62 204 266
f 140 141 431
f 357 358 351
f 356 1 379
f 415 392 403
f 437 428 436
f 438 441 440
f 188 451 450
f 265 455 181
f 224 185 64
f 237 212 213
f 275 131 128
f 281 282 460
f 50 462 79
f 73 74 282
f 468 467 466
f 390 355 352
f 482 485 484
f 489 488 487
f 493 496 495
f 472 471 470
f 502 501 500
f 220 221 222
f 512 419 143
f 518 517 511
f 513 239 230
f 205 30 31
f 189 370 451
f 163 318 532
f 533 224 225
f 446 448 447
f 335 541 540
f 544 512 546
f 329 519 291
f 199 534 262
f 385 386 416
f 532 190 191
f 363 117 118
f 578 581 580
f 573 572 571
f 561 563 562
f 241 260 259
f 590 593 592
f 545 546 595
f 503 154 155
f 606 625 624
f 478 481 480
f 646 649 648
f 590 591 689
f 564 565 651
f 728 246 184
f 714 724 716
f 692 574 575
f 541 335 581
f 346 68 248
f 161 231 230
f 128 129 94
f 698 705 704
f 574 577 576
f 290 289 401
f 630 631 725
f 733 736 735
f 755 466 496
f 759 480 481
f 757 763 762
f 764 496 466
f 768 767 3808
f 759 760 488
f 492 474 475
f 474 770 769
f 773 468 465
f 771 774 486
f 484 485 775
f 774 776 489
f 495 496 764
f 495 757 761
f 137 397 784
f 325 239 797
f 165 519 51
f 369 32 29
f 730 731 568
f 90 302 301
f 243 118 516
f 800 734 806
f 817 815 808
f 816 808 823
f 306 303 447
f 815 810 809
f 829 830 828
f 726 725 501
f 274 427 424
f 879 882 881
f 884 883 879
f 219 218 217
f 906 905 904
f 455 204 205
f 898 882 830
f 903 900 880
f 377 291 519
f 923 949 948
f 946 947 951
f 3519 740 739
f 900 899 886
f 225 64 65
f 182 445 442
f 809 952 947
f 954 960 962
f 927 950 965
f 885 879 880
f 925 927 966
f 343 342 341
f 965 964 971
f 968 971 970
f 972 968 969
f 963 961 981
f 336 337 338
f 992 993 827
f 810 815 996
f 1007 1001 1002
f 1012 826 827
f 1011 1009 1007
f 294 293 292
f 907 908 920
f 1017 579 1019
f 1020 1023 1022
f 1035 1024 1020
f 1061 1060 1047
f 1063 1061 1046
f 1044 1020 1021
f 1102 1094 1097
f 1116 1126 1118
f 1016 1015 1014
f 881 897 904
f 816 1116 1127
f 1094 948 949
f 514 342 167
f 146 145 81
f 1133 1135 1130
f 1102 1133 1126
f 822 1126 1116
f 1145 1143 1148
f 1076 1144 1151
f 1148 1143 1086
f 1109 1097 1114
f 1154 1153 1156
f 1153 925 967
f 3464 3497 463
f 1144 1147 1152
f 1156 967 1163
f 1164 1162 1169
f 1145 1171 1176
f 1114 1115 1154
f 1183 1155 1164
f 1184 1183 1177
f 1069 1151 1062
f 1023 1191 1194
f 1162 1163 1170
f 1195 1184 1185
f 1183 1196 1176
f 1201 1063 1152
f 1061 1063 1201
f 3825 847 843
f 1203 1202 1195
f 1202 1201 1184
f 1218 1060 1203
f 1060 1061 1202
f 1225 1218 1217
f 671 695 694
f 1219 1217 1024
f 1217 1203 1034
f 1226 1014 1015
f 1243 1242 1234
f 1231 1230 1229
f 847 1243 1233
f 843 1233 1244
f 1233 1234 1245
f 1923 3761 233
f 2100 2108 499
f 3914 3864 2135
f 61 62 323
f 210 211 217
f 1299 1310 1309
f 3863 1230 1231
f 1066 1047 1321
f 1322 1321 1228
f 1060 1218 1321
f 1325 1324 1323
f 1244 1245 1332
f 1290 1234 1242
f 1337 1330 1339
f 1330 1332 1340
f 1341 1332 1245
f 1342 1340 1332
f 1343 1342 1341
f 1344 1341 1294
f 3857 3856 1345
f 1347 1348 1342
f 3856 3854 1295
f 1349 1350 1348
f 3861 1349 1347
f 3853 1347 1343
f 906 898 829
f 905 906 1353
f 865 1356 1355
f 1355 1353 829
f 1357 1355 825
f 1356 1354 1353
f 3834 1337 1338
f 866 1358 1356
f 1358 1359 1354
f 3828 878 1337
f 838 1362 1012
f 1363 1364 1338
f 1368 1363 1339
f 1348 1368 1340
f 1371 1369 3824
f 524 525 526
f 528 529 530
f 1372 1370 1369
f 535 536 537
f 1367 1368 1348
f 1370 1354 1359
f 1369 1359 3833
f 1373 910 903
f 555 556 557
f 1374 909 910
f 1373 904 905
f 1374 1373 1375
f 1375 905 1354
f 1378 920 908
f 376 373 651
f 1388 928 973
f 586 587 588
f 1390 1389 1388
f 1391 1388 969
f 597 598 599
f 600 601 602
f 1392 1391 970
f 608 609 610
f 612 524 523
f 614 615 616
f 617 618 25
f 620 621 622
f 1397 1390 1391
f 1398 1397 1392
f 1400 987 920
f 1402 1403 1165
f 636 637 638
f 930 1404 1402
f 641 642 643
f 929 1402 1169
f 1404 1405 1403
f 1411 1366 1365
f 1412 1406 1415
f 652 653 654
f 609 656 657
f 659 660 661
f 558 663 586
f 665 666 667
f 1413 1411 1406
f 1418 1416 3810
f 1417 1372 1371
f 1416 1371 3829
f 1419 1417 1416
f 1386 909 1374
f 677 678 679
f 1385 1386 1420
f 1420 1374 1376
f 685 686 687
f 1421 1420 1422
f 528 690 691
f 1422 1376 1372
f 1018 1019 747
f 699 700 701
f 1424 578 579
f 3663 1597 1767
f 700 699 711
f 1093 3746 3754
f 717 718 530
f 721 722 723
f 704 1650 3543
f 19 1429 1426
f 1429 1428 1427
f 1658 1659 3542
f 1439 1437 1434
f 1437 1436 1435
f 1426 1427 1433
f 1442 1431 1432
f 742 743 744
f 1432 1433 1441
f 751 752 753
f 1438 1434 1403
f 1446 1445 1444
f 1447 1448 1446
f 3860 1447 1443
f 1415 1367 1445
f 1414 1415 1446
f 2173 1683 469
f 777 778 779
f 780 781 782
f 1676 1693 1806
f 3859 1451 1349
f 789 790 791
f 745 792 793
f 652 794 795
f 1455 1458 1457
f 1454 1367 1350
f 610 691 802
f 3831 3816 698
f 1352 1044 1045
f 1015 1016 1459
f 811 812 813
f 2118 3815 3817
f 819 820 821
f 1466 1463 1194
f 1467 1468 1465
f 1182 1165 1468
f 832 812 833
f 835 836 837
f 1467 1466 1190
f 1469 1470 1444
f 840 700 712
f 1453 1470 1469
f 599 844 845
f 1226 1450 3849
f 851 852 853
f 855 744 856
f 858 859 860
f 861 862 863
f 1014 1226 3855
f 867 676 868
f 870 871 872
f 874 875 876
f 1310 1323 1471
f 1476 1433 1427
f 1461 1476 1475
f 887 888 889
f 788 791 892
f 894 895 896
f 1460 1475 1227
f 901 902 524
f 1465 1478 1477
f 1865 3503 3500
f 911 912 913
f 916 917 918
f 1850 3505 3507
f 921 922 895
f 1479 1435 1436
f 926 664 667
f 1481 562 563
f 269 1483 84
f 931 932 933
f 934 935 614
f 936 685 688
f 938 659 662
f 1484 270 122
f 941 942 835
f 320 321 509
f 1849 3510 3505
f 84 1483 1484
f 1487 1490 1488
f 1757 1758 3502
f 365 1492 1491
f 461 79 80
f 117 363 362
f 1494 540 541
f 926 601 957
f 1477 1441 1433
f 1709 1588 1585
f 119 117 1496
f 271 1497 504
f 511 517 189
f 345 1496 1492
f 57 344 299
f 1501 1499 268
f 267 268 1499
f 974 975 976
f 1678 1652 1693
f 3846 1682 1807
f 557 982 663
f 983 941 984
f 1443 1444 3849
f 421 1500 268
f 989 990 991
f 1490 1487 418
f 279 280 309
f 997 868 676
f 998 26 999
f 1504 418 38
f 1506 1508 1507
f 360 361 1508
f 1506 1486 207
f 939 1005 1006
f 270 1484 1483
f 66 63 546
f 1010 742 793
f 367 428 437
f 244 31 363
f 1670 3532 3534
f 209 206 1510
f 388 389 426
f 427 274 250
f 161 520 521
f 100 246 45
f 1025 1026 608
f 1029 1030 1031
f 939 662 1033
f 41 42 594
f 1036 780 783
f 702 701 1038
f 1040 1041 1042
f 362 32 369
f 187 1520 477
f 70 1487 539
f 1049 600 603
f 613 867 869
f 860 1050 1051
f 1005 1052 1053
f 753 1055 1056
f 1057 1058 1059
f 293 288 1522
f 288 212 1521
f 292 1522 1523
f 331 1507 1508
f 306 452 453
f 100 44 41
f 462 1524 78
f 330 331 1524
f 635 1067 1068
f 1485 1527 1526
f 206 1485 1528
f 1070 1071 1072
f 942 941 1073
f 916 933 1075
f 440 1529 1530
f 157 158 1514
f 1529 162 5
f 371 595 546
f 790 586 663
f 1077 858 857
f 1403 1434 1435
f 1080 1081 1082
f 531 520 1529
f 21 1083 1084
f 272 1532 1531
f 690 712 802
f 335 3571 3567
f 1090 1030 1029
f 1092 795 794
f 1533 396 137
f 661 660 1095
f 69 444 445
f 1099 1100 1101
f 38 39 1536
f 1104 1105 1106
f 852 1107 1108
f 1377 908 909
f 291 377 411
f 316 1536 516
f 539 1488 1533
f 1505 1536 316
f 1110 1111 1112
f 1539 1537 460
f 522 441 1537
f 834 837 1120
f 1122 1123 1124
f 612 1125 1041
f 935 793 615
f 276 278 130
f 1686 3549 3522
f 193 190 1541
f 231 521 1540
f 556 1037 982
f 365 253 85
f 190 532 318
f 1810 765 3574
f 3924 1867 3512
f 1132 983 985
f 208 101 102
f 1134 1033 662
f 1491 518 80
f 429 133 1542
f 1137 1138 915
f 172 436 428
f 1139 1140 1141
f 549 96 54
f 1517 1519 1518
f 834 1119 984
f 1543 513 286
f 1544 797 239
f 133 134 1544
f 506 361 257
f 420 327 328
f 1158 1159 1160
f 587 1104 1103
f 607 1161 1027
f 304 1546 1545
f 364 1491 77
f 69 70 198
f 700 840 1112
f 3877 626 3525
f 1166 719 657
f 1167 1168 858
f 1300 3523 3524
f 1172 1173 1174
f 218 203 200
f 1179 1180 1181
f 372 183 97
f 89 104 227
f 1186 1187 1188
f 172 173 1517
f 1482 84 81
f 1090 1192 1193
f 394 395 353
f 526 525 1198
f 1199 1200 1026
f 606 623 697
f 1204 1205 1206
f 1207 1208 523
f 1209 1210 867
f 914 913 685
f 1478 1436 1441
f 1029 1028 1161
f 1211 1212 1213
f 3858 1453 1451
f 844 1215 1216
f 423 193 273
f 1220 1221 1222
f 22 1223 1224
f 882 898 897
f 1519 1517 173
f 1189 1188 1232
f 349 350 550
f 1071 1235 1236
f 1237 1238 1239
f 1221 1186 1189
f 1510 1528 1512
f 939 1032 1241
f 1556 1530 5
f 1553 1554 394
f 404 1556 67
f 1247 1248 1249
f 142 199 238
f 1251 1067 635
f 850 1252 1253
f 1254 1167 1077
f 57 132 133
f 443 430 552
f 1187 1172 1175
f 1256 1070 831
f 432 405 382
f 741 748 747
f 434 350 351
f 349 432 383
f 251 124 1481
f 395 384 352
f 1518 1519 1550
f 1558 410 378
f 109 263 314
f 285 1514 1513
f 395 394 393
f 202 203 410
f 417 408 405
f 1246 1257 1258
f 3 1559 297
f 1259 1260 1261
f 403 404 347
f 955 954 953
f 462 50 51
f 1096 1095 687
f 429 147 60
f 896 1264 1265
f 1267 721 1268
f 423 424 327
f 37 179 180
f 20 23 1187
f 1256 1168 1071
f 1188 1175 1269
f 1236 1270 1271
f 1272 536 535
f 565 564 463
f 1273 792 745
f 876 1254 1255
f 316 33 164
f 437 1516 503
f 194 1494 1495
f 1275 1276 864
f 624 625 631
f 1277 1274 1137
f 569 568 567
f 1481 124 125
f 324 325 547
f 1279 1108 1107
f 1525 332 329
f 1281 1278 1137
f 171 168 1553
f 1488 73 396
f 1557 1561 1562
f 1282 856 1206
f 1053 1277 1278
f 778 777 607
f 713 583 3566
f 251 225 144
f 4 357 348
f 709 708 707
f 728 48 45
f 261 135 1563
f 789 1286 1287
f 74 314 263
f 403 284 385
f 1178 1181 1240
f 1223 1259 1289
f 1220 20 1186
f 296 1518 354
f 784 459 1538
f 1181 1180 1291
f 1269 1292 1257
f 1566 1538 438
f 136 784 1566
f 1563 1564 169
f 107 114 109
f 1297 1282 1298
f 1464 1477 1476
f 1520 187 507
f 1301 1302 1303
f 1306 1307 1308
f 175 456 1532
f 1532 456 200
f 1311 1266 1312
f 872 1314 1315
f 3836 843 878
f 1305 1308 864
f 1040 1275 863
f 1564 1566 399
f 592 1576 1575
f 591 1575 1088
f 1581 1584 1583
f 1196 1152 1147
f 710 582 583
f 285 407 408
f 953 954 961
f 1594 1592 1589
f 1585 1588 1587
f 1592 1591 1590
f 3885 945 944
f 1600 1599 1598
f 1604 1603 1602
f 1399 1392 979
f 1589 1590 1596
f 1610 1609 1608
f 298 257 361
f 551 552 276
f 1627 1626 3814
f 859 811 818
f 1078 857 1328
f 1555 439 1530
f 572 573 680
f 772 465 776
f 977 1281 918
f 404 403 392
f 1054 1331 750
f 1644 1645 1643
f 932 1265 1082
f 1067 1333 1334
f 1540 1539 264
f 597 1335 643
f 471 761 762
f 1642 696 3831
f 1644 1642 3842
f 923 946 950
f 96 549 548
f 520 531 522
f 445 444 443
f 849 839 848
f 480 759 755
f 1646 760 481
f 311 426 1567
f 464 463 3497
f 3497 1360 1361
f 234 237 236
f 190 193 192
f 153 154 152
f 231 287 286
f 1552 1553 1551
f 760 1646 1648
f 3832 1647 1649
f 828 827 826
f 52 167 166
f 1663 1662 1661
f 287 107 115
f 668 671 670
f 634 645 640
f 553 560 559
f 118 36 33
f 492 484 491
f 3552 1652 1651
f 582 589 584
f 384 395 392
f 1381 1382 1383
f 1562 1561 435
f 952 953 951
f 3529 3566 583
f 1660 1661 1667
f 1394 1395 1396
f 1660 1665 1664
f 1671 1670 1669
f 1624 1625 1673
f 1407 1408 1409
f 1677 1676 1675
f 1613 1679 1677
f 1679 1678 1676
f 1626 1681 3811
f 534 199 198
f 803 733 734
f 400 248 191
f 65 66 143
f 3526 1657 1656
f 402 159 157
f 629 628 627
f 461 477 49
f 758 757 495
f 796 787 786
f 406 407 1513
f 342 343 166
f 1694 1659 1658
f 1692 1687 1694
f 3557 1693 1652
f 3921 1704 1703
f 326 547 302
f 3916 3921 1702
f 3919 3918 1698
f 1699 1691 3927
f 1557 406 1560
f 1127 1116 1117
f 400 401 289
f 1706 1702 1707
f 1707 1702 1599
f 1709 1706 1708
f 1714 1712 1711
f 3919 3915 1709
f 1704 1711 1577
f 1716 1714 1713
f 1559 1562 1549
f 1722 1721 1720
f 1335 597 596
f 410 411 377
f 973 1170 1163
f 168 169 399
f 1571 682 1089
f 1572 681 682
f 749 646 647
f 1730 1724 1723
f 1594 1582 1729
f 1729 1723 1591
f 1384 1378 1377
f 1732 1731 1712
f 1724 1730 1731
f 1722 1724 1732
f 1721 1722 1733
f 1734 1733 1716
f 1735 1737 1736
f 1733 1732 1714
f 1663 1664 1741
f 1742 1665 1740
f 1738 1739 1737
f 1665 1660 1666
f 1665 1742 1744
f 1725 1726 1746
f 1591 1725 1745
f 1590 1745 1747
f 1745 1746 1748
f 1659 1688 3538
f 3287 1760 3545
f 1185 1177 1182
f 1664 1744 1749
f 1741 1749 1739
f 1746 1742 1743
f 1726 1744 1742
f 1115 924 1153
f 1654 3546 3575
f 1896 3562 3549
f 1720 1749 1744
f 1721 1739 1749
f 1750 1718 1701
f 1697 1736 1750
f 1151 1152 1063
f 1751 1752 1670
f 1695 1658 1752
f 961 962 986
f 1770 1769 1768
f 1766 1594 1593
f 1731 1759 1579
f 1579 1777 1774
f 3928 1772 1771
f 1764 1772 3928
f 1777 1776 1775
f 3762 3763 1699
f 1004 1127 1128
f 1774 1775 1771
f 987 1400 1399
f 1578 1774 1772
f 1783 1782 1781
f 1597 1598 1770
f 639 1878 3895
f 3928 3929 1769
f 1793 1792 1789
f 3929 3920 1798
f 3508 3516 3773
f 1802 1867 3924
f 1788 1790 1794
f 1793 1794 1795
f 3773 3772 1675
f 1584 1581 1783
f 1771 1797 3920
f 1801 1799 1798
f 1768 1769 1798
f 1775 1796 1797
f 508 514 515
f 1796 1803 1802
f 1800 1798 3920
f 1794 1805 1804
f 3532 1670 1752
f 485 1808 1807
f 3809 3844 1640
f 3837 3844 1810
f 485 482 1640
f 1690 1691 3770
f 487 488 1648
f 3839 1813 1816
f 3838 1811 1648
f 3839 1812 1811
f 1812 1809 487
f 1641 1809 767
f 465 466 755
f 767 1815 3823
f 3822 1816 3826
f 1809 1812 1815
f 3837 1653 1651
f 675 672 3541
f 1814 1649 1822
f 1821 1822 3821
f 1824 1822 1649
f 1827 1849 1850
f 1668 1669 1662
f 1779 1780 1848
f 1790 1827 1805
f 1833 1836 1853
f 3521 3506 693
f 1614 1615 1616
f 1852 1853 3498
f 1620 1621 1622
f 1855 1765 1574
f 1847 1852 3501
f 1766 1765 1855
f 1629 1630 1631
f 1633 1622 1634
f 1635 1636 1637
f 1848 1833 1852
f 1855 1861 1863
f 1803 1866 1867
f 1862 1863 1831
f 1782 1855 1862
f 3922 3924 1865
f 1873 1872 1870
f 1874 1869 799
f 2045 3878 3897
f 1219 1345 1295
f 1615 1614 1396
f 3884 3895 1877
f 645 3898 3786
f 1345 1219 1035
f 634 639 3884
f 15 1887 1327
f 3910 3895 1878
f 1894 604 605
f 3506 3551 627
f 3560 640 645
f 340 341 454
f 1897 194 195
f 1889 1882 1877
f 1901 94 129
f 196 749 754
f 1705 1704 3921
f 340 378 166
f 1570 1480 563
f 1904 1494 194
f 1781 1862 1832
f 1905 549 55
f 1000 994 995
f 986 919 920
f 1191 1185 1190
f 2094 2077 2075
f 1920 1921 1919
f 453 454 1912
f 1915 1919 1918
f 3882 2112 2106
f 1655 3575 3531
f 1916 1918 1926
f 704 3554 3561
f 278 1916 1925
f 3565 3564 1818
f 1097 949 1115
f 1927 1928 727
f 3578 3579 3654
f 1920 310 307
f 1929 307 48
f 503 504 1497
f 1902 1903 787
f 1816 1821 3820
f 1925 1926 1923
f 1535 1569 1568
f 254 252 258
f 1509 1497 366
f 119 86 35
f 219 288 293
f 141 46 47
f 542 205 244
f 1940 552 430
f 1779 1828 1827
f 1701 1710 3915
f 1661 3550 3515
f 270 53 754
f 197 1947 749
f 1727 1728 1212
f 53 54 232
f 1465 1468 1479
f 1284 3862 3854
f 1951 446 412
f 168 398 1554
f 1486 1485 206
f 506 77 78
f 994 1001 1007
f 951 953 963
f 1013 3859 3861
f 3826 3820 1820
f 1498 1909 1954
f 299 298 543
f 1754 1755 1756
f 1681 469 1683
f 1696 1694 1695
f 13 14 738
f 473 476 475
f 482 1641 768
f 204 62 30
f 1761 1762 820
f 611 1763 1125
f 1501 1503 1908
f 1074 1073 711
f 1960 1944 82
f 120 1956 1960
f 35 86 87
f 1773 1199 1025
f 1965 1545 1569
f 494 761 471
f 1966 1967 1969
f 446 1951 1971
f 174 368 125
f 1580 1579 1578
f 1785 1786 1787
f 1972 1546 304
f 1254 876 875
f 1973 341 342
f 321 1912 1973
f 1910 277 275
f 509 1973 514
f 1486 1507 1527
f 1974 1874 804
f 1977 1976 1974
f 1980 448 1966
f 379 1 2
f 1718 1715 1710
f 884 995 992
f 1680 1684 1678
f 902 990 525
f 344 255 256
f 135 138 137
f 448 446 1967
f 589 605 604
f 910 909 908
f 1981 1966 1968
f 1982 1981 1987
f 1988 1979 1987
f 1990 1988 1989
f 1991 1989 1993
f 322 321 320
f 992 828 830
f 1144 1076 1086
f 1995 1977 1978
f 1133 1129 1118
f 1997 1995 1994
f 870 1823 1335
f 805 806 1982
f 727 184 2000
f 1996 1994 1988
f 1994 1978 1979
f 1829 616 792
f 1830 1073 941
f 798 803 800
f 729 732 731
f 2011 2012 2023
f 1834 1835 846
f 402 283 284
f 2022 2023 2024
f 1838 718 989
f 810 955 952
f 1823 1839 1840
f 1430 1426 1432
f 1215 844 1841
f 1316 1208 873
f 2112 1401 1384
f 1842 1843 1844
f 1159 846 845
f 837 27 1846
f 1971 1951 2030
f 517 369 370
f 1471 2026 2027
f 3551 3525 626
f 2174 2175 770
f 935 934 1854
f 1613 1619 1611
f 1231 1228 1225
f 1856 1857 891
f 1300 1309 748
f 1150 1149 1858
f 1643 606 696
f 1215 1265 1264
f 1320 1860 902
f 1956 1943 1944
f 2031 668 669
f 2034 1325 1310
f 1879 1880 1656
f 40 245 242
f 1992 1993 2039
f 888 958 957
f 1882 1889 1996
f 1078 1138 1255
f 1871 912 1192
f 294 411 218
f 1323 2041 2026
f 123 1960 83
f 1324 2036 2041
f 384 358 359
f 1324 1325 2038
f 1883 1884 1885
f 287 1540 114
f 1096 1886 1134
f 915 1329 931
f 806 1980 1981
f 3533 3529 584
f 1425 2030 2042
f 1018 2042 1948
f 3562 1896 740
f 1948 2042 649
f 1881 1882 1990
f 1900 129 130
f 992 995 994
f 923 927 925
f 3878 2045 2047
f 1643 2048 625
f 2050 2052 2051
f 2045 1405 1404
f 3876 2047 945
f 1139 1080 1079
f 1037 1856 892
f 2055 2053 2057
f 1198 989 718
f 1619 2058 1612
f 2058 1605 1606
f 2059 2060 1607
f 2058 1619 1624
f 71 72 179
f 405 406 1557
f 322 1548 1972
f 2061 2052 2063
f 2066 2065 2067
f 2052 2061 2064
f 1609 1610 2066
f 1515 151 152
f 1009 827 993
f 1644 3843 3815
f 279 1915 1916
f 1285 3863 3862
f 1647 2066 1825
f 2056 2057 2067
f 319 320 1953
f 667 666 1913
f 2070 631 625
f 2052 2050 2055
f 2038 1654 1655
f 1606 1601 2073
f 1235 1917 1270
f 2072 2073 2075
f 2059 1606 2072
f 2074 2075 2077
f 1601 1602 2078
f 2049 2048 1643
f 1000 1004 1001
f 1089 943 684
f 1931 1286 1306
f 1462 1459 1021
f 1932 1933 1934
f 875 874 1846
f 1936 1051 1937
f 44 45 46
f 1534 1955 1956
f 1541 318 317
f 2081 2082 2084
f 146 1945 1959
f 1360 1941 1942
f 985 984 1032
f 1995 1997 1892
f 2079 2080 2082
f 2095 2096 2076
f 2081 2093 2078
f 2055 2050 2054
f 501 2096 2095
f 2097 2100 2099
f 2098 2099 2094
f 2140 2141 3893
f 2141 2046 3894
f 2051 2070 2048
f 592 2102 2101
f 2071 2064 2076
f 2102 2097 2098
f 593 2103 2102
f 1019 1895 746
f 1950 11 12
f 725 2071 2096
f 1385 2105 2104
f 1379 2104 2106
f 2107 2108 2100
f 3908 726 502
f 3896 502 499
f 940 1389 2109
f 928 929 1170
f 3868 590 684
f 1962 1963 1964
f 3878 680 573
f 2039 1993 1968
f 1389 1390 2110
f 1398 2111 2113
f 3757 3755 3753
f 3911 3883 2107
f 949 923 924
f 260 241 324
f 1390 1397 2113
f 2070 2051 2064
f 3867 3911 2103
f 2105 1385 1421
f 2114 1421 1423
f 3892 2114 2115
f 3908 2105 2114
f 554 2116 1902
f 972 1163 967
f 1765 1593 1573
f 1984 1985 1986
f 2053 2117 2069
f 3573 3556 724
f 1625 1677 1674
f 3881 3888 2119
f 3903 2115 2123
f 56 1954 1906
f 626 3877 3879
f 2001 2002 2003
f 3912 3841 2127
f 2006 2007 2008
f 2127 1413 1412
f 2014 2015 2016
f 2018 2019 2020
f 1495 1424 1947
f 1379 1377 1386
f 3814 3811 1680
f 2029 1885 1884
f 3902 2128 2120
f 629 3879 3914
f 682 683 943
f 724 1650 2121
f 1757 1819 3821
f 765 1810 3844
f 3851 714 715
f 706 707 3870
f 981 986 987
f 1457 1868 1656
f 2017 2016 2032
f 1458 1655 1868
f 1776 1777 1792
f 1959 1945 1946
f 3663 3715 3725
f 3913 3881 2122
f 1093 1089 689
f 966 965 968
f 3852 715 3881
f 2172 3577 2170
f 670 2138 2137
f 3761 787 1903
f 1429 19 28
f 964 963 978
f 3841 3813 1413
f 1473 1474 669
f 3834 3833 1359
f 2138 798 1870
f 1872 1473 2137
f 715 716 3888
f 1881 1991 1992
f 3843 3842 739
f 1837 1847 3513
f 253 58 59
f 1808 3837 3840
f 1647 3832 3818
f 3865 3866 671
f 2112 3882 3883
f 1405 2045 2044
f 3829 3824 1364
f 273 1541 391
f 576 632 3520
f 3875 3865 668
f 1430 1431 2140
f 2136 3850 3860
f 1430 2139 18
f 3893 3894 570
f 1442 1439 2046
f 1431 1442 2141
f 3869 3913 3850
f 3808 3823 1817
f 3866 3893 695
f 2142 2025 798
f 571 2143 2142
f 3819 3814 1618
f 2143 2022 2025
f 694 2142 2138
f 681 1572 2144
f 2144 2011 2022
f 328 210 457
f 1572 2010 2011
f 630 3892 3903
f 2085 2086 2087
f 2090 2091 2092
f 572 2144 2143
f 1875 1976 2153
f 1873 1875 2149
f 2103 2107 2097
f 2157 2043 2155
f 2128 1412 1414
f 3874 3871 589
f 3872 3870 628
f 2149 2153 2158
f 2159 2158 3905
f 698 3907 3902
f 3823 3847 3827
f 2158 2156 3874
f 1438 2044 2046
f 2035 2154 2160
f 2161 2160 3889
f 3871 3891 605
f 3873 17 18
f 370 29 61
f 649 1951 413
f 2153 2157 2156
f 1428 1429 1449
f 1490 76 73
f 3890 3905 710
f 2155 1891 3891
f 1456 1457 1880
f 2125 2088 2087
f 2160 2159 3890
f 300 1959 505
f 1064 1062 1046
f 2043 1892 1891
f 2129 2130 2004
f 2131 2132 2133
f 3848 3849 1450
f 1998 1975 804
f 3879 673 3864
f 474 492 490
f 1164 1165 1182
f 707 2162 3909
f 708 1472 2162
f 2162 2161 3886
f 548 549 1905
f 1145 1136 1114
f 705 2121 1650
f 2043 2157 1977
f 737 738 554
f 1034 1195 1191
f 458 1905 1907
f 195 196 232
f 2040 2039 1969
f 2145 2146 2147
f 2054 2050 2049
f 3832 1646 1639
f 9 12 11
f 252 364 506
f 472 478 479
f 1865 3924 3791
f 900 903 910
f 1941 2150 2151
f 1921 1928 1927
f 2163 1897 1898
f 271 156 153
f 1904 1326 12
f 282 263 264
f 1872 1873 2154
f 1326 1904 1897
f 628 692 693
f 1724 1722 1719
f 1549 1562 436
f 1582 1583 1730
f 1921 1920 1929
f 3563 3511 10
f 2152 2037 1950
f 475 772 774
f 769 2172 2171
f 2171 2165 476
f 476 773 772
f 1791 565 464
f 2166 2167 2168
f 595 371 372
f 483 1809 1641
f 762 2174 2173
f 771 483 484
f 486 487 1809
f 297 1549 1517
f 763 2175 2174
f 776 755 759
f 184 185 2176
f 412 447 303
f 2005 2176 185
f 3811 1681 1682
f 2164 2170 756
f 1472 2035 2161
f 950 951 964
f 2177 2178 2179
f 227 226 1510
f 2182 2183 2184
f 2186 2019 2018
f 1985 2182 2181
f 214 736 729
f 865 849 842
f 849 865 1357
f 559 3187 3188
f 16 13 737
f 560 553 498
f 3193 3196 3195
f 3200 3197 3198
f 3211 3214 3213
f 3215 3218 3217
f 2187 2188 2002
f 2169 2168 2189
f 2192 2086 2085
f 2193 2194 2195
f 2198 2199 2200
f 1998 1982 1979
f 3664 3665 3668
f 2116 1898 1903
f 1859 2006 2009
f 3904 2123 2126
f 1135 1148 1087
f 2201 2202 2015
f 1149 111 110
f 3221 3222 3218
f 2203 2204 2205
f 579 580 1895
f 1755 2207 2208
f 3891 3910 1893
f 1211 2151 2150
f 868 997 2210
f 944 945 930
f 2130 2129 2202
f 233 1903 1898
f 665 751 750
f 1167 1254 999
f 2211 2212 2213
f 2215 2216 2217
f 3867 593 590
f 2220 221 220
f 823 824 948
f 3225 3220 3227
f 266 204 455
f 3882 2108 2107
f 2221 2222 3519
f 2223 2224 2225
f 2207 2125 2124
f 673 674 3869
f 817 1000 996
f 2227 2228 2146
f 1947 1948 646
f 3900 2135 17
f 2229 1635 1638
f 1679 1613 1618
f 1637 2231 2232
f 2233 2234 1617
f 2231 2235 2236
f 1381 1638 2238
f 3586 2241 2242
f 1630 2234 2233
f 1681 1626 472
f 1408 1407 2243
f 3236 3239 3238
f 3232 3241 3240
f 1637 2230 2238
f 3237 3238 3233
f 1409 1408 1634
f 1380 1383 2247
f 1628 2248 2245
f 2249 1623 1622
f 1632 1634 1408
f 2248 1628 1631
f 2235 2231 1637
f 3245 3246 3199
f 631 2070 2071
f 515 167 52
f 782 781 2251
f 2253 2254 2255
f 397 281 459
f 1456 2039 2040
f 2040 2041 2036
f 1401 2112 2111
f 2041 2040 1970
f 1535 121 414
f 1586 1587 2080
f 2256 983 1132
f 1700 1699 3918
f 3815 1896 1686
f 1263 2256 1886
f 598 1841 844
f 2257 2258 2259
f 2258 2261 2262
f 2259 2262 2263
f 2260 2259 2216
f 1967 1971 1970
f 2212 1964 1963
f 922 921 2218
f 1312 1098 1101
f 1307 1306 1286
f 1548 1569 1546
f 2266 2267 2268
f 2265 2268 2270
f 2272 2265 2269
f 2273 2266 2265
f 2275 2276 2277
f 2278 2274 2277
f 2284 2285 3617
f 2287 2283 2286
f 2288 2289 2283
f 2290 2284 3639
f 2291 2292 2293
f 2295 2291 2294
f 2296 2297 2291
f 2297 2298 2292
f 2294 2293 2299
f 2279 2294 2300
f 2298 2301 2302
f 2292 2302 2303
f 2293 2303 2304
f 2304 2305 2306
f 2308 2309 2310
f 2302 2307 2310
f 2301 2311 2307
f 2312 2308 2307
f 2313 2314 2315
f 2318 2319 2320
f 3748 3771 2322
f 2324 2325 2273
f 2313 2324 2326
f 2328 2324 2313
f 2329 2325 2324
f 2331 2332 2333
f 2330 2333 2267
f 2325 2330 2266
f 2329 2331 2330
f 2333 2334 2335
f 2336 2334 2333
f 2338 2336 2332
f 2331 2339 2337
f 2329 2340 2339
f 2328 2341 2340
f 2316 2342 2341
f 2342 2316 2315
f 2344 2345 2346
f 2341 2344 2347
f 2342 2348 2344
f 2348 2349 2345
f 2350 2351 2352
f 2339 2350 2353
f 2340 2347 2350
f 2347 2346 2351
f 2337 2353 2354
f 2353 2352 2355
f 2356 2277 2276
f 2356 2357 2358
f 2356 2359 2296
f 2279 2277 2356
f 2360 2361 2270
f 2267 2335 2360
f 2362 2363 2364
f 2362 2365 2361
f 2366 2362 2358
f 2366 2367 2363
f 2357 2276 2368
f 2366 2368 2369
f 2276 2275 2370
f 2368 2370 2282
f 2372 2373 2374
f 2375 2376 2377
f 2378 2379 2380
f 2382 2378 2381
f 2384 2385 2378
f 2385 2386 2379
f 2388 2389 2390
f 2387 2390 2392
f 2393 2394 2387
f 2394 2395 2388
f 2186 2401 2402
f 2403 2404 2327
f 2272 2403 2326
f 2271 2405 2403
f 2405 2406 2404
f 2404 2407 2408
f 2409 2410 2411
f 2409 2412 2271
f 2413 2409 2269
f 2413 2414 2410
f 2417 2415 2416
f 2417 2418 2406
f 2412 2417 2405
f 2411 2415 2417
f 2406 2419 2407
f 3569 3520 632
f 2420 2398 2397
f 2420 2421 2423
f 2424 2420 2422
f 2424 2399 2398
f 2425 2391 2392
f 2421 2425 2426
f 2397 2396 2425
f 2396 2393 2391
f 2427 2314 2408
f 2430 2427 2428
f 2343 2315 2427
f 2432 2343 2430
f 2431 2430 2429
f 2435 2431 2433
f 2436 2432 2431
f 2428 2408 2407
f 2422 2437 2407
f 2438 2437 2422
f 2429 2428 2437
f 2440 2434 2433
f 2441 2439 2433
f 2442 2443 2439
f 2443 2444 2440
f 2445 2446 2444
f 2447 2445 2443
f 2383 2381 2445
f 2381 2380 2446
f 2448 2438 2423
f 2449 2448 2426
f 2441 2448 2449
f 2441 2429 2438
f 2449 2392 2390
f 2450 2390 2389
f 2447 2450 2451
f 2442 2449 2450
f 2451 2389 2453
f 2452 2453 2455
f 2382 2452 2454
f 2383 2451 2452
f 2456 2457 2373
f 2459 2460 2461
f 2463 2464 2465
f 2462 2465 2285
f 2466 2462 2284
f 2467 2463 2462
f 2461 2460 3703
f 2468 2469 2470
f 2472 2468 2471
f 2474 2461 3701
f 2475 2476 2477
f 2458 2455 2453
f 2479 2453 2389
f 2395 2480 2479
f 2480 2459 2458
f 2481 2482 2483
f 2484 113 2485
f 2471 2470 2464
f 2473 2471 2463
f 2487 2467 2466
f 2486 2466 2290
f 2490 2486 2488
f 2491 2487 2486
f 2492 2473 2467
f 2493 2492 2487
f 2494 2495 2492
f 2495 2472 2473
f 3690 2496 2474
f 3691 2497 2496
f 2498 2494 2493
f 2500 2498 2499
f 3700 3687 2498
f 3687 3691 2494
f 2306 2504 2278
f 2305 2505 2504
f 2504 2505 2507
f 2506 2507 2288
f 2274 2506 2508
f 2278 2504 2506
f 3633 3632 2489
f 3620 3633 2488
f 2507 2509 2289
f 2505 2510 2509
f 2508 2288 2287
f 2511 2287 2281
f 2370 2511 2280
f 2275 2508 2511
f 2512 2490 2489
f 2514 2512 2513
f 2517 2512 2514
f 2517 2491 2490
f 2499 2493 2491
f 2499 2517 2516
f 2510 2505 2519
f 2518 2519 2521
f 3616 2518 2520
f 3632 2510 2518
f 2522 2304 2303
f 2523 2522 2310
f 2305 2304 2522
f 2524 2522 2523
f 2519 2524 2525
f 2505 2305 2524
f 2308 2312 2527
f 2526 2527 2529
f 2531 2526 2528
f 2309 2308 2526
f 1214 2532 2151
f 2419 2406 2418
f 2533 2345 2349
f 2534 2533 2317
f 2535 2536 2533
f 2536 2346 2345
f 2537 2351 2346
f 2538 2537 2536
f 2539 2540 2537
f 2540 2352 2351
f 2312 2355 2541
f 2527 2541 2542
f 2543 2435 2434
f 2545 2543 2544
f 2319 2318 2543
f 2318 2436 2435
f 2514 2515 2548
f 2547 2548 2550
f 2552 2547 2549
f 2552 2516 2514
f 2520 2521 2554
f 2553 2554 2556
f 3590 2553 2555
f 3621 2520 2553
f 2523 2309 2531
f 2557 2531 2530
f 2525 2523 2557
f 2559 2557 2558
f 2554 2559 2560
f 2521 2525 2559
f 2561 2375 2007
f 2376 2562 2225
f 2564 2565 2566
f 2563 2566 338
f 2569 2563 2567
f 2570 2564 2563
f 2572 2573 2574
f 2571 2574 2576
f 2544 2571 2575
f 2544 2434 2572
f 2578 2570 2569
f 2579 2577 2569
f 2574 2577 2579
f 2573 2578 2577
f 2581 2582 2583
f 2584 2580 2583
f 3697 3675 2580
f 3676 2581 2580
f 2582 2516 2552
f 2583 2552 2551
f 2500 2501 2589
f 2590 2588 2589
f 3693 3695 2588
f 3695 3700 2500
f 2501 2516 2591
f 2592 2593 2594
f 2386 2385 2503
f 2596 2379 2386
f 2596 2374 2373
f 2599 2596 2597
f 2599 2380 2379
f 2600 2446 2380
f 2600 2599 2598
f 2603 2600 2601
f 2603 2444 2446
f 2604 2603 2602
f 2440 2604 2605
f 2444 2603 2604
f 2606 2582 2581
f 2606 2607 2590
f 2591 2516 2582
f 3676 2587 2456
f 3689 2456 2372
f 2478 2477 2608
f 2609 2610 2611
f 2564 2570 2613
f 2612 2613 2598
f 2457 2612 2597
f 2565 2564 2612
f 2614 2613 2570
f 2615 2614 2578
f 2602 2601 2614
f 2601 2598 2613
f 2572 2434 2605
f 2616 2605 2602
f 2573 2572 2616
f 1459 1016 1045
f 1265 1215 1079
f 1612 1608 1609
f 2067 2057 2069
f 1135 1109 1136
f 1938 1937 2618
f 95 548 458
f 2058 1607 1608
f 1454 1469 1445
f 655 2620 1048
f 722 1049 2621
f 1131 985 1033
f 562 1481 366
f 1723 1719 1725
f 1786 1123 1122
f 267 300 323
f 1325 2034 1654
f 1468 1165 1435
f 658 657 529
f 8 532 247
f 382 1557 1559
f 788 619 1307
f 940 930 929
f 911 2622 2623
f 2621 2620 655
f 2624 1857 2625
f 998 1846 27
f 635 638 2626
f 2627 641 644
f 2628 2627 1840
f 1200 1199 2627
f 1199 1773 641
f 1520 515 49
f 1452 1350 1349
f 2630 2631 1859
f 644 643 1335
f 1197 1198 717
f 2632 717 719
f 2628 2632 1166
f 2629 1197 2632
f 1762 2633 1050
f 1823 870 873
f 2634 2635 794
f 1042 794 2635
f 93 94 1901
f 2036 2038 1458
f 1527 332 1525
f 877 876 1274
f 134 409 797
f 1328 893 931
f 607 777 1091
f 1043 2635 2637
f 2636 2637 2639
f 1275 2636 2638
f 1275 1040 1043
f 1272 2624 2626
f 2640 2626 638
f 1110 2641 2640
f 536 1272 2640
f 1472 708 1474
f 2042 2030 1951
f 1058 1106 1105
f 2642 2623 2643
f 1192 2642 2644
f 912 2623 2642
f 3898 1657 3526
f 1049 1048 2620
f 616 1829 1885
f 1331 1913 666
f 990 989 1198
f 1911 1912 321
f 1298 1282 1205
f 76 1490 1504
f 1502 1500 421
f 610 609 658
f 1146 937 659
f 2646 911 914
f 1280 1239 1238
f 1453 1454 1452
f 835 942 1843
f 1271 1270 1173
f 1893 1878 1826
f 1050 2633 1937
f 2651 2652 814
f 1006 1053 1281
f 2653 1084 2654
f 1001 1004 1003
f 585 997 679
f 2624 1272 621
f 555 678 2028
f 1207 526 1197
f 1626 1627 478
f 426 389 419
f 1030 1193 1773
f 3898 645 634
f 534 1533 138
f 1125 1092 1042
f 333 228 88
f 569 1570 561
f 1489 2656 871
f 1857 2624 620
f 1673 1674 3770
f 622 861 864
f 619 788 891
f 261 544 545
f 393 1555 1556
f 2658 2659 2647
f 1075 2658 2657
f 1081 1080 2658
f 1080 1139 2659
f 2644 2643 1141
f 2660 1141 1140
f 642 2660 1336
f 1193 2644 2660
f 679 678 555
f 1503 1501 1500
f 1318 1317 1101
f 2661 2659 1139
f 2661 1142 2663
f 2662 2647 2659
f 2662 2663 2622
f 2664 2622 911
f 2648 2664 2646
f 2648 2647 2662
f 2083 2094 2093
f 1442 1440 1437
f 519 329 330
f 1885 2029 1209
f 799 800 805
f 1946 1943 1952
f 1302 1301 1253
f 566 2005 224
f 1389 940 928
f 683 682 681
f 836 835 1842
f 2665 1842 1845
f 2666 2665 1303
f 24 836 2665
f 831 1072 2650
f 1845 1844 1304
f 2010 2013 2012
f 1051 1936 2667
f 1522 1521 1511
f 531 440 441
f 1250 635 2625
f 2669 2625 1857
f 783 2669 1856
f 782 1250 2669
f 720 2670 2671
f 1055 1931 1930
f 1333 1067 1251
f 619 622 1308
f 652 655 2619
f 521 522 1539
f 1838 988 537
f 2672 537 536
f 1113 2672 2641
f 1113 527 1838
f 1016 1013 1351
f 3897 573 570
f 226 227 104
f 3564 3669 3827
f 1036 1037 1884
f 2674 1301 1304
f 2673 1304 1844
f 1334 2673 2675
f 1333 2674 2673
f 2676 702 1039
f 1843 2676 2675
f 942 1074 2676
f 1074 699 702
f 752 1057 1055
f 1200 1166 656
f 1120 1846 874
f 2677 874 877
f 1241 2677 1052
f 1119 1120 2677
f 1560 1513 151
f 1208 1316 611
f 215 735 736
f 1460 1459 1462
f 1208 1207 1839
f 854 856 1282
f 72 445 182
f 544 1563 1565
f 217 200 456
f 2047 1404 930
f 1204 2618 1937
f 913 777 686
f 840 527 1113
f 1531 729 730
f 2678 778 1283
f 601 667 1914
f 1537 1538 459
f 1819 1757 3509
f 991 1860 862
f 2679 711 1073
f 2680 1830 983
f 779 2680 2256
f 778 2678 2680
f 2678 2679 1830
f 180 542 245
f 1886 1132 1131
f 1138 1137 1274
f 1841 598 1140
f 75 313 314
f 193 423 420
f 2681 2682 1099
f 170 1567 1565
f 349 416 417
f 1121 1124 2684
f 547 797 409
f 123 122 121
f 2643 2663 1142
f 1542 1544 513
f 899 900 907
f 1210 677 676
f 791 663 982
f 24 27 837
f 893 896 932
f 1860 1320 863
f 535 538 862
f 1569 1548 1547
f 181 455 542
f 660 659 937
f 2013 567 568
f 887 890 2631
f 1524 1508 361
f 520 161 162
f 2653 855 854
f 1238 1237 2655
f 718 1838 527
f 1492 1493 518
f 792 616 615
f 599 846 1835
f 290 457 456
f 312 171 1552
f 1248 2687 1179
f 153 149 177
f 1240 1181 1222
f 1257 1292 1235
f 1291 1084 1083
f 1052 877 1277
f 743 742 2618
f 444 140 430
f 23 1224 1172
f 2687 2654 1180
f 102 103 409
f 1283 607 610
f 373 497 650
f 1180 2654 1084
f 855 2653 2655
f 1173 1270 1917
f 2689 850 853
f 2688 853 1108
f 2686 2688 1279
f 2687 2689 2688
f 2691 1302 1252
f 2690 1252 850
f 1248 2690 2689
f 1248 1247 2691
f 2692 617 24
f 2691 2692 2666
f 1247 1258 2692
f 1258 1168 617
f 394 1554 1555
f 2693 1260 1259
f 1072 1236 1262
f 1257 1071 1168
f 398 439 1555
f 871 1784 1314
f 1178 1232 1249
f 1224 1289 1173
f 1010 2617 2618
f 1175 1174 1292
f 2654 2687 2686
f 2694 1157 1216
f 71 418 1487
f 701 1112 1111
f 1072 1261 2649
f 1085 2695 22
f 895 2694 1264
f 1601 1606 1605
f 1259 1262 1271
f 21 20 1220
f 988 991 538
f 598 597 1336
f 1050 860 818
f 1298 2645 1761
f 1168 1167 618
f 858 1168 1256
f 39 242 516
f 2652 1761 819
f 313 316 315
f 2026 1970 1971
f 2656 1489 596
f 814 819 818
f 2696 2651 813
f 1260 2696 2649
f 2693 2697 2696
f 2697 1296 2651
f 381 355 390
f 3818 3819 1611
f 1475 1427 1428
f 1292 1174 1917
f 1551 353 354
f 1526 1525 1523
f 1593 1589 1595
f 1232 1269 1246
f 2695 2693 1223
f 2698 1297 1296
f 2698 2697 2693
f 2685 2698 2695
f 2685 854 1297
f 562 1497 271
f 2652 2651 1296
f 1365 1366 1364
f 1958 1946 1953
f 585 588 2210
f 1561 1560 1515
f 975 2648 1146
f 347 67 68
f 1038 1111 636
f 2700 781 780
f 2699 780 1036
f 2701 2699 1883
f 851 2700 2699
f 2674 1333 2251
f 2702 2251 781
f 1253 2702 2700
f 1301 2674 2702
f 1519 387 388
f 1273 1239 1280
f 2703 1280 1107
f 2701 2703 852
f 1829 1273 2703
f 91 260 326
f 1784 871 2656
f 2683 2684 2705
f 604 1894 3499
f 1669 3534 3548
f 2062 2063 2060
f 621 535 861
f 2023 731 732
f 686 779 1263
f 857 1051 2668
f 883 830 882
f 637 636 1111
f 2668 894 893
f 2667 921 894
f 1039 1038 1068
f 313 75 1504
f 1911 1972 305
f 1936 2706 1964
f 2707 2402 2401
f 2708 2707 2183
f 738 2163 2116
f 2349 2348 2432
f 2711 2712 2020
f 2400 2711 2019
f 2714 2715 2716
f 2717 2718 2719
f 2721 2722 2723
f 2726 2727 2728
f 2725 2728 2730
f 2731 2725 2729
f 2732 2726 2725
f 2734 2735 2736
f 2738 2739 2740
f 2737 2740 2741
f 2744 2745 2746
f 2745 2744 2748
f 2749 2750 2747
f 2753 2749 2751
f 2250 1380 2246
f 2754 1396 1614
f 3598 2754 2755
f 3608 2745 2747
f 1617 2756 2755
f 2242 2758 1620
f 2191 2085 2760
f 2761 2759 2760
f 3648 2759 2761
f 3623 2191 2759
f 3209 3248 3223
f 1395 1394 2236
f 1395 2235 1636
f 1616 1635 2229
f 1617 2234 2763
f 2756 2763 3628
f 2765 2763 2234
f 2766 2764 3628
f 3202 3199 3246
f 1516 437 435
f 2768 2769 3552
f 1495 541 578
f 2135 2136 28
f 3526 3540 2773
f 1690 1689 3926
f 2778 2779 2780
f 2777 2780 2781
f 2784 2778 2777
f 3555 3521 575
f 1494 1904 9
f 3529 2016 2015
f 451 61 505
f 2786 2787 2788
f 2779 2786 2785
f 2789 2752 2741
f 2790 2753 2752
f 2792 2793 2794
f 2793 2795 2796
f 2796 2797 2750
f 2794 2796 2749
f 2798 1393 1396
f 3591 2798 2754
f 2798 2799 2800
f 3591 3662 2799
f 2797 2796 2795
f 2791 2794 2753
f 216 233 232
f 3804 2806 2807
f 3805 2809 2804
f 2769 2810 3557
f 183 185 184
f 2811 2812 2775
f 2804 2811 2776
f 2809 2813 2811
f 2812 2811 2813
f 3805 2808 2816
f 3796 2818 2815
f 3798 3800 2820
f 3793 2823 2819
f 2824 2736 2735
f 2823 2825 2824
f 2825 2823 2826
f 3793 2822 2827
f 3796 2817 2826
f 2713 2716 2829
f 2828 2829 2831
f 2822 2821 2828
f 2821 2820 2713
f 2832 2827 2822
f 2833 2832 2830
f 2834 2835 2832
f 2835 2818 2827
f 2837 2838 2839
f 2836 2839 2841
f 2842 2836 2840
f 2843 2837 2836
f 2840 2841 2845
f 2718 2844 2845
f 2730 2728 2844
f 2727 2840 2844
f 2846 2845 2841
f 2829 2846 2847
f 2847 2841 2839
f 2848 2839 2838
f 2833 2848 2849
f 2831 2847 2848
f 2850 2814 2851
f 2853 2850 2852
f 2783 2777 2782
f 2785 2788 2853
f 2780 2785 2856
f 2857 2858 2855
f 2859 2857 2782
f 2861 2843 2842
f 2860 2842 2727
f 2862 2860 2726
f 2863 2861 2860
f 2861 2863 2858
f 2843 2861 2857
f 2856 2853 2854
f 2781 2856 2864
f 2837 2843 2859
f 2838 2837 2864
f 2852 2851 2834
f 2854 2852 2849
f 2865 2815 2818
f 2851 2865 2835
f 2813 2809 2815
f 2814 2813 2865
f 2866 2812 2814
f 2788 2866 2850
f 2866 2788 2787
f 2812 2866 2867
f 1892 1889 1890
f 2720 2719 2846
f 298 299 256
f 2872 2714 2713
f 3794 3800 2735
f 2729 2730 2874
f 2846 2716 2715
f 2876 2877 2878
f 2733 2875 2878
f 3806 3807 2879
f 3806 2880 2872
f 2882 2883 2884
f 2881 2884 2715
f 2880 2881 2714
f 2879 2882 2881
f 2885 2886 2887
f 2888 2889 2890
f 2885 2890 2892
f 2893 2886 2885
f 1942 2151 2532
f 2895 2892 2720
f 2884 2895 2870
f 2883 2896 2895
f 2896 2891 2892
f 2889 2874 2717
f 2890 2717 2720
f 2897 2893 2891
f 2898 2897 2896
f 2899 2898 2883
f 2900 2899 2882
f 3797 2900 2879
f 2876 2902 2901
f 2901 2902 2904
f 1785 2656 1835
f 2905 2906 2899
f 2907 2908 2897
f 3797 2901 2903
f 632 576 577
f 3532 3547 2867
f 434 385 550
f 2768 2770 3640
f 2910 2911 1623
f 2241 2912 2758
f 3640 2770 2913
f 1623 2911 2757
f 3587 2242 2757
f 2229 1381 1380
f 2765 1630 1629
f 2915 2914 1629
f 3642 3641 2914
f 3641 3622 2765
f 2919 2916 3642
f 2918 2915 2912
f 3614 2918 2241
f 3618 2919 3613
f 3541 2177 2180
f 3521 2002 2188
f 3705 3573 714
f 2925 2766 2917
f 2924 2917 2916
f 3610 2924 2919
f 3611 2925 2924
f 2926 2927 2766
f 3658 2926 2925
f 1715 1713 1705
f 785 497 498
f 1387 651 565
f 374 375 1899
f 3573 2203 2206
f 2929 2930 2886
f 2932 2933 2934
f 1905 1906 1908
f 2930 2935 2936
f 2938 2935 2930
f 1493 369 517
f 1603 1585 1586
f 2939 2938 2929
f 2940 2939 2908
f 3665 1707 1600
f 2886 2930 2937
f 2906 2907 2898
f 2908 2929 2893
f 2942 2934 2933
f 2941 2933 2937
f 3501 2941 2936
f 3498 2942 2941
f 2943 2944 2710
f 2943 2873 2874
f 2945 2943 2889
f 2946 2944 2943
f 2932 2945 2888
f 2931 2946 2945
f 727 1928 1929
f 2903 2904 2947
f 545 594 42
f 1480 1570 533
f 2907 2906 2949
f 2906 2905 2950
f 1558 452 215
f 3799 2903 2948
f 2054 1645 1644
f 3705 3684 2203
f 1828 1837 1849
f 2953 2954 2955
f 2952 2955 2957
f 2956 2261 2258
f 2953 2952 2258
f 2454 2455 2474
f 3747 2958 2959
f 3747 2132 2131
f 2961 2962 2963
f 2958 2963 2964
f 222 221 2485
f 2477 2226 2966
f 2631 2561 2006
f 2384 2454 2496
f 2967 2968 2959
f 2968 2967 2970
f 3759 2033 2971
f 3784 2971 2960
f 2972 2971 2033
f 2007 2377 2973
f 3560 3559 2134
f 1836 1833 1832
f 3506 2188 2090
f 955 810 959
f 672 675 674
f 633 710 713
f 2024 732 733
f 2025 2024 803
f 425 1552 1550
f 2975 2976 888
f 1319 1158 1157
f 1212 1935 2977
f 889 957 2228
f 1978 1974 1975
f 1138 1078 1329
f 751 665 2979
f 1619 1613 1625
f 2252 2255 1728
f 1157 1160 845
f 2706 1936 1938
f 2980 2255 2254
f 2982 2975 887
f 802 712 711
f 678 677 2029
f 527 840 690
f 1839 1207 2629
f 2983 2984 602
f 2983 1914 1913
f 2985 2983 1331
f 2986 2984 2983
f 2987 2637 2635
f 2985 2988 2639
f 2990 1319 1318
f 2991 2992 2993
f 2995 2991 2994
f 1106 1058 2991
f 1058 1057 2992
f 1415 1406 1365
f 1317 922 2217
f 1932 1728 2255
f 926 2998 2999
f 3001 2993 2992
f 3000 2992 1057
f 2999 3000 2978
f 2998 3001 3000
f 3002 2998 2209
f 3002 3003 2996
f 2993 3001 3002
f 1103 1106 2995
f 3004 2995 2996
f 2209 2210 3004
f 588 1103 3004
f 295 296 433
f 2638 2639 2988
f 3005 2988 1056
f 1305 3005 1930
f 1276 2638 3005
f 1987 1968 1993
f 2633 1762 1761
f 1423 1422 1417
f 3561 3517 739
f 2671 2670 2704
f 1473 1872 2035
f 922 1317 2694
f 1401 1400 1378
f 556 2028 1884
f 842 848 3825
f 1854 2706 2617
f 933 1082 1081
f 1440 1441 1436
f 529 657 719
f 1031 1025 1027
f 777 913 912
f 2645 1205 1204
f 441 438 1538
f 790 1287 587
f 2065 2066 1610
f 1860 991 990
f 60 106 87
f 1424 1017 1948
f 332 1527 1507
f 261 262 138
f 187 188 449
f 1719 1720 1726
f 1931 1055 1059
f 3006 1059 1105
f 1287 3006 1104
f 1286 1931 3006
f 3007 3008 3009
f 3009 3008 653
f 618 999 26
f 2029 677 1210
f 957 601 600
f 1049 2146 2228
f 2631 890 3011
f 890 889 2227
f 3011 2227 2145
f 2561 3011 3012
f 1026 656 609
f 2706 1854 1961
f 3013 2965 2485
f 2148 2147 1267
f 3015 1267 1266
f 2997 2264 1101
f 642 641 1773
f 186 477 461
f 1041 1040 1320
f 1121 3016 3017
f 2984 2986 2987
f 3018 2987 2634
f 1048 603 3018
f 603 602 2984
f 2679 2678 801
f 2062 2072 2074
f 2061 2074 2076
f 414 303 1545
f 3016 1121 2683
f 3019 2683 2704
f 3020 3019 2670
f 3007 3016 3019
f 1871 1090 1091
f 3021 1787 1122
f 3022 3021 3017
f 1314 3021 3022
f 1784 1787 3021
f 1316 1315 1763
f 3023 3022 3010
f 3023 3009 795
f 1763 3023 1092
f 1315 3022 3023
f 3016 3007 3010
f 752 751 2978
f 2986 2639 2637
f 3024 654 653
f 3020 3024 3008
f 720 723 3024
f 723 2621 654
f 2681 1098 1268
f 2671 3025 1268
f 2705 2681 3025
f 1313 3026 3027
f 3026 3028 3029
f 3027 3029 3030
f 1311 3027 3031
f 2012 568 731
f 917 2657 974
f 743 1206 856
f 1888 2027 2030
f 2682 2705 2684
f 3032 2684 1124
f 1100 3032 2989
f 1099 2682 3032
f 1123 2990 2989
f 3033 1834 1159
f 2990 3033 1158
f 1123 1786 3033
f 1786 1785 1834
f 1054 1056 2988
f 2979 665 664
f 2623 2622 2663
f 1095 660 688
f 3034 3035 2261
f 3036 3034 2956
f 3037 3038 3034
f 3038 3039 3035
f 3040 3041 3026
f 2263 3042 3041
f 3042 3039 3043
f 3041 3043 3028
f 3044 3045 3043
f 3046 3047 3045
f 3047 3048 3049
f 3043 3045 3049
f 3038 3037 3051
f 3050 3051 3053
f 3052 3046 3044
f 3039 3038 3050
f 3054 3035 3039
f 3042 2263 2262
f 2261 3035 3054
f 2216 2263 2997
f 2212 2211 2667
f 3056 868 2209
f 934 3057 1961
f 2013 3755 3757
f 3058 3059 3060
f 3059 3062 3063
f 3060 3063 2213
f 3061 3060 1963
f 3063 3064 2214
f 3062 3065 3064
f 3065 2257 2260
f 3064 2260 2215
f 3066 3067 3031
f 2608 2966 3067
f 2966 2562 3068
f 3031 3067 3068
f 2455 2458 2461
f 2476 2223 2226
f 3551 2090 2089
f 3526 2774 3769
f 433 354 355
f 2115 1423 1419
f 3509 2868 2922
f 3769 3737 2131
f 3069 2611 2167
f 2971 2972 2928
f 2961 2774 2773
f 3070 2475 2478
f 2610 2609 3071
f 2502 2371 2374
f 3072 2592 2595
f 2964 3046 3052
f 3048 2593 3074
f 2593 2592 3075
f 3075 3030 3029
f 3074 3029 3028
f 3072 3076 3075
f 3076 3072 2482
f 2481 2608 3066
f 3076 3066 3030
f 2967 3052 3053
f 2482 3072 3073
f 479 480 493
f 706 3900 3873
f 3561 2194 2221
f 2013 2010 3754
f 3533 2032 2016
f 3562 3519 2222
f 1171 1154 1155
f 2586 2566 2565
f 2982 110 113
f 2562 2376 3077
f 2376 2375 3012
f 3012 2145 2148
f 3077 2148 3015
f 2963 3047 3046
f 3051 3078 2970
f 1683 2173 491
f 3850 2122 1447
f 1986 2181 3734
f 3079 3080 2546
f 3081 3079 2575
f 1983 1986 3768
f 3082 2323 2319
f 3080 3082 2545
f 3734 3732 3082
f 3732 3748 2323
f 1309 1471 1888
f 3073 2595 2772
f 2760 3083 3084
f 2760 2085 2088
f 3085 3084 3086
f 3089 3085 3090
f 3089 2762 3084
f 3092 3088 3090
f 3093 2748 2744
f 2751 2747 2748
f 3093 2741 2752
f 2742 2741 3093
f 3094 3093 2743
f 3096 3097 3098
f 3099 3096 3087
f 3097 3094 3095
f 3100 2743 2746
f 3101 2927 3102
f 2764 2766 2927
f 2745 2764 3101
f 3102 3092 3091
f 3100 3091 3095
f 2869 2802 3592
f 3102 3103 3104
f 3658 2868 2869
f 2927 2926 3103
f 3098 3095 3091
f 3087 3098 3090
f 2088 2125 3105
f 3083 3105 3086
f 2483 3073 2771
f 2401 2186 2185
f 3099 3086 3105
f 2125 2207 3106
f 3108 2737 2742
f 3107 2742 3094
f 3110 3108 3107
f 3109 3107 3097
f 3111 3109 3096
f 3112 3110 3109
f 3113 2738 2737
f 3115 2723 2722
f 3117 3115 3114
f 3119 3117 3116
f 3118 3116 3120
f 3116 3114 3113
f 3122 3112 3111
f 3122 3123 1755
f 3124 3125 3126
f 3125 3118 3121
f 3128 3119 3118
f 3129 3128 3125
f 2020 2712 3128
f 3853 3857 1346
f 1065 1046 1047
f 1814 3838 3830
f 2021 2020 3129
f 3111 3099 3106
f 3123 3106 2207
f 2377 2225 2224
f 3014 2485 113
f 1756 2208 3782
f 3131 3132 2530
f 3133 3131 2528
f 1753 1756 3767
f 3134 3124 3127
f 2327 2408 2314
f 2436 2318 2317
f 2018 2021 3711
f 2534 3136 3137
f 2320 2322 3136
f 2185 2018 3712
f 3138 3139 2542
f 3134 3135 3744
f 3785 3130 3134
f 3140 3138 2539
f 2535 3137 3140
f 3711 2021 3130
f 2558 2530 3132
f 3782 3760 3141
f 2560 2558 3141
f 3760 3777 3142
f 958 888 2976
f 1933 1932 2980
f 2399 2424 2418
f 2348 2342 2343
f 2322 2320 2319
f 2718 2717 2874
f 2709 2729 2873
f 2894 2871 1361
f 346 289 176
f 1876 1877 1882
f 2802 2803 3607
f 3104 3144 3088
f 2974 2222 3649
f 3089 3145 2761
f 3088 3144 3145
f 2803 2974 3603
f 3870 3909 692
f 2123 1419 1418
f 1365 1363 1368
f 1581 1766 1782
f 3569 2202 2129
f 3555 2003 2002
f 3146 2585 2551
f 3751 3146 3147
f 3742 3149 3146
f 3149 2584 2585
f 3196 3198 3197
f 3604 2192 2191
f 3142 3150 2556
f 3777 3778 3150
f 3646 3152 2550
f 3150 3151 2555
f 3778 3780 3151
f 3788 3781 3152
f 3153 3147 2551
f 3152 3153 2549
f 3781 3776 3153
f 3776 3750 3147
f 3148 2767 2206
f 2183 2401 2321
f 2132 2960 2928
f 3684 3685 2204
f 3719 2198 2197
f 2594 2962 2773
f 2595 2594 2951
f 1870 798 799
f 3713 2179 2178
f 3706 2178 3736
f 336 3154 3774
f 339 3155 3154
f 3789 3683 3149
f 3683 3697 2584
f 2963 2962 3048
f 3722 3730 337
f 339 338 2566
f 3156 3157 2168
f 2610 3156 2167
f 2954 2953 3156
f 3157 3156 2953
f 3707 2166 2169
f 2567 3158 3159
f 337 3158 2567
f 3730 3069 2166
f 3764 2190 1983
f 2579 3160 3081
f 2568 3159 3160
f 3709 2169 2190
f 3065 3062 3162
f 3161 3162 1984
f 3157 3161 2189
f 2257 3065 3161
f 734 735 1922
f 3059 3058 2708
f 3163 2708 2182
f 3162 3163 1985
f 3062 3059 3163
f 3203 3206 3205
f 2122 2119 1448
f 3817 1686 1685
f 139 140 444
f 1570 569 566
f 2957 3164 3165
f 2955 3166 3164
f 1912 454 341
f 3130 3129 3124
f 1548 322 319
f 1949 1950 1327
f 2969 2970 3078
f 3167 3078 3169
f 3724 2014 2017
f 3720 2017 2033
f 3168 3169 3165
f 3170 3165 3164
f 3779 3170 3171
f 3724 3168 3170
f 3171 3164 3166
f 3172 3166 3071
f 3752 3172 3173
f 3756 3171 3172
f 3169 3037 3036
f 2593 3048 2962
f 3173 3071 2609
f 3174 2609 2199
f 3783 3174 2198
f 3749 3173 3174
f 2190 2189 1984
f 2196 2195 2767
f 2119 2120 1414
f 1464 1463 1466
f 2199 2611 3069
f 2457 2456 2587
f 2226 2225 2562
f 481 478 1627
f 333 1512 235
f 3078 3051 3037
f 3040 2264 2997
f 2219 1934 1933
f 2385 2384 2497
f 221 2220 3175
f 2220 1933 3143
f 3175 3143 2976
f 2484 3175 2975
f 2954 3071 3166
f 2630 1858 110
f 1547 319 1952
f 2091 2090 2188
f 3733 3736 2178
f 1918 1919 1927
f 3563 112 111
f 955 956 960
f 2037 3014 112
f 3143 2980 2981
f 2218 2211 2214
f 672 3877 3787
f 2152 3013 3014
f 1147 1144 1143
f 2248 2246 1409
f 1615 1636 1635
f 1410 1409 2246
f 3241 3243 3242
f 1382 3176 3177
f 3177 1410 2247
f 2247 1383 3177
f 3176 2238 2230
f 1410 3177 3179
f 3179 3180 2243
f 1633 3181 2800
f 1621 1620 2758
f 1622 1621 2245
f 2236 1394 3181
f 2237 2236 3182
f 2250 1631 2233
f 2912 1629 1628
f 135 136 1564
f 1567 419 512
f 1085 1084 2653
f 3184 869 868
f 869 3184 3057
f 1266 1268 1098
f 1267 2147 722
f 937 1146 2646
f 2146 1049 722
f 2211 2218 921
f 1957 510 507
f 1313 1312 2264
f 1496 362 1493
f 2887 2937 2933
f 1687 1688 1659
f 145 1499 1498
f 37 38 418
f 1935 1934 3185
f 104 89 301
f 2101 2098 2083
f 543 298 360
f 1934 2219 3186
f 234 1521 212
f 3845 3821 1822
f 1976 1875 1874
f 223 3186 2219
f 3655 3656 3605
f 2165 2164 467
f 467 468 2165
f 773 476 2165
f 1935 1212 1728
f 3240 3225 3226
f 3261 3249 3250
f 3215 3216 3244
f 3265 3221 3215
f 3267 3245 3198
f 3205 3206 3269
f 3214 3211 3265
f 3271 3213 3214
f 3251 3252 3239
f 3222 3221 3266
f 3232 3235 3234
f 3216 3242 3243
f 3196 3193 3268
f 3244 3243 3254
f 3238 3239 3247
f 3264 3244 3255
f 3253 3242 3216
f 3211 3266 3221
f 3257 3217 3218
f 3258 3222 3272
f 3274 3275 3280
f 3228 3229 3262
f 3275 3231 3281
f 3226 3227 3273
f 3236 3263 3260
f 3281 3263 3236
f 3287 3271 3192
f 3235 3226 3280
f 3234 3280 3281
f 3288 3290 3259
f 3260 3250 3276
f 3289 3212 3278
f 3210 3209 3224
f 3199 3202 3201
f 3228 3231 3230
f 3290 3288 3285
f 3282 3279 3271
f 3260 3263 3262
f 3243 3241 3268
f 3267 3268 3241
f 3194 3207 3208
f 3191 3270 3269
f 3270 3191 3192
f 3275 3274 3230
f 3264 3269 3270
f 3252 3251 3276
f 3248 3252 3291
f 3213 3271 3279
f 3272 3266 3289
f 3277 3278 3212
f 3228 3263 3281
f 3220 3225 3253
f 3219 3253 3217
f 3256 3218 3222
f 3247 3239 3252
f 3245 3267 3232
f 3266 3211 3212
f 3208 3205 3255
f 3288 3289 3284
f 3204 3205 3208
f 560 1899 3187
f 3209 3210 3201
f 3189 3192 3191
f 448 1980 807
f 647 648 122
f 1833 1848 1780
f 510 509 508
f 3210 1949 1887
f 1887 15 3200
f 15 16 3197
f 16 3188 3195
f 3195 3188 3187
f 3194 3187 1899
f 3207 1899 375
f 387 173 126
f 3189 1791 1760
f 3577 763 757
f 763 3577 2172
f 3583 3582 3580
f 3581 3580 3579
f 3594 3597 3596
f 3400 3601 3602
f 3626 3624 3625
f 3631 3635 3599
f 3636 3637 3595
f 3647 3584 3588
f 3650 3582 3584
f 3653 3579 3580
f 3653 2176 3654
f 1801 1864 3656
f 3651 3580 3582
f 3644 3638 3595
f 1767 1768 3659
f 1597 3663 3661
f 1708 1707 3665
f 3671 3668 3667
f 3666 3667 3673
f 1588 1708 3664
f 2080 3671 3666
f 2082 3666 3672
f 3674 3677 3635
f 3677 3678 3636
f 3682 3647 3645
f 3692 3651 3650
f 3681 3645 3644
f 786 3694 3692
f 3694 3653 3651
f 785 3692 3686
f 497 3686 3682
f 650 3682 3681
f 3696 564 3681
f 3405 3606 3605
f 3702 3699 3678
f 3699 3698 3679
f 3645 3588 3638
f 1799 3657 3659
f 3708 3704 3458
f 3462 3710 3708
f 3714 463 564
f 3615 3606 3602
f 3710 3714 3696
f 3635 3636 3596
f 3629 3626 3627
f 3597 3600 3599
f 3630 3716 3715
f 3627 3625 3597
f 3717 3716 3723
f 3715 3663 3660
f 3716 3717 3725
f 3668 3665 3661
f 3668 3725 3717
f 3667 3717 3718
f 3727 3728 3673
f 3728 1576 3672
f 3726 3727 3718
f 1576 2101 2084
f 3727 3726 3731
f 3203 376 1387
f 3190 1387 1791
f 3283 2152 1949
f 317 240 259
f 2000 2176 3653
f 3601 3599 3600
f 3589 3588 3584
f 3577 758 756
f 3585 3584 3582
f 3678 3679 3637
f 3204 375 376
f 1801 3655 3657
f 3729 3735 3728
f 1575 3735 3738
f 3735 1575 1576
f 1776 1795 1796
f 1293 1294 1290
f 1326 14 1327
f 1294 1245 1234
f 878 1244 1330
f 497 373 374
f 122 648 413
f 3699 3702 3704
f 3606 3405 3401
f 3708 3710 3698
f 3464 3714 3710
f 3704 3674 3443
f 439 398 399
f 1512 1528 1526
f 1668 1741 1738
f 839 849 1362
f 1362 1357 826
f 3843 740 1896
f 2053 2054 2118
f 3888 3887 2120
f 696 697 3816
f 1826 1878 639
f 3740 3739 3729
f 956 885 886
f 1980 806 1922
f 33 34 105
f 1343 1344 3856
f 3907 2127 2128
f 1766 1581 1582
f 14 1326 2163
f 595 98 99
f 3233 3238 3246
f 1346 1035 1044
f 748 1888 1425
f 3193 3208 3254
f 3190 3191 3206
f 3612 3605 3606
f 3624 3612 3615
f 3631 3415 3443
f 3679 3680 3644
f 3686 3650 3647
f 3702 3677 3674
f 3625 3615 3600
f 3601 3400 3415
f 3739 3738 3735
f 3630 3627 3594
f 3741 3723 3716
f 1284 1290 1288
f 3698 3696 3680
f 1778 1781 1780
f 1792 1759 1584
f 695 570 571
f 3638 3741 3594
f 3741 3638 3588
f 3247 3248 3209
f 3292 3293 3294
f 3296 3297 3298
f 3299 3298 3300
f 3302 3303 3304
f 3306 3307 3308
f 3307 3310 3311
f 3303 3302 3301
f 3312 3305 3304
f 3314 3315 3316
f 3318 3319 3320
f 3324 3318 3321
f 3326 3327 3328
f 3329 3330 3331
f 3333 3334 3335
f 3337 3338 3339
f 3333 3336 3341
f 3342 3341 3343
f 3319 3345 3344
f 3338 3335 3334
f 3346 3301 3302
f 3305 3348 3347
f 3312 3224 3223
f 3350 3337 3340
f 3312 3349 3348
f 3352 3343 3341
f 3311 3353 3354
f 3341 3336 3327
f 3359 3360 3361
f 3360 3359 3250
f 3318 3363 3345
f 3364 3363 3318
f 3314 3364 3324
f 3366 3299 3301
f 3299 3366 3367
f 3308 3354 3368
f 3369 3317 3295
f 3317 3369 3364
f 3370 3295 3317
f 3325 3371 3365
f 3352 3320 3319
f 3296 3367 3353
f 3297 3296 3311
f 3363 3368 3354
f 3345 3354 3353
f 3344 3353 3367
f 3366 3333 3342
f 3347 3339 3334
f 3339 3347 3348
f 3348 3349 3351
f 3363 3364 3369
f 3294 3309 3368
f 3293 3306 3309
f 3331 3373 3374
f 3346 3334 3333
f 3323 3322 3352
f 3356 3355 3321
f 3355 3357 3325
f 3357 3358 3371
f 3322 3356 3320
f 3361 3330 3329
f 3373 3372 3375
f 3374 3375 3376
f 3329 3332 3376
f 3327 3375 3372
f 3336 3335 3375
f 3335 3338 3376
f 3376 3338 3337
f 3337 3350 3359
f 3359 3350 3276
f 3377 3292 3295
f 3277 3316 3315
f 3371 3378 3379
f 3378 3371 3358
f 3365 3379 3315
f 3316 3277 3279
f 3282 3377 3370
f 3313 3283 3224
f 3378 3285 3284
f 3380 3286 3285
f 3379 3284 3278
f 3276 3350 3351
f 3291 3351 3349
f 3313 3304 2965
f 2965 3304 3303
f 222 3303 3300
f 223 3300 3298
f 3298 3297 3185
f 3297 3310 2977
f 3310 3307 1213
f 3307 3306 1214
f 2532 1214 3306
f 2894 2532 3293
f 2871 2894 3292
f 3253 3225 3240
f 3283 3313 3013
f 1997 1996 1889
f 1237 745 744
f 1535 1534 120
f 1531 1532 201
f 1119 1241 1032
f 946 948 824
f 163 8 5
f 3589 3726 3723
f 1155 1156 1162
f 427 213 327
f 553 1902 796
f 3381 2232 2231
f 3381 3178 2230
f 2237 3183 3180
f 3383 3384 3385
f 3384 3386 3387
f 3386 3388 3389
f 3388 3390 3391
f 3392 3393 3394
f 3395 3394 3396
f 3398 3399 3397
f 3400 3401 3399
f 3403 3404 3405
f 3406 3407 3404
f 3408 3409 3407
f 3410 3411 3409
f 3412 3413 3411
f 3415 3400 3398
f 3414 3398 3396
f 3416 3396 3394
f 3417 3394 3393
f 3393 3419 3420
f 3419 3390 3421
f 3390 3388 3422
f 3388 3386 3423
f 3386 3384 3424
f 3384 3383 3425
f 3425 3383 3426
f 2904 3427 3428
f 3429 3427 2904
f 3430 3429 2902
f 2875 3431 3430
f 3432 3433 2733
f 2825 3434 3435
f 3437 3438 3439
f 3441 3437 3436
f 2724 2723 3434
f 3436 3439 3115
f 3440 3436 3117
f 3443 3415 3414
f 3442 3414 3416
f 3444 3416 3417
f 3445 3417 3418
f 3446 3418 3420
f 3420 3421 3448
f 3421 3422 3449
f 3422 3423 3450
f 3423 3424 3451
f 3424 3425 3452
f 3425 3184 3056
f 3451 3452 2253
f 3450 3451 2252
f 3449 3450 1727
f 3448 3449 2150
f 3453 3447 3448
f 3454 3446 3447
f 3455 3445 3446
f 3456 3444 3445
f 3442 3444 3456
f 3443 3442 3457
f 3459 3460 3458
f 3457 3456 3455
f 3459 3455 3454
f 3462 3460 3459
f 3461 3454 3453
f 3464 3462 3461
f 3463 3453 1941
f 3404 3399 3401
f 3407 3397 3399
f 3409 3395 3397
f 3411 3392 3395
f 3465 3466 3413
f 3467 3468 3469
f 3465 3412 3431
f 3470 3467 3466
f 3438 3470 3432
f 3467 3470 3438
f 3468 3467 3437
f 3471 3469 3468
f 3472 3468 3441
f 3473 3441 3440
f 2712 3440 3119
f 3475 3471 3472
f 3474 3472 3473
f 3476 3473 2712
f 3477 3476 2711
f 3478 3474 3476
f 3479 3475 3474
f 3392 3411 3413
f 3466 3469 3480
f 3419 3393 3392
f 3390 3419 3480
f 3469 3471 3391
f 3389 3391 3471
f 3387 3389 3475
f 3385 3387 3479
f 3482 3477 2400
f 3483 3478 3477
f 3481 3479 3478
f 3484 3482 2402
f 3058 3484 2707
f 3061 3485 3484
f 3485 3483 3482
f 3382 3385 3481
f 3486 3481 3483
f 3426 3383 3382
f 3487 3382 3486
f 3486 3485 3061
f 1961 3057 3487
f 3057 3184 3426
f 3428 3403 3402
f 3427 3406 3403
f 3429 3408 3406
f 3430 3410 3408
f 3431 3412 3410
f 3470 3465 3433
f 3434 3439 3438
f 2723 3115 3439
f 2875 2733 3433
f 2736 2824 3435
f 2947 3428 3488
f 3464 3463 1360
f 1900 1925 1924
f 1736 1717 1718
f 1955 1952 1943
f 1671 1738 1735
f 1696 1750 1698
f 1800 1865 1864
f 2063 2055 2056
f 1737 1734 1717
f 1751 1735 1697
f 943 3885 3899
f 3656 3488 3402
f 1577 1578 1764
f 3917 1598 1599
f 1945 146 82
f 68 6 7
f 147 1542 1543
f 1109 1135 1133
f 1503 1910 1907
f 1499 1501 1909
f 452 1922 735
f 1824 2068 3835
f 1825 2067 2068
f 1463 1462 1022
f 841 1012 1009
f 1568 1547 1955
f 1910 1503 1502
f 1939 1502 422
f 309 280 1940
f 1804 1851 1866
f 269 1482 1954
f 2065 1607 2060
f 3812 1685 1758
f 280 276 552
f 1875 1873 1869
f 1739 1721 1734
f 1778 1779 1790
f 310 1920 1915
f 1909 1908 1906
f 1789 1783 1778
f 978 981 980
f 1584 1759 1731
f 425 426 311
f 148 1543 115
f 2044 3897 3894
f 277 1910 1939
f 1943 1946 1945
f 1461 1462 1463
f 2253 3452 3056
f 2981 2254 3489
f 2209 2998 3489
f 2254 2253 3055
f 2998 926 958
f 2826 2817 2721
f 3490 2739 2721
f 2816 3491 3490
f 2334 2297 2296
f 2298 2297 2334
f 2301 2298 2336
f 2311 2301 2338
f 2312 2311 2354
f 2359 2358 2361
f 2335 2296 2359
f 2414 2413 2365
f 2413 2270 2361
f 2355 2352 2540
f 2541 2540 2539
f 2722 2721 2739
f 3114 2722 2738
f 3110 3112 3121
f 3108 3110 3120
f 3122 1754 3127
f 3112 3122 3126
f 3127 1754 1753
f 3139 3133 2529
f 3744 3775 3133
f 3490 2789 2740
f 3491 2790 2789
f 228 229 91
f 245 244 243
f 248 7 247
f 2 297 296
f 145 146 300
f 327 213 210
f 329 332 331
f 239 241 240
f 373 376 375
f 178 177 176
f 1218 1225 1228
f 3862 1231 1295
f 808 809 824
f 3858 3859 1013
f 3813 3810 1411
f 2154 2149 2159
f 3845 3835 1758
f 306 807 1922
f 2157 2153 1976
f 708 709 2031
f 1450 1226 1227
f 1672 1604 1605
f 1813 1814 1821
f 1717 1716 1715
f 176 159 402
f 1710 1705 3916
f 1712 1580 1577
f 1705 1713 1711
f 971 978 979
f 822 823 1094
f 2909 2810 2793
f 2810 2769 2795
f 2799 2910 2249
f 3662 3643 2910
f 2769 2768 2801
f 3177 3176 3178
f 3178 3381 3180
f 3181 1394 1393
f 3181 1633 1632
f 3182 1632 2244
f 3183 2244 2243
f 3492 2791 2790
f 2808 3492 3491
f 2239 3574 3572
f 1149 1150 3571
f 1150 2009 3567
f 2202 3569 3566
f 2921 3564 3565
f 3568 3560 2133
f 1777 1579 1759
f 1201 1196 1183
f 3561 3554 2195
f 3553 3576 2770
f 3927 3925 1687
f 1516 152 154
f 3549 3562 2974
f 3550 3548 2779
f 2771 2772 3575
f 3070 2771 3546
f 3547 3544 2775
f 1376 1375 1370
f 2767 3543 3556
f 2195 3554 3543
f 2775 3544 3542
f 3377 3282 3545
f 3804 3802 3539
f 2776 3542 3538
f 2240 3572 3535
f 2920 3535 3669
f 3548 3534 2786
f 1805 1850 1851
f 3534 3532 2787
f 2951 2773 3540
f 2772 2951 3531
f 2973 2224 3530
f 2224 2223 3537
f 1957 1953 320
f 306 305 304
f 2770 3576 3528
f 2913 3528 3574
f 2923 3565 3527
f 308 1940 431
f 207 208 132
f 1879 1876 1881
f 3733 3787 3525
f 2475 3070 3558
f 2476 2475 3524
f 2223 2476 3523
f 3522 3549 2803
f 2037 3563 11
f 1959 1958 450
f 2003 3555 3520
f 9 10 334
f 2009 2008 3518
f 2008 2973 3536
f 3877 672 673
f 3515 3550 2778
f 2935 3514 3513
f 111 1149 3570
f 3510 3514 2935
f 683 3876 3885
f 3508 3557 2810
f 736 733 732
f 1795 1804 1803
f 3505 3510 2938
f 3507 3505 2939
f 2950 3512 3504
f 2940 2949 3504
f 3801 3791 3512
f 2868 3509 3502
f 2869 3502 3522
f 1024 1034 1023
f 3500 3503 2948
f 551 1939 442
f 2972 3499 3568
f 2032 3533 3499
f 216 93 1924
f 203 202 201
f 1828 1848 1847
f 1958 1957 449
f 272 271 178
f 2871 3545 3495
f 3619 3669 3564
f 2801 2768 3643
f 2005 3758 3654
f 960 886 899
f 3657 3655 3612
f 3780 3788 3646
f 3151 3646 3593
f 2193 3604 3623
f 3607 3603 3145
f 3603 3649 2761
f 3592 3607 3144
f 2926 3658 3634
f 3634 3592 3104
f 3755 3754 3746
f 566 567 3758
f 3488 3656 1864
f 1602 1586 2079
f 2868 3658 3611
f 2922 3611 3610
f 2923 3610 3618
f 3670 3613 2918
f 3619 3670 3614
f 2921 3618 3670
f 2920 3614 3586
f 3613 3642 2915
f 2917 2766 3622
f 2916 2917 3641
f 2239 3587 3652
f 2911 3640 3652
f 3643 3640 2911
f 2797 2801 3662
f 2797 3591 3598
f 3622 3628 2763
f 3608 3628 2764
f 2194 3623 3648
f 2221 3648 3649
f 2756 3608 3609
f 2750 3598 3609
f 3669 3535 1817
f 3763 3770 1691
f 2515 3621 3590
f 2548 3590 3593
f 2513 2489 3632
f 2513 3616 3621
f 2509 3633 3620
f 2510 3632 3633
f 2289 3620 3639
f 2283 3639 3617
f 2240 3586 3587
f 3659 3657 3624
f 716 2121 3887
f 727 1999 3761
f 2165 2171 2170
f 3660 3659 3626
f 3743 3581 3578
f 2175 2172 769
f 2100 500 2095
f 3758 567 3757
f 640 3560 3568
f 1653 3576 3553
f 1895 3536 3530
f 746 3530 3537
f 1653 1810 3528
f 3762 1603 1604
f 2093 2075 2073
f 959 996 995
f 962 899 919
f 1400 1401 1398
f 1000 817 1127
f 956 959 884
f 1662 3548 3550
f 2034 3558 3546
f 3926 1689 3539
f 3535 3572 766
f 3572 3574 765
f 334 3570 3571
f 1868 3531 3540
f 1684 1651 1652
f 1682 1683 775
f 1585 1603 3762
f 3763 3762 1672
f 2173 2174 490
f 1658 3544 3547
f 3556 3543 1650
f 1571 3754 2010
f 1587 3664 3671
f 2099 2095 2077
f 787 3761 1999
f 2000 3694 786
f 3155 339 3697
f 3713 3155 3683
f 2180 2179 3685
f 3496 2180 3684
f 1684 3846 3840
f 1760 464 3495
f 2607 3689 3693
f 2581 3676 3689
f 2371 2502 3700
f 2371 3695 3693
f 2587 3676 3675
f 2586 3675 3697
f 2497 3691 3687
f 2502 2503 3687
f 2494 3691 3690
f 3690 3688 2472
f 3688 3701 2468
f 3701 3703 2469
f 726 3908 3892
f 581 3567 3518
f 10 3511 3570
f 1837 3514 3510
f 741 3537 3523
f 1299 3524 3558
f 1851 3507 3504
f 3527 3565 1820
f 580 3518 3536
f 1758 1685 3522
f 1693 3557 3508
f 3504 3512 1867
f 1894 1826 3568
f 2126 1418 3813
f 3906 2126 3841
f 2113 3911 3867
f 2179 3713 3789
f 624 3903 3904
f 2192 3604 3788
f 2177 3541 3787
f 1364 3824 3833
f 3858 3855 1470
f 3135 1753 3775
f 2069 3812 3835
f 1351 3861 3853
f 2108 3882 3901
f 2089 2092 3736
f 3828 3834 1358
f 2001 3749 3783
f 2187 3783 3719
f 2130 3756 3752
f 2004 3752 3749
f 2014 3724 3779
f 2201 3779 3756
f 3167 3720 3759
f 3168 3724 3720
f 3159 3709 3764
f 3160 3764 3765
f 3730 3707 3158
f 3158 3707 3709
f 2200 3069 3730
f 3685 3789 3742
f 3722 3774 2197
f 3790 3736 2092
f 3774 3790 3721
f 3154 3706 3790
f 3155 3713 3706
f 2091 3719 3721
f 2196 3148 3750
f 2193 2196 3776
f 3604 2193 3781
f 2086 2192 3780
f 2087 2086 3778
f 2204 3742 3751
f 2205 3751 3750
f 3909 3886 574
f 2124 2087 3777
f 2208 2124 3760
f 3711 3785 3140
f 3785 3745 3138
f 3745 3744 3139
f 3771 3712 3136
f 3712 3711 3137
f 3775 3767 3131
f 3767 3782 3132
f 1813 3839 3838
f 1293 3854 3856
f 2184 2321 3748
f 2181 2184 3732
f 3765 3768 3079
f 3768 3734 3080
f 709 3873 3875
f 2774 2961 3737
f 3786 3769 2134
f 3809 3808 766
f 2968 3784 3766
f 2969 3759 3784
f 2958 3747 3737
f 2132 3747 3766
f 2321 2185 3771
f 3860 3848 1449
f 3905 3874 582
f 3886 3889 577
f 3847 3826 1818
f 705 3902 3887
f 3816 3912 3907
f 2111 3883 3911
f 3810 3829 1366
f 1812 3839 3822
f 675 3851 3852
f 3496 3705 3851
f 2110 3867 3868
f 2104 3896 3901
f 2109 3868 3899
f 3842 3831 703
f 1680 3811 3846
f 1639 1627 3819
f 623 3904 3906
f 2139 2140 3866
f 1808 1640 3844
f 3820 3821 1819
f 3872 3914 3900
f 1646 3832 3830
f 3889 3890 633
f 2139 3865 3875
f 2156 2155 3871
f 674 3852 3913
f 2117 3817 3812
f 1815 3822 3847
f 3855 3849 1444
f 697 3906 3912
f 866 842 3836
f 3864 3869 2136
f 3585 3731 3726
f 3583 3740 3731
f 3753 3746 3738
f 3740 3583 3581
f 1088 3738 3746
f 3739 3740 3743
f 2791 3492 3493
f 3492 2808 2807
f 2792 3493 3494
f 3493 2807 2806
f 3508 2909 3494
f 3516 3494 2806
f 2948 3503 3791
f 2105 3908 3896
f 3538 3802 3804
f 680 3878 3876
f 1891 1890 3910
f 2905 3799 3801
f 2900 3797 3799
f 2901 3797 3807
f 2734 2878 3806
f 2877 3807 3806
f 2820 3800 3794
f 2818 3796 3792
f 2823 3793 3792
f 2822 3793 3798
f 2819 2735 3800
f 2817 3796 3795
f 2809 3805 3795
f 2808 3805 3803
f 2805 3804 3803
f 1702 3921 3923
f 3922 3920 1797
f 3915 3916 1706
f 3918 3927 1692
f 1657 3898 3880
f 1890 1877 3895
f 3772 3770 1674
f 1689 1690 3772
f 3926 3802 3538
f 3516 3539 1689
f 3917 3923 1703
f 1598 3917 3928
f 3880 3884 1876
f 1691 1690 3925
f 3925 3926 1688
f 3934 3933 3937
f 3934 3938 3939
f 3932 3936 3937
f 3938 3942 3943
f 3937 3936 3940
f 3937 3941 3942
f 3942 3946 3947
f 3941 3940 3944
f 3942 3941 3945
f 3947 3946 3950
f 3944 3948 3949
f 3945 3949 3950
f 3950 3954 3955
f 3949 3948 3952
f 3950 3949 3953
f 3955 3954 3958
f 3953 3952 3956
f 3953 3957 3958
f 3959 3958 3962
f 3957 3956 3960
f 3958 3957 3961
f 3962 3966 3967
f 3960 3964 3965
f 3961 3965 3966
f 3966 3970 3971
f 3965 3964 3968
f 3966 3965 3969
f 3970 3974 3975
f 3968 3972 3973
f 3969 3973 3974
f 3974 3978 3979
f 3973 3972 3976
f 3974 3973 3977
f 3979 3978 3982
f 3976 3980 3981
f 3977 3981 3982
f 3982 3986 3987
f 3981 3980 3984
f 3982 3981 3985
f 3987 3986 3990
f 3984 3988 3989
f 3985 3989 3990
f 3991 3990 3994
f 3989 3988 3992
f 3990 3989 3993
f 3995 3994 3998
f 3992 3996 3997
f 3993 3997 3998
f 3998 4002 4003
f 3997 3996 4000
f 3998 3997 4001
f 4002 4006 4007
f 4000 4004 4005
f 4001 4005 4006
f 4006 4010 4011
f 4005 4004 4008
f 4006 4005 4009
f 4011 4010 4014
f 4008 4012 4013
f 4009 4013 4014
f 4014 4018 4019
f 4013 4012 4016
f 4014 4013 4017
f 4019 4018 4022
f 4016 4020 4021
f 4017 4021 4022
f 4023 4022 4026
f 4021 4020 4024
f 4022 4021 4025
f 4027 4026 4030
f 4024 4028 4029
f 4025 4029 4030
f 4031 4030 4034
f 4029 4028 4032
f 4030 4029 4033
f 4034 4038 4039
f 4032 4036 4037
f 4033 4037 4038
f 4038 4042 4043
f 4037 4036 4040
f 4038 4037 4041
f 4043 4042 4046
f 4040 4044 4045
f 4041 4045 4046
f 4046 4050 4051
f 4045 4044 4048
f 4046 4045 4049
f 4051 4050 4055
f 4048 4053 4054
f 4049 4054 4055
f 4056 4055 4059
f 4053 4057 4058
f 4055 4054 4058
f 4060 4059 3934
f 4058 4057 3932
f 4058 3933 3934
f 4069 4068 4081
f 4066 4079 4080
f 4065 4064 4077
f 4063 4062 4075
f 4071 4084 4085
f 4069 4082 4083
f 4067 4080 4081
f 4066 4065 4078
f 4063 4076 4077
f 4061 4074 4075
f 4072 4085 4086
f 4071 4070 4083
f 4076 4089 4090
f 4074 4087 4088
f 4086 4085 4098
f 4083 4096 4097
f 4082 4081 4094
f 4079 4092 4093
f 4078 4077 4090
f 4076 4075 4088
f 4085 4084 4097
f 4082 4095 4096
f 4080 4093 4094
f 4079 4078 4091
f 4089 4102 4103
f 4088 4087 4100
f 4098 4111 4112
f 4096 4109 4110
f 4095 4094 4107
f 4092 4105 4106
f 4090 4103 4104
f 4089 4088 4101
f 4097 4110 4111
f 4095 4108 4109
f 4094 4093 4106
f 4092 4091 4104
f 4103 4102 4115
f 4100 4113 4114
f 4112 4111 4124
f 4110 4109 4122
f 4107 4120 4121
f 4105 4118 4119
f 4103 4116 4117
f 4101 4114 4115
f 4110 4123 4124
f 4109 4108 4121
f 4107 4106 4119
f 4105 4104 4117
f 4115 4128 4129
f 4114 4113 4126
f 4124 4137 4138
f 4123 4122 4135
f 4120 4133 4134
f 4119 4118 4131
f 4117 4116 4129
f 4114 4127 4128
f 4124 4123 4136
f 4122 4121 4134
f 4119 4132 4133
f 4117 4130 4131
f 4129 4128 4141
f 4126 4139 4140
f 4138 4137 4150
f 4136 4135 4148
f 4133 4146 4147
f 4131 4144 4145
f 4130 4129 4142
f 4127 4140 4141
f 4137 4136 4149
f 4135 4134 4147
f 4132 4145 4146
f 4131 4130 4143
f 4142 4141 4154
f 4140 4139 4152
f 4150 4163 4164
f 4149 4148 4161
f 4146 4159 4160
f 4144 4157 4158
f 4142 4155 4156
f 4140 4153 4154
f 4149 4162 4163
f 4148 4147 4160
f 4146 4145 4158
f 4144 4143 4156
f 4155 4154 4167
f 4153 4152 4165
f 4163 4176 4177
f 4161 4174 4175
f 4159 4172 4173
f 4158 4157 4170
f 4155 4168 4169
f 4153 4166 4167
f 4163 4162 4175
f 4161 4160 4173
f 4159 4158 4171
f 4156 4169 4170
f 4167 4180 4181
f 4165 4178 4179
f 4176 4189 4190
f 4175 4174 4187
f 4173 4172 4185
f 4170 4183 4184
f 4169 4168 4181
f 4167 4166 4179
f 4175 4188 4189
f 4173 4186 4187
f 4171 4184 4185
f 4170 4169 4182
f 4180 4193 4194
f 4178 4191 4192
f 4190 4189 4202
f 4187 4200 4201
f 4186 4185 4198
f 4183 4196 4197
f 4182 4181 4194
f 4180 4179 4192
f 4189 4188 4201
f 4186 4199 4200
f 4184 4197 4198
f 4183 4182 4195
f 4193 4206 4207
f 4192 4191 4204
f 4202 4215 4216
f 4200 4213 4214
f 4199 4198 4211
f 4196 4209 4210
f 4194 4207 4208
f 4193 4192 4205
f 4201 4214 4215
f 4199 4212 4213
f 4198 4197 4210
f 4196 4195 4208
f 4207 4206 4219
f 4204 4217 4218
f 4216 4215 4228
f 4213 4226 4227
f 4211 4224 4225
f 4209 4222 4223
f 4207 4220 4221
f 4205 4218 4219
f 4214 4227 4228
f 4213 4212 4225
f 4211 4210 4223
f 4209 4208 4221
f 4219 4232 4233
f 4218 4217 4230
f 4228 4241 4242
f 4226 4239 4240
f 4225 4224 4237
f 4223 4222 4235
f 4221 4220 4233
f 4218 4231 4232
f 4228 4227 4240
f 4226 4225 4238
f 4223 4236 4237
f 4221 4234 4235
f 4233 4232 4245
f 4230 4243 4244
f 4242 4241 4254
f 4240 4239 4252
f 4237 4250 4251
f 4235 4248 4249
f 4234 4233 4246
f 4231 4244 4245
f 4241 4240 4253
f 4239 4238 4251
f 4236 4249 4250
f 4235 4234 4247
f 4246 4245 4258
f 4244 4243 4256
f 4254 4267 4268
f 4253 4252 4265
f 4250 4263 4264
f 4248 4261 4262
f 4246 4259 4260
f 4244 4257 4258
f 4253 4266 4267
f 4252 4251 4264
f 4250 4249 4262
f 4248 4247 4260
f 4259 4258 4271
f 4257 4256 4269
f 4267 4280 4281
f 4265 4278 4279
f 4263 4276 4277
f 4262 4261 4274
f 4259 4272 4273
f 4257 4270 4271
f 4266 4279 4280
f 4265 4264 4277
f 4263 4262 4275
f 4260 4273 4274
f 4271 4284 4285
f 4269 4282 4283
f 4281 4280 4293
f 4279 4278 4291
f 4277 4276 4289
f 4274 4287 4288
f 4273 4272 4285
f 4271 4270 4283
f 4280 4279 4292
f 4277 4290 4291
f 4275 4288 4289
f 4274 4273 4286
f 4284 4297 4298
f 4282 4295 4296
f 4294 4293 4306
f 4291 4304 4305
f 4290 4289 4302
f 4287 4300 4301
f 4286 4285 4298
f 4284 4283 4296
f 4293 4292 4305
f 4290 4303 4304
f 4288 4301 4302
f 4287 4286 4299
f 4297 4310 4311
f 4296 4295 4308
f 4306 4319 4320
f 4304 4317 4318
f 4303 4302 4315
f 4300 4313 4314
f 4298 4311 4312
f 4297 4296 4309
f 4305 4318 4319
f 4304 4303 4316
f 4302 4301 4314
f 4300 4299 4312
f 4310 4323 4324
f 4308 4321 4322
f 4320 4319 4332
f 4318 4317 4330
f 4316 4315 4328
f 4313 4326 4327
f 4311 4324 4325
f 4310 4309 4322
f 4318 4331 4332
f 4316 4329 4330
f 4315 4314 4327
f 4312 4325 4326
f 4323 4336 4337
f 4322 4321 4334
f 4332 4345 4346
f 4330 4343 4344
f 4329 4328 4341
f 4327 4326 4339
f 4325 4324 4337
f 4322 4335 4336
f 4332 4331 4344
f 4330 4329 4342
f 4327 4340 4341
f 4325 4338 4339
f 4337 4336 4350
f 4334 4348 4349
f 4346 4345 4359
f 4344 4343 4357
f 4341 4355 4356
f 4340 4339 4353
f 4338 4337 4351
f 4335 4349 4350
f 4345 4344 4358
f 4343 4342 4356
f 4340 4354 4355
f 4338 4352 4353
f 4351 4350 4363
f 4349 4348 4361
f 4359 4372 4373
f 4358 4357 4370
f 4355 4368 4369
f 4354 4353 4366
f 4351 4364 4365
f 4349 4362 4363
f 4358 4371 4372
f 4357 4356 4369
f 4355 4354 4367
f 4352 4365 4366
f 4364 4363 4376
f 4362 4361 4374
f 4373 4372 4385
f 4370 4383 4384
f 4368 4381 4382
f 4367 4366 4379
f 4364 4377 4378
f 4362 4375 4376
f 4372 4371 4384
f 4370 4369 4382
f 4368 4367 4380
f 4365 4378 4379
f 4376 4389 4390
f 4374 4387 4388
f 4385 4398 4399
f 4384 4383 4396
f 4382 4381 4394
f 4379 4392 4393
f 4378 4377 4390
f 4376 4375 4388
f 4384 4397 4398
f 4382 4395 4396
f 4380 4393 4394
f 4379 4378 4391
f 4389 4402 4403
f 4387 4400 4401
f 4399 4398 4411
f 4396 4409 4410
f 4395 4394 4407
f 4393 4392 4405
f 4391 4390 4403
f 4389 4388 4401
f 4398 4397 4410
f 4395 4408 4409
f 4393 4406 4407
f 4391 4404 4405
f 4402 4415 4416
f 4401 4400 4413
f 4411 4424 4425
f 4409 4422 4423
f 4408 4407 4420
f 4406 4405 4418
f 4403 4416 4417
f 4402 4401 4414
f 4410 4423 4424
f 4408 4421 4422
f 4407 4406 4419
f 4404 4417 4418
f 4416 4415 4428
f 4413 4426 4427
f 4425 4424 4437
f 4423 4422 4435
f 4421 4420 4433
f 4418 4431 4432
f 4416 4429 4430
f 4415 4414 4427
f 4423 4436 4437
f 4421 4434 4435
f 4420 4419 4432
f 4418 4417 4430
f 4428 4441 4442
f 4426 4439 4440
f 4437 4450 4451
f 4435 4448 4449
f 4434 4433 4446
f 4432 4431 4444
f 4430 4429 4442
f 4427 4440 4441
f 4437 4436 4449
f 4435 4434 4447
f 4432 4445 4446
f 4430 4443 4444
f 4442 4441 4454
f 4439 4452 4453
f 4451 4450 4463
f 4449 4448 4461
f 4446 4459 4460
f 4444 4457 4458
f 4443 4442 4455
f 4440 4453 4454
f 4450 4449 4462
f 4447 4460 4461
f 4445 4458 4459
f 4444 4443 4456
f 4455 4454 4467
f 4453 4452 4465
f 4463 4476 4477
f 4462 4461 4474
f 4459 4472 4473
f 4457 4470 4471
f 4455 4468 4469
f 4453 4466 4467
f 4462 4475 4476
f 4461 4460 4473
f 4459 4458 4471
f 4457 4456 4469
f 4468 4467 4063
f 4466 4465 4061
f 4477 4476 4072
f 4474 4070 4071
f 4472 4068 4069
f 4471 4470 4066
f 4468 4064 4065
f 4466 4062 4063
f 4476 4475 4071
f 4474 4473 4069
f 4472 4471 4067
f 4469 4065 4066
f 3935 4061 4465
f 4465 4452 4056
f 4452 4439 4051
f 4439 4426 4047
f 4047 4426 4413
f 4043 4413 4400
f 4039 4400 4387
f 4387 4374 4031
f 4031 4374 4361
f 4361 4348 4023
f 4348 4334 4019
f 4334 4321 4015
f 4015 4321 4308
f 4011 4308 4295
f 4007 4295 4282
f 4282 4269 3999
f 3999 4269 4256
f 4256 4243 3991
f 4243 4230 3987
f 4230 4217 3983
f 3983 4217 4204
f 3979 4204 4191
f 3975 4191 4178
f 4178 4165 3967
f 3967 4165 4152
f 4152 4139 3959
f 4139 4126 3955
f 4126 4113 3951
f 3951 4113 4100
f 3947 4100 4087
f 3943 4087 4074
f 4074 4061 3935
f 4480 4479 4483
f 4480 4484 4485
f 4479 4478 4482
f 4484 4488 4489
f 4482 4486 4487
f 4483 4487 4488
f 4488 4492 4493
f 4487 4486 4490
f 4488 4487 4491
f 4493 4492 4496
f 4490 4494 4495
f 4491 4495 4496
f 4496 4500 4501
f 4495 4494 4498
f 4496 4495 4499
f 4501 4500 4504
f 4498 4502 4503
f 4499 4503 4504
f 4505 4504 4508
f 4503 4502 4506
f 4504 4503 4507
f 4509 4508 4512
f 4506 4510 4511
f 4507 4511 4512
f 4513 4512 4516
f 4511 4510 4514
f 4512 4511 4515
f 4516 4520 4521
f 4514 4518 4519
f 4515 4519 4520
f 4520 4524 4525
f 4518 4522 4523
f 4520 4519 4523
f 4525 4524 4528
f 4522 4526 4527
f 4523 4527 4528
f 4528 4532 4533
f 4527 4526 4530
f 4528 4527 4531
f 4533 4532 4536
f 4530 4534 4535
f 4531 4535 4536
f 4537 4536 4540
f 4534 4538 4539
f 4536 4535 4539
f 4541 4540 4544
f 4539 4538 4542
f 4539 4543 4544
f 4544 4548 4549
f 4542 4546 4547
f 4544 4543 4547
f 4548 4552 4553
f 4547 4546 4550
f 4547 4551 4552
f 4552 4556 4557
f 4551 4550 4554
f 4552 4551 4555
f 4557 4556 4560
f 4554 4558 4559
f 4555 4559 4560
f 4560 4564 4565
f 4559 4558 4562
f 4560 4559 4563
f 4565 4564 4568
f 4562 4566 4567
f 4563 4567 4568
f 4569 4568 4572
f 4567 4566 4570
f 4568 4567 4571
f 4572 4576 4577
f 4570 4574 4575
f 4571 4575 4576
f 4576 4580 4581
f 4575 4574 4578
f 4576 4575 4579
f 4580 4584 4585
f 4578 4582 4583
f 4579 4583 4584
f 4584 4588 4589
f 4583 4582 4586
f 4584 4583 4587
f 4589 4588 4592
f 4586 4590 4591
f 4587 4591 4592
f 4592 4596 4597
f 4591 4590 4594
f 4592 4591 4595
f 4597 4596 4601
f 4594 4599 4600
f 4595 4600 4601
f 4602 4601 4605
f 4600 4599 4603
f 4601 4600 4604
f 4606 4605 4480
f 4603 4478 4479
f 4604 4479 4480
f 4615 4614 4627
f 4612 4625 4626
f 4611 4610 4623
f 4609 4608 4621
f 4618 4617 4630
f 4615 4628 4629
f 4613 4626 4627
f 4612 4611 4624
f 4609 4622 4623
f 4607 4620 4621
f 4619 4618 4631
f 4617 4616 4629
f 4622 4635 4636
f 4620 4633 4634
f 4632 4631 4644
f 4629 4642 4643
f 4628 4627 4640
f 4626 4625 4638
f 4624 4623 4636
f 4622 4621 4634
f 4631 4630 4643
f 4628 4641 4642
f 4626 4639 4640
f 4624 4637 4638
f 4635 4648 4649
f 4634 4633 4646
f 4644 4657 4658
f 4642 4655 4656
f 4641 4640 4653
f 4639 4638 4651
f 4636 4649 4650
f 4635 4634 4647
f 4643 4656 4657
f 4642 4641 4654
f 4640 4639 4652
f 4637 4650 4651
f 4648 4661 4662
f 4646 4659 4660
f 4658 4657 4670
f 4656 4655 4668
f 4653 4666 4667
f 4651 4664 4665
f 4649 4662 4663
f 4648 4647 4660
f 4656 4669 4670
f 4654 4667 4668
f 4653 4652 4665
f 4651 4650 4663
f 4661 4674 4675
f 4660 4659 4672
f 4670 4683 4684
f 4668 4681 4682
f 4667 4666 4679
f 4665 4664 4677
f 4663 4662 4675
f 4661 4660 4673
f 4670 4669 4682
f 4667 4680 4681
f 4665 4678 4679
f 4663 4676 4677
f 4675 4674 4687
f 4672 4685 4686
f 4684 4683 4696
f 4682 4681 4694
f 4679 4692 4693
f 4678 4677 4690
f 4676 4675 4688
f 4673 4686 4687
f 4683 4682 4695
f 4681 4680 4693
f 4678 4691 4692
f 4676 4689 4690
f 4688 4687 4700
f 4686 4685 4698
f 4696 4709 4710
f 4695 4694 4707
f 4692 4705 4706
f 4691 4690 4703
f 4688 4701 4702
f 4686 4699 4700
f 4695 4708 4709
f 4694 4693 4706
f 4692 4691 4704
f 4689 4702 4703
f 4701 4700 4713
f 4699 4698 4711
f 4710 4709 4722
f 4707 4720 4721
f 4705 4718 4719
f 4704 4703 4716
f 4701 4714 4715
f 4699 4712 4713
f 4709 4708 4721
f 4707 4706 4719
f 4705 4704 4717
f 4702 4715 4716
f 4713 4726 4727
f 4711 4724 4725
f 4723 4722 4735
f 4721 4720 4733
f 4719 4718 4731
f 4716 4729 4730
f 4715 4714 4727
f 4713 4712 4725
f 4721 4734 4735
f 4719 4732 4733
f 4717 4730 4731
f 4716 4715 4728
f 4726 4739 4740
f 4724 4737 4738
f 4736 4735 4748
f 4733 4746 4747
f 4732 4731 4744
f 4730 4729 4742
f 4728 4727 4740
f 4726 4725 4738
f 4735 4734 4747
f 4732 4745 4746
f 4730 4743 4744
f 4728 4741 4742
f 4739 4752 4753
f 4738 4737 4750
f 4748 4761 4762
f 4746 4759 4760
f 4745 4744 4757
f 4743 4742 4755
f 4740 4753 4754
f 4739 4738 4751
f 4747 4760 4761
f 4745 4758 4759
f 4744 4743 4756
f 4741 4754 4755
f 4753 4752 4765
f 4750 4763 4764
f 4762 4761 4774
f 4759 4772 4773
f 4758 4757 4770
f 4755 4768 4769
f 4753 4766 4767
f 4752 4751 4764
f 4760 4773 4774
f 4758 4771 4772
f 4757 4756 4769
f 4755 4754 4767
f 4765 4778 4779
f 4764 4763 4776
f 4774 4787 4788
f 4772 4785 4786
f 4771 4770 4783
f 4769 4768 4781
f 4767 4766 4779
f 4765 4764 4777
f 4774 4773 4786
f 4771 4784 4785
f 4769 4782 4783
f 4767 4780 4781
f 4779 4778 4791
f 4776 4789 4790
f 4788 4787 4800
f 4786 4785 4798
f 4783 4796 4797
f 4782 4781 4794
f 4780 4779 4792
f 4777 4790 4791
f 4787 4786 4799
f 4785 4784 4797
f 4782 4795 4796
f 4780 4793 4794
f 4792 4791 4804
f 4790 4789 4802
f 4800 4813 4814
f 4799 4798 4811
f 4796 4809 4810
f 4795 4794 4807
f 4792 4805 4806
f 4790 4803 4804
f 4799 4812 4813
f 4798 4797 4810
f 4796 4795 4808
f 4793 4806 4807
f 4805 4804 4817
f 4803 4802 4815
f 4814 4813 4826
f 4811 4824 4825
f 4809 4822 4823
f 4808 4807 4820
f 4805 4818 4819
f 4803 4816 4817
f 4813 4812 4825
f 4811 4810 4823
f 4809 4808 4821
f 4806 4819 4820
f 4817 4830 4831
f 4815 4828 4829
f 4826 4839 4840
f 4825 4824 4837
f 4823 4822 4835
f 4820 4833 4834
f 4819 4818 4831
f 4817 4816 4829
f 4825 4838 4839
f 4823 4836 4837
f 4821 4834 4835
f 4820 4819 4832
f 4830 4843 4844
f 4828 4841 4842
f 4840 4839 4852
f 4837 4850 4851
f 4836 4835 4848
f 4834 4833 4846
f 4832 4831 4844
f 4830 4829 4842
f 4839 4838 4851
f 4836 4849 4850
f 4834 4847 4848
f 4832 4845 4846
f 4843 4856 4857
f 4842 4841 4854
f 4852 4865 4866
f 4850 4863 4864
f 4849 4848 4861
f 4847 4846 4859
f 4844 4857 4858
f 4843 4842 4855
f 4851 4864 4865
f 4849 4862 4863
f 4848 4847 4860
f 4845 4858 4859
f 4857 4856 4869
f 4855 4854 4867
f 4866 4865 4878
f 4864 4863 4876
f 4862 4861 4874
f 4859 4872 4873
f 4857 4870 4871
f 4856 4855 4868
f 4864 4877 4878
f 4862 4875 4876
f 4861 4860 4873
f 4859 4858 4871
f 4869 4882 4883
f 4868 4867 4880
f 4878 4891 4892
f 4877 4876 4889
f 4874 4887 4888
f 4873 4872 4885
f 4871 4870 4883
f 4868 4881 4882
f 4878 4877 4890
f 4876 4875 4888
f 4873 4886 4887
f 4871 4884 4885
f 4883 4882 4896
f 4880 4894 4895
f 4892 4891 4905
f 4890 4889 4903
f 4887 4901 4902
f 4885 4899 4900
f 4884 4883 4897
f 4881 4895 4896
f 4891 4890 4904
f 4889 4888 4902
f 4886 4900 4901
f 4885 4884 4898
f 4897 4896 4909
f 4895 4894 4907
f 4905 4918 4919
f 4904 4903 4916
f 4901 4914 4915
f 4899 4912 4913
f 4897 4910 4911
f 4895 4908 4909
f 4904 4917 4918
f 4903 4902 4915
f 4901 4900 4913
f 4899 4898 4911
f 4910 4909 4922
f 4908 4907 4920
f 4919 4918 4931
f 4916 4929 4930
f 4914 4927 4928
f 4913 4912 4925
f 4910 4923 4924
f 4908 4921 4922
f 4918 4917 4930
f 4916 4915 4928
f 4914 4913 4926
f 4911 4924 4925
f 4922 4935 4936
f 4920 4933 4934
f 4931 4944 4945
f 4930 4929 4942
f 4928 4927 4940
f 4925 4938 4939
f 4924 4923 4936
f 4922 4921 4934
f 4930 4943 4944
f 4928 4941 4942
f 4926 4939 4940
f 4925 4924 4937
f 4935 4948 4949
f 4933 4946 4947
f 4945 4944 4957
f 4942 4955 4956
f 4941 4940 4953
f 4938 4951 4952
f 4937 4936 4949
f 4935 4934 4947
f 4944 4943 4956
f 4941 4954 4955
f 4939 4952 4953
f 4938 4937 4950
f 4948 4961 4962
f 4947 4946 4959
f 4957 4970 4971
f 4955 4968 4969
f 4954 4953 4966
f 4951 4964 4965
f 4949 4962 4963
f 4948 4947 4960
f 4956 4969 4970
f 4954 4967 4968
f 4953 4952 4965
f 4951 4950 4963
f 4962 4961 4974
f 4959 4972 4973
f 4971 4970 4983
f 4968 4981 4982
f 4966 4979 4980
f 4964 4977 4978
f 4962 4975 4976
f 4960 4973 4974
f 4969 4982 4983
f 4967 4980 4981
f 4966 4965 4978
f 4964 4963 4976
f 4975 4974 4987
f 4973 4972 4985
f 4983 4996 4997
f 4981 4994 4995
f 4979 4992 4993
f 4978 4977 4990
f 4976 4975 4988
f 4973 4986 4987
f 4983 4982 4995
f 4981 4980 4993
f 4978 4991 4992
f 4976 4989 4990
f 4988 4987 5000
f 4985 4998 4999
f 4997 4996 5009
f 4995 4994 5007
f 4992 5005 5006
f 4991 4990 5003
f 4989 4988 5001
f 4986 4999 5000
f 4996 4995 5008
f 4994 4993 5006
f 4991 5004 5005
f 4989 5002 5003
f 5001 5000 5013
f 4999 4998 5011
f 5009 5022 5023
f 5008 5007 5020
f 5005 5018 5019
f 5004 5003 5016
f 5001 5014 5015
f 4999 5012 5013
f 5008 5021 5022
f 5007 5006 5019
f 5005 5004 5017
f 5002 5015 5016
f 5014 5013 4609
f 5012 5011 4607
f 5022 4618 4619
f 5020 4616 4617
f 5018 4614 4615
f 5017 5016 4612
f 5014 4610 4611
f 5012 4608 4609
f 5021 4617 4618
f 5020 5019 4615
f 5018 5017 4613
f 5015 4611 4612
f 4481 4607 5011
f 5011 4998 4602
f 4998 4985 4597
f 4985 4972 4593
f 4593 4972 4959
f 4589 4959 4946
f 4585 4946 4933
f 4933 4920 4577
f 4577 4920 4907
f 4907 4894 4569
f 4894 4880 4565
f 4880 4867 4561
f 4561 4867 4854
f 4557 4854 4841
f 4553 4841 4828
f 4828 4815 4545
f 4545 4815 4802
f 4802 4789 4537
f 4789 4776 4533
f 4776 4763 4529
f 4529 4763 4750
f 4525 4750 4737
f 4521 4737 4724
f 4724 4711 4513
f 4513 4711 4698
f 4698 4685 4505
f 4685 4672 4501
f 4672 4659 4497
f 4497 4659 4646
f 4493 4646 4633
f 4489 4633 4620
f 4620 4607 4481
