# https://github.com/mikedh/trimesh
v 0.09003442 -0.02379970 -0.03522894
v 0.09662379 -0.02528341 -0.03368051
v 0.09760104 -0.02389569 -0.03266930
v 0.09108615 -0.02290964 -0.03452342
v 0.10918849 -0.02293005 -0.04891210
v 0.11156128 -0.02047325 -0.04027379
v 0.11069550 -0.01822793 -0.03799509
v 0.10951316 -0.01757511 -0.04271105
v 0.03201451 -0.05660005 -0.15967926
v 0.01668584 -0.05568576 -0.16683187
v 0.01606354 -0.07590380 -0.16587546
v 0.03017084 -0.08187757 -0.15754823
v 0.05757392 -0.12916067 -0.13038197
v 0.04823491 -0.11301179 -0.13807264
v 0.04408497 -0.13396451 -0.14869291
v 0.06041937 -0.14350560 -0.13185719
v 0.05839140 0.02413838 0.10266696
v 0.06525196 0.02356306 0.09180987
v 0.06381513 0.01412359 0.09605440
v -0.10197245 -0.01721111 -0.03007933
v -0.10877400 -0.01893266 -0.02799981
v -0.11000175 -0.01697538 -0.02708637
v -0.10309909 -0.01589790 -0.02944321
v -0.12402181 -0.01481446 -0.04397455
v -0.12654433 -0.01134421 -0.03496597
v -0.12544441 -0.00870760 -0.03274889
v -0.12469506 -0.00802919 -0.03781615
v 0.05713318 0.01447780 0.10430529
v 0.13986991 -0.00010898 -0.05634703
v 0.14011534 -0.00261984 -0.05945176
v 0.14176589 -0.00486781 -0.05706890
v 0.14123002 -0.00303913 -0.05370041
v 0.13388155 -0.01717189 -0.06197005
v 0.13415067 -0.00984406 -0.06103756
v 0.13631600 -0.00747630 -0.06110955
v 0.13676566 -0.00972692 -0.06071071
v 0.13380353 -0.02797905 -0.06090098
v 0.13123575 -0.02721487 -0.06026333
v 0.13368636 -0.02258919 -0.06159317
v 0.13677400 -0.02300241 -0.06273219
v 0.11086066 -0.05826230 -0.02826197
v 0.11526357 -0.05261981 -0.03129238
v 0.11576720 -0.05728342 -0.03427461
v 0.10776737 -0.06077052 -0.03173748
v 0.10169013 -0.05689365 -0.03278475
v 0.10935093 -0.05655702 -0.04008153
v 0.10815264 -0.05060995 -0.04095382
v 0.10183660 -0.05140692 -0.03554838
v 0.13131434 0.00857788 -0.03183486
v 0.13251734 0.00335174 -0.03188236
v 0.13041304 0.00154518 -0.02917519
v 0.12879547 0.00629139 -0.02872750
v 0.10372244 -0.02171665 -0.05905652
v 0.10079554 -0.02820183 -0.05864779
v 0.11203875 -0.02346708 -0.06152388
v 0.11305195 -0.02084634 -0.06060501
v 0.13106479 -0.00201724 -0.04402591
v 0.13091904 -0.00069666 -0.04892666
v 0.13180436 -0.00262490 -0.05193144
v 0.13094300 -0.00427330 -0.04849309
v 0.13378266 0.00203659 -0.05729075
v 0.13404763 -0.00092318 -0.06079356
v 0.10713916 -0.04314927 -0.02495307
v 0.10534261 -0.03885869 -0.02293194
v 0.10600759 -0.03702217 -0.02424922
v 0.10629348 -0.03798381 -0.02674469
v 0.10871700 -0.02356391 -0.04351906
v 0.11186902 -0.01973999 -0.03769657
v 0.12823278 -0.03939667 -0.05644416
v 0.12747407 -0.03745215 -0.05398026
v 0.13141710 -0.03314303 -0.05795825
v 0.13164857 -0.03421649 -0.06100869
v 0.12130979 -0.03537477 -0.04985216
v 0.12540135 -0.03216363 -0.05438707
v 0.12712206 -0.03117792 -0.05722535
v 0.12570536 -0.03364699 -0.05452645
v 0.13326600 0.00086980 -0.04541153
v 0.13109255 0.00250925 -0.03668938
v 0.13389488 0.00089691 -0.03518083
v 0.13692079 -0.00072567 -0.04255538
v 0.11659725 -0.00941851 -0.05488434
v 0.11375991 -0.00491865 -0.04935350
v 0.11172420 -0.00553622 -0.04959917
v 0.11384144 -0.00949278 -0.05464268
v 0.13423832 -0.00119426 -0.05414354
v 0.13503699 -0.00323243 -0.05718561
v 0.13262391 -0.00463693 -0.05534391
v 0.11606186 -0.00625980 -0.02748180
v 0.11908931 -0.00486064 -0.03014044
v 0.11921521 -0.00617448 -0.03199081
v 0.11871083 -0.00739512 -0.03125734
v 0.11491019 -0.05756884 -0.04006820
v 0.09949821 -0.03780846 -0.05033619
v 0.10256872 -0.03713306 -0.05335566
v 0.10718671 -0.03260839 -0.05700242
v 0.10385510 -0.03127338 -0.05712939
v 0.10231563 -0.05496763 -0.02456482
v 0.10830683 -0.05459824 -0.02519288
v 0.10931528 -0.05645274 -0.02683370
v 0.10366503 -0.05853283 -0.02723502
v 0.12052169 -0.00176695 -0.02936594
v 0.12422679 -0.00227874 -0.03228537
v 0.12101001 -0.00305847 -0.03174516
v 0.11878391 -0.00280602 -0.02949154
v 0.13210747 -0.01190889 -0.05897693
v 0.13121828 -0.00629202 -0.05246570
v 0.13081431 -0.02184281 -0.05407416
v 0.13090681 -0.02089148 -0.05878516
v 0.13018885 -0.02521612 -0.05758021
v -0.03653855 -0.05996262 -0.15670396
v -0.01234761 -0.05710415 -0.16581786
v -0.01236164 -0.07772470 -0.16482568
v -0.03412120 -0.08603436 -0.15449186
v 0.12918805 -0.02585469 -0.05338259
v 0.13111779 -0.01411998 -0.05063582
v 0.13126425 -0.01335371 -0.05622867
v 0.13769880 -0.00563818 -0.05488906
v 0.13799985 -0.01082329 -0.05895103
v 0.13656405 -0.00472769 -0.05611032
v 0.11027557 -0.00266245 -0.04377346
v 0.11063598 0.00114016 -0.04942734
v 0.10806537 -0.00438776 -0.05520947
v 0.11019104 -0.00457596 -0.04768215
v 0.10718589 -0.03315167 -0.02353379
v 0.10904016 -0.03090346 -0.02476508
v 0.10580501 -0.03244977 -0.02777360
v 0.10414452 -0.03497078 -0.02769867
v 0.10899483 -0.03498182 -0.05576082
v 0.10435677 -0.03855079 -0.05240336
v 0.10568260 -0.03952904 -0.05148042
v 0.11039753 -0.03702030 -0.05385356
v 0.12805073 -0.00128484 -0.03493046
v 0.12865230 -0.00522429 -0.03839388
v 0.12578356 -0.00533125 -0.03640886
v 0.11368468 -0.03576522 -0.03773413
v 0.11393640 -0.03415111 -0.04064745
v 0.11687528 -0.03664722 -0.04338532
v 0.11678889 -0.03925094 -0.04090019
v 0.12210332 -0.04929268 -0.04844566
v 0.11675923 -0.04933377 -0.04982601
v 0.11309781 -0.05352481 -0.04463096
v 0.11866719 -0.05387596 -0.04434953
v 0.10566140 -0.03630044 -0.02727304
v 0.10610816 -0.03550744 -0.02414641
v 0.12047637 -0.00884331 -0.05776409
v 0.11830442 -0.00373608 -0.05087847
v 0.13065660 -0.00594043 -0.04555813
v 0.13108969 -0.00772186 -0.04918155
v 0.11060786 -0.01993914 -0.02663516
v 0.10732820 -0.01909067 -0.02896815
v 0.10794300 -0.01996889 -0.02914856
v 0.11204411 -0.02142490 -0.02679070
v 0.11080278 -0.02057879 -0.02475229
v 0.11182294 -0.02213257 -0.02509462
v 0.11058354 -0.02226803 -0.02400849
v 0.10991690 -0.02150375 -0.02352278
v 0.10586808 -0.01880370 -0.02963129
v 0.10670219 -0.01913283 -0.02934744
v 0.10697703 -0.01864536 -0.02922282
v 0.11338600 -0.01468117 -0.04517042
v 0.11236404 -0.02124920 -0.05108642
v 0.11077391 -0.02236918 -0.05211316
v 0.11404944 -0.01741938 -0.04584897
v 0.13193470 -0.01963882 -0.06106211
v 0.12459783 0.00111050 -0.02426690
v 0.12279178 0.00455563 -0.02322186
v 0.12691867 0.00901360 -0.02776183
v 0.10280618 -0.03167006 -0.04366269
v 0.10948258 -0.03222542 -0.03985967
v 0.10885786 -0.03258581 -0.03716181
v 0.10397705 -0.03213126 -0.04074982
v 0.10704976 -0.02806764 -0.03078188
v 0.10279952 -0.03095505 -0.03147582
v 0.10954025 -0.03011181 -0.02816200
v 0.11089151 -0.01498799 -0.02268817
v 0.10958019 -0.01817456 -0.02735731
v 0.10981609 -0.01922533 -0.02587501
v 0.10999670 -0.01915802 -0.02402801
v 0.13376752 -0.02841470 -0.06358963
v 0.13581257 -0.02282252 -0.06551953
v 0.13241668 -0.02247760 -0.06796865
v 0.13060170 -0.02851012 -0.06620798
v 0.10457076 -0.04886170 -0.02256538
v 0.09577191 -0.05086709 -0.02698082
v 0.10206316 -0.04385599 -0.02184971
v 0.13709880 0.00685351 -0.04544782
v 0.13295655 0.00942202 -0.04526394
v 0.13341147 0.00726496 -0.04965979
v 0.13841060 0.00481839 -0.04952835
v 0.10997587 -0.01266816 -0.03296042
v 0.10933442 -0.01458978 -0.03343054
v 0.11037995 -0.01379072 -0.03107859
v 0.10996563 -0.01159240 -0.03034564
v 0.06470433 -0.03874037 -0.12256848
v 0.08007620 -0.04291242 -0.08777063
v 0.08643213 -0.02665601 -0.09842488
v 0.07261446 -0.02356819 -0.12806563
v 0.12294540 -0.04508556 -0.04608044
v 0.12198396 -0.04885829 -0.04260565
v 0.11425533 -0.00777648 -0.01919537
v 0.11271673 -0.00618065 -0.01783999
v 0.11310311 -0.00053301 -0.01859736
v 0.11561312 -0.00383325 -0.01941618
v 0.13560383 -0.00788967 -0.06655614
v 0.14055806 -0.00897517 -0.06471304
v 0.11970734 -0.00200614 -0.02713212
v 0.12346283 0.00149339 -0.03043792
v 0.12095907 -0.00101362 -0.02945400
v 0.11870539 -0.00258936 -0.02761270
v 0.11948546 -0.01030958 -0.02560806
v 0.12076001 -0.00911000 -0.02519737
v 0.11727011 -0.00805375 -0.02523472
v 0.11540172 -0.00922950 -0.02587405
v 0.11085994 -0.00141512 -0.01580504
v 0.11197390 0.00504929 -0.01824999
v 0.09557723 -0.03803121 -0.04939169
v 0.11823791 -0.00878903 -0.02162443
v 0.11940633 -0.00630409 -0.02137750
v 0.12180841 -0.00746941 -0.02452569
v -0.06983817 -0.13965705 -0.12389162
v -0.06001877 -0.12162104 -0.13194183
v -0.05613788 -0.14278322 -0.14302982
v -0.07237238 -0.15471849 -0.12539445
v 0.10367419 -0.03798126 -0.02024450
v 0.10552988 -0.03610941 -0.02221917
v 0.11799711 -0.00291986 -0.02742733
v 0.11679535 -0.00401132 -0.02758419
v 0.11463274 -0.00788491 -0.02649045
v 0.11598270 -0.00840973 -0.03008693
v 0.12274558 -0.01393886 -0.04341619
v 0.12430178 -0.02175639 -0.04874521
v 0.09285557 -0.02882982 -0.07277709
v 0.08821544 -0.04623554 -0.05172129
v 0.11513472 -0.00751552 -0.02543930
v 0.11550160 -0.00702255 -0.02547439
v 0.11446889 -0.00770510 -0.02532080
v 0.11347337 -0.00844004 -0.02622609
v 0.12012359 -0.05246068 -0.03913561
v 0.12281720 -0.00814541 -0.03793951
v 0.11784267 -0.01046511 -0.03529045
v 0.12081639 -0.00847682 -0.03476728
v 0.13734126 -0.01860996 -0.06122057
v 0.14010048 -0.01124812 -0.05884654
v 0.14263679 -0.01083309 -0.06141862
v 0.13976127 -0.01860369 -0.06342693
v 0.09834495 -0.05495676 -0.03026079
v 0.10889585 -0.01509495 -0.03569462
v 0.11099649 -0.01656291 -0.03524142
v 0.11325034 -0.00979099 -0.03103975
v 0.11228184 -0.00920811 -0.02685523
v 0.10585009 -0.03331246 -0.02093673
v 0.13240713 0.00229645 -0.04800570
v 0.13360023 0.00069951 -0.05093867
v 0.13077581 0.00072497 -0.04628883
v 0.13049018 0.00165639 -0.04338963
v 0.12951469 0.00425810 -0.03984300
v 0.12823920 0.00483028 -0.03897942
v 0.13138925 0.00381189 -0.04461803
v 0.11730557 -0.00915418 -0.03220547
v 0.11963484 -0.00811754 -0.03301319
v 0.11415889 -0.03732019 -0.03547330
v 0.11648606 -0.04397718 -0.03711567
v 0.12809020 -0.02909874 -0.05528709
v 0.12613642 -0.02895666 -0.05088408
v 0.12719423 -0.01667668 -0.06714864
v 0.12677650 -0.00795084 -0.06382372
v 0.12361506 -0.00850318 -0.06034081
v 0.12473494 -0.01676211 -0.06468686
v 0.11313615 -0.01533362 -0.05839891
v 0.10647874 -0.01445484 -0.05757979
v 0.10936880 -0.02076375 -0.02259316
v 0.10847062 -0.01741503 -0.01917965
v 0.11088260 -0.01087104 -0.03009300
v 0.11126760 -0.00935105 -0.02751397
v 0.11601822 -0.03245020 -0.05953534
v 0.11026919 -0.04094418 -0.04856399
v 0.11687256 -0.03474706 -0.05690506
v 0.10275690 -0.04182890 -0.04508480
v 0.10270716 -0.04366287 -0.04148070
v 0.10735068 -0.04355331 -0.04425385
v 0.12078610 -0.03372502 -0.04784862
v 0.12465663 -0.03215159 -0.05157432
v 0.10699852 -0.01917873 -0.03065543
v 0.10482660 -0.02035123 -0.03369482
v 0.10351446 -0.01917233 -0.03034945
v 0.12845606 -0.01426862 -0.04697014
v 0.12936530 -0.02192025 -0.05082557
v 0.11993380 -0.00687152 -0.02542940
v 0.11462288 -0.01599438 -0.02770547
v 0.11610318 -0.01310725 -0.02412099
v 0.12508231 -0.00428350 -0.02504447
v 0.12297797 -0.00550266 -0.02584609
v 0.12170054 -0.00629917 -0.02564630
v 0.12323938 -0.00601276 -0.02439488
v 0.09497371 -0.02722146 -0.03589150
v 0.09921265 -0.02944405 -0.03365791
v 0.10229211 -0.02663837 -0.03182527
v 0.12774172 0.00327300 -0.03523686
v 0.12894763 0.00138431 -0.03736734
v 0.12166809 -0.00300080 -0.05321229
v 0.12010469 -0.00449626 -0.03136091
v 0.12006633 -0.00559027 -0.03343918
v 0.11617656 0.01025651 -0.03709190
v 0.11741062 0.00607308 -0.03256644
v 0.11691517 0.00629169 -0.03056395
v 0.11601388 0.01292684 -0.02939899
v 0.10218103 -0.04850534 -0.03694621
v 0.10684887 -0.04739167 -0.04135549
v 0.10603207 -0.04540204 -0.04176889
v 0.10271575 -0.04590199 -0.03865924
v 0.10789812 -0.03273638 -0.03611182
v 0.10409852 -0.03246264 -0.03911407
v 0.12924790 -0.02705473 -0.05979979
v 0.12842639 -0.02816496 -0.05826382
v 0.13055319 -0.02383798 -0.06034622
v 0.13075677 -0.02228772 -0.06150395
v 0.11141550 -0.01127856 -0.03778533
v 0.11075789 -0.01267124 -0.03623562
v 0.11454593 0.00070695 -0.03676195
v 0.11893804 0.00307282 -0.03828705
v 0.11917311 0.00498601 -0.03262273
v 0.11562318 0.00308572 -0.03301315
v 0.12487745 -0.00192109 -0.05648556
v 0.12004161 -0.00699087 -0.03395403
v 0.12063670 -0.00670557 -0.03521461
v 0.11978869 -0.00670555 -0.03293715
v 0.11377271 -0.01003473 -0.02654723
v 0.11783357 -0.01133405 -0.02698669
v 0.12474695 -0.00376227 -0.02676168
v 0.12921496 0.00004396 -0.02959462
v 0.12760240 0.00107869 -0.03122216
v 0.12380102 -0.00280856 -0.02675444
v 0.11678768 -0.00542244 -0.02568894
v 0.01859044 -0.03456760 -0.17526588
v 0.02078260 -0.02048028 -0.18505496
v -0.04629035 0.02297754 0.10486542
v -0.06112345 0.02251407 0.09529472
v -0.05820296 0.01628534 0.09942055
v -0.04369424 0.01609258 0.10608618
v 0.12048025 0.00422438 -0.02265751
v 0.12028305 0.00687642 -0.02665398
v 0.12222426 0.00816822 -0.02719836
v 0.12152657 0.00523542 -0.02316070
v 0.13054477 0.00025098 -0.04309012
v 0.13535592 -0.00245118 -0.05329126
v 0.11319428 -0.01868633 -0.03422233
v 0.10809701 -0.02106784 -0.03631830
v 0.09059007 -0.02125081 -0.03468754
v 0.09120373 -0.02015092 -0.03392798
v 0.09229310 -0.02030233 -0.03565378
v 0.09213269 -0.02111744 -0.03663765
v 0.09806126 -0.02642328 -0.04002890
v 0.10216869 -0.02754846 -0.03903618
v 0.10064777 -0.02921601 -0.03697336
v 0.09709632 -0.02782287 -0.03918173
v 0.08971292 -0.02368552 -0.03624675
v 0.09017155 -0.02235406 -0.03533635
v 0.09143321 -0.02256384 -0.03787224
v 0.09084342 -0.02392191 -0.03943579
v 0.12634578 0.00354737 -0.03255663
v 0.12925246 0.00370292 -0.03603847
v 0.13929342 -0.00428997 -0.05179958
v 0.13975251 -0.00601177 -0.05469543
v 0.13432810 0.00117952 -0.04704361
v 0.13506897 -0.00062178 -0.05000704
v 0.10931662 -0.02828529 -0.02373220
v 0.11102118 -0.02783314 -0.02588199
v 0.11051866 -0.02945551 -0.02635653
v 0.14123274 -0.00176829 -0.05050867
v 0.13933980 0.00216145 -0.05281984
v 0.10869154 -0.04817938 -0.02486370
v 0.10712485 -0.05102607 -0.02375831
v 0.06487298 -0.18856242 -0.01926308
v 0.07994492 -0.17124051 -0.03483512
v 0.07839085 -0.19123042 -0.03636321
v 0.06292962 -0.20819893 -0.02104808
v 0.12272314 -0.00116188 -0.02285171
v 0.11951237 0.00210592 -0.02212777
v 0.08981996 -0.02568835 -0.03755452
v 0.08979500 -0.02580570 -0.03761553
v 0.09460957 -0.02776743 -0.03793174
v 0.09843382 -0.02255627 -0.03217686
v 0.09176139 -0.02172948 -0.03375266
v 0.09920165 -0.02494518 -0.03926887
v 0.09851665 -0.02013543 -0.03488301
v 0.09809493 -0.01929595 -0.03260786
v 0.10023983 -0.03228349 -0.03345531
v 0.10177252 -0.03295335 -0.03666937
v 0.10507341 -0.03408247 -0.03219851
v 0.09151849 -0.02602592 -0.04022525
v 0.11315706 -0.01011115 -0.03449643
v 0.10426071 -0.02482341 -0.03886484
v 0.10621841 -0.02672248 -0.04293374
v 0.10492016 -0.02863068 -0.04209410
v 0.10309897 -0.02655699 -0.03943132
v 0.11838365 -0.03677563 -0.04580582
v 0.11799598 -0.03500698 -0.04538190
v 0.10302968 -0.03054528 -0.04693767
v 0.10912994 -0.03154755 -0.04445312
v 0.11344007 -0.01608520 -0.03332019
v 0.11612122 -0.01371696 -0.02904944
v 0.10837216 -0.01902134 -0.03144867
v 0.10450716 -0.02291272 -0.03664513
v 0.10739025 -0.02482431 -0.04118198
v 0.09863242 -0.02141928 -0.03203725
v 0.10461628 -0.02148073 -0.02999995
v 0.10406779 -0.02046104 -0.03008824
v 0.09852434 -0.02045283 -0.03209016
v 0.12309571 -0.00535599 -0.03534270
v 0.11721382 -0.00041971 -0.02043565
v 0.12126918 -0.00381520 -0.02186639
v 0.11577512 0.02003577 -0.05547148
v 0.11125119 0.00898875 -0.06729245
v 0.11457188 0.00673424 -0.04432420
v 0.10063233 -0.02342026 -0.03848273
v 0.09162779 -0.01971764 -0.03395062
v 0.09277063 -0.02035374 -0.03373906
v 0.12915199 -0.03192616 -0.05746743
v 0.10613701 -0.03498603 -0.03186398
v 0.11181539 -0.01185514 -0.02774340
v 0.12600566 -0.02186154 -0.06698474
v 0.12460794 -0.02760004 -0.06547672
v 0.11120694 -0.01033891 -0.02756219
v 0.11160212 -0.00927145 -0.02729681
v 0.10316084 -0.03282828 -0.03828380
v 0.10717126 -0.03346412 -0.03439328
v 0.11224897 -0.00906445 -0.02683695
v 0.11123069 -0.02804738 -0.02795338
v 0.13071173 -0.00488499 -0.04295772
v 0.11349358 -0.04531387 -0.04957488
v 0.11045715 -0.04816365 -0.04494730
v 0.09256081 -0.02079829 -0.03323086
v 0.09844068 -0.02904776 -0.03578705
v 0.09908228 -0.02171231 -0.03615446
v 0.10883484 -0.02385466 -0.02940034
v 0.10825869 -0.02599924 -0.02974986
v 0.11142502 -0.02576079 -0.02697330
v 0.11078993 -0.03072513 -0.04700800
v 0.10406755 -0.02810442 -0.04952484
v 0.10598525 -0.02686366 -0.05269836
v 0.11429285 -0.02946372 -0.04865568
v 0.12264948 -0.03303292 -0.06304812
v 0.11976342 -0.03787869 -0.05892295
v 0.12445509 -0.04005597 -0.05965981
v 0.12839553 -0.03454349 -0.06377180
v 0.11519918 0.05129674 -0.06565289
v 0.11712845 0.02771015 -0.04172220
v 0.11671068 0.05971590 -0.04352974
v 0.12395243 0.00611300 -0.04581444
v 0.12365063 0.00354778 -0.04916792
v 0.13360536 0.00480087 -0.05350624
v 0.11524721 0.00919415 -0.02314302
v 0.11638097 0.00621001 -0.02850036
v 0.12004996 0.00578422 -0.02651098
v 0.13407153 -0.01718315 -0.06859195
v 0.11296017 -0.01157386 -0.02017343
v 0.11674906 -0.01116633 -0.02248321
v 0.11383171 -0.03102807 -0.06067086
v 0.11739296 -0.03195798 -0.04515135
v 0.12200958 -0.03097366 -0.04769193
v 0.13513266 0.00397530 -0.03543606
v 0.13135684 0.00091900 -0.03223554
v 0.01850170 -0.22818911 0.01087110
v 0.01721920 -0.24063855 0.00603560
v 0.02465198 -0.03951087 0.12420455
v 0.02556740 -0.03941203 0.12189714
v 0.02415288 -0.03709291 0.12046852
v 0.02385658 -0.03722557 0.12152713
v 0.02462838 -0.05219401 0.12009283
v 0.02403037 -0.04991074 0.11938292
v 0.02527316 -0.04960808 0.11745082
v 0.02631627 -0.05151087 0.11850192
v 0.02297178 -0.03701963 0.12089903
v 0.02202961 -0.04009504 0.12517123
v 0.02300819 -0.04005794 0.12642595
v 0.02331621 -0.03713667 0.12137970
v 0.13524283 0.00840613 -0.03574816
v 0.02873034 -0.05083116 0.11973540
v 0.02756202 -0.04809384 0.11937223
v 0.02798005 -0.04776230 0.12262050
v 0.03021381 -0.04944594 0.12319930
v 0.02158452 -0.05139643 0.13570255
v 0.02281329 -0.04813190 0.13626832
v 0.02160046 -0.04924378 0.13200739
v 0.02135738 -0.05215702 0.13057393
v 0.02481697 -0.04718456 0.13485213
v 0.02693405 -0.04749180 0.13825190
v 0.02853815 -0.04709899 0.13461806
v 0.02628452 -0.04733620 0.13158517
v 0.02178592 -0.04559610 0.12422553
v 0.02258807 -0.04898752 0.12570319
v 0.02133005 -0.04535643 0.13019067
v 0.02753863 -0.04431544 0.12080344
v 0.02716321 -0.04539524 0.11833699
v 0.02558709 -0.04056971 0.11938926
v 0.02584939 -0.04011112 0.11929802
v 0.07013932 -0.15511534 -0.01635821
v 0.08148634 -0.14370346 -0.03365122
v 0.05177089 -0.02016352 0.08814587
v 0.05070875 -0.02318283 0.08957397
v 0.04704683 -0.02188579 0.09142882
v 0.04823477 -0.01918286 0.08984835
v 0.11204617 -0.02397719 -0.02526518
v 0.11061940 -0.02337813 -0.02373860
v 0.12358834 0.00082436 -0.05265187
v 0.13183461 0.00258487 -0.04576160
v 0.12459888 0.00776384 -0.04214412
v 0.12385331 0.00871754 -0.03419932
v 0.12118021 0.00671588 -0.03330924
v 0.12120759 0.00537368 -0.04003398
v 0.13871625 0.00178051 -0.04377515
v 0.10832244 -0.03660975 -0.03206658
v 0.12593651 -0.00865780 -0.04134095
v 0.12306268 0.00870881 -0.03032440
v 0.12888028 0.01051617 -0.03093490
v 0.13411787 -0.01805400 -0.06077886
v 0.13983752 0.00053027 -0.04723221
v 0.13766676 -0.00152497 -0.04574583
v 0.12679845 -0.00218715 -0.02567051
v 0.11041479 -0.02407201 -0.05336430
v 0.12172954 -0.02501889 -0.04958930
v 0.11828402 -0.02773448 -0.04943588
v -0.15860541 0.01093484 -0.04939690
v -0.15895417 0.00875487 -0.05247620
v -0.15980370 0.00649780 -0.04965384
v -0.15939038 0.00837304 -0.04645190
v -0.15026967 -0.00664000 -0.05532622
v -0.15139046 0.00073443 -0.05471160
v -0.15369105 0.00329553 -0.05470227
v -0.15443712 0.00105527 -0.05413172
v 0.10899837 -0.02603824 -0.05382001
v 0.11000740 -0.01375896 -0.03619852
v 0.10564119 -0.03296129 -0.01836399
v 0.11893868 -0.04251311 -0.04248199
v -0.14930505 -0.02191731 -0.05322106
v -0.14680496 -0.02093485 -0.05315971
v -0.14992918 -0.01374106 -0.05414350
v -0.15322614 -0.01420896 -0.05466421
v 0.12034847 -0.04050633 -0.04605449
v 0.03540261 -0.03528126 -0.16457908
v 0.03947619 -0.02150037 -0.17267433
v 0.13816935 -0.01794463 -0.06643584
v 0.12746432 0.00431537 -0.03451573
v 0.11185311 -0.03708766 -0.03402704
v 0.11305416 -0.04389951 -0.03215711
v 0.11034790 -0.04311679 -0.02951103
v 0.12034488 -0.00628821 -0.03468952
v 0.11218418 -0.02965227 -0.05999704
v 0.11162801 -0.02710432 -0.06137521
v 0.09265020 -0.01977450 -0.03507261
v 0.11792728 -0.03618624 -0.05748546
v 0.11221012 -0.04292009 -0.04885114
v 0.08491143 -0.13257942 -0.05638967
v 0.07719444 -0.12133858 -0.08503427
v -0.12033958 -0.06484732 -0.01988938
v -0.12527736 -0.05865278 -0.02292598
v -0.12570360 -0.06384921 -0.02575831
v -0.11710564 -0.06697609 -0.02384814
v 0.07971929 -0.14397545 -0.08407703
v 0.08571613 -0.15674335 -0.05731976
v 0.10650818 -0.01944157 -0.01626610
v 0.10759288 -0.02593453 -0.02041517
v 0.10701958 -0.02741574 -0.01882116
v 0.03398343 -0.20522307 0.00499958
v 0.02899102 -0.22823498 -0.00016199
v 0.10505114 -0.03278375 -0.01458563
v 0.10488448 -0.03497159 -0.00294891
v 0.10695532 -0.01988620 0.00010041
v 0.10513653 -0.02322439 -0.01183641
v 0.08391877 0.00583702 0.05228565
v 0.08685511 0.00792763 0.04453269
v 0.08867723 -0.00263650 0.04214529
v 0.08492095 -0.00204412 0.04895730
v 0.04222396 0.09630784 0.10066929
v 0.03235577 0.09693861 0.10528497
v 0.03217147 0.11183947 0.09739847
v 0.04260432 0.11066271 0.09228963
v 0.04180552 -0.01266342 -0.17698623
v 0.04421825 -0.00149644 -0.18124324
v 0.02377945 -0.00180233 -0.19529654
v 0.02216426 -0.01244297 -0.18968070
v 0.04307838 0.14970905 0.06093836
v 0.03153732 0.15132497 0.06610908
v 0.03131444 0.16419020 0.05163231
v -0.11142512 -0.06344321 -0.02521272
v -0.11909769 -0.06288867 -0.03228980
v -0.11843110 -0.05638096 -0.03343146
v -0.11229658 -0.05747624 -0.02809153
v 0.04329908 0.16206928 0.04714460
v 0.07582450 -0.02370985 0.06989978
v 0.07968905 -0.03031774 0.06778520
v 0.07359654 -0.03090893 0.07474788
v 0.07053494 -0.02406627 0.07546511
v 0.11367311 -0.05109546 -0.02918766
v 0.11161894 -0.04959835 -0.02723036
v -0.14877829 0.01683749 -0.02435523
v -0.14945018 0.01311978 -0.02441892
v -0.14688137 0.01151689 -0.02172245
v -0.14573073 0.01508689 -0.02104425
v -0.12192248 -0.01446042 -0.05277326
v -0.11827314 -0.02436694 -0.05231540
v -0.13044757 -0.01655627 -0.05487925
v -0.13143143 -0.01258004 -0.05437161
v 0.03106830 0.17642674 0.03598846
v 0.04350820 0.17391156 0.03267037
v 0.03037957 -0.01254095 0.10393974
v -0.14622496 0.00865073 -0.03844545
v -0.14749657 0.00981733 -0.04317487
v -0.14853060 0.00813392 -0.04591663
v -0.14677450 0.00638836 -0.04250744
v -0.15273339 0.01239289 -0.05071775
v -0.15301351 0.00992942 -0.05427263
v -0.11801806 -0.04736132 -0.01677134
v -0.11610992 -0.04111680 -0.01496592
v -0.11691673 -0.03797837 -0.01655695
v -0.11789410 -0.03949720 -0.01891936
v -0.12278324 -0.01562883 -0.03831666
v -0.12608188 -0.01042794 -0.03227058
v -0.14091845 -0.04095783 -0.04854708
v -0.14098337 -0.03808326 -0.04624634
v -0.14586115 -0.03014271 -0.05018395
v -0.14570738 -0.03195226 -0.05330500
v 0.03067646 -0.01007241 0.09923725
v 0.03400214 -0.01364816 0.09614265
v 0.03366238 -0.01622380 0.09980509
v 0.02930294 0.04456436 0.11765043
v 0.03046354 0.05886849 0.11433947
v 0.03906322 0.05970728 0.11165546
v 0.03741843 0.04527079 0.11601913
v 0.03855399 -0.01627274 0.09326273
v 0.03760571 -0.01859626 0.09571633
v 0.03200615 0.12560864 0.08826446
v 0.04287652 0.12445746 0.08285975
v 0.04096721 0.20224065 -0.01626146
v -0.13483843 -0.03467877 -0.04287519
v -0.13998175 -0.02878904 -0.04740886
v -0.14188237 -0.02710471 -0.05022244
v -0.14003843 -0.03147998 -0.04748623
v 0.04185549 0.19990879 -0.00674684
v 0.02856729 0.20440665 -0.00593639
v -0.14988005 0.01143279 -0.03920983
v -0.14718387 0.01258519 -0.03031946
v -0.15016453 0.01134546 -0.02830139
v -0.15350482 0.01020085 -0.03579532
v 0.02953242 0.20686252 -0.02139406
v 0.09529738 -0.00746821 -0.10543717
v 0.10187581 -0.01208501 -0.07709392
v 0.10692896 -0.00036104 -0.07538816
v 0.10217589 0.01045234 -0.10422566
v 0.04954347 -0.18611887 -0.00444706
v 0.04480205 -0.20987344 -0.00892722
v -0.13478945 -0.00005432 -0.04861661
v -0.13176975 0.00431256 -0.04300289
v -0.13054933 0.00343060 -0.04313007
v -0.13305983 -0.00030084 -0.04841165
v -0.15162523 0.00960384 -0.04795673
v -0.15252924 0.00777491 -0.05089342
v -0.14945275 0.00612075 -0.04918641
v -0.13050663 0.00311270 -0.02174517
v -0.13416395 0.00474540 -0.02455236
v -0.13364720 0.00344579 -0.02646827
v -0.13327968 0.00198705 -0.02571357
v -0.12481153 -0.06388117 -0.03196364
v -0.11438756 -0.04069564 -0.04354330
v -0.11753669 -0.03936097 -0.04650339
v -0.12336408 -0.03141882 -0.05016711
v -0.12059699 -0.02945316 -0.05042098
v 0.07334360 0.03663692 0.07211105
v 0.07637036 0.04793572 0.06638805
v 0.08072366 0.03676528 0.05710513
v 0.07757813 0.02751106 0.06415065
v 0.02718927 0.02390834 0.12051541
v 0.03421735 0.02375804 0.11976925
v 0.03201013 0.01580743 0.11777004
v 0.02613447 0.01618402 0.11921021
v -0.11162094 -0.06163159 -0.01653984
v -0.11775276 -0.06126698 -0.01669811
v -0.11878301 -0.06312732 -0.01850321
v -0.11286527 -0.06499707 -0.01940354
v 0.08586045 -0.00908249 0.04853648
v 0.09050503 -0.01178887 0.04281104
v 0.08982863 -0.02062006 0.04900951
v 0.08448433 -0.01683182 0.05395170
v 0.07993600 -0.02216138 0.06412618
v -0.13585810 0.00803368 -0.02375920
v -0.13940492 0.00788567 -0.02676486
v -0.13609315 0.00690563 -0.02629194
v -0.13406779 0.00691156 -0.02395276
v 0.08438848 -0.02824822 0.06151750
v -0.14891286 -0.00129910 -0.05249378
v -0.14750691 0.00416661 -0.04624948
v 0.04099721 0.07770585 0.10811150
v 0.03160620 0.07761908 0.11128605
v 0.08432294 0.02227952 0.04917103
v 0.08137019 0.01651771 0.05707766
v 0.02811936 -0.00945316 0.10948222
v 0.02856880 -0.00739815 0.10308061
v 0.02696425 -0.00294590 0.10839821
v -0.14654075 -0.01269813 -0.04690890
v -0.14652260 -0.01149608 -0.05190466
v -0.14556554 -0.01764836 -0.05054604
v -0.14437515 -0.01853115 -0.04603797
v 0.02415536 -0.00418490 0.12036118
v 0.02418964 0.00026494 0.11767492
v 0.02680445 0.00072718 0.11017349
v 0.05394268 0.04620875 0.10276945
v 0.05581357 0.06007229 0.09760129
v 0.06303462 0.05933002 0.08769903
v 0.06111995 0.04590114 0.09270431
v 0.04299388 0.13713266 0.07263146
v -0.14701258 -0.00348351 -0.04380216
v -0.14756787 -0.00272015 -0.04955286
v 0.03178176 0.13847010 0.07799408
v 0.02498806 0.00857580 0.11698975
v 0.02876765 0.00890237 0.11255063
v 0.02774045 0.00599233 0.11065874
v -0.15525120 0.00543986 -0.04810375
v -0.15565810 0.00012777 -0.05197879
v -0.15408650 0.00635435 -0.04958411
v -0.12833911 0.00634624 -0.03697469
v -0.12960273 0.01006213 -0.04231754
v -0.12801732 0.00451016 -0.04831154
v -0.12892120 0.00440109 -0.04091547
v 0.02479656 0.00583577 0.11636221
v 0.04210900 -0.02046299 0.09332567
v 0.04316276 -0.01800383 0.09156959
v 0.09568851 -0.04780578 -0.03615659
v 0.09902251 -0.05029206 -0.03478047
v 0.10856993 -0.00218288 -0.00977010
v 0.10630277 -0.01270244 -0.01033187
v 0.10779658 -0.00655729 0.00179532
v 0.10701500 0.00818787 0.00201275
v 0.10935222 0.02823340 0.00101959
v 0.10969426 0.04373381 -0.00249334
v 0.11314147 0.01808628 -0.01280115
v 0.11098252 0.00897914 -0.01028498
v 0.07029442 -0.13458622 -0.10901593
v 0.06487188 -0.11447273 -0.11250289
v 0.02425558 -0.00788215 0.12561382
v 0.02408601 -0.01136885 0.12997311
v 0.02887975 0.05523596 -0.19955346
v -0.11755310 -0.03092216 -0.01629840
v -0.11995562 -0.02686770 -0.01773013
v -0.11673123 -0.02975993 -0.02098088
v -0.11545262 -0.03458748 -0.02069801
v 0.02731339 0.03177790 -0.20159851
v 0.04870714 0.03654623 -0.18455057
v 0.05010262 0.05977585 -0.18176703
v 0.08998857 -0.01843517 -0.10252056
v -0.12446551 -0.03535393 -0.04865384
v -0.11877012 -0.04136454 -0.04535158
v -0.11963725 -0.04268100 -0.04434571
v -0.12494284 -0.03857490 -0.04667402
v 0.09722541 -0.02093378 -0.07579026
v 0.02675405 -0.04353354 0.12451369
v 0.02397652 -0.03679182 0.11916924
v 0.02452301 -0.04099873 0.12001908
v 0.02406452 -0.03694415 0.11913568
v 0.02749338 -0.04753531 0.12742412
v 0.03006679 -0.04754579 0.12969096
v 0.02465987 -0.04675751 0.11725422
v 0.02365980 -0.04686347 0.11817198
v 0.02385240 -0.04069905 0.12057851
v 0.02428104 -0.03683495 0.11941314
v 0.01922094 -0.05449738 0.13975884
v 0.02012917 -0.05288416 0.14594892
v 0.02374751 -0.05036739 0.14394577
v 0.02192816 -0.05231534 0.13955334
v 0.02318520 -0.03688502 0.12076347
v 0.02223410 -0.04061910 0.12275547
v 0.02222280 -0.04466906 0.13301609
v 0.02381203 -0.03974902 0.12593096
v 0.02359113 -0.03716841 0.12155903
v 0.02401699 -0.04382435 0.13134664
v 0.02232580 -0.05230360 0.12567285
v 0.02544532 -0.04355767 0.12831089
v -0.14269200 0.00913202 -0.02948304
v -0.14341694 0.00522636 -0.03281710
v -0.14065498 0.00489274 -0.03090386
v -0.12661028 -0.03554447 -0.03041843
v -0.12774760 -0.03271322 -0.03343195
v -0.12985896 -0.03698410 -0.03620359
v -0.12890905 -0.04115488 -0.03352104
v 0.11473786 -0.03299612 -0.04316386
v 0.08220275 -0.11084675 -0.02299082
v 0.08691590 -0.08022609 -0.03005390
v 0.08567505 -0.08064219 -0.03879138
v -0.13272724 -0.05452821 -0.04040903
v -0.12794119 -0.05503785 -0.04238380
v -0.12383060 -0.05981708 -0.03702207
v -0.12887928 -0.05983501 -0.03627514
v -0.11754456 -0.03681473 -0.01980099
v -0.11678880 -0.03534846 -0.01671585
v -0.13834873 0.00079081 -0.05174522
v -0.13708720 0.00595770 -0.04466748
v 0.08361650 -0.11074629 -0.03616602
v 0.12308834 -0.00664564 -0.03676462
v 0.09401551 0.05457899 0.03039556
v 0.09497878 0.07796334 0.02243899
v 0.10410890 0.06139087 0.00868168
v -0.14582795 0.00449083 -0.03960409
v -0.14656715 0.00257005 -0.04283865
v 0.10488902 0.04172568 0.01142973
v 0.09534352 0.09868424 0.01694111
v 0.10423927 0.08315533 0.00408692
v 0.11020114 0.06461103 -0.00821552
v 0.11563502 0.03140801 -0.02774671
v 0.05989675 -0.00799866 0.08150946
v 0.06014597 -0.00822163 0.08182898
v 0.05849190 -0.00859980 0.08414304
v -0.12370630 -0.01100223 -0.02033572
v -0.12063151 -0.01015804 -0.02311421
v -0.12113231 -0.01115788 -0.02315009
v -0.12498868 -0.01284228 -0.02026698
v 0.05856505 -0.00842847 0.08365828
v 0.05929116 -0.00743185 0.08051031
v 0.05783696 -0.00798781 0.08253158
v -0.12361403 -0.01186533 -0.01818167
v -0.12449377 -0.01389804 -0.01837660
v -0.12309632 -0.01416009 -0.01721711
v -0.12246136 -0.01314307 -0.01676850
v 0.06033370 -0.00700870 0.07880309
v 0.06101081 -0.00759403 0.07956997
v 0.06134756 -0.00787327 0.07988235
v 0.04265285 -0.00616642 0.08853364
v 0.04362996 -0.00586877 0.08785219
v 0.04621018 -0.00690860 0.08768820
v 0.04525188 -0.00712064 0.08928744
v 0.04249864 -0.00653716 0.08931990
v 0.04543911 -0.00759098 0.09009640
v -0.11925472 -0.00982583 -0.02393611
v -0.12000415 -0.01020019 -0.02355576
v -0.12040404 -0.00957827 -0.02345693
v -0.12852129 -0.00448737 -0.04137591
v -0.12846076 -0.01255045 -0.04666832
v -0.12637129 -0.01419550 -0.04723626
v -0.12891115 -0.00749774 -0.04131242
v 0.04625468 -0.00362037 0.07919116
v 0.04562314 -0.00329611 0.07901466
v -0.14783934 -0.00976479 -0.05431036
v 0.04722825 -0.00402065 0.07926625
v 0.04113694 -0.00431201 0.08482711
v 0.04133242 -0.00345205 0.08489238
v -0.14107093 0.01071762 -0.01640615
v -0.13952689 0.01331688 -0.01522469
v -0.14457719 0.01677521 -0.01998159
v 0.04542881 -0.00255585 0.07901154
v 0.04522481 -0.00310918 0.07888211
v 0.04165506 -0.00445374 0.08519331
v -0.11649019 -0.02903664 -0.03776224
v -0.12331010 -0.02950935 -0.03308231
v -0.12168226 -0.02992751 -0.03026910
v -0.11737275 -0.02972762 -0.03452184
v -0.11907993 -0.02253242 -0.02427525
v -0.11426716 -0.02737288 -0.02508537
v -0.12108062 -0.02557595 -0.02132634
v -0.12399888 -0.00560440 -0.01627201
v -0.12280510 -0.00890757 -0.02131219
v -0.12288792 -0.01026608 -0.01959538
v -0.12285420 -0.01019829 -0.01755531
v -0.14923263 -0.02253988 -0.05606680
v -0.15231812 -0.01401760 -0.05803293
v -0.14926615 -0.01375469 -0.06124973
v -0.14628837 -0.02291149 -0.05936283
v 0.03990158 -0.00480876 0.08570807
v 0.03872357 -0.00458306 0.08518724
v -0.11426406 -0.05471251 -0.01423926
v -0.10553022 -0.05725934 -0.01938760
v -0.11265844 -0.04861877 -0.01369299
v -0.15562759 0.01603086 -0.03837032
v -0.15172529 0.01756347 -0.03822206
v -0.15233408 0.01617602 -0.04280405
v -0.15707469 0.01472203 -0.04257957
v -0.12453555 -0.00327125 -0.02782499
v -0.12361720 -0.00512501 -0.02830479
v -0.12451075 -0.00436052 -0.02572546
v -0.12441893 -0.00238529 -0.02499801
v 0.03887575 -0.00330354 0.08566777
v 0.05071849 -0.00901362 0.08956173
v 0.05097129 -0.00979872 0.08925516
v 0.04617615 -0.00911754 0.08996347
v 0.04579261 -0.00825082 0.09020069
v 0.05040955 -0.00848147 0.08955619
v 0.05366182 -0.00855476 0.08781873
v 0.05379135 -0.00908518 0.08777822
v 0.05394088 -0.00984319 0.08736874
v -0.08119343 -0.04214821 -0.11722331
v -0.09501890 -0.04800482 -0.08181144
v -0.10511185 -0.02301050 -0.09243739
v -0.09251660 -0.01914931 -0.12230298
v -0.13454953 -0.04940446 -0.03815250
v -0.13283360 -0.05408290 -0.03445059
v -0.12832648 0.00120207 -0.01214042
v -0.12692338 0.00266328 -0.01010670
v -0.12860115 0.00843585 -0.01049137
v -0.13035157 0.00553667 -0.01165432
v 0.04293706 -0.00792552 0.09006277
v 0.04281789 -0.00704480 0.08989240
v 0.05394578 -0.01051483 0.08693656
v 0.05125997 -0.01048153 0.08874789
v -0.15419231 0.00289239 -0.06012961
v -0.15875164 0.00212122 -0.05763732
v 0.04638242 -0.00976852 0.08959543
v 0.04283220 -0.00833701 0.09004550
v 0.04008537 -0.00678602 0.08941773
v 0.04123766 -0.00671433 0.08961558
v 0.05124655 -0.01111233 0.08759025
v 0.05103101 -0.01174941 0.08724698
v 0.04622345 -0.01105123 0.08868702
v 0.04635277 -0.01043462 0.08884703
v -0.13474232 0.00776809 -0.02139081
v -0.13849302 0.01121899 -0.02485033
v -0.13585949 0.00888684 -0.02391965
v -0.13372913 0.00711949 -0.02192435
v -0.13380174 -0.00067810 -0.01943096
v -0.13503627 0.00053899 -0.01896804
v -0.13148031 0.00128001 -0.01920912
v -0.12962314 0.00001333 -0.01997498
v 0.05387513 -0.01113019 0.08563034
v 0.05375361 -0.01183459 0.08501755
v -0.12599547 0.00729754 -0.00760327
v -0.12796286 0.01279898 -0.01009494
v 0.06265946 -0.00768448 0.07669894
v 0.06334780 -0.00709682 0.07523827
v 0.06322910 -0.00773811 0.07517272
v -0.11002869 -0.04113081 -0.04251596
v 0.06272056 -0.00817680 0.07588706
v 0.06619336 -0.01014830 0.06933825
v 0.06782444 -0.00886592 0.06839091
v 0.07041417 -0.00955529 0.06544596
v -0.13217981 0.00059739 -0.01509725
v -0.13374732 0.00327701 -0.01447418
v -0.13611978 0.00228251 -0.01812890
v -0.11396585 -0.03992581 -0.01238453
v -0.11585042 -0.03654972 -0.01459171
v -0.13303849 0.00671731 -0.02177269
v -0.13174027 0.00554679 -0.02194948
v -0.12879592 0.00121568 -0.02072892
v -0.13048503 0.00070023 -0.02453735
v 0.06856368 -0.01108687 0.06736559
v -0.13859838 -0.00371347 -0.03770854
v -0.13959156 -0.01265120 -0.04235845
v 0.08279986 -0.02002083 0.05839339
v 0.07246614 -0.01409344 0.06552717
v 0.07457192 -0.01237013 0.06213721
v 0.06200837 -0.00794107 0.07811595
v 0.06125500 -0.00829878 0.07975099
v 0.06206830 -0.00756916 0.07822207
v 0.06267738 -0.00714190 0.07661725
v 0.06205476 -0.00859104 0.07726365
v 0.06121496 -0.00892420 0.07907813
v 0.06011482 -0.00857756 0.08166215
v 0.05998616 -0.00923765 0.08113095
v 0.05830847 -0.00961829 0.08346117
v 0.05837202 -0.00892026 0.08399130
v 0.05635899 -0.00905983 0.08597484
v -0.11032645 -0.02579965 -0.06592639
v -0.10104279 -0.05224077 -0.04438680
v 0.05664846 -0.00862871 0.08590460
v 0.05640797 -0.00981325 0.08542505
v 0.05828881 -0.01019763 0.08269057
v 0.05635022 -0.01043130 0.08485422
v 0.05992507 -0.00983931 0.08012646
v 0.06124040 -0.00946034 0.07803588
v 0.06216974 -0.00902011 0.07618839
v 0.06305900 -0.00859413 0.07482846
v 0.06374995 -0.00796893 0.07401770
v 0.06253877 -0.00943884 0.07483579
v 0.06338103 -0.01005053 0.07315277
v 0.06173950 -0.01057180 0.07538736
v 0.06137712 -0.00992396 0.07679878
v 0.06377463 -0.00891791 0.07341331
v 0.06483091 -0.00945446 0.07141501
v -0.12923694 0.00168199 -0.01957920
v -0.12958926 0.00223636 -0.01959711
v -0.12859342 0.00138209 -0.01940091
v -0.12762210 0.00061936 -0.02049960
v 0.06007179 -0.01028471 0.07891553
v 0.06014546 -0.01093185 0.07785308
v 0.05820493 -0.01136860 0.08045793
v 0.05822507 -0.01070034 0.08150721
v -0.13061006 -0.05833875 -0.03082834
v -0.13777655 0.00161700 -0.03224497
v -0.13310181 -0.00095523 -0.02972980
v -0.13566492 0.00107750 -0.02909476
v 0.05627479 -0.01096939 0.08359714
v 0.05635583 -0.01174369 0.08265273
v -0.15387198 -0.00814150 -0.05341421
v -0.15795556 -0.00014093 -0.05109439
v -0.16060460 0.00039856 -0.05346858
v -0.15638927 -0.00797581 -0.05542358
v 0.05014779 -0.00820193 0.08892088
v 0.04967592 -0.00753597 0.08715860
v 0.05278153 -0.00794368 0.08607335
v 0.05381043 -0.00844468 0.08712727
v 0.05673207 -0.00854671 0.08538008
v -0.10804565 -0.06153608 -0.02269153
v -0.12326683 -0.00555672 -0.03072391
v -0.12545423 -0.00695288 -0.03002473
v 0.05559447 -0.00794741 0.08435637
v 0.05287475 -0.00749335 0.08360736
v 0.05136000 -0.00486441 0.07806885
v 0.05267406 -0.00492991 0.07736062
v 0.05507831 -0.00751299 0.08205532
v -0.12767336 -0.00084225 -0.02567331
v -0.12637441 -0.00027223 -0.02114908
v 0.05007125 -0.00701065 0.08463098
v 0.04995301 -0.00460945 0.07835501
v 0.04701811 -0.00627994 0.08542036
v -0.11641806 -0.03157581 -0.01347198
v 0.04854611 -0.00438610 0.07901397
v 0.04459717 -0.00555329 0.08611802
v 0.05229192 0.00167396 0.09464079
v 0.05259397 0.00226798 0.09505905
v 0.05757287 0.00147829 0.09280205
v 0.05669913 0.00098720 0.09248476
v 0.06095745 -0.00086705 -0.15992282
v 0.06309503 0.01594160 -0.16495319
v 0.04694192 0.01284428 -0.18482962
v 0.05922861 -0.00194760 0.08923522
v 0.05932385 -0.00052498 0.08925074
v 0.06178887 -0.00126790 0.08523022
v 0.06162634 -0.00254076 0.08521757
v 0.05904171 -0.00325762 0.08883248
v -0.14921136 0.01245805 -0.04212278
v -0.15073764 0.01122690 -0.04487399
v -0.14699709 0.01109772 -0.04062435
v -0.14663753 0.01181731 -0.03768703
v -0.14552352 0.01381470 -0.03400687
v -0.14440301 0.01427185 -0.03310084
v -0.14799388 0.01363362 -0.03884522
v -0.13218910 0.00005060 -0.02660835
v -0.13413504 0.00135021 -0.02742076
v 0.06126218 -0.00382261 0.08473030
v 0.05647992 -0.00263365 0.09275366
v -0.12665531 -0.03808838 -0.02788823
v -0.12765360 -0.04786420 -0.02932066
v -0.14304641 -0.02363320 -0.04812821
v -0.14152569 -0.02358956 -0.04346430
v -0.14460401 -0.00650412 -0.06051731
v -0.14545491 0.00203737 -0.05734944
v -0.14201045 0.00128139 -0.05408340
v -0.14215846 -0.00672031 -0.05819457
v 0.05669473 -0.00117536 0.09315624
v 0.05678084 0.00020534 0.09275597
v 0.05946315 -0.00281481 0.07668551
v 0.05872773 -0.00263741 0.07816154
v -0.13183373 -0.00586921 -0.05229073
v -0.12562889 -0.00533763 -0.05150058
v -0.12196446 -0.01224090 -0.01573905
v -0.12094202 -0.00837863 -0.01203941
v -0.12539281 -0.00177179 -0.02469073
v -0.12572026 -0.00045728 -0.02188861
v -0.13205490 -0.03035017 -0.05240751
v -0.12366338 -0.04461474 -0.04145242
v -0.13201518 -0.03442955 -0.04991140
v -0.11578117 -0.04608285 -0.03801255
v -0.11501767 -0.04845209 -0.03433605
v -0.11982217 -0.04821253 -0.03711442
v 0.05974456 -0.00341837 0.08070874
v 0.06085840 -0.00359130 0.07816395
v 0.05996446 -0.00309264 0.07537353
v 0.06140140 -0.00359114 0.07629551
v 0.05558827 -0.00255323 0.07359421
v 0.05527389 -0.00243638 0.07430118
v 0.05474997 -0.00234980 0.07525903
v -0.13487592 -0.03170402 -0.04058204
v -0.13900560 -0.02863406 -0.04436693
v 0.05578558 -0.00276919 0.07314114
v -0.12050948 -0.01017929 -0.02501862
v -0.11815888 -0.01158725 -0.02844015
v -0.11679770 -0.01033689 -0.02479831
v -0.14412747 -0.00379950 -0.04023096
v -0.14469522 -0.01279926 -0.04378545
v -0.13433009 0.00281538 -0.01930051
v 0.05594052 -0.00306564 0.07291119
v -0.12843893 -0.00623563 -0.02176665
v -0.12988181 -0.00337082 -0.01790460
v -0.14031863 0.00596188 -0.01814692
v -0.13781632 0.00454963 -0.01944067
v -0.13613668 0.00361686 -0.01937233
v -0.13770503 0.00402501 -0.01775221
v -0.10694240 -0.02173813 -0.03027095
v -0.11098820 -0.02497346 -0.02767558
v -0.11445670 -0.02059291 -0.02572114
v 0.05611618 -0.00343620 0.07287662
v 0.05578664 -0.00367213 0.07302013
v 0.08790265 -0.03607158 0.05364008
v 0.08766250 -0.02520511 0.05505973
v -0.14338449 0.01299466 -0.02945193
v -0.14437602 0.01146013 -0.03169241
v -0.13971332 0.00709766 -0.04721999
v 0.09162243 -0.03272149 0.04675262
v 0.06171841 -0.00718252 0.07783523
v -0.13531968 0.00522412 -0.02580528
v -0.13467315 0.00418000 -0.02798749
v 0.06234728 -0.00669673 0.07629612
v -0.13342881 0.01701329 -0.02927068
v -0.13402426 0.01395436 -0.02483668
v -0.13330945 0.01411917 -0.02299136
v -0.13271150 0.01865068 -0.02161504
v 0.06097697 -0.00668538 0.07728556
v -0.11317132 -0.05424927 -0.02957303
v -0.11836377 -0.05294240 -0.03405762
v -0.11799411 -0.05057710 -0.03455261
v -0.11425796 -0.05119834 -0.03136346
v -0.12043808 -0.03025863 -0.02927545
v -0.11728425 -0.03027980 -0.03273951
v 0.06150474 -0.00619073 0.07594897
v -0.14479706 -0.02074125 -0.05287383
v -0.14366964 -0.02239092 -0.05128684
v -0.14617451 -0.01573498 -0.05343149
v -0.14699185 -0.01354242 -0.05463498
v 0.06298964 -0.00612880 0.07491457
v 0.06350955 -0.00645131 0.07490736
v 0.05837198 -0.00690051 0.07907623
v 0.05455574 -0.00471085 0.07570863
v 0.05519411 -0.00454833 0.07488090
v -0.12614590 -0.00192933 -0.03306799
v -0.12539084 -0.00310280 -0.03148348
v -0.13158573 0.00978818 -0.02990485
v -0.13599457 0.01215209 -0.03140289
v -0.13572031 0.01359984 -0.02544512
v -0.13241006 0.01180857 -0.02589552
v -0.14326617 0.00838063 -0.05032809
v 0.05929116 -0.00648743 0.07773937
v 0.05693551 -0.00738013 0.08069786
v 0.05372103 -0.00485712 0.07654112
v 0.05508821 -0.00410895 0.07397664
v 0.05548859 -0.00394842 0.07342491
v -0.13475890 0.00259250 -0.02839353
v -0.13552015 0.00295246 -0.02966797
v 0.05938565 -0.00596388 0.07636946
v -0.13434213 0.00289658 -0.02739301
v 0.06001544 -0.00548385 0.07517718
v 0.06189312 -0.00556377 0.07503742
v -0.12808669 -0.00080832 -0.02074613
v -0.13226689 -0.00163515 -0.02098748
v -0.13972118 0.00654891 -0.02028523
v -0.14481656 0.01039762 -0.02286832
v -0.14315349 0.01117599 -0.02501910
v -0.13882460 0.00733154 -0.02048917
v 0.06087734 -0.00458589 0.07414490
v 0.06070197 -0.00407629 0.07427632
v 0.06234265 -0.00517606 0.07474618
v -0.13120899 0.00406073 -0.01977023
v 0.06238153 -0.00463191 0.07482888
v 0.06049801 -0.00494531 0.07436250
v -0.01486709 -0.03521383 -0.17356257
v -0.01838185 -0.01906848 -0.18298575
v 0.06043681 -0.00357825 0.07466848
v 0.06209183 -0.00420377 0.07542185
v 0.06373426 -0.00701240 0.07448220
v 0.06396512 -0.00608334 0.07425238
v 0.06460416 -0.00541973 0.07339969
v 0.06424548 -0.00711017 0.07351673
v -0.13690427 0.01288341 -0.01467218
v -0.13718401 0.01489908 -0.01904635
v -0.13945872 0.01594564 -0.01959500
v -0.13814221 0.01371364 -0.01521548
v -0.14615321 0.01069581 -0.03746953
v 0.06513417 -0.00702896 0.07214834
v 0.06459600 -0.00816822 0.07247290
v 0.06573028 -0.00479725 0.07287204
v 0.06750506 -0.00408707 0.07117409
v -0.15279363 0.00861955 -0.04699522
v -0.12722665 -0.00918879 -0.02869730
v -0.12178838 -0.01234921 -0.03100529
v 0.06679615 -0.00695009 0.07029353
v 0.06580117 -0.00837134 0.07056071
v 0.06361920 -0.00556533 0.07442263
v -0.10280640 -0.01375256 -0.02978238
v -0.10354026 -0.01236878 -0.02912249
v -0.10483538 -0.01251228 -0.03082299
v -0.10462411 -0.01350439 -0.03173853
v 0.06363826 -0.00516119 0.07417525
v 0.06513846 -0.00402374 0.07542971
v -0.11063404 -0.02041030 -0.03417142
v -0.11484900 -0.02189511 -0.03310064
v -0.11282656 -0.02454522 -0.03103760
v -0.10940859 -0.02249963 -0.03340538
v 0.06598826 -0.00310747 0.07498114
v 0.06426782 -0.00466110 0.07543790
v 0.06370507 -0.00427481 0.07782015
v 0.06445819 -0.00353611 0.07820310
v -0.10168095 -0.01707523 -0.03111902
v -0.10225980 -0.01524208 -0.03036627
v -0.10379156 -0.01547634 -0.03282097
v -0.10300766 -0.01739488 -0.03407068
v 0.06493491 -0.00256948 0.07784159
v 0.06335499 -0.00318829 0.08154986
v -0.14197731 0.01314983 -0.02667132
v -0.14513576 0.01347131 -0.02997102
v 0.06366615 -0.00199576 0.08135650
v 0.06274214 -0.00413838 0.08083448
v 0.06334594 -0.00469635 0.07539462
v -0.15678734 0.00702077 -0.04478969
v -0.15739259 0.00514216 -0.04732769
v -0.15124431 0.01172502 -0.04093876
v -0.15231788 0.01021906 -0.04380335
v 0.06279995 -0.00431559 0.07714458
v 0.06195897 -0.00420266 0.07971688
v 0.06064259 -0.00413844 0.08309990
v -0.12071881 -0.02280891 -0.01671130
v -0.12274081 -0.02205024 -0.01896791
v -0.12197413 -0.02450002 -0.01943060
v -0.15922943 0.00952274 -0.04328837
v -0.15797137 0.01274147 -0.04589081
v -0.11861895 -0.05378190 -0.01653978
v -0.11670926 -0.05726133 -0.01521627
v -0.06211884 -0.19928053 -0.01312442
v -0.08104832 -0.18374355 -0.02802663
v -0.07930399 -0.20432571 -0.03005611
v -0.06008650 -0.21914071 -0.01510834
v -0.13865617 0.00865499 -0.01508899
v -0.13595411 0.01119261 -0.01410171
v 0.05868840 -0.00373064 0.08708429
v 0.05783064 -0.00311574 0.08401300
v 0.05613694 -0.00314642 0.09076954
v -0.10171926 -0.01978055 -0.03235943
v -0.10172547 -0.01993860 -0.03234227
v -0.10668189 -0.02253583 -0.03229426
v -0.11104520 -0.01504043 -0.02667048
v -0.10408611 -0.01430777 -0.02874187
v 0.05539084 -0.00288628 0.08681466
v 0.05316456 0.00342588 0.09689108
v 0.05847299 0.00292287 0.09365966
v 0.05483704 -0.00201667 0.08317683
v 0.05258121 -0.00217546 0.07781701
v 0.05115439 -0.00203275 0.07848050
v 0.05217095 -0.00213765 0.08506254
v -0.11199816 -0.01824219 -0.03375436
v 0.04211835 -0.00271852 0.08583088
v 0.04321762 -0.00222040 0.08702061
v -0.11156714 -0.01173486 -0.02995461
v -0.11119914 -0.01078145 -0.02754493
v -0.11226982 -0.03014953 -0.02714324
v -0.11432430 -0.03121364 -0.03031630
v -0.11730517 -0.03302859 -0.02536613
v -0.10355496 -0.02012284 -0.03464245
v -0.12777266 -0.00091354 -0.02947485
v 0.04650068 -0.00227019 0.07989377
v 0.04588981 -0.00235126 0.07944077
v 0.04043303 -0.00280386 0.08740651
v 0.04192667 -0.00218682 0.08907956
v -0.11744744 -0.01779042 -0.03326904
v -0.11972475 -0.02052468 -0.03720461
v -0.11803970 -0.02347730 -0.03621885
v -0.11603656 -0.02034783 -0.03360007
v -0.13128647 -0.03721424 -0.03882299
v -0.13148843 -0.03410827 -0.03824297
v -0.11619397 -0.02688757 -0.04162349
v -0.12292939 -0.02824599 -0.03816456
v -0.12782750 -0.00627009 -0.02799096
v -0.13063049 -0.00388859 -0.02325656
v -0.12199274 -0.00991979 -0.02584797
v -0.11781900 -0.01495869 -0.03125318
v -0.12110983 -0.01760728 -0.03566330
v -0.11138255 -0.01353350 -0.02667058
v -0.11754860 -0.01329719 -0.02414224
v -0.11715324 -0.01191702 -0.02438289
v -0.11142661 -0.01226553 -0.02686965
v -0.13795158 0.00469489 -0.02987013
v -0.13268983 0.00895610 -0.01225633
v -0.13579714 0.00612675 -0.01444013
v -0.13655296 0.02402976 -0.04741500
v -0.13272397 0.01661338 -0.05962776
v -0.13263811 0.01462600 -0.03678573
v -0.11363739 -0.01590793 -0.03311092
v -0.10412068 -0.01174698 -0.02915620
v -0.10538700 -0.01251099 -0.02892381
v -0.14369845 -0.02833010 -0.05036009
v -0.11853456 -0.03454035 -0.02472427
v -0.12608285 -0.00251407 -0.02207435
v -0.14313444 -0.01328445 -0.06034480
v -0.14067864 -0.02190649 -0.05888146
v -0.12559995 -0.00125381 -0.02196213
v -0.12599485 -0.00028124 -0.02168742
v -0.11604987 -0.03099641 -0.03193424
v -0.11936960 -0.03157986 -0.02749348
v -0.12652649 -0.00006417 -0.02120303
v -0.12312804 -0.02232713 -0.02111973
v -0.14587173 0.00569660 -0.03718014
v 0.04676908 -0.00215764 0.08733696
v 0.04842766 -0.00221860 0.08007948
v -0.12544230 -0.05020494 -0.04248185
v -0.12174064 -0.05371884 -0.03769668
v 0.04729518 -0.00224404 0.08012582
v -0.10502432 -0.01309312 -0.02827477
v 0.04500029 -0.00216818 0.08720636
v -0.11043061 -0.02433403 -0.02990574
v -0.11205256 -0.01378439 -0.03091927
v 0.04609152 -0.00211809 0.09097794
v 0.04371786 -0.00198880 0.09017662
v 0.05233762 -0.00252637 0.08920601
v -0.12154044 -0.01633961 -0.02304519
v -0.12054295 -0.01948346 -0.02327602
v -0.12368672 -0.01901468 -0.02021285
v 0.03319594 0.12175209 -0.17931108
v 0.03132348 0.09269953 -0.19206139
v -0.12532227 -0.02672277 -0.04068840
v -0.11850415 -0.02305385 -0.04422717
v -0.12163867 -0.02122364 -0.04714869
v -0.12941159 -0.02445250 -0.04205303
v -0.13750803 -0.03078738 -0.05639680
v -0.13359545 -0.03945967 -0.05194611
v -0.13723446 -0.04246564 -0.05237080
v -0.14261900 -0.03292575 -0.05659465
v 0.05196800 0.09484094 -0.17465247
v 0.05302594 0.12009276 -0.16411069
v -0.13931693 0.04367662 -0.05760399
v -0.13702914 0.02816726 -0.03354933
v -0.13966544 0.05028951 -0.03529001
v -0.14222082 0.01484603 -0.03917406
v -0.14196420 0.01299216 -0.04276538
v -0.15256527 0.01450840 -0.04688824
v -0.13157374 0.01607258 -0.01528194
v -0.13279678 0.01408631 -0.02106147
v -0.13653535 0.01400078 -0.01880071
v -0.15145773 -0.00663680 -0.06207324
v 0.05702405 -0.00230064 0.08092828
v 0.05381069 -0.00225862 0.07658336
v 0.06343409 0.12048835 -0.14927790
v 0.06340714 0.13598581 -0.14038709
v 0.05459806 0.14090323 -0.14985693
v 0.04149207 -0.08726721 -0.14168602
v 0.02955780 -0.10628605 -0.15824363
v -0.12633766 -0.00229745 -0.01360246
v -0.13054356 -0.00163483 -0.01616528
v 0.03828951 -0.00312102 0.08967797
v -0.13050479 -0.02807283 -0.05360249
v 0.04032580 -0.00253286 0.09087913
v -0.13167964 -0.02855457 -0.03788918
v -0.13652989 -0.02665941 -0.04030129
v -0.15238105 0.01376266 -0.02805526
v -0.14729364 0.01117683 -0.02537916
v 0.03686515 -0.00368293 0.08862020
v 0.03589629 -0.00364165 0.08872363
v 0.03744450 -0.00289719 0.08990657
v 0.03922316 -0.00215524 0.09119735
v 0.04267155 -0.00216747 0.09207418
v 0.04190667 -0.00178724 0.09310426
v 0.04547772 -0.00171340 0.09513579
v 0.04544361 -0.00222631 0.09348617
v 0.05273715 -0.00267720 0.09329566
v 0.05292905 -0.00205930 0.09515515
v 0.04498251 -0.00048241 0.09505518
v 0.04134096 -0.00076699 0.09254602
v 0.04432409 0.00106924 0.09475329
v 0.04126460 0.00066356 0.09240736
v 0.05290532 0.00077431 0.09491915
v 0.05324981 -0.00062606 0.09544525
v 0.03982394 -0.00580525 0.08890436
v 0.03747374 -0.00535622 0.08870050
v 0.04049079 -0.00548811 0.08845624
v 0.03813471 -0.00504413 0.08810394
v 0.04160026 -0.00511294 0.08711351
v 0.03705341 -0.00454856 0.08786979
v 0.03607545 -0.00466743 0.08842625
v -0.00395664 -0.23088703 0.01235568
v -0.00448416 -0.24345958 0.00742750
v 0.04272992 -0.00486044 0.08589931
v 0.03648560 -0.00258411 0.08908819
v 0.03497323 -0.00355945 0.08851989
v 0.03538727 -0.00118146 0.08784536
v 0.03427056 -0.00307789 0.08803318
v 0.03828098 0.00053258 0.08970061
v 0.03838370 -0.00134355 0.09003958
v 0.03507119 -0.00468712 0.08825733
v 0.03585245 -0.00531816 0.08858269
v 0.03445901 -0.00439810 0.08799112
v 0.03521219 -0.00515514 0.08826995
v 0.04252500 -0.00896279 0.08990739
v 0.04228735 -0.00935833 0.08948207
v 0.03921165 -0.00724948 0.08944752
v 0.03856626 -0.00732135 0.08906452
v 0.05070322 -0.01237251 0.08662444
v 0.05347883 -0.01255861 0.08468217
v 0.05035678 -0.01339564 0.08668354
v 0.00917344 -0.03969805 0.12467813
v 0.00780863 -0.03959081 0.12234248
v 0.00971732 -0.03708271 0.12082729
v 0.01016879 -0.03724589 0.12193172
v 0.05327463 -0.01364313 0.08445854
v 0.04531988 -0.01263446 0.08874099
v 0.04586722 -0.01176305 0.08853339
v 0.04327057 -0.22522549 -0.01152800
v 0.06448574 -0.01094117 0.07164794
v 0.06619915 -0.01217564 0.07033151
v 0.06383110 -0.01292569 0.07320124
v 0.06249931 -0.01141661 0.07406448
v 0.06037898 -0.01184151 0.07662454
v 0.00811956 -0.05290505 0.12073358
v 0.00893702 -0.05051928 0.11999050
v 0.00728469 -0.05025507 0.11828990
v 0.00589403 -0.05224208 0.11946378
v 0.06106389 -0.01334545 0.07616237
v 0.05832956 -0.01357136 0.07914583
v 0.05804520 -0.01225968 0.07947683
v 0.05617804 -0.01247772 0.08192723
v 0.05600383 -0.01377918 0.08181678
v 0.06924467 -0.00719938 0.06751255
v 0.07034626 -0.00381758 0.06720670
v 0.07165806 -0.00772148 0.06428747
v 0.07360024 -0.00413768 0.06324007
v 0.03349075 0.00036382 0.08788699
v 0.01123005 -0.03705079 0.12126362
v 0.01248144 -0.04031980 0.12538056
v 0.01132616 -0.04028423 0.12672968
v 0.01082679 -0.03717122 0.12176728
v 0.03302779 -0.00232340 0.08716346
v 0.03197161 0.00153574 0.08986776
v 0.03163182 -0.00135414 0.08860417
v 0.03368030 0.00409926 0.09226940
v 0.03549030 0.00276855 0.08995539
v 0.03365330 -0.00408254 0.08791673
v 0.03452395 -0.00520919 0.08784835
v 0.03257774 -0.00406661 0.08839428
v 0.03371692 -0.00564436 0.08850336
v 0.04171192 -0.00995906 0.08924969
v 0.04115672 -0.01086093 0.08933632
v 0.03795262 -0.00777102 0.08910635
v 0.03706666 -0.00853902 0.08923876
v 0.05835149 -0.01267170 -0.15495771
v 0.06434321 0.04173906 -0.16376859
v 0.06615490 0.00717739 0.08900840
v 0.06335022 0.00434726 0.08962538
v 0.05988974 0.00548531 0.09450370
v 0.06171627 0.00872001 0.09563714
v 0.06970178 0.01171451 0.08625156
v 0.07285331 0.00803356 0.07949267
v 0.06956731 0.00495212 0.08258413
v 0.06647213 0.00280213 0.08434800
v 0.07141849 -0.00143415 0.06918043
v 0.06894867 -0.00157609 0.07215348
v 0.06900308 -0.00013390 0.07499199
v 0.07141314 0.00044870 0.07253565
v 0.07462806 -0.00143915 0.06515749
v 0.07504980 0.00116428 0.06909940
v 0.07069050 0.00239146 0.07715970
v 0.06798279 0.00124046 0.07921332
v 0.07446996 0.00397848 0.07420737
v 0.04235881 0.00709774 0.09788647
v 0.04281834 0.00532892 0.09593856
v 0.03969643 0.00373719 0.09295990
v 0.03831362 0.00497748 0.09379260
v 0.04099514 0.00843771 0.09951629
v 0.03630951 0.00623175 0.09512557
v 0.05546175 0.00926768 0.10106763
v 0.05444761 0.00652091 0.09866562
v 0.04412951 0.00224823 0.09456454
v 0.04214657 0.00159173 0.09343465
v 0.04347243 0.00276567 0.09409085
v 0.04119150 0.00187336 0.09264364
v 0.07498454 0.15145260 -0.10271075
v 0.07886928 0.15889320 -0.07739518
v 0.06135605 0.18090239 -0.08447319
v 0.05924584 0.17076400 -0.11036013
v 0.05929507 0.00008696 0.08976086
v 0.06016805 0.00064269 0.08927962
v 0.06267890 -0.00001872 0.08505441
v 0.06185235 -0.00054346 0.08584793
v 0.06400608 -0.00114341 0.08155701
v 0.06482745 -0.00055740 0.08100459
v 0.06612448 -0.00124691 0.07742809
v 0.06542519 -0.00165091 0.07803053
v 0.06616713 -0.00214349 0.07552890
v 0.06684606 -0.00204092 0.07450130
v 0.04136326 0.00296139 0.09337907
v 0.04342386 0.00357216 0.09500184
v 0.06417168 0.09827432 -0.15628052
v 0.06545719 0.07455263 0.08132820
v 0.07225333 0.07032942 0.06862467
v 0.06968904 0.05674083 0.07659459
v 0.06120287 0.00200029 0.08976649
v 0.06401199 0.00104881 0.08506414
v 0.06603734 0.00020825 0.08047487
v 0.06731298 -0.00070079 0.07669530
v 0.06779838 -0.00140350 0.07431970
v 0.10670591 -0.03027369 -0.01948022
v 0.10696774 -0.02997243 -0.02145131
v 0.11657724 -0.01597106 -0.05881077
v 0.11216955 -0.00967789 -0.05460826
v 0.10998509 -0.00640864 -0.05089974
v 0.12086745 -0.00187443 -0.02664451
v 0.12424654 0.00210588 -0.02988613
v 0.12594566 -0.03550228 -0.05346718
v 0.11984539 -0.03797702 -0.04755782
v -0.15327191 0.01693050 -0.02824566
v 0.12541467 -0.03448674 -0.05402229
v 0.13612159 -0.00091117 -0.04603866
v 0.13685957 -0.00238892 -0.04898340
v 0.13869557 -0.00290578 -0.04859867
v 0.04864549 -0.03676416 -0.14510942
v 0.05480472 -0.02201588 -0.15161431
v 0.13723719 -0.00390225 -0.05199451
v 0.10961088 -0.02494369 -0.02324857
v 0.11890946 -0.01638803 -0.05934854
v 0.12206404 -0.01658454 -0.06271286
v 0.12402582 -0.02156956 -0.06505020
v 0.12243311 -0.02119823 -0.06369186
v 0.12295976 -0.02690587 -0.06368043
v 0.12147079 -0.02619164 -0.06255567
v 0.12807730 -0.03135715 -0.05751114
v 0.12807527 -0.02631209 -0.06081951
v 0.12610176 0.00288090 -0.03185960
v 0.12600398 0.00180612 -0.03097312
v 0.12759706 0.00293335 -0.03253347
v 0.11110406 -0.02583529 -0.02541254
v 0.11765863 -0.00394840 -0.02721414
v 0.11739880 -0.00591835 -0.02532810
v 0.11679655 -0.00537785 -0.02585345
v 0.10660504 -0.02027542 -0.02951985
v 0.10614667 -0.01943593 -0.02948126
v 0.10897506 -0.02177087 -0.02941729
v 0.11242247 -0.02353293 -0.02684336
v 0.10169863 -0.03036037 -0.03217848
v 0.10088162 -0.03076748 -0.03466608
v 0.09999344 -0.03149949 -0.03384265
v 0.13067856 0.01135932 -0.03551323
v 0.11768018 -0.00690535 -0.02504618
v 0.11988769 -0.00600345 -0.02531049
v 0.12096021 -0.00495378 -0.02548569
v 0.12899920 0.00204723 -0.03297427
v 0.12190165 -0.00410702 -0.02557803
v 0.11988619 -0.00391293 -0.02579743
v 0.12231682 -0.00226911 -0.02655757
v 0.11861617 -0.00368705 -0.02626825
v 0.10961123 -0.02534923 -0.05367408
v 0.10783705 -0.02580038 -0.05029470
v 0.10866053 -0.01011750 -0.01537992
v 0.10984769 -0.01204132 -0.01785374
v 0.11803398 -0.03925985 -0.04415085
v 0.11160669 -0.00201056 -0.03911038
v 0.11357346 0.00148050 -0.04117658
v 0.13128816 -0.02216102 -0.06170896
v 0.11836486 -0.03004114 -0.04733850
v 0.11436282 -0.03115432 -0.04560101
v 0.12265494 -0.02839637 -0.04917462
v 0.12654611 -0.02562981 -0.05084766
v 0.11099910 -0.01174783 -0.03281019
v 0.12818432 -0.00686706 -0.04092726
v 0.12888315 -0.00869861 -0.04374246
v 0.12552446 -0.00682394 -0.03870868
v 0.11574763 0.00516610 -0.03745417
v 0.11631855 0.00437407 -0.03374650
v 0.11062071 0.00093408 -0.03675482
v 0.11601764 0.00208131 -0.03360549
v 0.10519058 -0.02723175 -0.03069939
v 0.10051480 -0.03176424 -0.03799210
v 0.10430083 -0.03049642 -0.04008196
v 0.10234433 -0.03222529 -0.03995975
v 0.10508993 -0.03124419 -0.04253355
v 0.10536293 -0.02984480 -0.04459230
v 0.10614535 -0.02794090 -0.04599843
v 0.10859798 -0.02594625 -0.04537035
v 0.10450356 -0.02304653 -0.03027255
v 0.11536102 0.00353421 -0.02109823
v 0.10365991 -0.02474832 -0.03090152
v 0.10721691 -0.02154661 -0.02957509
v 0.10718472 -0.02331785 -0.02962451
v 0.10632943 -0.02515270 -0.02989387
v 0.11169798 -0.03484273 -0.03665250
v 0.11160264 -0.03300346 -0.04012404
v 0.10991284 -0.03427899 -0.03530896
v 0.11225864 -0.03217682 -0.04347391
v 0.10805253 -0.03383781 -0.03439558
v 0.11458314 -0.00128997 -0.03774546
v 0.11609333 0.00187126 -0.03654110
v 0.10639894 -0.02702721 -0.01690629
v 0.09459418 -0.02670296 0.03963318
v 0.09633044 -0.01648559 0.03361929
v 0.04076938 -0.10778554 0.06021655
v 0.03976300 -0.11388816 0.05993067
v 0.08296222 -0.03939538 0.06078766
v 0.07575370 -0.04389769 0.06874170
v 0.04028401 -0.10123543 0.08408007
v 0.03922888 -0.10311199 0.08389521
v 0.03855243 -0.10234234 0.08472699
v 0.03945125 -0.10139673 0.08417566
v 0.03767660 -0.10137320 0.08156812
v 0.03849927 -0.10107115 0.08005376
v 0.03860585 -0.10128547 0.08262108
v 0.03777115 -0.10165644 0.08415392
v 0.04445327 -0.07174608 0.09285977
v 0.04826450 -0.06442831 0.09180371
v 0.05168068 -0.07241659 0.08715442
v 0.04772384 -0.07899719 0.08842701
v 0.03947277 -0.10279641 0.06589775
v 0.03945285 -0.09978807 0.06739390
v 0.03888198 -0.09993283 0.07285259
v 0.03885211 -0.10175936 0.07181740
v 0.03931899 -0.10482170 0.06527896
v 0.03870679 -0.10230208 0.07147454
v 0.04087428 -0.10430466 0.06089775
v 0.04082335 -0.09942033 0.06239810
v 0.05011935 -0.11342543 0.07467893
v 0.04561559 -0.10922200 0.07841321
v 0.04708634 -0.10285082 0.08059794
v 0.05159079 -0.10420540 0.07716279
v 0.04163996 -0.05031001 0.09719741
v 0.04511172 -0.05670646 0.09512869
v 0.04231678 -0.06458601 0.09478208
v 0.03837386 -0.05650493 0.09705831
v 0.03476682 -0.04890838 0.10029685
v 0.03774320 -0.04343849 0.09945948
v 0.03354011 -0.03759817 0.10979841
v 0.03406419 -0.04290715 0.11084072
v 0.03370185 -0.04532653 0.11710955
v 0.03399237 -0.04167063 0.11559100
v 0.03172236 -0.05129673 0.11303458
v 0.03393009 -0.04586878 0.10733400
v 0.02765992 -0.05394975 0.11406276
v 0.00254985 -0.05174682 0.12079680
v 0.00435872 -0.04883143 0.12025771
v 0.00405560 -0.04842462 0.12356893
v 0.00085033 -0.05035198 0.12436121
v 0.02748887 -0.05337782 0.11610937
v 0.03176427 -0.05160476 0.10983156
v 0.01284661 -0.05187790 0.13597503
v 0.01172108 -0.04859921 0.13652764
v 0.01269774 -0.04974826 0.13226780
v 0.01258117 -0.05273949 0.13091139
v 0.03184078 -0.05282743 0.10578588
v 0.02811954 -0.05471678 0.11152218
v 0.02691794 -0.05260115 0.11811852
v 0.02990697 -0.05170109 0.11801079
v 0.00924700 -0.04774097 0.13529754
v 0.00679782 -0.04820951 0.13892680
v 0.00426480 -0.04790162 0.13545224
v 0.00716367 -0.04801966 0.13219802
v 0.01225245 -0.04600699 0.12454166
v 0.01116319 -0.04954216 0.12611051
v 0.01322636 -0.04573742 0.13037083
v 0.00472989 -0.04483309 0.12159750
v 0.00501976 -0.04595143 0.11927136
v 0.00758064 -0.04079091 0.12001805
v 0.00726611 -0.04030452 0.11990854
v 0.03165838 -0.04851303 0.12156490
v 0.02094499 -0.05299285 0.13485032
v 0.02243965 -0.05131958 0.13912690
v 0.02807931 -0.01210555 0.11476594
v 0.03046634 -0.01543533 0.10822991
v 0.02806265 -0.01532779 0.11860152
v 0.03034510 -0.01814517 0.11175375
v 0.03129172 -0.04590102 0.12905683
v 0.03270673 -0.04271565 0.12664899
v 0.02905552 -0.04522216 0.13670027
v 0.03020512 -0.04111843 0.13688061
v 0.02440537 0.00342375 0.11652137
v 0.01859400 -0.05767349 0.12553351
v 0.01886809 -0.05849127 0.12439968
v 0.01851166 -0.05606006 0.12927273
v 0.03651941 0.16151053 -0.14625871
v 0.03861840 0.18190631 -0.12064306
v 0.04003135 0.19944382 -0.07220826
v 0.03872125 0.20308927 -0.04828162
v 0.02112760 -0.09159432 0.11880516
v 0.02117217 -0.08533451 0.12014424
v 0.02759469 -0.09487309 0.08492200
v 0.02201729 -0.09569229 0.08815897
v 0.02195931 -0.09863800 0.09366211
v 0.02747537 -0.09829529 0.09048298
v 0.03119796 -0.09767638 0.08677679
v 0.03170314 -0.09463548 0.08086225
v 0.02798158 -0.09166131 0.08074464
v 0.02225354 -0.09216131 0.08324722
v 0.02701019 -0.10216305 0.10070374
v 0.02181211 -0.10256496 0.10546705
v 0.02140567 -0.10064228 0.11057892
v 0.02695826 -0.09991761 0.10528545
v 0.03427089 -0.05959912 0.10177296
v 0.03048000 -0.05914421 0.10733334
v 0.02638424 -0.06013002 0.11447755
v 0.02307214 -0.06117408 0.11955608
v 0.02236898 -0.05792741 0.12057595
v 0.02503921 -0.05641914 0.11657719
v 0.02194936 -0.05670188 0.12137119
v 0.02450597 -0.05536566 0.11784714
v 0.02427135 -0.05448246 0.11906383
v 0.02466007 -0.05331855 0.11990219
v 0.02290063 -0.05363501 0.12245654
v 0.02338808 -0.05242022 0.12253506
v 0.02182324 -0.05571651 0.12229756
v 0.02366507 -0.02285480 0.14240555
v 0.02365287 -0.01886650 0.13789631
v 0.02607084 -0.08103228 0.11717177
v 0.02131922 -0.08043361 0.12037422
v 0.02047881 -0.07144317 0.12106673
v 0.02496495 -0.07142055 0.11822140
v 0.02970617 -0.07209967 0.11278734
v 0.03095652 -0.08326057 0.11078004
v 0.01920231 -0.05953456 0.12344851
v 0.02617355 -0.08608332 0.11582842
v 0.02634416 -0.09131665 0.11366220
v 0.03110210 -0.08812654 0.10900870
v 0.03111127 -0.09246364 0.10643619
v 0.03549003 -0.08658106 0.10255415
v 0.03480753 -0.07465157 0.10577719
v 0.04035930 -0.07759368 0.09756348
v 0.03905720 -0.09037931 0.09485166
v 0.04680116 -0.09673084 0.08377486
v 0.04166804 -0.10160615 0.08359875
v 0.04175897 -0.09899216 0.08507085
v 0.04160369 -0.09660615 0.08729756
v 0.04612713 -0.09073770 0.08682929
v 0.05090691 -0.09526058 0.08098802
v 0.04980535 -0.08678746 0.08455007
v 0.04409249 -0.08418159 0.09111456
v 0.04084592 -0.09353897 0.09013660
v 0.04055218 -0.09945642 0.08552247
v 0.03966416 -0.10037227 0.08497322
v 0.04031372 -0.09806884 0.08727797
v 0.03946172 -0.09942481 0.08650165
v 0.03978530 -0.09652132 0.08951524
v 0.03896145 -0.09841806 0.08827070
v 0.03789986 -0.09700650 0.09122375
v 0.03850766 -0.09432505 0.09316042
v 0.03775601 -0.10046010 0.08276029
v 0.03666155 -0.10040331 0.08496320
v 0.03682469 -0.10032339 0.08748487
v 0.03783024 -0.10046628 0.08492008
v 0.03843598 -0.10061333 0.08083931
v 0.03837078 -0.10074726 0.08340296
v 0.03840852 -0.09898542 0.07435630
v 0.03759899 -0.09798966 0.07610897
v -0.06859255 -0.16612947 -0.00954014
v -0.08370043 -0.15611188 -0.02671849
v 0.03887470 -0.10070234 0.07980977
v 0.03896067 -0.10091107 0.08179772
v 0.03883769 -0.10128096 0.08423202
v 0.03878964 -0.10029241 0.08519916
v 0.03828572 -0.09969226 0.08679490
v 0.03729091 -0.09896874 0.08922796
v 0.03099897 -0.09609060 0.10327069
v 0.03475765 -0.09443902 0.09887299
v 0.03450812 -0.09737873 0.09593998
v 0.03089459 -0.09987214 0.09929945
v 0.03425134 -0.09990303 0.09317160
v 0.03244057 -0.09162502 0.07624046
v 0.03077753 -0.10154462 0.09520224
v 0.03562841 -0.09480822 0.07509214
v 0.03675175 -0.09214283 0.07065806
v 0.03481104 -0.09739462 0.08118217
v 0.03912199 -0.09789033 0.06900011
v 0.03837481 -0.09594030 0.07056014
v 0.04038199 -0.09612412 0.06406364
v 0.03953332 -0.09369050 0.06614179
v 0.03413248 -0.10069108 0.09007811
v 0.03515231 -0.09099966 0.10094789
v 0.02652344 -0.09578054 0.10981842
v 0.02130226 -0.09634818 0.11517995
v -0.03862026 -0.01597025 0.09049538
v -0.03701138 -0.01904858 0.09215079
v -0.02942049 -0.01806905 0.09393387
v -0.03125894 -0.01537931 0.09220129
v 0.02395181 -0.03246346 0.15241948
v 0.02386590 -0.02695132 0.14714842
v 0.03802858 -0.10193000 0.08501080
v 0.01635442 -0.24994314 0.00192149
v -0.12447185 -0.01639670 -0.01842303
v -0.12299711 -0.01564481 -0.01685112
v -0.14207309 0.01076965 -0.04650860
v 0.04045524 -0.10431998 0.08288796
v 0.03863073 -0.10921705 0.06472982
v 0.03793601 -0.10363733 0.07101452
v 0.04594366 -0.12319688 0.07380406
v 0.03985684 -0.13059841 0.07751641
v 0.03839577 -0.12271610 0.08143739
v 0.04271160 -0.11650909 0.07747954
v 0.03618535 -0.11199858 0.08771606
v 0.03884333 -0.10748520 0.08434029
v -0.14856263 0.01279999 -0.03992539
v 0.03780131 -0.10566500 0.08618537
v 0.03523210 -0.10847807 0.09022318
v 0.03463223 -0.10559024 0.09193332
v 0.03710442 -0.10406659 0.08720880
v 0.03278821 -0.10195568 0.09124043
v 0.02807985 -0.10130583 0.09680051
v 0.02749966 -0.10768813 0.08583615
v 0.03236849 -0.10786532 0.08081977
v 0.03697678 -0.10680684 0.07513426
v 0.03642004 -0.10193284 0.08398977
v -0.14267239 0.01601994 -0.03533372
v -0.14183927 0.01649958 -0.02707980
v -0.13815367 0.01501817 -0.02619355
v -0.13865916 0.01408737 -0.03323967
v 0.03340392 -0.10197527 0.09245255
v 0.03638836 -0.10220555 0.08667842
v 0.02904218 -0.10167418 0.09902519
v 0.02779909 -0.23976816 -0.00394014
v 0.03681791 -0.10272365 0.08738816
v 0.03403072 -0.10298110 0.09233548
v 0.02973311 -0.10363948 0.09943561
v 0.03036732 -0.10720151 0.09913025
v 0.03093112 -0.11124694 0.09816581
v 0.03151195 -0.11634655 0.09566475
v 0.03330044 -0.13003048 0.08828488
v 0.03425573 -0.13987176 0.08408509
v 0.02668129 -0.13375293 0.09553792
v 0.02742889 -0.14440379 0.09352645
v 0.02632958 -0.11917354 0.10297269
v 0.02618880 -0.11302645 0.10598966
v 0.02576225 -0.10816504 0.10632424
v 0.02532304 -0.10400428 0.10604887
v 0.01971705 -0.06207813 0.12221404
v 0.02170887 -0.05379375 0.12511274
v 0.02080153 -0.05355908 0.12954012
v 0.02489994 -0.04898037 0.14107652
v 0.01869239 -0.05520832 0.13417011
v 0.02771667 -0.04605179 0.14024997
v 0.02604425 -0.04733769 0.14312623
v 0.02695420 -0.04479730 0.14521140
v 0.02813236 -0.04347402 0.14298466
v 0.02463023 -0.04882631 0.14559393
v 0.02621048 -0.04544030 0.14729509
v 0.02081280 -0.05131873 0.14911897
v 0.02215616 -0.04625079 0.15402192
v 0.02368120 -0.03775878 0.15523165
v 0.02290184 -0.04278275 0.15561906
v 0.02759813 -0.04247234 0.14670850
v 0.02893424 -0.03933961 0.14387438
v -0.15631559 0.01229520 -0.03658776
v 0.02921059 -0.03481435 0.14063621
v 0.03069432 -0.03687318 0.13286909
v 0.02999040 0.19797218 0.00945193
v 0.02456680 -0.10155671 0.10525702
v 0.02331743 -0.10077427 0.10206135
v -0.12103552 -0.03721769 -0.02450648
v -0.14091915 0.00129069 -0.03514023
v 0.02707263 -0.12483168 0.06942043
v 0.02717170 -0.11730066 0.07520406
v 0.02210493 -0.11806008 0.07882275
v -0.14068983 0.01642591 -0.02294581
v -0.14698485 0.01800002 -0.02336381
v 0.02201057 -0.12586097 0.07321824
v 0.01922917 -0.10012370 0.10492313
v -0.15066682 -0.00766661 -0.05362727
v -0.15767844 0.01138318 -0.04012691
v -0.15460688 0.00954589 -0.03896085
v -0.14243385 0.00803547 -0.01847819
v -0.12665275 -0.01683238 -0.04797290
v -0.13737032 -0.01741372 -0.04300067
v -0.13380006 -0.02170447 -0.04271352
v -0.12479752 -0.01971338 -0.04799011
v -0.12481676 -0.00418077 -0.03121530
v 0.01862679 -0.10717321 0.09203088
v 0.02265917 -0.10724986 0.08975837
v 0.01977981 -0.10124308 0.10838036
v 0.02034419 -0.10397677 0.10994054
v 0.02074638 -0.10841651 0.11100708
v 0.01796926 -0.11820656 0.08066970
v 0.01777813 -0.12674838 0.07497624
v -0.11630708 -0.03111518 -0.01058322
v 0.03704180 -0.11284544 0.06666213
v -0.13053845 -0.04585064 -0.03484168
v -0.13254637 -0.04313960 -0.03875398
v -0.04253808 -0.03663849 -0.16100365
v -0.05028041 -0.01850011 -0.16863149
v -0.15513439 -0.00727137 -0.05924218
v 0.03723800 -0.11897503 0.06151430
v 0.03245646 -0.11694130 0.07160340
v 0.03271509 -0.12219280 0.06625548
v 0.02067787 -0.14577003 0.10112850
v 0.02005118 -0.13553083 0.10159113
v 0.02119639 -0.11391450 0.11052853
v 0.02072162 -0.12061667 0.10728544
v 0.03973900 0.19334039 -0.09720229
v 0.08640263 0.08812034 0.03322964
v 0.08452796 0.07353488 0.04243681
v -0.14297952 0.01374468 -0.02874612
v 0.07527086 0.08452938 0.05666524
v 0.07735460 0.09654959 0.04644687
v 0.08710796 0.10541424 0.02520404
v 0.07802164 0.11154415 0.03694195
v 0.06016491 0.19111919 -0.01315982
v 0.06137984 0.18515986 0.00086895
v 0.04302153 0.19412521 0.00701619
v 0.05434329 0.19552472 -0.03252282
v 0.06591503 0.18372312 -0.05163646
v 0.06919768 0.18259981 -0.01999960
v 0.06977879 0.17705691 -0.00360268
v -0.12451286 -0.03783871 -0.02636229
v -0.12443937 -0.04816586 -0.02431712
v -0.12159739 -0.04714911 -0.02158070
v -0.13512066 0.00341510 -0.02920826
v 0.02859801 -0.12706606 -0.16419527
v 0.06459865 0.06510533 -0.16120544
v 0.06910333 0.17040160 0.01003348
v 0.06120765 0.17709669 0.01397219
v 0.06105164 0.16697961 0.02511147
v 0.06819373 0.16200733 0.02079198
v 0.04337853 0.18469314 0.02038485
v 0.03062247 0.18764193 0.02303213
v 0.02563814 0.01171586 -0.20037884
v 0.02381112 -0.01479797 0.13374524
v 0.05848756 -0.06639092 -0.11984552
v 0.07622336 -0.07135919 -0.08699708
v 0.08565195 -0.17584875 -0.05909197
v 0.10078217 -0.04086845 -0.04643937
v 0.09981808 -0.03979343 -0.04732666
v 0.08259436 -0.10434608 -0.05647707
v 0.08319513 -0.07796140 -0.05402001
v 0.04372765 -0.06186404 -0.14149924
v 0.11522851 -0.02776148 -0.06168652
v 0.11642543 -0.02394496 -0.06197368
v 0.11815183 -0.02888921 -0.06145393
v 0.11910291 -0.02461570 -0.06213014
v 0.11938126 -0.02034901 -0.06134481
v 0.11984731 -0.03086588 -0.06048317
v 0.11640754 0.00402983 -0.03119794
v 0.11955524 0.00562605 -0.02922765
v -0.12907608 -0.02590588 -0.05312836
v -0.12926082 -0.02206052 -0.05460528
v 0.10038335 -0.04389905 -0.03985126
v 0.09985204 -0.04245554 -0.04233461
v -0.10525031 -0.01179900 -0.03026578
v 0.09867750 -0.04303227 -0.04117092
v 0.09865282 -0.04407886 -0.03911600
v 0.10041124 -0.04565865 -0.03754414
v 0.09865002 -0.04526763 -0.03750446
v 0.11407027 0.02803867 -0.01713333
v 0.09588949 -0.04325306 -0.04296374
v 0.09825887 -0.04028879 -0.04663865
v 0.09873330 -0.04137103 -0.04429947
v 0.09794715 -0.04263943 -0.04221058
v 0.09800205 -0.04467458 -0.03923128
v 0.09829839 -0.04645593 -0.03685257
v 0.09937374 -0.04762753 -0.03621699
v -0.13250113 -0.03682534 -0.05050983
v -0.12490739 -0.04723357 -0.04179823
v -0.08976414 -0.14438361 -0.05014832
v -0.08624835 -0.13404104 -0.07800249
v -0.08802226 -0.15707874 -0.07734903
v -0.09047472 -0.17015800 -0.05069385
v -0.11932441 -0.01118771 -0.00859119
v -0.11919561 -0.01959811 -0.01321838
v -0.11873513 -0.02199057 -0.01128780
v 0.12085029 -0.03192043 -0.06139060
v 0.10915492 -0.04536802 -0.04474548
v -0.02309664 -0.21186005 0.00883895
v -0.01842286 -0.23425001 0.00301112
v 0.11356944 -0.00196034 -0.04196323
v 0.11334614 -0.00345560 -0.04546916
v 0.11802518 -0.00197510 -0.04717666
v 0.11806003 -0.00003994 -0.04398433
v 0.07618657 -0.01465570 -0.13225436
v 0.07970495 -0.00289374 -0.13750644
v 0.01463741 -0.12330732 -0.17147541
v 0.01537059 -0.10031153 -0.16701297
v 0.10639585 0.03756362 -0.09699546
v 0.11384723 -0.00070294 -0.03923055
v 0.11849883 0.00156903 -0.04110378
v 0.11707630 -0.01990134 -0.06089503
v 0.10989027 -0.00071732 -0.03962416
v 0.11018550 -0.00215849 -0.04254209
v 0.12079418 0.00385112 -0.04322704
v 0.12039301 0.00180614 -0.04634940
v 0.12001844 -0.00049069 -0.04956406
v 0.11047571 -0.00374391 -0.04573271
v -0.11641935 -0.03104810 -0.00642603
v -0.11454674 -0.03470723 0.00519663
v -0.11738442 -0.01185502 0.00829911
v -0.11765866 -0.01632511 -0.00376617
v 0.11533401 0.00360643 -0.04083429
v 0.11470804 0.08670708 -0.04331533
v 0.11259042 0.08006062 -0.06984913
v 0.10729986 0.11935663 -0.04342185
v 0.10468198 0.11474054 -0.07198124
v 0.09573406 0.10831460 -0.10348816
v 0.10296178 0.07154796 -0.10178851
v 0.11636074 0.00413490 -0.03181723
v 0.12108718 0.00707310 -0.02967009
v 0.08760006 0.12014049 0.01904561
v 0.09578843 0.11357263 0.01086159
v 0.07816042 0.12495549 0.02925221
v 0.07789399 0.13715291 0.02332823
v 0.08636604 0.13403033 0.01377529
v 0.09775168 0.12587819 0.00019952
v 0.11456674 0.06500190 -0.02348704
v 0.11203133 0.09212947 -0.02050694
v 0.10693320 0.09489381 -0.00553126
v -0.08846416 0.01124862 0.05790204
v -0.09251225 0.01299139 0.05058475
v -0.09376940 0.00387837 0.04831804
v -0.08854495 0.00425100 0.05450713
v 0.10446832 0.12332052 -0.01850020
v 0.09023074 0.14491601 -0.00401151
v 0.09548887 0.14321604 -0.02014640
v 0.07971294 0.16192594 -0.00552851
v 0.08173390 0.16335258 -0.02223874
v 0.08053841 0.16358504 -0.04839395
v 0.09742839 0.14073217 -0.04478827
v 0.08338543 0.14635788 0.00922200
v 0.07597680 0.14795761 0.01945004
v 0.07679781 0.15934771 0.00761226
v 0.07357730 0.15701029 0.01615261
v 0.10339675 0.09535709 0.00235844
v 0.08955753 -0.05290553 -0.03717072
v 0.09566515 -0.05524930 -0.03005046
v -0.01502249 0.09318020 0.10219249
v 0.00302743 0.09542861 0.10609996
v 0.00187229 0.11063836 0.09803830
v -0.01683838 0.10815544 0.09375967
v 0.10240474 -0.04145130 -0.01741921
v -0.05437334 -0.00830138 -0.17269346
v -0.05866000 0.00293576 -0.17681123
v -0.02268151 0.00031462 -0.19283539
v -0.02042697 -0.01033512 -0.18748161
v 0.10105915 -0.02231320 0.02277185
v 0.10062096 -0.00924519 0.02234298
v 0.10680671 -0.01556565 0.01055801
v 0.10474033 -0.03059609 0.00945350
v -0.01977792 0.14678356 0.06311646
v -0.00041050 0.14987932 0.06712660
v -0.00158945 0.16270538 0.05273733
v -0.02132744 0.15893760 0.04946215
v -0.07436734 -0.01788068 0.07478755
v -0.07787178 -0.02631216 0.07299420
v -0.07028700 -0.02734946 0.07922975
v -0.06761251 -0.01858752 0.07983358
v 0.09674048 0.00541261 0.02311266
v 0.10426041 -0.00130919 0.01162151
v 0.10340868 0.01839022 0.01229630
v 0.09635516 0.02669461 0.02568319
v 0.08011006 0.10217285 -0.13392550
v 0.08419129 0.06973891 -0.13630000
v -0.12371516 -0.05694856 -0.02082317
v -0.12161738 -0.05540727 -0.01889145
v 0.08546796 0.04575005 -0.13805947
v 0.06763072 0.04415739 0.08180282
v -0.00285359 0.17486091 0.03715046
v -0.02313565 0.17060781 0.03510717
v 0.03510848 0.14627899 -0.16192466
v 0.06752076 0.08987500 0.07082017
v 0.06955872 0.14060149 -0.12596802
v 0.00217053 -0.09841312 -0.16872019
v 0.05630884 0.15355819 -0.13580078
v 0.09523267 0.13643813 -0.07319565
v 0.08893279 0.13081592 -0.09992265
v 0.07544256 0.12306295 -0.13022783
v 0.08430460 0.01804576 -0.14066537
v 0.06869660 0.15191752 0.02723449
v 0.07873665 -0.00151498 0.05976205
v 0.07792266 -0.00528828 0.05770475
v 0.07890487 0.00273383 0.06372996
v 0.07563718 -0.01015363 0.05998500
v 0.03341030 -0.01868500 0.10302288
v 0.03290330 -0.02100150 0.10609739
v 0.03256461 -0.02393137 0.10912440
v 0.03597718 -0.02363994 0.10142931
v 0.03536836 -0.02681259 0.10415372
v 0.02963496 -0.02434008 0.11957160
v 0.03012333 -0.02133726 0.11538605
v 0.03178427 -0.02661263 0.11218008
v 0.03123026 -0.03018347 0.11469759
v 0.02956314 -0.02769651 0.12296620
v 0.03421857 -0.04545372 0.10318477
v 0.03547480 -0.03844161 0.10230377
v 0.03329397 -0.03366315 0.10730594
v 0.03868547 -0.02968043 0.10077286
v 0.03729260 -0.03350422 0.10211158
v 0.03431065 -0.02978090 0.10610181
v 0.03976981 -0.02617505 0.09778534
v 0.03203215 -0.03466587 0.11809103
v 0.03305805 -0.03943468 0.12280633
v 0.02991929 -0.03200833 0.12791429
v 0.02872855 -0.03027185 0.13528885
v 0.02830415 -0.02599766 0.13046630
v 0.03678359 -0.02117880 0.09867999
v 0.04105355 -0.02352702 0.09546377
v 0.04077281 -0.03776440 0.09994668
v 0.04509520 -0.04247845 0.09807278
v 0.04310365 -0.03253321 0.09817308
v 0.04705324 -0.03586045 0.09644026
v 0.04427574 -0.02855946 0.09562863
v 0.04840908 -0.03133620 0.09394516
v 0.04877817 -0.04887209 0.09549615
v 0.05275127 -0.05544541 0.09155538
v 0.05698768 -0.06499690 0.08546637
v 0.05638094 -0.04687150 0.08985142
v 0.06161248 -0.05524675 0.08339752
v 0.05869772 -0.03883529 0.08793633
v 0.06512354 -0.04613965 0.08127321
v 0.00145249 -0.01100861 0.10493834
v 0.00089905 -0.00859047 0.10008027
v -0.00536346 -0.01161844 0.09743683
v -0.00461593 -0.01428896 0.10103381
v 0.00843911 0.04347585 0.11801715
v 0.00660444 0.05783579 0.11505331
v -0.00896649 0.05715772 0.11295265
v -0.00572526 0.04308736 0.11691266
v 0.05145241 -0.04035351 0.09375565
v 0.05326305 -0.03477535 0.09145788
v 0.04968419 -0.02726583 0.09167483
v 0.04568378 -0.02518632 0.09352636
v 0.05972405 -0.02657928 0.08510481
v 0.05968376 -0.03247487 0.08653136
v 0.05423267 -0.02973979 0.08942795
v 0.05482657 -0.02470523 0.08740926
v 0.06712639 -0.03656723 0.08053841
v 0.06628343 -0.02877706 0.08110027
v 0.06454263 -0.02306425 0.08000635
v 0.04966959 -0.01541488 0.08756542
v 0.04463878 -0.01448447 0.08956398
v 0.05280700 -0.01583917 0.08550985
v 0.05916495 -0.02189812 0.08336215
v 0.05527261 -0.02100399 0.08578434
v 0.06948636 -0.01539555 0.06945232
v 0.06625398 -0.01615185 0.07346538
v 0.05875382 -0.01630565 0.08043954
v 0.05575828 -0.01614821 0.08309006
v 0.06240328 -0.01624614 0.07705227
v 0.04016547 -0.01263350 0.09030490
v 0.03555267 -0.01026040 0.09130774
v 0.07482108 -0.09586050 -0.08587850
v 0.02790430 -0.02241788 0.12688997
v 0.02788753 -0.01893283 0.12263064
v 0.03361238 0.00662466 0.09775523
v 0.03113047 0.00441975 0.09598655
v 0.02702423 0.00359420 0.11057895
v 0.03782168 0.00927282 0.10355112
v 0.03249976 -0.00740336 0.09194903
v -0.01344246 -0.01372707 0.09504507
v -0.01180101 -0.01613322 0.09742574
v 0.03061151 -0.00466848 0.09217501
v 0.02954342 -0.00157737 0.09262857
v 0.02960406 0.00178290 0.09408416
v 0.00122978 0.12434395 0.08905184
v -0.01788963 0.12174497 0.08462498
v -0.02516976 0.19974604 -0.01383104
v -0.02574829 0.19694126 -0.00418360
v -0.00474979 0.20326504 -0.00472961
v -0.00703660 0.20594567 -0.02010318
v 0.05015337 0.02370485 0.11121080
v 0.04643812 0.01470110 0.11237091
v 0.08046927 0.05898967 0.05545149
v 0.08630357 0.04525265 0.04597583
v 0.07087713 0.01976870 0.08225989
v 0.07516140 0.01455119 0.07509571
v 0.07793768 0.00838854 0.06851273
v 0.08968534 0.02634506 0.03796662
v 0.09155382 0.00824209 0.03368022
v 0.09452626 -0.00496753 0.03237635
v -0.11733799 0.00060997 -0.09901070
v -0.12227045 -0.00338003 -0.07010353
v -0.12866548 0.00864807 -0.06792799
v -0.12608548 0.01766088 -0.09699625
v 0.06939593 0.11604458 0.05127596
v -0.04327079 -0.19507074 0.00071310
v -0.03830829 -0.21834877 -0.00433452
v 0.00103293 -0.12273761 -0.17304201
v 0.06948011 0.12900224 0.04259679
v 0.06879929 0.10236646 0.06087665
v 0.06087511 0.15593420 0.03493845
v 0.06101338 0.14467032 0.04555082
v 0.06930229 0.14101651 0.03451704
v 0.06140292 0.13250491 0.05526065
v 0.06165446 0.11974733 0.06438366
v 0.06112389 0.10628139 0.07438128
v 0.06018205 0.09342589 0.08391012
v 0.05827531 0.07647165 0.09262052
v 0.05796013 -0.08939049 -0.12038215
v 0.02404934 -0.03661932 0.11990346
v 0.02361377 -0.03679364 0.12054117
v -0.07478794 0.03198989 0.07642168
v -0.07916701 0.04165906 0.07068326
v -0.08576706 0.03209107 0.06268799
v -0.08119747 0.02519437 0.06923705
v 0.02378294 -0.03657993 0.11928985
v 0.02328362 -0.03674866 0.12024894
v 0.02362584 -0.03721341 0.12011962
v 0.02315477 -0.04965682 0.12203043
v 0.02230890 -0.04615486 0.12103957
v 0.02291814 -0.04062888 0.12103237
v 0.10222343 -0.05024538 -0.02156180
v 0.01162374 0.02355349 0.12076750
v -0.00017153 0.02303906 0.12001671
v 0.00314776 0.01597862 0.11783661
v 0.01278267 0.01607183 0.11932509
v -0.08868387 -0.00275558 0.05397255
v -0.09450995 -0.00510470 0.04913722
v -0.09226010 -0.01364513 0.05541564
v -0.08643623 -0.01013451 0.05965516
v -0.07968010 -0.01588480 0.06956131
v -0.08389819 -0.02331770 0.06736035
v -0.01231784 0.07448436 0.10954394
v 0.00474523 0.07610673 0.11220503
v -0.08959085 0.02217366 0.05514576
v -0.08591205 0.01855920 0.06270488
v 0.00583417 -0.00834343 0.11027990
v 0.00473174 -0.00624369 0.10379442
v 0.00872419 -0.00220266 0.10884097
v 0.01421874 -0.00390105 0.12038860
v 0.01469321 0.00043849 0.11740485
v 0.00987625 0.00118731 0.11019969
v -0.03791903 0.04223621 0.10509475
v -0.04180498 0.05523937 0.10050293
v -0.05620690 0.05380141 0.09070662
v -0.05221299 0.04117190 0.09580165
v -0.01879295 0.13438475 0.07464385
v 0.00052197 0.13709943 0.07891781
v 0.01427712 0.00909822 0.11627229
v 0.00793829 0.00980012 0.11229623
v 0.00929768 0.00688558 0.11036205
v 0.01449153 0.00634437 0.11562628
v -0.02064365 -0.01725681 0.09561098
v -0.02228191 -0.01486281 0.09383031
v -0.10643948 -0.05383009 -0.02862019
v -0.10967526 -0.05636870 -0.02721620
v -0.12255733 0.00625159 -0.00148901
v -0.11902127 -0.00437716 -0.00228947
v -0.11971971 0.00144609 0.01011881
v -0.11991291 0.01443167 0.01030027
v -0.12402477 0.02680229 0.00932610
v -0.12747377 0.03716891 0.00620791
v -0.12980042 0.02178887 -0.00387147
v -0.12612002 0.01555517 -0.00168778
v -0.08104649 -0.14656214 -0.10224333
v -0.07658295 -0.12527573 -0.10586157
v 0.01432498 -0.00741155 0.12556958
v 0.01455751 -0.01095905 0.12981050
v -0.02871069 0.05329505 -0.19715844
v -0.02721193 0.03162535 -0.19916853
v -0.06493606 0.03523931 -0.17971317
v -0.06622504 0.05569297 -0.17686154
v -0.11054686 -0.01126233 -0.09636082
v -0.11631663 -0.01377411 -0.06898174
v 0.00613804 -0.04399654 0.12503733
v 0.00988379 -0.03677764 0.11955550
v 0.00890469 -0.04122519 0.12062290
v 0.00968517 -0.03688833 0.11961563
v 0.00520041 -0.04822598 0.12820323
v 0.00165848 -0.04835087 0.13071394
v 0.00821752 -0.04727599 0.11800054
v 0.00948304 -0.04733685 0.11885671
v 0.00979573 -0.04090299 0.12112128
v 0.00950729 -0.03679647 0.11980414
v 0.01571922 -0.05467983 0.13985759
v 0.01546783 -0.05287380 0.14600293
v 0.01126407 -0.05057146 0.14423874
v 0.01282053 -0.05262722 0.13982190
v 0.01093054 -0.03692538 0.12108867
v 0.01197001 -0.04086170 0.12306547
v 0.01241287 -0.04504740 0.13320729
v 0.01034661 -0.03996716 0.12630257
v 0.01051160 -0.03719853 0.12195379
v 0.01017450 -0.04426087 0.13166936
v 0.01109404 -0.05295671 0.12609944
v 0.00822710 -0.04401553 0.12877828
v -0.12848195 -0.03048988 -0.03612417
v -0.08700045 -0.12287677 -0.01539151
v -0.09658521 -0.09235785 -0.02256640
v -0.09519833 -0.09214221 -0.03141053
v -0.08951396 -0.12312606 -0.02895743
v -0.13800049 0.00322167 -0.03120627
v -0.10584447 0.04656960 0.03747439
v -0.11062025 0.06887420 0.03032840
v -0.12152251 0.05234405 0.01723689
v -0.11879882 0.03551070 0.01947390
v -0.11257774 0.08880055 0.02513295
v -0.12325638 0.07286261 0.01292919
v -0.12983076 0.05482151 0.00098043
v -0.13462141 0.02996583 -0.01936402
v -0.05252411 -0.00318791 0.08457267
v -0.05300672 -0.00339814 0.08497423
v -0.05007455 -0.00391402 0.08707534
v -0.05023795 -0.00371883 0.08659224
v -0.05149948 -0.00289153 0.08349083
v -0.04917489 -0.00364825 0.08524227
v -0.05339548 -0.00225155 0.08178716
v -0.05440362 -0.00270434 0.08277310
v -0.05489084 -0.00295263 0.08313806
v -0.02015153 -0.00336946 0.08986658
v -0.02188279 -0.00326877 0.08902139
v -0.02685794 -0.00375601 0.08903165
v -0.02483391 -0.00390755 0.09095118
v -0.01978563 -0.00377355 0.09072927
v -0.02505381 -0.00435567 0.09182990
v -0.02748174 -0.00081102 0.08049218
v -0.02619408 -0.00055841 0.08033356
v -0.02931257 -0.00105242 0.08055140
v -0.01724089 -0.00148823 0.08575293
v -0.01797782 -0.00096061 0.08594891
v -0.02586244 0.00020197 0.08052729
v -0.02530296 -0.00027615 0.08019464
v -0.01838469 -0.00184938 0.08616194
v -0.01499023 -0.00209932 0.08683376
v -0.01288002 -0.00185771 0.08604977
v -0.01329551 -0.00093239 0.08641748
v -0.03475031 -0.00519552 0.09168369
v -0.03530375 -0.00595374 0.09138687
v -0.02656980 -0.00585264 0.09172355
v -0.02576436 -0.00499740 0.09195102
v -0.03418436 -0.00468719 0.09166427
v -0.04069155 -0.00438858 0.09024325
v -0.04101197 -0.00490881 0.09019006
v -0.04135188 -0.00566781 0.08978572
v -0.02050685 -0.00506513 0.09155308
v -0.02026761 -0.00421474 0.09137788
v -0.04137110 -0.00633363 0.08936550
v -0.03594463 -0.00659240 0.09087870
v -0.02702095 -0.00647531 0.09132767
v -0.02037484 -0.00550127 0.09147833
v -0.01519541 -0.00440173 0.09053420
v -0.01736376 -0.00414228 0.09087487
v -0.03594272 -0.00711181 0.08954288
v -0.03568389 -0.00775449 0.08918704
v -0.02685573 -0.00764931 0.09024508
v -0.02709052 -0.00697057 0.09063298
v -0.04119983 -0.00686561 0.08791938
v -0.04103396 -0.00755739 0.08718830
v -0.05719665 -0.00273882 0.08016641
v -0.05840717 -0.00212972 0.07879227
v -0.05821684 -0.00277080 0.07875547
v -0.05738126 -0.00322610 0.07939932
v -0.06335360 -0.00490633 0.07342688
v -0.06547265 -0.00355217 0.07248446
v -0.06902526 -0.00405077 0.06978054
v -0.06654139 -0.00573357 0.07166943
v -0.08389476 -0.01335957 0.06410434
v -0.07160532 -0.00849137 0.07020063
v -0.07447498 -0.00665941 0.06686677
v -0.05604408 -0.00300250 0.08146308
v -0.05472878 -0.00336569 0.08297650
v -0.05615914 -0.00263104 0.08159340
v -0.05725945 -0.00218672 0.08006418
v -0.05628840 -0.00364611 0.08063202
v -0.05471573 -0.00399003 0.08232073
v -0.05295187 -0.00376384 0.08477476
v -0.05283454 -0.00443564 0.08426763
v -0.04985031 -0.00498804 0.08639736
v -0.04992960 -0.00428678 0.08689478
v -0.04622262 -0.00462620 0.08862392
v -0.04668258 -0.00414077 0.08859429
v -0.04630217 -0.00539604 0.08806565
v -0.04982703 -0.00556976 0.08565709
v -0.04613976 -0.00599804 0.08752385
v -0.05276743 -0.00505500 0.08331279
v -0.05488517 -0.00454241 0.08136871
v -0.05656597 -0.00406090 0.07962714
v -0.05803972 -0.00359199 0.07843309
v -0.05912282 -0.00295914 0.07770050
v -0.05736290 -0.00442708 0.07840568
v -0.05880458 -0.00498038 0.07685325
v -0.05609463 -0.00563215 0.07886501
v -0.05521338 -0.00496349 0.08018309
v -0.05930830 -0.00384581 0.07712386
v -0.06106746 -0.00427354 0.07534926
v -0.05285776 -0.00544833 0.08201108
v -0.05311892 -0.00610029 0.08101472
v -0.04961630 -0.00672257 0.08334738
v -0.04957538 -0.00606209 0.08434263
v -0.04498371 -0.00636802 0.08604648
v -0.04519965 -0.00714223 0.08507050
v -0.03369770 -0.00439768 0.09099337
v -0.03338681 -0.00396199 0.08857948
v -0.03937702 -0.00406303 0.08784539
v -0.04097064 -0.00424753 0.08954439
v -0.04682935 -0.00402393 0.08805874
v -0.04490480 -0.00398305 0.08666708
v -0.03953809 -0.00379118 0.08543865
v -0.03663723 -0.00152814 0.07986814
v -0.03884279 -0.00145645 0.07932021
v -0.04397092 -0.00358592 0.08423851
v -0.03416678 -0.00359262 0.08606580
v -0.03415142 -0.00140050 0.07995258
v -0.02864838 -0.00321046 0.08655854
v -0.03169300 -0.00130119 0.08042572
v -0.02391458 -0.00290928 0.08706646
v -0.03581041 0.00556764 0.09624077
v -0.03612678 0.00624919 0.09683067
v -0.04644648 0.00584996 0.09517923
v -0.04481858 0.00530324 0.09465984
v -0.08275568 0.00502940 -0.15422726
v -0.08679920 0.02110688 -0.15889168
v -0.06315029 0.01766705 -0.18008952
v -0.05026583 0.00236006 0.09160311
v -0.05038481 0.00394676 0.09171776
v -0.05512734 0.00344041 0.08805797
v -0.05477659 0.00206549 0.08782586
v -0.05012717 0.00095207 0.09126768
v -0.05416007 0.00060856 0.08739334
v -0.04480939 0.00115223 0.09486730
v -0.04501730 0.00285265 0.09519389
v -0.04509460 0.00447085 0.09491579
v -0.05237650 0.00140198 0.07946727
v -0.05102545 0.00164670 0.08100292
v -0.05262594 0.00099366 0.08340029
v -0.05466429 0.00091027 0.08102811
v -0.05316804 0.00111728 0.07829230
v -0.05551943 0.00077408 0.07936113
v -0.04516672 0.00121329 0.07604322
v -0.04449587 0.00127388 0.07672968
v -0.04341733 0.00136783 0.07774839
v -0.04555533 0.00101906 0.07566883
v -0.04596299 0.00074512 0.07549834
v -0.04614592 0.00042715 0.07554020
v -0.04549537 0.00018478 0.07567376
v -0.08722186 -0.03570201 0.05994517
v -0.08867153 -0.01924384 0.06134351
v -0.09249206 -0.03009526 0.05339427
v -0.05566712 -0.00225069 0.08113896
v -0.05681207 -0.00174208 0.07963899
v -0.05452938 -0.00181712 0.08031581
v -0.05551702 -0.00137588 0.07915565
v -0.05796018 -0.00119006 0.07826641
v -0.05870777 -0.00147896 0.07841197
v -0.04999839 -0.00256152 0.08182145
v -0.04290897 -0.00103272 0.07796045
v -0.04413948 -0.00069774 0.07728650
v -0.05167681 -0.00192448 0.08054096
v -0.04772966 -0.00334095 0.08313372
v -0.04133470 -0.00132009 0.07865542
v -0.04400526 -0.00026898 0.07643069
v -0.04481683 -0.00006396 0.07603338
v -0.05190768 -0.00141502 0.07925442
v -0.05306858 -0.00097395 0.07827780
v -0.05630741 -0.00087052 0.07836023
v -0.05488627 -0.00011054 0.07727422
v -0.05459275 0.00027272 0.07739009
v -0.05724465 -0.00048213 0.07802892
v -0.05736218 0.00000957 0.07805815
v -0.05415596 -0.00051433 0.07749769
v -0.05398622 0.00068380 0.07773209
v -0.05665364 0.00029892 0.07858961
v -0.05905638 -0.00204819 0.07809001
v -0.05937131 -0.00112261 0.07775536
v -0.06068049 -0.00051379 0.07694967
v -0.05989803 -0.00214380 0.07718501
v -0.06132560 -0.00201382 0.07588995
v -0.06061619 -0.00309469 0.07626799
v -0.06215485 0.00017013 0.07634095
v -0.06443706 0.00092844 0.07478564
v -0.06383682 -0.00187599 0.07407378
v -0.06265135 -0.00323141 0.07454240
v -0.05880972 -0.00065525 0.07780010
v -0.05917030 -0.00033301 0.07754366
v -0.06108519 0.00091735 0.07865073
v -0.06234279 0.00186386 0.07834643
v -0.05994242 0.00016409 0.07866844
v -0.05885406 0.00047934 0.08086672
v -0.05972410 0.00135937 0.08115941
v -0.06065843 0.00236585 0.08102691
v -0.05772367 0.00165873 0.08437873
v -0.05840949 0.00289323 0.08437269
v -0.05702930 0.00054179 0.08369705
v -0.05865053 0.00005001 0.07860237
v -0.05768963 0.00032017 0.08019890
v -0.05612152 0.00041875 0.08262592
v -0.05359428 0.00023447 0.08587492
v -0.04963300 0.00039924 0.08955352
v -0.04896442 0.00105336 0.08669582
v -0.04438166 0.00068846 0.09291820
v -0.04381065 0.00096073 0.08989847
v -0.03680572 0.00735440 0.09888964
v -0.04806270 0.00723383 0.09661013
v -0.04336059 0.00157828 0.08589441
v -0.03888334 0.00119260 0.08031365
v -0.03612965 0.00110639 0.08082770
v -0.03778544 0.00121841 0.08792396
v -0.01956129 -0.00061695 0.08695056
v -0.02128104 -0.00012590 0.08829643
v -0.02779742 0.00041899 0.08156209
v -0.02670017 0.00034043 0.08104210
v -0.01605737 -0.00067208 0.08832714
v -0.01870947 -0.00019902 0.09009763
v -0.02795173 0.00040914 0.08926877
v -0.03131256 0.00057154 0.08206244
v -0.02929500 0.00046531 0.08191638
v -0.02451170 0.00018656 0.08879364
v -0.02639078 0.00046697 0.09263493
v -0.02184135 0.00008647 0.09150888
v -0.03775800 0.00083108 0.09213141
v -0.03227617 0.11842575 -0.17666142
v -0.03114161 0.08984897 -0.18953171
v -0.06773129 0.08917125 -0.16972962
v -0.06793423 0.11390368 -0.15911427
v -0.04763734 0.00172784 0.08368286
v -0.04144389 0.00131751 0.07913893
v -0.08657781 0.11280001 -0.14298099
v -0.08501972 0.12822326 -0.13403796
v -0.06886479 0.13444957 -0.14463764
v -0.05158540 -0.09352711 -0.13692030
v -0.03441073 -0.11150816 -0.15480843
v -0.01183409 -0.00105691 0.09003751
v -0.01524482 -0.00041021 0.09143977
v -0.00945125 -0.00171279 0.08887934
v -0.00778943 -0.00178005 0.08891211
v -0.01025652 -0.00098977 0.09028068
v -0.01324700 -0.00019728 0.09163652
v -0.01948859 0.00011278 0.09288959
v -0.01777944 0.00035178 0.09379762
v -0.02416007 0.00083785 0.09622243
v -0.02443238 0.00040301 0.09449473
v -0.03751886 0.00075976 0.09514801
v -0.03756939 0.00136461 0.09688251
v -0.02304501 0.00210231 0.09609084
v -0.01654485 0.00140702 0.09316345
v -0.02153841 0.00372116 0.09538502
v -0.01611516 0.00291117 0.09273179
v -0.03708851 0.00457231 0.09663481
v -0.03793335 0.00304131 0.09715785
v -0.01475461 -0.00342883 0.08995372
v -0.01074409 -0.00320578 0.08937717
v -0.01599825 -0.00300739 0.08951216
v -0.01204085 -0.00275706 0.08882503
v -0.01804668 -0.00270531 0.08833154
v -0.00994443 -0.00243109 0.08831733
v -0.00831341 -0.00272038 0.08883197
v -0.02038862 -0.00245211 0.08689718
v -0.00872035 -0.00080487 0.08939673
v -0.00625616 -0.00181009 0.08862644
v -0.00680789 0.00048892 0.08769466
v -0.00515565 -0.00149891 0.08788925
v -0.01129665 0.00248561 0.08962221
v -0.01172703 0.00057046 0.09048761
v -0.00660880 -0.00285866 0.08858569
v -0.00798209 -0.00336989 0.08902510
v -0.00552654 -0.00269342 0.08821949
v -0.00685069 -0.00331306 0.08861275
v -0.01985356 -0.00615695 0.09128527
v -0.01951576 -0.00651043 0.09074142
v -0.01382777 -0.00496072 0.09038547
v -0.01282052 -0.00503977 0.08972780
v -0.03545569 -0.00854823 0.08873124
v -0.04103334 -0.00841992 0.08702832
v -0.03491708 -0.00963952 0.08869721
v -0.04102204 -0.00959879 0.08678258
v -0.02577215 -0.00939988 0.09048024
v -0.02645322 -0.00845011 0.09022631
v -0.03694868 -0.23347986 -0.00712944
v -0.06066529 -0.00585407 0.07549757
v -0.06322370 -0.00702223 0.07447629
v -0.05962911 -0.00789325 0.07706130
v -0.05756656 -0.00649012 0.07769455
v -0.05406545 -0.00705617 0.08003993
v -0.05529963 -0.00851328 0.07969079
v -0.05053827 -0.00896576 0.08219178
v -0.04971578 -0.00762942 0.08243924
v -0.04535405 -0.00794391 0.08443058
v -0.04628825 -0.00940060 0.08438247
v -0.06720740 -0.00199474 0.07147968
v -0.06852252 0.00145026 0.07090765
v -0.07048732 -0.00231777 0.06836170
v -0.07303001 0.00136171 0.06719768
v -0.00362451 0.00168802 0.08781216
v -0.00319294 -0.00092002 0.08711538
v -0.00104032 0.00272169 0.09004787
v -0.00098227 -0.00008252 0.08893486
v -0.00293132 0.00570996 0.09242775
v -0.00639354 0.00449136 0.08981328
v -0.00421834 -0.00246063 0.08814380
v -0.00582738 -0.00341132 0.08817828
v -0.00245870 -0.00255154 0.08872573
v -0.00450213 -0.00390527 0.08900617
v -0.01881670 -0.00718472 0.09030063
v -0.01800422 -0.00802306 0.09050171
v -0.01200827 -0.00546278 0.08968855
v -0.01060557 -0.00628932 0.08997910
v -0.07807070 -0.00677553 -0.14976254
v -0.08906915 0.03881245 -0.15750679
v -0.06193647 0.01159382 0.09240536
v -0.05715756 0.00905608 0.09284236
v -0.05038641 0.00976945 0.09744885
v -0.05389746 0.01249431 0.09855572
v -0.06826328 0.01500718 0.09035007
v -0.07246385 0.01240222 0.08372721
v -0.06718777 0.00985862 0.08626659
v -0.06239047 0.00785131 0.08765344
v -0.06993910 0.00416238 0.07294360
v -0.06645379 0.00377832 0.07576758
v -0.06642099 0.00529154 0.07857005
v -0.06998705 0.00602567 0.07626159
v -0.07460956 0.00438928 0.06923210
v -0.07523975 0.00692517 0.07316127
v -0.06897822 0.00787265 0.08087645
v -0.06485951 0.00662573 0.08269083
v -0.07466291 0.00934338 0.07843307
v -0.01654346 0.00963500 0.09859613
v -0.01766009 0.00819350 0.09650786
v -0.01305188 0.00619836 0.09314461
v -0.01048448 0.00734973 0.09392197
v -0.01419434 0.01069348 0.10025156
v -0.00672664 0.00823554 0.09545520
v -0.04032345 0.01222935 0.10342641
v -0.03862186 0.01016467 0.10096905
v -0.02088156 0.00508927 0.09505356
v -0.01737494 0.00406528 0.09377940
v -0.01959646 0.00562681 0.09458017
v -0.01574398 0.00427048 0.09291983
v -0.10099694 0.14235428 -0.09586017
v -0.10446463 0.14943022 -0.07061076
v -0.07330927 0.17392763 -0.07966302
v -0.07241883 0.16391501 -0.10523261
v -0.05027150 0.00466728 0.09230661
v -0.05187719 0.00528969 0.09218088
v -0.05669460 0.00480493 0.08835374
v -0.05519350 0.00421645 0.08878407
v -0.05892660 0.00378929 0.08488260
v -0.06034086 0.00442941 0.08441179
v -0.06234945 0.00375105 0.08091977
v -0.06129398 0.00330971 0.08140436
v -0.06254395 0.00286853 0.07899734
v -0.06350611 0.00303025 0.07799704
v -0.01571249 0.00549981 0.09381091
v -0.01916650 0.00658542 0.09542766
v -0.08902915 0.09087847 -0.14999811
v -0.06107805 0.06796730 0.08513872
v -0.07469373 0.06298147 0.07316749
v -0.06910262 0.05040219 0.07985045
v -0.05362891 0.00664619 0.09299116
v -0.05872597 0.00609515 0.08845951
v -0.06209086 0.00538908 0.08394273
v -0.06403837 0.00455528 0.08028267
v -0.06482861 0.00379428 0.07789278
v -0.11779898 -0.02633342 -0.01191229
v -0.11820821 -0.02571012 -0.01419823
v -0.13481744 -0.00635174 -0.05266169
v -0.13177569 -0.00051333 -0.04844535
v -0.12963702 0.00244760 -0.04443596
v -0.13597518 0.00796607 -0.02069221
v -0.13951996 0.01183025 -0.02405491
v -0.13962412 -0.03487556 -0.04636404
v -0.13283615 -0.03928453 -0.04050173
v -0.13947745 -0.03303550 -0.04695269
v -0.15293653 0.00998510 -0.03952582
v -0.15399383 0.00871286 -0.04237843
v -0.15596332 0.00835492 -0.04171077
v -0.06309382 -0.03890397 -0.14023623
v -0.07285404 -0.01779478 -0.14654927
v -0.15459882 0.00728426 -0.04532012
v -0.12168603 -0.01796507 -0.01628094
v -0.13672963 -0.00668456 -0.05313088
v -0.13980499 -0.00673332 -0.05639210
v -0.14111210 -0.01291275 -0.05842900
v -0.13975307 -0.01250137 -0.05713664
v -0.13937627 -0.02096117 -0.05702323
v -0.13824017 -0.01996662 -0.05590350
v -0.14283918 -0.02743144 -0.05049539
v -0.14386293 -0.01970238 -0.05397974
v -0.14158018 0.01259670 -0.02600497
v -0.14157060 0.01166813 -0.02502059
v -0.14305761 0.01274066 -0.02646801
v -0.12315486 -0.01918852 -0.01854532
v -0.13255508 0.00571741 -0.02148023
v -0.13163453 0.00365234 -0.01936574
v -0.13104606 0.00416143 -0.02001286
v -0.11977191 -0.01156442 -0.02362412
v -0.11940925 -0.01055141 -0.02370606
v -0.12197009 -0.01351213 -0.02320942
v -0.12508647 -0.01571948 -0.02015618
v -0.11333746 -0.02639487 -0.02599406
v -0.11265543 -0.02714198 -0.02863992
v -0.11150453 -0.02846060 -0.02777678
v -0.14876658 0.01876945 -0.02815746
v -0.13190320 0.00258491 -0.01900866
v -0.13424012 0.00378716 -0.01915258
v -0.13570440 0.00496929 -0.01929644
v -0.14458281 0.01210785 -0.02663469
v -0.13665162 0.00591302 -0.01932761
v -0.13473047 0.00594040 -0.01976592
v -0.13738559 0.00771280 -0.02045096
v -0.13345480 0.00604660 -0.02038990
v -0.12493214 -0.01859466 -0.04829184
v -0.12270971 -0.01931567 -0.04486765
v -0.12242506 -0.00169716 -0.00751278
v -0.12317476 -0.00309280 -0.01066006
v -0.13051860 -0.04126263 -0.03692357
v -0.12917745 0.00717130 -0.03237499
v -0.13105696 0.01051205 -0.03405273
v -0.14768283 -0.01331937 -0.05463692
v -0.13314015 -0.02518600 -0.04022754
v -0.12868518 -0.02721260 -0.03871366
v -0.13811217 -0.02269427 -0.04197474
v -0.14193068 -0.01824977 -0.04368659
v -0.12564583 -0.00241868 -0.02767065
v -0.14331406 0.00328486 -0.03493770
v -0.14370981 0.00149653 -0.03750252
v -0.14060915 0.00314587 -0.03297109
v -0.13286693 0.01335621 -0.02990990
v -0.13334399 0.01277225 -0.02626352
v -0.12791914 0.00976922 -0.03004828
v -0.13304794 0.01098696 -0.02637776
v -0.11729424 -0.02134109 -0.02439986
v -0.11313939 -0.02922087 -0.03203708
v -0.11678289 -0.02654109 -0.03403834
v -0.11535913 -0.02997576 -0.03392402
v -0.11798164 -0.02785105 -0.03647098
v -0.11870236 -0.02548632 -0.03875669
v -0.11997160 -0.02247701 -0.04037986
v -0.12274413 -0.01929284 -0.03979370
v -0.11723628 -0.01537041 -0.02430615
v -0.13165179 0.01198293 -0.01311942
v -0.11616549 -0.01786855 -0.02486268
v -0.12021118 -0.01325818 -0.02351678
v -0.11992995 -0.01563206 -0.02345426
v -0.11880362 -0.01833758 -0.02365619
v -0.12500469 -0.03396658 -0.02928009
v -0.12544253 -0.03075411 -0.03313824
v -0.12248728 -0.03281846 -0.02802745
v -0.12608765 -0.02912311 -0.03668414
v -0.12038204 -0.03215478 -0.02728829
v -0.13201648 0.00804497 -0.03068918
v -0.13357073 0.01079319 -0.02918424
v -0.11830464 -0.02159934 -0.00906795
v -0.09766661 -0.02130115 0.04653843
v -0.10153619 -0.00914481 0.04067087
v -0.02401971 -0.10979737 0.06469394
v -0.02243549 -0.11549344 0.06433082
v -0.08069976 -0.04094920 0.06630839
v -0.07194903 -0.04675544 0.07356635
v -0.02156439 -0.10437128 0.08725181
v -0.01977114 -0.10607070 0.08710665
v -0.01819826 -0.10493018 0.08797856
v -0.01983917 -0.10418631 0.08735292
v -0.01630569 -0.10267793 0.08513087
v -0.01777085 -0.10288024 0.08365977
v -0.01795205 -0.10325778 0.08604015
v -0.01645502 -0.10347716 0.08739980
v -0.02768822 -0.07529788 0.09639063
v -0.03371419 -0.06807057 0.09453258
v -0.03912385 -0.07666060 0.09056850
v -0.03348061 -0.08305030 0.09230275
v -0.02134265 -0.10429171 0.07009929
v -0.02132343 -0.10097583 0.07145415
v -0.01946842 -0.10123974 0.07670268
v -0.01949444 -0.10298322 0.07566077
v -0.02101533 -0.10658123 0.06975965
v -0.01922429 -0.10392256 0.07559293
v -0.02418433 -0.10614029 0.06521944
v -0.02410752 -0.10097200 0.06661852
v -0.03669858 -0.11795720 0.07822201
v -0.03059322 -0.11322597 0.08151539
v -0.03291313 -0.10706429 0.08405657
v -0.03920822 -0.10891984 0.08106497
v -0.02088703 -0.05240252 0.09902053
v -0.02767676 -0.05960994 0.09728261
v -0.02290088 -0.06758398 0.09784184
v -0.01547516 -0.05871427 0.09933764
v -0.00914108 -0.05036135 0.10213882
v -0.01409336 -0.04459310 0.10104419
v -0.00626346 -0.03758738 0.11169511
v -0.00704174 -0.04360195 0.11285083
v -0.00516842 -0.04612165 0.11883052
v -0.00613177 -0.04216212 0.11740102
v -0.00262237 -0.05235849 0.11452889
v -0.00700964 -0.04683741 0.10929354
v 0.00343968 -0.05478684 0.11507037
v 0.00393998 -0.05409551 0.11711661
v -0.00322737 -0.05284833 0.11150056
v -0.00382074 -0.05420927 0.10759708
v 0.00252559 -0.05564815 0.11266427
v 0.00497732 -0.05333816 0.11911991
v 0.00073875 -0.05263076 0.11927879
v -0.00143277 -0.04931287 0.12282734
v 0.01338118 -0.05345380 0.13514650
v 0.01223364 -0.05174422 0.13937722
v 0.00618110 -0.01095418 0.11554871
v 0.00159448 -0.01392027 0.10920320
v 0.00621082 -0.01415865 0.11936438
v 0.00185439 -0.01672772 0.11269566
v -0.00005764 -0.04652121 0.13013990
v -0.00244245 -0.04316314 0.12802972
v 0.00382682 -0.04581459 0.13755815
v 0.00252543 -0.04129982 0.13783255
v 0.01481948 0.00373100 0.11588585
v 0.01494720 -0.05797610 0.12564918
v 0.01451421 -0.05879232 0.12448412
v 0.01544377 -0.05632164 0.12944815
v -0.03345710 0.15804738 -0.14352535
v -0.03388277 0.17827436 -0.11786574
v -0.03002232 0.19617212 -0.07005188
v -0.02474029 0.20056520 -0.04603040
v 0.01027150 -0.09234689 0.11923905
v 0.01056278 -0.08624469 0.12039265
v -0.00046327 -0.09573680 0.08658078
v 0.00685464 -0.09624186 0.08915237
v 0.00726199 -0.09925013 0.09465881
v 0.00005058 -0.09932436 0.09213237
v -0.00586077 -0.09889878 0.08869255
v -0.00698353 -0.09563410 0.08301139
v -0.00117039 -0.09244797 0.08239322
v 0.00643379 -0.09249841 0.08427371
v 0.00130646 -0.10324243 0.10222045
v 0.00815552 -0.10306475 0.10614523
v 0.00899776 -0.10143536 0.11113495
v 0.00204363 -0.10143293 0.10660683
v -0.00845094 -0.06152115 0.10389070
v -0.00158753 -0.06058063 0.10908185
v 0.00493387 -0.06122340 0.11536399
v 0.00953731 -0.06207007 0.11973970
v 0.01058930 -0.05857546 0.12075688
v 0.00718965 -0.05719537 0.11716240
v 0.01110647 -0.05726266 0.12166131
v 0.00800067 -0.05602661 0.11836223
v 0.00838505 -0.05513834 0.11962109
v 0.00796157 -0.05401403 0.12063730
v 0.01016368 -0.05426606 0.12294521
v 0.00969559 -0.05311166 0.12305728
v 0.01132021 -0.05626445 0.12264344
v 0.01442185 -0.02236114 0.14236571
v 0.01471597 -0.01850315 0.13782625
v 0.00472906 -0.08269638 0.11786944
v 0.01055305 -0.08130749 0.12036467
v 0.01193775 -0.07208952 0.12071867
v 0.00646905 -0.07269660 0.11865827
v -0.00056276 -0.07388771 0.11431102
v -0.00293895 -0.08555256 0.11246300
v 0.01406142 -0.05992340 0.12351592
v 0.00434701 -0.08775479 0.11683985
v 0.00386954 -0.09289257 0.11469306
v -0.00342628 -0.09048012 0.11086424
v -0.00371500 -0.09458458 0.10823385
v -0.01103344 -0.08952578 0.10527622
v -0.00959813 -0.07723141 0.10826288
v -0.01980035 -0.08083231 0.10112208
v -0.01797143 -0.09373002 0.09818080
v -0.03260570 -0.10098368 0.08735906
v -0.02416268 -0.10507326 0.08671936
v -0.02401249 -0.10239596 0.08830807
v -0.02351823 -0.10007437 0.09059475
v -0.03133024 -0.09497255 0.09089968
v -0.03866624 -0.09998980 0.08518946
v -0.03706215 -0.09135853 0.08890304
v -0.02764399 -0.08808504 0.09520308
v -0.02186069 -0.09712388 0.09366137
v -0.02186468 -0.10261600 0.08867399
v -0.02012686 -0.10320137 0.08812121
v -0.02121182 -0.10126877 0.09041281
v -0.01962437 -0.10226429 0.08951092
v -0.02001420 -0.09985130 0.09268057
v -0.01846497 -0.10141964 0.09128924
v -0.01611440 -0.09995192 0.09405248
v -0.01719609 -0.09749363 0.09618628
v -0.01668670 -0.10234016 0.08608912
v -0.01466099 -0.10224666 0.08780478
v -0.01449776 -0.10252759 0.09005624
v -0.01648377 -0.10270791 0.08785721
v -0.01791902 -0.10245202 0.08452885
v -0.01755169 -0.10295758 0.08662495
v -0.01850001 -0.10045204 0.07806548
v -0.01696343 -0.09935626 0.07946430
v -0.01866338 -0.10247587 0.08349231
v -0.01861097 -0.10292529 0.08533246
v -0.01850761 -0.10360754 0.08741275
v -0.01833742 -0.10280909 0.08821304
v -0.01725877 -0.10218155 0.08964454
v -0.01522572 -0.10158890 0.09196767
v -0.00392377 -0.09812176 0.10511111
v -0.01026604 -0.09696728 0.10124539
v -0.01005899 -0.09975192 0.09817787
v -0.00431154 -0.10176799 0.10118423
v -0.00991370 -0.10214819 0.09526803
v -0.00850025 -0.09243139 0.07863285
v -0.00466266 -0.10291752 0.09710731
v -0.01360775 -0.09593836 0.07807885
v -0.01586537 -0.09312861 0.07398550
v -0.01197601 -0.09876314 0.08369698
v -0.02024205 -0.09912805 0.07311486
v -0.01890557 -0.09705594 0.07421935
v -0.02335556 -0.09740225 0.06831457
v -0.02153844 -0.09475467 0.07017485
v -0.01021833 -0.10232148 0.09216860
v -0.01076868 -0.09378016 0.10349244
v 0.00314877 -0.09720979 0.11089445
v 0.00963204 -0.09708083 0.11559369
v 0.01377329 -0.03228685 0.15237527
v 0.01396894 -0.02649797 0.14723477
v -0.01705109 -0.10406487 0.08843362
v -0.00536765 -0.25302422 0.00327534
v -0.02212900 -0.10753294 0.08601428
v -0.01984258 -0.11083166 0.06922849
v -0.01791962 -0.10595983 0.07588986
v -0.03085715 -0.12740943 0.07704856
v -0.02152316 -0.13432287 0.08069924
v -0.01868826 -0.12603694 0.08456309
v -0.02609115 -0.12043315 0.08067953
v -0.01436735 -0.11480853 0.09089173
v -0.01915963 -0.11048588 0.08753611
v -0.01698869 -0.10822199 0.08947399
v -0.01229157 -0.11073736 0.09341772
v -0.01103378 -0.10759145 0.09505171
v -0.01549224 -0.10614760 0.09049600
v -0.00828964 -0.10252265 0.09412267
v -0.00103030 -0.10177439 0.09869927
v -0.00132333 -0.10779977 0.08801579
v -0.00852466 -0.10853669 0.08374079
v -0.01569471 -0.10651686 0.07816375
v -0.01424489 -0.10257679 0.08724592
v -0.00909662 -0.10343958 0.09534398
v -0.01405118 -0.10352907 0.08990187
v -0.00203617 -0.10239486 0.10097954
v -0.01794006 -0.24575660 -0.00091529
v -0.01474593 -0.10447437 0.09059429
v -0.00992479 -0.10474971 0.09529892
v -0.00287889 -0.10452317 0.10153957
v -0.00402175 -0.10858519 0.10150672
v -0.00516464 -0.11303802 0.10069074
v -0.00660880 -0.11861075 0.09847167
v -0.00981645 -0.13267183 0.09075332
v -0.01177868 -0.14269969 0.08658986
v -0.00094640 -0.13538618 0.09723741
v -0.00250790 -0.14626127 0.09527108
v 0.00076295 -0.12058036 0.10478441
v 0.00168803 -0.11396972 0.10766000
v 0.00253519 -0.10881379 0.10789470
v 0.00330296 -0.10448468 0.10732341
v 0.01329651 -0.06262311 0.12203393
v 0.01167934 -0.05438150 0.12549959
v 0.01303505 -0.05413895 0.12988891
v 0.00957480 -0.04950600 0.14149764
v 0.01570830 -0.05545484 0.13429132
v 0.00598421 -0.04668838 0.14099959
v 0.00841021 -0.04788816 0.14366011
v 0.00769971 -0.04522261 0.14581805
v 0.00602722 -0.04381609 0.14367551
v 0.01046803 -0.04908131 0.14587945
v 0.00891695 -0.04582020 0.14776304
v 0.01525683 -0.05114502 0.14902300
v 0.01468299 -0.04618662 0.15387899
v 0.01388406 -0.03767870 0.15496671
v 0.01436777 -0.04280014 0.15514034
v 0.00726317 -0.04274184 0.14731765
v 0.00537263 -0.03941999 0.14461344
v 0.00485187 -0.03448733 0.14153428
v 0.00139819 -0.03670939 0.13402513
v -0.00505566 0.19651496 0.01063421
v 0.00416825 -0.10200609 0.10645867
v 0.00540747 -0.10114323 0.10328649
v -0.00216294 -0.12468112 0.07191835
v -0.00152796 -0.11749635 0.07772427
v 0.00407048 -0.11750709 0.08035083
v 0.00376814 -0.12530884 0.07487396
v 0.01000571 -0.10057935 0.10553295
v 0.00925007 -0.10753744 0.09265432
v 0.00492250 -0.10746835 0.09101389
v 0.00958377 -0.10142140 0.10899701
v 0.00898418 -0.10420901 0.11043602
v 0.00837411 -0.10859625 0.11167965
v 0.00842982 -0.11811493 0.08149981
v 0.00772822 -0.12615708 0.07594071
v -0.01696643 -0.11357880 0.07064229
v -0.01788258 -0.12037927 0.06551254
v -0.00917082 -0.11685808 0.07451692
v -0.01005231 -0.12259192 0.06957109
v 0.00513497 -0.14668494 0.10162688
v 0.00625453 -0.13613601 0.10205551
v 0.00759016 -0.11418372 0.11116974
v 0.00715013 -0.12123038 0.10787846
v -0.03275343 0.18981132 -0.09461159
v -0.09998426 0.07967529 0.04015946
v -0.09531999 0.06536594 0.04886152
v -0.08189169 0.07684168 0.06227065
v -0.08712040 0.08897841 0.05245288
v -0.10224463 0.09626465 0.03256750
v -0.08914627 0.10341577 0.04324457
v -0.06243053 0.18510896 -0.00833676
v -0.06241547 0.17897266 0.00579701
v -0.02588956 0.19093943 0.00955953
v -0.05352388 0.19039351 -0.02869912
v -0.07839242 0.17633441 -0.04645467
v -0.08113723 0.17483962 -0.01423131
v -0.07968442 0.16931652 0.00249141
v -0.03544101 -0.13295047 -0.16049831
v -0.08975136 0.05914644 -0.15477860
v -0.07598729 0.16280644 0.01592955
v -0.06007951 0.17081267 0.01882399
v -0.05804034 0.16087836 0.02981225
v -0.07236286 0.15469977 0.02646582
v -0.02452817 0.18139878 0.02293918
v -0.00394547 0.18606387 0.02424748
v -0.02538824 0.01409335 -0.19807681
v 0.01473687 -0.01439075 0.13355607
v -0.07192803 -0.07328503 -0.11450699
v -0.08942752 -0.08083197 -0.08083244
v -0.09078869 -0.19033146 -0.05240817
v -0.11437092 -0.04486012 -0.03939074
v -0.11388109 -0.04342693 -0.04038379
v -0.09029416 -0.11643858 -0.04925502
v -0.09372510 -0.08896789 -0.04675946
v -0.05483264 -0.06678306 -0.13658908
v -0.13245164 -0.02272656 -0.05491306
v -0.13440686 -0.01689576 -0.05539735
v -0.13477707 -0.02420885 -0.05455034
v -0.13660073 -0.01772453 -0.05540147
v -0.13697985 -0.01150636 -0.05491555
v -0.13575850 -0.02726880 -0.05367562
v -0.13290395 0.01255918 -0.02390080
v -0.13632889 0.01392968 -0.02176602
v -0.11272157 -0.04892548 -0.03260832
v -0.11279020 -0.04715421 -0.03521089
v -0.11139667 -0.04800397 -0.03395311
v -0.11098565 -0.04926691 -0.03184845
v -0.11200447 -0.05097361 -0.03019800
v -0.11035469 -0.05062093 -0.03011708
v -0.13179632 0.02776855 -0.00833447
v -0.10732330 -0.04774387 -0.03566830
v -0.11221974 -0.04431664 -0.03962263
v -0.11199667 -0.04578166 -0.03721154
v -0.11092543 -0.04765575 -0.03501723
v -0.10944704 -0.04981074 -0.03185438
v -0.10922644 -0.05193680 -0.02934957
v -0.11057072 -0.05338853 -0.02875279
v -0.13627730 -0.02897498 -0.05461462
v -0.12108245 -0.05041192 -0.03759421
v -0.13122338 0.00730122 -0.03539357
v -0.13121188 0.00582726 -0.03894031
v -0.13586538 0.00774694 -0.04075581
v -0.13563621 0.00952879 -0.03741950
v -0.09729149 -0.00760608 -0.12607969
v -0.10281168 0.00424144 -0.13081813
v -0.01380189 -0.12621725 -0.17000245
v -0.01264149 -0.10267063 -0.16596036
v -0.13156328 0.03438706 -0.08918479
v -0.13114388 0.00852436 -0.03256489
v -0.13578689 0.01089820 -0.03439617
v -0.13507785 -0.01105131 -0.05458344
v -0.12745914 0.00822309 -0.03299465
v -0.12811574 0.00684344 -0.03594618
v -0.13833389 0.01295566 -0.03658038
v -0.13809502 0.01128453 -0.03988861
v -0.13884023 0.00923449 -0.04329532
v -0.12868910 0.00530131 -0.03919543
v -0.13307068 0.01221301 -0.03343713
v -0.13956007 0.07510136 -0.03458558
v -0.13898219 0.06912646 -0.06127559
v -0.13365658 0.10745608 -0.03484640
v -0.13282983 0.10306768 -0.06351542
v -0.12503342 0.09751294 -0.09525308
v -0.13068710 0.06210755 -0.09348716
v -0.13304435 0.01259283 -0.02441648
v -0.13833642 0.01513149 -0.02226113
v -0.10411702 0.11051773 0.02672641
v -0.11454217 0.10325018 0.01920562
v -0.09030391 0.11645292 0.03582598
v -0.09079196 0.12846321 0.03011779
v -0.10379350 0.12425015 0.02138620
v -0.11879720 0.11500730 0.00872876
v -0.13605240 0.05486105 -0.01478796
v -0.13510114 0.08055817 -0.01142876
v -0.12799293 0.08386884 0.00355336
v -0.12846778 0.11170810 -0.00964866
v -0.11140282 0.13462344 0.00409454
v -0.11972247 0.13230553 -0.01193309
v -0.09832390 0.15259457 0.00180910
v -0.10353778 0.15362905 -0.01512692
v -0.10430858 0.15390727 -0.04161899
v -0.12398860 0.12955149 -0.03681703
v -0.10092028 0.13678257 0.01670403
v -0.08827510 0.13932532 0.02614094
v -0.09165338 0.15051518 0.01445325
v -0.08446321 0.14869213 0.02254760
v -0.12319309 0.08484970 0.01114528
v -0.10078059 -0.06067386 -0.02987740
v -0.10481106 -0.06296713 -0.02188318
v -0.11292228 -0.04547301 -0.00926989
v -0.10673440 -0.01531760 0.03037804
v -0.10809916 -0.00211655 0.03004259
v -0.11566152 -0.00757523 0.01866076
v -0.11131026 -0.02705446 0.01760804
v -0.10569420 0.01149510 0.03051884
v -0.11493850 0.00625799 0.01981676
v -0.11542641 0.02097958 0.02019155
v -0.10610884 0.02537250 0.03280828
v -0.10903803 0.09298737 -0.12652089
v -0.11277924 0.06196564 -0.12878154
v -0.11285425 0.04110992 -0.13056888
v -0.06553578 0.03911109 0.08538800
v -0.03308123 0.14279425 -0.15928088
v -0.06644227 0.08287777 0.07523625
v -0.09455039 0.13198647 -0.11918353
v -0.07015863 0.14698498 -0.13044107
v -0.12350951 0.12537849 -0.06526043
v -0.11817001 0.12030710 -0.09204996
v -0.10339786 0.11386961 -0.12292539
v -0.10993505 0.02299863 -0.13364479
v -0.07261373 0.14456455 0.03280182
v -0.08002640 0.00462055 0.06442551
v -0.07848702 0.00055324 0.06209574
v -0.08078985 0.00863532 0.06831503
v -0.07582517 -0.00429920 0.06441246
v -0.00404062 -0.01678705 0.10415062
v -0.00315983 -0.01895277 0.10725650
v -0.00276162 -0.02181750 0.11022248
v -0.00901790 -0.02105897 0.10266586
v -0.00806816 -0.02467553 0.10518596
v 0.00279637 -0.02268483 0.12065455
v 0.00211023 -0.01967447 0.11636109
v -0.00157746 -0.02486534 0.11331007
v -0.00100812 -0.02905115 0.11596751
v 0.00272301 -0.02637704 0.12404200
v -0.00836868 -0.04652378 0.10523765
v -0.01007308 -0.03870171 0.10394466
v -0.00550770 -0.03300275 0.10877238
v -0.01455368 -0.02789232 0.10198756
v -0.01248723 -0.03276154 0.10340905
v -0.00662010 -0.02834298 0.10723026
v -0.01639137 -0.02335915 0.09935987
v -0.00243359 -0.03422548 0.11957200
v -0.00347644 -0.03964139 0.12431675
v 0.00228423 -0.03128045 0.12902378
v 0.00519528 -0.02942820 0.13625669
v 0.00568254 -0.02470724 0.13138288
v -0.01032943 -0.01859473 0.10005619
v -0.01877593 -0.02024686 0.09753858
v -0.01897968 -0.03805023 0.10147654
v -0.02719307 -0.04387518 0.10018329
v -0.02277311 -0.03132090 0.09992050
v -0.03054734 -0.03562991 0.09872107
v -0.02484167 -0.02589239 0.09790453
v -0.03301762 -0.02937036 0.09652772
v -0.03448069 -0.05139034 0.09787645
v -0.04093657 -0.05896365 0.09436579
v -0.04671928 -0.06943027 0.08897311
v -0.04647658 -0.04947548 0.09314033
v -0.05337339 -0.05941154 0.08721559
v -0.05018848 -0.03963394 0.09146291
v -0.05841928 -0.04908737 0.08540688
v -0.03897231 -0.04142625 0.09662981
v -0.04208696 -0.03402329 0.09444457
v -0.03524531 -0.02371407 0.09430025
v -0.02725641 -0.02152983 0.09604854
v -0.05243717 -0.02222966 0.08823280
v -0.05186831 -0.03043812 0.08993787
v -0.04366703 -0.02671218 0.09225939
v -0.04478168 -0.02037395 0.09003116
v -0.06145920 -0.03643568 0.08475950
v -0.06109453 -0.02459854 0.08501269
v -0.05968168 -0.01785401 0.08374514
v -0.03376717 -0.01164293 0.08958208
v -0.02466044 -0.01129117 0.09113334
v -0.04034776 -0.01178071 0.08775694
v -0.05191313 -0.01702651 0.08648403
v -0.04538840 -0.01646056 0.08836323
v -0.06755470 -0.00990396 0.07399397
v -0.06283410 -0.01087774 0.07755318
v -0.05138811 -0.01159707 0.08354282
v -0.04609722 -0.01177926 0.08565215
v -0.05723638 -0.01127076 0.08071107
v -0.01622775 -0.00987986 0.09161405
v -0.00795513 -0.00816556 0.09215067
v -0.08644187 -0.10694452 -0.07921208
v 0.00644827 -0.02107305 0.12771961
v 0.00640012 -0.01779859 0.12339920
v -0.00209087 0.00819674 0.09823762
v 0.00143508 0.00567789 0.09650719
v 0.01016709 0.00426567 0.11033288
v -0.00830146 0.01103911 0.10406436
v -0.00239176 -0.00572693 0.09261274
v 0.00084548 -0.00333620 0.09275025
v 0.00250620 -0.00053662 0.09329437
v 0.00321619 0.00264666 0.09461205
v -0.02968105 0.02277601 0.11240262
v -0.02262274 0.01574078 0.11303584
v -0.08698878 0.05164000 0.06091662
v -0.09383547 0.03899819 0.05201896
v -0.07073031 0.02004008 0.08675797
v -0.07674661 0.01705027 0.07990229
v -0.08012052 0.01299083 0.07334466
v -0.09715928 0.02484556 0.04431729
v -0.09874903 0.01327358 0.04039248
v -0.10112993 0.00192524 0.03926857
v -0.07263416 0.10924611 0.05645053
v -0.07326868 0.12188432 0.04794082
v -0.07086315 0.09604052 0.06579159
v -0.05656663 0.14993766 0.03940912
v -0.05587641 0.13879463 0.04990600
v -0.07334235 0.13369352 0.03999729
v -0.05593883 0.12682752 0.05948337
v -0.05577929 0.11423558 0.06845036
v -0.05396054 0.10120204 0.07810217
v -0.05059065 0.08759868 0.08767514
v -0.04603971 0.07082370 0.09571786
v -0.07110757 -0.09806857 -0.11459151
v 0.00984025 -0.03656019 0.12005101
v 0.01041476 -0.03678540 0.12088833
v 0.01015992 -0.03654923 0.11966693
v 0.01081479 -0.03674795 0.12062702
v 0.01026943 -0.03724349 0.12053271
v 0.01016331 -0.05020439 0.12253450
v 0.01135057 -0.04658175 0.12147878
v 0.01096823 -0.04086769 0.12142877
v -0.11155859 -0.05693780 -0.01294860
v -0.08913569 -0.17660046 -0.07924253
v -0.08278663 -0.16469470 -0.10434345
v 0.08134208 -0.16272664 -0.08584233
v 0.07283486 -0.15192521 -0.11097842
v 0.02683141 -0.24986994 -0.00673010
v 0.04307193 -0.23814639 -0.01375681
v 0.04446888 -0.25363332 -0.01640813
v 0.02682791 -0.26413178 -0.00964808
v 0.08777207 -0.19460183 -0.10078116
v 0.08390708 -0.17939797 -0.09064990
v 0.07551595 -0.16796395 -0.11805195
v 0.08091381 -0.18213278 -0.13011414
v 0.06091552 -0.15982936 -0.14211480
v 0.06620890 -0.17498869 -0.15573014
v 0.04648229 -0.17247370 -0.17433944
v 0.04351496 -0.15379342 -0.16041742
v 0.02761697 -0.15041187 -0.17273775
v 0.02808512 -0.17212890 -0.18602876
v 0.06267098 -0.22322419 -0.02313758
v 0.07894076 -0.20699519 -0.03945152
v 0.08169962 -0.22416556 -0.04538180
v 0.06464718 -0.23971216 -0.02694655
v 0.08669455 -0.19228518 -0.06271449
v 0.08943292 -0.20852917 -0.07129365
v 0.01369370 -0.17302379 -0.19118956
v 0.01397428 -0.14891152 -0.17866895
v 0.02808513 -0.29994625 -0.01621894
v 0.01310785 -0.30613723 -0.01423550
v 0.01430626 -0.28722456 -0.00945025
v 0.02724263 -0.28103822 -0.01294448
v 0.08091272 -0.29540914 -0.04317158
v 0.10646639 -0.27537906 -0.06561710
v 0.11978777 -0.29288363 -0.06228071
v 0.08953963 -0.31525666 -0.04132534
v 0.16165632 -0.28111887 -0.08495215
v 0.17812195 -0.25031489 -0.12431325
v 0.05222912 -0.30948627 -0.02704846
v 0.05686845 -0.32957628 -0.02572336
v -0.00229942 -0.19663286 -0.20838726
v -0.00108935 -0.17434561 -0.19133830
v 0.15782189 -0.23960286 -0.12780169
v 0.15426734 -0.22377829 -0.17422979
v 0.17920209 -0.23454730 -0.17297879
v 0.07202455 -0.25550684 -0.25787395
v 0.07280866 -0.26787990 -0.26573959
v 0.10185415 -0.25814652 -0.26033244
v 0.09345127 -0.24723837 -0.25091583
v 0.11202461 -0.20433530 -0.16004269
v 0.08964117 -0.20117882 -0.18980449
v 0.10605286 -0.21294691 -0.20308179
v 0.13279587 -0.21330689 -0.16988263
v 0.04052339 -0.22839014 -0.23799099
v 0.07320754 -0.21901515 -0.22472271
v 0.06224336 -0.20576516 -0.21189871
v 0.03418180 -0.21027483 -0.22330135
v 0.13832092 -0.23047349 -0.12741771
v 0.11647590 -0.22089499 -0.12210348
v 0.12494703 -0.25443104 -0.09437735
v 0.10825106 -0.24098782 -0.08980361
v 0.09426125 -0.26013416 -0.06196028
v 0.07587254 -0.18777454 -0.17149554
v 0.05250991 -0.18865523 -0.19185153
v 0.02964953 -0.19131300 -0.20386866
v 0.01332763 -0.19434191 -0.20826182
v -0.00611259 -0.28537172 -0.26341140
v -0.00526594 -0.26215136 -0.25514901
v 0.01449815 -0.23402640 -0.24151230
v 0.01397411 -0.21522638 -0.22799383
v 0.14246628 -0.26657733 -0.09257606
v 0.09599968 -0.22574604 -0.08187357
v 0.08692549 -0.24186341 -0.05376555
v 0.10305674 -0.33216345 -0.02918903
v 0.13756397 -0.31176731 -0.05150070
v 0.06553900 -0.34744096 -0.01767780
v 0.03373470 -0.35910112 -0.01036971
v 0.01509132 -0.25838268 -0.25347394
v 0.01355032 -0.28101021 -0.26256657
v 0.04351704 -0.27341205 -0.26394054
v 0.04949703 -0.24967745 -0.25299239
v 0.07421973 -0.27705759 -0.03853601
v 0.05022316 -0.29043984 -0.02344833
v 0.02801328 -0.31887400 -0.01842679
v 0.09335545 -0.19285516 -0.14400449
v 0.09799437 -0.20819604 -0.11146566
v 0.06899150 -0.25720137 -0.03272684
v 0.04672790 -0.27126038 -0.02006557
v 0.01471769 -0.27156347 -0.00516617
v 0.02971398 -0.33899263 -0.01688137
v 0.15634498 -0.23640220 -0.21662760
v 0.13005209 -0.24706239 -0.24483962
v 0.11578131 -0.24070913 -0.24018636
v -0.00453066 -0.23729634 -0.24311352
v 0.00254197 -0.29015791 -0.00829457
v 0.00124806 -0.30766529 -0.01313670
v 0.00395612 -0.27473044 -0.00312707
v 0.12480394 -0.22722243 -0.21782026
v 0.08464578 -0.23466371 -0.23902206
v 0.00469105 -0.26296765 0.00120723
v -0.00004377 -0.14944305 -0.17953061
v 0.00007729 -0.32872266 -0.01759033
v -0.00053303 -0.35328752 -0.01696839
v -0.00038345 -0.37490034 -0.00928399
v 0.01560444 -0.25893509 -0.00145092
v 0.01235843 -0.34784210 -0.01619920
v 0.01243339 -0.32562560 -0.01721198
v 0.01321792 -0.36964533 -0.00944436
v -0.00338893 -0.21778059 -0.22888380
v -0.01808965 -0.25586760 -0.00387758
v -0.03726006 -0.24651802 -0.00937374
v -0.03888557 -0.26219243 -0.01193502
v -0.01930320 -0.27001759 -0.00694217
v -0.09462912 -0.20987165 -0.09419076
v -0.09106919 -0.19430321 -0.08424515
v -0.08519269 -0.18148729 -0.11133784
v -0.09120169 -0.19588079 -0.12293911
v -0.07336198 -0.17126815 -0.13545646
v -0.07914381 -0.18713224 -0.14852217
v -0.05980091 -0.18192156 -0.16876853
v -0.05607835 -0.16290298 -0.15471900
v -0.03523567 -0.15646060 -0.16917118
v -0.03752314 -0.17855029 -0.18237633
v -0.06004277 -0.23444177 -0.01734573
v -0.07935804 -0.22074178 -0.03330221
v -0.08120681 -0.23750788 -0.03923833
v -0.06174673 -0.25080609 -0.02135811
v -0.09137664 -0.20754015 -0.05632086
v -0.09280191 -0.22432555 -0.06507619
v -0.01616536 -0.17633095 -0.18936467
v -0.01472786 -0.15210664 -0.17693564
v -0.02399748 -0.30487031 -0.01318956
v -0.01017099 -0.30800661 -0.01287324
v -0.00864536 -0.29041642 -0.00825540
v -0.02180324 -0.28735188 -0.01016619
v -0.07651147 -0.30714628 -0.03809600
v -0.10483171 -0.28935155 -0.05897084
v -0.11663023 -0.30779761 -0.05507716
v -0.08440990 -0.32728928 -0.03501219
v -0.16059232 -0.30007374 -0.07544011
v -0.18204094 -0.27067327 -0.11350559
v -0.04802373 -0.31768152 -0.02236744
v -0.05194145 -0.33875158 -0.02062307
v -0.16310877 -0.25799987 -0.11787777
v -0.16406760 -0.24156891 -0.16406238
v -0.18790618 -0.25447309 -0.16167398
v -0.08395722 -0.26584047 -0.25254765
v -0.08425017 -0.27823389 -0.26045561
v -0.11343852 -0.27114266 -0.25339100
v -0.10560341 -0.25966913 -0.24413955
v -0.12355527 -0.21807623 -0.15109260
v -0.10301492 -0.21437562 -0.18301620
v -0.11855181 -0.22694848 -0.19511232
v -0.14334884 -0.22928876 -0.16069558
v -0.05269666 -0.23566021 -0.23427349
v -0.08628278 -0.22942483 -0.21856847
v -0.07522053 -0.21335483 -0.20521648
v -0.04542273 -0.21717107 -0.21997219
v -0.14461955 -0.24712272 -0.11798748
v -0.12362654 -0.23610860 -0.11337577
v -0.12730846 -0.26976100 -0.08592305
v -0.11141464 -0.25598782 -0.08299910
v -0.09429512 -0.27267909 -0.05564526
v -0.08939690 -0.20120101 -0.16449171
v -0.06678804 -0.19936490 -0.18614295
v -0.04096708 -0.19829163 -0.20030332
v -0.01778219 -0.20000592 -0.20759299
v -0.02345039 -0.23948571 -0.24033213
v -0.02130355 -0.21435216 -0.22565416
v -0.14326140 -0.28378186 -0.08386123
v -0.09864915 -0.24132210 -0.07579909
v -0.08635475 -0.25569683 -0.04815321
v -0.09618376 -0.34608603 -0.02115145
v -0.13250275 -0.32824051 -0.04261609
v -0.05861880 -0.35745189 -0.01157047
v -0.02928190 -0.36487603 -0.00625035
v -0.02598745 -0.26195565 -0.25158212
v -0.02546425 -0.28455913 -0.26041555
v -0.05404128 -0.28117895 -0.26033998
v -0.06143665 -0.25787205 -0.24884450
v -0.07094997 -0.28734142 -0.03327311
v -0.04596919 -0.29820871 -0.01864075
v -0.02521983 -0.32443833 -0.01565717
v -0.10387641 -0.20825663 -0.13604233
v -0.10521687 -0.22433813 -0.10478806
v -0.06617387 -0.26886129 -0.02759653
v -0.04209020 -0.28037852 -0.01566095
v -0.00737170 -0.27455765 -0.00396268
v -0.02693660 -0.34444344 -0.01329686
v -0.16721056 -0.25458670 -0.20611724
v -0.14171639 -0.26283193 -0.23588660
v -0.12771457 -0.25529194 -0.23187494
v -0.13677943 -0.24265935 -0.20908201
v -0.09705855 -0.24647701 -0.23256095
v -0.00613559 -0.26186714 -0.00015656
v -0.01287898 -0.35075021 -0.01442045
v -0.01160596 -0.32856089 -0.01606425
v -0.01358506 -0.37191099 -0.00735538
v 0.00973570 -0.03712665 0.11991084
v -0.10772341 -0.06695808 0.00873095
v -0.10667687 -0.07889501 -0.00035073
v -0.09820268 -0.10269207 0.00450678
v -0.10044655 -0.08907612 0.01380782
v -0.08658418 -0.12405690 0.00973039
v -0.09305972 -0.10710673 0.01785102
v -0.07377073 -0.14230166 0.01647198
v -0.08362735 -0.12422469 0.02255366
v -0.06443919 -0.15588111 0.02532192
v -0.07413131 -0.13728811 0.03114048
v -0.03579979 -0.16929814 0.05788613
v -0.03217108 -0.17782304 0.04955556
v -0.01960652 -0.18438278 0.06180408
v -0.02040670 -0.17777278 0.07088728
v -0.00804603 -0.18980256 0.07283342
v -0.00869424 -0.18332607 0.08209291
v 0.00119083 -0.19107607 0.07904212
v 0.00147403 -0.18518710 0.08886476
v 0.01106592 -0.19051485 0.08200817
v 0.01152636 -0.18433237 0.09188681
v 0.01235582 -0.16581468 0.10229586
v 0.00311309 -0.16739222 0.10051894
v 0.00227705 -0.17692262 0.09603524
v 0.01189147 -0.17678836 0.09796515
v -0.00567823 -0.16561174 0.09376331
v -0.00783897 -0.17538145 0.08899109
v -0.01574514 -0.16050045 0.08312208
v -0.01882714 -0.16985330 0.07807031
v -0.02923387 -0.15207487 0.07205069
v -0.03327978 -0.16117528 0.06597494
v -0.04196675 -0.14263391 0.06738889
v -0.04899171 -0.14730972 0.05924401
v 0.00144535 -0.19493861 0.06569195
v 0.01061015 -0.19407929 0.06930126
v -0.00677669 -0.19347620 0.06001782
v -0.01702193 -0.18866850 0.05065776
v -0.02757160 -0.18376808 0.04002578
v -0.05187502 -0.16609600 0.03793366
v -0.04012744 -0.17813900 0.02932168
v -0.05467664 -0.16754463 0.02052730
v -0.06440775 -0.15409477 0.01159640
v -0.07988454 -0.13443327 0.00318809
v -0.09512601 -0.11034547 -0.00389200
v -0.10453598 -0.08523931 -0.00848038
v -0.11028819 -0.06261617 -0.00386177
v -0.00367155 -0.15662289 0.09588031
v 0.00417361 -0.15725383 0.10186405
v -0.01235517 -0.15228802 0.08635165
v -0.02458778 -0.14352262 0.07647995
v -0.03655772 -0.13524358 0.07299250
v -0.04621972 -0.11068359 0.07655866
v -0.04380593 -0.12329036 0.07369142
v -0.04351319 -0.08705029 0.08569660
v -0.04539849 -0.09851822 0.08132401
v -0.05874451 -0.07375525 0.07886198
v -0.06208237 -0.09010483 0.06993881
v -0.05367386 -0.09630990 0.07571470
v -0.05124599 -0.08150320 0.08226357
v -0.06523339 -0.06169175 0.07595372
v -0.07024265 -0.08121920 0.06461509
v 0.00182025 -0.19840886 0.05450686
v 0.01013812 -0.19830930 0.05590402
v -0.00516655 -0.19731891 0.04917329
v -0.01319046 -0.19450270 0.04093953
v -0.02067840 -0.19240290 0.03156321
v -0.02988445 -0.18928270 0.02263915
v -0.04060162 -0.18277597 0.01536990
v -0.05429163 -0.17036113 0.00675043
v -0.07171316 -0.14880264 -0.00302367
v -0.09050795 -0.11810727 -0.01054410
v -0.09939580 -0.09109595 -0.01684248
v -0.01719912 -0.20523165 0.01686739
v -0.01067623 -0.20469397 0.02276857
v -0.00583494 -0.20539489 0.02859416
v -0.00211335 -0.20487827 0.03459466
v 0.00237703 -0.20724989 0.03358793
v 0.00919092 -0.20900373 0.03284221
v 0.00248477 -0.21104896 0.02395449
v 0.00893493 -0.21262902 0.02408542
v -0.00057003 -0.21578278 0.01923832
v 0.00858315 -0.21707505 0.01991377
v -0.00335413 -0.22166443 0.01600511
v 0.00790484 -0.22508892 0.01612910
v -0.05085283 -0.12898245 0.06723169
v -0.05943716 -0.12885714 0.05855237
v -0.06305224 -0.10895450 0.06260775
v -0.07208923 -0.10216608 0.05493961
v -0.06914735 -0.12514341 0.04847801
v -0.05432929 -0.11294836 0.06998733
v -0.08010781 -0.11552646 0.03786156
v -0.08134010 -0.09166509 0.04706139
v -0.07800521 -0.06859519 0.06007864
v -0.08783398 -0.07868968 0.04110208
v -0.08833659 -0.10241723 0.02979593
v -0.08477014 -0.05941167 0.05407438
v -0.09027702 -0.05020224 0.04890386
v -0.09261046 -0.06815483 0.03601538
v -0.09420812 -0.08774065 0.02572498
v -0.05957204 -0.15039361 0.04458824
v -0.09951025 -0.07426861 0.02202725
v -0.09517422 -0.04186474 0.04291337
v -0.09706986 -0.05684331 0.03138422
v -0.10057373 -0.03109462 0.03603569
v -0.10361720 -0.04389004 0.02460876
v -0.10655417 -0.05680618 0.01612131
v -0.11264599 -0.04873600 0.00184921
v 0.01257762 -0.15585710 0.10409503
v -0.10099012 -0.05700697 -0.03680869
v -0.01510687 -0.07222017 0.10271332
v -0.00583604 -0.06868254 0.10904288
v 0.00224170 -0.06756320 0.11502765
v 0.00808012 -0.06725278 0.11920656
v 0.01274529 -0.06719656 0.12130184
v 0.00636132 -0.24567097 0.00922270
v 0.02020159 0.01591165 0.12011416
v 0.00717753 -0.23334306 0.01352874
v 0.01257340 -0.12642467 0.07617774
v 0.01432956 0.18846162 0.02461741
v 0.01284332 -0.14567803 0.10503880
v 0.01315775 -0.11772887 0.08225004
v 0.01957777 -0.02649190 0.15098408
v 0.01306574 -0.13688321 0.10430652
v 0.01424527 -0.11483219 0.11230400
v 0.01468767 -0.10383277 0.11133145
v 0.01966742 0.07639848 0.11313587
v 0.01454092 -0.10855454 0.11295979
v 0.01646663 -0.06300986 0.12262651
v 0.01944401 -0.03182312 0.15598151
v 0.01469474 -0.10086016 0.10913475
v 0.00373444 -0.05589700 -0.16714680
v 0.01380543 -0.12207796 0.10875873
v 0.01374838 -0.10732630 0.09308657
v 0.01454037 -0.10008278 0.10595604
v 0.01445940 -0.09280340 0.08473606
v 0.01638024 -0.06806412 0.12147878
v 0.01995946 -0.00657802 0.12842526
v 0.00494622 -0.00138511 -0.19816059
v 0.01979927 -0.01005441 0.13245197
v 0.01783235 0.12578428 0.09050068
v 0.01908680 0.09640727 0.10711762
v 0.01961458 -0.02189345 0.14587542
v 0.00570148 0.09146153 -0.19827761
v 0.00593743 0.12202857 -0.18532221
v 0.01993558 0.04398504 0.11796039
v 0.01100596 0.20628914 -0.05249877
v 0.01924975 -0.03744126 0.15870306
v 0.01718661 -0.05611210 0.13422917
v 0.01591837 0.16478074 0.05392222
v 0.00540561 0.03068461 -0.20711857
v 0.00825904 0.19653082 -0.10108996
v 0.01506309 -0.10140201 0.11256009
v 0.01512859 0.17709538 0.03784735
v 0.01489971 -0.10285615 0.10682436
v 0.01807881 -0.05235014 0.15016428
v 0.00520342 0.01237691 -0.20506996
v 0.00558166 0.05341587 -0.20533110
v 0.01581815 -0.08173501 0.12011731
v 0.01614873 -0.07337172 0.12064053
v 0.00946733 0.20362483 -0.07721621
v 0.02039417 0.02349320 0.12081376
v 0.01565602 -0.08777211 0.12056614
v 0.01997491 0.00348235 0.11918816
v 0.01550007 -0.09333264 0.12006858
v 0.00551849 -0.25470871 0.00476675
v 0.00678378 0.16457653 -0.15060231
v 0.01526098 -0.09775782 0.11688171
v 0.01461781 -0.09922336 0.09572706
v 0.01974789 -0.01748848 0.14095554
v 0.01452181 -0.09624757 0.09002770
v 0.01978023 0.05774229 0.11549127
v 0.01670860 -0.05934970 0.12558515
v 0.01681643 -0.05868553 0.12693758
v 0.01984253 0.00082369 0.12073973
v 0.01833202 0.11211912 0.09932234
v 0.02016868 0.00581243 0.11896071
v 0.01668835 -0.06022973 0.12439561
v 0.00632794 0.14854304 -0.16691935
v 0.01253879 0.20921695 -0.02220653
v 0.01313508 0.20676848 -0.00556083
v 0.01988096 -0.00299426 0.12458654
v 0.01985930 -0.01346629 0.13632187
v 0.00315950 -0.07380603 -0.16720696
v 0.01862281 -0.04736011 0.15622491
v 0.01893061 -0.04314703 0.15851957
v 0.01667796 0.15163881 0.06866939
v 0.00470614 -0.01195746 -0.19223598
v 0.01361672 0.19983968 0.01090286
v 0.01729161 0.13861626 0.08046965
v 0.00422115 -0.03500775 -0.17709190
v 0.00449009 -0.02015786 -0.18745796
v 0.01778440 -0.05389653 0.14634916
v 0.02001069 0.00869215 0.11864339
v 0.01743574 -0.05538736 0.13974819
v 0.00734281 0.18561849 -0.12418063
v 0.01699386 -0.05736718 0.12967803
v 0.02404783 -0.03714612 0.11941405
v 0.10238658 -0.05845909 0.00051309
v 0.10012169 -0.06866002 -0.00866406
v 0.09464650 -0.09183510 -0.00330779
v 0.09791014 -0.07931080 0.00599263
v 0.08646910 -0.11359155 0.00242122
v 0.09263058 -0.09698098 0.01025818
v 0.07635722 -0.13235791 0.00975176
v 0.08542961 -0.11423512 0.01540034
v 0.01340734 -0.05186744 0.14523184
v 0.01428674 -0.05379631 0.13989332
v 0.07002565 -0.14681242 0.01899692
v 0.07874310 -0.12806839 0.02439472
v -0.00364223 -0.00172930 0.08767438
v 0.00814322 -0.05437339 0.12027411
v 0.01002368 -0.02318411 0.13797267
v -0.00163685 -0.00135103 0.08876599
v 0.04831886 -0.16318038 0.05275875
v 0.04491895 -0.17148437 0.04452213
v 0.03605678 -0.17893387 0.05745596
v 0.03734060 -0.17253166 0.06648874
v 0.00455263 -0.05348086 0.11838384
v 0.02902982 -0.18634064 0.06983715
v 0.03024174 -0.17978531 0.07894735
v 0.02086187 -0.18960133 0.07751995
v 0.02147382 -0.18346503 0.08727932
v 0.01047856 -0.01561645 0.12924054
v 0.00710020 -0.00410303 0.10647978
v 0.02143001 -0.16605674 0.09966870
v 0.02147844 -0.17554128 0.09496599
v 0.01057599 -0.01960396 0.13375121
v -0.00344886 -0.04804790 0.12035904
v -0.00092568 -0.05230213 0.11695810
v 0.01066993 -0.04281464 0.15177536
v 0.00953318 -0.03833096 0.15080225
v 0.02924767 -0.16315007 0.09147042
v 0.00953591 -0.04729720 0.14707512
v 0.01287031 -0.05021551 0.14768007
v 0.03008954 -0.17232808 0.08620180
v -0.00603735 -0.00229978 0.08846862
v -0.02486307 -0.00002816 0.08039838
v 0.01155248 -0.04592378 0.15097719
v 0.01502440 -0.04920220 0.15146255
v -0.01183468 -0.00139692 0.08597107
v -0.00504037 -0.00204694 0.08811562
v 0.00321396 -0.04336850 0.13798682
v 0.00925157 -0.00591215 0.11475100
v 0.03564885 -0.15682013 0.07945573
v 0.03688248 -0.16552731 0.07393046
v 0.04421917 -0.14731961 0.06773833
v 0.04660062 -0.15574116 0.06126013
v -0.00115959 -0.04463007 0.12930901
v 0.05392423 -0.13706283 0.06278608
v 0.05921884 -0.14091425 0.05403298
v 0.01965949 -0.19321933 0.06415917
v -0.00746852 -0.00218689 0.08844467
v -0.00876978 -0.00201735 0.08827259
v 0.00922138 -0.02765090 0.14261116
v 0.02731655 -0.18991755 0.05708173
v 0.03397820 -0.18314582 0.04659694
v 0.04122272 -0.17711872 0.03535477
v 0.06086545 -0.15858532 0.03215501
v -0.01654346 -0.00128099 0.08594440
v 0.01424559 -0.05531285 0.12970607
v 0.00591089 -0.04515528 0.14237738
v 0.00791252 -0.04641566 0.14505818
v 0.01353005 -0.05603819 0.12574349
v 0.05066396 -0.17096779 0.02406280
v 0.06154821 -0.15864885 0.01453618
v 0.00191747 -0.00194455 0.09305504
v 0.06775305 -0.14388315 0.00498084
v 0.01003856 -0.00886040 0.12129075
v 0.01056137 -0.01212253 0.12609297
v 0.08003926 -0.12353652 -0.00415278
v 0.09042571 -0.09842546 -0.01178952
v 0.01452191 -0.05463038 0.13474931
v 0.09729438 -0.07402447 -0.01703769
v 0.10183837 -0.05430529 -0.01224090
v 0.02797792 -0.15455216 0.09401567
v 0.02109057 -0.15606463 0.10131045
v 0.03403245 -0.14933217 0.08347681
v 0.00910966 -0.03294404 0.14784138
v 0.04143703 -0.13940024 0.07300425
v 0.04987948 -0.13035819 0.06900980
v 0.05716331 -0.10517171 0.07194364
v 0.01074429 -0.05487194 0.12311572
v 0.05539470 -0.11795360 0.06952728
v 0.05466175 -0.08213872 0.08148183
v 0.05597049 -0.09317328 0.07675579
v 0.06619830 -0.06820650 0.07408416
v 0.06916305 -0.08360136 0.06446384
v 0.06253652 -0.09025346 0.07060111
v 0.01834991 -0.05021498 0.15333076
v 0.01229688 -0.04838948 0.14945808
v 0.06063287 -0.07613462 0.07786796
v 0.07091567 -0.05675387 0.07096805
v 0.07533590 -0.07458004 0.05893393
v 0.01843118 -0.19630323 0.05283997
v -0.02741825 0.01108853 0.10241015
v -0.02734409 0.00935982 0.09996026
v 0.02522209 -0.19346765 0.04633635
v 0.03095791 -0.18918440 0.03722903
v 0.03536475 -0.18613285 0.02735247
v 0.04169840 -0.18253419 0.01804851
v 0.04929329 -0.17474107 0.01010545
v 0.05864844 -0.16023707 0.00069525
v -0.01472918 0.01297499 0.10869558
v 0.01361420 0.01219343 0.11749874
v 0.00580608 0.01261138 0.11491582
v 0.07283275 -0.13788146 -0.01004641
v -0.03040055 0.00245209 0.09699437
v -0.03168801 0.00067972 0.09238660
v -0.02739281 0.00708109 0.09764036
v -0.03064778 0.00053380 0.09474261
v -0.03066515 0.00098591 0.09681690
v 0.08595300 -0.10620499 -0.01841516
v -0.02763594 0.00568584 0.09634994
v 0.09053575 -0.07895978 -0.02467979
v -0.02769012 0.00498194 0.09652591
v 0.03141408 -0.19973677 0.01328694
v -0.02381916 0.01256959 0.10532868
v 0.02765389 -0.20030767 0.01957558
v 0.02424684 -0.20158564 0.02587412
v -0.02897015 0.00392334 0.09641750
v -0.03252717 0.00069141 0.08917413
v 0.02091813 -0.20150146 0.03225211
v -0.03374066 0.00081339 0.08176515
v 0.01606448 -0.20549256 0.03223964
v 0.02013124 0.01193971 0.11919925
v -0.01395084 0.02278390 0.11747642
v -0.07225741 0.02496057 0.08176534
v 0.01514705 -0.20993412 0.02290712
v -0.07843891 0.02015521 0.07546404
v 0.01730345 -0.21398807 0.01776282
v -0.06507546 -0.01390624 0.07878168
v -0.07058544 -0.01280974 0.07460661
v -0.00851818 0.01577732 0.11621791
v 0.01931252 -0.21912499 0.01435424
v 0.06102179 -0.12282161 0.06222552
v 0.06747055 -0.12173071 0.05270506
v 0.07002719 -0.10179874 0.05670413
v 0.07732036 -0.09439176 0.04865358
v -0.02535689 0.05596362 0.10822160
v -0.04050743 0.15449174 0.04490400
v -0.02195374 0.04275329 0.11253513
v -0.04824202 0.03053984 0.10133742
v 0.07549150 -0.11714686 0.04207051
v -0.03979627 0.14283599 0.05734140
v 0.06338235 -0.10645325 0.06458110
v 0.08363603 -0.10674816 0.03109517
v 0.08427902 -0.08347278 0.04048597
v 0.08125053 -0.06218033 0.05417063
v 0.08893596 -0.07061974 0.03417268
v -0.06270687 0.02930275 0.09052797
v 0.08947339 -0.09326871 0.02254776
v -0.08019252 -0.00678927 0.06255114
v 0.01040946 0.03222014 0.12052099
v -0.08262536 -0.00074574 0.05873809
v 0.08647848 -0.05354646 0.04778550
v -0.00301699 0.03163993 0.12000356
v -0.03830903 0.19570282 -0.02002303
v 0.09059361 -0.04573387 0.04218319
v 0.09217293 -0.06072559 0.02896930
v 0.09373073 -0.07862998 0.01827198
v 0.06779049 -0.14252934 0.03865032
v 0.00064750 0.01048120 0.10781424
v 0.09735566 -0.06585596 0.01434083
v -0.04593913 -0.01380668 0.08688600
v -0.05152049 -0.01387956 0.08475585
v 0.09379625 -0.03967913 0.03584202
v -0.04509715 0.19103749 -0.00546159
v -0.07837671 -0.00925974 0.06589065
v -0.03351410 0.09069733 0.09645864
v 0.00644302 0.00502073 0.10347831
v 0.00390339 0.00772430 0.10381018
v -0.03617962 0.10521474 0.08759985
v 0.09530544 -0.05058679 0.02405657
v 0.09727120 -0.03313937 0.02866639
v 0.09972712 -0.04068629 0.01680322
v -0.03771849 0.11848313 0.07814893
v 0.10178734 -0.05007471 0.00809569
v 0.10392265 -0.04368913 -0.00636197
v -0.04212832 0.16578582 0.03248206
v -0.01495980 -0.01163199 0.09316686
v 0.08891605 -0.04980846 -0.04408539
v 0.03791866 -0.06959084 0.09973761
v 0.03272858 -0.06672101 0.10683906
v -0.08268367 0.01534823 0.06912494
v -0.08401866 0.00963424 0.06423818
v -0.04539882 0.18507302 0.00795297
v -0.03267683 -0.01335417 0.09072059
v -0.08347084 0.00447566 0.06040873
v -0.01625503 0.20326263 -0.03279616
v 0.02797034 -0.06612151 0.11368258
v -0.07509184 -0.01134235 0.07019985
v 0.02404064 -0.06613432 0.11885884
v 0.01998755 -0.06656525 0.12148266
v -0.03411998 0.03142678 0.10968372
v -0.03972111 -0.01367601 0.08893113
v 0.00688658 0.00184053 0.10212715
v -0.00681824 -0.00962155 0.09436437
v -0.00095123 -0.00700801 0.09564608
v -0.03876892 0.13084102 0.06836724
v 0.00302255 -0.00448939 0.09776488
v 0.00607194 -0.00136932 0.10049745
v -0.02363356 -0.01292471 0.09232517
v -0.02976441 0.07274260 0.10389708
v -0.04352265 0.17611647 0.02100904
v -0.05824317 -0.01386994 0.08211897
v 0.01186732 0.20733993 -0.03802793
v 0.02006846 0.03259579 0.11996555
v 0.00475661 -0.00302246 0.09944434
v -0.00379664 0.01276338 0.11228424
v -0.01851969 0.03153086 0.11648536
v 0.01342361 -0.12957124 0.10594075
v -0.02432831 -0.09350453 0.09506946
v -0.02688842 -0.09785751 0.09111606
v -0.02593526 -0.10946418 0.08450073
v -0.01097560 -0.08379868 0.10710053
v -0.01894943 -0.08856289 0.10025664
v -0.00832502 -0.12516150 0.09513238
v -0.02762797 -0.10175274 0.08816218
v -0.00018039 -0.12748098 0.10114604
v -0.02796096 -0.10560825 0.08597939
v 0.00656620 -0.12822767 0.10444788
v 0.01600928 -0.07727132 0.12063747
v 0.00546796 -0.07744351 0.11844885
v 0.01152400 -0.07677309 0.12092924
v -0.00220697 -0.07977103 0.11360160
v -0.02182864 -0.11456190 0.08469497
v -0.01604418 -0.12075405 0.08826062
v 0.02199749 -0.05183259 0.14510393
v 0.02060212 -0.05354673 0.13972397
v 0.03331416 -0.00324187 0.08753745
v 0.02450166 -0.05375567 0.11960460
v 0.02613286 -0.02417490 0.13743091
v 0.03203230 -0.00276015 0.08835399
v 0.02717243 -0.05279343 0.11748071
v 0.02602730 -0.01635453 0.12886019
v 0.02744667 -0.00494599 0.10586770
v 0.02583151 -0.02044742 0.13332741
v 0.03285753 -0.04730133 0.11892980
v 0.03084587 -0.05138374 0.11563446
v 0.02549988 -0.04267889 0.15163581
v 0.02648647 -0.03837365 0.15043658
v 0.02557559 -0.04696158 0.14671843
v 0.02284029 -0.05027968 0.14763802
v 0.03478707 -0.00406702 0.08827437
v 0.04497274 -0.00296518 0.07898973
v 0.02447594 -0.04575299 0.15088834
v 0.02141630 -0.04936671 0.15161848
v 0.03812529 -0.00370848 0.08536334
v 0.03421502 -0.00370360 0.08803549
v 0.02967618 -0.04300632 0.13715130
v 0.02660488 -0.00677874 0.11417884
v 0.03203941 -0.04421944 0.12819993
v 0.03564241 -0.00405953 0.08820635
v 0.03640117 -0.00399108 0.08799133
v 0.02658515 -0.02841583 0.14197627
v 0.04072190 -0.00424078 0.08503885
v 0.01968782 -0.05486295 0.12939854
v 0.02798015 -0.04464966 0.14166982
v 0.02663703 -0.04592242 0.14449497
v 0.02002164 -0.05555383 0.12547721
v 0.02998473 -0.00312696 0.09253700
v 0.02636911 -0.00959906 0.12082365
v 0.02617114 -0.01287924 0.12574175
v 0.01987349 -0.05421153 0.13455662
v 0.02682893 -0.03328628 0.14734933
v 0.02239225 -0.05431753 0.12268128
v 0.02358643 -0.04835477 0.14942518
v 0.04856771 0.00837345 0.10094902
v 0.04828246 0.00604029 0.09867571
v 0.04176475 0.01130091 0.10786249
v 0.02545157 0.01191588 0.11780688
v 0.03024949 0.01188668 0.11495367
v 0.04904943 -0.00064436 0.09558648
v 0.04887017 -0.00226810 0.09001960
v 0.04794936 0.00350806 0.09657304
v 0.04882594 -0.00248180 0.09330243
v 0.04910617 -0.00195013 0.09537012
v 0.04784086 0.00217622 0.09539782
v 0.04778123 0.00173210 0.09559013
v 0.04672799 0.01032448 0.10420723
v 0.04833265 0.00074256 0.09529568
v 0.04928874 -0.00217484 0.08672786
v 0.04982125 -0.00216114 0.07948842
v 0.04196103 0.02367100 0.11686297
v 0.07177549 0.02728514 0.07733513
v 0.07596329 0.01977995 0.07043973
v 0.06813908 -0.01952904 0.07459539
v 0.07221115 -0.01871447 0.06992929
v 0.03874731 0.01542808 0.11563744
v 0.04769900 0.05977307 0.10632370
v 0.05293474 0.15917788 0.04143964
v 0.04606953 0.04582296 0.11076640
v 0.05935385 0.03374130 0.09867100
v 0.05312849 0.14737418 0.05396067
v 0.06609060 0.03277234 0.08687612
v 0.07927322 -0.01282093 0.05759633
v 0.02806946 0.03281523 0.12010655
v 0.08117297 -0.00677000 0.05393886
v 0.03590870 0.03318273 0.11937872
v 0.04711613 0.19940475 -0.02317001
v 0.03273119 0.00919504 0.10763511
v 0.05562690 -0.01826445 0.08427303
v 0.05884507 -0.01869069 0.08167435
v 0.05167070 0.19556962 -0.00927858
v 0.07785791 -0.01537595 0.06073703
v 0.05177182 0.09528365 0.09371611
v 0.02864476 0.00413037 0.10318485
v 0.03037367 0.00653207 0.10353269
v 0.05252371 0.10907222 0.08506209
v 0.05295281 0.12263300 0.07520652
v 0.05310095 0.17058955 0.02884050
v 0.03942022 -0.01426583 0.09158677
v 0.07943363 0.01162051 0.06385846
v 0.08097421 0.00394764 0.05922004
v 0.05289488 0.18998143 0.00409100
v 0.04906622 -0.01707479 0.08860631
v 0.08137313 -0.00178119 0.05546178
v 0.03485942 0.20486799 -0.03458914
v 0.07561582 -0.01741499 0.06516495
v 0.05221113 0.03416714 0.10792754
v 0.05241840 -0.01777926 0.08666061
v 0.02785104 0.00126846 0.10160662
v 0.03483522 -0.01174994 0.09316638
v 0.03167716 -0.00866546 0.09483331
v 0.05308696 0.13515969 0.06515735
v 0.02942769 -0.00571008 0.09710742
v 0.02792824 -0.00226177 0.09987301
v 0.04399503 -0.01603243 0.09049685
v 0.05007241 0.07732119 0.10174676
v 0.05297062 0.18105564 0.01724737
v 0.06319640 -0.01911226 0.07846825
v 0.02851423 -0.00400992 0.09882542
v 0.03577399 0.01164554 0.11183912
v 0.04441515 0.03364529 0.11514390
v 0.04220275 -0.08966663 0.09116977
v 0.04348373 -0.09395612 0.08743847
v 0.04262882 -0.10583383 0.08145645
v 0.03562955 -0.08091824 0.10449529
v 0.03966767 -0.08513028 0.09677736
v 0.03228270 -0.12256452 0.09252615
v 0.04374576 -0.09794687 0.08481621
v 0.02654266 -0.12588450 0.09951378
v 0.04390850 -0.10177225 0.08277826
v 0.02048710 -0.12770423 0.10403334
v 0.02564284 -0.07598557 0.11791770
v 0.02063625 -0.07608417 0.12106410
v 0.03058751 -0.07757610 0.11207426
v 0.04023094 -0.11119938 0.08141898
v 0.03696817 -0.11757240 0.08498331
v 0.04959336 -0.00152959 0.07038036
v -0.03367292 0.00138784 0.07201609
v 0.04831366 -0.00406984 0.09284551
v 0.04668669 -0.00389751 0.09203396
v 0.04522754 -0.00367175 0.09064763
v 0.04393356 -0.00341204 0.08883134
v 0.04836626 -0.00373660 0.09294872
v 0.04679071 -0.00324219 0.09223206
v 0.04537839 -0.00272268 0.09093280
v 0.04412524 -0.00221888 0.08919890
v 0.04848171 -0.00341989 0.09304151
v 0.04701205 -0.00263055 0.09241974
v 0.04570045 -0.00184541 0.09120733
v 0.04453740 -0.00112731 0.08953002
v 0.04865684 -0.00313546 0.09312334
v 0.04734491 -0.00208505 0.09257166
v 0.04618078 -0.00107511 0.09143607
v 0.04516016 -0.00017978 0.08982335
v 0.04888732 -0.00289358 0.09319114
v 0.04777902 -0.00162894 0.09270810
v 0.04679676 -0.00043569 0.09162295
v 0.04595982 0.00060690 0.09005442
v 0.04916095 -0.00269989 0.09323910
v 0.04830107 -0.00127127 0.09279659
v 0.04752976 0.00006008 0.09176142
v 0.04689075 0.00122011 0.09024203
v 0.04946920 -0.00256392 0.09326895
v 0.04889691 -0.00102313 0.09285888
v 0.04836652 0.00040369 0.09184738
v 0.04792354 0.00164827 0.09034646
v 0.04980053 -0.00248806 0.09327521
v 0.04954145 -0.00088896 0.09286890
v 0.04928713 0.00058819 0.09186643
v 0.04905967 0.00188087 0.09037712
v 0.05013931 -0.00247595 0.09326485
v 0.05020854 -0.00087245 0.09285770
v 0.05025245 0.00060777 0.09184444
v 0.05026896 0.00190899 0.09033941
v 0.05047164 -0.00252508 0.09323302
v 0.05086160 -0.00097093 0.09279085
v 0.05120101 0.00046340 0.09175730
v 0.05146611 0.00172527 0.09023739
v 0.05078584 -0.00263594 0.09318612
v 0.05147077 -0.00118214 0.09270617
v 0.05207812 0.00016013 0.09162737
v 0.05256357 0.00134136 0.09006730
v 0.05106705 -0.00280222 0.09311926
v 0.05201002 -0.00149746 0.09257218
v 0.05284398 -0.00029026 0.09144410
v 0.05351261 0.00077203 0.08984074
v 0.05130561 -0.00302111 0.09304304
v 0.05246116 -0.00190783 0.09242719
v 0.05347734 -0.00087114 0.09122473
v 0.05429312 0.00004206 0.08955675
v 0.05149520 -0.00328219 0.09295331
v 0.05281137 -0.00239965 0.09224996
v 0.05396530 -0.00156518 0.09097672
v 0.05489630 -0.00082502 0.08925006
v 0.05162643 -0.00357880 0.09285941
v 0.05305240 -0.00296148 0.09206945
v 0.05430046 -0.00235500 0.09071001
v 0.05531479 -0.00180214 0.08891131
v 0.05169843 -0.00390150 0.09276158
v 0.05317923 -0.00357436 0.09187520
v 0.05447571 -0.00322124 0.09042695
v 0.05553667 -0.00286984 0.08855782
v 0.05170657 -0.00423546 0.09266338
v 0.05318853 -0.00422088 0.09168293
v 0.05448554 -0.00414250 0.09014502
v 0.05555127 -0.00400993 0.08818503
v 0.05165374 -0.00456967 0.09257058
v 0.05308191 -0.00487371 0.09149329
v 0.05432862 -0.00508331 0.08986264
v 0.05535482 -0.00519019 0.08784548
v 0.05153855 -0.00489039 0.09247749
v 0.05286235 -0.00550282 0.09131573
v 0.05401307 -0.00599603 0.08959907
v 0.05495399 -0.00633800 0.08750158
v 0.05136900 -0.00518391 0.09239977
v 0.05253938 -0.00607716 0.09115256
v 0.05355110 -0.00682351 0.08936010
v 0.05436988 -0.00737109 0.08719900
v 0.05114762 -0.00543689 0.09232982
v 0.05212349 -0.00656880 0.09102020
v 0.05295943 -0.00751685 0.08916214
v 0.05362629 -0.00822282 0.08694200
v 0.05088539 -0.00564247 0.09228049
v 0.05162680 -0.00695504 0.09091067
v 0.05225633 -0.00805084 0.08901465
v 0.05274867 -0.00888174 0.08676980
v 0.05058818 -0.00578791 0.09224679
v 0.05106333 -0.00722623 0.09085403
v 0.05146044 -0.00842214 0.08892688
v 0.05176115 -0.00935857 0.08665814
v 0.05026680 -0.00587187 0.09223197
v 0.05044970 -0.00737303 0.09081838
v 0.05058957 -0.00862688 0.08888666
v 0.05068183 -0.00963880 0.08661883
v 0.04993447 -0.00588791 0.09223808
v 0.04980585 -0.00739798 0.09084073
v 0.04966759 -0.00866114 0.08891188
v 0.04952899 -0.00969691 0.08663769
v 0.04960337 -0.00583884 0.09226467
v 0.04915660 -0.00729832 0.09088534
v 0.04872741 -0.00851854 0.08898257
v 0.04834507 -0.00952017 0.08674147
v 0.04928533 -0.00572412 0.09231280
v 0.04853341 -0.00708276 0.09098423
v 0.04782136 -0.00820608 0.08912370
v 0.04720393 -0.00911722 0.08690733
v 0.04899631 -0.00555020 0.09237331
v 0.04796588 -0.00675266 0.09109645
v 0.04700545 -0.00773658 0.08930010
v 0.04619344 -0.00850504 0.08714139
v 0.04874744 -0.00532178 0.09245364
v 0.04748311 -0.00632393 0.09125955
v 0.04632773 -0.00712910 0.08951680
v 0.04536212 -0.00772453 0.08740927
v 0.04854771 -0.00504801 0.09253916
v 0.04710688 -0.00580147 0.09141744
v 0.04580937 -0.00639939 0.08976465
v 0.04471683 -0.00681244 0.08773723
v 0.05004770 -0.00418439 0.09305739
v 0.04840611 -0.00474057 0.09263827
v 0.04684392 -0.00520952 0.09162520
v 0.04544986 -0.00556174 0.09004816
v 0.04424645 -0.00577797 0.08808526
v 0.04832783 -0.00440938 0.09274240
v 0.04670417 -0.00456431 0.09182523
v 0.04525521 -0.00463588 0.09033632
v 0.04397796 -0.00462819 0.08845564
v 0.04271321 -0.00318333 0.08729170
v 0.04088531 -0.00280472 0.08469433
v 0.03914142 -0.00234937 0.08126817
v 0.03784925 -0.00186306 0.07733411
v 0.03700559 -0.00136143 0.07306731
v 0.03661720 -0.00086546 0.06862819
v 0.03673747 -0.00040133 0.06423501
v 0.03733369 0.00002358 0.06000353
v 0.03837663 0.00037786 0.05614481
v 0.03991499 0.00064941 0.05277826
v 0.04165249 0.00082776 0.05001435
v 0.04375285 0.00090687 0.04793809
v 0.04605218 0.00088578 0.04660934
v 0.04294691 -0.00175221 0.08772821
v 0.04117707 -0.00100965 0.08522643
v 0.03948036 -0.00025226 0.08188481
v 0.03823308 0.00044658 0.07801344
v 0.03740604 0.00106548 0.07377661
v 0.03703054 0.00157825 0.06935664
v 0.03713843 0.00196663 0.06492908
v 0.03771185 0.00221529 0.06067017
v 0.03871389 0.00233702 0.05673211
v 0.04020904 0.00229558 0.05327021
v 0.04188180 0.00210858 0.05039652
v 0.04390808 0.00178218 0.04820057
v 0.04613280 0.00132942 0.04674283
v 0.04343219 -0.00045581 0.08812699
v 0.04179834 0.00059176 0.08571935
v 0.04022882 0.00159300 0.08244565
v 0.03903626 0.00246723 0.07862728
v 0.03827694 0.00318637 0.07442833
v 0.03792219 0.00372357 0.07002369
v 0.03800893 0.00406186 0.06557988
v 0.03851468 0.00418526 0.06127529
v 0.03946210 0.00410572 0.05727452
v 0.04082278 0.00379890 0.05372576
v 0.04236708 0.00328832 0.05074807
v 0.04424912 0.00259612 0.04843829
v 0.04630384 0.00174581 0.04686248
v 0.04415385 0.00066201 0.08846894
v 0.04265707 0.00196576 0.08614203
v 0.04137176 0.00318753 0.08293216
v 0.04025700 0.00424102 0.07917736
v 0.03954831 0.00508193 0.07501076
v 0.03923003 0.00567291 0.07061110
v 0.03928243 0.00598415 0.06614812
v 0.03972620 0.00600078 0.06180358
v 0.04059803 0.00573534 0.05774947
v 0.04173381 0.00517530 0.05412544
v 0.04307975 0.00436138 0.05105789
v 0.04475753 0.00332982 0.04864959
v 0.04655940 0.00212068 0.04697021
v 0.04511361 0.00159253 0.08875944
v 0.04383277 0.00313374 0.08649912
v 0.04276144 0.00457419 0.08331676
v 0.04189871 0.00583076 0.07961874
v 0.04125107 0.00681778 0.07548609
v 0.04094766 0.00747922 0.07109121
v 0.04098062 0.00777344 0.06661540
v 0.04136630 0.00768338 0.06223709
v 0.04203098 0.00722858 0.05813821
v 0.04287180 0.00641586 0.05444961
v 0.04400769 0.00530898 0.05131012
v 0.04540564 0.00396645 0.04882051
v 0.04689284 0.00244044 0.04705466
v 0.04626825 0.00233392 0.08898415
v 0.04523091 0.00407624 0.08674060
v 0.04435525 0.00574802 0.08360639
v 0.04367304 0.00721035 0.07995053
v 0.04324631 0.00834679 0.07583980
v 0.04301355 0.00908050 0.07144869
v 0.04299109 0.00935843 0.06696144
v 0.04316612 0.00916342 0.06256182
v 0.04360533 0.00851464 0.05841456
v 0.04426346 0.00747538 0.05469010
v 0.04515180 0.00609913 0.05149495
v 0.04616279 0.00448256 0.04894643
v 0.04729235 0.00269612 0.04711977
v 0.04751582 0.00285209 0.08911637
v 0.04684573 0.00479333 0.08691262
v 0.04621310 0.00665178 0.08379250
v 0.04571591 0.00829301 0.08015616
v 0.04536468 0.00955722 0.07605547
v 0.04516061 0.01035075 0.07166767
v 0.04510111 0.01061363 0.06717896
v 0.04519431 0.01032975 0.06276214
v 0.04545207 0.00952817 0.05859403
v 0.04588513 0.00828711 0.05483646
v 0.04640399 0.00668995 0.05160673
v 0.04701029 0.00485704 0.04902080
v 0.04774679 0.00287590 0.04715597
v 0.04884937 0.00314386 0.08914080
v 0.04852641 0.00521063 0.08698389
v 0.04821437 0.00721611 0.08388338
v 0.04796268 0.00897617 0.08024272
v 0.04774825 0.01032865 0.07613543
v 0.04758489 0.01116408 0.07174159
v 0.04748309 0.01141643 0.06724949
v 0.04744447 0.01107052 0.06282838
v 0.04746705 0.01016334 0.05865306
v 0.04756816 0.00878410 0.05488230
v 0.04771827 0.00704002 0.05164230
v 0.04794313 0.00507020 0.04904559
v 0.04823935 0.00297410 0.04716851
v 0.05029104 0.00318678 0.08909084
v 0.05031592 0.00529500 0.08693168
v 0.05029833 0.00736847 0.08385807
v 0.05024554 0.00917561 0.08019584
v 0.05015776 0.01056582 0.07608121
v 0.05003274 0.01142225 0.07166665
v 0.04988540 0.01167083 0.06717723
v 0.04971094 0.01130143 0.06276248
v 0.04951814 0.01035266 0.05859337
v 0.04931569 0.00891415 0.05483116
v 0.04913005 0.00711965 0.05159895
v 0.04893237 0.00510657 0.04901445
v 0.04874882 0.00298585 0.04715313
v 0.05172986 0.00296736 0.08896521
v 0.05213173 0.00502273 0.08678167
v 0.05243643 0.00705697 0.08369912
v 0.05261526 0.00885015 0.08001023
v 0.05267038 0.01022568 0.07587248
v 0.05259787 0.01107492 0.07146746
v 0.05239793 0.01133400 0.06697071
v 0.05207935 0.01098163 0.06256545
v 0.05165371 0.01006039 0.05841570
v 0.05113395 0.00866109 0.05467954
v 0.05056221 0.00691275 0.05147805
v 0.04992034 0.00496081 0.04893290
v 0.04925267 0.00291014 0.04711126
v 0.05304129 0.00249612 0.08876596
v 0.05376709 0.00441249 0.08653115
v 0.05434365 0.00630755 0.08339572
v 0.05472379 0.00800118 0.07968371
v 0.05490559 0.00930900 0.07552876
v 0.05487925 0.01013208 0.07112208
v 0.05464297 0.01040720 0.06663291
v 0.05420646 0.01011511 0.06224470
v 0.05358455 0.00929279 0.05812723
v 0.05279520 0.00802475 0.05443582
v 0.05186360 0.00642952 0.05129805
v 0.05084161 0.00463718 0.04879855
v 0.04972772 0.00274977 0.04704236
v 0.05416315 0.00180688 0.08848931
v 0.05515129 0.00350118 0.08617730
v 0.05595078 0.00518458 0.08299127
v 0.05650075 0.00668686 0.07923873
v 0.05678668 0.00787769 0.07506147
v 0.05679694 0.00865275 0.07064633
v 0.05652633 0.00895250 0.06616752
v 0.05598967 0.00875767 0.06180837
v 0.05520479 0.00809762 0.05773776
v 0.05419808 0.00704185 0.05410834
v 0.05299690 0.00569110 0.05104331
v 0.05164788 0.00415219 0.04862410
v 0.05015382 0.00251202 0.04695486
v 0.05508575 0.00091500 0.08815531
v 0.05629956 0.00233487 0.08574972
v 0.05730683 0.00374258 0.08248775
v 0.05802435 0.00501014 0.07868394
v 0.05841959 0.00604025 0.07448433
v 0.05846465 0.00674788 0.07006104
v 0.05815519 0.00707559 0.06559788
v 0.05750878 0.00700629 0.06127682
v 0.05655949 0.00655662 0.05726380
v 0.05535034 0.00577635 0.05370845
v 0.05392083 0.00474202 0.05073353
v 0.05229701 0.00353305 0.04843359
v 0.05051253 0.00220496 0.04684474
v 0.05580671 -0.00012993 0.08777532
v 0.05722540 0.00098176 0.08527431
v 0.05843166 0.00208398 0.08192907
v 0.05931613 0.00309005 0.07806153
v 0.05982091 0.00393826 0.07382557
v 0.05990078 0.00456394 0.06939283
v 0.05954820 0.00492064 0.06494697
v 0.05878755 0.00499141 0.06067013
v 0.05767077 0.00477907 0.05672235
v 0.05626643 0.00431241 0.05325465
v 0.05463466 0.00363743 0.05038018
v 0.05280751 0.00280247 0.04819209
v 0.05079473 0.00184260 0.04672325
v 0.05631479 -0.00129533 0.08737050
v 0.05789922 -0.00049763 0.08476236
v 0.05928271 0.00030663 0.08132406
v 0.06031262 0.00105500 0.07738151
v 0.06091139 0.00171987 0.07310362
v 0.06102352 0.00225960 0.06866352
v 0.06063309 0.00264528 0.06424377
v 0.05977017 0.00285423 0.06001230
v 0.05850441 0.00288302 0.05613718
v 0.05692922 0.00273775 0.05276104
v 0.05513161 0.00243498 0.04999596
v 0.05315514 0.00199776 0.04792962
v 0.05098998 0.00143777 0.04658804
v 0.05659251 -0.00255840 0.08693592
v 0.05828846 -0.00206974 0.08420980
v 0.05978772 -0.00154017 0.08068762
v 0.06092155 -0.00101673 0.07667952
v 0.06158638 -0.00051062 0.07235553
v 0.06171800 -0.00004074 0.06790350
v 0.06130087 0.00037252 0.06350593
v 0.06036669 0.00071272 0.05932827
v 0.05899687 0.00096741 0.05553073
v 0.05730327 0.00112614 0.05225104
v 0.05539714 0.00118708 0.04960094
v 0.05333675 0.00114765 0.04766042
v 0.05109440 0.00100504 0.04645109
v 0.05661976 -0.00390787 0.08648488
v 0.05835180 -0.00373179 0.08366042
v 0.05990173 -0.00346681 0.08004563
v 0.06107318 -0.00313107 0.07597560
v 0.06176098 -0.00274289 0.07161783
v 0.06189448 -0.00231442 0.06714437
v 0.06146511 -0.00186155 0.06277394
v 0.06050285 -0.00139281 0.05864872
v 0.05909134 -0.00092660 0.05492665
v 0.05735466 -0.00048160 0.05174532
v 0.05541784 -0.00007461 0.04920924
v 0.05334598 0.00027852 0.04739621
v 0.05110639 0.00056050 0.04631441
v 0.05638736 -0.00531550 0.08607326
v 0.05807192 -0.00548987 0.08313878
v 0.05958033 -0.00550373 0.07943913
v 0.06072598 -0.00536113 0.07529785
v 0.06136803 -0.00507687 0.07085205
v 0.06150876 -0.00466660 0.06642991
v 0.06108560 -0.00413992 0.06207813
v 0.06013945 -0.00351966 0.05799855
v 0.05875871 -0.00282776 0.05434963
v 0.05706488 -0.00208868 0.05126056
v 0.05518524 -0.00133359 0.04883176
v 0.05320257 -0.00059387 0.04709819
v 0.05102579 0.00011912 0.04618127
v 0.05589891 -0.00669663 0.08567075
v 0.05743633 -0.00722701 0.08263993
v 0.05879919 -0.00754557 0.07882699
v 0.05983678 -0.00763004 0.07461847
v 0.06044663 -0.00748229 0.07021555
v 0.06056202 -0.00710430 0.06575632
v 0.06016401 -0.00650778 0.06142568
v 0.05928423 -0.00571666 0.05740118
v 0.05800607 -0.00476903 0.05382204
v 0.05644300 -0.00370646 0.05081750
v 0.05470955 -0.00257772 0.04848687
v 0.05287778 -0.00143713 0.04685792
v 0.05085557 -0.00030460 0.04605970
v 0.05518798 -0.00792563 0.08530807
v 0.05650215 -0.00874744 0.08218899
v 0.05765750 -0.00931744 0.07833198
v 0.05853195 -0.00959439 0.07409491
v 0.05903704 -0.00957430 0.06964273
v 0.05911581 -0.00925831 0.06517150
v 0.05875541 -0.00865368 0.06085634
v 0.05798456 -0.00777360 0.05686699
v 0.05687423 -0.00663369 0.05334640
v 0.05552009 -0.00527508 0.05042411
v 0.05401187 -0.00377543 0.04818768
v 0.05240159 -0.00223163 0.04665254
v 0.05060390 -0.00069489 0.04595587
v 0.05428506 -0.00892896 0.08501504
v 0.05532403 -0.01000702 0.08182070
v 0.05621159 -0.01081827 0.07793077
v 0.05687828 -0.01128604 0.07365734
v 0.05724888 -0.01137351 0.06917919
v 0.05728448 -0.01107728 0.06469926
v 0.05697347 -0.01041077 0.06039337
v 0.05634313 -0.00942131 0.05643262
v 0.05544680 -0.00816483 0.05296245
v 0.05435161 -0.00663567 0.05010075
v 0.05314399 -0.00486835 0.04788863
v 0.05178977 -0.00294418 0.04648161
v 0.05027496 -0.00103530 0.04586926
v 0.05322857 -0.00973183 0.08479709
v 0.05395529 -0.01107014 0.08157936
v 0.05455382 -0.01205947 0.07766009
v 0.05499348 -0.01265330 0.07333726
v 0.05521720 -0.01282910 0.06883010
v 0.05520610 -0.01256372 0.06434546
v 0.05495171 -0.01187664 0.06004979
v 0.05447692 -0.01080648 0.05611324
v 0.05381325 -0.00935061 0.05267742
v 0.05300197 -0.00766142 0.04986368
v 0.05210137 -0.00573072 0.04770531
v 0.05105796 -0.00353357 0.04635756
v 0.04988281 -0.00131390 0.04580718
v 0.04858597 0.00076888 0.04605925
v 0.05204869 -0.01033850 0.08467696
v 0.05245950 -0.01180971 0.08144531
v 0.05277796 -0.01294279 0.07748458
v 0.05299372 -0.01357302 0.07312696
v 0.05307518 -0.01377554 0.06860973
v 0.05301686 -0.01354259 0.06412560
v 0.05281795 -0.01289817 0.05983865
v 0.05249105 -0.01177879 0.05591887
v 0.05205284 -0.01025593 0.05250651
v 0.05154874 -0.00838580 0.04967423
v 0.05093024 -0.00632272 0.04759277
v 0.05022577 -0.00396381 0.04628105
v 0.04943648 -0.00151464 0.04576770
v 0.05076467 -0.01068404 0.08463009
v 0.05086612 -0.01223817 0.08140190
v 0.05092172 -0.01335694 0.07742183
v 0.05093030 -0.01409457 0.07305638
v 0.05088042 -0.01438462 0.06853354
v 0.05077755 -0.01415005 0.06404547
v 0.05062414 -0.01340574 0.05976166
v 0.05042709 -0.01230795 0.05585219
v 0.05019145 -0.01074211 0.05245082
v 0.04995020 -0.00881058 0.04962763
v 0.04964717 -0.00663811 0.04755950
v 0.04931204 -0.00421223 0.04625982
v 0.04895288 -0.00162967 0.04575771
v 0.04939483 -0.01074677 0.08467998
v 0.04917013 -0.01231177 0.08145236
v 0.04895242 -0.01342997 0.07747479
v 0.04875597 -0.01422029 0.07311904
v 0.04857848 -0.01447333 0.06860653
v 0.04842489 -0.01424755 0.06410367
v 0.04831284 -0.01354364 0.05983209
v 0.04823571 -0.01235156 0.05592161
v 0.04819693 -0.01083960 0.05251395
v 0.04822769 -0.00890051 0.04968315
v 0.04826759 -0.00668680 0.04760333
v 0.04834182 -0.00426336 0.04628928
v 0.04844923 -0.00165103 0.04577200
v 0.04797526 -0.01053205 0.08479229
v 0.04738870 -0.01204394 0.08160624
v 0.04686476 -0.01311374 0.07763587
v 0.04643463 -0.01386633 0.07331113
v 0.04611109 -0.01409935 0.06880979
v 0.04590956 -0.01386608 0.06432879
v 0.04583819 -0.01317725 0.06004850
v 0.04589815 -0.01199744 0.05612262
v 0.04611228 -0.01054340 0.05265125
v 0.04642474 -0.00863475 0.04983559
v 0.04684457 -0.00647347 0.04772389
v 0.04735884 -0.00412147 0.04637334
v 0.04794704 -0.00157724 0.04581570
v 0.04660635 -0.01005527 0.08499012
v 0.04567176 -0.01145361 0.08184972
v 0.04486259 -0.01241212 0.07792055
v 0.04422484 -0.01308638 0.07363215
v 0.04377835 -0.01327654 0.06915861
v 0.04353984 -0.01302996 0.06468801
v 0.04351353 -0.01231572 0.06039927
v 0.04370246 -0.01124189 0.05645056
v 0.04412710 -0.00982495 0.05294266
v 0.04472232 -0.00802424 0.05008216
v 0.04549577 -0.00600849 0.04791550
v 0.04642203 -0.00378750 0.04650367
v 0.04746744 -0.00141027 0.04588137
v 0.04541497 -0.00932046 0.08525245
v 0.04421269 -0.01052835 0.08216982
v 0.04315929 -0.01139672 0.07831414
v 0.04232044 -0.01185826 0.07407569
v 0.04174203 -0.01198137 0.06963240
v 0.04145335 -0.01170193 0.06516752
v 0.04146894 -0.01105586 0.06086178
v 0.04178609 -0.01010913 0.05688525
v 0.04241551 -0.00875359 0.05333143
v 0.04327040 -0.00709644 0.05041173
v 0.04433428 -0.00530508 0.04817326
v 0.04559541 -0.00327693 0.04668083
v 0.04703394 -0.00115882 0.04597233
v 0.04443283 -0.00835353 0.08558938
v 0.04294962 -0.00933960 0.08258079
v 0.04164105 -0.01002553 0.07879703
v 0.04066498 -0.01039591 0.07461736
v 0.03999902 -0.01040709 0.07020579
v 0.03968173 -0.01011067 0.06575069
v 0.03973006 -0.00948757 0.06143063
v 0.04016192 -0.00855368 0.05737574
v 0.04090214 -0.00734179 0.05380515
v 0.04197574 -0.00591979 0.05080988
v 0.04335709 -0.00437464 0.04848371
v 0.04491311 -0.00260722 0.04689332
v 0.04666579 -0.00083198 0.04607910
v 0.04362685 -0.00723211 0.08598091
v 0.04193350 -0.00789078 0.08306309
v 0.04048557 -0.00835493 0.07936507
v 0.03943403 -0.00853998 0.07524110
v 0.03868166 -0.00845326 0.07086334
v 0.03833026 -0.00811010 0.06641456
v 0.03841284 -0.00751255 0.06207550
v 0.03890083 -0.00667048 0.05801749
v 0.03975900 -0.00566595 0.05434240
v 0.04098288 -0.00453788 0.05126367
v 0.04253770 -0.00323005 0.04883737
v 0.04438271 -0.00180904 0.04713561
v 0.04637556 -0.00044752 0.04620320
v 0.04304360 -0.00600351 0.08640543
v 0.04124147 -0.00631144 0.08358932
v 0.03972292 -0.00645526 0.07997965
v 0.03844764 -0.00642389 0.07591420
v 0.03760532 -0.00621196 0.07157107
v 0.03723352 -0.00582430 0.06713264
v 0.03733679 -0.00528690 0.06277820
v 0.03791980 -0.00462043 0.05866816
v 0.03897683 -0.00383311 0.05492960
v 0.04029159 -0.00291753 0.05175576
v 0.04197118 -0.00191819 0.04921911
v 0.04400218 -0.00092693 0.04739521
v 0.04617437 -0.00002031 0.04633410
v 0.04274377 -0.00464103 0.08684756
v 0.04090932 -0.00463029 0.08414163
v 0.03922768 -0.00449337 0.08062168
v 0.03790017 -0.00424179 0.07662279
v 0.03707339 -0.00389179 0.07231183
v 0.03670229 -0.00345466 0.06787905
v 0.03680912 -0.00294341 0.06350540
v 0.03737705 -0.00236778 0.05935105
v 0.03846147 -0.00175302 0.05553676
v 0.03996833 -0.00112718 0.05226623
v 0.04168623 -0.00053422 0.04961683
v 0.04378553 -0.00000712 0.04766877
v 0.04606600 0.00043029 0.04647351
v -0.03539057 -0.00069127 0.09443287
v -0.03835201 -0.00050508 0.09363408
v -0.04111153 -0.00027104 0.09226629
v -0.04345106 -0.00000561 0.09045122
v -0.03534784 -0.00039002 0.09452674
v -0.03827106 0.00007959 0.09381920
v -0.04098945 0.00057447 0.09254304
v -0.04329577 0.00105734 0.09081627
v -0.03519018 -0.00012373 0.09461720
v -0.03795938 0.00061857 0.09399727
v -0.04053626 0.00140215 0.09280017
v -0.04272397 0.00212948 0.09113861
v -0.03492408 0.00012563 0.09469542
v -0.03743341 0.00116184 0.09414949
v -0.03977195 0.00218271 0.09302431
v -0.04175732 0.00311820 0.09142241
v -0.03455503 0.00035012 0.09476343
v -0.03671107 0.00162470 0.09428211
v -0.03872395 0.00286909 0.09320842
v -0.04043508 0.00400247 0.09164878
v -0.03410437 0.00054316 0.09481414
v -0.03582432 0.00199537 0.09437436
v -0.03743391 0.00343466 0.09334633
v -0.03880736 0.00467560 0.09182782
v -0.03358671 0.00068225 0.09484760
v -0.03480604 0.00226879 0.09444128
v -0.03595576 0.00382748 0.09343602
v -0.03694145 0.00514141 0.09193417
v -0.03302006 0.00076106 0.09485752
v -0.03369870 0.00242883 0.09445621
v -0.03434579 0.00403995 0.09346404
v -0.03491162 0.00540554 0.09197183
v -0.03243240 0.00077456 0.09485048
v -0.03254281 0.00246104 0.09444492
v -0.03266716 0.00407417 0.09344210
v -0.03279541 0.00545716 0.09194128
v -0.03184126 0.00072592 0.09481774
v -0.03138264 0.00236594 0.09438041
v -0.03098505 0.00393345 0.09335683
v -0.03068017 0.00528250 0.09184960
v -0.03126960 0.00061470 0.09477037
v -0.03026589 0.00214469 0.09429488
v -0.02936598 0.00362296 0.09323160
v -0.02863938 0.00488951 0.09169075
v -0.03074178 0.00044629 0.09470786
v -0.02923074 0.00180784 0.09416651
v -0.02786713 0.00315244 0.09304993
v -0.02675309 0.00429203 0.09146394
v -0.03027681 0.00022434 0.09462868
v -0.02832002 0.00137075 0.09401749
v -0.02654615 0.00253208 0.09282415
v -0.02508570 0.00352536 0.09117118
v -0.02988910 -0.00003818 0.09453508
v -0.02756454 0.00086056 0.09383273
v -0.02545387 0.00177375 0.09256713
v -0.02371569 0.00260669 0.09084982
v -0.02959854 -0.00032503 0.09443627
v -0.02699481 0.00029285 0.09364474
v -0.02463152 0.00091905 0.09228599
v -0.02268554 0.00154015 0.09048662
v -0.02941190 -0.00061751 0.09433630
v -0.02663382 -0.00032730 0.09343642
v -0.02411139 0.00003535 0.09197960
v -0.02203311 0.00039508 0.09010943
v -0.02934016 -0.00090663 0.09422866
v -0.02649254 -0.00093027 0.09323134
v -0.02391114 -0.00088284 0.09167812
v -0.02177789 -0.00076055 0.08972409
v -0.02938281 -0.00119411 0.09412856
v -0.02657841 -0.00149276 0.09302762
v -0.02403872 -0.00170361 0.09137829
v -0.02193483 -0.00182003 0.08936657
v -0.02954050 -0.00148668 0.09403277
v -0.02688266 -0.00209262 0.09284876
v -0.02447283 -0.00259387 0.09112793
v -0.02248483 -0.00293000 0.08903801
v -0.02980391 -0.00177660 0.09395079
v -0.02740006 -0.00265160 0.09267972
v -0.02521547 -0.00336516 0.09089738
v -0.02341291 -0.00389239 0.08876205
v -0.03016428 -0.00204144 0.09389521
v -0.02810057 -0.00311080 0.09257093
v -0.02623013 -0.00400006 0.09072012
v -0.02468754 -0.00467112 0.08852670
v -0.03060915 -0.00223267 0.09384461
v -0.02897011 -0.00346425 0.09247072
v -0.02748721 -0.00449213 0.09058822
v -0.02627188 -0.00533263 0.08836278
v -0.03112003 -0.00236407 0.09382217
v -0.02997155 -0.00370330 0.09242515
v -0.02893728 -0.00486533 0.09050910
v -0.02809610 -0.00581210 0.08825617
v -0.03168292 -0.00243945 0.09380858
v -0.03106770 -0.00383124 0.09239842
v -0.03052626 -0.00507994 0.09047324
v -0.03009614 -0.00606706 0.08821844
v -0.03226929 -0.00245217 0.09382032
v -0.03221943 -0.00384878 0.09242649
v -0.03219613 -0.00511750 0.09050860
v -0.03219685 -0.00609933 0.08824550
v -0.03286176 -0.00240413 0.09384889
v -0.03338239 -0.00375036 0.09247618
v -0.03388115 -0.00497501 0.09058716
v -0.03432172 -0.00591657 0.08835977
v -0.03343589 -0.00229349 0.09390096
v -0.03450548 -0.00354095 0.09258050
v -0.03551415 -0.00466281 0.09072884
v -0.03637996 -0.00552872 0.08852784
v -0.03396872 -0.00212826 0.09396617
v -0.03555169 -0.00322764 0.09270220
v -0.03703216 -0.00418793 0.09091051
v -0.03829703 -0.00494556 0.08875674
v -0.03443719 -0.00191264 0.09404638
v -0.03647482 -0.00282841 0.09286883
v -0.03837570 -0.00357371 0.09113767
v -0.03999723 -0.00417667 0.08902560
v -0.03483096 -0.00165798 0.09413901
v -0.03724351 -0.00234588 0.09304664
v -0.03949536 -0.00286466 0.09140598
v -0.04140863 -0.00324914 0.08935612
v -0.03234429 -0.00082209 0.09463332
v -0.03512549 -0.00135504 0.09423431
v -0.03782669 -0.00178214 0.09324148
v -0.04034462 -0.00209113 0.09168675
v -0.04248386 -0.00225605 0.08971165
v -0.03531505 -0.00101285 0.09433612
v -0.03820134 -0.00117780 0.09343602
v -0.04089093 -0.00121850 0.09197059
v -0.04317680 -0.00118894 0.09009123
v -0.04573485 0.00022759 0.08890434
v -0.04929071 0.00061242 0.08631358
v -0.05237904 0.00108007 0.08290319
v -0.05472063 0.00157102 0.07899646
v -0.05623534 0.00205772 0.07475834
v -0.05684872 0.00251216 0.07034916
v -0.05655854 0.00292605 0.06600159
v -0.05535947 0.00330573 0.06183584
v -0.05330091 0.00365600 0.05802063
v -0.05046797 0.00393219 0.05469748
v -0.04697962 0.00411410 0.05197386
v -0.04297274 0.00421298 0.04993147
v -0.03866848 0.00421685 0.04861209
v -0.04554692 0.00150994 0.08934468
v -0.04904622 0.00224949 0.08684660
v -0.05208264 0.00302654 0.08352579
v -0.05440422 0.00373614 0.07967646
v -0.05590595 0.00436505 0.07547087
v -0.05652637 0.00489209 0.07108484
v -0.05624176 0.00530522 0.06669933
v -0.05505954 0.00558345 0.06248143
v -0.05303007 0.00571478 0.05859382
v -0.05023804 0.00568932 0.05517662
v -0.04679730 0.00551117 0.05234377
v -0.04284937 0.00518662 0.05018109
v -0.03860589 0.00471357 0.04874134
v -0.04485454 0.00280932 0.08973984
v -0.04816638 0.00390727 0.08734205
v -0.05106120 0.00498390 0.08409536
v -0.05326056 0.00591732 0.08030491
v -0.05469432 0.00667825 0.07613531
v -0.05529694 0.00724262 0.07175522
v -0.05503457 0.00759689 0.06734648
v -0.05392262 0.00772917 0.06307937
v -0.05200933 0.00763721 0.05912244
v -0.04937270 0.00732185 0.05561906
v -0.04611894 0.00679533 0.05268558
v -0.04244804 0.00606436 0.05040898
v -0.03836992 0.00517713 0.04886006
v -0.04368904 0.00402689 0.09007297
v -0.04670087 0.00543400 0.08775394
v -0.04932076 0.00671291 0.08458564
v -0.05132999 0.00782595 0.08085737
v -0.05264628 0.00872857 0.07671866
v -0.05320419 0.00936532 0.07234261
v -0.05298153 0.00969894 0.06791067
v -0.05199168 0.00971807 0.06360516
v -0.05027526 0.00941950 0.05958617
v -0.04790262 0.00881860 0.05600734
v -0.04496811 0.00794976 0.05298620
v -0.04159206 0.00686335 0.05061693
v -0.03797089 0.00558669 0.04896407
v -0.04209970 0.00505143 0.09035183
v -0.04469073 0.00668307 0.08810381
v -0.04695528 0.00824259 0.08500160
v -0.04868742 0.00957858 0.08131168
v -0.04983816 0.01061566 0.07719762
v -0.05033929 0.01128880 0.07282493
v -0.05017414 0.01158373 0.06837702
v -0.04935072 0.01149663 0.06403625
v -0.04790298 0.01102818 0.05996756
v -0.04588832 0.01018551 0.05632438
v -0.04339027 0.00900172 0.05323040
v -0.04058008 0.00754125 0.05078249
v -0.03742080 0.00593134 0.04904804
v -0.04013976 0.00584515 0.09055436
v -0.04222910 0.00773367 0.08837874
v -0.04404368 0.00953298 0.08532040
v -0.04545104 0.01099102 0.08166465
v -0.04638826 0.01206679 0.07755445
v -0.04682123 0.01273356 0.07318240
v -0.04672027 0.01298986 0.06872136
v -0.04610196 0.01283268 0.06435349
v -0.04498331 0.01226022 0.06024777
v -0.04341162 0.01126984 0.05655842
v -0.04144946 0.00987007 0.05340938
v -0.03924800 0.00811795 0.05090584
v -0.03674636 0.00620685 0.04911024
v -0.03789942 0.00641723 0.09068158
v -0.03939492 0.00851348 0.08855273
v -0.04070651 0.01043177 0.08552804
v -0.04172999 0.01193603 0.08186916
v -0.04243364 0.01301962 0.07776836
v -0.04278350 0.01368135 0.07339834
v -0.04276349 0.01391476 0.06892933
v -0.04237459 0.01371252 0.06454593
v -0.04163511 0.01307632 0.06041760
v -0.04056869 0.01200423 0.05669781
v -0.03930057 0.01047606 0.05352327
v -0.03771883 0.00854432 0.05097875
v -0.03596769 0.00640313 0.04914640
v -0.03545620 0.00676987 0.09072348
v -0.03630535 0.00897534 0.08861643
v -0.03707043 0.01092235 0.08559985
v -0.03768116 0.01242321 0.08193654
v -0.03812878 0.01351047 0.07783487
v -0.03839236 0.01417460 0.07346173
v -0.03845561 0.01439795 0.06899028
v -0.03832037 0.01417021 0.06460387
v -0.03799175 0.01349908 0.06046818
v -0.03747353 0.01238885 0.05673808
v -0.03687532 0.01081586 0.05355637
v -0.03605099 0.00879244 0.05100122
v -0.03511912 0.00651414 0.04915712
v -0.03291776 0.00684738 0.09069317
v -0.03308114 0.00907277 0.08854903
v -0.03326689 0.01099230 0.08551054
v -0.03346378 0.01247716 0.08185264
v -0.03365323 0.01356008 0.07775383
v -0.03381852 0.01422562 0.07335851
v -0.03398013 0.01444687 0.06890745
v -0.03410657 0.01421637 0.06452756
v -0.03419961 0.01354291 0.06039982
v -0.03433555 0.01243727 0.05669488
v -0.03434436 0.01087727 0.05351124
v -0.03430873 0.00884595 0.05096848
v -0.03423251 0.00653360 0.04914063
v -0.03038434 0.00664417 0.09059422
v -0.02985633 0.00880316 0.08838326
v -0.02944695 0.01065378 0.08527020
v -0.02924734 0.01211147 0.08162245
v -0.02918274 0.01317498 0.07751879
v -0.02927090 0.01383340 0.07314596
v -0.02951337 0.01406372 0.06868821
v -0.02989819 0.01385432 0.06431868
v -0.03040615 0.01321776 0.06020668
v -0.03111055 0.01216413 0.05653984
v -0.03180824 0.01066581 0.05338937
v -0.03256213 0.00870308 0.05088506
v -0.03334248 0.00645925 0.04909787
v -0.02793452 0.00617483 0.09041773
v -0.02676574 0.00819849 0.08812463
v -0.02580689 0.00994984 0.08493560
v -0.02520809 0.01134949 0.08127089
v -0.02490050 0.01237165 0.07716064
v -0.02490819 0.01301350 0.07278691
v -0.02523262 0.01325847 0.06833763
v -0.02586104 0.01309619 0.06398793
v -0.02684635 0.01254339 0.05994134
v -0.02800580 0.01157942 0.05629271
v -0.02936848 0.01019359 0.05319643
v -0.03087834 0.00836856 0.05075206
v -0.03248280 0.00629394 0.04903069
v -0.02567279 0.00542029 0.09013435
v -0.02392316 0.00725771 0.08777691
v -0.02247895 0.00890136 0.08454198
v -0.02150727 0.01021472 0.08082595
v -0.02097562 0.01117820 0.07668921
v -0.02090465 0.01179907 0.07230755
v -0.02130251 0.01206581 0.06786595
v -0.02215129 0.01197105 0.06354575
v -0.02349264 0.01152708 0.05954963
v -0.02514710 0.01069665 0.05596310
v -0.02711415 0.00947075 0.05293930
v -0.02932305 0.00785717 0.05057726
v -0.03168683 0.00604556 0.04894204
v -0.02366289 0.00446621 0.08977813
v -0.02142969 0.00602247 0.08736522
v -0.01957420 0.00750479 0.08407553
v -0.01827618 0.00871439 0.08029062
v -0.01754759 0.00961783 0.07611455
v -0.01741080 0.01022033 0.07172286
v -0.01787131 0.01051779 0.06729557
v -0.01891175 0.01050647 0.06301130
v -0.02055435 0.01019299 0.05907305
v -0.02263843 0.00952709 0.05556245
v -0.02513399 0.00851307 0.05262828
v -0.02795155 0.00718960 0.05036478
v -0.03098648 0.00572354 0.04883443
v -0.02201348 0.00335896 0.08939059
v -0.01938037 0.00456084 0.08688751
v -0.01718522 0.00577933 0.08353945
v -0.01562478 0.00684498 0.07968228
v -0.01473524 0.00768437 0.07546218
v -0.01454606 0.00827818 0.07106047
v -0.01505891 0.00861927 0.06664683
v -0.01625690 0.00870430 0.06240552
v -0.01814075 0.00854528 0.05853176
v -0.02057243 0.00808460 0.05510757
v -0.02350047 0.00735013 0.05227477
v -0.02681866 0.00639981 0.05012411
v -0.03040387 0.00534331 0.04871313
v -0.02077577 0.00211933 0.08896360
v -0.01784120 0.00298650 0.08636702
v -0.01539119 0.00385356 0.08293928
v -0.01364237 0.00467395 0.07900890
v -0.01263896 0.00539354 0.07475053
v -0.01241276 0.00596182 0.07034051
v -0.01296204 0.00635894 0.06594789
v -0.01427040 0.00656567 0.06175312
v -0.01633360 0.00660492 0.05794529
v -0.01902311 0.00641744 0.05461507
v -0.02227210 0.00604633 0.05189284
v -0.02596574 0.00553583 0.04986399
v -0.02996588 0.00491613 0.04858161
v -0.01999278 0.00073280 0.08851203
v -0.01686618 0.00129897 0.08581316
v -0.01425533 0.00189430 0.08231306
v -0.01239112 0.00244940 0.07832062
v -0.01131836 0.00298039 0.07402176
v -0.01107099 0.00347117 0.06959859
v -0.01164868 0.00389722 0.06522651
v -0.01303991 0.00423269 0.06108189
v -0.01519280 0.00452467 0.05733777
v -0.01804282 0.00466771 0.05410555
v -0.02149317 0.00470430 0.05149874
v -0.02542074 0.00463532 0.04959624
v -0.02968518 0.00445383 0.04844630
v -0.01968651 -0.00065560 0.08805521
v -0.01648087 -0.00047598 0.08525921
v -0.01381475 -0.00019852 0.08166966
v -0.01191055 0.00015196 0.07761697
v -0.01081735 0.00057153 0.07328528
v -0.01054996 0.00103220 0.06883837
v -0.01114949 0.00151079 0.06451393
v -0.01256003 0.00202257 0.06041134
v -0.01475399 0.00250322 0.05673420
v -0.01766259 0.00295431 0.05359938
v -0.02118779 0.00335958 0.05110664
v -0.02520734 0.00370256 0.04932919
v -0.02957437 0.00396764 0.04831160
v -0.01987712 -0.00195625 0.08762813
v -0.01671827 -0.00214925 0.08472716
v -0.01409325 -0.00220024 0.08104816
v -0.01222139 -0.00209951 0.07693641
v -0.01114370 -0.00185168 0.07256938
v -0.01089251 -0.00145198 0.06813584
v -0.01147207 -0.00092009 0.06382060
v -0.01287567 -0.00029557 0.05978812
v -0.01502823 0.00042267 0.05615829
v -0.01789373 0.00117816 0.05311541
v -0.02136908 0.00195987 0.05073230
v -0.02533033 0.00273665 0.04907612
v -0.02963663 0.00347392 0.04818466
v -0.02053708 -0.00327804 0.08723905
v -0.01755256 -0.00379109 0.08424041
v -0.01507113 -0.00411119 0.08048049
v -0.01329909 -0.00420528 0.07630847
v -0.01228385 -0.00407411 0.07191378
v -0.01205201 -0.00372270 0.06747819
v -0.01261119 -0.00313509 0.06318565
v -0.01393737 -0.00235519 0.05919497
v -0.01600267 -0.00146521 0.05562883
v -0.01872646 -0.00047060 0.05267208
v -0.02202623 0.00066530 0.05038963
v -0.02578645 0.00182953 0.04884788
v -0.02987067 0.00300051 0.04806672
v -0.02164930 -0.00441593 0.08690156
v -0.01894994 -0.00519895 0.08381715
v -0.01671421 -0.00576503 0.07998160
v -0.01511655 -0.00605055 0.07576304
v -0.01420557 -0.00603423 0.07134089
v -0.01400728 -0.00572031 0.06690280
v -0.01452560 -0.00513199 0.06263258
v -0.01575797 -0.00430352 0.05864711
v -0.01764423 -0.00321338 0.05516641
v -0.02013093 -0.00188781 0.05228591
v -0.02313837 -0.00047180 0.05008944
v -0.02655803 0.00101984 0.04863911
v -0.03026559 0.00257957 0.04796337
v -0.02318064 -0.00537551 0.08662140
v -0.02087306 -0.00646398 0.08346483
v -0.01896295 -0.00724971 0.07956644
v -0.01760544 -0.00768479 0.07531030
v -0.01684067 -0.00776639 0.07086744
v -0.01669104 -0.00749352 0.06642658
v -0.01716112 -0.00687072 0.06216587
v -0.01824864 -0.00590495 0.05821805
v -0.01989621 -0.00463190 0.05478923
v -0.02205959 -0.00318365 0.05197097
v -0.02466400 -0.00146450 0.04984551
v -0.02761638 0.00034048 0.04847112
v -0.03081013 0.00222882 0.04787773
v -0.02507878 -0.00618733 0.08641797
v -0.02325328 -0.00744003 0.08320478
v -0.02175099 -0.00838012 0.07926389
v -0.02068961 -0.00895426 0.07497358
v -0.02010613 -0.00912168 0.07051415
v -0.02001633 -0.00886677 0.06606902
v -0.02042702 -0.00820597 0.06181968
v -0.02133349 -0.00718766 0.05790417
v -0.02268476 -0.00582743 0.05451160
v -0.02444366 -0.00412771 0.05173913
v -0.02654820 -0.00227828 0.04966670
v -0.02892378 -0.00015987 0.04834963
v -0.03147834 0.00194593 0.04781614
v -0.03412014 0.00414184 0.04806668
v -0.02727180 -0.00674057 0.08629756
v -0.02600622 -0.00812544 0.08304977
v -0.02497344 -0.00922636 0.07907557
v -0.02425886 -0.00992197 0.07476376
v -0.02388572 -0.01015672 0.07029220
v -0.02387007 -0.00991645 0.06584761
v -0.02421065 -0.00921133 0.06160930
v -0.02489473 -0.00808548 0.05773624
v -0.02591169 -0.00663273 0.05434394
v -0.02719901 -0.00485621 0.05160007
v -0.02872410 -0.00281884 0.04956003
v -0.03042739 -0.00055409 0.04827746
v -0.03224935 0.00173823 0.04777986
v -0.02967396 -0.00703426 0.08625214
v -0.02902918 -0.00852694 0.08299912
v -0.02851779 -0.00972615 0.07901397
v -0.02819044 -0.01048041 0.07469499
v -0.02805299 -0.01074527 0.07021578
v -0.02811658 -0.01051692 0.06577013
v -0.02837883 -0.00980230 0.06153616
v -0.02882798 -0.00862379 0.05767213
v -0.02946026 -0.00707509 0.05429237
v -0.03022686 -0.00525078 0.05155868
v -0.03110817 -0.00309753 0.04952985
v -0.03207628 -0.00081143 0.04825805
v -0.03309273 0.00161829 0.04777190
v -0.03219854 -0.00707084 0.08628817
v -0.03221072 -0.00860654 0.08306238
v -0.03225277 -0.00982419 0.07907994
v -0.03233509 -0.01058142 0.07476619
v -0.03245291 -0.01084634 0.07029391
v -0.03259284 -0.01062235 0.06583022
v -0.03277687 -0.00991220 0.06161027
v -0.03297342 -0.00872909 0.05774453
v -0.03319905 -0.00714964 0.05435894
v -0.03340981 -0.00530305 0.05161668
v -0.03361442 -0.00314211 0.04957596
v -0.03380484 -0.00085144 0.04829177
v -0.03397398 0.00159525 0.04779681
v -0.03475049 -0.00684959 0.08641165
v -0.03542666 -0.00833706 0.08322223
v -0.03603547 -0.00950912 0.07926717
v -0.03653494 -0.01022930 0.07497119
v -0.03691163 -0.01047209 0.07050866
v -0.03715116 -0.01024000 0.06607061
v -0.03723803 -0.00953903 0.06182728
v -0.03717325 -0.00837806 0.05794835
v -0.03695839 -0.00682179 0.05456824
v -0.03662877 -0.00502989 0.05177117
v -0.03614610 -0.00292934 0.04969698
v -0.03555040 -0.00070571 0.04837336
v -0.03486544 0.00167004 0.04783059
v -0.03722710 -0.00637831 0.08661522
v -0.03855180 -0.00772766 0.08347046
v -0.03971631 -0.00879306 0.07956599
v -0.04062819 -0.00943981 0.07530326
v -0.04125989 -0.00963857 0.07086229
v -0.04158494 -0.00939013 0.06643211
v -0.04158752 -0.00869884 0.06217947
v -0.04126751 -0.00758251 0.05827487
v -0.04064068 -0.00611828 0.05485807
v -0.03976205 -0.00444439 0.05201681
v -0.03860298 -0.00246443 0.04988777
v -0.03724129 -0.00038211 0.04850349
v -0.03572739 0.00183698 0.04789499
v -0.03953353 -0.00568166 0.08688573
v -0.04146124 -0.00681561 0.08380250
v -0.04314781 -0.00770561 0.07996763
v -0.04445107 -0.00823589 0.07575411
v -0.04531750 -0.00836569 0.07133813
v -0.04572459 -0.00809002 0.06691216
v -0.04564252 -0.00741725 0.06264620
v -0.04508652 -0.00638265 0.05871040
v -0.04407212 -0.00507317 0.05524556
v -0.04268096 -0.00355924 0.05234379
v -0.04089430 -0.00177917 0.05014204
v -0.03881492 0.00012723 0.04867755
v -0.03652887 0.00209131 0.04798301
v -0.04158219 -0.00478219 0.08722425
v -0.04404513 -0.00565982 0.08422337
v -0.04619407 -0.00630869 0.08045927
v -0.04784514 -0.00666767 0.07630067
v -0.04892466 -0.00669798 0.07191529
v -0.04939828 -0.00638945 0.06749468
v -0.04924640 -0.00576152 0.06321334
v -0.04847597 -0.00486095 0.05923863
v -0.04711844 -0.00374043 0.05571636
v -0.04522400 -0.00236202 0.05276743
v -0.04292468 -0.00090293 0.05045070
v -0.04021060 0.00078613 0.04888739
v -0.03723508 0.00242453 0.04808942
v -0.04328416 -0.00368244 0.08760060
v -0.04620309 -0.00431224 0.08469722
v -0.04873583 -0.00470329 0.08102204
v -0.05067369 -0.00485420 0.07692146
v -0.05193052 -0.00476072 0.07257058
v -0.05246134 -0.00442705 0.06815883
v -0.05224943 -0.00386599 0.06385794
v -0.05129994 -0.00309650 0.05984095
v -0.04965370 -0.00210665 0.05625101
v -0.04737736 -0.00100091 0.05321787
v -0.04461310 0.00018831 0.05080032
v -0.04136936 0.00151705 0.04912653
v -0.03782516 0.00281407 0.04821046
v -0.04456917 -0.00244337 0.08801860
v -0.04783422 -0.00275063 0.08521467
v -0.05066575 -0.00290051 0.08162965
v -0.05282551 -0.00286616 0.07759734
v -0.05421011 -0.00265266 0.07328063
v -0.05478667 -0.00226861 0.06887893
v -0.05452839 -0.00172377 0.06455799
v -0.05344259 -0.00104989 0.06049591
v -0.05157787 -0.00031861 0.05683245
v -0.04900758 0.00053201 0.05369975
v -0.04583643 0.00148758 0.05119930
v -0.04224563 0.00232289 0.04938366
v -0.03826842 0.00324684 0.04834102
v -0.04540676 -0.00118144 0.08846617
v -0.04889823 -0.00113974 0.08576987
v -0.05191936 -0.00096932 0.08226986
v -0.05420494 -0.00070099 0.07829740
v -0.05566976 -0.00036184 0.07402331
v -0.05626991 0.00004942 0.06962870
v -0.05597978 0.00053815 0.06528674
v -0.05481246 0.00107534 0.06116603
v -0.05281011 0.00168613 0.05742615
v -0.05005141 0.00223743 0.05419845
f 4 2 1
f 8 6 5
f 13 15 14
f 17 19 18
f 32 30 29
f 36 34 33
f 37 39 38
f 21 23 20
f 25 27 24
f 41 43 42
f 48 46 45
f 52 50 49
f 53 55 54
f 60 58 57
f 29 62 61
f 66 64 63
f 67 6 68
f 72 70 69
f 76 74 73
f 77 79 78
f 81 83 82
f 59 86 85
f 88 90 89
f 96 94 93
f 100 98 97
f 101 103 102
f 106 34 87
f 108 115 107
f 117 36 118
f 124 126 125
f 131 129 128
f 132 134 133
f 142 140 139
f 148 60 147
f 144 127 124
f 149 151 150
f 156 154 153
f 159 158 157
f 116 164 105
f 171 169 168
f 174 173 172
f 179 181 180
f 186 188 187
f 194 196 195
f 199 139 198
f 206 208 207
f 213 211 210
f 202 214 201
f 96 216 54
f 92 43 44
f 97 246 100
f 250 229 228
f 252 58 253
f 258 256 255
f 260 229 259
f 110 112 113
f 114 263 109
f 265 267 266
f 56 270 269
f 274 249 250
f 185 63 64
f 280 278 276
f 285 283 157
f 288 211 212
f 141 92 46
f 289 175 176
f 148 105 106
f 312 170 171
f 238 42 43
f 318 160 317
f 310 308 307
f 241 325 324
f 160 240 317
f 47 307 308
f 108 315 164
f 345 86 119
f 348 350 349
f 356 358 357
f 355 353 352
f 363 32 362
f 149 150 176
f 364 253 365
f 366 368 367
f 183 371 63
f 163 161 160
f 209 101 208
f 378 165 166
f 379 381 380
f 383 3 4
f 284 386 385
f 387 389 388
f 391 229 249
f 73 397 396
f 405 407 406
f 203 411 410
f 414 413 412
f 1 357 4
f 277 131 275
f 254 57 58
f 358 415 351
f 417 386 408
f 401 192 420
f 419 127 143
f 421 182 422
f 103 302 409
f 428 368 174
f 380 359 356
f 62 266 323
f 140 431 430
f 357 351 348
f 356 379 380
f 415 403 434
f 437 436 435
f 438 440 439
f 188 450 449
f 452 454 453
f 265 181 421
f 224 64 225
f 237 213 427
f 275 128 458
f 281 460 459
f 50 79 461
f 73 282 281
f 468 466 465
f 390 352 359
f 482 484 483
f 489 487 486
f 493 495 494
f 472 470 469
f 502 500 499
f 220 222 223
f 512 143 66
f 518 511 80
f 513 230 286
f 205 31 244
f 189 451 188
f 163 532 8
f 533 225 251
f 446 447 412
f 335 540 334
f 544 546 545
f 329 291 292
f 199 262 238
f 385 416 550
f 532 191 247
f 363 118 243
f 236 237 250
f 578 580 579
f 573 571 570
f 561 562 272
f 241 259 240
f 590 592 591
f 545 595 594
f 503 155 504
f 606 624 623
f 478 480 479
f 646 648 647
f 590 689 684
f 564 651 650
f 728 184 727
f 714 716 715
f 692 575 693
f 541 581 578
f 346 248 400
f 161 230 160
f 128 94 95
f 698 704 703
f 574 576 575
f 290 401 328
f 630 725 726
f 733 735 734
f 755 496 493
f 759 481 760
f 757 762 761
f 764 466 467
f 768 3808 3809
f 759 488 489
f 492 475 771
f 474 769 473
f 773 465 772
f 771 486 483
f 484 775 491
f 774 489 486
f 495 764 756
f 495 761 494
f 137 784 136
f 325 797 547
f 165 51 52
f 369 29 370
f 730 568 569
f 90 301 89
f 243 516 242
f 800 806 805
f 817 808 816
f 816 823 822
f 306 447 807
f 815 809 808
f 829 828 825
f 726 501 502
f 274 424 423
f 879 881 880
f 884 879 885
f 219 217 211
f 906 904 897
f 455 205 542
f 898 830 829
f 903 880 881
f 906 897 898
f 377 519 165
f 923 948 946
f 946 951 950
f 3519 739 3517
f 900 886 880
f 225 65 144
f 182 442 422
f 809 947 824
f 954 962 961
f 927 965 966
f 885 880 886
f 925 966 967
f 343 341 340
f 965 971 968
f 968 970 969
f 972 969 973
f 963 981 978
f 336 338 339
f 992 827 828
f 810 996 959
f 1007 1002 1008
f 1012 827 1009
f 1011 1007 1008
f 294 292 291
f 907 920 919
f 1017 1019 1018
f 1020 1022 1021
f 1035 1020 1044
f 1061 1047 1046
f 1063 1046 1062
f 1044 1021 1045
f 1102 1097 1109
f 1116 1118 1117
f 1016 1014 1013
f 881 904 903
f 816 1127 817
f 1094 949 1097
f 514 167 515
f 146 81 82
f 1133 1130 1129
f 1102 1126 822
f 822 1116 816
f 1145 1148 1136
f 1076 1151 1069
f 1148 1086 1087
f 1109 1114 1136
f 1154 1156 1155
f 1153 967 1156
f 3464 463 3714
f 1144 1152 1151
f 1156 1163 1162
f 1164 1169 1165
f 1145 1176 1147
f 1114 1154 1171
f 1183 1164 1177
f 1184 1177 1185
f 1069 1062 1064
f 1023 1194 1022
f 1162 1170 1169
f 1195 1185 1191
f 1183 1176 1155
f 1201 1152 1196
f 1061 1201 1202
f 3825 843 3836
f 1203 1195 1034
f 1202 1184 1195
f 1218 1203 1217
f 1060 1202 1203
f 1225 1217 1219
f 671 694 670
f 1219 1024 1035
f 1217 1034 1024
f 1226 1015 1227
f 1243 1234 1233
f 1231 1229 1228
f 847 1233 843
f 843 1244 878
f 1233 1245 1244
f 1923 233 216
f 2100 499 500
f 3914 2135 3900
f 61 323 505
f 210 217 457
f 1299 1309 1300
f 3863 1231 3862
f 1066 1321 1322
f 1322 1228 1229
f 1060 1321 1047
f 1325 1323 1310
f 1244 1332 1330
f 1290 1242 1288
f 1337 1339 1338
f 1330 1340 1339
f 1341 1245 1294
f 1342 1332 1341
f 1343 1341 1344
f 1344 1294 1293
f 3857 1345 1346
f 1347 1342 1343
f 3856 1295 1345
f 1349 1348 1347
f 3861 1347 3853
f 3853 1343 3857
f 906 829 1353
f 905 1353 1354
f 865 1355 1357
f 1355 829 825
f 1357 825 826
f 1356 1353 1355
f 3834 1338 3833
f 866 1356 865
f 1358 1354 1356
f 3828 1337 3834
f 838 1012 841
f 1363 1338 1339
f 1368 1339 1340
f 1348 1340 1342
f 1371 3824 3829
f 524 526 523
f 528 530 527
f 1372 1369 1371
f 535 537 538
f 1367 1348 1350
f 1370 1359 1369
f 1369 3833 3824
f 1373 903 904
f 555 557 558
f 1374 910 1373
f 1373 905 1375
f 1374 1375 1376
f 1375 1354 1370
f 1378 908 1377
f 376 651 1387
f 1388 973 969
f 586 588 585
f 1390 1388 1391
f 1391 969 970
f 597 599 596
f 600 602 603
f 1392 970 979
f 608 610 607
f 612 523 611
f 614 616 613
f 617 25 24
f 620 622 619
f 1397 1391 1392
f 1398 1392 1399
f 1400 920 1378
f 1402 1165 1169
f 636 638 635
f 930 1402 929
f 641 643 644
f 929 1169 1170
f 1404 1403 1402
f 1411 1365 1406
f 1412 1415 1414
f 652 654 655
f 609 657 658
f 659 661 662
f 558 586 585
f 665 667 664
f 1413 1406 1412
f 1418 3810 3813
f 1417 1371 1416
f 1416 3829 3810
f 1419 1416 1418
f 1386 1374 1420
f 677 679 676
f 1385 1420 1421
f 1420 1376 1422
f 685 687 688
f 1421 1422 1423
f 528 691 658
f 1422 1372 1417
f 1018 747 1425
f 699 701 702
f 1424 579 1017
f 3663 1767 3660
f 700 711 712
f 1093 3754 1571
f 717 530 719
f 721 723 720
f 704 3543 3554
f 19 1426 1430
f 1429 1427 1426
f 1658 3542 3544
f 1439 1434 1438
f 1437 1435 1434
f 1426 1433 1432
f 1442 1432 1440
f 742 744 745
f 1432 1441 1440
f 751 753 750
f 1438 1403 1405
f 1446 1444 1443
f 1447 1446 1443
f 3860 1443 3848
f 1415 1445 1446
f 1414 1446 1448
f 2173 469 470
f 777 779 686
f 780 782 783
f 1676 1806 1675
f 3859 1349 3861
f 789 791 788
f 745 793 742
f 652 795 653
f 1455 1457 1456
f 1454 1350 1452
f 610 802 801
f 3831 698 703
f 1352 1045 1351
f 1015 1459 1460
f 811 813 814
f 2118 3817 2117
f 819 821 818
f 1466 1194 1190
f 1467 1465 1466
f 1182 1468 1467
f 832 833 831
f 835 837 834
f 1467 1190 1182
f 1469 1444 1445
f 840 712 690
f 1453 1469 1454
f 599 845 846
f 1226 3849 3855
f 851 853 850
f 855 856 854
f 858 860 857
f 861 863 864
f 1014 3855 3858
f 867 868 869
f 870 872 873
f 874 876 877
f 1310 1471 1309
f 1476 1427 1475
f 1461 1475 1460
f 887 889 890
f 788 892 891
f 894 896 893
f 1460 1227 1015
f 901 524 612
f 1465 1477 1464
f 1865 3500 1864
f 911 913 914
f 916 918 915
f 1850 3507 1851
f 921 895 894
f 1479 1436 1478
f 926 667 601
f 1481 563 1480
f 269 84 1482
f 931 933 916
f 934 614 869
f 936 688 937
f 938 662 939
f 1484 122 123
f 941 835 834
f 320 509 510
f 1849 3505 1850
f 84 1484 83
f 1487 1488 539
f 1757 3502 3509
f 365 1491 364
f 461 80 511
f 117 362 1496
f 1494 541 1495
f 926 957 958
f 1477 1433 1476
f 1709 1585 1700
f 119 1496 345
f 271 504 156
f 511 189 186
f 345 1492 365
f 255 344 254
f 57 299 132
f 1501 268 1500
f 267 1499 145
f 974 976 977
f 1678 1693 1676
f 3846 1807 3840
f 557 663 558
f 983 984 985
f 1443 3849 3848
f 421 268 265
f 989 991 988
f 1490 418 1504
f 279 309 310
f 997 676 679
f 998 999 875
f 1504 38 1505
f 1506 1507 1486
f 360 1508 1506
f 1506 207 360
f 939 1006 938
f 270 1483 269
f 66 546 512
f 1010 793 935
f 367 437 1509
f 244 363 243
f 1670 3534 1669
f 209 1510 226
f 235 1512 1511
f 1511 234 235
f 388 426 425
f 427 250 237
f 161 521 231
f 100 45 44
f 1025 608 1027
f 1029 1031 1028
f 939 1033 1032
f 41 594 99
f 1036 783 1037
f 702 1038 1039
f 1040 1042 1043
f 362 369 1493
f 187 477 186
f 70 539 198
f 1511 1521 234
f 1049 603 1048
f 613 869 614
f 860 1051 857
f 1005 1053 1006
f 753 1056 1054
f 1057 1059 1055
f 293 1522 292
f 288 1521 1522
f 292 1523 329
f 331 1508 1524
f 306 453 305
f 100 41 99
f 462 78 79
f 330 1524 462
f 635 1068 636
f 1485 1526 1528
f 206 1528 1510
f 1070 1072 831
f 942 1073 1074
f 916 1075 917
f 440 1530 439
f 157 1514 285
f 1529 5 1530
f 371 546 63
f 790 663 791
f 1077 857 1078
f 1403 1435 1165
f 1080 1082 1079
f 531 1529 440
f 21 1084 1085
f 272 1531 561
f 137 396 397
f 690 802 691
f 335 3567 581
f 1090 1029 1091
f 1092 794 1042
f 1533 137 138
f 661 1095 1096
f 69 445 72
f 1099 1101 1098
f 38 1536 1505
f 1104 1106 1103
f 852 1108 853
f 1377 909 1386
f 291 411 294
f 316 516 33
f 539 1533 534
f 1505 316 313
f 1110 1112 1113
f 1539 460 264
f 522 1537 1539
f 834 1120 1119
f 1122 1124 1121
f 612 1041 901
f 935 615 614
f 276 130 131
f 1686 3522 1685
f 193 1541 273
f 231 1540 287
f 556 982 557
f 365 85 345
f 190 318 1541
f 1810 3574 3528
f 3924 3512 3791
f 1132 985 1131
f 208 102 132
f 1134 662 661
f 1491 80 77
f 429 1542 147
f 1137 915 918
f 172 428 174
f 1139 1141 1142
f 549 54 55
f 1517 1518 296
f 976 1146 938
f 834 984 941
f 1543 286 115
f 1544 239 513
f 133 1544 1542
f 506 257 258
f 420 328 401
f 1158 1160 1157
f 587 1103 588
f 1513 1514 151
f 607 1027 608
f 304 1545 303
f 364 77 506
f 69 198 139
f 1006 976 938
f 700 1112 701
f 3877 3525 3787
f 1166 657 656
f 1167 858 1077
f 1172 1174 1175
f 218 200 217
f 1179 1181 1178
f 372 97 98
f 89 227 88
f 1186 1188 1189
f 172 1517 1549
f 1482 81 1498
f 1090 1193 1030
f 394 353 1551
f 526 1198 1197
f 811 858 812
f 1199 1026 1025
f 606 697 696
f 1204 1206 743
f 1207 523 526
f 1209 867 613
f 914 685 936
f 1478 1441 1477
f 1029 1161 1091
f 1211 1213 1214
f 3858 1451 3859
f 844 1216 845
f 423 273 274
f 1220 1222 1083
f 22 1224 23
f 882 897 881
f 1519 173 387
f 1189 1232 1178
f 349 550 416
f 1071 1236 1072
f 1237 1239 745
f 1221 1189 1240
f 1510 1512 333
f 939 1241 1005
f 1556 5 67
f 1553 394 1551
f 404 67 347
f 1247 1249 1246
f 142 238 92
f 1251 635 1250
f 850 1253 851
f 1254 1077 1255
f 57 133 429
f 443 552 551
f 1187 1175 1188
f 1256 831 833
f 432 382 383
f 741 747 746
f 434 351 415
f 349 383 348
f 251 1481 1480
f 395 352 353
f 1518 1550 1551
f 1558 378 340
f 109 314 315
f 285 1513 407
f 395 393 392
f 202 410 1558
f 417 405 432
f 1246 1258 1247
f 3 297 2
f 1259 1261 1262
f 403 347 284
f 955 953 952
f 462 51 330
f 1096 687 1263
f 429 60 57
f 896 1265 932
f 1267 1268 1266
f 423 327 420
f 37 180 40
f 20 1187 1186
f 1256 1071 1070
f 155 156 504
f 1188 1269 1232
f 1236 1271 1262
f 1272 535 621
f 565 463 464
f 1273 745 1239
f 876 1255 1274
f 316 164 315
f 437 503 1509
f 194 1495 197
f 1275 864 863
f 624 631 630
f 1277 1137 1278
f 569 567 566
f 1481 125 366
f 324 547 326
f 1279 1107 1280
f 1525 329 1523
f 1281 1137 918
f 171 1553 1552
f 1488 396 1533
f 1557 1562 1559
f 1282 1206 1205
f 1053 1278 1281
f 778 607 1283
f 713 3566 3569
f 251 144 124
f 4 348 383
f 709 707 706
f 728 45 246
f 261 1563 544
f 789 1287 790
f 74 263 282
f 403 385 434
f 1178 1240 1189
f 1223 1289 1224
f 158 150 151
f 1220 1186 1221
f 296 354 433
f 784 1538 1566
f 1181 1291 1222
f 1269 1257 1246
f 1566 438 399
f 136 1566 1564
f 1563 169 1565
f 107 109 108
f 1297 1298 1296
f 1464 1476 1461
f 1520 507 508
f 1301 1303 1304
f 1306 1308 1305
f 175 1532 272
f 1532 200 201
f 1311 1312 1313
f 872 1315 1316
f 1317 1318 1319
f 3836 878 3828
f 1305 864 1276
f 1040 863 1320
f 1564 399 169
f 592 1575 591
f 591 1088 689
f 1581 1583 1582
f 1196 1147 1176
f 710 583 713
f 285 408 386
f 953 961 963
f 1594 1589 1593
f 1585 1587 1586
f 1592 1590 1589
f 3885 944 3899
f 1600 1598 1597
f 1604 1602 1601
f 1399 979 980
f 1589 1596 1595
f 1610 1608 1607
f 298 361 360
f 551 276 277
f 1627 3814 3819
f 859 818 860
f 1078 1328 1329
f 1555 1530 1556
f 572 680 681
f 772 776 774
f 977 918 917
f 404 392 393
f 1054 750 753
f 1644 1643 1642
f 932 1082 933
f 1067 1334 1068
f 1540 264 114
f 597 643 1336
f 471 762 470
f 1642 3831 3842
f 1644 3842 3843
f 923 950 927
f 96 548 95
f 520 522 521
f 445 443 442
f 849 848 842
f 480 755 493
f 1646 481 1639
f 311 1567 170
f 464 3497 3495
f 3497 1361 3495
f 234 236 235
f 190 192 191
f 153 152 149
f 231 286 230
f 1552 1551 1550
f 760 1648 488
f 3832 1649 3830
f 828 826 825
f 52 166 165
f 1663 1661 1660
f 287 115 286
f 668 670 669
f 634 640 639
f 553 559 554
f 118 33 516
f 492 491 490
f 3552 1651 3553
f 582 584 583
f 384 392 415
f 1381 1383 1380
f 1562 435 436
f 952 951 947
f 3529 583 584
f 1660 1667 1666
f 1394 1396 1393
f 1660 1664 1663
f 1671 1669 1668
f 1624 1673 1672
f 1407 1409 1410
f 1677 1675 1674
f 1613 1677 1625
f 1679 1676 1677
f 1626 3811 3814
f 534 198 539
f 176 150 159
f 803 734 800
f 400 191 192
f 65 143 144
f 3526 1656 3540
f 402 157 283
f 629 627 626
f 461 49 50
f 758 495 756
f 796 786 785
f 406 1513 1560
f 342 166 167
f 1694 1658 1695
f 1692 1694 1696
f 3557 1652 3552
f 3921 1703 3923
f 326 302 90
f 3916 1702 1706
f 3919 1698 1701
f 1699 3927 3918
f 1557 1560 1561
f 1127 1117 1128
f 400 289 346
f 1706 1707 1708
f 1707 1599 1600
f 1709 1708 1588
f 1714 1711 1713
f 3919 1709 1700
f 1704 1577 1703
f 1716 1713 1715
f 1559 1549 297
f 1722 1720 1719
f 1335 596 1489
f 410 377 378
f 973 1163 972
f 168 399 398
f 1571 1089 1093
f 1572 682 1571
f 749 647 754
f 1730 1723 1729
f 1594 1729 1592
f 1729 1591 1592
f 1731 1730 1583
f 1384 1377 1379
f 1732 1712 1714
f 1724 1731 1732
f 1712 1731 1580
f 1722 1732 1733
f 1721 1733 1734
f 1734 1716 1717
f 1735 1736 1697
f 1733 1714 1716
f 1663 1741 1668
f 1742 1740 1743
f 1738 1737 1735
f 1665 1666 1740
f 1665 1744 1664
f 1725 1746 1745
f 1591 1745 1590
f 1590 1747 1596
f 1745 1748 1747
f 1659 3538 3542
f 3287 3545 3282
f 1185 1182 1190
f 1664 1749 1741
f 1741 1739 1738
f 1746 1743 1748
f 1726 1742 1746
f 1153 924 925
f 1115 1153 1154
f 1654 3575 1655
f 1896 3549 1686
f 1720 1744 1726
f 1721 1749 1720
f 1750 1701 1698
f 1697 1750 1696
f 1151 1063 1062
f 1751 1670 1671
f 1695 1752 1751
f 961 986 981
f 1770 1768 1767
f 1766 1593 1765
f 1731 1579 1580
f 1579 1774 1578
f 3928 1771 3929
f 1764 3928 3917
f 1777 1775 1774
f 3762 1699 1700
f 1004 1128 1003
f 1774 1771 1772
f 987 1399 980
f 1578 1772 1764
f 1783 1781 1778
f 1597 1770 1767
f 639 3895 3884
f 3928 1769 1770
f 1793 1789 1788
f 3929 1798 1769
f 3508 3773 1806
f 1802 3924 3922
f 1788 1794 1793
f 1793 1795 1776
f 3773 1675 1806
f 1584 1783 1789
f 1771 3920 3929
f 1801 1798 1800
f 1768 1798 1799
f 1775 1797 1771
f 508 515 1520
f 1796 1802 1797
f 1800 3920 3922
f 1794 1804 1795
f 3532 1752 3547
f 485 1807 775
f 3809 1640 768
f 3837 1810 1653
f 485 1640 1808
f 1690 3770 3772
f 487 1648 1811
f 3839 1816 3822
f 3838 1648 3830
f 3839 1811 3838
f 1812 487 1811
f 1641 767 768
f 465 755 776
f 767 3823 3808
f 3822 3826 3847
f 1809 1815 767
f 3837 1651 3840
f 675 3541 3496
f 1814 1822 1821
f 1821 3821 3820
f 1824 1649 1825
f 1827 1850 1805
f 1668 1662 1663
f 1779 1848 1828
f 1790 1805 1794
f 1833 1853 1852
f 3521 693 575
f 1614 1616 1617
f 1852 3498 3501
f 1620 1622 1623
f 1855 1574 1861
f 1847 3501 3513
f 1766 1855 1782
f 1629 1631 1628
f 1633 1634 1632
f 1635 1637 1638
f 1848 1852 1847
f 1855 1863 1862
f 1803 1867 1802
f 1862 1831 1832
f 1782 1862 1781
f 3922 1865 1800
f 1873 1870 1869
f 1874 799 804
f 2045 3897 2044
f 1219 1295 1225
f 1615 1396 1395
f 3884 1877 1876
f 645 3786 3559
f 1345 1035 1346
f 634 3884 3880
f 15 1327 14
f 3910 1878 1893
f 1894 605 1893
f 3506 627 693
f 340 454 1558
f 1897 195 1898
f 1889 1877 1890
f 1901 129 1900
f 196 754 232
f 1705 3921 3916
f 340 166 343
f 1570 563 561
f 1904 194 1897
f 1781 1832 1780
f 1905 55 1906
f 1000 995 996
f 986 920 987
f 1191 1190 1194
f 2094 2075 2093
f 1920 1919 1915
f 453 1912 1911
f 1915 1918 1916
f 3882 2106 3901
f 1916 1926 1925
f 704 3561 703
f 278 1925 1900
f 3565 1818 1820
f 1097 1115 1114
f 1927 727 1923
f 3578 3654 3758
f 1920 307 1929
f 1929 48 728
f 503 1497 1509
f 1902 787 796
f 1816 3820 3826
f 1925 1923 1924
f 1535 1568 1534
f 254 258 255
f 1509 366 367
f 119 35 36
f 219 293 294
f 141 47 431
f 542 244 245
f 1940 430 431
f 1779 1827 1790
f 1701 3915 3919
f 1661 3515 1667
f 270 754 647
f 197 749 196
f 1727 1212 1211
f 53 232 754
f 1465 1479 1478
f 1284 3854 1293
f 1951 412 413
f 168 1554 1553
f 1486 206 207
f 506 78 361
f 994 1007 993
f 951 963 964
f 1013 3861 1351
f 3826 1820 1818
f 1498 1954 1482
f 299 543 132
f 1754 1756 1753
f 1681 1683 1682
f 1696 1695 1697
f 13 738 737
f 473 475 474
f 482 768 1640
f 204 30 205
f 1761 820 819
f 611 1125 612
f 1501 1908 1909
f 1074 711 699
f 1960 82 83
f 120 1960 123
f 35 87 34
f 1773 1025 1031
f 1965 1569 1535
f 494 471 479
f 1966 1969 1968
f 446 1971 1967
f 174 125 126
f 1580 1578 1577
f 1785 1787 1784
f 1972 304 305
f 1254 875 999
f 1973 342 514
f 321 1973 509
f 1910 275 1907
f 509 514 508
f 1486 1527 1485
f 1974 804 1975
f 1977 1974 1978
f 1980 1966 1981
f 379 2 295
f 1718 1710 1701
f 884 992 883
f 1680 1678 1679
f 902 525 524
f 344 256 299
f 135 137 136
f 236 228 333
f 448 1967 1966
f 589 604 584
f 910 908 907
f 1981 1968 1987
f 1982 1987 1979
f 1988 1987 1989
f 1990 1989 1991
f 1991 1993 1992
f 322 320 319
f 992 830 883
f 1144 1086 1143
f 1995 1978 1994
f 1133 1118 1126
f 1997 1994 1996
f 870 1335 1489
f 805 1982 1998
f 727 2000 1999
f 1996 1988 1990
f 1994 1979 1988
f 1829 792 1273
f 1830 941 983
f 798 800 799
f 729 731 730
f 2011 2023 2022
f 1834 846 1159
f 402 284 347
f 2022 2024 2025
f 1838 989 988
f 810 952 809
f 1823 1840 644
f 1430 1432 1431
f 1215 1841 1079
f 149 176 177
f 1316 873 872
f 2112 1384 2106
f 1842 1844 1845
f 1159 845 1160
f 837 1846 1120
f 1971 2030 2027
f 517 370 189
f 858 833 812
f 1471 2027 1888
f 3551 626 627
f 2174 770 490
f 935 1854 1010
f 1613 1611 1618
f 1231 1225 1295
f 1856 891 892
f 1300 748 741
f 1150 1858 1859
f 1643 696 1642
f 1215 1264 1216
f 1320 902 901
f 1956 1944 1960
f 2031 669 1474
f 2034 1310 1299
f 1879 1656 1657
f 40 242 39
f 1992 2039 1456
f 888 957 889
f 1882 1996 1990
f 1078 1255 1077
f 1871 1192 1090
f 294 218 219
f 1323 2026 1471
f 123 83 1484
f 1324 2041 1323
f 384 359 352
f 1324 2038 2036
f 1883 1885 1829
f 287 114 107
f 1096 1134 661
f 915 931 916
f 806 1981 1982
f 3533 584 604
f 1425 2042 1018
f 1018 1948 1017
f 3562 740 3519
f 1948 649 646
f 1881 1990 1991
f 1900 130 278
f 992 994 993
f 923 925 924
f 3878 2047 3876
f 1643 625 606
f 2050 2051 2049
f 2045 1404 2047
f 3876 945 3885
f 1139 1079 1841
f 1037 892 982
f 2055 2057 2056
f 1198 718 717
f 1619 1612 1611
f 2058 1606 2059
f 2059 1607 2058
f 2058 1624 1605
f 71 179 37
f 405 1557 382
f 976 1006 977
f 322 1972 1911
f 2061 2063 2062
f 2066 2067 1825
f 2052 2064 2051
f 1609 2066 1647
f 1515 152 1516
f 1009 993 1007
f 1644 3815 2118
f 279 1916 278
f 1285 3862 1284
f 1647 1825 1649
f 2056 2067 2065
f 319 1953 1952
f 667 1913 1914
f 2070 625 2048
f 2052 2055 2063
f 2038 1655 1458
f 1606 2073 2072
f 1235 1270 1236
f 2072 2075 2074
f 2059 2072 2062
f 2074 2077 2076
f 1601 2078 2073
f 2049 1643 1645
f 1000 1001 994
f 1089 684 689
f 1931 1306 1930
f 1462 1021 1022
f 1932 1934 1935
f 875 1846 998
f 1936 1937 1938
f 44 46 92
f 1534 1956 120
f 1541 317 391
f 2081 2084 2083
f 146 1959 300
f 1360 1942 1361
f 985 1032 1033
f 1995 1892 2043
f 2079 2082 2081
f 2095 2076 2077
f 2081 2078 2079
f 2055 2054 2053
f 501 2095 500
f 2097 2099 2098
f 2098 2094 2083
f 2140 3893 3866
f 2141 3894 3893
f 2051 2048 2049
f 592 2101 1576
f 2071 2076 2096
f 2102 2098 2101
f 593 2102 592
f 1019 746 747
f 1950 12 1327
f 725 2096 501
f 1385 2104 1379
f 1379 2106 1384
f 2107 2100 2097
f 3908 502 3896
f 3896 499 3901
f 940 2109 944
f 928 1170 973
f 3868 684 3899
f 1962 1964 1961
f 3878 573 3897
f 2039 1968 1969
f 1389 2110 2109
f 1398 2113 1397
f 3757 3753 3743
f 3911 2107 2103
f 949 924 1115
f 260 324 326
f 1390 2113 2110
f 2070 2064 2071
f 3867 2103 593
f 2105 1421 2114
f 2114 1423 2115
f 3892 2115 3903
f 3908 2114 3892
f 554 1902 553
f 972 967 966
f 1765 1573 1574
f 1984 1986 1983
f 2053 2069 2057
f 3573 724 714
f 1625 1674 1673
f 3881 2119 2122
f 3903 2123 3904
f 56 1906 55
f 626 3879 629
f 2001 2003 2004
f 3912 2127 3907
f 2006 2008 2009
f 2127 1412 2128
f 2014 2016 2017
f 2018 2020 2021
f 1495 1947 197
f 1379 1386 1385
f 3814 1680 1618
f 2029 1884 2028
f 3902 2120 3887
f 629 3914 3872
f 682 943 1089
f 724 2121 716
f 1757 3821 3845
f 765 3844 3809
f 3851 715 3852
f 706 3870 3872
f 981 987 980
f 1457 1656 1880
f 2017 2032 2033
f 1458 1868 1457
f 1776 1792 1793
f 1959 1946 1958
f 3663 3725 3661
f 3913 2122 3850
f 1093 689 1088
f 966 968 972
f 3852 3881 3913
f 2172 2170 2171
f 670 2137 669
f 3761 1903 233
f 1429 28 1449
f 964 978 971
f 3841 1413 2127
f 1473 669 2137
f 3834 1359 1358
f 2138 1870 2137
f 1872 2137 1870
f 715 3888 3881
f 1881 1992 1880
f 3843 739 740
f 1837 3513 3514
f 253 59 85
f 1808 3840 1807
f 1647 3818 1609
f 3865 671 668
f 2112 3883 2111
f 1405 2044 1438
f 3829 1364 1366
f 273 391 249
f 576 3520 3555
f 3875 668 2031
f 1430 2140 2139
f 2136 3860 28
f 1430 18 19
f 3893 570 695
f 1442 2046 2141
f 1431 2141 2140
f 3869 3850 2136
f 3808 1817 766
f 3866 695 671
f 2142 798 2138
f 571 2142 694
f 3819 1618 1611
f 2143 2025 2142
f 694 2138 670
f 681 2144 572
f 2144 2022 2143
f 328 457 290
f 1572 2011 2144
f 630 3903 624
f 2085 2087 2088
f 2090 2092 2089
f 572 2143 571
f 1875 2153 2149
f 1873 2149 2154
f 2103 2097 2102
f 2157 2155 2156
f 2128 1414 2120
f 3874 589 582
f 3872 628 629
f 2149 2158 2159
f 2159 3905 3890
f 698 3902 705
f 3823 3827 1817
f 2158 3874 3905
f 1438 2046 1439
f 2035 2160 2161
f 2161 3889 3886
f 3871 605 589
f 3873 18 3875
f 370 61 451
f 649 413 648
f 2153 2156 2158
f 1428 1449 1450
f 1490 73 1488
f 3890 710 633
f 2155 3891 3871
f 1456 1880 1992
f 2125 2087 2124
f 2160 3890 3889
f 300 505 323
f 1064 1046 1065
f 2043 1891 2155
f 2129 2004 2003
f 2131 2133 2134
f 3848 1450 1449
f 1998 804 805
f 3879 3864 3914
f 474 490 770
f 1164 1182 1177
f 707 3909 3870
f 708 2162 707
f 2162 3886 3909
f 548 1905 458
f 1145 1114 1171
f 705 1650 704
f 2043 1977 1995
f 737 554 559
f 1034 1191 1023
f 458 1907 275
f 195 232 233
f 2040 1969 1970
f 2145 2147 2148
f 2054 2049 1645
f 3832 1639 3818
f 9 11 10
f 252 506 258
f 472 479 471
f 1865 3791 3503
f 900 910 907
f 1941 2151 1942
f 1921 1927 1919
f 2163 1898 2116
f 271 153 178
f 1904 12 9
f 282 264 460
f 1872 2154 2035
f 1326 1897 2163
f 628 693 627
f 1724 1719 1723
f 1549 436 172
f 1582 1730 1729
f 1921 1929 1928
f 3563 10 11
f 475 774 771
f 769 2171 473
f 2171 476 473
f 476 772 475
f 1791 464 1760
f 2166 2168 2169
f 595 372 98
f 483 1641 482
f 762 2173 470
f 771 484 492
f 486 1809 483
f 297 1517 296
f 763 2174 762
f 776 759 489
f 184 2176 2000
f 412 303 414
f 2005 185 224
f 3811 1682 3846
f 2164 756 764
f 1472 2161 2162
f 950 964 965
f 2177 2179 2180
f 227 1510 333
f 764 467 2164
f 2182 2184 2181
f 2186 2018 2185
f 1985 2181 1986
f 214 729 1531
f 1545 1546 1569
f 865 842 866
f 849 1357 1362
f 452 1558 454
f 559 3188 737
f 16 737 3188
f 560 498 374
f 3193 3195 3194
f 3200 3198 3199
f 3211 3213 3212
f 3215 3217 3216
f 2187 2002 2001
f 2169 2189 2190
f 2192 2085 2191
f 2193 2195 2196
f 2198 2200 2197
f 1998 1979 1975
f 3664 3668 3671
f 2116 1903 1902
f 1859 2009 1150
f 3904 2126 3906
f 1135 1087 1130
f 2201 2015 2014
f 1149 110 1858
f 3221 3218 3215
f 2203 2205 2206
f 579 1895 1019
f 1755 2208 1756
f 3891 1893 605
f 1211 2150 1727
f 868 2210 2209
f 944 930 940
f 2130 2202 2201
f 233 1898 195
f 665 750 666
f 1167 999 618
f 2211 2213 2214
f 2215 2217 2218
f 3867 590 3868
f 2220 220 2219
f 823 948 1094
f 3225 3227 3226
f 266 455 265
f 3882 2107 3883
f 2221 3519 3517
f 2223 2225 2226
f 2207 2124 2208
f 673 3869 3864
f 817 996 815
f 2227 2146 2145
f 1947 646 749
f 3900 17 3873
f 2229 1638 1381
f 1679 1618 1680
f 1637 2232 2230
f 2233 1617 1616
f 2231 2236 2237
f 1381 2238 1382
f 3586 2242 3587
f 1630 2233 1631
f 1681 472 469
f 1408 2243 2244
f 3236 3238 3237
f 3232 3240 3235
f 1637 2238 1638
f 3237 3233 3234
f 1409 1634 2245
f 1380 2247 2246
f 1628 2245 1621
f 2249 1622 1633
f 1632 1408 2244
f 2248 1631 2250
f 2235 1637 1636
f 3245 3199 3198
f 631 2071 725
f 515 52 49
f 782 2251 1251
f 2253 2255 2252
f 397 459 784
f 1456 2040 1455
f 2040 2036 1455
f 1401 2111 1398
f 2041 1970 2026
f 1535 414 1965
f 1586 2080 2079
f 2256 1132 1886
f 1700 3918 3919
f 3815 1686 3817
f 1263 1886 1096
f 598 844 599
f 2257 2259 2260
f 2258 2262 2259
f 2259 2263 2216
f 2260 2216 2215
f 1967 1970 1969
f 2212 1963 2213
f 922 2218 2217
f 1312 1101 2264
f 1307 1286 789
f 1548 1546 1972
f 2266 2268 2265
f 2265 2270 2269
f 2272 2269 2271
f 2273 2265 2272
f 2275 2277 2274
f 2278 2277 2279
f 2284 3617 3639
f 2287 2286 2281
f 2288 2283 2287
f 2290 3639 3620
f 2291 2293 2294
f 2295 2294 2279
f 2296 2291 2295
f 2297 2292 2291
f 2294 2299 2300
f 2279 2300 2278
f 2298 2302 2292
f 2292 2303 2293
f 2293 2304 2299
f 2304 2306 2299
f 2306 2300 2299
f 2308 2310 2307
f 2302 2310 2303
f 2301 2307 2302
f 2312 2307 2311
f 2313 2315 2316
f 2318 2320 2317
f 3748 2322 2323
f 2324 2273 2326
f 2313 2326 2327
f 2328 2313 2316
f 2329 2324 2328
f 2331 2333 2330
f 2330 2267 2266
f 2325 2266 2273
f 2329 2330 2325
f 2333 2335 2267
f 2336 2333 2332
f 2338 2332 2337
f 2331 2337 2332
f 2329 2339 2331
f 2328 2340 2329
f 2316 2341 2328
f 2342 2315 2343
f 2344 2346 2347
f 2341 2347 2340
f 2342 2344 2341
f 2348 2345 2344
f 2350 2352 2353
f 2339 2353 2337
f 2340 2350 2339
f 2347 2351 2350
f 2337 2354 2338
f 2353 2355 2354
f 2356 2276 2357
f 2356 2358 2359
f 2356 2296 2295
f 2279 2356 2295
f 2360 2270 2268
f 2267 2360 2268
f 2362 2364 2365
f 2362 2361 2358
f 2366 2358 2357
f 2366 2363 2362
f 2357 2368 2366
f 2366 2369 2367
f 2276 2370 2368
f 2368 2282 2369
f 2372 2374 2371
f 2375 2377 2007
f 2378 2380 2381
f 2382 2381 2383
f 2384 2378 2382
f 2385 2379 2378
f 2388 2390 2387
f 2387 2392 2391
f 2393 2387 2391
f 2394 2388 2387
f 2186 2402 2400
f 2403 2327 2326
f 2272 2326 2273
f 2271 2403 2272
f 2405 2404 2403
f 2404 2408 2327
f 2409 2411 2412
f 2409 2271 2269
f 2413 2269 2270
f 2413 2410 2409
f 2417 2416 2418
f 2417 2406 2405
f 2412 2405 2271
f 2411 2417 2412
f 2406 2407 2404
f 3569 632 713
f 2420 2397 2421
f 2420 2423 2422
f 2424 2422 2419
f 2424 2398 2420
f 2425 2392 2426
f 2421 2426 2423
f 2397 2425 2421
f 2396 2391 2425
f 2427 2315 2314
f 2427 2408 2428
f 2430 2428 2429
f 2343 2427 2430
f 2432 2430 2431
f 2431 2429 2433
f 2435 2433 2434
f 2436 2431 2435
f 2428 2407 2437
f 2422 2407 2419
f 2438 2422 2423
f 2429 2437 2438
f 2440 2433 2439
f 2441 2433 2429
f 2442 2439 2441
f 2443 2440 2439
f 2445 2444 2443
f 2447 2443 2442
f 2383 2445 2447
f 2381 2446 2445
f 2448 2423 2426
f 2449 2426 2392
f 2441 2449 2442
f 2441 2438 2448
f 2449 2390 2450
f 2450 2389 2451
f 2447 2451 2383
f 2442 2450 2447
f 2451 2453 2452
f 2452 2455 2454
f 2382 2454 2384
f 2383 2452 2382
f 2456 2373 2372
f 2459 2461 2458
f 2463 2465 2462
f 2462 2285 2284
f 2466 2284 2290
f 2467 2462 2466
f 2461 3703 3701
f 2468 2470 2471
f 2472 2471 2473
f 2474 3701 3688
f 2475 2477 2478
f 2458 2453 2479
f 2479 2389 2388
f 2395 2479 2388
f 2480 2458 2479
f 2481 2483 2478
f 2484 2485 221
f 2471 2464 2463
f 2473 2463 2467
f 2487 2466 2486
f 2486 2290 2488
f 2490 2488 2489
f 2491 2486 2490
f 2492 2467 2487
f 2493 2487 2491
f 2494 2492 2493
f 2495 2473 2492
f 3690 2474 3688
f 3691 2496 3690
f 2498 2493 2499
f 2500 2499 2501
f 3700 2498 2500
f 3687 2494 2498
f 2306 2278 2300
f 2305 2504 2306
f 2504 2507 2506
f 2506 2288 2508
f 2274 2508 2275
f 2278 2506 2274
f 3633 2489 2488
f 3620 2488 2290
f 2507 2289 2288
f 2505 2509 2507
f 2508 2287 2511
f 2511 2281 2280
f 2370 2280 2282
f 2275 2511 2370
f 2512 2489 2513
f 2514 2513 2515
f 2517 2514 2516
f 2517 2490 2512
f 2499 2491 2517
f 2499 2516 2501
f 2510 2519 2518
f 2518 2521 2520
f 3616 2520 3621
f 3632 2518 3616
f 2522 2303 2310
f 2523 2310 2309
f 2305 2522 2524
f 2524 2523 2525
f 2519 2525 2521
f 2505 2524 2519
f 2308 2527 2526
f 2526 2529 2528
f 2531 2528 2530
f 2309 2526 2531
f 1214 2151 1211
f 2419 2418 2424
f 2533 2349 2317
f 2534 2317 2320
f 2535 2533 2534
f 2536 2345 2533
f 2537 2346 2536
f 2538 2536 2535
f 2539 2537 2538
f 2540 2351 2537
f 2312 2541 2527
f 2527 2542 2529
f 2543 2434 2544
f 2545 2544 2546
f 2319 2543 2545
f 2318 2435 2543
f 2514 2548 2547
f 2547 2550 2549
f 2552 2549 2551
f 2552 2514 2547
f 2520 2554 2553
f 2553 2556 2555
f 3590 2555 3593
f 3621 2553 3590
f 2523 2531 2557
f 2557 2530 2558
f 2525 2557 2559
f 2559 2558 2560
f 2554 2560 2556
f 2521 2559 2554
f 2561 2007 2006
f 2376 2225 2377
f 2564 2566 2563
f 2563 338 2567
f 2569 2567 2568
f 2570 2563 2569
f 2572 2574 2571
f 2571 2576 2575
f 2544 2575 2546
f 2544 2572 2571
f 2578 2569 2577
f 2579 2569 2568
f 2574 2579 2576
f 2573 2577 2574
f 2581 2583 2580
f 2584 2583 2585
f 3697 2580 2584
f 3676 2580 3675
f 2582 2552 2583
f 2583 2551 2585
f 2500 2589 2588
f 2590 2589 2591
f 3693 2588 2590
f 3695 2500 2588
f 2501 2591 2589
f 2592 2594 2595
f 2386 2503 2502
f 2596 2386 2374
f 2596 2373 2597
f 2599 2597 2598
f 2599 2379 2596
f 2600 2380 2599
f 2600 2598 2601
f 2603 2601 2602
f 2603 2446 2600
f 2604 2602 2605
f 2440 2605 2434
f 2444 2604 2440
f 2606 2581 2607
f 2606 2590 2591
f 2591 2582 2606
f 3676 2456 3689
f 3689 2372 3693
f 2478 2608 2481
f 2609 2611 2199
f 2564 2613 2612
f 2612 2598 2597
f 2457 2597 2373
f 2565 2612 2457
f 2614 2570 2578
f 2615 2578 2573
f 2602 2614 2615
f 2601 2613 2614
f 2572 2605 2616
f 2616 2602 2615
f 2573 2616 2615
f 1459 1045 1021
f 1265 1079 1082
f 1612 1609 1611
f 2067 2069 2068
f 1135 1136 1148
f 1938 2618 2617
f 95 458 128
f 2058 1608 1612
f 1454 1445 1367
f 655 1048 2619
f 722 2621 723
f 1131 1033 1134
f 562 366 1497
f 1723 1725 1591
f 1786 1122 1787
f 267 323 266
f 1325 1654 2038
f 1468 1435 1479
f 658 529 528
f 8 247 7
f 382 1559 3
f 788 1307 789
f 940 929 928
f 911 2623 912
f 2621 655 654
f 2624 2625 2626
f 998 27 26
f 635 2626 2625
f 2627 644 1840
f 2628 1840 2629
f 1200 2627 2628
f 1199 641 2627
f 1520 49 477
f 1452 1349 1451
f 2630 1859 1858
f 644 1335 1823
f 1197 717 2632
f 2632 719 1166
f 2628 1166 1200
f 2629 2632 2628
f 1762 1050 821
f 1823 873 1839
f 2634 794 652
f 1028 1027 1161
f 1042 2635 1043
f 93 1901 1924
f 2036 1458 1455
f 1527 1525 1526
f 877 1274 1277
f 134 797 1544
f 1328 931 1329
f 607 1091 1161
f 1043 2637 2636
f 2636 2639 2638
f 1275 2638 1276
f 1275 1043 2636
f 1272 2626 2640
f 2640 638 637
f 1110 2640 637
f 536 2640 2641
f 1472 1474 1473
f 2042 1951 649
f 1058 1105 1059
f 2642 2643 2644
f 1192 2644 1193
f 912 2642 1192
f 3898 3526 3786
f 1049 2620 2621
f 616 1885 613
f 1331 666 750
f 990 1198 525
f 1911 321 322
f 1298 1205 2645
f 76 1504 75
f 1502 421 422
f 610 658 691
f 1146 659 938
f 2646 914 936
f 1280 1238 1279
f 975 2647 2648
f 2647 975 974
f 1453 1452 1451
f 1514 158 151
f 835 1843 1842
f 1271 1173 1289
f 2649 813 2650
f 1893 1826 1894
f 1050 1937 1051
f 2651 814 813
f 1006 1281 977
f 2653 2654 2655
f 1001 1003 1002
f 585 679 558
f 2624 621 620
f 555 2028 556
f 1207 1197 2629
f 1626 478 472
f 426 419 1567
f 1030 1773 1031
f 3898 634 3880
f 534 138 262
f 1125 1042 1041
f 333 88 227
f 569 561 730
f 1489 871 870
f 1857 620 891
f 1673 3770 3763
f 622 864 1308
f 2647 974 2657
f 619 891 620
f 261 545 262
f 393 1556 404
f 2658 2647 2657
f 1075 2657 917
f 1081 2658 1075
f 1080 2659 2658
f 2644 1141 2660
f 2660 1140 1336
f 642 1336 643
f 1193 2660 642
f 679 555 558
f 1503 1500 1502
f 1318 1101 1100
f 2661 1139 1142
f 2661 2663 2662
f 2662 2659 2661
f 2662 2622 2664
f 2664 911 2646
f 2648 2646 1146
f 2648 2662 2664
f 2083 2093 2081
f 1442 1437 1439
f 519 330 51
f 1885 1209 613
f 799 805 804
f 1946 1952 1953
f 1302 1253 1252
f 566 224 533
f 1389 928 1388
f 683 681 680
f 836 1842 2665
f 2665 1845 1303
f 2666 1303 1302
f 24 2665 2666
f 831 2650 832
f 1845 1304 1303
f 2010 2012 2011
f 1051 2667 2668
f 1522 1511 1523
f 531 441 522
f 782 1251 1250
f 1250 2625 2669
f 2669 1857 1856
f 783 1856 1037
f 782 2669 783
f 720 2671 721
f 1055 1930 1056
f 1333 1251 2251
f 619 1308 1307
f 652 2619 2634
f 521 1539 1540
f 1838 537 2672
f 2672 536 2641
f 1113 2641 1110
f 1113 1838 2672
f 1016 1351 1045
f 3897 570 3894
f 226 104 101
f 3564 3827 1818
f 1036 1884 1883
f 2674 1304 2673
f 2673 1844 2675
f 1334 2675 1039
f 1333 2673 1334
f 2676 1039 2675
f 1843 2675 1844
f 942 2676 1843
f 1074 702 2676
f 811 859 858
f 752 1055 753
f 1200 656 1026
f 1120 874 2677
f 2677 877 1052
f 1241 1052 1005
f 1119 2677 1241
f 1560 151 1515
f 1208 611 523
f 215 736 214
f 1460 1462 1461
f 1208 1839 873
f 854 1282 1297
f 72 182 179
f 544 1565 512
f 217 456 457
f 2047 930 945
f 1204 1937 2633
f 913 686 685
f 840 1113 1112
f 1531 730 561
f 2678 1283 801
f 601 1914 602
f 1537 459 460
f 1819 3509 3527
f 991 862 538
f 2679 1073 1830
f 2680 983 2256
f 779 2256 1263
f 778 2680 779
f 2678 1830 2680
f 180 245 40
f 1886 1131 1134
f 1138 1274 1255
f 1841 1140 1139
f 75 314 74
f 193 420 192
f 2681 1099 1098
f 170 1565 169
f 349 417 432
f 1121 2684 2683
f 547 409 302
f 123 121 120
f 2643 1142 1141
f 1542 513 1543
f 899 907 919
f 1210 676 867
f 791 982 892
f 24 837 836
f 893 932 931
f 1860 863 862
f 535 862 861
f 832 813 812
f 2650 813 832
f 1569 1547 1568
f 181 542 180
f 660 937 688
f 2013 568 2012
f 887 2631 2630
f 1524 361 78
f 520 162 1529
f 2653 854 2685
f 1238 2655 2686
f 718 527 530
f 1492 518 1491
f 792 615 793
f 599 1835 596
f 290 456 175
f 312 1552 425
f 1248 1179 1249
f 153 177 178
f 1240 1222 1221
f 1257 1235 1071
f 1291 1083 1222
f 1052 1277 1053
f 743 2618 1204
f 444 430 443
f 23 1172 1187
f 2687 1180 1179
f 102 409 134
f 1283 610 801
f 373 650 651
f 1180 1084 1291
f 855 2655 1237
f 1173 1917 1174
f 2689 853 2688
f 2688 1108 1279
f 2686 1279 1238
f 2687 2688 2686
f 2691 1252 2690
f 2690 850 2689
f 1248 2689 2687
f 1248 2691 2690
f 2692 24 2666
f 2691 2666 1302
f 1247 2692 2691
f 1258 617 2692
f 394 1555 393
f 2693 1259 1223
f 1072 1262 1261
f 1257 1168 1258
f 398 1555 1554
f 871 1314 872
f 1178 1249 1179
f 1224 1173 1172
f 1010 2618 742
f 1175 1292 1269
f 2654 2686 2655
f 2694 1216 1264
f 71 1487 70
f 701 1111 1038
f 1072 2649 2650
f 1085 22 21
f 895 1264 896
f 1601 1605 1604
f 1259 1271 1289
f 21 1220 1083
f 988 538 537
f 598 1336 1140
f 820 1762 821
f 1050 818 821
f 1298 1761 2652
f 1168 618 617
f 858 1256 833
f 39 516 1536
f 2652 819 814
f 313 315 314
f 2026 1971 2027
f 2656 596 1835
f 814 818 811
f 2696 813 2649
f 1260 2649 1261
f 2693 2696 1260
f 2697 2651 2696
f 381 390 380
f 3818 1611 1609
f 1475 1428 1227
f 1292 1917 1235
f 1551 354 1518
f 1526 1523 1511
f 1593 1595 1573
f 1232 1246 1249
f 2695 1223 22
f 2698 1296 2697
f 2698 2693 2695
f 2685 2695 1085
f 2685 1297 2698
f 562 271 272
f 2652 1296 1298
f 1365 1364 1363
f 1958 1953 1957
f 585 2210 997
f 1561 1515 435
f 975 1146 976
f 347 68 346
f 1038 636 1068
f 2700 780 2699
f 2699 1036 1883
f 2701 1883 1829
f 851 2699 2701
f 2674 2251 2702
f 2702 781 2700
f 1253 2700 851
f 1301 2702 1253
f 1519 388 1550
f 1273 1280 2703
f 2703 1107 852
f 2701 852 851
f 1829 2703 2701
f 91 326 90
f 1784 2656 1785
f 2683 2705 2704
f 1669 3548 1662
f 2062 2060 2059
f 621 861 622
f 2023 732 2024
f 686 1263 687
f 857 2668 1328
f 883 882 879
f 637 1111 1110
f 2668 893 1328
f 2667 894 2668
f 1039 1068 1334
f 313 1504 1505
f 1911 305 453
f 1936 1964 2212
f 2707 2401 2183
f 2708 2183 2182
f 738 2116 554
f 2349 2432 2436
f 2711 2020 2019
f 2400 2019 2186
f 2714 2716 2713
f 2717 2719 2720
f 2721 2723 2724
f 2726 2728 2725
f 2725 2730 2729
f 2731 2729 2709
f 2732 2725 2731
f 2734 2736 2733
f 2738 2740 2737
f 2737 2741 2742
f 2744 2746 2743
f 2745 2748 2747
f 2749 2747 2751
f 2753 2751 2752
f 2250 2246 2248
f 2754 1614 2755
f 3598 2755 3609
f 3608 2747 3609
f 1617 2755 1614
f 2242 1620 2757
f 2191 2760 2759
f 2761 2760 2762
f 3648 2761 3649
f 3623 2759 3648
f 3209 3223 3224
f 1395 2236 2235
f 1395 1636 1615
f 1616 2229 2233
f 1617 2763 2756
f 2756 3628 3608
f 2765 2234 1630
f 2766 3628 3622
f 3202 3246 3247
f 1516 435 1515
f 2768 3552 3553
f 1495 578 1424
f 2135 28 17
f 1690 3926 3925
f 2778 2780 2777
f 2777 2781 2782
f 2784 2777 2783
f 3555 575 576
f 1494 9 540
f 3529 2015 3566
f 451 505 450
f 2786 2788 2785
f 2779 2785 2780
f 2789 2741 2740
f 2790 2752 2789
f 2792 2794 2791
f 2793 2796 2794
f 2796 2750 2749
f 2794 2749 2753
f 2798 1396 2754
f 3591 2754 3598
f 2798 2800 1393
f 3591 2799 2798
f 2797 2795 2801
f 2791 2753 2790
f 216 232 54
f 3804 2807 3803
f 3805 2804 3803
f 2769 3557 3552
f 183 184 97
f 2811 2775 2776
f 2804 2776 2805
f 2809 2811 2804
f 2812 2813 2814
f 3805 2816 3795
f 3796 2815 3795
f 3798 2820 2821
f 3793 2819 3798
f 2824 2735 2819
f 2823 2824 2819
f 2825 2826 2724
f 3793 2827 3792
f 3796 2826 3792
f 2713 2829 2828
f 2828 2831 2830
f 2822 2828 2830
f 2821 2713 2828
f 2832 2822 2830
f 2833 2830 2831
f 2834 2832 2833
f 2835 2827 2832
f 2837 2839 2836
f 2836 2841 2840
f 2842 2840 2727
f 2843 2836 2842
f 2840 2845 2844
f 2718 2845 2719
f 2730 2844 2718
f 2727 2844 2728
f 2846 2719 2845
f 2846 2841 2847
f 2829 2847 2831
f 2829 2716 2846
f 2847 2839 2848
f 2848 2838 2849
f 2833 2849 2834
f 2831 2848 2833
f 2850 2851 2852
f 2853 2852 2854
f 2783 2782 2855
f 2785 2853 2856
f 2780 2856 2781
f 2857 2855 2782
f 2859 2782 2781
f 2861 2842 2860
f 2860 2727 2726
f 2862 2726 2732
f 2863 2860 2862
f 2861 2858 2857
f 2843 2857 2859
f 2856 2854 2864
f 2781 2864 2859
f 2837 2859 2864
f 2838 2864 2854
f 2852 2834 2849
f 2854 2849 2838
f 2865 2818 2835
f 2851 2835 2834
f 2813 2815 2865
f 2814 2865 2851
f 2866 2814 2850
f 2788 2850 2853
f 2866 2787 2867
f 2812 2867 2775
f 1892 1890 1891
f 2720 2846 2870
f 298 256 257
f 2872 2713 2820
f 3794 2735 2734
f 2729 2874 2873
f 2846 2715 2870
f 2876 2878 2875
f 2733 2878 2734
f 3806 2879 2880
f 3806 2872 3794
f 2882 2884 2881
f 2881 2715 2714
f 2880 2714 2872
f 2879 2881 2880
f 2885 2887 2888
f 2888 2890 2885
f 2885 2892 2891
f 2893 2885 2891
f 1942 2532 2894
f 2895 2720 2870
f 2884 2870 2715
f 2883 2895 2884
f 2896 2892 2895
f 2889 2717 2890
f 2890 2720 2892
f 2897 2891 2896
f 2898 2896 2883
f 2899 2883 2882
f 2900 2882 2879
f 3797 2879 3807
f 2876 2901 2877
f 2901 2904 2903
f 1785 1835 1834
f 2905 2899 2900
f 2907 2897 2898
f 3797 2903 3799
f 632 577 633
f 3532 2867 2787
f 434 550 350
f 2768 3640 3643
f 2910 1623 2249
f 2241 2758 2242
f 3640 2913 3652
f 1623 2757 1620
f 3587 2757 3652
f 2229 1380 2250
f 2765 1629 2914
f 2915 1629 2912
f 3642 2914 2915
f 3641 2765 2914
f 2919 3642 3613
f 2918 2912 2241
f 3614 2241 3586
f 3618 3613 3670
f 3541 2180 3496
f 3521 2188 3506
f 3705 714 3851
f 2925 2917 2924
f 2924 2916 2919
f 3610 2919 3618
f 3611 2924 3610
f 2926 2766 2925
f 3658 2925 3611
f 1715 1705 1710
f 785 498 796
f 1387 565 1791
f 374 1899 560
f 3573 2206 3556
f 2929 2886 2893
f 2932 2934 2931
f 1905 1908 1907
f 2930 2936 2937
f 2938 2930 2929
f 1493 517 518
f 1603 1586 1602
f 2939 2929 2908
f 2940 2908 2907
f 3665 1600 3661
f 2886 2937 2887
f 2906 2898 2899
f 2908 2893 2897
f 2942 2933 2941
f 2941 2937 2936
f 3501 2936 3513
f 3498 2941 3501
f 2943 2710 2873
f 2943 2874 2889
f 2945 2889 2888
f 2946 2943 2945
f 2932 2888 2887
f 2931 2945 2932
f 727 1929 728
f 2903 2947 2948
f 545 42 262
f 1480 533 251
f 2907 2949 2940
f 2906 2950 2949
f 1558 215 202
f 3799 2948 3801
f 2054 1644 2118
f 3705 2203 3573
f 1828 1849 1827
f 2953 2955 2952
f 2952 2957 2956
f 2956 2258 2952
f 2953 2258 2257
f 2454 2474 2496
f 3747 2959 3766
f 3747 2131 3737
f 2961 2963 2958
f 2958 2964 2959
f 222 2485 2965
f 2477 2966 2608
f 2631 2006 1859
f 2384 2496 2497
f 2967 2959 2964
f 2968 2970 2969
f 3759 2971 3784
f 3784 2960 3766
f 2972 2033 2032
f 2007 2973 2008
f 3560 2134 2133
f 1836 1832 1831
f 3506 2090 3551
f 955 959 956
f 672 674 673
f 633 713 632
f 2024 733 803
f 2025 803 798
f 425 1550 388
f 2975 888 887
f 1319 1157 2694
f 1212 2977 1213
f 889 2228 2227
f 1978 1975 1979
f 1138 1329 915
f 751 2979 2978
f 1619 1625 1624
f 2252 1728 1727
f 1157 845 1216
f 2706 1938 2617
f 2980 2254 2981
f 2982 887 2630
f 802 711 2679
f 678 2029 2028
f 527 690 528
f 1839 2629 1840
f 2983 602 1914
f 2983 1913 1331
f 2985 1331 1054
f 2986 2983 2985
f 2987 2635 2634
f 2985 2639 2986
f 2990 1318 2989
f 2991 2993 2994
f 2995 2994 2996
f 1106 2991 2995
f 1058 2992 2991
f 1415 1365 1367
f 1317 2217 2997
f 1932 2255 2980
f 926 2999 664
f 3001 2992 3000
f 3000 1057 2978
f 2999 2978 2979
f 2998 3000 2999
f 3002 2209 3003
f 3002 2996 2994
f 2993 3002 2994
f 3001 2998 3002
f 1103 2995 3004
f 3004 2996 3003
f 2209 3004 3003
f 588 3004 2210
f 295 433 381
f 2638 2988 3005
f 3005 1056 1930
f 1305 1930 1306
f 1276 3005 1305
f 1987 1993 1989
f 2633 1761 2645
f 1423 1417 1419
f 3561 739 703
f 2671 2704 2705
f 1473 2035 1472
f 922 2694 895
f 1401 1378 1384
f 556 1884 1037
f 842 3825 3836
f 1854 2617 1010
f 933 1081 1075
f 1440 1436 1437
f 529 719 530
f 1031 1027 1028
f 777 912 1871
f 2645 1204 2633
f 441 1538 1537
f 790 587 586
f 2065 1610 1607
f 1860 990 902
f 60 87 59
f 1424 1948 1947
f 332 1507 331
f 261 138 135
f 187 449 507
f 1719 1726 1725
f 1931 1059 3006
f 3006 1105 1104
f 1287 1104 587
f 1286 3006 1287
f 3007 3009 3010
f 3009 653 795
f 618 26 25
f 2029 1210 1209
f 957 600 2228
f 1049 2228 600
f 2631 3011 2561
f 890 2227 3011
f 3011 2145 3012
f 2561 3012 2375
f 1026 609 608
f 2706 1961 1964
f 3013 2485 3014
f 2148 1267 3015
f 3015 1266 1311
f 2997 1101 1317
f 642 1773 1193
f 186 461 511
f 1041 1320 901
f 1121 3017 1122
f 2984 2987 3018
f 3018 2634 2619
f 1048 3018 2619
f 603 2984 3018
f 2679 801 802
f 2062 2074 2061
f 2061 2076 2064
f 414 1545 1965
f 3016 2683 3019
f 3019 2704 2670
f 3020 2670 720
f 3007 3019 3020
f 1871 1091 777
f 3021 1122 3017
f 3022 3017 3010
f 1314 3022 1315
f 1784 3021 1314
f 1316 1763 611
f 3023 3010 3009
f 3023 795 1092
f 1763 1092 1125
f 1315 3023 1763
f 3016 3010 3017
f 752 2978 1057
f 2986 2637 2987
f 3024 653 3008
f 3020 3008 3007
f 720 3024 3020
f 723 654 3024
f 2681 1268 3025
f 2671 1268 721
f 2705 3025 2671
f 1313 3027 1311
f 3026 3029 3027
f 3027 3030 3031
f 1311 3031 3015
f 2012 731 2023
f 917 974 977
f 743 856 744
f 1888 2030 1425
f 2682 2684 3032
f 3032 1124 2989
f 1100 2989 1318
f 1099 3032 1100
f 1123 2989 1124
f 3033 1159 1158
f 2990 1158 1319
f 1123 3033 2990
f 1786 1834 3033
f 1054 2988 2985
f 2979 664 2999
f 2623 2663 2643
f 1095 688 687
f 3034 2261 2956
f 3036 2956 2957
f 3037 3034 3036
f 3038 3035 3034
f 3040 3026 1313
f 2263 3041 3040
f 3042 3043 3041
f 3041 3028 3026
f 3044 3043 3039
f 3046 3045 3044
f 3047 3049 3045
f 3043 3049 3028
f 3038 3051 3050
f 3050 3053 3052
f 3052 3044 3050
f 3039 3050 3044
f 3054 3039 3042
f 3042 2262 3054
f 2261 3054 2262
f 2216 2997 2217
f 2212 2667 1936
f 3056 2209 3055
f 934 1961 1854
f 2013 3757 567
f 3058 3060 3061
f 3059 3063 3060
f 3060 2213 1963
f 3061 1963 1962
f 3063 2214 2213
f 3062 3064 3063
f 3065 2260 3064
f 3064 2215 2214
f 3066 3031 3030
f 2608 3067 3066
f 2966 3068 3067
f 3031 3068 3015
f 2455 2461 2474
f 2476 2226 2477
f 3551 2089 3525
f 433 355 381
f 2115 1419 2123
f 3509 2922 3527
f 3769 2131 2134
f 3069 2167 2166
f 2971 2928 2960
f 2961 2773 2962
f 3070 2478 2483
f 2610 3071 2954
f 2502 2374 2386
f 3072 2595 3073
f 2964 3052 2967
f 3048 3074 3049
f 2593 3075 3074
f 3075 3029 3074
f 3074 3028 3049
f 3072 3075 2592
f 3076 2482 2481
f 2481 3066 3076
f 3076 3030 3075
f 2967 3053 2970
f 2482 3073 2483
f 479 493 494
f 706 3873 709
f 3561 2221 3517
f 2013 3754 3755
f 3533 2016 3529
f 3562 2222 2974
f 1171 1155 1176
f 2586 2565 2587
f 2982 113 2484
f 2562 3077 3068
f 2376 3012 3077
f 3012 2148 3077
f 3077 3015 3068
f 2963 3046 2964
f 3051 2970 3053
f 1683 491 775
f 3850 1447 3860
f 1986 3734 3768
f 3079 2546 2575
f 3081 2575 2576
f 1983 3768 3765
f 3082 2319 2545
f 3080 2545 2546
f 3734 3082 3080
f 3732 2323 3082
f 1309 1888 748
f 3073 2772 2771
f 2760 3084 2762
f 2760 2088 3083
f 3085 3086 3087
f 3089 3090 3088
f 3089 3084 3085
f 3092 3090 3091
f 3093 2744 2743
f 2751 2748 3093
f 3093 2752 2751
f 2742 3093 3094
f 3094 2743 3095
f 3096 3098 3087
f 3099 3087 3086
f 3097 3095 3098
f 3100 2746 3101
f 3101 3102 3100
f 2764 2927 3101
f 2745 3101 2746
f 3102 3091 3100
f 3100 3095 2743
f 2869 3592 3634
f 3102 3104 3092
f 3658 2869 3634
f 2927 3103 3102
f 3098 3091 3090
f 3087 3090 3085
f 2088 3105 3083
f 3083 3086 3084
f 2483 2771 3070
f 2401 2185 2321
f 3099 3105 3106
f 2125 3106 3105
f 3108 2742 3107
f 3107 3094 3097
f 3110 3107 3109
f 3109 3097 3096
f 3111 3096 3099
f 3112 3109 3111
f 3113 2737 3108
f 3115 2722 3114
f 3117 3114 3116
f 3119 3116 3118
f 3118 3120 3121
f 3116 3113 3120
f 3122 3111 3123
f 3122 1755 1754
f 3124 3126 3127
f 3125 3121 3126
f 3128 3118 3125
f 3129 3125 3124
f 2020 3128 3129
f 3853 1346 1352
f 1065 1047 1066
f 1814 3830 1649
f 2021 3129 3130
f 3111 3106 3123
f 3123 2207 1755
f 2377 2224 2973
f 3014 113 112
f 1756 3782 3767
f 3131 2530 2528
f 3133 2528 2529
f 1753 3767 3775
f 3134 3127 3135
f 2327 2314 2313
f 2436 2317 2349
f 2018 3711 3712
f 2534 3137 2535
f 2320 3136 2534
f 2185 3712 3771
f 3138 2542 2539
f 3134 3744 3745
f 3785 3134 3745
f 3140 2539 2538
f 2535 3140 2538
f 3711 3130 3785
f 2558 3132 3141
f 3782 3141 3132
f 2560 3141 3142
f 3760 3142 3141
f 958 2976 2981
f 1933 2980 3143
f 2399 2418 2416
f 2348 2343 2432
f 2322 2319 2323
f 2718 2874 2730
f 2709 2873 2710
f 2894 1361 1942
f 346 176 347
f 1876 1882 1881
f 2802 3607 3592
f 3104 3088 3092
f 2974 3649 3603
f 3089 2761 2762
f 3088 3145 3089
f 2803 3603 3607
f 3870 692 628
f 2123 1418 2126
f 1365 1368 1367
f 1581 1782 1783
f 3569 2129 3520
f 3555 2002 3521
f 3146 2551 3147
f 3751 3147 3750
f 3742 3146 3751
f 3149 2585 3146
f 3196 3197 3195
f 3604 2191 3623
f 3142 2556 2560
f 3777 3150 3142
f 3646 2550 3593
f 3150 2555 2556
f 3778 3151 3150
f 3788 3152 3646
f 3153 2551 2549
f 3152 2549 2550
f 3781 3153 3152
f 3776 3147 3153
f 3148 2206 2205
f 2183 2321 2184
f 2132 2928 2133
f 3684 2204 2203
f 3719 2197 3721
f 2594 2773 2951
f 2595 2951 2772
f 1870 799 1869
f 3713 2178 3706
f 3706 3736 3790
f 336 3774 3722
f 339 3154 336
f 3789 3149 3742
f 3683 2584 3149
f 2963 3048 3047
f 3722 337 336
f 339 2566 2586
f 3156 2168 2167
f 2610 2167 2611
f 2954 3156 2610
f 3157 2953 2257
f 3707 2169 3709
f 2567 3159 2568
f 337 2567 338
f 3730 2166 3707
f 3764 1983 3765
f 2579 3081 2576
f 2568 3160 2579
f 3709 2190 3764
f 3065 3162 3161
f 3161 1984 2189
f 3157 2189 2168
f 2257 3161 3157
f 734 1922 806
f 3059 2708 3163
f 3163 2182 1985
f 3162 1985 1984
f 3062 3163 3162
f 3203 3205 3204
f 2122 1448 1447
f 3817 1685 3812
f 139 444 69
f 1570 566 533
f 2957 3165 3036
f 2955 3164 2957
f 1912 341 1973
f 3130 3124 3134
f 1548 319 1547
f 1949 1327 1887
f 2969 3078 3167
f 3167 3169 3168
f 3724 2017 3720
f 3720 2033 3759
f 3168 3165 3170
f 3170 3164 3171
f 3779 3171 3756
f 3724 3170 3779
f 3171 3166 3172
f 3172 3071 3173
f 3752 3173 3749
f 3756 3172 3752
f 3169 3036 3165
f 2593 2962 2594
f 3173 2609 3174
f 3174 2199 2198
f 3783 2198 3719
f 3749 3174 3783
f 2190 1984 1983
f 2196 2767 3148
f 2119 1414 1448
f 1464 1466 1465
f 2199 3069 2200
f 2457 2587 2565
f 2226 2562 2966
f 481 1627 1639
f 333 235 236
f 3078 3037 3169
f 3040 2997 2263
f 2219 1933 2220
f 2385 2497 2503
f 221 3175 2484
f 2220 3143 3175
f 3175 2976 2975
f 2484 2975 2982
f 2954 3166 2955
f 2630 110 2982
f 1547 1952 1955
f 2091 2188 2187
f 3733 2178 2177
f 1918 1927 1926
f 955 960 954
f 3143 2981 2976
f 2218 2214 2215
f 672 3787 3541
f 2152 3014 2037
f 1147 1143 1145
f 2248 1409 2245
f 1615 1635 1616
f 1410 2246 2247
f 3241 3242 3240
f 3177 1383 1382
f 2238 3176 1382
f 3176 2230 3178
f 1410 3179 1407
f 3179 2243 1407
f 1633 2800 2249
f 1621 2758 2912
f 1622 2245 1634
f 2236 3181 3182
f 2237 3182 3183
f 2250 2233 2229
f 2912 1628 1621
f 135 1564 1563
f 1567 512 1565
f 1085 2653 2685
f 3184 868 3056
f 869 3057 934
f 1266 1098 1312
f 1267 722 721
f 937 2646 936
f 2146 722 2147
f 2211 921 2667
f 1957 507 449
f 1313 2264 3040
f 1496 1493 1492
f 2681 2705 2682
f 2887 2933 2932
f 1687 1659 1694
f 145 1498 81
f 1317 1319 2694
f 37 418 71
f 1935 3185 2977
f 104 301 103
f 2101 2083 2084
f 543 360 207
f 1934 3186 3185
f 234 212 237
f 3845 1822 1824
f 1976 1874 1974
f 223 2219 220
f 3655 3605 3612
f 468 773 2165
f 1935 1728 1932
f 3240 3226 3235
f 3261 3250 3260
f 3215 3244 3264
f 3265 3215 3264
f 3267 3198 3196
f 3205 3269 3255
f 3214 3265 3270
f 3271 3214 3192
f 3251 3239 3236
f 3222 3266 3272
f 3232 3234 3233
f 3216 3243 3244
f 3196 3268 3267
f 3244 3254 3255
f 3238 3247 3246
f 3264 3255 3269
f 3253 3216 3217
f 3211 3221 3265
f 3257 3218 3256
f 3258 3272 3259
f 3274 3280 3273
f 3228 3262 3263
f 3275 3281 3280
f 3226 3273 3280
f 3236 3260 3251
f 3281 3236 3237
f 3287 3192 3189
f 3235 3280 3234
f 3234 3281 3237
f 3288 3259 3272
f 3289 3278 3284
f 3210 3224 3283
f 3199 3201 3200
f 3228 3230 3229
f 3290 3285 3286
f 3282 3271 3287
f 3260 3262 3261
f 3243 3268 3254
f 3267 3241 3232
f 3194 3208 3193
f 3191 3269 3206
f 3270 3192 3214
f 3275 3230 3231
f 3264 3270 3265
f 3213 3279 3277
f 3272 3289 3288
f 3277 3212 3213
f 3228 3281 3231
f 3220 3253 3219
f 3219 3217 3257
f 3256 3222 3258
f 3247 3252 3248
f 3245 3232 3233
f 3266 3212 3289
f 3208 3255 3254
f 3288 3284 3285
f 3204 3208 3207
f 560 3187 559
f 3209 3201 3202
f 3189 3191 3190
f 448 807 447
f 647 122 270
f 1833 1780 1832
f 510 508 507
f 3210 1887 3201
f 1887 3200 3201
f 15 3197 3200
f 16 3195 3197
f 3195 3187 3194
f 3194 1899 3207
f 3207 375 3204
f 387 126 127
f 3189 1760 3287
f 3577 757 758
f 763 2172 2175
f 3583 3580 3581
f 3581 3579 3578
f 3594 3596 3595
f 3400 3602 3401
f 3626 3625 3627
f 3631 3599 3601
f 3636 3595 3596
f 3647 3588 3645
f 3650 3584 3647
f 3653 3580 3651
f 3653 3654 3579
f 1801 3656 3655
f 3651 3582 3650
f 3644 3595 3637
f 1767 3659 3660
f 1597 3661 1600
f 1708 3665 3664
f 3671 3667 3666
f 3666 3673 3672
f 1588 3664 1587
f 2080 3666 2082
f 2082 3672 2084
f 3674 3635 3631
f 3677 3636 3635
f 3682 3645 3681
f 3692 3650 3686
f 3681 3644 3680
f 786 3692 785
f 3694 3651 3692
f 785 3686 497
f 497 3682 650
f 650 3681 564
f 3696 3681 3680
f 3405 3605 3402
f 3702 3678 3677
f 3699 3679 3678
f 3645 3638 3644
f 1799 3659 1768
f 3708 3458 3460
f 3462 3708 3460
f 3714 564 3696
f 3615 3602 3600
f 3710 3696 3698
f 3635 3596 3599
f 3629 3627 3630
f 3597 3599 3596
f 3630 3715 3629
f 3627 3597 3594
f 3717 3723 3718
f 3715 3660 3629
f 3716 3725 3715
f 3668 3661 3725
f 3668 3717 3667
f 3667 3718 3673
f 3727 3673 3718
f 3728 3672 3673
f 3726 3718 3723
f 1576 2084 3672
f 3727 3731 3729
f 3203 1387 3190
f 3190 1791 3189
f 3283 1949 3210
f 317 259 391
f 2000 3653 3694
f 3601 3600 3602
f 3589 3584 3585
f 3577 756 2170
f 3585 3582 3583
f 3678 3637 3636
f 3204 376 3203
f 1801 3657 1799
f 3729 3728 3727
f 1575 3738 1088
f 3735 1576 3728
f 1776 1796 1775
f 1293 1290 1284
f 1326 1327 12
f 1294 1234 1290
f 878 1330 1337
f 497 374 498
f 122 413 121
f 3699 3704 3708
f 3606 3401 3602
f 3708 3698 3699
f 3464 3710 3462
f 3704 3443 3458
f 439 399 438
f 1512 1526 1511
f 1668 1738 1671
f 839 1362 838
f 1362 826 1012
f 3843 1896 3815
f 2053 2118 2117
f 3888 2120 2119
f 696 3816 3831
f 1826 639 640
f 3740 3729 3731
f 956 886 960
f 1980 1922 807
f 33 105 164
f 1343 3856 3857
f 3907 2128 3902
f 1766 1582 1594
f 14 2163 738
f 595 99 594
f 3233 3246 3245
f 1346 1044 1352
f 748 1425 747
f 3193 3254 3268
f 3190 3206 3203
f 3612 3606 3615
f 3624 3615 3625
f 3631 3443 3674
f 3679 3644 3637
f 3686 3647 3682
f 3702 3674 3704
f 3625 3600 3597
f 3601 3415 3631
f 3739 3735 3729
f 3630 3594 3741
f 3741 3716 3630
f 1284 1288 1285
f 3698 3680 3679
f 1778 1780 1779
f 1792 1584 1789
f 695 571 694
f 3638 3594 3595
f 3741 3588 3589
f 3247 3209 3202
f 3292 3294 3295
f 3296 3298 3299
f 3299 3300 3301
f 3302 3304 3305
f 3306 3308 3309
f 3307 3311 3308
f 3303 3301 3300
f 3312 3304 3313
f 3314 3316 3317
f 3318 3320 3321
f 3324 3321 3325
f 3326 3328 3323
f 3329 3331 3332
f 3333 3335 3336
f 3337 3339 3340
f 3333 3341 3342
f 3342 3343 3344
f 3319 3344 3343
f 3338 3334 3339
f 3346 3302 3347
f 3305 3347 3302
f 3350 3340 3351
f 3312 3348 3305
f 3352 3341 3326
f 3311 3354 3308
f 3341 3327 3326
f 3359 3361 3362
f 3318 3345 3319
f 3364 3318 3324
f 3314 3324 3365
f 3366 3301 3346
f 3299 3367 3296
f 3308 3368 3309
f 3369 3295 3294
f 3317 3364 3314
f 3370 3317 3316
f 3325 3365 3324
f 3352 3319 3343
f 3296 3353 3311
f 3297 3311 3310
f 3363 3354 3345
f 3345 3353 3344
f 3344 3367 3342
f 3366 3342 3367
f 3347 3334 3346
f 3339 3348 3340
f 3348 3351 3340
f 3363 3369 3368
f 3294 3368 3369
f 3293 3309 3294
f 3331 3374 3332
f 3346 3333 3366
f 3323 3352 3326
f 3356 3321 3320
f 3355 3325 3321
f 3357 3371 3325
f 3322 3320 3352
f 3361 3329 3362
f 3373 3375 3374
f 3374 3376 3332
f 3329 3376 3362
f 3327 3372 3328
f 3336 3375 3327
f 3335 3376 3375
f 3376 3337 3362
f 3337 3359 3362
f 3377 3295 3370
f 3277 3315 3278
f 3371 3379 3365
f 3378 3358 3380
f 3365 3315 3314
f 3316 3279 3370
f 3282 3370 3279
f 3378 3284 3379
f 3380 3285 3378
f 3379 3278 3315
f 3276 3351 3291
f 3313 2965 3013
f 2965 3303 222
f 222 3300 223
f 223 3298 3186
f 3298 3185 3186
f 3297 2977 3185
f 3310 1213 2977
f 3307 1214 1213
f 2532 3306 3293
f 2894 3293 3292
f 2871 3292 3377
f 3253 3240 3242
f 1997 1889 1892
f 1237 744 855
f 1535 120 121
f 1531 201 214
f 1119 1032 984
f 946 824 947
f 163 5 162
f 3589 3723 3741
f 1155 1162 1164
f 427 327 424
f 553 796 498
f 3381 2231 2237
f 3381 2230 2232
f 2237 3180 3381
f 3383 3385 3382
f 3384 3387 3385
f 3386 3389 3387
f 3388 3391 3389
f 3392 3394 3395
f 3395 3396 3397
f 3398 3397 3396
f 3400 3399 3398
f 3403 3405 3402
f 3406 3404 3403
f 3408 3407 3406
f 3410 3409 3408
f 3412 3411 3410
f 3415 3398 3414
f 3414 3396 3416
f 3416 3394 3417
f 3417 3393 3418
f 3393 3420 3418
f 3419 3421 3420
f 3390 3422 3421
f 3388 3423 3422
f 3386 3424 3423
f 3384 3425 3424
f 3425 3426 3184
f 2904 3428 2947
f 3429 2904 2902
f 3430 2902 2876
f 2875 3430 2876
f 3432 2733 2736
f 2825 3435 2824
f 3437 3439 3436
f 3441 3436 3440
f 2724 3434 2825
f 3436 3115 3117
f 3440 3117 3119
f 3443 3414 3442
f 3442 3416 3444
f 3444 3417 3445
f 3445 3418 3446
f 3446 3420 3447
f 3420 3448 3447
f 3421 3449 3448
f 3422 3450 3449
f 3423 3451 3450
f 3424 3452 3451
f 3425 3056 3452
f 3451 2253 2252
f 3450 2252 1727
f 3449 1727 2150
f 3448 2150 1941
f 3453 3448 1941
f 3454 3447 3453
f 3455 3446 3454
f 3456 3445 3455
f 3442 3456 3457
f 3443 3457 3458
f 3459 3458 3457
f 3457 3455 3459
f 3459 3454 3461
f 3462 3459 3461
f 3461 3453 3463
f 3464 3461 3463
f 3463 1941 1360
f 3404 3401 3405
f 3407 3399 3404
f 3409 3397 3407
f 3411 3395 3409
f 3465 3413 3412
f 3467 3469 3466
f 3465 3431 3433
f 3470 3466 3465
f 3438 3432 3435
f 3467 3438 3437
f 3468 3437 3441
f 3471 3468 3472
f 3472 3441 3473
f 3473 3440 2712
f 2712 3119 3128
f 3475 3472 3474
f 3474 3473 3476
f 3476 2712 2711
f 3477 2711 2400
f 3478 3476 3477
f 3479 3474 3478
f 3392 3413 3480
f 3466 3480 3413
f 3419 3392 3480
f 3390 3480 3391
f 3469 3391 3480
f 3389 3471 3475
f 3387 3475 3479
f 3385 3479 3481
f 3482 2400 2402
f 3483 3477 3482
f 3481 3478 3483
f 3484 2402 2707
f 3058 2707 2708
f 3061 3484 3058
f 3485 3482 3484
f 3382 3481 3486
f 3486 3483 3485
f 3426 3382 3487
f 3487 3486 1962
f 3486 3061 1962
f 1961 3487 1962
f 3057 3426 3487
f 3428 3402 3488
f 3427 3403 3428
f 3429 3406 3427
f 3430 3408 3429
f 3431 3410 3430
f 3470 3433 3432
f 3434 3438 3435
f 2723 3439 3434
f 2875 3433 3431
f 2736 3435 3432
f 2947 3488 3500
f 3464 1360 3497
f 1900 1924 1901
f 1736 1718 1750
f 1955 1943 1956
f 1671 1735 1751
f 1696 1698 1692
f 1800 1864 1801
f 2063 2056 2060
f 1737 1717 1736
f 1751 1697 1695
f 943 3899 684
f 3656 3402 3605
f 1577 1764 1703
f 3917 1599 3923
f 1945 82 1944
f 68 7 248
f 147 1543 148
f 1109 1133 1102
f 1503 1907 1908
f 1499 1909 1498
f 452 735 215
f 1824 3835 3845
f 1825 2068 1824
f 1463 1022 1194
f 841 1009 1011
f 1568 1955 1534
f 1926 1927 1923
f 1910 1502 1939
f 1939 422 442
f 309 1940 308
f 1804 1866 1803
f 269 1954 56
f 2065 2060 2056
f 3812 1758 3835
f 280 552 1940
f 1875 1869 1874
f 1739 1734 1737
f 1778 1790 1788
f 310 1915 279
f 1909 1906 1954
f 1789 1778 1788
f 978 980 979
f 1584 1731 1583
f 425 311 312
f 148 115 116
f 2044 3894 2046
f 277 1939 551
f 1943 1945 1944
f 1461 1463 1464
f 2253 3056 3055
f 2981 3489 958
f 2209 3489 3055
f 2254 3055 3489
f 2998 958 3489
f 2826 2721 2724
f 3490 2721 2817
f 2816 3490 2817
f 2334 2296 2335
f 2298 2334 2336
f 2301 2336 2338
f 2311 2338 2354
f 2312 2354 2355
f 2359 2361 2360
f 2335 2359 2360
f 2414 2365 2364
f 2413 2361 2365
f 2355 2540 2541
f 2541 2539 2542
f 2722 2739 2738
f 3114 2738 3113
f 3110 3121 3120
f 3108 3120 3113
f 3122 3127 3126
f 3112 3126 3121
f 3127 1753 3135
f 3139 2529 2542
f 3744 3133 3139
f 3490 2740 2739
f 3491 2789 3490
f 228 91 88
f 245 243 242
f 248 247 191
f 2 296 295
f 145 300 267
f 327 210 328
f 329 331 330
f 250 228 236
f 239 240 230
f 373 375 374
f 178 176 175
f 1218 1228 1321
f 3862 1295 3854
f 808 824 823
f 3858 1013 1014
f 3813 1411 1413
f 2154 2159 2160
f 3845 1758 1757
f 306 1922 452
f 2157 1976 1977
f 708 2031 1474
f 1450 1227 1428
f 1672 1605 1624
f 1813 1821 1816
f 1717 1715 1718
f 176 402 347
f 1710 3916 3915
f 1712 1577 1711
f 1705 1711 1704
f 971 979 970
f 822 1094 1102
f 2909 2793 2792
f 2810 2795 2793
f 2799 2249 2800
f 3662 2910 2799
f 2769 2801 2795
f 3177 3178 3179
f 3178 3180 3179
f 3181 1393 2800
f 3181 1632 3182
f 3182 2244 3183
f 3183 2243 3180
f 3492 2790 3491
f 2808 3491 2816
f 2239 3572 2240
f 2202 3566 2015
f 2921 3565 2923
f 3568 2133 2928
f 1777 1759 1792
f 1201 1183 1184
f 3561 2195 2194
f 3553 2770 2768
f 3927 1687 1692
f 1516 154 503
f 3549 2974 2803
f 3550 2779 2778
f 3547 2775 2867
f 1376 1370 1372
f 2767 3556 2206
f 2195 3543 2767
f 2775 3542 2776
f 3377 3545 2871
f 3804 3539 2806
f 2776 3538 2805
f 2240 3535 2920
f 2920 3669 3619
f 3548 2786 2779
f 1805 1851 1804
f 3534 2787 2786
f 1957 320 510
f 306 304 303
f 2770 3528 2913
f 2913 3574 2239
f 2923 3527 2922
f 308 431 47
f 207 132 543
f 1879 1881 1880
f 3733 3525 2089
f 2476 3524 3523
f 3522 2803 2802
f 1959 450 505
f 2003 3520 2129
f 9 334 540
f 3877 673 3879
f 3515 2778 2784
f 2935 3513 2936
f 3510 2935 2938
f 683 3885 943
f 3508 2810 2909
f 736 732 729
f 1795 1803 1796
f 3505 2938 2939
f 3507 2939 2940
f 2950 3504 2949
f 2940 3504 3507
f 3801 3512 2950
f 2868 3502 2869
f 2869 3522 2802
f 1024 1023 1020
f 3500 2948 2947
f 551 442 443
f 2972 3568 2928
f 2032 3499 2972
f 216 1924 1923
f 203 201 200
f 1828 1847 1837
f 1958 449 450
f 272 178 175
f 2871 3495 1361
f 3619 3564 2921
f 2801 3643 3662
f 2005 3654 2176
f 960 899 962
f 3657 3612 3624
f 3780 3646 3151
f 3151 3593 2555
f 2193 3623 2194
f 3607 3145 3144
f 3603 2761 3145
f 3592 3144 3104
f 2926 3634 3103
f 3634 3104 3103
f 3755 3746 3753
f 566 3758 2005
f 3488 1864 3500
f 1602 2079 2078
f 2868 3611 2922
f 2922 3610 2923
f 2923 3618 2921
f 3670 2918 3614
f 3619 3614 2920
f 2921 3670 3619
f 2920 3586 2240
f 3613 2915 2918
f 2917 3622 3641
f 2916 3641 3642
f 2239 3652 2913
f 2911 3652 2757
f 3643 2911 2910
f 2797 3662 3591
f 2797 3598 2750
f 3622 2763 2765
f 3608 2764 2745
f 2194 3648 2221
f 2221 3649 2222
f 2756 3609 2755
f 2750 3609 2747
f 3669 1817 3827
f 3763 1691 1699
f 2515 3590 2548
f 2548 3593 2550
f 2513 3632 3616
f 2513 3621 2515
f 2509 3620 2289
f 2510 3633 2509
f 2289 3639 2283
f 2283 3617 2286
f 2240 3587 2239
f 3659 3624 3626
f 716 3887 3888
f 727 3761 1923
f 2165 2170 2164
f 3660 3626 3629
f 3743 3578 3757
f 2175 769 770
f 2100 2095 2099
f 3758 3757 3578
f 1653 3553 1651
f 746 3537 741
f 1653 3528 3576
f 3762 1604 1672
f 2093 2073 2078
f 959 995 884
f 962 919 986
f 1400 1398 1399
f 1000 1127 1004
f 956 884 885
f 1662 3550 1661
f 3926 3539 3802
f 3535 766 1817
f 3572 765 766
f 334 3571 335
f 1868 3540 1656
f 1684 1652 1678
f 1682 775 1807
f 1585 3762 1700
f 3763 1672 1673
f 2173 490 491
f 1658 3547 1752
f 3556 1650 724
f 1571 2010 1572
f 1587 3671 2080
f 2099 2077 2094
f 787 1999 786
f 2000 786 1999
f 3155 3697 3683
f 3713 3683 3789
f 2180 3685 3684
f 3496 3684 3705
f 1684 3840 1651
f 1760 3495 3545
f 2607 3693 2590
f 2581 3689 2607
f 2371 3700 3695
f 2371 3693 2372
f 2587 3675 2586
f 2586 3697 339
f 2497 3687 2503
f 2502 3687 3700
f 2494 3690 2495
f 3690 2472 2495
f 3688 2468 2472
f 3701 2469 2468
f 726 3892 630
f 1837 3510 1849
f 1299 3558 2034
f 1851 3504 1866
f 3527 1820 1819
f 580 3536 1895
f 1758 3522 3502
f 1693 3508 1806
f 3504 1867 1866
f 2126 3813 3841
f 3906 3841 3912
f 2113 3867 2110
f 2179 3789 3685
f 624 3904 623
f 2192 3788 3780
f 2177 3787 3733
f 1364 3833 1338
f 3858 1470 1453
f 3135 3775 3744
f 2069 3835 2068
f 1351 3853 1352
f 2108 3901 499
f 2089 3736 3733
f 3828 1358 866
f 2001 3783 2187
f 2187 3719 2091
f 2130 3752 2004
f 2004 3749 2001
f 2014 3779 2201
f 2201 3756 2130
f 3167 3759 2969
f 3168 3720 3167
f 3159 3764 3160
f 3160 3765 3081
f 3730 3158 337
f 3158 3709 3159
f 2200 3730 3722
f 3685 3742 2204
f 3722 2197 2200
f 3790 2092 3721
f 3774 3721 2197
f 3154 3790 3774
f 3155 3706 3154
f 2091 3721 2092
f 2196 3750 3776
f 2193 3776 3781
f 3604 3781 3788
f 2086 3780 3778
f 2087 3778 3777
f 2204 3751 2205
f 2205 3750 3148
f 3909 574 692
f 2124 3777 3760
f 2208 3760 3782
f 3711 3140 3137
f 3785 3138 3140
f 3745 3139 3138
f 3771 3136 2322
f 3712 3137 3136
f 3775 3131 3133
f 3767 3132 3131
f 1813 3838 1814
f 1293 3856 1344
f 2184 3748 3732
f 2181 3732 3734
f 3765 3079 3081
f 3768 3080 3079
f 709 3875 2031
f 2774 3737 3769
f 3809 766 765
f 2968 3766 2959
f 2969 3784 2968
f 2958 3737 2961
f 2132 3766 2960
f 2321 3771 3748
f 3860 1449 28
f 3905 582 710
f 3886 577 574
f 3847 1818 3827
f 705 3887 2121
f 3816 3907 698
f 2111 3911 2113
f 3810 1366 1411
f 1812 3822 1815
f 675 3852 674
f 3496 3851 675
f 2110 3868 2109
f 2104 3901 2106
f 2109 3899 944
f 3842 703 739
f 1680 3846 1684
f 1639 3819 3818
f 623 3906 697
f 2139 3866 3865
f 1808 3844 3837
f 3820 1819 1820
f 3872 3900 706
f 1646 3830 1648
f 3889 633 577
f 2139 3875 18
f 2156 3871 3874
f 674 3913 3869
f 2117 3812 2069
f 1815 3847 3823
f 3855 1444 1470
f 697 3912 3816
f 866 3836 3828
f 3864 2136 2135
f 3585 3726 3589
f 3583 3731 3585
f 3753 3738 3739
f 3740 3581 3743
f 1088 3746 1093
f 3739 3743 3753
f 2791 3493 2792
f 3492 2807 3493
f 2792 3494 2909
f 3493 2806 3494
f 3508 3494 3516
f 3516 2806 3539
f 2948 3791 3801
f 2105 3896 2104
f 3538 3804 2805
f 680 3876 683
f 1891 3910 3891
f 2905 3801 2950
f 2900 3799 2905
f 2901 3807 2877
f 2734 3806 3794
f 2877 3806 2878
f 2820 3794 2872
f 2818 3792 2827
f 2823 3792 2826
f 2822 3798 2821
f 2819 3800 3798
f 2817 3795 2816
f 2809 3795 2815
f 2808 3803 2807
f 2805 3803 2804
f 1702 3923 1599
f 3922 1797 1802
f 3915 1706 1709
f 3918 1692 1698
f 1657 3880 1879
f 1890 3895 3910
f 3772 1674 1675
f 1689 3772 3773
f 3926 3538 1688
f 3516 1689 3773
f 3917 1703 1764
f 1598 3928 1770
f 3880 1876 1879
f 1691 3925 3927
f 3925 1688 1687
f 1117 1118 3930
f 1066 1322 3930
f 1243 847 3930
f 3825 848 3930
f 1128 1117 3930
f 1129 1130 3930
f 841 1011 3930
f 1230 3863 3930
f 1242 1243 3930
f 1322 1229 3930
f 1064 1065 3930
f 1003 1128 3930
f 1229 1230 3930
f 3863 1285 3930
f 1285 1288 3930
f 848 839 3930
f 847 3825 3930
f 1118 1129 3930
f 1065 1066 3930
f 1087 1086 3930
f 1008 1002 3930
f 1011 1008 3930
f 1002 1003 3930
f 1076 1069 3930
f 838 841 3930
f 839 838 3930
f 1288 1242 3930
f 1130 1087 3930
f 1086 1076 3930
f 1069 1064 3930
f 2410 2414 3931
f 2411 2410 3931
f 3617 2285 3931
f 2394 2393 3931
f 2393 2396 3931
f 2281 2286 3931
f 2282 2280 3931
f 2398 2399 3931
f 2465 2464 3931
f 2396 2397 3931
f 2470 2469 3931
f 2399 2416 3931
f 2480 2395 3931
f 2459 2480 3931
f 2369 2282 3931
f 2460 2459 3931
f 2415 2411 3931
f 2416 2415 3931
f 2364 2363 3931
f 2286 3617 3931
f 2464 2470 3931
f 2469 3703 3931
f 2285 2465 3931
f 2414 2364 3931
f 2395 2394 3931
f 2363 2367 3931
f 2397 2398 3931
f 2280 2281 3931
f 3703 2460 3931
f 2367 2369 3931
f 3934 3937 3938
f 3934 3939 3935
f 3932 3937 3933
f 3938 3943 3939
f 3937 3940 3941
f 3937 3942 3938
f 3942 3947 3943
f 3941 3944 3945
f 3942 3945 3946
f 3947 3950 3951
f 3944 3949 3945
f 3945 3950 3946
f 3950 3955 3951
f 3949 3952 3953
f 3950 3953 3954
f 3955 3958 3959
f 3953 3956 3957
f 3953 3958 3954
f 3959 3962 3963
f 3957 3960 3961
f 3958 3961 3962
f 3962 3967 3963
f 3960 3965 3961
f 3961 3966 3962
f 3966 3971 3967
f 3965 3968 3969
f 3966 3969 3970
f 3970 3975 3971
f 3968 3973 3969
f 3969 3974 3970
f 3974 3979 3975
f 3973 3976 3977
f 3974 3977 3978
f 3979 3982 3983
f 3976 3981 3977
f 3977 3982 3978
f 3982 3987 3983
f 3981 3984 3985
f 3982 3985 3986
f 3987 3990 3991
f 3984 3989 3985
f 3985 3990 3986
f 3991 3994 3995
f 3989 3992 3993
f 3990 3993 3994
f 3995 3998 3999
f 3992 3997 3993
f 3993 3998 3994
f 3998 4003 3999
f 3997 4000 4001
f 3998 4001 4002
f 4002 4007 4003
f 4000 4005 4001
f 4001 4006 4002
f 4006 4011 4007
f 4005 4008 4009
f 4006 4009 4010
f 4011 4014 4015
f 4008 4013 4009
f 4009 4014 4010
f 4014 4019 4015
f 4013 4016 4017
f 4014 4017 4018
f 4019 4022 4023
f 4016 4021 4017
f 4017 4022 4018
f 4023 4026 4027
f 4021 4024 4025
f 4022 4025 4026
f 4027 4030 4031
f 4024 4029 4025
f 4025 4030 4026
f 4031 4034 4035
f 4029 4032 4033
f 4030 4033 4034
f 4034 4039 4035
f 4032 4037 4033
f 4033 4038 4034
f 4038 4043 4039
f 4037 4040 4041
f 4038 4041 4042
f 4043 4046 4047
f 4040 4045 4041
f 4041 4046 4042
f 4046 4051 4047
f 4045 4048 4049
f 4046 4049 4050
f 4051 4055 4056
f 4048 4054 4049
f 4049 4055 4050
f 4056 4059 4060
f 4053 4058 4054
f 4055 4058 4059
f 3932 4052 3936
f 3936 4052 3940
f 3940 4052 3944
f 3944 4052 3948
f 3948 4052 3952
f 3952 4052 3956
f 3956 4052 3960
f 3960 4052 3964
f 3964 4052 3968
f 3968 4052 3972
f 3972 4052 3976
f 3976 4052 3980
f 3980 4052 3984
f 3984 4052 3988
f 3988 4052 3992
f 3992 4052 3996
f 3996 4052 4000
f 4000 4052 4004
f 4004 4052 4008
f 4008 4052 4012
f 4012 4052 4016
f 4016 4052 4020
f 4020 4052 4024
f 4024 4052 4028
f 4028 4052 4032
f 4032 4052 4036
f 4036 4052 4040
f 4040 4052 4044
f 4044 4052 4048
f 4048 4052 4053
f 4053 4052 4057
f 4060 3934 3935
f 4058 3932 3933
f 4058 3934 4059
f 4057 4052 3932
f 4069 4081 4082
f 4065 4077 4078
f 4063 4075 4076
f 4071 4085 4072
f 4069 4083 4070
f 4067 4081 4068
f 4063 4077 4064
f 4061 4075 4062
f 4072 4086 4073
f 4071 4083 4084
f 4076 4090 4077
f 4074 4088 4075
f 4086 4098 4099
f 4083 4097 4084
f 4082 4094 4095
f 4079 4093 4080
f 4078 4090 4091
f 4076 4088 4089
f 4085 4097 4098
f 4082 4096 4083
f 4080 4094 4081
f 4089 4103 4090
f 4088 4100 4101
f 4098 4112 4099
f 4096 4110 4097
f 4095 4107 4108
f 4090 4104 4091
f 4089 4101 4102
f 4097 4111 4098
f 4095 4109 4096
f 4094 4106 4107
f 4092 4104 4105
f 4103 4115 4116
f 4100 4114 4101
f 4112 4124 4125
f 4110 4122 4123
f 4107 4121 4108
f 4103 4117 4104
f 4101 4115 4102
f 4110 4124 4111
f 4109 4121 4122
f 4107 4119 4120
f 4105 4117 4118
f 4115 4129 4116
f 4114 4126 4127
f 4124 4138 4125
f 4123 4135 4136
f 4120 4134 4121
f 4117 4129 4130
f 4114 4128 4115
f 4124 4136 4137
f 4122 4134 4135
f 4119 4133 4120
f 4117 4131 4118
f 4129 4141 4142
f 4126 4140 4127
f 4138 4150 4151
f 4136 4148 4149
f 4133 4147 4134
f 4130 4142 4143
f 4127 4141 4128
f 4137 4149 4150
f 4135 4147 4148
f 4132 4146 4133
f 4131 4143 4144
f 4142 4154 4155
f 4140 4152 4153
f 4150 4163 4151
f 4149 4160 4161
f 4146 4159 4147
f 4142 4156 4143
f 4140 4154 4141
f 4149 4162 4150
f 4148 4159 4160
f 4146 4157 4158
f 4155 4166 4167
f 4153 4164 4165
f 4162 4176 4163
f 4160 4174 4161
f 4158 4172 4159
f 4155 4168 4156
f 4153 4166 4154
f 4162 4174 4175
f 4160 4172 4173
f 4158 4170 4171
f 4166 4180 4167
f 4164 4178 4165
f 4175 4189 4176
f 4174 4186 4187
f 4172 4184 4185
f 4168 4180 4181
f 4166 4178 4179
f 4174 4188 4175
f 4172 4186 4173
f 4170 4184 4171
f 4169 4181 4182
f 4179 4193 4180
f 4177 4191 4178
f 4189 4201 4202
f 4186 4200 4187
f 4185 4197 4198
f 4181 4193 4194
f 4179 4191 4192
f 4188 4200 4201
f 4185 4199 4186
f 4183 4197 4184
f 4192 4206 4193
f 4191 4203 4204
f 4201 4215 4202
f 4199 4213 4200
f 4198 4210 4211
f 4195 4209 4196
f 4193 4207 4194
f 4192 4204 4205
f 4200 4214 4201
f 4198 4212 4199
f 4197 4209 4210
f 4206 4218 4219
f 4203 4217 4204
f 4215 4227 4228
f 4212 4226 4213
f 4210 4224 4211
f 4208 4222 4209
f 4206 4220 4207
f 4204 4218 4205
f 4213 4227 4214
f 4212 4224 4225
f 4210 4222 4223
f 4218 4232 4219
f 4217 4229 4230
f 4227 4241 4228
f 4225 4239 4226
f 4224 4236 4237
f 4220 4232 4233
f 4217 4231 4218
f 4227 4239 4240
f 4225 4237 4238
f 4222 4236 4223
f 4232 4244 4245
f 4229 4243 4230
f 4241 4253 4254
f 4239 4251 4252
f 4236 4250 4237
f 4233 4245 4246
f 4230 4244 4231
f 4240 4252 4253
f 4238 4250 4251
f 4235 4249 4236
f 4245 4257 4258
f 4243 4255 4256
f 4253 4267 4254
f 4252 4264 4265
f 4249 4263 4250
f 4247 4261 4248
f 4245 4259 4246
f 4243 4257 4244
f 4252 4266 4253
f 4251 4263 4264
f 4249 4261 4262
f 4258 4270 4271
f 4256 4268 4269
f 4266 4280 4267
f 4264 4278 4265
f 4262 4276 4263
f 4258 4272 4259
f 4256 4270 4257
f 4265 4279 4266
f 4264 4276 4277
f 4262 4274 4275
f 4259 4273 4260
f 4270 4284 4271
f 4268 4282 4269
f 4280 4292 4293
f 4278 4290 4291
f 4276 4288 4289
f 4272 4284 4285
f 4270 4282 4283
f 4279 4291 4292
f 4276 4290 4277
f 4274 4288 4275
f 4283 4297 4284
f 4281 4295 4282
f 4293 4305 4306
f 4290 4304 4291
f 4289 4301 4302
f 4286 4300 4287
f 4285 4297 4298
f 4283 4295 4296
f 4292 4304 4305
f 4289 4303 4290
f 4287 4301 4288
f 4296 4310 4297
f 4295 4307 4308
f 4305 4319 4306
f 4303 4317 4304
f 4302 4314 4315
f 4297 4311 4298
f 4296 4308 4309
f 4304 4318 4305
f 4303 4315 4316
f 4301 4313 4314
f 4309 4323 4310
f 4307 4321 4308
f 4319 4331 4332
f 4317 4329 4330
f 4315 4327 4328
f 4312 4326 4313
f 4310 4324 4311
f 4309 4321 4322
f 4317 4331 4318
f 4315 4329 4316
f 4314 4326 4327
f 4322 4336 4323
f 4321 4333 4334
f 4331 4345 4332
f 4329 4343 4330
f 4328 4340 4341
f 4324 4336 4337
f 4321 4335 4322
f 4331 4343 4344
f 4329 4341 4342
f 4326 4340 4327
f 4336 4349 4350
f 4333 4348 4334
f 4345 4358 4359
f 4343 4356 4357
f 4340 4355 4341
f 4337 4350 4351
f 4334 4349 4335
f 4344 4357 4358
f 4342 4355 4356
f 4339 4354 4340
f 4337 4352 4338
f 4350 4362 4363
f 4348 4360 4361
f 4358 4372 4359
f 4357 4369 4370
f 4354 4368 4355
f 4353 4365 4366
f 4350 4364 4351
f 4348 4362 4349
f 4357 4371 4358
f 4356 4368 4369
f 4354 4366 4367
f 4363 4375 4376
f 4361 4373 4374
f 4372 4384 4385
f 4369 4383 4370
f 4367 4381 4368
f 4366 4378 4379
f 4363 4377 4364
f 4361 4375 4362
f 4371 4383 4384
f 4369 4381 4382
f 4367 4379 4380
f 4375 4389 4376
f 4373 4387 4374
f 4384 4398 4385
f 4383 4395 4396
f 4381 4393 4394
f 4378 4392 4379
f 4377 4389 4390
f 4375 4387 4388
f 4383 4397 4384
f 4381 4395 4382
f 4379 4393 4380
f 4388 4402 4389
f 4386 4400 4387
f 4398 4410 4411
f 4395 4409 4396
f 4394 4406 4407
f 4390 4402 4403
f 4388 4400 4401
f 4397 4409 4410
f 4394 4408 4395
f 4392 4406 4393
f 4390 4404 4391
f 4401 4415 4402
f 4400 4412 4413
f 4410 4424 4411
f 4408 4422 4409
f 4407 4419 4420
f 4405 4417 4418
f 4402 4416 4403
f 4401 4413 4414
f 4409 4423 4410
f 4407 4421 4408
f 4406 4418 4419
f 4415 4427 4428
f 4412 4426 4413
f 4424 4436 4437
f 4422 4434 4435
f 4420 4432 4433
f 4417 4431 4418
f 4415 4429 4416
f 4414 4426 4427
f 4422 4436 4423
f 4420 4434 4421
f 4419 4431 4432
f 4427 4441 4428
f 4425 4439 4426
f 4436 4450 4437
f 4434 4448 4435
f 4433 4445 4446
f 4429 4441 4442
f 4426 4440 4427
f 4436 4448 4449
f 4434 4446 4447
f 4431 4445 4432
f 4429 4443 4430
f 4441 4453 4454
f 4438 4452 4439
f 4450 4462 4463
f 4448 4460 4461
f 4445 4459 4446
f 4442 4454 4455
f 4439 4453 4440
f 4449 4461 4462
f 4446 4460 4447
f 4444 4458 4445
f 4454 4466 4467
f 4452 4464 4465
f 4462 4476 4463
f 4461 4473 4474
f 4458 4472 4459
f 4456 4470 4457
f 4454 4468 4455
f 4452 4466 4453
f 4461 4475 4462
f 4460 4472 4473
f 4458 4470 4471
f 4346 4073 4086
f 4346 4086 4099
f 4346 4099 4112
f 4346 4112 4125
f 4346 4125 4138
f 4346 4138 4151
f 4346 4151 4163
f 4346 4163 4176
f 4346 4176 4189
f 4346 4189 4202
f 4346 4202 4215
f 4346 4215 4228
f 4346 4228 4241
f 4346 4241 4254
f 4346 4254 4267
f 4346 4267 4280
f 4346 4280 4293
f 4346 4293 4306
f 4346 4306 4319
f 4346 4319 4332
f 4346 4332 4345
f 4346 4345 4359
f 4346 4359 4372
f 4346 4372 4385
f 4346 4385 4398
f 4346 4398 4411
f 4346 4411 4424
f 4346 4424 4437
f 4346 4437 4450
f 4346 4450 4463
f 4346 4463 4476
f 4467 4063 4064
f 4465 4061 4062
f 4476 4072 4073
f 4473 4071 4474
f 4471 4069 4472
f 4467 4065 4468
f 4465 4063 4466
f 4346 4476 4073
f 4475 4071 4072
f 4473 4069 4070
f 4471 4067 4068
f 3935 4464 4060
f 4464 4056 4060
f 4451 4051 4056
f 4438 4047 4051
f 4047 4412 4043
f 4043 4399 4039
f 4039 4386 4035
f 4386 4031 4035
f 4031 4360 4027
f 4360 4023 4027
f 4347 4019 4023
f 4333 4015 4019
f 4015 4307 4011
f 4011 4294 4007
f 4007 4281 4003
f 4281 3999 4003
f 3999 4255 3995
f 4255 3991 3995
f 4242 3987 3991
f 4229 3983 3987
f 3983 4203 3979
f 3979 4190 3975
f 3975 4177 3971
f 4177 3967 3971
f 3967 4152 3963
f 4152 3959 3963
f 4139 3955 3959
f 4126 3951 3955
f 3951 4100 3947
f 3947 4087 3943
f 3943 4074 3939
f 4074 3935 3939
f 4479 4482 4483
f 4479 4484 4480
f 4478 4481 4482
f 4483 4488 4484
f 4481 4486 4482
f 4482 4487 4483
f 4487 4492 4488
f 4486 4489 4490
f 4487 4490 4491
f 4492 4495 4496
f 4489 4494 4490
f 4490 4495 4491
f 4495 4500 4496
f 4494 4497 4498
f 4495 4498 4499
f 4500 4503 4504
f 4497 4502 4498
f 4498 4503 4499
f 4504 4507 4508
f 4502 4505 4506
f 4503 4506 4507
f 4508 4511 4512
f 4505 4510 4506
f 4506 4511 4507
f 4512 4515 4516
f 4510 4513 4514
f 4511 4514 4515
f 4515 4520 4516
f 4513 4518 4514
f 4514 4519 4515
f 4519 4524 4520
f 4517 4522 4518
f 4519 4522 4523
f 4524 4527 4528
f 4521 4526 4522
f 4522 4527 4523
f 4527 4532 4528
f 4526 4529 4530
f 4527 4530 4531
f 4532 4535 4536
f 4529 4534 4530
f 4530 4535 4531
f 4536 4539 4540
f 4533 4538 4534
f 4535 4538 4539
f 4540 4543 4544
f 4538 4541 4542
f 4538 4543 4539
f 4543 4548 4544
f 4541 4546 4542
f 4543 4546 4547
f 4547 4552 4548
f 4546 4549 4550
f 4546 4551 4547
f 4551 4556 4552
f 4550 4553 4554
f 4551 4554 4555
f 4556 4559 4560
f 4553 4558 4554
f 4554 4559 4555
f 4559 4564 4560
f 4558 4561 4562
f 4559 4562 4563
f 4564 4567 4568
f 4561 4566 4562
f 4562 4567 4563
f 4568 4571 4572
f 4566 4569 4570
f 4567 4570 4571
f 4571 4576 4572
f 4569 4574 4570
f 4570 4575 4571
f 4575 4580 4576
f 4574 4577 4578
f 4575 4578 4579
f 4579 4584 4580
f 4577 4582 4578
f 4578 4583 4579
f 4583 4588 4584
f 4582 4585 4586
f 4583 4586 4587
f 4588 4591 4592
f 4585 4590 4586
f 4586 4591 4587
f 4591 4596 4592
f 4590 4593 4594
f 4591 4594 4595
f 4596 4600 4601
f 4593 4599 4594
f 4594 4600 4595
f 4601 4604 4605
f 4599 4602 4603
f 4600 4603 4604
f 4477 4597 4481
f 4481 4597 4485
f 4485 4597 4489
f 4489 4597 4493
f 4493 4597 4497
f 4497 4597 4501
f 4501 4597 4505
f 4505 4597 4509
f 4509 4597 4513
f 4513 4597 4517
f 4517 4597 4521
f 4521 4597 4525
f 4525 4597 4529
f 4529 4597 4533
f 4533 4597 4537
f 4537 4597 4541
f 4541 4597 4545
f 4545 4597 4549
f 4549 4597 4553
f 4553 4597 4557
f 4557 4597 4561
f 4561 4597 4565
f 4565 4597 4569
f 4569 4597 4573
f 4573 4597 4577
f 4577 4597 4581
f 4581 4597 4585
f 4585 4597 4589
f 4589 4597 4593
f 4593 4597 4598
f 4598 4597 4602
f 4605 4479 4480
f 4602 4478 4603
f 4603 4479 4604
f 4602 4597 4477
f 4614 4626 4627
f 4611 4625 4612
f 4610 4622 4623
f 4608 4620 4621
f 4617 4629 4630
f 4614 4628 4615
f 4612 4626 4613
f 4608 4622 4609
f 4606 4620 4607
f 4618 4630 4631
f 4616 4628 4629
f 4621 4635 4622
f 4619 4633 4620
f 4631 4643 4644
f 4628 4642 4629
f 4627 4639 4640
f 4625 4637 4638
f 4623 4635 4636
f 4621 4633 4634
f 4630 4642 4643
f 4627 4641 4628
f 4625 4639 4626
f 4634 4648 4635
f 4633 4645 4646
f 4643 4657 4644
f 4641 4655 4642
f 4640 4652 4653
f 4635 4649 4636
f 4634 4646 4647
f 4642 4656 4643
f 4641 4653 4654
f 4639 4651 4652
f 4647 4661 4648
f 4645 4659 4646
f 4657 4669 4670
f 4655 4667 4668
f 4652 4666 4653
f 4648 4662 4649
f 4647 4659 4660
f 4655 4669 4656
f 4653 4667 4654
f 4652 4664 4665
f 4650 4662 4663
f 4660 4674 4661
f 4659 4671 4672
f 4669 4683 4670
f 4667 4681 4668
f 4666 4678 4679
f 4664 4676 4677
f 4662 4674 4675
f 4660 4672 4673
f 4669 4681 4682
f 4666 4680 4667
f 4664 4678 4665
f 4674 4686 4687
f 4671 4685 4672
f 4683 4695 4696
f 4681 4693 4694
f 4678 4692 4679
f 4677 4689 4690
f 4675 4687 4688
f 4672 4686 4673
f 4682 4694 4695
f 4680 4692 4693
f 4677 4691 4678
f 4687 4699 4700
f 4685 4697 4698
f 4695 4709 4696
f 4694 4706 4707
f 4691 4705 4692
f 4687 4701 4688
f 4685 4699 4686
f 4694 4708 4695
f 4693 4705 4706
f 4691 4703 4704
f 4700 4712 4713
f 4698 4710 4711
f 4709 4721 4722
f 4706 4720 4707
f 4704 4718 4705
f 4703 4715 4716
f 4700 4714 4701
f 4698 4712 4699
f 4708 4720 4721
f 4706 4718 4719
f 4704 4716 4717
f 4712 4726 4713
f 4710 4724 4711
f 4722 4734 4735
f 4720 4732 4733
f 4718 4730 4731
f 4715 4729 4716
f 4714 4726 4727
f 4712 4724 4725
f 4720 4734 4721
f 4718 4732 4719
f 4716 4730 4717
f 4725 4739 4726
f 4723 4737 4724
f 4735 4747 4748
f 4732 4746 4733
f 4731 4743 4744
f 4727 4739 4740
f 4725 4737 4738
f 4734 4746 4747
f 4731 4745 4732
f 4729 4743 4730
f 4738 4752 4739
f 4737 4749 4750
f 4747 4761 4748
f 4745 4759 4746
f 4744 4756 4757
f 4742 4754 4755
f 4739 4753 4740
f 4738 4750 4751
f 4746 4760 4747
f 4744 4758 4745
f 4743 4755 4756
f 4752 4764 4765
f 4749 4763 4750
f 4761 4773 4774
f 4758 4772 4759
f 4757 4769 4770
f 4754 4768 4755
f 4752 4766 4753
f 4751 4763 4764
f 4759 4773 4760
f 4757 4771 4758
f 4756 4768 4769
f 4764 4778 4765
f 4763 4775 4776
f 4773 4787 4774
f 4771 4785 4772
f 4770 4782 4783
f 4768 4780 4781
f 4766 4778 4779
f 4764 4776 4777
f 4773 4785 4786
f 4770 4784 4771
f 4768 4782 4769
f 4778 4790 4791
f 4775 4789 4776
f 4787 4799 4800
f 4785 4797 4798
f 4782 4796 4783
f 4781 4793 4794
f 4779 4791 4792
f 4776 4790 4777
f 4786 4798 4799
f 4784 4796 4797
f 4781 4795 4782
f 4791 4803 4804
f 4789 4801 4802
f 4799 4813 4800
f 4798 4810 4811
f 4795 4809 4796
f 4794 4806 4807
f 4791 4805 4792
f 4789 4803 4790
f 4798 4812 4799
f 4797 4809 4810
f 4795 4807 4808
f 4804 4816 4817
f 4802 4814 4815
f 4813 4825 4826
f 4810 4824 4811
f 4808 4822 4809
f 4807 4819 4820
f 4804 4818 4805
f 4802 4816 4803
f 4812 4824 4825
f 4810 4822 4823
f 4808 4820 4821
f 4816 4830 4817
f 4814 4828 4815
f 4825 4839 4826
f 4824 4836 4837
f 4822 4834 4835
f 4819 4833 4820
f 4818 4830 4831
f 4816 4828 4829
f 4824 4838 4825
f 4822 4836 4823
f 4820 4834 4821
f 4829 4843 4830
f 4827 4841 4828
f 4839 4851 4852
f 4836 4850 4837
f 4835 4847 4848
f 4831 4843 4844
f 4829 4841 4842
f 4838 4850 4851
f 4835 4849 4836
f 4833 4847 4834
f 4842 4856 4843
f 4841 4853 4854
f 4851 4865 4852
f 4849 4863 4850
f 4848 4860 4861
f 4843 4857 4844
f 4842 4854 4855
f 4850 4864 4851
f 4848 4862 4849
f 4847 4859 4860
f 4844 4858 4845
f 4856 4868 4869
f 4854 4866 4867
f 4865 4876 4877
f 4863 4874 4875
f 4861 4872 4873
f 4856 4870 4857
f 4855 4867 4868
f 4863 4876 4864
f 4861 4874 4862
f 4860 4871 4872
f 4868 4881 4869
f 4867 4878 4879
f 4876 4890 4877
f 4875 4887 4888
f 4872 4886 4873
f 4870 4881 4882
f 4867 4880 4868
f 4876 4888 4889
f 4874 4886 4887
f 4871 4885 4872
f 4881 4894 4895
f 4878 4893 4879
f 4890 4903 4904
f 4888 4901 4902
f 4885 4900 4886
f 4882 4895 4896
f 4879 4894 4880
f 4889 4902 4903
f 4887 4900 4901
f 4884 4899 4885
f 4883 4896 4897
f 4895 4907 4908
f 4893 4905 4906
f 4903 4917 4904
f 4902 4914 4915
f 4899 4913 4900
f 4895 4909 4896
f 4893 4907 4894
f 4902 4916 4903
f 4901 4913 4914
f 4899 4911 4912
f 4897 4909 4910
f 4908 4920 4921
f 4906 4918 4919
f 4917 4929 4930
f 4914 4928 4915
f 4912 4926 4913
f 4908 4922 4909
f 4906 4920 4907
f 4916 4928 4929
f 4914 4926 4927
f 4912 4924 4925
f 4909 4923 4910
f 4920 4934 4921
f 4918 4932 4919
f 4929 4943 4930
f 4928 4940 4941
f 4926 4938 4939
f 4922 4934 4935
f 4920 4932 4933
f 4928 4942 4929
f 4926 4940 4927
f 4924 4938 4925
f 4933 4947 4934
f 4931 4945 4932
f 4943 4955 4956
f 4940 4954 4941
f 4939 4951 4952
f 4936 4950 4937
f 4935 4947 4948
f 4933 4945 4946
f 4942 4954 4955
f 4939 4953 4940
f 4937 4951 4938
f 4946 4960 4947
f 4945 4957 4958
f 4955 4969 4956
f 4953 4967 4954
f 4952 4964 4965
f 4947 4961 4948
f 4946 4958 4959
f 4954 4968 4955
f 4952 4966 4953
f 4951 4963 4964
f 4960 4972 4973
f 4957 4971 4958
f 4969 4980 4981
f 4966 4979 4967
f 4964 4977 4965
f 4962 4975 4963
f 4960 4974 4961
f 4958 4972 4959
f 4967 4980 4968
f 4965 4978 4966
f 4964 4975 4976
f 4973 4984 4985
f 4971 4982 4983
f 4980 4994 4981
f 4978 4992 4979
f 4976 4990 4977
f 4975 4987 4988
f 4974 4985 4986
f 4971 4984 4972
f 4980 4992 4993
f 4978 4990 4991
f 4975 4989 4976
f 4985 4997 4998
f 4982 4996 4983
f 4994 5006 5007
f 4992 5004 5005
f 4989 5003 4990
f 4986 4998 4999
f 4983 4997 4984
f 4993 5005 5006
f 4991 5003 5004
f 4988 5002 4989
f 4998 5010 5011
f 4996 5008 5009
f 5006 5020 5007
f 5005 5017 5018
f 5002 5016 5003
f 4998 5012 4999
f 4996 5010 4997
f 5005 5019 5006
f 5004 5016 5017
f 5002 5014 5015
f 4999 5013 5000
f 4891 4618 4631
f 4891 4631 4644
f 4891 4644 4657
f 4891 4657 4670
f 4891 4670 4683
f 4891 4683 4696
f 4891 4696 4709
f 4891 4709 4722
f 4891 4722 4735
f 4891 4735 4748
f 4891 4748 4761
f 4891 4761 4774
f 4891 4774 4787
f 4891 4787 4800
f 4891 4800 4813
f 4891 4813 4826
f 4891 4826 4839
f 4891 4839 4852
f 4891 4852 4865
f 4891 4865 4877
f 4891 4877 4890
f 4891 4890 4904
f 4891 4904 4917
f 4891 4917 4930
f 4891 4930 4943
f 4891 4943 4956
f 4891 4956 4969
f 4891 4969 4981
f 4891 4981 4994
f 4891 4994 5007
f 4891 5007 5020
f 5011 4608 4609
f 5009 4606 4607
f 5019 4618 5020
f 5017 4616 5018
f 5015 4614 5016
f 5014 4611 4612
f 5011 4610 5012
f 5009 4608 5010
f 4891 5020 4618
f 5018 4617 5019
f 5017 4614 4615
f 5015 4612 4613
f 4480 5008 4605
f 5008 4601 4605
f 4995 4596 4601
f 4982 4592 4596
f 4592 4957 4588
f 4588 4944 4584
f 4584 4931 4580
f 4931 4576 4580
f 4576 4905 4572
f 4905 4568 4572
f 4892 4564 4568
f 4878 4560 4564
f 4560 4853 4556
f 4556 4840 4552
f 4552 4827 4548
f 4827 4544 4548
f 4544 4801 4540
f 4801 4536 4540
f 4788 4532 4536
f 4775 4528 4532
f 4528 4749 4524
f 4524 4736 4520
f 4520 4723 4516
f 4723 4512 4516
f 4512 4697 4508
f 4697 4504 4508
f 4684 4500 4504
f 4671 4496 4500
f 4496 4645 4492
f 4492 4632 4488
f 4488 4619 4484
f 4619 4480 4484
f 4 3 2
f 8 7 6
f 13 16 15
f 17 28 19
f 32 31 30
f 36 35 34
f 37 40 39
f 21 22 23
f 25 26 27
f 41 44 43
f 48 47 46
f 52 51 50
f 53 56 55
f 60 59 58
f 29 30 62
f 66 65 64
f 67 5 6
f 72 71 70
f 76 75 74
f 77 80 79
f 81 84 83
f 59 87 86
f 88 91 90
f 96 95 94
f 100 99 98
f 101 104 103
f 106 105 34
f 108 116 115
f 117 119 36
f 124 127 126
f 131 130 129
f 132 102 134
f 142 141 140
f 148 106 60
f 144 143 127
f 149 152 151
f 156 155 154
f 159 150 158
f 116 108 164
f 171 170 169
f 174 126 173
f 179 182 181
f 186 189 188
f 194 197 196
f 199 142 139
f 206 209 208
f 213 212 211
f 202 215 214
f 96 93 216
f 92 238 43
f 97 184 246
f 250 249 229
f 252 254 58
f 258 257 256
f 260 91 229
f 110 111 112
f 114 264 263
f 265 268 267
f 56 53 270
f 274 273 249
f 185 183 63
f 280 279 278
f 285 284 283
f 288 219 211
f 141 142 92
f 289 290 175
f 148 116 105
f 312 311 170
f 238 262 42
f 318 163 160
f 310 309 308
f 241 239 325
f 160 230 240
f 47 48 307
f 108 109 315
f 345 85 86
f 348 351 350
f 356 359 358
f 355 354 353
f 363 31 32
f 364 252 253
f 366 125 368
f 183 372 371
f 163 162 161
f 209 226 101
f 378 377 165
f 379 295 381
f 383 382 3
f 284 285 386
f 387 127 389
f 391 259 229
f 73 281 397
f 405 408 407
f 203 218 411
f 414 121 413
f 1 356 357
f 277 276 131
f 254 344 57
f 358 384 415
f 417 416 386
f 401 400 192
f 419 389 127
f 421 181 182
f 103 301 302
f 428 367 368
f 380 390 359
f 62 204 266
f 140 141 431
f 357 358 351
f 356 1 379
f 415 392 403
f 437 428 436
f 438 441 440
f 188 451 450
f 265 455 181
f 224 185 64
f 237 212 213
f 275 131 128
f 281 282 460
f 50 462 79
f 73 74 282
f 468 467 466
f 390 355 352
f 482 485 484
f 489 488 487
f 493 496 495
f 472 471 470
f 502 501 500
f 220 221 222
f 512 419 143
f 518 517 511
f 513 239 230
f 205 30 31
f 189 370 451
f 163 318 532
f 533 224 225
f 446 448 447
f 335 541 540
f 544 512 546
f 329 519 291
f 199 534 262
f 385 386 416
f 532 190 191
f 363 117 118
f 578 581 580
f 573 572 571
f 561 563 562
f 241 260 259
f 590 593 592
f 545 546 595
f 503 154 155
f 606 625 624
f 478 481 480
f 646 649 648
f 590 591 689
f 564 565 651
f 728 246 184
f 714 724 716
f 692 574 575
f 541 335 581
f 346 68 248
f 161 231 230
f 128 129 94
f 698 705 704
f 574 577 576
f 290 289 401
f 630 631 725
f 733 736 735
f 755 466 496
f 759 480 481
f 757 763 762
f 764 496 466
f 768 767 3808
f 759 760 488
f 492 474 475
f 474 770 769
f 773 468 465
f 771 774 486
f 484 485 775
f 774 776 489
f 495 496 764
f 495 757 761
f 137 397 784
f 325 239 797
f 165 519 51
f 369 32 29
f 730 731 568
f 90 302 301
f 243 118 516
f 800 734 806
f 817 815 808
f 816 808 823
f 306 303 447
f 815 810 809
f 829 830 828
f 726 725 501
f 274 427 424
f 879 882 881
f 884 883 879
f 219 218 217
f 906 905 904
f 455 204 205
f 898 882 830
f 903 900 880
f 377 291 519
f 923 949 948
f 946 947 951
f 3519 740 739
f 900 899 886
f 225 64 65
f 182 445 442
f 809 952 947
f 954 960 962
f 927 950 965
f 885 879 880
f 925 927 966
f 343 342 341
f 965 964 971
f 968 971 970
f 972 968 969
f 963 961 981
f 336 337 338
f 992 993 827
f 810 815 996
f 1007 1001 1002
f 1012 826 827
f 1011 1009 1007
f 294 293 292
f 907 908 920
f 1017 579 1019
f 1020 1023 1022
f 1035 1024 1020
f 1061 1060 1047
f 1063 1061 1046
f 1044 1020 1021
f 1102 1094 1097
f 1116 1126 1118
f 1016 1015 1014
f 881 897 904
f 816 1116 1127
f 1094 948 949
f 514 342 167
f 146 145 81
f 1133 1135 1130
f 1102 1133 1126
f 822 1126 1116
f 1145 1143 1148
f 1076 1144 1151
f 1148 1143 1086
f 1109 1097 1114
f 1154 1153 1156
f 1153 925 967
f 3464 3497 463
f 1144 1147 1152
f 1156 967 1163
f 1164 1162 1169
f 1145 1171 1176
f 1114 1115 1154
f 1183 1155 1164
f 1184 1183 1177
f 1069 1151 1062
f 1023 1191 1194
f 1162 1163 1170
f 1195 1184 1185
f 1183 1196 1176
f 1201 1063 1152
f 1061 1063 1201
f 3825 847 843
f 1203 1202 1195
f 1202 1201 1184
f 1218 1060 1203
f 1060 1061 1202
f 1225 1218 1217
f 671 695 694
f 1219 1217 1024
f 1217 1203 1034
f 1226 1014 1015
f 1243 1242 1234
f 1231 1230 1229
f 847 1243 1233
f 843 1233 1244
f 1233 1234 1245
f 1923 3761 233
f 2100 2108 499
f 3914 3864 2135
f 61 62 323
f 210 211 217
f 1299 1310 1309
f 3863 1230 1231
f 1066 1047 1321
f 1322 1321 1228
f 1060 1218 1321
f 1325 1324 1323
f 1244 1245 1332
f 1290 1234 1242
f 1337 1330 1339
f 1330 1332 1340
f 1341 1332 1245
f 1342 1340 1332
f 1343 1342 1341
f 1344 1341 1294
f 3857 3856 1345
f 1347 1348 1342
f 3856 3854 1295
f 1349 1350 1348
f 3861 1349 1347
f 3853 1347 1343
f 906 898 829
f 905 906 1353
f 865 1356 1355
f 1355 1353 829
f 1357 1355 825
f 1356 1354 1353
f 3834 1337 1338
f 866 1358 1356
f 1358 1359 1354
f 3828 878 1337
f 838 1362 1012
f 1363 1364 1338
f 1368 1363 1339
f 1348 1368 1340
f 1371 1369 3824
f 524 525 526
f 528 529 530
f 1372 1370 1369
f 535 536 537
f 1367 1368 1348
f 1370 1354 1359
f 1369 1359 3833
f 1373 910 903
f 555 556 557
f 1374 909 910
f 1373 904 905
f 1374 1373 1375
f 1375 905 1354
f 1378 920 908
f 376 373 651
f 1388 928 973
f 586 587 588
f 1390 1389 1388
f 1391 1388 969
f 597 598 599
f 600 601 602
f 1392 1391 970
f 608 609 610
f 612 524 523
f 614 615 616
f 617 618 25
f 620 621 622
f 1397 1390 1391
f 1398 1397 1392
f 1400 987 920
f 1402 1403 1165
f 636 637 638
f 930 1404 1402
f 641 642 643
f 929 1402 1169
f 1404 1405 1403
f 1411 1366 1365
f 1412 1406 1415
f 652 653 654
f 609 656 657
f 659 660 661
f 558 663 586
f 665 666 667
f 1413 1411 1406
f 1418 1416 3810
f 1417 1372 1371
f 1416 1371 3829
f 1419 1417 1416
f 1386 909 1374
f 677 678 679
f 1385 1386 1420
f 1420 1374 1376
f 685 686 687
f 1421 1420 1422
f 528 690 691
f 1422 1376 1372
f 1018 1019 747
f 699 700 701
f 1424 578 579
f 3663 1597 1767
f 700 699 711
f 1093 3746 3754
f 717 718 530
f 721 722 723
f 704 1650 3543
f 19 1429 1426
f 1429 1428 1427
f 1658 1659 3542
f 1439 1437 1434
f 1437 1436 1435
f 1426 1427 1433
f 1442 1431 1432
f 742 743 744
f 1432 1433 1441
f 751 752 753
f 1438 1434 1403
f 1446 1445 1444
f 1447 1448 1446
f 3860 1447 1443
f 1415 1367 1445
f 1414 1415 1446
f 2173 1683 469
f 777 778 779
f 780 781 782
f 1676 1693 1806
f 3859 1451 1349
f 789 790 791
f 745 792 793
f 652 794 795
f 1455 1458 1457
f 1454 1367 1350
f 610 691 802
f 3831 3816 698
f 1352 1044 1045
f 1015 1016 1459
f 811 812 813
f 2118 3815 3817
f 819 820 821
f 1466 1463 1194
f 1467 1468 1465
f 1182 1165 1468
f 832 812 833
f 835 836 837
f 1467 1466 1190
f 1469 1470 1444
f 840 700 712
f 1453 1470 1469
f 599 844 845
f 1226 1450 3849
f 851 852 853
f 855 744 856
f 858 859 860
f 861 862 863
f 1014 1226 3855
f 867 676 868
f 870 871 872
f 874 875 876
f 1310 1323 1471
f 1476 1433 1427
f 1461 1476 1475
f 887 888 889
f 788 791 892
f 894 895 896
f 1460 1475 1227
f 901 902 524
f 1465 1478 1477
f 1865 3503 3500
f 911 912 913
f 916 917 918
f 1850 3505 3507
f 921 922 895
f 1479 1435 1436
f 926 664 667
f 1481 562 563
f 269 1483 84
f 931 932 933
f 934 935 614
f 936 685 688
f 938 659 662
f 1484 270 122
f 941 942 835
f 320 321 509
f 1849 3510 3505
f 84 1483 1484
f 1487 1490 1488
f 1757 1758 3502
f 365 1492 1491
f 461 79 80
f 117 363 362
f 1494 540 541
f 926 601 957
f 1477 1441 1433
f 1709 1588 1585
f 119 117 1496
f 271 1497 504
f 511 517 189
f 345 1496 1492
f 57 344 299
f 1501 1499 268
f 267 268 1499
f 974 975 976
f 1678 1652 1693
f 3846 1682 1807
f 557 982 663
f 983 941 984
f 1443 1444 3849
f 421 1500 268
f 989 990 991
f 1490 1487 418
f 279 280 309
f 997 868 676
f 998 26 999
f 1504 418 38
f 1506 1508 1507
f 360 361 1508
f 1506 1486 207
f 939 1005 1006
f 270 1484 1483
f 66 63 546
f 1010 742 793
f 367 428 437
f 244 31 363
f 1670 3532 3534
f 209 206 1510
f 388 389 426
f 427 274 250
f 161 520 521
f 100 246 45
f 1025 1026 608
f 1029 1030 1031
f 939 662 1033
f 41 42 594
f 1036 780 783
f 702 701 1038
f 1040 1041 1042
f 362 32 369
f 187 1520 477
f 70 1487 539
f 1049 600 603
f 613 867 869
f 860 1050 1051
f 1005 1052 1053
f 753 1055 1056
f 1057 1058 1059
f 293 288 1522
f 288 212 1521
f 292 1522 1523
f 331 1507 1508
f 306 452 453
f 100 44 41
f 462 1524 78
f 330 331 1524
f 635 1067 1068
f 1485 1527 1526
f 206 1485 1528
f 1070 1071 1072
f 942 941 1073
f 916 933 1075
f 440 1529 1530
f 157 158 1514
f 1529 162 5
f 371 595 546
f 790 586 663
f 1077 858 857
f 1403 1434 1435
f 1080 1081 1082
f 531 520 1529
f 21 1083 1084
f 272 1532 1531
f 690 712 802
f 335 3571 3567
f 1090 1030 1029
f 1092 795 794
f 1533 396 137
f 661 660 1095
f 69 444 445
f 1099 1100 1101
f 38 39 1536
f 1104 1105 1106
f 852 1107 1108
f 1377 908 909
f 291 377 411
f 316 1536 516
f 539 1488 1533
f 1505 1536 316
f 1110 1111 1112
f 1539 1537 460
f 522 441 1537
f 834 837 1120
f 1122 1123 1124
f 612 1125 1041
f 935 793 615
f 276 278 130
f 1686 3549 3522
f 193 190 1541
f 231 521 1540
f 556 1037 982
f 365 253 85
f 190 532 318
f 1810 765 3574
f 3924 1867 3512
f 1132 983 985
f 208 101 102
f 1134 1033 662
f 1491 518 80
f 429 133 1542
f 1137 1138 915
f 172 436 428
f 1139 1140 1141
f 549 96 54
f 1517 1519 1518
f 834 1119 984
f 1543 513 286
f 1544 797 239
f 133 134 1544
f 506 361 257
f 420 327 328
f 1158 1159 1160
f 587 1104 1103
f 607 1161 1027
f 304 1546 1545
f 364 1491 77
f 69 70 198
f 700 840 1112
f 3877 626 3525
f 1166 719 657
f 1167 1168 858
f 1172 1173 1174
f 218 203 200
f 1179 1180 1181
f 372 183 97
f 89 104 227
f 1186 1187 1188
f 172 173 1517
f 1482 84 81
f 1090 1192 1193
f 394 395 353
f 526 525 1198
f 1199 1200 1026
f 606 623 697
f 1204 1205 1206
f 1207 1208 523
f 1209 1210 867
f 914 913 685
f 1478 1436 1441
f 1029 1028 1161
f 1211 1212 1213
f 3858 1453 1451
f 844 1215 1216
f 423 193 273
f 1220 1221 1222
f 22 1223 1224
f 882 898 897
f 1519 1517 173
f 1189 1188 1232
f 349 350 550
f 1071 1235 1236
f 1237 1238 1239
f 1221 1186 1189
f 1510 1528 1512
f 939 1032 1241
f 1556 1530 5
f 1553 1554 394
f 404 1556 67
f 1247 1248 1249
f 142 199 238
f 1251 1067 635
f 850 1252 1253
f 1254 1167 1077
f 57 132 133
f 443 430 552
f 1187 1172 1175
f 1256 1070 831
f 432 405 382
f 741 748 747
f 434 350 351
f 349 432 383
f 251 124 1481
f 395 384 352
f 1518 1519 1550
f 1558 410 378
f 109 263 314
f 285 1514 1513
f 395 394 393
f 202 203 410
f 417 408 405
f 1246 1257 1258
f 3 1559 297
f 1259 1260 1261
f 403 404 347
f 955 954 953
f 462 50 51
f 1096 1095 687
f 429 147 60
f 896 1264 1265
f 1267 721 1268
f 423 424 327
f 37 179 180
f 20 23 1187
f 1256 1168 1071
f 1188 1175 1269
f 1236 1270 1271
f 1272 536 535
f 565 564 463
f 1273 792 745
f 876 1254 1255
f 316 33 164
f 437 1516 503
f 194 1494 1495
f 1275 1276 864
f 624 625 631
f 1277 1274 1137
f 569 568 567
f 1481 124 125
f 324 325 547
f 1279 1108 1107
f 1525 332 329
f 1281 1278 1137
f 171 168 1553
f 1488 73 396
f 1557 1561 1562
f 1282 856 1206
f 1053 1277 1278
f 778 777 607
f 713 583 3566
f 251 225 144
f 4 357 348
f 709 708 707
f 728 48 45
f 261 135 1563
f 789 1286 1287
f 74 314 263
f 403 284 385
f 1178 1181 1240
f 1223 1259 1289
f 1220 20 1186
f 296 1518 354
f 784 459 1538
f 1181 1180 1291
f 1269 1292 1257
f 1566 1538 438
f 136 784 1566
f 1563 1564 169
f 107 114 109
f 1297 1282 1298
f 1464 1477 1476
f 1520 187 507
f 1301 1302 1303
f 1306 1307 1308
f 175 456 1532
f 1532 456 200
f 1311 1266 1312
f 872 1314 1315
f 3836 843 878
f 1305 1308 864
f 1040 1275 863
f 1564 1566 399
f 592 1576 1575
f 591 1575 1088
f 1581 1584 1583
f 1196 1152 1147
f 710 582 583
f 285 407 408
f 953 954 961
f 1594 1592 1589
f 1585 1588 1587
f 1592 1591 1590
f 3885 945 944
f 1600 1599 1598
f 1604 1603 1602
f 1399 1392 979
f 1589 1590 1596
f 1610 1609 1608
f 298 257 361
f 551 552 276
f 1627 1626 3814
f 859 811 818
f 1078 857 1328
f 1555 439 1530
f 572 573 680
f 772 465 776
f 977 1281 918
f 404 403 392
f 1054 1331 750
f 1644 1645 1643
f 932 1265 1082
f 1067 1333 1334
f 1540 1539 264
f 597 1335 643
f 471 761 762
f 1642 696 3831
f 1644 1642 3842
f 923 946 950
f 96 549 548
f 520 531 522
f 445 444 443
f 849 839 848
f 480 759 755
f 1646 760 481
f 311 426 1567
f 464 463 3497
f 3497 1360 1361
f 234 237 236
f 190 193 192
f 153 154 152
f 231 287 286
f 1552 1553 1551
f 760 1646 1648
f 3832 1647 1649
f 828 827 826
f 52 167 166
f 1663 1662 1661
f 287 107 115
f 668 671 670
f 634 645 640
f 553 560 559
f 118 36 33
f 492 484 491
f 3552 1652 1651
f 582 589 584
f 384 395 392
f 1381 1382 1383
f 1562 1561 435
f 952 953 951
f 3529 3566 583
f 1660 1661 1667
f 1394 1395 1396
f 1660 1665 1664
f 1671 1670 1669
f 1624 1625 1673
f 1407 1408 1409
f 1677 1676 1675
f 1613 1679 1677
f 1679 1678 1676
f 1626 1681 3811
f 534 199 198
f 803 733 734
f 400 248 191
f 65 66 143
f 3526 1657 1656
f 402 159 157
f 629 628 627
f 461 477 49
f 758 757 495
f 796 787 786
f 406 407 1513
f 342 343 166
f 1694 1659 1658
f 1692 1687 1694
f 3557 1693 1652
f 3921 1704 1703
f 326 547 302
f 3916 3921 1702
f 3919 3918 1698
f 1699 1691 3927
f 1557 406 1560
f 1127 1116 1117
f 400 401 289
f 1706 1702 1707
f 1707 1702 1599
f 1709 1706 1708
f 1714 1712 1711
f 3919 3915 1709
f 1704 1711 1577
f 1716 1714 1713
f 1559 1562 1549
f 1722 1721 1720
f 1335 597 596
f 410 411 377
f 973 1170 1163
f 168 169 399
f 1571 682 1089
f 1572 681 682
f 749 646 647
f 1730 1724 1723
f 1594 1582 1729
f 1729 1723 1591
f 1384 1378 1377
f 1732 1731 1712
f 1724 1730 1731
f 1722 1724 1732
f 1721 1722 1733
f 1734 1733 1716
f 1735 1737 1736
f 1733 1732 1714
f 1663 1664 1741
f 1742 1665 1740
f 1738 1739 1737
f 1665 1660 1666
f 1665 1742 1744
f 1725 1726 1746
f 1591 1725 1745
f 1590 1745 1747
f 1745 1746 1748
f 1659 1688 3538
f 3287 1760 3545
f 1185 1177 1182
f 1664 1744 1749
f 1741 1749 1739
f 1746 1742 1743
f 1726 1744 1742
f 1115 924 1153
f 1896 3562 3549
f 1720 1749 1744
f 1721 1739 1749
f 1750 1718 1701
f 1697 1736 1750
f 1151 1152 1063
f 1751 1752 1670
f 1695 1658 1752
f 961 962 986
f 1770 1769 1768
f 1766 1594 1593
f 1731 1759 1579
f 1579 1777 1774
f 3928 1772 1771
f 1764 1772 3928
f 1777 1776 1775
f 3762 3763 1699
f 1004 1127 1128
f 1774 1775 1771
f 987 1400 1399
f 1578 1774 1772
f 1783 1782 1781
f 1597 1598 1770
f 639 1878 3895
f 3928 3929 1769
f 1793 1792 1789
f 3929 3920 1798
f 3508 3516 3773
f 1802 1867 3924
f 1788 1790 1794
f 1793 1794 1795
f 3773 3772 1675
f 1584 1581 1783
f 1771 1797 3920
f 1801 1799 1798
f 1768 1769 1798
f 1775 1796 1797
f 508 514 515
f 1796 1803 1802
f 1800 1798 3920
f 1794 1805 1804
f 3532 1670 1752
f 485 1808 1807
f 3809 3844 1640
f 3837 3844 1810
f 485 482 1640
f 1690 1691 3770
f 487 488 1648
f 3839 1813 1816
f 3838 1811 1648
f 3839 1812 1811
f 1812 1809 487
f 1641 1809 767
f 465 466 755
f 767 1815 3823
f 3822 1816 3826
f 1809 1812 1815
f 3837 1653 1651
f 675 672 3541
f 1814 1649 1822
f 1821 1822 3821
f 1824 1822 1649
f 1827 1849 1850
f 1668 1669 1662
f 1779 1780 1848
f 1790 1827 1805
f 1833 1836 1853
f 3521 3506 693
f 1614 1615 1616
f 1852 1853 3498
f 1620 1621 1622
f 1855 1765 1574
f 1847 1852 3501
f 1766 1765 1855
f 1629 1630 1631
f 1633 1622 1634
f 1635 1636 1637
f 1848 1833 1852
f 1855 1861 1863
f 1803 1866 1867
f 1862 1863 1831
f 1782 1855 1862
f 3922 3924 1865
f 1873 1872 1870
f 1874 1869 799
f 2045 3878 3897
f 1219 1345 1295
f 1615 1614 1396
f 3884 3895 1877
f 645 3898 3786
f 1345 1219 1035
f 634 639 3884
f 15 1887 1327
f 3910 3895 1878
f 1894 604 605
f 3506 3551 627
f 340 341 454
f 1897 194 195
f 1889 1882 1877
f 1901 94 129
f 196 749 754
f 1705 1704 3921
f 340 378 166
f 1570 1480 563
f 1904 1494 194
f 1781 1862 1832
f 1905 549 55
f 1000 994 995
f 986 919 920
f 1191 1185 1190
f 2094 2077 2075
f 1920 1921 1919
f 453 454 1912
f 1915 1919 1918
f 3882 2112 2106
f 1916 1918 1926
f 704 3554 3561
f 278 1916 1925
f 3565 3564 1818
f 1097 949 1115
f 1927 1928 727
f 3578 3579 3654
f 1920 310 307
f 1929 307 48
f 503 504 1497
f 1902 1903 787
f 1816 1821 3820
f 1925 1926 1923
f 1535 1569 1568
f 254 252 258
f 1509 1497 366
f 119 86 35
f 219 288 293
f 141 46 47
f 542 205 244
f 1940 552 430
f 1779 1828 1827
f 1701 1710 3915
f 1661 3550 3515
f 270 53 754
f 197 1947 749
f 1727 1728 1212
f 53 54 232
f 1465 1468 1479
f 1284 3862 3854
f 1951 446 412
f 168 398 1554
f 1486 1485 206
f 506 77 78
f 994 1001 1007
f 951 953 963
f 1013 3859 3861
f 3826 3820 1820
f 1498 1909 1954
f 299 298 543
f 1754 1755 1756
f 1681 469 1683
f 1696 1694 1695
f 13 14 738
f 473 476 475
f 482 1641 768
f 204 62 30
f 1761 1762 820
f 611 1763 1125
f 1501 1503 1908
f 1074 1073 711
f 1960 1944 82
f 120 1956 1960
f 35 86 87
f 1773 1199 1025
f 1965 1545 1569
f 494 761 471
f 1966 1967 1969
f 446 1951 1971
f 174 368 125
f 1580 1579 1578
f 1785 1786 1787
f 1972 1546 304
f 1254 876 875
f 1973 341 342
f 321 1912 1973
f 1910 277 275
f 509 1973 514
f 1486 1507 1527
f 1974 1874 804
f 1977 1976 1974
f 1980 448 1966
f 379 1 2
f 1718 1715 1710
f 884 995 992
f 1680 1684 1678
f 902 990 525
f 344 255 256
f 135 138 137
f 448 446 1967
f 589 605 604
f 910 909 908
f 1981 1966 1968
f 1982 1981 1987
f 1988 1979 1987
f 1990 1988 1989
f 1991 1989 1993
f 322 321 320
f 992 828 830
f 1144 1076 1086
f 1995 1977 1978
f 1133 1129 1118
f 1997 1995 1994
f 870 1823 1335
f 805 806 1982
f 727 184 2000
f 1996 1994 1988
f 1994 1978 1979
f 1829 616 792
f 1830 1073 941
f 798 803 800
f 729 732 731
f 2011 2012 2023
f 1834 1835 846
f 402 283 284
f 2022 2023 2024
f 1838 718 989
f 810 955 952
f 1823 1839 1840
f 1430 1426 1432
f 1215 844 1841
f 1316 1208 873
f 2112 1401 1384
f 1842 1843 1844
f 1159 846 845
f 837 27 1846
f 1971 1951 2030
f 517 369 370
f 1471 2026 2027
f 3551 3525 626
f 2174 2175 770
f 935 934 1854
f 1613 1619 1611
f 1231 1228 1225
f 1856 1857 891
f 1300 1309 748
f 1150 1149 1858
f 1643 606 696
f 1215 1265 1264
f 1320 1860 902
f 1956 1943 1944
f 2031 668 669
f 2034 1325 1310
f 1879 1880 1656
f 40 245 242
f 1992 1993 2039
f 888 958 957
f 1882 1889 1996
f 1078 1138 1255
f 1871 912 1192
f 294 411 218
f 1323 2041 2026
f 123 1960 83
f 1324 2036 2041
f 384 358 359
f 1324 1325 2038
f 1883 1884 1885
f 287 1540 114
f 1096 1886 1134
f 915 1329 931
f 806 1980 1981
f 3533 3529 584
f 1425 2030 2042
f 1018 2042 1948
f 3562 1896 740
f 1948 2042 649
f 1881 1882 1990
f 1900 129 130
f 992 995 994
f 923 927 925
f 3878 2045 2047
f 1643 2048 625
f 2050 2052 2051
f 2045 1405 1404
f 3876 2047 945
f 1139 1080 1079
f 1037 1856 892
f 2055 2053 2057
f 1198 989 718
f 1619 2058 1612
f 2058 1605 1606
f 2059 2060 1607
f 2058 1619 1624
f 71 72 179
f 405 406 1557
f 322 1548 1972
f 2061 2052 2063
f 2066 2065 2067
f 2052 2061 2064
f 1609 1610 2066
f 1515 151 152
f 1009 827 993
f 1644 3843 3815
f 279 1915 1916
f 1285 3863 3862
f 1647 2066 1825
f 2056 2057 2067
f 319 320 1953
f 667 666 1913
f 2070 631 625
f 2052 2050 2055
f 2038 1654 1655
f 1606 1601 2073
f 1235 1917 1270
f 2072 2073 2075
f 2059 1606 2072
f 2074 2075 2077
f 1601 1602 2078
f 2049 2048 1643
f 1000 1004 1001
f 1089 943 684
f 1931 1286 1306
f 1462 1459 1021
f 1932 1933 1934
f 875 874 1846
f 1936 1051 1937
f 44 45 46
f 1534 1955 1956
f 1541 318 317
f 2081 2082 2084
f 146 1945 1959
f 1360 1941 1942
f 985 984 1032
f 1995 1997 1892
f 2079 2080 2082
f 2095 2096 2076
f 2081 2093 2078
f 2055 2050 2054
f 501 2096 2095
f 2097 2100 2099
f 2098 2099 2094
f 2140 2141 3893
f 2141 2046 3894
f 2051 2070 2048
f 592 2102 2101
f 2071 2064 2076
f 2102 2097 2098
f 593 2103 2102
f 1019 1895 746
f 1950 11 12
f 725 2071 2096
f 1385 2105 2104
f 1379 2104 2106
f 2107 2108 2100
f 3908 726 502
f 3896 502 499
f 940 1389 2109
f 928 929 1170
f 3868 590 684
f 1962 1963 1964
f 3878 680 573
f 2039 1993 1968
f 1389 1390 2110
f 1398 2111 2113
f 3757 3755 3753
f 3911 3883 2107
f 949 923 924
f 260 241 324
f 1390 1397 2113
f 2070 2051 2064
f 3867 3911 2103
f 2105 1385 1421
f 2114 1421 1423
f 3892 2114 2115
f 3908 2105 2114
f 554 2116 1902
f 972 1163 967
f 1765 1593 1573
f 1984 1985 1986
f 2053 2117 2069
f 3573 3556 724
f 1625 1677 1674
f 3881 3888 2119
f 3903 2115 2123
f 56 1954 1906
f 626 3877 3879
f 2001 2002 2003
f 3912 3841 2127
f 2006 2007 2008
f 2127 1413 1412
f 2014 2015 2016
f 2018 2019 2020
f 1495 1424 1947
f 1379 1377 1386
f 3814 3811 1680
f 2029 1885 1884
f 3902 2128 2120
f 629 3879 3914
f 682 683 943
f 724 1650 2121
f 1757 1819 3821
f 765 1810 3844
f 3851 714 715
f 706 707 3870
f 981 986 987
f 1457 1868 1656
f 2017 2016 2032
f 1458 1655 1868
f 1776 1777 1792
f 1959 1945 1946
f 3663 3715 3725
f 3913 3881 2122
f 1093 1089 689
f 966 965 968
f 3852 715 3881
f 2172 3577 2170
f 670 2138 2137
f 3761 787 1903
f 1429 19 28
f 964 963 978
f 3841 3813 1413
f 1473 1474 669
f 3834 3833 1359
f 2138 798 1870
f 1872 1473 2137
f 715 716 3888
f 1881 1991 1992
f 3843 3842 739
f 1837 1847 3513
f 253 58 59
f 1808 3837 3840
f 1647 3832 3818
f 3865 3866 671
f 2112 3882 3883
f 1405 2045 2044
f 3829 3824 1364
f 273 1541 391
f 576 632 3520
f 3875 3865 668
f 1430 1431 2140
f 2136 3850 3860
f 1430 2139 18
f 3893 3894 570
f 1442 1439 2046
f 1431 1442 2141
f 3869 3913 3850
f 3808 3823 1817
f 3866 3893 695
f 2142 2025 798
f 571 2143 2142
f 3819 3814 1618
f 2143 2022 2025
f 694 2142 2138
f 681 1572 2144
f 2144 2011 2022
f 328 210 457
f 1572 2010 2011
f 630 3892 3903
f 2085 2086 2087
f 2090 2091 2092
f 572 2144 2143
f 1875 1976 2153
f 1873 1875 2149
f 2103 2107 2097
f 2157 2043 2155
f 2128 1412 1414
f 3874 3871 589
f 3872 3870 628
f 2149 2153 2158
f 2159 2158 3905
f 698 3907 3902
f 3823 3847 3827
f 2158 2156 3874
f 1438 2044 2046
f 2035 2154 2160
f 2161 2160 3889
f 3871 3891 605
f 3873 17 18
f 370 29 61
f 649 1951 413
f 2153 2157 2156
f 1428 1429 1449
f 1490 76 73
f 3890 3905 710
f 2155 1891 3891
f 1456 1457 1880
f 2125 2088 2087
f 2160 2159 3890
f 300 1959 505
f 1064 1062 1046
f 2043 1892 1891
f 2129 2130 2004
f 2131 2132 2133
f 3848 3849 1450
f 1998 1975 804
f 3879 673 3864
f 474 492 490
f 1164 1165 1182
f 707 2162 3909
f 708 1472 2162
f 2162 2161 3886
f 548 549 1905
f 1145 1136 1114
f 705 2121 1650
f 2043 2157 1977
f 737 738 554
f 1034 1195 1191
f 458 1905 1907
f 195 196 232
f 2040 2039 1969
f 2145 2146 2147
f 2054 2050 2049
f 3832 1646 1639
f 9 12 11
f 252 364 506
f 472 478 479
f 1865 3924 3791
f 900 903 910
f 1941 2150 2151
f 1921 1928 1927
f 2163 1897 1898
f 271 156 153
f 1904 1326 12
f 282 263 264
f 1872 1873 2154
f 1326 1904 1897
f 628 692 693
f 1724 1722 1719
f 1549 1562 436
f 1582 1583 1730
f 1921 1920 1929
f 3563 3511 10
f 475 772 774
f 769 2172 2171
f 2171 2165 476
f 476 773 772
f 1791 565 464
f 2166 2167 2168
f 595 371 372
f 483 1809 1641
f 762 2174 2173
f 771 483 484
f 486 487 1809
f 297 1549 1517
f 763 2175 2174
f 776 755 759
f 184 185 2176
f 412 447 303
f 2005 2176 185
f 3811 1681 1682
f 2164 2170 756
f 1472 2035 2161
f 950 951 964
f 2177 2178 2179
f 227 226 1510
f 2182 2183 2184
f 2186 2019 2018
f 1985 2182 2181
f 214 736 729
f 865 849 842
f 849 865 1357
f 559 3187 3188
f 16 13 737
f 560 553 498
f 3193 3196 3195
f 3200 3197 3198
f 3211 3214 3213
f 3215 3218 3217
f 2187 2188 2002
f 2169 2168 2189
f 2192 2086 2085
f 2193 2194 2195
f 2198 2199 2200
f 1998 1982 1979
f 3664 3665 3668
f 2116 1898 1903
f 1859 2006 2009
f 3904 2123 2126
f 1135 1148 1087
f 2201 2202 2015
f 1149 111 110
f 3221 3222 3218
f 2203 2204 2205
f 579 580 1895
f 1755 2207 2208
f 3891 3910 1893
f 1211 2151 2150
f 868 997 2210
f 944 945 930
f 2130 2129 2202
f 233 1903 1898
f 665 751 750
f 1167 1254 999
f 2211 2212 2213
f 2215 2216 2217
f 3867 593 590
f 2220 221 220
f 823 824 948
f 3225 3220 3227
f 266 204 455
f 3882 2108 2107
f 2221 2222 3519
f 2223 2224 2225
f 2207 2125 2124
f 673 674 3869
f 817 1000 996
f 2227 2228 2146
f 1947 1948 646
f 3900 2135 17
f 2229 1635 1638
f 1679 1613 1618
f 1637 2231 2232
f 2233 2234 1617
f 2231 2235 2236
f 1381 1638 2238
f 3586 2241 2242
f 1630 2234 2233
f 1681 1626 472
f 1408 1407 2243
f 3236 3239 3238
f 3232 3241 3240
f 1637 2230 2238
f 3237 3238 3233
f 1409 1408 1634
f 1380 1383 2247
f 1628 2248 2245
f 2249 1623 1622
f 1632 1634 1408
f 2248 1628 1631
f 2235 2231 1637
f 3245 3246 3199
f 631 2070 2071
f 515 167 52
f 782 781 2251
f 2253 2254 2255
f 397 281 459
f 1456 2039 2040
f 2040 2041 2036
f 1401 2112 2111
f 2041 2040 1970
f 1535 121 414
f 1586 1587 2080
f 2256 983 1132
f 1700 1699 3918
f 3815 1896 1686
f 1263 2256 1886
f 598 1841 844
f 2257 2258 2259
f 2258 2261 2262
f 2259 2262 2263
f 2260 2259 2216
f 1967 1971 1970
f 2212 1964 1963
f 922 921 2218
f 1312 1098 1101
f 1307 1306 1286
f 1548 1569 1546
f 2266 2267 2268
f 2265 2268 2270
f 2272 2265 2269
f 2273 2266 2265
f 2275 2276 2277
f 2278 2274 2277
f 2284 2285 3617
f 2287 2283 2286
f 2288 2289 2283
f 2290 2284 3639
f 2291 2292 2293
f 2295 2291 2294
f 2296 2297 2291
f 2297 2298 2292
f 2294 2293 2299
f 2279 2294 2300
f 2298 2301 2302
f 2292 2302 2303
f 2293 2303 2304
f 2304 2305 2306
f 2308 2309 2310
f 2302 2307 2310
f 2301 2311 2307
f 2312 2308 2307
f 2313 2314 2315
f 2318 2319 2320
f 3748 3771 2322
f 2324 2325 2273
f 2313 2324 2326
f 2328 2324 2313
f 2329 2325 2324
f 2331 2332 2333
f 2330 2333 2267
f 2325 2330 2266
f 2329 2331 2330
f 2333 2334 2335
f 2336 2334 2333
f 2338 2336 2332
f 2331 2339 2337
f 2329 2340 2339
f 2328 2341 2340
f 2316 2342 2341
f 2342 2316 2315
f 2344 2345 2346
f 2341 2344 2347
f 2342 2348 2344
f 2348 2349 2345
f 2350 2351 2352
f 2339 2350 2353
f 2340 2347 2350
f 2347 2346 2351
f 2337 2353 2354
f 2353 2352 2355
f 2356 2277 2276
f 2356 2357 2358
f 2356 2359 2296
f 2279 2277 2356
f 2360 2361 2270
f 2267 2335 2360
f 2362 2363 2364
f 2362 2365 2361
f 2366 2362 2358
f 2366 2367 2363
f 2357 2276 2368
f 2366 2368 2369
f 2276 2275 2370
f 2368 2370 2282
f 2372 2373 2374
f 2375 2376 2377
f 2378 2379 2380
f 2382 2378 2381
f 2384 2385 2378
f 2385 2386 2379
f 2388 2389 2390
f 2387 2390 2392
f 2393 2394 2387
f 2394 2395 2388
f 2186 2401 2402
f 2403 2404 2327
f 2272 2403 2326
f 2271 2405 2403
f 2405 2406 2404
f 2404 2407 2408
f 2409 2410 2411
f 2409 2412 2271
f 2413 2409 2269
f 2413 2414 2410
f 2417 2415 2416
f 2417 2418 2406
f 2412 2417 2405
f 2411 2415 2417
f 2406 2419 2407
f 3569 3520 632
f 2420 2398 2397
f 2420 2421 2423
f 2424 2420 2422
f 2424 2399 2398
f 2425 2391 2392
f 2421 2425 2426
f 2397 2396 2425
f 2396 2393 2391
f 2427 2314 2408
f 2430 2427 2428
f 2343 2315 2427
f 2432 2343 2430
f 2431 2430 2429
f 2435 2431 2433
f 2436 2432 2431
f 2428 2408 2407
f 2422 2437 2407
f 2438 2437 2422
f 2429 2428 2437
f 2440 2434 2433
f 2441 2439 2433
f 2442 2443 2439
f 2443 2444 2440
f 2445 2446 2444
f 2447 2445 2443
f 2383 2381 2445
f 2381 2380 2446
f 2448 2438 2423
f 2449 2448 2426
f 2441 2448 2449
f 2441 2429 2438
f 2449 2392 2390
f 2450 2390 2389
f 2447 2450 2451
f 2442 2449 2450
f 2451 2389 2453
f 2452 2453 2455
f 2382 2452 2454
f 2383 2451 2452
f 2456 2457 2373
f 2459 2460 2461
f 2463 2464 2465
f 2462 2465 2285
f 2466 2462 2284
f 2467 2463 2462
f 2461 2460 3703
f 2468 2469 2470
f 2472 2468 2471
f 2474 2461 3701
f 2475 2476 2477
f 2458 2455 2453
f 2479 2453 2389
f 2395 2480 2479
f 2480 2459 2458
f 2481 2482 2483
f 2484 113 2485
f 2471 2470 2464
f 2473 2471 2463
f 2487 2467 2466
f 2486 2466 2290
f 2490 2486 2488
f 2491 2487 2486
f 2492 2473 2467
f 2493 2492 2487
f 2494 2495 2492
f 2495 2472 2473
f 3690 2496 2474
f 3691 2497 2496
f 2498 2494 2493
f 2500 2498 2499
f 3700 3687 2498
f 3687 3691 2494
f 2306 2504 2278
f 2305 2505 2504
f 2504 2505 2507
f 2506 2507 2288
f 2274 2506 2508
f 2278 2504 2506
f 3633 3632 2489
f 3620 3633 2488
f 2507 2509 2289
f 2505 2510 2509
f 2508 2288 2287
f 2511 2287 2281
f 2370 2511 2280
f 2275 2508 2511
f 2512 2490 2489
f 2514 2512 2513
f 2517 2512 2514
f 2517 2491 2490
f 2499 2493 2491
f 2499 2517 2516
f 2510 2505 2519
f 2518 2519 2521
f 3616 2518 2520
f 3632 2510 2518
f 2522 2304 2303
f 2523 2522 2310
f 2305 2304 2522
f 2524 2522 2523
f 2519 2524 2525
f 2505 2305 2524
f 2308 2312 2527
f 2526 2527 2529
f 2531 2526 2528
f 2309 2308 2526
f 1214 2532 2151
f 2419 2406 2418
f 2533 2345 2349
f 2534 2533 2317
f 2535 2536 2533
f 2536 2346 2345
f 2537 2351 2346
f 2538 2537 2536
f 2539 2540 2537
f 2540 2352 2351
f 2312 2355 2541
f 2527 2541 2542
f 2543 2435 2434
f 2545 2543 2544
f 2319 2318 2543
f 2318 2436 2435
f 2514 2515 2548
f 2547 2548 2550
f 2552 2547 2549
f 2552 2516 2514
f 2520 2521 2554
f 2553 2554 2556
f 3590 2553 2555
f 3621 2520 2553
f 2523 2309 2531
f 2557 2531 2530
f 2525 2523 2557
f 2559 2557 2558
f 2554 2559 2560
f 2521 2525 2559
f 2561 2375 2007
f 2376 2562 2225
f 2564 2565 2566
f 2563 2566 338
f 2569 2563 2567
f 2570 2564 2563
f 2572 2573 2574
f 2571 2574 2576
f 2544 2571 2575
f 2544 2434 2572
f 2578 2570 2569
f 2579 2577 2569
f 2574 2577 2579
f 2573 2578 2577
f 2581 2582 2583
f 2584 2580 2583
f 3697 3675 2580
f 3676 2581 2580
f 2582 2516 2552
f 2583 2552 2551
f 2500 2501 2589
f 2590 2588 2589
f 3693 3695 2588
f 3695 3700 2500
f 2501 2516 2591
f 2592 2593 2594
f 2386 2385 2503
f 2596 2379 2386
f 2596 2374 2373
f 2599 2596 2597
f 2599 2380 2379
f 2600 2446 2380
f 2600 2599 2598
f 2603 2600 2601
f 2603 2444 2446
f 2604 2603 2602
f 2440 2604 2605
f 2444 2603 2604
f 2606 2582 2581
f 2606 2607 2590
f 2591 2516 2582
f 3676 2587 2456
f 3689 2456 2372
f 2478 2477 2608
f 2609 2610 2611
f 2564 2570 2613
f 2612 2613 2598
f 2457 2612 2597
f 2565 2564 2612
f 2614 2613 2570
f 2615 2614 2578
f 2602 2601 2614
f 2601 2598 2613
f 2572 2434 2605
f 2616 2605 2602
f 2573 2572 2616
f 1459 1016 1045
f 1265 1215 1079
f 1612 1608 1609
f 2067 2057 2069
f 1135 1109 1136
f 1938 1937 2618
f 95 548 458
f 2058 1607 1608
f 1454 1469 1445
f 655 2620 1048
f 722 1049 2621
f 1131 985 1033
f 562 1481 366
f 1723 1719 1725
f 1786 1123 1122
f 267 300 323
f 1325 2034 1654
f 1468 1165 1435
f 658 657 529
f 8 532 247
f 382 1557 1559
f 788 619 1307
f 940 930 929
f 911 2622 2623
f 2621 2620 655
f 2624 1857 2625
f 998 1846 27
f 635 638 2626
f 2627 641 644
f 2628 2627 1840
f 1200 1199 2627
f 1199 1773 641
f 1520 515 49
f 1452 1350 1349
f 2630 2631 1859
f 644 643 1335
f 1197 1198 717
f 2632 717 719
f 2628 2632 1166
f 2629 1197 2632
f 1762 2633 1050
f 1823 870 873
f 2634 2635 794
f 1042 794 2635
f 93 94 1901
f 2036 2038 1458
f 1527 332 1525
f 877 876 1274
f 134 409 797
f 1328 893 931
f 607 777 1091
f 1043 2635 2637
f 2636 2637 2639
f 1275 2636 2638
f 1275 1040 1043
f 1272 2624 2626
f 2640 2626 638
f 1110 2641 2640
f 536 1272 2640
f 1472 708 1474
f 2042 2030 1951
f 1058 1106 1105
f 2642 2623 2643
f 1192 2642 2644
f 912 2623 2642
f 3898 1657 3526
f 1049 1048 2620
f 616 1829 1885
f 1331 1913 666
f 990 989 1198
f 1911 1912 321
f 1298 1282 1205
f 76 1490 1504
f 1502 1500 421
f 610 609 658
f 1146 937 659
f 2646 911 914
f 1280 1239 1238
f 1453 1454 1452
f 835 942 1843
f 1271 1270 1173
f 1893 1878 1826
f 1050 2633 1937
f 2651 2652 814
f 1006 1053 1281
f 2653 1084 2654
f 1001 1004 1003
f 585 997 679
f 2624 1272 621
f 555 678 2028
f 1207 526 1197
f 1626 1627 478
f 426 389 419
f 1030 1193 1773
f 3898 645 634
f 534 1533 138
f 1125 1092 1042
f 333 228 88
f 569 1570 561
f 1489 2656 871
f 1857 2624 620
f 1673 1674 3770
f 622 861 864
f 619 788 891
f 261 544 545
f 393 1555 1556
f 2658 2659 2647
f 1075 2658 2657
f 1081 1080 2658
f 1080 1139 2659
f 2644 2643 1141
f 2660 1141 1140
f 642 2660 1336
f 1193 2644 2660
f 679 678 555
f 1503 1501 1500
f 1318 1317 1101
f 2661 2659 1139
f 2661 1142 2663
f 2662 2647 2659
f 2662 2663 2622
f 2664 2622 911
f 2648 2664 2646
f 2648 2647 2662
f 2083 2094 2093
f 1442 1440 1437
f 519 329 330
f 1885 2029 1209
f 799 800 805
f 1946 1943 1952
f 1302 1301 1253
f 566 2005 224
f 1389 940 928
f 683 682 681
f 836 835 1842
f 2665 1842 1845
f 2666 2665 1303
f 24 836 2665
f 831 1072 2650
f 1845 1844 1304
f 2010 2013 2012
f 1051 1936 2667
f 1522 1521 1511
f 531 440 441
f 1250 635 2625
f 2669 2625 1857
f 783 2669 1856
f 782 1250 2669
f 720 2670 2671
f 1055 1931 1930
f 1333 1067 1251
f 619 622 1308
f 652 655 2619
f 521 522 1539
f 1838 988 537
f 2672 537 536
f 1113 2672 2641
f 1113 527 1838
f 1016 1013 1351
f 3897 573 570
f 226 227 104
f 3564 3669 3827
f 1036 1037 1884
f 2674 1301 1304
f 2673 1304 1844
f 1334 2673 2675
f 1333 2674 2673
f 2676 702 1039
f 1843 2676 2675
f 942 1074 2676
f 1074 699 702
f 752 1057 1055
f 1200 1166 656
f 1120 1846 874
f 2677 874 877
f 1241 2677 1052
f 1119 1120 2677
f 1560 1513 151
f 1208 1316 611
f 215 735 736
f 1460 1459 1462
f 1208 1207 1839
f 854 856 1282
f 72 445 182
f 544 1563 1565
f 217 200 456
f 2047 1404 930
f 1204 2618 1937
f 913 777 686
f 840 527 1113
f 1531 729 730
f 2678 778 1283
f 601 667 1914
f 1537 1538 459
f 1819 1757 3509
f 991 1860 862
f 2679 711 1073
f 2680 1830 983
f 779 2680 2256
f 778 2678 2680
f 2678 2679 1830
f 180 542 245
f 1886 1132 1131
f 1138 1137 1274
f 1841 598 1140
f 75 313 314
f 193 423 420
f 2681 2682 1099
f 170 1567 1565
f 349 416 417
f 1121 1124 2684
f 547 797 409
f 123 122 121
f 2643 2663 1142
f 1542 1544 513
f 899 900 907
f 1210 677 676
f 791 663 982
f 24 27 837
f 893 896 932
f 1860 1320 863
f 535 538 862
f 1569 1548 1547
f 181 455 542
f 660 659 937
f 2013 567 568
f 887 890 2631
f 1524 1508 361
f 520 161 162
f 2653 855 854
f 1238 1237 2655
f 718 1838 527
f 1492 1493 518
f 792 616 615
f 599 846 1835
f 290 457 456
f 312 171 1552
f 1248 2687 1179
f 153 149 177
f 1240 1181 1222
f 1257 1292 1235
f 1291 1084 1083
f 1052 877 1277
f 743 742 2618
f 444 140 430
f 23 1224 1172
f 2687 2654 1180
f 102 103 409
f 1283 607 610
f 373 497 650
f 1180 2654 1084
f 855 2653 2655
f 1173 1270 1917
f 2689 850 853
f 2688 853 1108
f 2686 2688 1279
f 2687 2689 2688
f 2691 1302 1252
f 2690 1252 850
f 1248 2690 2689
f 1248 1247 2691
f 2692 617 24
f 2691 2692 2666
f 1247 1258 2692
f 1258 1168 617
f 394 1554 1555
f 2693 1260 1259
f 1072 1236 1262
f 1257 1071 1168
f 398 439 1555
f 871 1784 1314
f 1178 1232 1249
f 1224 1289 1173
f 1010 2617 2618
f 1175 1174 1292
f 2654 2687 2686
f 2694 1157 1216
f 71 418 1487
f 701 1112 1111
f 1072 1261 2649
f 1085 2695 22
f 895 2694 1264
f 1601 1606 1605
f 1259 1262 1271
f 21 20 1220
f 988 991 538
f 598 597 1336
f 1050 860 818
f 1298 2645 1761
f 1168 1167 618
f 858 1168 1256
f 39 242 516
f 2652 1761 819
f 313 316 315
f 2026 1970 1971
f 2656 1489 596
f 814 819 818
f 2696 2651 813
f 1260 2696 2649
f 2693 2697 2696
f 2697 1296 2651
f 381 355 390
f 3818 3819 1611
f 1475 1427 1428
f 1292 1174 1917
f 1551 353 354
f 1526 1525 1523
f 1593 1589 1595
f 1232 1269 1246
f 2695 2693 1223
f 2698 1297 1296
f 2698 2697 2693
f 2685 2698 2695
f 2685 854 1297
f 562 1497 271
f 2652 2651 1296
f 1365 1366 1364
f 1958 1946 1953
f 585 588 2210
f 1561 1560 1515
f 975 2648 1146
f 347 67 68
f 1038 1111 636
f 2700 781 780
f 2699 780 1036
f 2701 2699 1883
f 851 2700 2699
f 2674 1333 2251
f 2702 2251 781
f 1253 2702 2700
f 1301 2674 2702
f 1519 387 388
f 1273 1239 1280
f 2703 1280 1107
f 2701 2703 852
f 1829 1273 2703
f 91 260 326
f 1784 871 2656
f 2683 2684 2705
f 1669 3534 3548
f 2062 2063 2060
f 621 535 861
f 2023 731 732
f 686 779 1263
f 857 1051 2668
f 883 830 882
f 637 636 1111
f 2668 894 893
f 2667 921 894
f 1039 1038 1068
f 313 75 1504
f 1911 1972 305
f 1936 2706 1964
f 2707 2402 2401
f 2708 2707 2183
f 738 2163 2116
f 2349 2348 2432
f 2711 2712 2020
f 2400 2711 2019
f 2714 2715 2716
f 2717 2718 2719
f 2721 2722 2723
f 2726 2727 2728
f 2725 2728 2730
f 2731 2725 2729
f 2732 2726 2725
f 2734 2735 2736
f 2738 2739 2740
f 2737 2740 2741
f 2744 2745 2746
f 2745 2744 2748
f 2749 2750 2747
f 2753 2749 2751
f 2250 1380 2246
f 2754 1396 1614
f 3598 2754 2755
f 3608 2745 2747
f 1617 2756 2755
f 2242 2758 1620
f 2191 2085 2760
f 2761 2759 2760
f 3648 2759 2761
f 3623 2191 2759
f 3209 3248 3223
f 1395 1394 2236
f 1395 2235 1636
f 1616 1635 2229
f 1617 2234 2763
f 2756 2763 3628
f 2765 2763 2234
f 2766 2764 3628
f 3202 3199 3246
f 1516 437 435
f 2768 2769 3552
f 1495 541 578
f 2135 2136 28
f 1690 1689 3926
f 2778 2779 2780
f 2777 2780 2781
f 2784 2778 2777
f 3555 3521 575
f 1494 1904 9
f 3529 2016 2015
f 451 61 505
f 2786 2787 2788
f 2779 2786 2785
f 2789 2752 2741
f 2790 2753 2752
f 2792 2793 2794
f 2793 2795 2796
f 2796 2797 2750
f 2794 2796 2749
f 2798 1393 1396
f 3591 2798 2754
f 2798 2799 2800
f 3591 3662 2799
f 2797 2796 2795
f 2791 2794 2753
f 216 233 232
f 3804 2806 2807
f 3805 2809 2804
f 2769 2810 3557
f 183 185 184
f 2811 2812 2775
f 2804 2811 2776
f 2809 2813 2811
f 2812 2811 2813
f 3805 2808 2816
f 3796 2818 2815
f 3798 3800 2820
f 3793 2823 2819
f 2824 2736 2735
f 2823 2825 2824
f 2825 2823 2826
f 3793 2822 2827
f 3796 2817 2826
f 2713 2716 2829
f 2828 2829 2831
f 2822 2821 2828
f 2821 2820 2713
f 2832 2827 2822
f 2833 2832 2830
f 2834 2835 2832
f 2835 2818 2827
f 2837 2838 2839
f 2836 2839 2841
f 2842 2836 2840
f 2843 2837 2836
f 2840 2841 2845
f 2718 2844 2845
f 2730 2728 2844
f 2727 2840 2844
f 2846 2845 2841
f 2829 2846 2847
f 2847 2841 2839
f 2848 2839 2838
f 2833 2848 2849
f 2831 2847 2848
f 2850 2814 2851
f 2853 2850 2852
f 2783 2777 2782
f 2785 2788 2853
f 2780 2785 2856
f 2857 2858 2855
f 2859 2857 2782
f 2861 2843 2842
f 2860 2842 2727
f 2862 2860 2726
f 2863 2861 2860
f 2861 2863 2858
f 2843 2861 2857
f 2856 2853 2854
f 2781 2856 2864
f 2837 2843 2859
f 2838 2837 2864
f 2852 2851 2834
f 2854 2852 2849
f 2865 2815 2818
f 2851 2865 2835
f 2813 2809 2815
f 2814 2813 2865
f 2866 2812 2814
f 2788 2866 2850
f 2866 2788 2787
f 2812 2866 2867
f 1892 1889 1890
f 2720 2719 2846
f 298 299 256
f 2872 2714 2713
f 3794 3800 2735
f 2729 2730 2874
f 2846 2716 2715
f 2876 2877 2878
f 2733 2875 2878
f 3806 3807 2879
f 3806 2880 2872
f 2882 2883 2884
f 2881 2884 2715
f 2880 2881 2714
f 2879 2882 2881
f 2885 2886 2887
f 2888 2889 2890
f 2885 2890 2892
f 2893 2886 2885
f 1942 2151 2532
f 2895 2892 2720
f 2884 2895 2870
f 2883 2896 2895
f 2896 2891 2892
f 2889 2874 2717
f 2890 2717 2720
f 2897 2893 2891
f 2898 2897 2896
f 2899 2898 2883
f 2900 2899 2882
f 3797 2900 2879
f 2876 2902 2901
f 2901 2902 2904
f 1785 2656 1835
f 2905 2906 2899
f 2907 2908 2897
f 3797 2901 2903
f 632 576 577
f 3532 3547 2867
f 434 385 550
f 2768 2770 3640
f 2910 2911 1623
f 2241 2912 2758
f 3640 2770 2913
f 1623 2911 2757
f 3587 2242 2757
f 2229 1381 1380
f 2765 1630 1629
f 2915 2914 1629
f 3642 3641 2914
f 3641 3622 2765
f 2919 2916 3642
f 2918 2915 2912
f 3614 2918 2241
f 3618 2919 3613
f 3541 2177 2180
f 3521 2002 2188
f 3705 3573 714
f 2925 2766 2917
f 2924 2917 2916
f 3610 2924 2919
f 3611 2925 2924
f 2926 2927 2766
f 3658 2926 2925
f 1715 1713 1705
f 785 497 498
f 1387 651 565
f 374 375 1899
f 3573 2203 2206
f 2929 2930 2886
f 2932 2933 2934
f 1905 1906 1908
f 2930 2935 2936
f 2938 2935 2930
f 1493 369 517
f 1603 1585 1586
f 2939 2938 2929
f 2940 2939 2908
f 3665 1707 1600
f 2886 2930 2937
f 2906 2907 2898
f 2908 2929 2893
f 2942 2934 2933
f 2941 2933 2937
f 3501 2941 2936
f 3498 2942 2941
f 2943 2944 2710
f 2943 2873 2874
f 2945 2943 2889
f 2946 2944 2943
f 2932 2945 2888
f 2931 2946 2945
f 727 1928 1929
f 2903 2904 2947
f 545 594 42
f 1480 1570 533
f 2907 2906 2949
f 2906 2905 2950
f 1558 452 215
f 3799 2903 2948
f 2054 1645 1644
f 3705 3684 2203
f 1828 1837 1849
f 2953 2954 2955
f 2952 2955 2957
f 2956 2261 2258
f 2953 2952 2258
f 2454 2455 2474
f 3747 2958 2959
f 3747 2132 2131
f 2961 2962 2963
f 2958 2963 2964
f 222 221 2485
f 2477 2226 2966
f 2631 2561 2006
f 2384 2454 2496
f 2967 2968 2959
f 2968 2967 2970
f 3759 2033 2971
f 3784 2971 2960
f 2972 2971 2033
f 2007 2377 2973
f 1836 1833 1832
f 3506 2188 2090
f 955 810 959
f 672 675 674
f 633 710 713
f 2024 732 733
f 2025 2024 803
f 425 1552 1550
f 2975 2976 888
f 1319 1158 1157
f 1212 1935 2977
f 889 957 2228
f 1978 1974 1975
f 1138 1078 1329
f 751 665 2979
f 1619 1613 1625
f 2252 2255 1728
f 1157 1160 845
f 2706 1936 1938
f 2980 2255 2254
f 2982 2975 887
f 802 712 711
f 678 677 2029
f 527 840 690
f 1839 1207 2629
f 2983 2984 602
f 2983 1914 1913
f 2985 2983 1331
f 2986 2984 2983
f 2987 2637 2635
f 2985 2988 2639
f 2990 1319 1318
f 2991 2992 2993
f 2995 2991 2994
f 1106 1058 2991
f 1058 1057 2992
f 1415 1406 1365
f 1317 922 2217
f 1932 1728 2255
f 926 2998 2999
f 3001 2993 2992
f 3000 2992 1057
f 2999 3000 2978
f 2998 3001 3000
f 3002 2998 2209
f 3002 3003 2996
f 2993 3001 3002
f 1103 1106 2995
f 3004 2995 2996
f 2209 2210 3004
f 588 1103 3004
f 295 296 433
f 2638 2639 2988
f 3005 2988 1056
f 1305 3005 1930
f 1276 2638 3005
f 1987 1968 1993
f 2633 1762 1761
f 1423 1422 1417
f 3561 3517 739
f 2671 2670 2704
f 1473 1872 2035
f 922 1317 2694
f 1401 1400 1378
f 556 2028 1884
f 842 848 3825
f 1854 2706 2617
f 933 1082 1081
f 1440 1441 1436
f 529 657 719
f 1031 1025 1027
f 777 913 912
f 2645 1205 1204
f 441 438 1538
f 790 1287 587
f 2065 2066 1610
f 1860 991 990
f 60 106 87
f 1424 1017 1948
f 332 1527 1507
f 261 262 138
f 187 188 449
f 1719 1720 1726
f 1931 1055 1059
f 3006 1059 1105
f 1287 3006 1104
f 1286 1931 3006
f 3007 3008 3009
f 3009 3008 653
f 618 999 26
f 2029 677 1210
f 957 601 600
f 1049 2146 2228
f 2631 890 3011
f 890 889 2227
f 3011 2227 2145
f 2561 3011 3012
f 1026 656 609
f 2706 1854 1961
f 3013 2965 2485
f 2148 2147 1267
f 3015 1267 1266
f 2997 2264 1101
f 642 641 1773
f 186 477 461
f 1041 1040 1320
f 1121 3016 3017
f 2984 2986 2987
f 3018 2987 2634
f 1048 603 3018
f 603 602 2984
f 2679 2678 801
f 2062 2072 2074
f 2061 2074 2076
f 414 303 1545
f 3016 1121 2683
f 3019 2683 2704
f 3020 3019 2670
f 3007 3016 3019
f 1871 1090 1091
f 3021 1787 1122
f 3022 3021 3017
f 1314 3021 3022
f 1784 1787 3021
f 1316 1315 1763
f 3023 3022 3010
f 3023 3009 795
f 1763 3023 1092
f 1315 3022 3023
f 3016 3007 3010
f 752 751 2978
f 2986 2639 2637
f 3024 654 653
f 3020 3024 3008
f 720 723 3024
f 723 2621 654
f 2681 1098 1268
f 2671 3025 1268
f 2705 2681 3025
f 1313 3026 3027
f 3026 3028 3029
f 3027 3029 3030
f 1311 3027 3031
f 2012 568 731
f 917 2657 974
f 743 1206 856
f 1888 2027 2030
f 2682 2705 2684
f 3032 2684 1124
f 1100 3032 2989
f 1099 2682 3032
f 1123 2990 2989
f 3033 1834 1159
f 2990 3033 1158
f 1123 1786 3033
f 1786 1785 1834
f 1054 1056 2988
f 2979 665 664
f 2623 2622 2663
f 1095 660 688
f 3034 3035 2261
f 3036 3034 2956
f 3037 3038 3034
f 3038 3039 3035
f 3040 3041 3026
f 2263 3042 3041
f 3042 3039 3043
f 3041 3043 3028
f 3044 3045 3043
f 3046 3047 3045
f 3047 3048 3049
f 3043 3045 3049
f 3038 3037 3051
f 3050 3051 3053
f 3052 3046 3044
f 3039 3038 3050
f 3054 3035 3039
f 3042 2263 2262
f 2261 3035 3054
f 2216 2263 2997
f 2212 2211 2667
f 3056 868 2209
f 934 3057 1961
f 2013 3755 3757
f 3058 3059 3060
f 3059 3062 3063
f 3060 3063 2213
f 3061 3060 1963
f 3063 3064 2214
f 3062 3065 3064
f 3065 2257 2260
f 3064 2260 2215
f 3066 3067 3031
f 2608 2966 3067
f 2966 2562 3068
f 3031 3067 3068
f 2455 2458 2461
f 2476 2223 2226
f 3551 2090 2089
f 433 354 355
f 2115 1423 1419
f 3509 2868 2922
f 3769 3737 2131
f 3069 2611 2167
f 2971 2972 2928
f 2961 2774 2773
f 3070 2475 2478
f 2610 2609 3071
f 2502 2371 2374
f 3072 2592 2595
f 2964 3046 3052
f 3048 2593 3074
f 2593 2592 3075
f 3075 3030 3029
f 3074 3029 3028
f 3072 3076 3075
f 3076 3072 2482
f 2481 2608 3066
f 3076 3066 3030
f 2967 3052 3053
f 2482 3072 3073
f 479 480 493
f 706 3900 3873
f 3561 2194 2221
f 2013 2010 3754
f 3533 2032 2016
f 3562 3519 2222
f 1171 1154 1155
f 2586 2566 2565
f 2982 110 113
f 2562 2376 3077
f 2376 2375 3012
f 3012 2145 2148
f 3077 2148 3015
f 2963 3047 3046
f 3051 3078 2970
f 1683 2173 491
f 3850 2122 1447
f 1986 2181 3734
f 3079 3080 2546
f 3081 3079 2575
f 1983 1986 3768
f 3082 2323 2319
f 3080 3082 2545
f 3734 3732 3082
f 3732 3748 2323
f 1309 1471 1888
f 3073 2595 2772
f 2760 3083 3084
f 2760 2085 2088
f 3085 3084 3086
f 3089 3085 3090
f 3089 2762 3084
f 3092 3088 3090
f 3093 2748 2744
f 2751 2747 2748
f 3093 2741 2752
f 2742 2741 3093
f 3094 3093 2743
f 3096 3097 3098
f 3099 3096 3087
f 3097 3094 3095
f 3100 2743 2746
f 3101 2927 3102
f 2764 2766 2927
f 2745 2764 3101
f 3102 3092 3091
f 3100 3091 3095
f 2869 2802 3592
f 3102 3103 3104
f 3658 2868 2869
f 2927 2926 3103
f 3098 3095 3091
f 3087 3098 3090
f 2088 2125 3105
f 3083 3105 3086
f 2483 3073 2771
f 2401 2186 2185
f 3099 3086 3105
f 2125 2207 3106
f 3108 2737 2742
f 3107 2742 3094
f 3110 3108 3107
f 3109 3107 3097
f 3111 3109 3096
f 3112 3110 3109
f 3113 2738 2737
f 3115 2723 2722
f 3117 3115 3114
f 3119 3117 3116
f 3118 3116 3120
f 3116 3114 3113
f 3122 3112 3111
f 3122 3123 1755
f 3124 3125 3126
f 3125 3118 3121
f 3128 3119 3118
f 3129 3128 3125
f 2020 2712 3128
f 3853 3857 1346
f 1065 1046 1047
f 1814 3838 3830
f 2021 2020 3129
f 3111 3099 3106
f 3123 3106 2207
f 2377 2225 2224
f 3014 2485 113
f 1756 2208 3782
f 3131 3132 2530
f 3133 3131 2528
f 1753 1756 3767
f 3134 3124 3127
f 2327 2408 2314
f 2436 2318 2317
f 2018 2021 3711
f 2534 3136 3137
f 2320 2322 3136
f 2185 2018 3712
f 3138 3139 2542
f 3134 3135 3744
f 3785 3130 3134
f 3140 3138 2539
f 2535 3137 3140
f 3711 2021 3130
f 2558 2530 3132
f 3782 3760 3141
f 2560 2558 3141
f 3760 3777 3142
f 958 888 2976
f 1933 1932 2980
f 2399 2424 2418
f 2348 2342 2343
f 2322 2320 2319
f 2718 2717 2874
f 2709 2729 2873
f 2894 2871 1361
f 346 289 176
f 1876 1877 1882
f 2802 2803 3607
f 3104 3144 3088
f 2974 2222 3649
f 3089 3145 2761
f 3088 3144 3145
f 2803 2974 3603
f 3870 3909 692
f 2123 1419 1418
f 1365 1363 1368
f 1581 1766 1782
f 3569 2202 2129
f 3555 2003 2002
f 3146 2585 2551
f 3751 3146 3147
f 3742 3149 3146
f 3149 2584 2585
f 3196 3198 3197
f 3604 2192 2191
f 3142 3150 2556
f 3777 3778 3150
f 3646 3152 2550
f 3150 3151 2555
f 3778 3780 3151
f 3788 3781 3152
f 3153 3147 2551
f 3152 3153 2549
f 3781 3776 3153
f 3776 3750 3147
f 3148 2767 2206
f 2183 2401 2321
f 2132 2960 2928
f 3684 3685 2204
f 3719 2198 2197
f 2594 2962 2773
f 2595 2594 2951
f 1870 798 799
f 3713 2179 2178
f 3706 2178 3736
f 336 3154 3774
f 339 3155 3154
f 3789 3683 3149
f 3683 3697 2584
f 2963 2962 3048
f 3722 3730 337
f 339 338 2566
f 3156 3157 2168
f 2610 3156 2167
f 2954 2953 3156
f 3157 3156 2953
f 3707 2166 2169
f 2567 3158 3159
f 337 3158 2567
f 3730 3069 2166
f 3764 2190 1983
f 2579 3160 3081
f 2568 3159 3160
f 3709 2169 2190
f 3065 3062 3162
f 3161 3162 1984
f 3157 3161 2189
f 2257 3065 3161
f 734 735 1922
f 3059 3058 2708
f 3163 2708 2182
f 3162 3163 1985
f 3062 3059 3163
f 3203 3206 3205
f 2122 2119 1448
f 3817 1686 1685
f 139 140 444
f 1570 569 566
f 2957 3164 3165
f 2955 3166 3164
f 1912 454 341
f 3130 3129 3124
f 1548 322 319
f 1949 1950 1327
f 2969 2970 3078
f 3167 3078 3169
f 3724 2014 2017
f 3720 2017 2033
f 3168 3169 3165
f 3170 3165 3164
f 3779 3170 3171
f 3724 3168 3170
f 3171 3164 3166
f 3172 3166 3071
f 3752 3172 3173
f 3756 3171 3172
f 3169 3037 3036
f 2593 3048 2962
f 3173 3071 2609
f 3174 2609 2199
f 3783 3174 2198
f 3749 3173 3174
f 2190 2189 1984
f 2196 2195 2767
f 2119 2120 1414
f 1464 1463 1466
f 2199 2611 3069
f 2457 2456 2587
f 2226 2225 2562
f 481 478 1627
f 333 1512 235
f 3078 3051 3037
f 3040 2264 2997
f 2219 1934 1933
f 2385 2384 2497
f 221 2220 3175
f 2220 1933 3143
f 3175 3143 2976
f 2484 3175 2975
f 2954 3071 3166
f 2630 1858 110
f 1547 319 1952
f 2091 2090 2188
f 3733 3736 2178
f 1918 1919 1927
f 955 956 960
f 2037 3014 112
f 3143 2980 2981
f 2218 2211 2214
f 672 3877 3787
f 2152 3013 3014
f 1147 1144 1143
f 2248 2246 1409
f 1615 1636 1635
f 1410 1409 2246
f 3241 3243 3242
f 1382 3176 3177
f 3177 1410 2247
f 2247 1383 3177
f 3176 2238 2230
f 1410 3177 3179
f 3179 3180 2243
f 1633 3181 2800
f 1621 1620 2758
f 1622 1621 2245
f 2236 1394 3181
f 2237 2236 3182
f 2250 1631 2233
f 2912 1629 1628
f 135 136 1564
f 1567 419 512
f 1085 1084 2653
f 3184 869 868
f 869 3184 3057
f 1266 1268 1098
f 1267 2147 722
f 937 1146 2646
f 2146 1049 722
f 2211 2218 921
f 1957 510 507
f 1313 1312 2264
f 1496 362 1493
f 2887 2937 2933
f 1687 1688 1659
f 145 1499 1498
f 37 38 418
f 1935 1934 3185
f 104 89 301
f 2101 2098 2083
f 543 298 360
f 1934 2219 3186
f 234 1521 212
f 3845 3821 1822
f 1976 1875 1874
f 223 3186 2219
f 3655 3656 3605
f 2165 2164 467
f 467 468 2165
f 773 476 2165
f 1935 1212 1728
f 3240 3225 3226
f 3261 3249 3250
f 3215 3216 3244
f 3265 3221 3215
f 3267 3245 3198
f 3205 3206 3269
f 3214 3211 3265
f 3271 3213 3214
f 3251 3252 3239
f 3222 3221 3266
f 3232 3235 3234
f 3216 3242 3243
f 3196 3193 3268
f 3244 3243 3254
f 3238 3239 3247
f 3264 3244 3255
f 3253 3242 3216
f 3211 3266 3221
f 3257 3217 3218
f 3258 3222 3272
f 3274 3275 3280
f 3228 3229 3262
f 3275 3231 3281
f 3226 3227 3273
f 3236 3263 3260
f 3281 3263 3236
f 3287 3271 3192
f 3235 3226 3280
f 3234 3280 3281
f 3288 3290 3259
f 3289 3212 3278
f 3210 3209 3224
f 3199 3202 3201
f 3228 3231 3230
f 3290 3288 3285
f 3282 3279 3271
f 3260 3263 3262
f 3243 3241 3268
f 3267 3268 3241
f 3194 3207 3208
f 3191 3270 3269
f 3270 3191 3192
f 3275 3274 3230
f 3264 3269 3270
f 3213 3271 3279
f 3272 3266 3289
f 3277 3278 3212
f 3228 3263 3281
f 3220 3225 3253
f 3219 3253 3217
f 3256 3218 3222
f 3247 3239 3252
f 3245 3267 3232
f 3266 3211 3212
f 3208 3205 3255
f 3288 3289 3284
f 3204 3205 3208
f 560 1899 3187
f 3209 3210 3201
f 3189 3192 3191
f 448 1980 807
f 647 648 122
f 1833 1848 1780
f 510 509 508
f 3210 1949 1887
f 1887 15 3200
f 15 16 3197
f 16 3188 3195
f 3195 3188 3187
f 3194 3187 1899
f 3207 1899 375
f 387 173 126
f 3189 1791 1760
f 3577 763 757
f 763 3577 2172
f 3583 3582 3580
f 3581 3580 3579
f 3594 3597 3596
f 3400 3601 3602
f 3626 3624 3625
f 3631 3635 3599
f 3636 3637 3595
f 3647 3584 3588
f 3650 3582 3584
f 3653 3579 3580
f 3653 2176 3654
f 1801 1864 3656
f 3651 3580 3582
f 3644 3638 3595
f 1767 1768 3659
f 1597 3663 3661
f 1708 1707 3665
f 3671 3668 3667
f 3666 3667 3673
f 1588 1708 3664
f 2080 3671 3666
f 2082 3666 3672
f 3674 3677 3635
f 3677 3678 3636
f 3682 3647 3645
f 3692 3651 3650
f 3681 3645 3644
f 786 3694 3692
f 3694 3653 3651
f 785 3692 3686
f 497 3686 3682
f 650 3682 3681
f 3696 564 3681
f 3405 3606 3605
f 3702 3699 3678
f 3699 3698 3679
f 3645 3588 3638
f 1799 3657 3659
f 3708 3704 3458
f 3462 3710 3708
f 3714 463 564
f 3615 3606 3602
f 3710 3714 3696
f 3635 3636 3596
f 3629 3626 3627
f 3597 3600 3599
f 3630 3716 3715
f 3627 3625 3597
f 3717 3716 3723
f 3715 3663 3660
f 3716 3717 3725
f 3668 3665 3661
f 3668 3725 3717
f 3667 3717 3718
f 3727 3728 3673
f 3728 1576 3672
f 3726 3727 3718
f 1576 2101 2084
f 3727 3726 3731
f 3203 376 1387
f 3190 1387 1791
f 317 240 259
f 2000 2176 3653
f 3601 3599 3600
f 3589 3588 3584
f 3577 758 756
f 3585 3584 3582
f 3678 3679 3637
f 3204 375 376
f 1801 3655 3657
f 3729 3735 3728
f 1575 3735 3738
f 3735 1575 1576
f 1776 1795 1796
f 1293 1294 1290
f 1326 14 1327
f 1294 1245 1234
f 878 1244 1330
f 497 373 374
f 122 648 413
f 3699 3702 3704
f 3606 3405 3401
f 3708 3710 3698
f 3464 3714 3710
f 3704 3674 3443
f 439 398 399
f 1512 1528 1526
f 1668 1741 1738
f 839 849 1362
f 1362 1357 826
f 3843 740 1896
f 2053 2054 2118
f 3888 3887 2120
f 696 697 3816
f 1826 1878 639
f 3740 3739 3729
f 956 885 886
f 1980 806 1922
f 33 34 105
f 1343 1344 3856
f 3907 2127 2128
f 1766 1581 1582
f 14 1326 2163
f 595 98 99
f 3233 3238 3246
f 1346 1035 1044
f 748 1888 1425
f 3193 3208 3254
f 3190 3191 3206
f 3612 3605 3606
f 3624 3612 3615
f 3631 3415 3443
f 3679 3680 3644
f 3686 3650 3647
f 3702 3677 3674
f 3625 3615 3600
f 3601 3400 3415
f 3739 3738 3735
f 3630 3627 3594
f 3741 3723 3716
f 1284 1290 1288
f 3698 3696 3680
f 1778 1781 1780
f 1792 1759 1584
f 695 570 571
f 3638 3741 3594
f 3741 3638 3588
f 3247 3248 3209
f 3292 3293 3294
f 3296 3297 3298
f 3299 3298 3300
f 3302 3303 3304
f 3306 3307 3308
f 3307 3310 3311
f 3303 3302 3301
f 3312 3305 3304
f 3314 3315 3316
f 3318 3319 3320
f 3324 3318 3321
f 3326 3327 3328
f 3329 3330 3331
f 3333 3334 3335
f 3337 3338 3339
f 3333 3336 3341
f 3342 3341 3343
f 3319 3345 3344
f 3338 3335 3334
f 3346 3301 3302
f 3305 3348 3347
f 3350 3337 3340
f 3312 3349 3348
f 3352 3343 3341
f 3311 3353 3354
f 3341 3336 3327
f 3359 3360 3361
f 3318 3363 3345
f 3364 3363 3318
f 3314 3364 3324
f 3366 3299 3301
f 3299 3366 3367
f 3308 3354 3368
f 3369 3317 3295
f 3317 3369 3364
f 3370 3295 3317
f 3325 3371 3365
f 3352 3320 3319
f 3296 3367 3353
f 3297 3296 3311
f 3363 3368 3354
f 3345 3354 3353
f 3344 3353 3367
f 3366 3333 3342
f 3347 3339 3334
f 3339 3347 3348
f 3348 3349 3351
f 3363 3364 3369
f 3294 3309 3368
f 3293 3306 3309
f 3331 3373 3374
f 3346 3334 3333
f 3323 3322 3352
f 3356 3355 3321
f 3355 3357 3325
f 3357 3358 3371
f 3322 3356 3320
f 3361 3330 3329
f 3373 3372 3375
f 3374 3375 3376
f 3329 3332 3376
f 3327 3375 3372
f 3336 3335 3375
f 3335 3338 3376
f 3376 3338 3337
f 3337 3350 3359
f 3359 3350 3276
f 3377 3292 3295
f 3277 3316 3315
f 3371 3378 3379
f 3378 3371 3358
f 3365 3379 3315
f 3316 3277 3279
f 3282 3377 3370
f 3378 3285 3284
f 3380 3286 3285
f 3379 3284 3278
f 3276 3350 3351
f 3291 3351 3349
f 3313 3304 2965
f 2965 3304 3303
f 222 3303 3300
f 223 3300 3298
f 3298 3297 3185
f 3297 3310 2977
f 3310 3307 1213
f 3307 3306 1214
f 2532 1214 3306
f 2894 2532 3293
f 2871 2894 3292
f 3253 3225 3240
f 1997 1996 1889
f 1237 745 744
f 1535 1534 120
f 1531 1532 201
f 1119 1241 1032
f 946 948 824
f 163 8 5
f 3589 3726 3723
f 1155 1156 1162
f 427 213 327
f 553 1902 796
f 3381 2232 2231
f 3381 3178 2230
f 2237 3183 3180
f 3383 3384 3385
f 3384 3386 3387
f 3386 3388 3389
f 3388 3390 3391
f 3392 3393 3394
f 3395 3394 3396
f 3398 3399 3397
f 3400 3401 3399
f 3403 3404 3405
f 3406 3407 3404
f 3408 3409 3407
f 3410 3411 3409
f 3412 3413 3411
f 3415 3400 3398
f 3414 3398 3396
f 3416 3396 3394
f 3417 3394 3393
f 3393 3419 3420
f 3419 3390 3421
f 3390 3388 3422
f 3388 3386 3423
f 3386 3384 3424
f 3384 3383 3425
f 3425 3383 3426
f 2904 3427 3428
f 3429 3427 2904
f 3430 3429 2902
f 2875 3431 3430
f 3432 3433 2733
f 2825 3434 3435
f 3437 3438 3439
f 3441 3437 3436
f 2724 2723 3434
f 3436 3439 3115
f 3440 3436 3117
f 3443 3415 3414
f 3442 3414 3416
f 3444 3416 3417
f 3445 3417 3418
f 3446 3418 3420
f 3420 3421 3448
f 3421 3422 3449
f 3422 3423 3450
f 3423 3424 3451
f 3424 3425 3452
f 3425 3184 3056
f 3451 3452 2253
f 3450 3451 2252
f 3449 3450 1727
f 3448 3449 2150
f 3453 3447 3448
f 3454 3446 3447
f 3455 3445 3446
f 3456 3444 3445
f 3442 3444 3456
f 3443 3442 3457
f 3459 3460 3458
f 3457 3456 3455
f 3459 3455 3454
f 3462 3460 3459
f 3461 3454 3453
f 3464 3462 3461
f 3463 3453 1941
f 3404 3399 3401
f 3407 3397 3399
f 3409 3395 3397
f 3411 3392 3395
f 3465 3466 3413
f 3467 3468 3469
f 3465 3412 3431
f 3470 3467 3466
f 3438 3470 3432
f 3467 3470 3438
f 3468 3467 3437
f 3471 3469 3468
f 3472 3468 3441
f 3473 3441 3440
f 2712 3440 3119
f 3475 3471 3472
f 3474 3472 3473
f 3476 3473 2712
f 3477 3476 2711
f 3478 3474 3476
f 3479 3475 3474
f 3392 3411 3413
f 3466 3469 3480
f 3419 3393 3392
f 3390 3419 3480
f 3469 3471 3391
f 3389 3391 3471
f 3387 3389 3475
f 3385 3387 3479
f 3482 3477 2400
f 3483 3478 3477
f 3481 3479 3478
f 3484 3482 2402
f 3058 3484 2707
f 3061 3485 3484
f 3485 3483 3482
f 3382 3385 3481
f 3486 3481 3483
f 3426 3383 3382
f 3487 3382 3486
f 3486 3485 3061
f 1961 3057 3487
f 3057 3184 3426
f 3428 3403 3402
f 3427 3406 3403
f 3429 3408 3406
f 3430 3410 3408
f 3431 3412 3410
f 3470 3465 3433
f 3434 3439 3438
f 2723 3115 3439
f 2875 2733 3433
f 2736 2824 3435
f 2947 3428 3488
f 3464 3463 1360
f 1900 1925 1924
f 1736 1717 1718
f 1955 1952 1943
f 1671 1738 1735
f 1696 1750 1698
f 1800 1865 1864
f 2063 2055 2056
f 1737 1734 1717
f 1751 1735 1697
f 943 3885 3899
f 3656 3488 3402
f 1577 1578 1764
f 3917 1598 1599
f 1945 146 82
f 68 6 7
f 147 1542 1543
f 1109 1135 1133
f 1503 1910 1907
f 1499 1501 1909
f 452 1922 735
f 1824 2068 3835
f 1825 2067 2068
f 1463 1462 1022
f 841 1012 1009
f 1568 1547 1955
f 1910 1503 1502
f 1939 1502 422
f 309 280 1940
f 1804 1851 1866
f 269 1482 1954
f 2065 1607 2060
f 3812 1685 1758
f 280 276 552
f 1875 1873 1869
f 1739 1721 1734
f 1778 1779 1790
f 310 1920 1915
f 1909 1908 1906
f 1789 1783 1778
f 978 981 980
f 1584 1759 1731
f 425 426 311
f 148 1543 115
f 2044 3897 3894
f 277 1910 1939
f 1943 1946 1945
f 1461 1462 1463
f 2253 3452 3056
f 2981 2254 3489
f 2209 2998 3489
f 2254 2253 3055
f 2998 926 958
f 2826 2817 2721
f 3490 2739 2721
f 2816 3491 3490
f 2334 2297 2296
f 2298 2297 2334
f 2301 2298 2336
f 2311 2301 2338
f 2312 2311 2354
f 2359 2358 2361
f 2335 2296 2359
f 2414 2413 2365
f 2413 2270 2361
f 2355 2352 2540
f 2541 2540 2539
f 2722 2721 2739
f 3114 2722 2738
f 3110 3112 3121
f 3108 3110 3120
f 3122 1754 3127
f 3112 3122 3126
f 3127 1754 1753
f 3139 3133 2529
f 3744 3775 3133
f 3490 2789 2740
f 3491 2790 2789
f 228 229 91
f 245 244 243
f 248 7 247
f 2 297 296
f 145 146 300
f 327 213 210
f 329 332 331
f 239 241 240
f 373 376 375
f 178 177 176
f 1218 1225 1228
f 3862 1231 1295
f 808 809 824
f 3858 3859 1013
f 3813 3810 1411
f 2154 2149 2159
f 3845 3835 1758
f 306 807 1922
f 2157 2153 1976
f 708 709 2031
f 1450 1226 1227
f 1672 1604 1605
f 1813 1814 1821
f 1717 1716 1715
f 176 159 402
f 1710 1705 3916
f 1712 1580 1577
f 1705 1713 1711
f 971 978 979
f 822 823 1094
f 2909 2810 2793
f 2810 2769 2795
f 2799 2910 2249
f 3662 3643 2910
f 2769 2768 2801
f 3177 3176 3178
f 3178 3381 3180
f 3181 1394 1393
f 3181 1633 1632
f 3182 1632 2244
f 3183 2244 2243
f 3492 2791 2790
f 2808 3492 3491
f 2239 3574 3572
f 2202 3569 3566
f 2921 3564 3565
f 3568 3560 2133
f 1777 1579 1759
f 1201 1196 1183
f 3561 3554 2195
f 3553 3576 2770
f 3927 3925 1687
f 1516 152 154
f 3549 3562 2974
f 3550 3548 2779
f 3070 2771 3546
f 3547 3544 2775
f 1376 1375 1370
f 2767 3543 3556
f 2195 3554 3543
f 2775 3544 3542
f 3377 3282 3545
f 3804 3802 3539
f 2776 3542 3538
f 2240 3572 3535
f 2920 3535 3669
f 3548 3534 2786
f 1805 1850 1851
f 3534 3532 2787
f 2772 2951 3531
f 2973 2224 3530
f 1957 1953 320
f 306 305 304
f 2770 3576 3528
f 2913 3528 3574
f 2923 3565 3527
f 308 1940 431
f 207 208 132
f 1879 1876 1881
f 3733 3787 3525
f 2476 2475 3524
f 2223 2476 3523
f 3522 3549 2803
f 1959 1958 450
f 2003 3555 3520
f 9 10 334
f 2009 2008 3518
f 3877 672 673
f 3515 3550 2778
f 2935 3514 3513
f 111 1149 3570
f 3510 3514 2935
f 683 3876 3885
f 3508 3557 2810
f 736 733 732
f 1795 1804 1803
f 3505 3510 2938
f 3507 3505 2939
f 2950 3512 3504
f 2940 2949 3504
f 3801 3791 3512
f 2868 3509 3502
f 2869 3502 3522
f 1024 1034 1023
f 3500 3503 2948
f 551 1939 442
f 2972 3499 3568
f 2032 3533 3499
f 216 93 1924
f 203 202 201
f 1828 1848 1847
f 1958 1957 449
f 272 271 178
f 2871 3545 3495
f 3619 3669 3564
f 2801 2768 3643
f 2005 3758 3654
f 960 886 899
f 3657 3655 3612
f 3780 3788 3646
f 3151 3646 3593
f 2193 3604 3623
f 3607 3603 3145
f 3603 3649 2761
f 3592 3607 3144
f 2926 3658 3634
f 3634 3592 3104
f 3755 3754 3746
f 566 567 3758
f 3488 3656 1864
f 1602 1586 2079
f 2868 3658 3611
f 2922 3611 3610
f 2923 3610 3618
f 3670 3613 2918
f 3619 3670 3614
f 2921 3618 3670
f 2920 3614 3586
f 3613 3642 2915
f 2917 2766 3622
f 2916 2917 3641
f 2239 3587 3652
f 2911 3640 3652
f 3643 3640 2911
f 2797 2801 3662
f 2797 3591 3598
f 3622 3628 2763
f 3608 3628 2764
f 2194 3623 3648
f 2221 3648 3649
f 2756 3608 3609
f 2750 3598 3609
f 3669 3535 1817
f 3763 3770 1691
f 2515 3621 3590
f 2548 3590 3593
f 2513 2489 3632
f 2513 3616 3621
f 2509 3633 3620
f 2510 3632 3633
f 2289 3620 3639
f 2283 3639 3617
f 2240 3586 3587
f 3659 3657 3624
f 716 2121 3887
f 727 1999 3761
f 2165 2171 2170
f 3660 3659 3626
f 3743 3581 3578
f 2175 2172 769
f 2100 500 2095
f 3758 567 3757
f 1653 3576 3553
f 1653 1810 3528
f 3762 1603 1604
f 2093 2075 2073
f 959 996 995
f 962 899 919
f 1400 1401 1398
f 1000 817 1127
f 956 959 884
f 1662 3548 3550
f 3926 1689 3539
f 3535 3572 766
f 3572 3574 765
f 1684 1651 1652
f 1682 1683 775
f 1585 1603 3762
f 3763 3762 1672
f 2173 2174 490
f 1658 3544 3547
f 3556 3543 1650
f 1571 3754 2010
f 1587 3664 3671
f 2099 2095 2077
f 787 3761 1999
f 2000 3694 786
f 3155 339 3697
f 3713 3155 3683
f 2180 2179 3685
f 3496 2180 3684
f 1684 3846 3840
f 1760 464 3495
f 2607 3689 3693
f 2581 3676 3689
f 2371 2502 3700
f 2371 3695 3693
f 2587 3676 3675
f 2586 3675 3697
f 2497 3691 3687
f 2502 2503 3687
f 2494 3691 3690
f 3690 3688 2472
f 3688 3701 2468
f 3701 3703 2469
f 726 3908 3892
f 1837 3514 3510
f 1851 3507 3504
f 3527 3565 1820
f 1758 1685 3522
f 1693 3557 3508
f 3504 3512 1867
f 2126 1418 3813
f 3906 2126 3841
f 2113 3911 3867
f 2179 3713 3789
f 624 3903 3904
f 2192 3604 3788
f 2177 3541 3787
f 1364 3824 3833
f 3858 3855 1470
f 3135 1753 3775
f 2069 3812 3835
f 1351 3861 3853
f 2108 3882 3901
f 2089 2092 3736
f 3828 3834 1358
f 2001 3749 3783
f 2187 3783 3719
f 2130 3756 3752
f 2004 3752 3749
f 2014 3724 3779
f 2201 3779 3756
f 3167 3720 3759
f 3168 3724 3720
f 3159 3709 3764
f 3160 3764 3765
f 3730 3707 3158
f 3158 3707 3709
f 2200 3069 3730
f 3685 3789 3742
f 3722 3774 2197
f 3790 3736 2092
f 3774 3790 3721
f 3154 3706 3790
f 3155 3713 3706
f 2091 3719 3721
f 2196 3148 3750
f 2193 2196 3776
f 3604 2193 3781
f 2086 2192 3780
f 2087 2086 3778
f 2204 3742 3751
f 2205 3751 3750
f 3909 3886 574
f 2124 2087 3777
f 2208 2124 3760
f 3711 3785 3140
f 3785 3745 3138
f 3745 3744 3139
f 3771 3712 3136
f 3712 3711 3137
f 3775 3767 3131
f 3767 3782 3132
f 1813 3839 3838
f 1293 3854 3856
f 2184 2321 3748
f 2181 2184 3732
f 3765 3768 3079
f 3768 3734 3080
f 709 3873 3875
f 2774 2961 3737
f 3809 3808 766
f 2968 3784 3766
f 2969 3759 3784
f 2958 3747 3737
f 2132 3747 3766
f 2321 2185 3771
f 3860 3848 1449
f 3905 3874 582
f 3886 3889 577
f 3847 3826 1818
f 705 3902 3887
f 3816 3912 3907
f 2111 3883 3911
f 3810 3829 1366
f 1812 3839 3822
f 675 3851 3852
f 3496 3705 3851
f 2110 3867 3868
f 2104 3896 3901
f 2109 3868 3899
f 3842 3831 703
f 1680 3811 3846
f 1639 1627 3819
f 623 3904 3906
f 2139 2140 3866
f 1808 1640 3844
f 3820 3821 1819
f 3872 3914 3900
f 1646 3832 3830
f 3889 3890 633
f 2139 3865 3875
f 2156 2155 3871
f 674 3852 3913
f 2117 3817 3812
f 1815 3822 3847
f 3855 3849 1444
f 697 3906 3912
f 866 842 3836
f 3864 3869 2136
f 3585 3731 3726
f 3583 3740 3731
f 3753 3746 3738
f 3740 3583 3581
f 1088 3738 3746
f 3739 3740 3743
f 2791 3492 3493
f 3492 2808 2807
f 2792 3493 3494
f 3493 2807 2806
f 3508 2909 3494
f 3516 3494 2806
f 2948 3503 3791
f 2105 3908 3896
f 3538 3802 3804
f 680 3878 3876
f 1891 1890 3910
f 2905 3799 3801
f 2900 3797 3799
f 2901 3797 3807
f 2734 2878 3806
f 2877 3807 3806
f 2820 3800 3794
f 2818 3796 3792
f 2823 3793 3792
f 2822 3793 3798
f 2819 2735 3800
f 2817 3796 3795
f 2809 3805 3795
f 2808 3805 3803
f 2805 3804 3803
f 1702 3921 3923
f 3922 3920 1797
f 3915 3916 1706
f 3918 3927 1692
f 1657 3898 3880
f 1890 1877 3895
f 3772 3770 1674
f 1689 1690 3772
f 3926 3802 3538
f 3516 3539 1689
f 3917 3923 1703
f 1598 3917 3928
f 3880 3884 1876
f 1691 1690 3925
f 3925 3926 1688
f 3934 3933 3937
f 3934 3938 3939
f 3932 3936 3937
f 3938 3942 3943
f 3937 3936 3940
f 3937 3941 3942
f 3942 3946 3947
f 3941 3940 3944
f 3942 3941 3945
f 3947 3946 3950
f 3944 3948 3949
f 3945 3949 3950
f 3950 3954 3955
f 3949 3948 3952
f 3950 3949 3953
f 3955 3954 3958
f 3953 3952 3956
f 3953 3957 3958
f 3959 3958 3962
f 3957 3956 3960
f 3958 3957 3961
f 3962 3966 3967
f 3960 3964 3965
f 3961 3965 3966
f 3966 3970 3971
f 3965 3964 3968
f 3966 3965 3969
f 3970 3974 3975
f 3968 3972 3973
f 3969 3973 3974
f 3974 3978 3979
f 3973 3972 3976
f 3974 3973 3977
f 3979 3978 3982
f 3976 3980 3981
f 3977 3981 3982
f 3982 3986 3987
f 3981 3980 3984
f 3982 3981 3985
f 3987 3986 3990
f 3984 3988 3989
f 3985 3989 3990
f 3991 3990 3994
f 3989 3988 3992
f 3990 3989 3993
f 3995 3994 3998
f 3992 3996 3997
f 3993 3997 3998
f 3998 4002 4003
f 3997 3996 4000
f 3998 3997 4001
f 4002 4006 4007
f 4000 4004 4005
f 4001 4005 4006
f 4006 4010 4011
f 4005 4004 4008
f 4006 4005 4009
f 4011 4010 4014
f 4008 4012 4013
f 4009 4013 4014
f 4014 4018 4019
f 4013 4012 4016
f 4014 4013 4017
f 4019 4018 4022
f 4016 4020 4021
f 4017 4021 4022
f 4023 4022 4026
f 4021 4020 4024
f 4022 4021 4025
f 4027 4026 4030
f 4024 4028 4029
f 4025 4029 4030
f 4031 4030 4034
f 4029 4028 4032
f 4030 4029 4033
f 4034 4038 4039
f 4032 4036 4037
f 4033 4037 4038
f 4038 4042 4043
f 4037 4036 4040
f 4038 4037 4041
f 4043 4042 4046
f 4040 4044 4045
f 4041 4045 4046
f 4046 4050 4051
f 4045 4044 4048
f 4046 4045 4049
f 4051 4050 4055
f 4048 4053 4054
f 4049 4054 4055
f 4056 4055 4059
f 4053 4057 4058
f 4055 4054 4058
f 4060 4059 3934
f 4058 4057 3932
f 4058 3933 3934
f 4069 4068 4081
f 4065 4064 4077
f 4063 4062 4075
f 4071 4084 4085
f 4069 4082 4083
f 4067 4080 4081
f 4066 4065 4078
f 4063 4076 4077
f 4061 4074 4075
f 4072 4085 4086
f 4071 4070 4083
f 4076 4089 4090
f 4074 4087 4088
f 4086 4085 4098
f 4083 4096 4097
f 4082 4081 4094
f 4078 4077 4090
f 4076 4075 4088
f 4085 4084 4097
f 4082 4095 4096
f 4080 4093 4094
f 4089 4102 4103
f 4088 4087 4100
f 4098 4111 4112
f 4096 4109 4110
f 4095 4094 4107
f 4090 4103 4104
f 4089 4088 4101
f 4097 4110 4111
f 4095 4108 4109
f 4094 4093 4106
f 4092 4091 4104
f 4103 4102 4115
f 4100 4113 4114
f 4112 4111 4124
f 4110 4109 4122
f 4107 4120 4121
f 4103 4116 4117
f 4101 4114 4115
f 4110 4123 4124
f 4109 4108 4121
f 4107 4106 4119
f 4105 4104 4117
f 4115 4128 4129
f 4114 4113 4126
f 4124 4137 4138
f 4123 4122 4135
f 4120 4133 4134
f 4117 4116 4129
f 4114 4127 4128
f 4124 4123 4136
f 4122 4121 4134
f 4119 4132 4133
f 4117 4130 4131
f 4129 4128 4141
f 4126 4139 4140
f 4138 4137 4150
f 4136 4135 4148
f 4133 4146 4147
f 4130 4129 4142
f 4127 4140 4141
f 4137 4136 4149
f 4135 4134 4147
f 4132 4145 4146
f 4131 4130 4143
f 4142 4141 4154
f 4140 4139 4152
f 4150 4162 4163
f 4149 4148 4160
f 4146 4158 4159
f 4142 4155 4156
f 4140 4153 4154
f 4149 4161 4162
f 4148 4147 4159
f 4146 4145 4157
f 4144 4143 4156
f 4155 4154 4166
f 4153 4152 4164
f 4162 4175 4176
f 4160 4173 4174
f 4158 4171 4172
f 4155 4167 4168
f 4153 4165 4166
f 4162 4161 4174
f 4160 4159 4172
f 4158 4157 4170
f 4156 4168 4169
f 4166 4179 4180
f 4164 4177 4178
f 4175 4188 4189
f 4174 4173 4186
f 4172 4171 4184
f 4168 4167 4180
f 4166 4165 4178
f 4174 4187 4188
f 4172 4185 4186
f 4170 4183 4184
f 4169 4168 4181
f 4179 4192 4193
f 4177 4190 4191
f 4189 4188 4201
f 4186 4199 4200
f 4185 4184 4197
f 4181 4180 4193
f 4179 4178 4191
f 4188 4187 4200
f 4185 4198 4199
f 4183 4196 4197
f 4182 4181 4194
f 4192 4205 4206
f 4191 4190 4203
f 4201 4214 4215
f 4199 4212 4213
f 4198 4197 4210
f 4195 4208 4209
f 4193 4206 4207
f 4192 4191 4204
f 4200 4213 4214
f 4198 4211 4212
f 4197 4196 4209
f 4206 4205 4218
f 4203 4216 4217
f 4215 4214 4227
f 4212 4225 4226
f 4210 4223 4224
f 4208 4221 4222
f 4206 4219 4220
f 4204 4217 4218
f 4213 4226 4227
f 4212 4211 4224
f 4210 4209 4222
f 4218 4231 4232
f 4217 4216 4229
f 4227 4240 4241
f 4225 4238 4239
f 4224 4223 4236
f 4220 4219 4232
f 4217 4230 4231
f 4227 4226 4239
f 4225 4224 4237
f 4222 4235 4236
f 4220 4233 4234
f 4232 4231 4244
f 4229 4242 4243
f 4241 4240 4253
f 4239 4238 4251
f 4236 4249 4250
f 4233 4232 4245
f 4230 4243 4244
f 4240 4239 4252
f 4238 4237 4250
f 4235 4248 4249
f 4234 4233 4246
f 4245 4244 4257
f 4243 4242 4255
f 4253 4266 4267
f 4252 4251 4264
f 4249 4262 4263
f 4245 4258 4259
f 4243 4256 4257
f 4252 4265 4266
f 4251 4250 4263
f 4249 4248 4261
f 4258 4257 4270
f 4256 4255 4268
f 4266 4279 4280
f 4264 4277 4278
f 4262 4275 4276
f 4258 4271 4272
f 4256 4269 4270
f 4265 4278 4279
f 4264 4263 4276
f 4262 4261 4274
f 4259 4272 4273
f 4270 4283 4284
f 4268 4281 4282
f 4280 4279 4292
f 4278 4277 4290
f 4276 4275 4288
f 4272 4271 4284
f 4270 4269 4282
f 4279 4278 4291
f 4276 4289 4290
f 4274 4287 4288
f 4273 4272 4285
f 4283 4296 4297
f 4281 4294 4295
f 4293 4292 4305
f 4290 4303 4304
f 4289 4288 4301
f 4285 4284 4297
f 4283 4282 4295
f 4292 4291 4304
f 4289 4302 4303
f 4287 4300 4301
f 4296 4309 4310
f 4295 4294 4307
f 4305 4318 4319
f 4303 4316 4317
f 4302 4301 4314
f 4297 4310 4311
f 4296 4295 4308
f 4304 4317 4318
f 4303 4302 4315
f 4301 4300 4313
f 4299 4298 4311
f 4309 4322 4323
f 4307 4320 4321
f 4319 4318 4331
f 4317 4316 4329
f 4315 4314 4327
f 4312 4325 4326
f 4310 4323 4324
f 4309 4308 4321
f 4317 4330 4331
f 4315 4328 4329
f 4314 4313 4326
f 4322 4335 4336
f 4321 4320 4333
f 4331 4344 4345
f 4329 4342 4343
f 4328 4327 4340
f 4324 4323 4336
f 4321 4334 4335
f 4331 4330 4343
f 4329 4328 4341
f 4326 4339 4340
f 4324 4337 4338
f 4336 4335 4349
f 4333 4347 4348
f 4345 4344 4358
f 4343 4342 4356
f 4340 4354 4355
f 4337 4336 4350
f 4334 4348 4349
f 4344 4343 4357
f 4342 4341 4355
f 4339 4353 4354
f 4337 4351 4352
f 4350 4349 4362
f 4348 4347 4360
f 4358 4371 4372
f 4357 4356 4369
f 4354 4367 4368
f 4350 4363 4364
f 4348 4361 4362
f 4357 4370 4371
f 4356 4355 4368
f 4354 4353 4366
f 4363 4362 4375
f 4361 4360 4373
f 4372 4371 4384
f 4369 4382 4383
f 4367 4380 4381
f 4366 4365 4378
f 4363 4376 4377
f 4361 4374 4375
f 4371 4370 4383
f 4369 4368 4381
f 4367 4366 4379
f 4375 4388 4389
f 4373 4386 4387
f 4384 4397 4398
f 4383 4382 4395
f 4381 4380 4393
f 4377 4376 4389
f 4375 4374 4387
f 4383 4396 4397
f 4381 4394 4395
f 4379 4392 4393
f 4388 4401 4402
f 4386 4399 4400
f 4398 4397 4410
f 4395 4408 4409
f 4394 4393 4406
f 4390 4389 4402
f 4388 4387 4400
f 4397 4396 4409
f 4394 4407 4408
f 4392 4405 4406
f 4390 4403 4404
f 4401 4414 4415
f 4400 4399 4412
f 4410 4423 4424
f 4408 4421 4422
f 4407 4406 4419
f 4402 4415 4416
f 4401 4400 4413
f 4409 4422 4423
f 4407 4420 4421
f 4406 4405 4418
f 4415 4414 4427
f 4412 4425 4426
f 4424 4423 4436
f 4422 4421 4434
f 4420 4419 4432
f 4415 4428 4429
f 4414 4413 4426
f 4422 4435 4436
f 4420 4433 4434
f 4419 4418 4431
f 4427 4440 4441
f 4425 4438 4439
f 4436 4449 4450
f 4434 4447 4448
f 4433 4432 4445
f 4429 4428 4441
f 4426 4439 4440
f 4436 4435 4448
f 4434 4433 4446
f 4431 4444 4445
f 4429 4442 4443
f 4441 4440 4453
f 4438 4451 4452
f 4450 4449 4462
f 4448 4447 4460
f 4445 4458 4459
f 4442 4441 4454
f 4439 4452 4453
f 4449 4448 4461
f 4446 4459 4460
f 4444 4457 4458
f 4443 4442 4455
f 4454 4453 4466
f 4452 4451 4464
f 4462 4475 4476
f 4461 4460 4473
f 4458 4471 4472
f 4456 4469 4470
f 4454 4467 4468
f 4452 4465 4466
f 4461 4474 4475
f 4460 4459 4472
f 4458 4457 4470
f 4467 4466 4063
f 4465 4464 4061
f 4476 4475 4072
f 4473 4070 4071
f 4471 4068 4069
f 4467 4064 4065
f 4465 4062 4063
f 4475 4474 4071
f 4473 4472 4069
f 4471 4470 4067
f 4468 4065 4066
f 3935 4061 4464
f 4464 4451 4056
f 4451 4438 4051
f 4438 4425 4047
f 4047 4425 4412
f 4043 4412 4399
f 4039 4399 4386
f 4386 4373 4031
f 4031 4373 4360
f 4360 4347 4023
f 4347 4333 4019
f 4333 4320 4015
f 4015 4320 4307
f 4011 4307 4294
f 4007 4294 4281
f 4281 4268 3999
f 3999 4268 4255
f 4255 4242 3991
f 4242 4229 3987
f 4229 4216 3983
f 3983 4216 4203
f 3979 4203 4190
f 3975 4190 4177
f 4177 4164 3967
f 3967 4164 4152
f 4152 4139 3959
f 4139 4126 3955
f 4126 4113 3951
f 3951 4113 4100
f 3947 4100 4087
f 3943 4087 4074
f 4074 4061 3935
f 4479 4478 4482
f 4479 4483 4484
f 4478 4477 4481
f 4483 4487 4488
f 4481 4485 4486
f 4482 4486 4487
f 4487 4491 4492
f 4486 4485 4489
f 4487 4486 4490
f 4492 4491 4495
f 4489 4493 4494
f 4490 4494 4495
f 4495 4499 4500
f 4494 4493 4497
f 4495 4494 4498
f 4500 4499 4503
f 4497 4501 4502
f 4498 4502 4503
f 4504 4503 4507
f 4502 4501 4505
f 4503 4502 4506
f 4508 4507 4511
f 4505 4509 4510
f 4506 4510 4511
f 4512 4511 4515
f 4510 4509 4513
f 4511 4510 4514
f 4515 4519 4520
f 4513 4517 4518
f 4514 4518 4519
f 4519 4523 4524
f 4517 4521 4522
f 4519 4518 4522
f 4524 4523 4527
f 4521 4525 4526
f 4522 4526 4527
f 4527 4531 4532
f 4526 4525 4529
f 4527 4526 4530
f 4532 4531 4535
f 4529 4533 4534
f 4530 4534 4535
f 4536 4535 4539
f 4533 4537 4538
f 4535 4534 4538
f 4540 4539 4543
f 4538 4537 4541
f 4538 4542 4543
f 4543 4547 4548
f 4541 4545 4546
f 4543 4542 4546
f 4547 4551 4552
f 4546 4545 4549
f 4546 4550 4551
f 4551 4555 4556
f 4550 4549 4553
f 4551 4550 4554
f 4556 4555 4559
f 4553 4557 4558
f 4554 4558 4559
f 4559 4563 4564
f 4558 4557 4561
f 4559 4558 4562
f 4564 4563 4567
f 4561 4565 4566
f 4562 4566 4567
f 4568 4567 4571
f 4566 4565 4569
f 4567 4566 4570
f 4571 4575 4576
f 4569 4573 4574
f 4570 4574 4575
f 4575 4579 4580
f 4574 4573 4577
f 4575 4574 4578
f 4579 4583 4584
f 4577 4581 4582
f 4578 4582 4583
f 4583 4587 4588
f 4582 4581 4585
f 4583 4582 4586
f 4588 4587 4591
f 4585 4589 4590
f 4586 4590 4591
f 4591 4595 4596
f 4590 4589 4593
f 4591 4590 4594
f 4596 4595 4600
f 4593 4598 4599
f 4594 4599 4600
f 4601 4600 4604
f 4599 4598 4602
f 4600 4599 4603
f 4605 4604 4479
f 4602 4477 4478
f 4603 4478 4479
f 4614 4613 4626
f 4611 4624 4625
f 4610 4609 4622
f 4608 4607 4620
f 4617 4616 4629
f 4614 4627 4628
f 4612 4625 4626
f 4608 4621 4622
f 4606 4619 4620
f 4618 4617 4630
f 4616 4615 4628
f 4621 4634 4635
f 4619 4632 4633
f 4631 4630 4643
f 4628 4641 4642
f 4627 4626 4639
f 4625 4624 4637
f 4623 4622 4635
f 4621 4620 4633
f 4630 4629 4642
f 4627 4640 4641
f 4625 4638 4639
f 4634 4647 4648
f 4633 4632 4645
f 4643 4656 4657
f 4641 4654 4655
f 4640 4639 4652
f 4635 4648 4649
f 4634 4633 4646
f 4642 4655 4656
f 4641 4640 4653
f 4639 4638 4651
f 4636 4649 4650
f 4647 4660 4661
f 4645 4658 4659
f 4657 4656 4669
f 4655 4654 4667
f 4652 4665 4666
f 4648 4661 4662
f 4647 4646 4659
f 4655 4668 4669
f 4653 4666 4667
f 4652 4651 4664
f 4650 4649 4662
f 4660 4673 4674
f 4659 4658 4671
f 4669 4682 4683
f 4667 4680 4681
f 4666 4665 4678
f 4662 4661 4674
f 4660 4659 4672
f 4669 4668 4681
f 4666 4679 4680
f 4664 4677 4678
f 4674 4673 4686
f 4671 4684 4685
f 4683 4682 4695
f 4681 4680 4693
f 4678 4691 4692
f 4677 4676 4689
f 4675 4674 4687
f 4672 4685 4686
f 4682 4681 4694
f 4680 4679 4692
f 4677 4690 4691
f 4687 4686 4699
f 4685 4684 4697
f 4695 4708 4709
f 4694 4693 4706
f 4691 4704 4705
f 4687 4700 4701
f 4685 4698 4699
f 4694 4707 4708
f 4693 4692 4705
f 4691 4690 4703
f 4688 4701 4702
f 4700 4699 4712
f 4698 4697 4710
f 4709 4708 4721
f 4706 4719 4720
f 4704 4717 4718
f 4700 4713 4714
f 4698 4711 4712
f 4708 4707 4720
f 4706 4705 4718
f 4704 4703 4716
f 4712 4725 4726
f 4710 4723 4724
f 4722 4721 4734
f 4720 4719 4732
f 4718 4717 4730
f 4715 4728 4729
f 4714 4713 4726
f 4712 4711 4724
f 4720 4733 4734
f 4718 4731 4732
f 4716 4729 4730
f 4725 4738 4739
f 4723 4736 4737
f 4735 4734 4747
f 4732 4745 4746
f 4731 4730 4743
f 4727 4726 4739
f 4725 4724 4737
f 4734 4733 4746
f 4731 4744 4745
f 4729 4742 4743
f 4727 4740 4741
f 4738 4751 4752
f 4737 4736 4749
f 4747 4760 4761
f 4745 4758 4759
f 4744 4743 4756
f 4739 4752 4753
f 4738 4737 4750
f 4746 4759 4760
f 4744 4757 4758
f 4743 4742 4755
f 4752 4751 4764
f 4749 4762 4763
f 4761 4760 4773
f 4758 4771 4772
f 4757 4756 4769
f 4754 4767 4768
f 4752 4765 4766
f 4751 4750 4763
f 4759 4772 4773
f 4757 4770 4771
f 4756 4755 4768
f 4764 4777 4778
f 4763 4762 4775
f 4773 4786 4787
f 4771 4784 4785
f 4770 4769 4782
f 4768 4767 4780
f 4766 4765 4778
f 4764 4763 4776
f 4773 4772 4785
f 4770 4783 4784
f 4768 4781 4782
f 4778 4777 4790
f 4775 4788 4789
f 4787 4786 4799
f 4785 4784 4797
f 4782 4795 4796
f 4781 4780 4793
f 4779 4778 4791
f 4776 4789 4790
f 4786 4785 4798
f 4784 4783 4796
f 4781 4794 4795
f 4791 4790 4803
f 4789 4788 4801
f 4799 4812 4813
f 4798 4797 4810
f 4795 4808 4809
f 4794 4793 4806
f 4791 4804 4805
f 4789 4802 4803
f 4798 4811 4812
f 4797 4796 4809
f 4795 4794 4807
f 4804 4803 4816
f 4802 4801 4814
f 4813 4812 4825
f 4810 4823 4824
f 4808 4821 4822
f 4807 4806 4819
f 4804 4817 4818
f 4802 4815 4816
f 4812 4811 4824
f 4810 4809 4822
f 4808 4807 4820
f 4816 4829 4830
f 4814 4827 4828
f 4825 4838 4839
f 4824 4823 4836
f 4822 4821 4834
f 4819 4832 4833
f 4818 4817 4830
f 4816 4815 4828
f 4824 4837 4838
f 4822 4835 4836
f 4820 4833 4834
f 4829 4842 4843
f 4827 4840 4841
f 4839 4838 4851
f 4836 4849 4850
f 4835 4834 4847
f 4831 4830 4843
f 4829 4828 4841
f 4838 4837 4850
f 4835 4848 4849
f 4833 4846 4847
f 4831 4844 4845
f 4842 4855 4856
f 4841 4840 4853
f 4851 4864 4865
f 4849 4862 4863
f 4848 4847 4860
f 4843 4856 4857
f 4842 4841 4854
f 4850 4863 4864
f 4848 4861 4862
f 4847 4846 4859
f 4844 4857 4858
f 4856 4855 4868
f 4854 4853 4866
f 4865 4864 4876
f 4863 4862 4874
f 4861 4860 4872
f 4856 4869 4870
f 4855 4854 4867
f 4863 4875 4876
f 4861 4873 4874
f 4860 4859 4871
f 4858 4857 4870
f 4868 4880 4881
f 4867 4866 4878
f 4876 4889 4890
f 4875 4874 4887
f 4872 4885 4886
f 4870 4869 4881
f 4867 4879 4880
f 4876 4875 4888
f 4874 4873 4886
f 4871 4884 4885
f 4870 4882 4883
f 4881 4880 4894
f 4878 4892 4893
f 4890 4889 4903
f 4888 4887 4901
f 4885 4899 4900
f 4882 4881 4895
f 4879 4893 4894
f 4889 4888 4902
f 4887 4886 4900
f 4884 4898 4899
f 4883 4882 4896
f 4895 4894 4907
f 4893 4892 4905
f 4903 4916 4917
f 4902 4901 4914
f 4899 4912 4913
f 4895 4908 4909
f 4893 4906 4907
f 4902 4915 4916
f 4901 4900 4913
f 4899 4898 4911
f 4897 4896 4909
f 4908 4907 4920
f 4906 4905 4918
f 4917 4916 4929
f 4914 4927 4928
f 4912 4925 4926
f 4908 4921 4922
f 4906 4919 4920
f 4916 4915 4928
f 4914 4913 4926
f 4912 4911 4924
f 4909 4922 4923
f 4920 4933 4934
f 4918 4931 4932
f 4929 4942 4943
f 4928 4927 4940
f 4926 4925 4938
f 4922 4921 4934
f 4920 4919 4932
f 4928 4941 4942
f 4926 4939 4940
f 4924 4937 4938
f 4923 4922 4935
f 4933 4946 4947
f 4931 4944 4945
f 4943 4942 4955
f 4940 4953 4954
f 4939 4938 4951
f 4935 4934 4947
f 4933 4932 4945
f 4942 4941 4954
f 4939 4952 4953
f 4937 4950 4951
f 4946 4959 4960
f 4945 4944 4957
f 4955 4968 4969
f 4953 4966 4967
f 4952 4951 4964
f 4947 4960 4961
f 4946 4945 4958
f 4954 4967 4968
f 4952 4965 4966
f 4951 4950 4963
f 4949 4948 4961
f 4960 4959 4972
f 4957 4970 4971
f 4969 4968 4980
f 4966 4978 4979
f 4964 4976 4977
f 4960 4973 4974
f 4958 4971 4972
f 4967 4979 4980
f 4965 4977 4978
f 4964 4963 4975
f 4973 4972 4984
f 4971 4970 4982
f 4980 4993 4994
f 4978 4991 4992
f 4976 4989 4990
f 4974 4973 4985
f 4971 4983 4984
f 4980 4979 4992
f 4978 4977 4990
f 4975 4988 4989
f 4985 4984 4997
f 4982 4995 4996
f 4994 4993 5006
f 4992 4991 5004
f 4989 5002 5003
f 4986 4985 4998
f 4983 4996 4997
f 4993 4992 5005
f 4991 4990 5003
f 4988 5001 5002
f 4986 4999 5000
f 4998 4997 5010
f 4996 4995 5008
f 5006 5019 5020
f 5005 5004 5017
f 5002 5015 5016
f 4998 5011 5012
f 4996 5009 5010
f 5005 5018 5019
f 5004 5003 5016
f 5002 5001 5014
f 4999 5012 5013
f 5011 5010 4608
f 5009 5008 4606
f 5019 4617 4618
f 5017 4615 4616
f 5015 4613 4614
f 5011 4609 4610
f 5009 4607 4608
f 5018 4616 4617
f 5017 5016 4614
f 5015 5014 4612
f 4480 4606 5008
f 5008 4995 4601
f 4995 4982 4596
f 4982 4970 4592
f 4592 4970 4957
f 4588 4957 4944
f 4584 4944 4931
f 4931 4918 4576
f 4576 4918 4905
f 4905 4892 4568
f 4892 4878 4564
f 4878 4866 4560
f 4560 4866 4853
f 4556 4853 4840
f 4552 4840 4827
f 4827 4814 4544
f 4544 4814 4801
f 4801 4788 4536
f 4788 4775 4532
f 4775 4762 4528
f 4528 4762 4749
f 4524 4749 4736
f 4520 4736 4723
f 4723 4710 4512
f 4512 4710 4697
f 4697 4684 4504
f 4684 4671 4500
f 4671 4658 4496
f 4496 4658 4645
f 4492 4645 4632
f 4488 4632 4619
f 4619 4606 4480