# https://github.com/mikedh/trimesh
v 0.09004928 -0.02379325 -0.03523351
v 0.09663996 -0.02527633 -0.03368432
v 0.09761733 -0.02389009 -0.03267266
v 0.09110120 -0.02290427 -0.03452769
v 0.10920654 -0.02292641 -0.04892084
v 0.11157937 -0.02047301 -0.04027986
v 0.11071362 -0.01822904 -0.03800046
v 0.10953090 -0.01757635 -0.04271796
v 0.03200725 -0.05661168 -0.15969570
v 0.01668810 -0.05569688 -0.16684562
v 0.01606212 -0.07591771 -0.16588959
v 0.03016169 -0.08189177 -0.15756753
v 0.05757889 -0.12918052 -0.13040689
v 0.04823626 -0.11302921 -0.13809553
v 0.04408208 -0.13398522 -0.14871845
v 0.06042552 -0.14352930 -0.13188410
v 0.05838732 0.02415212 0.10268617
v 0.06525210 0.02357714 0.09182808
v 0.06381280 0.01413270 0.09607220
v -0.10199277 -0.01721230 -0.03008672
v -0.10879472 -0.01893532 -0.02800656
v -0.11002253 -0.01697685 -0.02709279
v -0.10311949 -0.01589822 -0.02945042
v -0.12404344 -0.01481506 -0.04398688
v -0.12656611 -0.01134245 -0.03497586
v -0.12546624 -0.00870353 -0.03275812
v -0.12471680 -0.00802446 -0.03782698
v 0.05712790 0.01448648 0.10432491
v 0.13989122 -0.00010928 -0.05635733
v 0.14013675 -0.00262238 -0.05946266
v 0.14178760 -0.00487214 -0.05707920
v 0.14125155 -0.00304181 -0.05370997
v 0.13390291 -0.01717461 -0.06198132
v 0.13417181 -0.00985113 -0.06104869
v 0.13633722 -0.00748284 -0.06112064
v 0.13678701 -0.00973402 -0.06072170
v 0.13382480 -0.02797218 -0.06091206
v 0.13125688 -0.02720842 -0.06027416
v 0.13370761 -0.02258806 -0.06160443
v 0.13679546 -0.02300117 -0.06274366
v 0.11087994 -0.05826895 -0.02826221
v 0.11528346 -0.05262400 -0.03129419
v 0.11578724 -0.05728955 -0.03427778
v 0.10778642 -0.06077818 -0.03173955
v 0.10170818 -0.05690028 -0.03278739
v 0.10937025 -0.05656288 -0.04008701
v 0.10817157 -0.05061343 -0.04095979
v 0.10185443 -0.05141132 -0.03555236
v 0.13133433 0.00858326 -0.03183728
v 0.13253744 0.00335382 -0.03188486
v 0.13043292 0.00154574 -0.02917645
v 0.12881520 0.00629524 -0.02872849
v 0.10373995 -0.02171358 -0.05906728
v 0.10081252 -0.02819304 -0.05865835
v 0.11205730 -0.02346282 -0.06153505
v 0.11307076 -0.02084545 -0.06061611
v 0.13108510 -0.00201978 -0.04403288
v 0.13093945 -0.00069811 -0.04893505
v 0.13182499 -0.00262804 -0.05194057
v 0.13096347 -0.00427792 -0.04850132
v 0.13380325 0.00203750 -0.05730143
v 0.13406827 -0.00092478 -0.06080497
v 0.10715733 -0.04314893 -0.02495195
v 0.10536067 -0.03885498 -0.02292954
v 0.10602580 -0.03701688 -0.02424774
v 0.10631184 -0.03797940 -0.02674468
v 0.10873484 -0.02355963 -0.04352637
v 0.11188720 -0.01974058 -0.03770173
v 0.12825398 -0.03939229 -0.05645441
v 0.12749514 -0.03744593 -0.05398979
v 0.13143829 -0.03313397 -0.05796869
v 0.13166983 -0.03420790 -0.06101990
v 0.12133017 -0.03536721 -0.04986064
v 0.12542206 -0.03215447 -0.05439667
v 0.12714294 -0.03116886 -0.05723561
v 0.12572612 -0.03363816 -0.05453609
v 0.13328663 0.00086994 -0.04541894
v 0.13111281 0.00251066 -0.03669381
v 0.13391538 0.00089720 -0.03518460
v 0.13694178 -0.00072654 -0.04256181
v 0.11661619 -0.00942584 -0.05489438
v 0.11377836 -0.00492553 -0.04936221
v 0.11174238 -0.00554356 -0.04960784
v 0.11386012 -0.00950005 -0.05465254
v 0.13425916 -0.00119590 -0.05415318
v 0.13505796 -0.00323587 -0.05719592
v 0.13264459 -0.00464176 -0.05535384
v 0.11608034 -0.00626671 -0.02748216
v 0.11910815 -0.00486659 -0.03014216
v 0.11923414 -0.00618125 -0.03199341
v 0.11872971 -0.00740239 -0.03125959
v 0.11493023 -0.05757517 -0.04007372
v 0.09951541 -0.03780504 -0.05034498
v 0.10258613 -0.03712907 -0.05336556
v 0.10720471 -0.03260044 -0.05701301
v 0.10387259 -0.03126495 -0.05714000
v 0.10233346 -0.05497354 -0.02456276
v 0.10832544 -0.05460364 -0.02519155
v 0.10933414 -0.05645886 -0.02683322
v 0.10368333 -0.05854002 -0.02723473
v 0.12054061 -0.00177008 -0.02936723
v 0.12424609 -0.00228202 -0.03228812
v 0.12102906 -0.00306277 -0.03174760
v 0.11880267 -0.00281027 -0.02949292
v 0.13212845 -0.01191542 -0.05898768
v 0.13123909 -0.00629819 -0.05247485
v 0.13083518 -0.02184233 -0.05408371
v 0.13092774 -0.02089140 -0.05879581
v 0.13020980 -0.02521186 -0.05759057
v -0.03654530 -0.05997388 -0.15671821
v -0.01235166 -0.05711491 -0.16583416
v -0.01236528 -0.07773666 -0.16484034
v -0.03412879 -0.08604666 -0.15450783
v 0.12920883 -0.02584974 -0.05339197
v 0.13113844 -0.01412548 -0.05064454
v 0.13128501 -0.01335954 -0.05623882
v 0.13772011 -0.00564341 -0.05489882
v 0.13802126 -0.01083035 -0.05896167
v 0.13658518 -0.00473228 -0.05612034
v 0.11029343 -0.00266801 -0.04378058
v 0.11065374 0.00113779 -0.04943607
v 0.10808308 -0.00439495 -0.05521955
v 0.11020898 -0.00458297 -0.04769029
v 0.10720402 -0.03314342 -0.02353185
v 0.10905842 -0.03089458 -0.02476392
v 0.10582299 -0.03244130 -0.02777429
v 0.10416246 -0.03496394 -0.02769936
v 0.10901313 -0.03497544 -0.05577112
v 0.10437453 -0.03854774 -0.05241295
v 0.10570057 -0.03952660 -0.05148975
v 0.11041611 -0.03701534 -0.05386341
v 0.12807056 -0.00128690 -0.03493420
v 0.12867230 -0.00522980 -0.03839900
v 0.12580322 -0.00533706 -0.03641330
v 0.11370402 -0.03575846 -0.03773903
v 0.11395569 -0.03414316 -0.04065339
v 0.11689515 -0.03664097 -0.04339205
v 0.11680885 -0.03924692 -0.04090613
v 0.12212411 -0.04929550 -0.04845392
v 0.11677927 -0.04933690 -0.04983465
v 0.11311743 -0.05353002 -0.04463816
v 0.11868752 -0.05388103 -0.04435656
v 0.10567947 -0.03629465 -0.02727344
v 0.10612628 -0.03550083 -0.02414489
v 0.12049571 -0.00885076 -0.05777485
v 0.11832340 -0.00374178 -0.05088758
v 0.13067697 -0.00594635 -0.04556550
v 0.13111024 -0.00772869 -0.04918996
v 0.11062581 -0.01994011 -0.02663517
v 0.10734574 -0.01909193 -0.02896950
v 0.10796064 -0.01996952 -0.02914999
v 0.11206228 -0.02142461 -0.02679074
v 0.11082070 -0.02057928 -0.02475121
v 0.11184105 -0.02213144 -0.02509369
v 0.11060147 -0.02226661 -0.02400691
v 0.10993471 -0.02150322 -0.02352094
v 0.10588539 -0.01880505 -0.02963293
v 0.10671964 -0.01913402 -0.02934895
v 0.10699449 -0.01864683 -0.02922425
v 0.11340442 -0.01468500 -0.04517790
v 0.11238267 -0.02124784 -0.05109562
v 0.11079231 -0.02236630 -0.05212265
v 0.11406809 -0.01742090 -0.04585660
v 0.13195583 -0.01963918 -0.06107329
v 0.12461709 0.00111029 -0.02426546
v 0.12281086 0.00455791 -0.02321978
v 0.12693818 0.00901890 -0.02776237
v 0.10282370 -0.03166163 -0.04367003
v 0.10950112 -0.03221671 -0.03986558
v 0.10887630 -0.03257723 -0.03716677
v 0.10399479 -0.03212290 -0.04075621
v 0.10706767 -0.02805948 -0.03078413
v 0.10281700 -0.03094623 -0.03147850
v 0.10955857 -0.03010300 -0.02816283
v 0.11090919 -0.01499228 -0.02268594
v 0.10959794 -0.01817618 -0.02735774
v 0.10983395 -0.01922675 -0.02587463
v 0.11001442 -0.01915952 -0.02402654
v 0.13378873 -0.02840750 -0.06360137
v 0.13583384 -0.02282127 -0.06553160
v 0.13243768 -0.02247640 -0.06798138
v 0.13062266 -0.02850268 -0.06622037
v 0.10458860 -0.04886462 -0.02256235
v 0.09578829 -0.05087181 -0.02698043
v 0.10208051 -0.04385666 -0.02184625
v 0.13711944 0.00685804 -0.04545528
v 0.13297680 0.00942783 -0.04527145
v 0.13343185 0.00726946 -0.04966851
v 0.13843153 0.00482168 -0.04953692
v 0.10999364 -0.01267381 -0.03296360
v 0.10935213 -0.01459381 -0.03343397
v 0.11039776 -0.01379559 -0.03108096
v 0.10998335 -0.01159877 -0.03034763
v 0.06471251 -0.03874557 -0.12258060
v 0.08008955 -0.04291523 -0.08777971
v 0.08644828 -0.02664837 -0.09843546
v 0.07262743 -0.02356166 -0.12807964
v 0.12296620 -0.04508561 -0.04608791
v 0.12200463 -0.04886065 -0.04261205
v 0.11427332 -0.00778387 -0.01919083
v 0.11273454 -0.00618768 -0.01783451
v 0.11312087 -0.00053576 -0.01859277
v 0.11563130 -0.00383854 -0.01941182
v 0.13562483 -0.00789660 -0.06656850
v 0.14057967 -0.00898224 -0.06472495
v 0.11972617 -0.00200950 -0.02713225
v 0.12348206 0.00149341 -0.03043971
v 0.12097807 -0.00101602 -0.02945527
v 0.11872410 -0.00259337 -0.02761311
v 0.11950429 -0.01031682 -0.02560748
v 0.12077901 -0.00911738 -0.02519650
v 0.11728870 -0.00806110 -0.02523391
v 0.11542007 -0.00923686 -0.02587366
v 0.11087745 -0.00141919 -0.01579832
v 0.11199164 0.00505067 -0.01824502
v 0.09559373 -0.03802854 -0.04939998
v 0.11825649 -0.00879644 -0.02162140
v 0.11942509 -0.00631077 -0.02137423
v 0.12182752 -0.00747648 -0.02452438
v -0.06985806 -0.13968033 -0.12391641
v -0.06003604 -0.12164035 -0.13196231
v -0.05615416 -0.14280683 -0.14305136
v -0.07239206 -0.15474573 -0.12542056
v 0.10369191 -0.03797730 -0.02024005
v 0.10554790 -0.03610336 -0.02221640
v 0.11801573 -0.00292424 -0.02742764
v 0.11681386 -0.00401673 -0.02758461
v 0.11465105 -0.00789230 -0.02649028
v 0.11600120 -0.00841717 -0.03008863
v 0.12276509 -0.01394417 -0.04342299
v 0.12432191 -0.02175575 -0.04875333
v 0.09287176 -0.02882135 -0.07279041
v 0.08822990 -0.04623885 -0.05173042
v 0.11515305 -0.00752282 -0.02543860
v 0.11551999 -0.00702973 -0.02547368
v 0.11448716 -0.00771245 -0.02531998
v 0.11349149 -0.00844744 -0.02622589
v 0.12014407 -0.05246492 -0.03914078
v 0.12283657 -0.00815267 -0.03794450
v 0.11786149 -0.01047217 -0.03529442
v 0.12083553 -0.00848419 -0.03477103
v 0.13736266 -0.01861165 -0.06123178
v 0.14012200 -0.01125514 -0.05885726
v 0.14265865 -0.01084026 -0.06142979
v 0.13978305 -0.01860559 -0.06343859
v 0.09836218 -0.05496291 -0.03026232
v 0.10891356 -0.01509839 -0.03569901
v 0.11101452 -0.01656532 -0.03524561
v 0.11326852 -0.00979819 -0.03104201
v 0.11229984 -0.00921543 -0.02685535
v 0.10586800 -0.03330441 -0.02093306
v 0.13242760 0.00229765 -0.04801385
v 0.13362092 0.00069948 -0.05094755
v 0.13079612 0.00072476 -0.04629651
v 0.13051040 0.00165698 -0.04339643
v 0.12953471 0.00426063 -0.03984861
v 0.12825908 0.00483310 -0.03898475
v 0.13140954 0.00381419 -0.04462519
v 0.11732426 -0.00916159 -0.03220811
v 0.11965384 -0.00812491 -0.03301621
v 0.11417828 -0.03731471 -0.03547736
v 0.11650595 -0.04397677 -0.03712021
v 0.12811102 -0.02909064 -0.05529689
v 0.12615706 -0.02894865 -0.05089277
v 0.12721469 -0.01667931 -0.06716135
v 0.12679663 -0.00795811 -0.06383575
v 0.12363481 -0.00851060 -0.06035210
v 0.12475484 -0.01676454 -0.06469899
v 0.11315493 -0.01533665 -0.05840955
v 0.10649674 -0.01445808 -0.05759032
v 0.10938646 -0.02076400 -0.02259074
v 0.10848799 -0.01741737 -0.01917499
v 0.11090045 -0.01087779 -0.03009484
v 0.11128542 -0.00935833 -0.02751447
v 0.11603738 -0.03244168 -0.05954642
v 0.11028782 -0.04094247 -0.04857257
v 0.11689186 -0.03473986 -0.05691565
v 0.10277445 -0.04182844 -0.04509242
v 0.10272475 -0.04366353 -0.04148712
v 0.10736901 -0.04355358 -0.04426111
v 0.12080635 -0.03371643 -0.04785657
v 0.12467728 -0.03214246 -0.05158319
v 0.10701602 -0.01917990 -0.03065750
v 0.10484383 -0.02035101 -0.03369839
v 0.10353145 -0.01917320 -0.03035153
v 0.12847634 -0.01427395 -0.04697794
v 0.12938598 -0.02191976 -0.05083430
v 0.11995267 -0.00687845 -0.02542868
v 0.11464121 -0.01599796 -0.02770606
v 0.11612159 -0.01311331 -0.02411956
v 0.12510177 -0.00428832 -0.02504339
v 0.12299722 -0.00550860 -0.02584551
v 0.12171964 -0.00630572 -0.02564569
v 0.12325864 -0.00601902 -0.02439344
v 0.09498981 -0.02721302 -0.03589635
v 0.09922951 -0.02943520 -0.03366174
v 0.10230928 -0.02663079 -0.03182816
v 0.12776153 0.00327472 -0.03524073
v 0.12896755 0.00138462 -0.03737205
v 0.12168745 -0.00300554 -0.05322202
v 0.12012367 -0.00450188 -0.03136320
v 0.12008537 -0.00559666 -0.03344240
v 0.11619482 0.01026129 -0.03709684
v 0.11742920 0.00607551 -0.03256959
v 0.11693363 0.00629439 -0.03056619
v 0.11603203 0.01293318 -0.02940071
v 0.10219876 -0.04850844 -0.03695086
v 0.10686728 -0.04739423 -0.04136178
v 0.10605031 -0.04540355 -0.04177533
v 0.10273348 -0.04590368 -0.03866458
v 0.10791643 -0.03272791 -0.03611641
v 0.10411631 -0.03245439 -0.03911990
v 0.12926891 -0.02704825 -0.05981059
v 0.12844729 -0.02815748 -0.05827431
v 0.13057423 -0.02383528 -0.06035718
v 0.13077790 -0.02228663 -0.06151511
v 0.11143354 -0.01128504 -0.03779038
v 0.11077590 -0.01267685 -0.03624006
v 0.11456424 0.00070510 -0.03676683
v 0.11895688 0.00307338 -0.03829244
v 0.11919189 0.00498808 -0.03262582
v 0.11564156 0.00308601 -0.03301651
v 0.12489717 -0.00192450 -0.05649612
v 0.12006065 -0.00699795 -0.03395747
v 0.12065578 -0.00671251 -0.03521858
v 0.11980771 -0.00671254 -0.03294015
v 0.11379084 -0.01004191 -0.02654724
v 0.11785221 -0.01134095 -0.02698691
v 0.12476641 -0.00376669 -0.02676156
v 0.12923490 0.00004319 -0.02959597
v 0.12762216 0.00107872 -0.03122428
v 0.12382041 -0.00281220 -0.02675425
v 0.11680619 -0.00542883 -0.02568829
v 0.01859435 -0.03457256 -0.17528665
v 0.02078622 -0.02047433 -0.18507633
v -0.04630587 0.02297869 0.10488515
v -0.06114127 0.02251337 0.09531424
v -0.05822035 0.01627932 0.09944006
v -0.04370947 0.01608767 0.10610640
v 0.12049912 0.00422627 -0.02265511
v 0.12030188 0.00687999 -0.02665406
v 0.12224327 0.00817271 -0.02719869
v 0.12154553 0.00523805 -0.02315861
v 0.13056499 0.00025040 -0.04309682
v 0.13537686 -0.00245383 -0.05330069
v 0.11321248 -0.01868749 -0.03422613
v 0.10811470 -0.02106703 -0.03632294
v 0.09060492 -0.02124743 -0.03469187
v 0.09121866 -0.02014910 -0.03393197
v 0.09230822 -0.02030037 -0.03565846
v 0.09214781 -0.02111434 -0.03664275
v 0.09807768 -0.02641538 -0.04003518
v 0.10218581 -0.02754017 -0.03904209
v 0.10066479 -0.02920718 -0.03697857
v 0.09711272 -0.02781418 -0.03918786
v 0.08972771 -0.02367914 -0.03625175
v 0.09018637 -0.02234919 -0.03534096
v 0.09144828 -0.02255878 -0.03787785
v 0.09085847 -0.02391531 -0.03944200
v 0.12636538 0.00354921 -0.03255937
v 0.12927246 0.00370507 -0.03604265
v 0.13931479 -0.00429392 -0.05180863
v 0.13977395 -0.00601716 -0.05470518
v 0.13434882 0.00118001 -0.04705146
v 0.13508981 -0.00062280 -0.05001567
v 0.10933473 -0.02827729 -0.02373038
v 0.11103953 -0.02782550 -0.02588147
v 0.11053704 -0.02944695 -0.02635632
v 0.14125422 -0.00176980 -0.05051741
v 0.13936098 0.00216293 -0.05282929
v 0.10871012 -0.04818177 -0.02486237
v 0.10714317 -0.05103000 -0.02375618
v 0.06488179 -0.18859923 -0.01926374
v 0.07995880 -0.17127283 -0.03484197
v 0.07840399 -0.19126660 -0.03637279
v 0.06293924 -0.20823866 -0.02105250
v 0.12274224 -0.00116417 -0.02284941
v 0.11953112 0.00210616 -0.02212501
v 0.08983492 -0.02568040 -0.03756004
v 0.08980996 -0.02579768 -0.03762109
v 0.09462560 -0.02775875 -0.03793741
v 0.09845017 -0.02255243 -0.03217996
v 0.09177651 -0.02172569 -0.03375659
v 0.09921818 -0.02493849 -0.03927489
v 0.09853287 -0.02013463 -0.03488722
v 0.09811105 -0.01929610 -0.03261111
v 0.10025711 -0.03227516 -0.03345899
v 0.10179003 -0.03294537 -0.03667434
v 0.10509145 -0.03407488 -0.03220148
v 0.09153381 -0.02601785 -0.04023179
v 0.11317527 -0.01011823 -0.03450021
v 0.10427800 -0.02481739 -0.03887054
v 0.10623609 -0.02671494 -0.04294081
v 0.10493773 -0.02862207 -0.04210097
v 0.10311615 -0.02654940 -0.03943728
v 0.11840373 -0.03676938 -0.04581322
v 0.11801590 -0.03499933 -0.04538922
v 0.10304721 -0.03053650 -0.04694596
v 0.10914843 -0.03153872 -0.04446046
v 0.11345832 -0.01608829 -0.03332354
v 0.11613972 -0.01372244 -0.02905076
v 0.10838985 -0.01902264 -0.03145114
v 0.10452440 -0.02290907 -0.03664996
v 0.10740797 -0.02481858 -0.04118845
v 0.09864874 -0.02141697 -0.03204026
v 0.10463357 -0.02147928 -0.03000190
v 0.10408492 -0.02046077 -0.03009020
v 0.09854059 -0.02045176 -0.03209318
v 0.12311508 -0.00536203 -0.03534671
v 0.11723229 -0.00042179 -0.02043189
v 0.12128811 -0.00381994 -0.02186345
v 0.11579306 0.02004479 -0.05548176
v 0.11126887 0.00899195 -0.06730499
v 0.11459003 0.00673668 -0.04433152
v 0.10064898 -0.02341537 -0.03848830
v 0.09164277 -0.01971646 -0.03395461
v 0.09278587 -0.02035190 -0.03374294
v 0.12917307 -0.03191703 -0.05747768
v 0.10615520 -0.03497910 -0.03186680
v 0.11183330 -0.01186151 -0.02774410
v 0.12602596 -0.02186054 -0.06699737
v 0.12462835 -0.02759305 -0.06548911
v 0.11122478 -0.01034592 -0.02756275
v 0.11161998 -0.00927876 -0.02729723
v 0.10317851 -0.03282018 -0.03828935
v 0.10718952 -0.03345607 -0.03439719
v 0.11226693 -0.00907180 -0.02683712
v 0.11124910 -0.02803956 -0.02795405
v 0.13073206 -0.00489009 -0.04296432
v 0.11351280 -0.04531492 -0.04958373
v 0.11047611 -0.04816644 -0.04495477
v 0.09257603 -0.02079585 -0.03323453
v 0.09845743 -0.02903887 -0.03579186
v 0.09909863 -0.02170948 -0.03615919
v 0.10885277 -0.02385070 -0.02940186
v 0.10827667 -0.02599274 -0.02975158
v 0.11144333 -0.02575499 -0.02697344
v 0.11080870 -0.03071630 -0.04701606
v 0.10408527 -0.02809583 -0.04953379
v 0.10600330 -0.02685576 -0.05270804
v 0.11431209 -0.02945507 -0.04866413
v 0.12266982 -0.03302440 -0.06305989
v 0.11978338 -0.03787389 -0.05893397
v 0.12447577 -0.04005248 -0.05967089
v 0.12841642 -0.03453540 -0.06378371
v 0.11521535 0.05131558 -0.06566337
v 0.11714640 0.02772184 -0.04172885
v 0.11672649 0.05973575 -0.04353583
v 0.12397182 0.00611614 -0.04582222
v 0.12367005 0.00354898 -0.04917662
v 0.13362586 0.00480378 -0.05351596
v 0.11526532 0.00919865 -0.02314118
v 0.11639918 0.00621276 -0.02850154
v 0.12006879 0.00578705 -0.02651097
v 0.13409260 -0.01718581 -0.06860472
v 0.11297802 -0.01158058 -0.02016956
v 0.11676747 -0.01117330 -0.02248078
v 0.11385059 -0.03101924 -0.06068207
v 0.11741271 -0.03194894 -0.04515863
v 0.12202985 -0.03096465 -0.04769981
v 0.13515306 0.00397794 -0.03543999
v 0.13137701 0.00091914 -0.03223810
v 0.01849355 -0.22824281 0.01085250
v 0.01721026 -0.24069238 0.00601733
v 0.02466316 -0.03951270 0.12422836
v 0.02557842 -0.03941365 0.12192097
v 0.02416408 -0.03709325 0.12049214
v 0.02386773 -0.03722608 0.12155072
v 0.02463906 -0.05220184 0.12011614
v 0.02404137 -0.04991746 0.11940654
v 0.02528365 -0.04961465 0.11747433
v 0.02632614 -0.05151845 0.11852515
v 0.02298262 -0.03702020 0.12092236
v 0.02204019 -0.04009760 0.12519468
v 0.02301917 -0.04006031 0.12644957
v 0.02332718 -0.03713724 0.12140311
v 0.13526326 0.00841163 -0.03575224
v 0.02873817 -0.05083848 0.11975916
v 0.02757150 -0.04809972 0.11939599
v 0.02798924 -0.04776822 0.12264458
v 0.03022080 -0.04945260 0.12322329
v 0.02159623 -0.05140429 0.13572608
v 0.02282477 -0.04813822 0.13629223
v 0.02161173 -0.04925062 0.13203102
v 0.02136898 -0.05216507 0.13059707
v 0.02482832 -0.04719026 0.13487630
v 0.02694508 -0.04749777 0.13827634
v 0.02854790 -0.04710465 0.13464263
v 0.02629532 -0.04734195 0.13160948
v 0.02179657 -0.04560147 0.12424903
v 0.02259950 -0.04899418 0.12572688
v 0.02134067 -0.04536168 0.13021432
v 0.02754854 -0.04431952 0.12082742
v 0.02717320 -0.04539986 0.11836075
v 0.02559799 -0.04057201 0.11941315
v 0.02586027 -0.04011316 0.11932185
v 0.07014995 -0.15514714 -0.01635338
v 0.08150031 -0.14373139 -0.03365497
v 0.05176707 -0.02016045 0.08816601
v 0.05070587 -0.02317566 0.08959548
v 0.04704427 -0.02187898 0.09145078
v 0.04823095 -0.01917998 0.08986881
v 0.11206441 -0.02397368 -0.02526432
v 0.11063737 -0.02337529 -0.02373685
v 0.12360784 0.00082329 -0.05266149
v 0.13185504 0.00258626 -0.04576914
v 0.12461828 0.00776815 -0.04215077
v 0.12387253 0.00872243 -0.03420300
v 0.12119918 0.00671932 -0.03331258
v 0.12122665 0.00537617 -0.04003997
v 0.13873725 0.00178175 -0.04378200
v 0.10834093 -0.03660403 -0.03206947
v 0.12595627 -0.00866500 -0.04134712
v 0.12308180 0.00871365 -0.03032633
v 0.12889999 0.01052238 -0.03093699
v 0.13413914 -0.01805592 -0.06079001
v 0.13985875 0.00053062 -0.04724007
v 0.13768783 -0.00152650 -0.04575326
v 0.12681806 -0.00219004 -0.02566983
v 0.11043331 -0.02406694 -0.05337400
v 0.12174943 -0.02501417 -0.04959761
v 0.11830367 -0.02772689 -0.04944441
v -0.15862854 0.01093918 -0.04941085
v -0.15897736 0.00876206 -0.05249079
v -0.15982673 0.00650661 -0.04966770
v -0.15941337 0.00838040 -0.04646509
v -0.15029201 -0.00663679 -0.05534094
v -0.15141287 0.00074355 -0.05472606
v -0.15371358 0.00330521 -0.05471677
v -0.15445963 0.00106432 -0.05414615
v 0.10901682 -0.02603111 -0.05382990
v 0.11002518 -0.01376365 -0.03620305
v 0.10565892 -0.03295337 -0.01835828
v 0.11895885 -0.04251148 -0.04248839
v -0.14932752 -0.02192310 -0.05323507
v -0.14682736 -0.02094012 -0.05317366
v -0.14995168 -0.01374283 -0.05415773
v -0.15324885 -0.01421122 -0.05467861
v 0.12036887 -0.04050297 -0.04606194
v 0.03539726 -0.03528560 -0.16459803
v 0.03947055 -0.02149339 -0.17269363
v 0.13819084 -0.01794695 -0.06644812
v 0.12748399 0.00431783 -0.03451933
v 0.11187202 -0.03708212 -0.03403075
v 0.11307353 -0.04389925 -0.03215964
v 0.11036687 -0.04311613 -0.02951239
v 0.12036394 -0.00629497 -0.03469328
v 0.11220278 -0.02964350 -0.06000812
v 0.11164644 -0.02709660 -0.06138658
v 0.09266537 -0.01977332 -0.03507704
v 0.11794677 -0.03618013 -0.05749619
v 0.11222918 -0.04291964 -0.04885973
v 0.08492504 -0.13260363 -0.05639955
v 0.07720348 -0.12135943 -0.08505012
v -0.12036077 -0.06486309 -0.01989173
v -0.12529884 -0.05866773 -0.02293028
v -0.12572512 -0.06386510 -0.02576390
v -0.11712659 -0.06699215 -0.02385260
v 0.07972965 -0.14399947 -0.08409481
v 0.08572917 -0.15677153 -0.05733194
v 0.10652518 -0.01944325 -0.01625923
v 0.10761043 -0.02592838 -0.02041122
v 0.10703706 -0.02740826 -0.01881609
v 0.03398087 -0.20527026 0.00498398
v 0.02898509 -0.22828375 -0.00017109
v 0.10506865 -0.03277583 -0.01457770
v 0.10490277 -0.03496325 -0.00294597
v 0.10697135 -0.01988813 0.00010197
v 0.10515336 -0.02322199 -0.01182793
v 0.08392804 0.00583928 0.05229822
v 0.08686578 0.00793057 0.04454195
v 0.08868863 -0.00264233 0.04215479
v 0.08493129 -0.00204907 0.04896978
v 0.04223510 0.09633117 0.10068713
v 0.03235879 0.09696154 0.10530297
v 0.03217313 0.11186363 0.09741546
v 0.04261512 0.11068669 0.09230638
v 0.04180064 -0.01265891 -0.17700523
v 0.04421487 -0.00150129 -0.18126234
v 0.02378467 -0.00180206 -0.19531712
v 0.02216881 -0.01243525 -0.18970090
v 0.04308739 0.14973392 0.06094974
v 0.03153564 0.15135032 0.06612109
v 0.03131256 0.16421512 0.05164080
v -0.11144571 -0.06345867 -0.02521766
v -0.11911859 -0.06290451 -0.03229773
v -0.11845200 -0.05639577 -0.03343982
v -0.11231723 -0.05749080 -0.02809778
v 0.04330802 0.16209418 0.04715137
v 0.07583342 -0.02370752 0.06991792
v 0.07969983 -0.03031006 0.06780291
v 0.07360499 -0.03090085 0.07476638
v 0.07054164 -0.02406288 0.07548369
v 0.11369254 -0.05109902 -0.02918856
v 0.11163798 -0.04960129 -0.02723030
v -0.14880133 0.01683486 -0.02436140
v -0.14947324 0.01311856 -0.02442502
v -0.14690459 0.01151725 -0.02172712
v -0.14575377 0.01508474 -0.02104876
v -0.12194355 -0.01446069 -0.05278636
v -0.11829408 -0.02437224 -0.05232851
v -0.13046929 -0.01655832 -0.05489359
v -0.13145328 -0.01257958 -0.05438600
v 0.03106597 0.17645185 0.03598979
v 0.04351713 0.17393650 0.03266934
v 0.03039036 -0.01254237 0.10396155
v -0.14624752 0.00865603 -0.03845618
v -0.14751899 0.00982136 -0.04318690
v -0.14855292 0.00814036 -0.04592934
v -0.14679682 0.00639628 -0.04251919
v -0.15275642 0.01239443 -0.05073198
v -0.15303645 0.00993455 -0.05428766
v -0.11803927 -0.04737404 -0.01677173
v -0.11613089 -0.04112817 -0.01496518
v -0.11693776 -0.03798888 -0.01655748
v -0.11791524 -0.03950809 -0.01892137
v -0.12280495 -0.01563003 -0.03832725
v -0.12610365 -0.01042547 -0.03227947
v -0.14094070 -0.04096946 -0.04856014
v -0.14100561 -0.03809414 -0.04625891
v -0.14588353 -0.03015143 -0.05019743
v -0.14572982 -0.03196159 -0.05331904
v 0.03068710 -0.01007634 0.09925823
v 0.03401043 -0.01364931 0.09616378
v 0.03367096 -0.01622119 0.09982704
v 0.02930827 0.04458077 0.11767041
v 0.03046842 0.05888746 0.11435912
v 0.03907482 0.05972695 0.11167499
v 0.03742999 0.04528804 0.11603925
v 0.03855766 -0.01627141 0.09328368
v 0.03761001 -0.01859150 0.09573799
v 0.03200652 0.12563300 0.08828053
v 0.04288666 0.12448202 0.08287507
v 0.04097902 0.20226389 -0.01625501
v -0.13486047 -0.03468835 -0.04288661
v -0.14000395 -0.02879694 -0.04742135
v -0.14190459 -0.02711212 -0.05023564
v -0.14006063 -0.03148877 -0.04749882
v 0.04186501 0.19993247 -0.00673579
v 0.02856717 0.20443025 -0.00592430
v -0.14990291 0.01143464 -0.03922082
v -0.14720675 0.01258474 -0.03032772
v -0.15018760 0.01134686 -0.02830894
v -0.15352803 0.01020472 -0.03580551
v 0.02953671 0.20688555 -0.02139005
v 0.09531440 -0.00747367 -0.10544949
v 0.10189323 -0.01208953 -0.07710781
v 0.10694639 -0.00036594 -0.07540187
v 0.10219295 0.01045796 -0.10423927
v 0.04954845 -0.18615797 -0.00444905
v 0.04480445 -0.20991577 -0.00893039
v -0.13481143 -0.00004481 -0.04863071
v -0.13179159 0.00432055 -0.04301545
v -0.13057122 0.00343914 -0.04314260
v -0.13308194 -0.00029122 -0.04842580
v -0.15164779 0.00960889 -0.04796992
v -0.15255177 0.00778229 -0.05090719
v -0.14947507 0.00612918 -0.04919976
v -0.13052887 0.00312156 -0.02175002
v -0.13418628 0.00475339 -0.02455853
v -0.13366953 0.00345479 -0.02647524
v -0.13330203 0.00199681 -0.02572033
v -0.12483296 -0.06389703 -0.03197167
v -0.11440818 -0.04070636 -0.04355462
v -0.11755758 -0.03937142 -0.04651555
v -0.12338549 -0.03142698 -0.05018006
v -0.12061808 -0.02946058 -0.05043389
v 0.07334799 0.03665197 0.07212533
v 0.07637587 0.04795284 0.06640150
v 0.08073164 0.03678001 0.05711652
v 0.07758489 0.02752371 0.06416386
v 0.02719603 0.02391803 0.12053595
v 0.03422950 0.02376857 0.11979010
v 0.03202200 0.01581312 0.11779116
v 0.02614142 0.01618851 0.11923067
v -0.11164160 -0.06164684 -0.01653964
v -0.11777398 -0.06128220 -0.01669834
v -0.11880416 -0.06314281 -0.01850467
v -0.11288603 -0.06501269 -0.01940545
v 0.08587207 -0.00909018 0.04855012
v 0.09051800 -0.01179639 0.04282207
v 0.08984166 -0.02062314 0.04902297
v 0.08449605 -0.01683641 0.05396707
v 0.07994633 -0.02216152 0.06414342
v -0.13588049 0.00803792 -0.02376500
v -0.13942744 0.00789073 -0.02677197
v -0.13611552 0.00691157 -0.02629887
v -0.13409010 0.00691710 -0.02395862
v 0.08440032 -0.02824201 0.06153405
v -0.14893524 -0.00129106 -0.05250771
v -0.14752913 0.00417599 -0.04626221
v 0.04100867 0.07772750 0.10813053
v 0.03161047 0.07764002 0.11130498
v 0.08433248 0.02228982 0.04918090
v 0.08137855 0.01652613 0.05709018
v 0.02813011 -0.00945677 0.10950456
v 0.02857951 -0.00740299 0.10310177
v 0.02697395 -0.00295261 0.10842001
v -0.14656347 -0.01269889 -0.04692094
v -0.14654502 -0.01149607 -0.05191811
v -0.14558798 -0.01765187 -0.05055908
v -0.14439771 -0.01853496 -0.04604981
v 0.02416214 -0.00419109 0.12038445
v 0.02419670 0.00025735 0.11769733
v 0.02681470 0.00071971 0.11019507
v 0.05394253 0.04622685 0.10278851
v 0.05581325 0.06009216 0.09761964
v 0.06303136 0.05934967 0.08771618
v 0.06111641 0.04591898 0.09272188
v 0.04300337 0.13715765 0.07264472
v -0.14703515 -0.00347693 -0.04381370
v -0.14759040 -0.00271310 -0.04956601
v 0.03178105 0.13849545 0.07800762
v 0.02499556 0.00857155 0.11701044
v 0.02877871 0.00889866 0.11257222
v 0.02775148 0.00598591 0.11068001
v -0.15527403 0.00544895 -0.04811714
v -0.15568089 0.00013634 -0.05199289
v -0.15410909 0.00636288 -0.04959764
v -0.12836087 0.00635173 -0.03698501
v -0.12962472 0.01006295 -0.04232899
v -0.12803896 0.00451796 -0.04832412
v -0.12894297 0.00440871 -0.04092689
v 0.02480448 0.00582918 0.11638319
v 0.04211013 -0.02045690 0.09334747
v 0.04316277 -0.01800122 0.09159044
v 0.09570462 -0.04780893 -0.03616075
v 0.09903966 -0.05029617 -0.03478426
v 0.10858680 -0.00218775 -0.00976188
v 0.10631947 -0.01270909 -0.01032337
v 0.10781123 -0.00656452 0.00179645
v 0.10703070 0.00819235 0.00201468
v 0.10936773 0.02824624 0.00102244
v 0.10970828 0.04375077 -0.00248852
v 0.11315898 0.01809488 -0.01279320
v 0.11099984 0.00898300 -0.01027664
v 0.07030235 -0.13460800 -0.10903768
v 0.06487808 -0.11449170 -0.11252259
v 0.02426300 -0.00788630 0.12563837
v 0.02409405 -0.01137032 0.12999889
v 0.02888623 0.05524913 -0.19957441
v -0.11757416 -0.03093042 -0.01629895
v -0.11997678 -0.02687458 -0.01773174
v -0.11675229 -0.02976776 -0.02098429
v -0.11547360 -0.03459692 -0.02070121
v 0.02731978 0.03178343 -0.20162030
v 0.04870211 0.03655553 -0.18457103
v 0.05009582 0.05979114 -0.18178786
v 0.09000519 -0.01843296 -0.10253219
v -0.12448692 -0.03536338 -0.04866657
v -0.11879113 -0.04137560 -0.04536347
v -0.11965834 -0.04269248 -0.04435744
v -0.12496425 -0.03858542 -0.04668637
v 0.09724249 -0.02093028 -0.07580402
v 0.02676457 -0.04353736 0.12453777
v 0.02398768 -0.03679203 0.11919291
v 0.02453402 -0.04100143 0.12004282
v 0.02407563 -0.03694454 0.11915936
v 0.02750335 -0.04754113 0.12744841
v 0.03007483 -0.04755156 0.12971541
v 0.02467068 -0.04676291 0.11727790
v 0.02367067 -0.04686918 0.11819549
v 0.02386338 -0.04070171 0.12060209
v 0.02429223 -0.03683512 0.11943686
v 0.01923231 -0.05450663 0.13978201
v 0.02014107 -0.05289269 0.14597264
v 0.02375986 -0.05037512 0.14396963
v 0.02194027 -0.05232395 0.13957673
v 0.02319609 -0.03688550 0.12078677
v 0.02224471 -0.04062198 0.12277886
v 0.02223383 -0.04467387 0.13303995
v 0.02382317 -0.03975111 0.12595469
v 0.02360220 -0.03716894 0.12158255
v 0.02402826 -0.04382857 0.13137065
v 0.02233735 -0.05231156 0.12569612
v 0.02545642 -0.04356159 0.12833500
v -0.14271460 0.00913586 -0.02949107
v -0.14343953 0.00523479 -0.03282607
v -0.14067750 0.00490126 -0.03091243
v -0.12663175 -0.03555441 -0.03042633
v -0.12776920 -0.03272245 -0.03344097
v -0.12988077 -0.03699436 -0.03621328
v -0.12893079 -0.04116615 -0.03352997
v 0.11475727 -0.03298746 -0.04317061
v 0.08221635 -0.11087169 -0.02298809
v 0.08693080 -0.08024159 -0.03005405
v 0.08568849 -0.08065642 -0.03879452
v -0.13274907 -0.05454252 -0.04042002
v -0.12796281 -0.05505214 -0.04239516
v -0.12385199 -0.05983203 -0.03703177
v -0.12890092 -0.05985007 -0.03628477
v -0.11756566 -0.03682495 -0.01980365
v -0.11680980 -0.03535825 -0.01671657
v -0.13837096 0.00080041 -0.05175970
v -0.13710934 0.00596497 -0.04468049
v 0.08363006 -0.11076815 -0.03616918
v 0.12310772 -0.00665242 -0.03676921
v 0.09402663 0.05459636 0.03039658
v 0.09498945 0.07798354 0.02243399
v 0.10412161 0.06140894 0.00867838
v -0.14585043 0.00449992 -0.03961488
v -0.14658961 0.00257977 -0.04285031
v 0.10490259 0.04174048 0.01142306
v 0.09535388 0.09870673 0.01693371
v 0.10425211 0.08317642 0.00408902
v 0.11021518 0.06463069 -0.00820733
v 0.11565253 0.03142065 -0.02774757
v 0.05989486 -0.00800656 0.08152959
v 0.06014433 -0.00822956 0.08184904
v 0.05848908 -0.00860749 0.08416326
v -0.12372769 -0.01100025 -0.02033922
v -0.12065281 -0.01015513 -0.02311908
v -0.12115362 -0.01115587 -0.02315494
v -0.12501009 -0.01284184 -0.02027041
v 0.05856210 -0.00843603 0.08367862
v 0.05928883 -0.00743978 0.08053032
v 0.05783356 -0.00799565 0.08255178
v -0.12363529 -0.01186405 -0.01818392
v -0.12451506 -0.01389833 -0.01837894
v -0.12311754 -0.01416046 -0.01721869
v -0.12248250 -0.01314268 -0.01676980
v 0.06033211 -0.00701670 0.07882293
v 0.06100968 -0.00760217 0.07958981
v 0.06134677 -0.00788140 0.07990219
v 0.04265400 -0.00617414 0.08855386
v 0.04363028 -0.00587673 0.08787251
v 0.04620808 -0.00691641 0.08770856
v 0.04525068 -0.00712818 0.08930808
v 0.04249986 -0.00654433 0.08934034
v 0.04543770 -0.00759824 0.09011698
v -0.11927601 -0.00982256 -0.02394133
v -0.12002544 -0.01019729 -0.02356081
v -0.12042538 -0.00957486 -0.02346196
v -0.12854287 -0.00447932 -0.04138795
v -0.12848274 -0.01254953 -0.04668123
v -0.12639296 -0.01419569 -0.04724962
v -0.12893297 -0.00749272 -0.04132451
v 0.04625290 -0.00362893 0.07921045
v 0.04562204 -0.00330464 0.07903391
v -0.14786161 -0.00976373 -0.05432467
v 0.04722556 -0.00402923 0.07928557
v 0.04113924 -0.00432005 0.08484696
v 0.04133462 -0.00346029 0.08491217
v -0.14109391 0.01071808 -0.01640789
v -0.13954981 0.01331515 -0.01522573
v -0.14460024 0.01677238 -0.01998550
v 0.04542800 -0.00256435 0.07903077
v 0.04522412 -0.00311767 0.07890134
v 0.04165700 -0.00446182 0.08521318
v -0.11651132 -0.02904406 -0.03777234
v -0.12333155 -0.02951725 -0.03309105
v -0.12170367 -0.02993552 -0.03027675
v -0.11739389 -0.02973545 -0.03453092
v -0.11910110 -0.02253745 -0.02428045
v -0.11428811 -0.02737975 -0.02509082
v -0.12110186 -0.02558237 -0.02133007
v -0.12402055 -0.00559769 -0.01627322
v -0.12282658 -0.00890370 -0.02131628
v -0.12290923 -0.01026343 -0.01959847
v -0.12287542 -0.01019556 -0.01755720
v -0.14925525 -0.02254608 -0.05608140
v -0.15234059 -0.01401969 -0.05804796
v -0.14928864 -0.01375650 -0.06126535
v -0.14631079 -0.02291771 -0.05937801
v 0.03990459 -0.00481641 0.08572799
v 0.03872766 -0.00459053 0.08520703
v -0.11428485 -0.05472678 -0.01423750
v -0.10555037 -0.05727404 -0.01938888
v -0.11267920 -0.04863191 -0.01369046
v -0.15565060 0.01602918 -0.03838149
v -0.15174831 0.01756109 -0.03823309
v -0.15235716 0.01617439 -0.04281636
v -0.15709786 0.01472089 -0.04259190
v -0.12455750 -0.00326217 -0.02783269
v -0.12363913 -0.00511739 -0.02831256
v -0.12453283 -0.00435230 -0.02573216
v -0.12444096 -0.00237573 -0.02500447
v 0.03887997 -0.00331162 0.08568744
v 0.05071342 -0.00902049 0.08958238
v 0.05096617 -0.00980502 0.08927560
v 0.04617384 -0.00912379 0.08998406
v 0.04579077 -0.00825754 0.09022129
v 0.05040453 -0.00848881 0.08957679
v 0.05365656 -0.00856239 0.08783910
v 0.05378623 -0.00909224 0.08779845
v 0.05393591 -0.00984966 0.08738874
v -0.08120988 -0.04216077 -0.11724322
v -0.09503631 -0.04801713 -0.08183102
v -0.10513166 -0.02301797 -0.09245776
v -0.09253564 -0.01915463 -0.12232354
v -0.13457131 -0.04941780 -0.03816292
v -0.13285536 -0.05409708 -0.03445978
v -0.12834892 0.00121078 -0.01213882
v -0.12694576 0.00267098 -0.01010345
v -0.12862363 0.00843716 -0.01048860
v -0.13037422 0.00554230 -0.01165238
v 0.04293769 -0.00793195 0.09008320
v 0.04281875 -0.00705170 0.08991286
v 0.05394087 -0.01052081 0.08695638
v 0.05125477 -0.01048728 0.08876790
v -0.15421517 0.00290219 -0.06014554
v -0.15877467 0.00213067 -0.05765262
v 0.04637984 -0.00977433 0.08961567
v 0.04283286 -0.00834318 0.09006593
v 0.04008815 -0.00679254 0.08943793
v 0.04123970 -0.00672105 0.08963589
v 0.05124135 -0.01111759 0.08760999
v 0.05102576 -0.01175437 0.08726658
v 0.04622071 -0.01105617 0.08870681
v 0.04635008 -0.01043996 0.08886693
v -0.13476466 0.00777234 -0.02139534
v -0.13851559 0.01121909 -0.02485647
v -0.13588190 0.00888975 -0.02392544
v -0.13375154 0.00712436 -0.02192919
v -0.13382432 -0.00066872 -0.01943444
v -0.13505889 0.00054846 -0.01897122
v -0.13150276 0.00128940 -0.01921244
v -0.12964550 0.00002294 -0.01997876
v 0.05387024 -0.01113573 0.08565000
v 0.05374880 -0.01183968 0.08503707
v -0.12601784 0.00729920 -0.00759781
v -0.12798545 0.01279602 -0.01009174
v 0.06265983 -0.00769278 0.07671832
v 0.06334852 -0.00710516 0.07525739
v 0.06323002 -0.00774640 0.07519186
v -0.11004888 -0.04114207 -0.04252673
v 0.06272125 -0.00818499 0.07590634
v 0.06619721 -0.01015549 0.06935658
v 0.06782887 -0.00887357 0.06840912
v 0.07042050 -0.00956266 0.06546432
v -0.13220239 0.00060659 -0.01509791
v -0.13377002 0.00328514 -0.01447436
v -0.13614249 0.00229151 -0.01813151
v -0.11398648 -0.03993707 -0.01238138
v -0.11587131 -0.03655987 -0.01459079
v -0.13306084 0.00672287 -0.02177749
v -0.13176256 0.00555359 -0.02195442
v -0.12881809 0.00122534 -0.02073327
v -0.13050729 0.00071022 -0.02454367
v 0.06856935 -0.01109360 0.06738417
v -0.13862072 -0.00370586 -0.03771845
v -0.13961390 -0.01265119 -0.04236905
v 0.08281098 -0.02002374 0.05840961
v 0.07247403 -0.01409872 0.06554580
v 0.07458056 -0.01237646 0.06215527
v 0.06200825 -0.00794927 0.07813552
v 0.06125432 -0.00830680 0.07977073
v 0.06206801 -0.00757742 0.07824168
v 0.06267750 -0.00715021 0.07663660
v 0.06205503 -0.00859907 0.07728311
v 0.06121457 -0.00893200 0.07909775
v 0.06011339 -0.00858540 0.08168207
v 0.05998491 -0.00924514 0.08115072
v 0.05830600 -0.00962544 0.08348098
v 0.05836933 -0.00892779 0.08401126
v 0.05635505 -0.00906715 0.08599488
v -0.11034670 -0.02580604 -0.06594184
v -0.10106221 -0.05225484 -0.04439845
v 0.05664449 -0.00863636 0.08592487
v 0.05640425 -0.00982008 0.08544496
v 0.05828654 -0.01020440 0.08271037
v 0.05634660 -0.01043768 0.08487406
v 0.05992407 -0.00984648 0.08014619
v 0.06124041 -0.00946788 0.07805546
v 0.06217038 -0.00902795 0.07620779
v 0.06306013 -0.00860217 0.07484759
v 0.06375135 -0.00797710 0.07403658
v 0.06253989 -0.00944637 0.07485498
v 0.06338294 -0.01005769 0.07317171
v 0.06174039 -0.01057851 0.07540658
v 0.06137750 -0.00993112 0.07681823
v 0.06377647 -0.00892575 0.07343227
v 0.06483354 -0.00946200 0.07143359
v -0.12925923 0.00169126 -0.01958279
v -0.12961152 0.00224544 -0.01960073
v -0.12861565 0.00139156 -0.01940448
v -0.12764433 0.00062898 -0.02050371
v 0.06007114 -0.01029150 0.07893512
v 0.06014518 -0.01093819 0.07787251
v 0.05820310 -0.01137450 0.08047746
v 0.05822301 -0.01070670 0.08152694
v -0.13063180 -0.05835355 -0.03083616
v -0.13779904 0.00162701 -0.03225397
v -0.13312417 -0.00094499 -0.02973833
v -0.13568729 0.00108768 -0.02910293
v 0.05627127 -0.01097532 0.08361682
v 0.05635263 -0.01174917 0.08267236
v -0.15389459 -0.00813977 -0.05342839
v -0.15797836 -0.00013276 -0.05110833
v -0.16062742 0.00040693 -0.05348294
v -0.15641207 -0.00797416 -0.05543823
v 0.05014289 -0.00820969 0.08894155
v 0.04967122 -0.00754413 0.08717896
v 0.05277610 -0.00795173 0.08609380
v 0.05380511 -0.00845245 0.08714780
v 0.05672800 -0.00855443 0.08540051
v -0.10806604 -0.06155125 -0.02269510
v -0.12328859 -0.00554957 -0.03073248
v -0.12547615 -0.00694724 -0.03003303
v 0.05558988 -0.00795538 0.08437673
v 0.05286935 -0.00750136 0.08362749
v 0.05135487 -0.00487293 0.07808817
v 0.05266872 -0.00493839 0.07737990
v 0.05507356 -0.00752105 0.08207535
v -0.12769549 -0.00083229 -0.02568010
v -0.12639652 -0.00026233 -0.02115362
v 0.05006646 -0.00701872 0.08465108
v 0.04994846 -0.00461801 0.07837427
v 0.04701538 -0.00628807 0.08544044
v -0.11643903 -0.03158429 -0.01347037
v 0.04854241 -0.00439468 0.07903330
v 0.04459677 -0.00556139 0.08613811
v 0.05228639 0.00166885 0.09466060
v 0.05258825 0.00226362 0.09507900
v 0.05756757 0.00147382 0.09282163
v 0.05669350 0.00098198 0.09250432
v 0.06096565 -0.00087469 -0.15994015
v 0.06310217 0.01594383 -0.16497189
v 0.04693811 0.01284045 -0.18484914
v 0.05922459 -0.00195509 0.08925496
v 0.05931950 -0.00053146 0.08927013
v 0.06178644 -0.00127458 0.08524925
v 0.06162417 -0.00254841 0.08523706
v 0.05903808 -0.00326558 0.08885264
v -0.14923403 0.01245860 -0.04213454
v -0.15076025 0.01122949 -0.04488647
v -0.14701970 0.01109980 -0.04063570
v -0.14666018 0.01181819 -0.03769758
v -0.14554621 0.01381331 -0.03401634
v -0.14442571 0.01427044 -0.03311000
v -0.14801660 0.01363249 -0.03885610
v -0.13221139 0.00006102 -0.02661579
v -0.13415733 0.00136026 -0.02742831
v 0.06126039 -0.00383073 0.08475035
v 0.05647459 -0.00264157 0.09277402
v -0.12667681 -0.03809895 -0.02789516
v -0.12767503 -0.04787708 -0.02932814
v -0.14306879 -0.02363931 -0.04814072
v -0.14154819 -0.02359546 -0.04347560
v -0.14462656 -0.00650035 -0.06053292
v -0.14547750 0.00204709 -0.05736474
v -0.14203310 0.00129099 -0.05409801
v -0.14218101 -0.00671650 -0.05820976
v 0.05668915 -0.00118262 0.09317631
v 0.05677516 0.00019908 0.09277564
v 0.05946090 -0.00282309 0.07670469
v 0.05872489 -0.00264568 0.07818086
v -0.13185577 -0.00586333 -0.05230525
v -0.12565021 -0.00533099 -0.05151359
v -0.12198556 -0.01223980 -0.01573972
v -0.12096326 -0.00837412 -0.01203740
v -0.12541485 -0.00176197 -0.02469707
v -0.12574238 -0.00044739 -0.02189356
v -0.13207674 -0.03035837 -0.05242114
v -0.12368473 -0.04462671 -0.04146349
v -0.13203703 -0.03443905 -0.04992457
v -0.11580202 -0.04609497 -0.03802250
v -0.11503852 -0.04846469 -0.03434481
v -0.11984329 -0.04822518 -0.03712419
v 0.05974232 -0.00342685 0.08072837
v 0.06085709 -0.00359964 0.07818331
v 0.05996263 -0.00310098 0.07539260
v 0.06140056 -0.00359949 0.07631470
v 0.05558366 -0.00256166 0.07361286
v 0.05526913 -0.00244483 0.07431991
v 0.05474499 -0.00235826 0.07527786
v -0.13489810 -0.03171276 -0.04059281
v -0.13902792 -0.02864188 -0.04437859
v 0.05578108 -0.00277761 0.07315975
v -0.12053084 -0.01017646 -0.02502435
v -0.11818012 -0.01158540 -0.02844725
v -0.11681886 -0.01033388 -0.02480387
v -0.14415002 -0.00379280 -0.04024113
v -0.14471774 -0.01279977 -0.04379660
v -0.13435271 0.00282417 -0.01930381
v 0.05593609 -0.00307405 0.07292980
v -0.12846090 -0.00622958 -0.02177138
v -0.12990414 -0.00336271 -0.01790708
v -0.14034159 0.00596860 -0.01814951
v -0.13783908 0.00455749 -0.01944405
v -0.13615939 0.00362525 -0.01937566
v -0.13772786 0.00403311 -0.01775456
v -0.10696292 -0.02174224 -0.03027846
v -0.11100895 -0.02497924 -0.02768219
v -0.11447765 -0.02059673 -0.02572688
v 0.05611180 -0.00344455 0.07289526
v 0.05578210 -0.00368048 0.07303882
v 0.08791587 -0.03606558 0.05365426
v 0.08767495 -0.02520240 0.05507479
v -0.14340717 0.01299338 -0.02945988
v -0.14439867 0.01146097 -0.03170114
v -0.13973577 0.00710417 -0.04723340
v 0.09163623 -0.03271454 0.04676485
v 0.06171771 -0.00719077 0.07785481
v -0.13534205 0.00523183 -0.02581201
v -0.13469543 0.00418864 -0.02799511
v 0.06234703 -0.00670495 0.07631551
v -0.13345152 0.01700959 -0.02927812
v -0.13404691 0.01395212 -0.02484254
v -0.13333204 0.01411679 -0.02299639
v -0.13273427 0.01864565 -0.02161928
v 0.06097584 -0.00669343 0.07730520
v -0.11319202 -0.05426326 -0.02957995
v -0.11838482 -0.05295601 -0.03406632
v -0.11801515 -0.05059021 -0.03456151
v -0.11427870 -0.05121176 -0.03137113
v -0.12045943 -0.03026665 -0.02928269
v -0.11730540 -0.03028776 -0.03274795
v 0.06150397 -0.00619890 0.07596837
v -0.14481932 -0.02074633 -0.05288770
v -0.14369179 -0.02239658 -0.05130021
v -0.14619671 -0.01573761 -0.05344549
v -0.14701416 -0.01354391 -0.05464937
v 0.06298988 -0.00613696 0.07493377
v 0.06351022 -0.00645960 0.07492644
v 0.05836917 -0.00690863 0.07909602
v 0.05455071 -0.00471926 0.07572778
v 0.05518930 -0.00455669 0.07489994
v -0.12616786 -0.00191897 -0.03307806
v -0.12541275 -0.00309348 -0.03149267
v -0.13160804 0.00978906 -0.02991277
v -0.13601708 0.01215074 -0.03141145
v -0.13574293 0.01359798 -0.02545138
v -0.13243248 0.01180699 -0.02590192
v -0.14328885 0.00838621 -0.05034209
v 0.05928896 -0.00649558 0.07775901
v 0.05693170 -0.00738814 0.08071782
v 0.05371576 -0.00486556 0.07656036
v 0.05508342 -0.00411736 0.07399551
v 0.05548394 -0.00395679 0.07344369
v -0.13478109 0.00260217 -0.02840141
v -0.13554256 0.00296199 -0.02967617
v 0.05938356 -0.00597213 0.07638888
v -0.13436441 0.00290600 -0.02740046
v 0.06001378 -0.00549213 0.07519640
v 0.06189264 -0.00557198 0.07505669
v -0.12810898 -0.00079865 -0.02075041
v -0.13228935 -0.00162599 -0.02099172
v -0.13974398 0.00655510 -0.02028912
v -0.14483954 0.01039944 -0.02287350
v -0.14317638 0.01117667 -0.02502522
v -0.13884732 0.00733675 -0.02049319
v 0.06087619 -0.00459420 0.07416390
v 0.06070074 -0.00408464 0.07429530
v 0.06234244 -0.00518428 0.07476535
v -0.13123129 0.00406879 -0.01977404
v 0.06238135 -0.00464021 0.07484798
v 0.06049663 -0.00495361 0.07438157
v -0.01487338 -0.03522277 -0.17358407
v -0.01838986 -0.01906789 -0.18300752
v 0.06043538 -0.00358660 0.07468748
v 0.06209146 -0.00421214 0.07544100
v 0.06373528 -0.00702071 0.07450112
v 0.06396604 -0.00609160 0.07427125
v 0.06460534 -0.00542783 0.07341831
v 0.06424696 -0.00711839 0.07353541
v -0.13692714 0.01288165 -0.01467278
v -0.13720685 0.01489664 -0.01904955
v -0.13948159 0.01594294 -0.01959857
v -0.13816509 0.01371169 -0.01521648
v -0.14617582 0.01069823 -0.03748002
v 0.06513622 -0.00703711 0.07216670
v 0.06459811 -0.00817625 0.07249151
v 0.06573213 -0.00480515 0.07289031
v 0.06750816 -0.00409462 0.07119231
v -0.15281630 0.00862592 -0.04700823
v -0.12724851 -0.00918541 -0.02870489
v -0.12180988 -0.01234815 -0.03101347
v 0.06679925 -0.00695814 0.07031170
v 0.06580404 -0.00837920 0.07057904
v 0.06361982 -0.00557349 0.07444166
v -0.10282680 -0.01375129 -0.02978968
v -0.10356072 -0.01236644 -0.02912957
v -0.10485590 -0.01251020 -0.03083067
v -0.10464461 -0.01350310 -0.03174649
v 0.06363885 -0.00516931 0.07419418
v 0.06513965 -0.00403156 0.07544828
v -0.11065480 -0.02041385 -0.03418025
v -0.11486997 -0.02189962 -0.03310924
v -0.11284735 -0.02455094 -0.03104552
v -0.10942926 -0.02250427 -0.03341401
v 0.06598983 -0.00311475 0.07499955
v 0.06426866 -0.00466905 0.07545666
v 0.06370530 -0.00428267 0.07783906
v 0.06445857 -0.00354387 0.07822193
v -0.10170125 -0.01707626 -0.03112673
v -0.10228015 -0.01524188 -0.03037374
v -0.10381199 -0.01547644 -0.03282924
v -0.10302801 -0.01739625 -0.03407937
v 0.06493542 -0.00257668 0.07786021
v 0.06335436 -0.00319614 0.08156907
v -0.14200000 0.01314838 -0.02667820
v -0.14515856 0.01346986 -0.02997915
v 0.06366542 -0.00200281 0.08137535
v 0.06274149 -0.00414644 0.08085377
v 0.06334630 -0.00470447 0.07541366
v -0.15681021 0.00702897 -0.04480238
v -0.15741552 0.00515154 -0.04734096
v -0.15126711 0.01172676 -0.04095028
v -0.15234062 0.01022315 -0.04381561
v 0.06279992 -0.00432369 0.07716372
v 0.06195816 -0.00421067 0.07973614
v 0.06064064 -0.00414699 0.08311966
v -0.12073997 -0.02281411 -0.01671234
v -0.12276206 -0.02205519 -0.01897041
v -0.12199535 -0.02450604 -0.01943332
v -0.15925243 0.00952866 -0.04330092
v -0.15799452 0.01274307 -0.04590397
v -0.11864012 -0.05379605 -0.01653991
v -0.11673026 -0.05727603 -0.01521536
v -0.06214288 -0.19932045 -0.01312744
v -0.08107190 -0.18377849 -0.02803929
v -0.07932697 -0.20436536 -0.03007238
v -0.06010850 -0.21918394 -0.01511603
v -0.13867916 0.00865792 -0.01508965
v -0.13597694 0.01119158 -0.01410189
v 0.05868518 -0.00373889 0.08710460
v 0.05782688 -0.00312437 0.08403304
v 0.05613192 -0.00315460 0.09078982
v -0.10173952 -0.01978333 -0.03236762
v -0.10174572 -0.01994145 -0.03235041
v -0.10670240 -0.02254035 -0.03230248
v -0.11106604 -0.01504065 -0.02667676
v -0.10410658 -0.01430701 -0.02874884
v 0.05538575 -0.00289471 0.08683489
v 0.05315873 0.00342234 0.09691121
v 0.05846820 0.00291994 0.09367949
v 0.05483185 -0.00202493 0.08319660
v 0.05257600 -0.00218390 0.07783609
v 0.05114959 -0.00204119 0.07849963
v 0.05216580 -0.00214600 0.08508243
v -0.11201902 -0.01824457 -0.03376300
v 0.04212017 -0.00272695 0.08585078
v 0.04321886 -0.00222894 0.08704064
v -0.11158802 -0.01173266 -0.02996212
v -0.11122003 -0.01077839 -0.02755154
v -0.11229070 -0.03015742 -0.02714953
v -0.11434536 -0.03122180 -0.03032384
v -0.11732630 -0.03303759 -0.02537171
v -0.10357531 -0.02012590 -0.03465137
v -0.12779471 -0.00090354 -0.02948314
v 0.04649900 -0.00227877 0.07991308
v 0.04588864 -0.00235981 0.07946004
v 0.04043600 -0.00281209 0.08742636
v 0.04192885 -0.00219530 0.08909976
v -0.11746861 -0.01779278 -0.03327770
v -0.11974612 -0.02052866 -0.03721457
v -0.11806095 -0.02348264 -0.03622850
v -0.11605764 -0.02035153 -0.03360882
v -0.13130833 -0.03722452 -0.03883344
v -0.13151041 -0.03411769 -0.03825321
v -0.11621518 -0.02689412 -0.04163470
v -0.12295080 -0.02825341 -0.03817491
v -0.12784986 -0.00626401 -0.02799866
v -0.13065305 -0.00388062 -0.02326228
v -0.12201417 -0.00991684 -0.02585412
v -0.11784019 -0.01495930 -0.03126125
v -0.12113128 -0.01760969 -0.03567290
v -0.11140341 -0.01353264 -0.02667685
v -0.11756975 -0.01329658 -0.02414749
v -0.11717441 -0.01191533 -0.02438827
v -0.11144747 -0.01226369 -0.02687600
v -0.13797401 0.00470339 -0.02987845
v -0.13271260 0.00895748 -0.01225501
v -0.13582003 0.00613257 -0.01444023
v -0.13657571 0.02402333 -0.04742718
v -0.13274632 0.01661123 -0.05964246
v -0.13266054 0.01462377 -0.03679565
v -0.11365834 -0.01590898 -0.03311940
v -0.10414118 -0.01174415 -0.02916330
v -0.10540754 -0.01250889 -0.02893088
v -0.14372069 -0.02833797 -0.05037341
v -0.11855575 -0.03454985 -0.02472953
v -0.12610507 -0.00250479 -0.02207939
v -0.14315689 -0.01328564 -0.06036023
v -0.14070086 -0.02191207 -0.05889657
v -0.12562211 -0.00124401 -0.02196716
v -0.12601700 -0.00027144 -0.02169224
v -0.11607093 -0.03100472 -0.03194239
v -0.11939088 -0.03158832 -0.02749998
v -0.12654866 -0.00005441 -0.02120756
v -0.12314935 -0.02233223 -0.02112344
v -0.14589432 0.00570491 -0.03719034
v 0.04676749 -0.00216625 0.08735699
v 0.04842445 -0.00222713 0.08009876
v -0.12546360 -0.05021821 -0.04249331
v -0.12176186 -0.05373271 -0.03770662
v 0.04729284 -0.00225261 0.08014512
v -0.10504484 -0.01309148 -0.02828158
v 0.04500027 -0.00217679 0.08722642
v -0.11045131 -0.02433956 -0.02991318
v -0.11207345 -0.01378386 -0.03092707
v 0.04609072 -0.00212669 0.09099831
v 0.04371896 -0.00199728 0.09019692
v 0.05233236 -0.00253486 0.08922639
v -0.12156169 -0.01634136 -0.02304992
v -0.12056416 -0.01948701 -0.02328081
v -0.12370802 -0.01901809 -0.02021612
v 0.03320241 0.12177451 -0.17933224
v 0.03133009 0.09271871 -0.19208275
v -0.12534386 -0.02672954 -0.04069950
v -0.11852535 -0.02305888 -0.04423916
v -0.12166016 -0.02122790 -0.04716148
v -0.12943350 -0.02445844 -0.04206453
v -0.13753004 -0.03079609 -0.05641142
v -0.13361719 -0.03947067 -0.05195981
v -0.13725650 -0.04247770 -0.05238456
v -0.14264128 -0.03293534 -0.05660930
v 0.05196004 0.09486164 -0.17467329
v 0.05301779 0.12011535 -0.16413081
v -0.13934055 0.04368056 -0.05762020
v -0.13705222 0.02816164 -0.03355763
v -0.13968965 0.05029666 -0.03530166
v -0.14224350 0.01484437 -0.03918524
v -0.14198688 0.01299112 -0.04277758
v -0.15258835 0.01450732 -0.04690161
v -0.13159633 0.01606882 -0.01528280
v -0.13281941 0.01408392 -0.02106559
v -0.13655829 0.01399861 -0.01880366
v -0.15148032 -0.00663369 -0.06208915
v 0.05701994 -0.00230892 0.08094788
v 0.05380548 -0.00226709 0.07660232
v 0.06342947 0.12051103 -0.14929754
v 0.06340145 0.13600914 -0.14040595
v 0.05459165 0.14092684 -0.14987618
v 0.04149112 -0.08728242 -0.14170553
v 0.02954559 -0.10630200 -0.15826544
v -0.12635985 -0.00228867 -0.01360191
v -0.13056603 -0.00162580 -0.01616669
v 0.03829464 -0.00312923 0.08969788
v -0.13052657 -0.02808014 -0.05361628
v 0.04032894 -0.00254104 0.09089907
v -0.13170169 -0.02856224 -0.03789933
v -0.13655227 -0.02666632 -0.04031187
v -0.15240411 0.01376129 -0.02806294
v -0.14731665 0.01117795 -0.02538551
v 0.03687175 -0.00369080 0.08863986
v 0.03590379 -0.00364918 0.08874321
v 0.03745057 -0.00290490 0.08992621
v 0.03922731 -0.00216300 0.09121723
v 0.04267330 -0.00217578 0.09209423
v 0.04190879 -0.00179531 0.09312438
v 0.04547751 -0.00172174 0.09515591
v 0.04544345 -0.00223458 0.09350630
v 0.05273154 -0.00268506 0.09331557
v 0.05292326 -0.00206718 0.09517550
v 0.04498255 -0.00049001 0.09507529
v 0.04134329 -0.00077427 0.09256595
v 0.04432463 0.00106288 0.09477314
v 0.04126699 0.00065715 0.09242706
v 0.05289964 0.00076797 0.09493873
v 0.05324391 -0.00063336 0.09546526
v 0.03982707 -0.00581223 0.08892453
v 0.03747929 -0.00536307 0.08872066
v 0.04049350 -0.00549553 0.08847659
v 0.03813950 -0.00505131 0.08812420
v 0.04160224 -0.00512081 0.08713356
v 0.03705948 -0.00455583 0.08788968
v 0.03608252 -0.00467445 0.08844613
v -0.00395376 -0.23094174 0.01233973
v -0.00448185 -0.24351504 0.00741245
v 0.04273107 -0.00486853 0.08591929
v 0.03649259 -0.00259145 0.08910742
v 0.03498140 -0.00356657 0.08853933
v 0.03539515 -0.00118814 0.08786397
v 0.03427916 -0.00308474 0.08805256
v 0.03828641 0.00052642 0.08971944
v 0.03838883 -0.00135076 0.09005891
v 0.03507921 -0.00469396 0.08827686
v 0.03585965 -0.00532480 0.08860258
v 0.03446753 -0.00440481 0.08801062
v 0.03521999 -0.00516165 0.08828971
v 0.04252579 -0.00896858 0.08992767
v 0.04228818 -0.00936374 0.08950204
v 0.03921491 -0.00725566 0.08946775
v 0.03857008 -0.00732732 0.08908451
v 0.05069841 -0.01237707 0.08664383
v 0.05347462 -0.01256335 0.08470155
v 0.05035238 -0.01339966 0.08670297
v 0.00917466 -0.03970155 0.12470525
v 0.00780890 -0.03959435 0.12236960
v 0.00971887 -0.03708473 0.12085429
v 0.01017068 -0.03724797 0.12195872
v 0.05327094 -0.01364740 0.08447795
v 0.04531831 -0.01263838 0.08876044
v 0.04586492 -0.01176755 0.08855295
v 0.04327408 -0.22526987 -0.01153236
v 0.06448892 -0.01094786 0.07166664
v 0.06620376 -0.01218165 0.07035030
v 0.06383458 -0.01293116 0.07322030
v 0.06250140 -0.01142285 0.07408345
v 0.06037960 -0.01184734 0.07664366
v 0.00812222 -0.05291422 0.12076046
v 0.00894004 -0.05052730 0.12001786
v 0.00728616 -0.05026292 0.11831741
v 0.00589492 -0.05225112 0.11949111
v 0.06106565 -0.01335055 0.07618154
v 0.05832941 -0.01357618 0.07916515
v 0.05804408 -0.01226508 0.07949610
v 0.05617553 -0.01248275 0.08194660
v 0.05600200 -0.01378367 0.08183628
v 0.06924980 -0.00720737 0.06753074
v 0.07035135 -0.00382467 0.06722467
v 0.07166466 -0.00772933 0.06430542
v 0.07360707 -0.00414468 0.06325741
v 0.03349988 0.00035769 0.08790568
v 0.01123277 -0.03705269 0.12129037
v 0.01248560 -0.04032332 0.12540743
v 0.01132913 -0.04028781 0.12675647
v 0.01082915 -0.03717320 0.12179407
v 0.03303743 -0.00232995 0.08718215
v 0.03198191 0.00152938 0.08988725
v 0.03164219 -0.00136074 0.08862324
v 0.03369100 0.00409333 0.09229037
v 0.03549878 0.00276281 0.08997500
v 0.03366284 -0.00408914 0.08793590
v 0.03453273 -0.00521551 0.08786769
v 0.03258811 -0.00407311 0.08841329
v 0.03372662 -0.00565039 0.08852264
v 0.04171348 -0.00996395 0.08926915
v 0.04115890 -0.01086526 0.08935560
v 0.03795731 -0.00777657 0.08912583
v 0.03707249 -0.00854409 0.08925819
v 0.05835903 -0.01266943 -0.15497461
v 0.06434888 0.04175156 -0.16378787
v 0.06615484 0.00718049 0.08902714
v 0.06334867 0.00434658 0.08964551
v 0.05988558 0.00548495 0.09452425
v 0.06171282 0.00872351 0.09565701
v 0.06970441 0.01172261 0.08626895
v 0.07285787 0.00803868 0.07950981
v 0.06956992 0.00495329 0.08260257
v 0.06647304 0.00280042 0.08436749
v 0.07142359 -0.00143940 0.06919855
v 0.06895225 -0.00158182 0.07217197
v 0.06900623 -0.00013832 0.07501063
v 0.07141772 0.00044521 0.07255392
v 0.07463498 -0.00144383 0.06517486
v 0.07505637 0.00116222 0.06911701
v 0.07069415 0.00238989 0.07717819
v 0.06798499 0.00123731 0.07923228
v 0.07447565 0.00397952 0.07422490
v 0.04236110 0.00709544 0.09790812
v 0.04282009 0.00532530 0.09595953
v 0.03970111 0.00373226 0.09298021
v 0.03832045 0.00497275 0.09381402
v 0.04100052 0.00843685 0.09953880
v 0.03631928 0.00622800 0.09514753
v 0.05545607 0.00926976 0.10108861
v 0.05444160 0.00652050 0.09868605
v 0.04413025 0.00224295 0.09458433
v 0.04214848 0.00158578 0.09345440
v 0.04347369 0.00276087 0.09411074
v 0.04119419 0.00186784 0.09266327
v 0.07498652 0.15147609 -0.10272548
v 0.07887329 0.15891632 -0.07740639
v 0.06135160 0.18092775 -0.08448480
v 0.05924067 0.17078981 -0.11037500
v 0.05929073 0.00008137 0.08978016
v 0.06016437 0.00063816 0.08929867
v 0.06267717 -0.00002340 0.08507318
v 0.06184987 -0.00054909 0.08586679
v 0.06400546 -0.00114931 0.08157557
v 0.06482767 -0.00056242 0.08102332
v 0.06612591 -0.00125250 0.07744666
v 0.06542592 -0.00165710 0.07804898
v 0.06616867 -0.00215002 0.07554723
v 0.06684829 -0.00204724 0.07451978
v 0.04136585 0.00295654 0.09339900
v 0.04342506 0.00356780 0.09502204
v 0.06417015 0.09829566 -0.15630025
v 0.06545375 0.07457382 0.08134443
v 0.07225492 0.07035004 0.06863889
v 0.06968966 0.05675986 0.07661024
v 0.06119999 0.00199709 0.08978616
v 0.06401138 0.00104514 0.08508362
v 0.06603841 0.00020401 0.08049389
v 0.06731521 -0.00070584 0.07671402
v 0.06780111 -0.00140918 0.07433822
v 0.10672362 -0.03026487 -0.01947558
v 0.10698556 -0.02996368 -0.02144801
v 0.11659637 -0.01597378 -0.05882163
v 0.11218803 -0.00968501 -0.05461802
v 0.11000311 -0.00641619 -0.05090879
v 0.12088640 -0.00187757 -0.02664435
v 0.12426584 0.00210646 -0.02988764
v 0.12596649 -0.03549451 -0.05347655
v 0.11986571 -0.03797169 -0.04756564
v -0.15329500 0.01692811 -0.02825352
v 0.12543543 -0.03447833 -0.05403180
v 0.13614251 -0.00091228 -0.04604617
v 0.13688061 -0.00239131 -0.04899174
v 0.13871682 -0.00290845 -0.04860691
v 0.04864790 -0.03677060 -0.14512539
v 0.05480991 -0.02200933 -0.15163088
v 0.13725838 -0.00390601 -0.05200361
v 0.10962887 -0.02493871 -0.02324646
v 0.11892858 -0.01639052 -0.05935973
v 0.12208384 -0.01658697 -0.06272447
v 0.12404592 -0.02156874 -0.06506237
v 0.12245300 -0.02119764 -0.06370370
v 0.12297978 -0.02689924 -0.06369238
v 0.12149064 -0.02618552 -0.06256731
v 0.12809825 -0.03134807 -0.05752144
v 0.12809615 -0.02630618 -0.06083047
v 0.12612130 0.00288224 -0.03186203
v 0.12602353 0.00180662 -0.03097512
v 0.12761682 0.00293486 -0.03253617
v 0.11112233 -0.02582940 -0.02541176
v 0.11767725 -0.00395366 -0.02721435
v 0.11741740 -0.00592496 -0.02532731
v 0.11681508 -0.00538419 -0.02585293
v 0.10662252 -0.02027565 -0.02952148
v 0.10616405 -0.01943685 -0.02948286
v 0.10899290 -0.02176963 -0.02941882
v 0.11244078 -0.02353000 -0.02684340
v 0.10171587 -0.03035155 -0.03218152
v 0.10089874 -0.03075873 -0.03467026
v 0.10001053 -0.03149093 -0.03384647
v 0.13069847 0.01136606 -0.03551732
v 0.11769880 -0.00691240 -0.02504523
v 0.11990658 -0.00600995 -0.02530968
v 0.12097922 -0.00495950 -0.02548492
v 0.12901919 0.00204817 -0.03297716
v 0.12192078 -0.00411197 -0.02557725
v 0.11990507 -0.00391792 -0.02579682
v 0.12233597 -0.00227240 -0.02655730
v 0.11863489 -0.00369199 -0.02626793
v 0.10962960 -0.02534276 -0.05368398
v 0.10785519 -0.02579347 -0.05030385
v 0.10867761 -0.01012515 -0.01537270
v 0.10986506 -0.01204778 -0.01784829
v 0.11805414 -0.03925574 -0.04415774
v 0.11162464 -0.00201535 -0.03911609
v 0.11359154 0.00147896 -0.04118285
v 0.13130921 -0.02216001 -0.06172011
v 0.11838464 -0.03003235 -0.04734644
v 0.11438213 -0.03114531 -0.04560850
v 0.12267520 -0.02838855 -0.04918287
v 0.12656668 -0.02562492 -0.05085635
v 0.11101701 -0.01175412 -0.03281326
v 0.12820441 -0.00687365 -0.04093322
v 0.12890339 -0.00870577 -0.04374930
v 0.12554415 -0.00683066 -0.03871395
v 0.11576600 0.00516769 -0.03745924
v 0.11633701 0.00437527 -0.03375017
v 0.11063845 0.00093204 -0.03675969
v 0.11603611 0.00208078 -0.03360917
v 0.10520817 -0.02722402 -0.03070164
v 0.10053194 -0.03175577 -0.03799762
v 0.10431840 -0.03048760 -0.04008822
v 0.10236176 -0.03221712 -0.03996595
v 0.10510769 -0.03123550 -0.04254055
v 0.10538070 -0.02983593 -0.04459992
v 0.10616320 -0.02793255 -0.04600643
v 0.10861599 -0.02593942 -0.04537814
v 0.10452087 -0.02304300 -0.03027461
v 0.11537931 0.00353525 -0.02109493
v 0.10367718 -0.02474257 -0.03090390
v 0.10723453 -0.02154545 -0.02957673
v 0.10720240 -0.02331438 -0.02962618
v 0.10634708 -0.02514690 -0.02989569
v 0.11171690 -0.03483540 -0.03665713
v 0.11162155 -0.03299496 -0.04012990
v 0.10993147 -0.03427134 -0.03531318
v 0.11227764 -0.03216805 -0.04348084
v 0.10807093 -0.03382996 -0.03439946
v 0.11460146 -0.00129375 -0.03775042
v 0.11611183 0.00187041 -0.03654579
v 0.10641626 -0.02702039 -0.01689971
v 0.09460817 -0.02669928 0.03964303
v 0.09634438 -0.01649109 0.03362579
v 0.04076379 -0.10780740 0.06019942
v 0.03975701 -0.11391000 0.05991372
v 0.08297431 -0.03939182 0.06080314
v 0.07576351 -0.04389779 0.06875768
v 0.04027746 -0.10125746 0.08407180
v 0.03922033 -0.10313465 0.08388560
v 0.03854342 -0.10236447 0.08471727
v 0.03944349 -0.10141878 0.08416575
v 0.03766917 -0.10139305 0.08155568
v 0.03849221 -0.10109195 0.08004043
v 0.03859839 -0.10130614 0.08260923
v 0.03776301 -0.10167646 0.08414356
v 0.04444824 -0.07176417 0.09287438
v 0.04826208 -0.06444245 0.09181984
v 0.05168141 -0.07243166 0.08716907
v 0.04772146 -0.07901517 0.08843863
v 0.03946628 -0.10281853 0.06588124
v 0.03944631 -0.09981060 0.06737764
v 0.03887558 -0.09995541 0.07283750
v 0.03884557 -0.10178146 0.07180191
v 0.03931240 -0.10484344 0.06526251
v 0.03870004 -0.10232353 0.07145921
v 0.04086856 -0.10432670 0.06088057
v 0.04081732 -0.09944251 0.06238105
v 0.05012079 -0.11344421 0.07468055
v 0.04561389 -0.10924262 0.07841104
v 0.04708626 -0.10287066 0.08059847
v 0.05159339 -0.10422374 0.07716607
v 0.04163513 -0.05031928 0.09721575
v 0.04510655 -0.05671854 0.09514558
v 0.04231065 -0.06460205 0.09479862
v 0.03836996 -0.05651829 0.09707721
v 0.03476781 -0.04891662 0.10031924
v 0.03774263 -0.04344292 0.09948023
v 0.03354479 -0.03759743 0.10982263
v 0.03406769 -0.04290973 0.11086537
v 0.03370525 -0.04533006 0.11713473
v 0.03399610 -0.04167183 0.11561605
v 0.03172629 -0.05130381 0.11305895
v 0.03393299 -0.04587327 0.10735837
v 0.02766888 -0.05395874 0.11408690
v 0.00254833 -0.05175634 0.12082402
v 0.00435790 -0.04883933 0.12028529
v 0.00405426 -0.04843254 0.12359639
v 0.00084724 -0.05036114 0.12438807
v 0.02749781 -0.05338643 0.11613347
v 0.03176823 -0.05161247 0.10985573
v 0.01285214 -0.05188656 0.13600010
v 0.01172504 -0.04860637 0.13655344
v 0.01270320 -0.04975601 0.13229376
v 0.01258706 -0.05274887 0.13093613
v 0.03184400 -0.05283664 0.10580966
v 0.02812770 -0.05472645 0.11154616
v 0.02692734 -0.05260951 0.11814192
v 0.02991344 -0.05170885 0.11803433
v 0.00924870 -0.04774798 0.13532382
v 0.00679772 -0.04821688 0.13895297
v 0.00426303 -0.04790933 0.13547909
v 0.00716388 -0.04802687 0.13222487
v 0.01225754 -0.04601317 0.12456860
v 0.01116775 -0.04955000 0.12613708
v 0.01323187 -0.04574333 0.13039756
v 0.00472859 -0.04483931 0.12162499
v 0.00501882 -0.04595800 0.11929875
v 0.00758098 -0.04079499 0.12004540
v 0.00726618 -0.04030852 0.11993577
v 0.03166370 -0.04851895 0.12158851
v 0.02095687 -0.05300185 0.13487336
v 0.02245162 -0.05132736 0.13915069
v 0.02809022 -0.01210676 0.11478926
v 0.03047713 -0.01543277 0.10825276
v 0.02807396 -0.01532476 0.11862592
v 0.03035602 -0.01813918 0.11177744
v 0.03129859 -0.04590569 0.12908114
v 0.03271249 -0.04271811 0.12667494
v 0.02906530 -0.04522689 0.13672477
v 0.03021446 -0.04112081 0.13690665
v 0.02441297 0.00341619 0.11654284
v 0.01860536 -0.05768427 0.12555507
v 0.01888023 -0.05850231 0.12442118
v 0.01852329 -0.05607042 0.12929471
v 0.03652638 0.16153437 -0.14627749
v 0.03862558 0.18193182 -0.12066069
v 0.04004234 0.19946726 -0.07221768
v 0.03873284 0.20311359 -0.04828689
v 0.02113865 -0.09163750 0.11881055
v 0.02118433 -0.08536832 0.12015557
v 0.02759580 -0.09490991 0.08491145
v 0.02202460 -0.09573428 0.08814979
v 0.02196621 -0.09868540 0.09365383
v 0.02747643 -0.09833593 0.09047329
v 0.03119561 -0.09771068 0.08676574
v 0.03170055 -0.09466733 0.08085013
v 0.02798236 -0.09169543 0.08073321
v 0.02226072 -0.09220010 0.08323708
v 0.02701119 -0.10220824 0.10069516
v 0.02181881 -0.10261773 0.10546032
v 0.02141375 -0.10069551 0.11057360
v 0.02695970 -0.09996402 0.10527772
v 0.03427060 -0.05961305 0.10179487
v 0.03048343 -0.05915702 0.10735643
v 0.02639396 -0.06014213 0.11450083
v 0.02308473 -0.06118542 0.11957882
v 0.02238181 -0.05793767 0.12059844
v 0.02505091 -0.05642916 0.11660065
v 0.02196179 -0.05671209 0.12139337
v 0.02451771 -0.05537521 0.11787043
v 0.02428245 -0.05449163 0.11908687
v 0.02467089 -0.05332715 0.11992532
v 0.02291200 -0.05364403 0.12247927
v 0.02339935 -0.05242820 0.12255839
v 0.02183502 -0.05572641 0.12231959
v 0.02367485 -0.02284653 0.14243217
v 0.02366194 -0.01885956 0.13792273
v 0.02607772 -0.08106120 0.11718450
v 0.02133199 -0.08046098 0.12038976
v 0.02049239 -0.07145999 0.12108929
v 0.02497483 -0.07143942 0.11824232
v 0.02970898 -0.07212033 0.11280596
v 0.03095819 -0.08328974 0.11078955
v 0.01921520 -0.05954544 0.12347040
v 0.02617939 -0.08611834 0.11583545
v 0.02634859 -0.09135775 0.11366262
v 0.03110264 -0.08815964 0.10901193
v 0.03111038 -0.09249999 0.10643318
v 0.03548589 -0.08660942 0.10256013
v 0.03480500 -0.07467315 0.10579366
v 0.04035294 -0.07761543 0.09757668
v 0.03905075 -0.09040648 0.09485422
v 0.04680016 -0.09675136 0.08377688
v 0.04166307 -0.10162780 0.08359361
v 0.04175373 -0.09901427 0.08506598
v 0.04159836 -0.09662957 0.08729427
v 0.04612461 -0.09075858 0.08683346
v 0.05090869 -0.09527954 0.08099290
v 0.04980528 -0.08680601 0.08455797
v 0.04408753 -0.08420302 0.09112285
v 0.04084007 -0.09356423 0.09013607
v 0.04054631 -0.09947907 0.08551539
v 0.03965750 -0.10039442 0.08496355
v 0.04030788 -0.09809276 0.08727141
v 0.03945540 -0.09944813 0.08649252
v 0.03977922 -0.09654681 0.08951052
v 0.03895519 -0.09844303 0.08826225
v 0.03789328 -0.09703404 0.09121665
v 0.03850109 -0.09435283 0.09315781
v 0.03774997 -0.10048448 0.08274734
v 0.03665585 -0.10043012 0.08495093
v 0.03681851 -0.10035080 0.08747346
v 0.03782402 -0.10049096 0.08490816
v 0.03842966 -0.10063606 0.08082584
v 0.03836420 -0.10077015 0.08339077
v 0.03840238 -0.09900934 0.07434175
v 0.03759327 -0.09801558 0.07609516
v -0.06861760 -0.16616243 -0.00953688
v -0.08372496 -0.15614153 -0.02672846
v 0.03886802 -0.10072398 0.07979592
v 0.03895388 -0.10093263 0.08178508
v 0.03883003 -0.10130261 0.08422111
v 0.03878314 -0.10031535 0.08518819
v 0.03827938 -0.09971701 0.08678418
v 0.03728433 -0.09899604 0.08921782
v 0.03099698 -0.09612824 0.10326310
v 0.03475244 -0.09447035 0.09886771
v 0.03450265 -0.09741025 0.09593117
v 0.03089208 -0.09991014 0.09928999
v 0.03424595 -0.09993469 0.09316102
v 0.03243734 -0.09165475 0.07622725
v 0.03077515 -0.10158157 0.09519204
v 0.03562304 -0.09483601 0.07507831
v 0.03674576 -0.09216905 0.07064324
v 0.03480617 -0.09742388 0.08116965
v 0.03911555 -0.09791380 0.06898427
v 0.03836869 -0.09596533 0.07054507
v 0.04037576 -0.09614690 0.06404691
v 0.03952704 -0.09371448 0.06612573
v 0.03412761 -0.10072204 0.09006690
v 0.03514755 -0.09103019 0.10094795
v 0.02652612 -0.09582572 0.10981303
v 0.02131177 -0.09639847 0.11517847
v -0.03863480 -0.01596509 0.09051631
v -0.03702565 -0.01904556 0.09217257
v -0.02943401 -0.01806424 0.09395608
v -0.03127258 -0.01537338 0.09222236
v 0.02396311 -0.03246134 0.15244596
v 0.02387654 -0.02694483 0.14717518
v 0.03801969 -0.10195120 0.08500105
v 0.01634516 -0.24999772 0.00190748
v -0.12449312 -0.01639863 -0.01842535
v -0.12301825 -0.01564617 -0.01685247
v -0.14209576 0.01077165 -0.04652175
v 0.04044814 -0.10434264 0.08287983
v 0.03862399 -0.10923871 0.06471346
v 0.03792897 -0.10365798 0.07099938
v 0.04594341 -0.12321647 0.07380629
v 0.03985320 -0.13062102 0.07751894
v 0.03838940 -0.12273943 0.08143675
v 0.04270731 -0.11653034 0.07747705
v 0.03617551 -0.11202221 0.08771139
v 0.03883408 -0.10750875 0.08433194
v -0.14858542 0.01279988 -0.03993656
v 0.03779118 -0.10568798 0.08617693
v 0.03522111 -0.10850053 0.09021687
v 0.03462202 -0.10561142 0.09192681
v 0.03709435 -0.10408837 0.08720052
v 0.03278271 -0.10197301 0.09123291
v 0.02808045 -0.10132155 0.09679605
v 0.02749971 -0.10770524 0.08582664
v 0.03236287 -0.10788380 0.08080800
v 0.03696884 -0.10682662 0.07512055
v 0.03641223 -0.10195157 0.08397904
v -0.14269511 0.01601775 -0.03534374
v -0.14186203 0.01649692 -0.02708695
v -0.13817635 0.01501591 -0.02620021
v -0.13868177 0.01408570 -0.03324892
v 0.03339676 -0.10199386 0.09244725
v 0.03637953 -0.10222470 0.08667022
v 0.02904094 -0.10169108 0.09902315
v 0.02779369 -0.23981789 -0.00394688
v 0.03680843 -0.10274422 0.08737977
v 0.03402204 -0.10300100 0.09232952
v 0.02972959 -0.10365812 0.09943366
v 0.03036115 -0.10722191 0.09912720
v 0.03092293 -0.11126845 0.09816221
v 0.03150421 -0.11637008 0.09566431
v 0.03329589 -0.13005571 0.08829015
v 0.03425227 -0.13989612 0.08409135
v 0.02668151 -0.13378040 0.09554707
v 0.02742914 -0.14443120 0.09353475
v 0.02632776 -0.11919562 0.10297450
v 0.02618767 -0.11304583 0.10599033
v 0.02576283 -0.10818313 0.10632624
v 0.02532580 -0.10402052 0.10605230
v 0.01973011 -0.06208941 0.12223627
v 0.02172020 -0.05380284 0.12513517
v 0.02081304 -0.05356841 0.12956263
v 0.02491182 -0.04898719 0.14110070
v 0.01870367 -0.05521812 0.13419273
v 0.02772740 -0.04605721 0.14027445
v 0.02605589 -0.04734411 0.14315055
v 0.02696534 -0.04480233 0.14523688
v 0.02814314 -0.04347811 0.14301054
v 0.02464252 -0.04883371 0.14561801
v 0.02622214 -0.04544600 0.14732030
v 0.02082514 -0.05132648 0.14914301
v 0.02216835 -0.04625647 0.15404645
v 0.02369274 -0.03776048 0.15525717
v 0.02291369 -0.04278700 0.15564400
v 0.02760939 -0.04247668 0.14673439
v 0.02894476 -0.03934197 0.14390066
v -0.15633878 0.01229667 -0.03659835
v 0.02922046 -0.03481334 0.14066236
v 0.03070350 -0.03687235 0.13289514
v 0.02998773 0.19799644 0.00945822
v 0.02457084 -0.10157191 0.10525887
v 0.02332297 -0.10078903 0.10205977
v -0.12105687 -0.03722807 -0.02451166
v -0.14094162 0.00130057 -0.03514941
v 0.02707032 -0.12485196 0.06940635
v 0.02717047 -0.11731963 0.07519134
v 0.02210872 -0.11807784 0.07881203
v -0.14071268 0.01642310 -0.02295111
v -0.14700788 0.01799675 -0.02336945
v 0.02201328 -0.12588006 0.07320592
v 0.01923901 -0.10013759 0.10492338
v -0.15068927 -0.00766425 -0.05364153
v -0.15770148 0.01138629 -0.04013853
v -0.15462987 0.00955093 -0.03897199
v -0.14245698 0.00803996 -0.01848097
v -0.12667477 -0.01683440 -0.04798613
v -0.13739270 -0.01741651 -0.04301219
v -0.13382225 -0.02170931 -0.04272514
v -0.12481936 -0.01971701 -0.04800324
v -0.12483861 -0.00417245 -0.03122422
v 0.01863619 -0.10718842 0.09202622
v 0.02266415 -0.10726580 0.08975131
v 0.01978885 -0.10125774 0.10838471
v 0.02035197 -0.10399199 0.10994802
v 0.02075268 -0.10843299 0.11101455
v 0.01797778 -0.11822338 0.08066112
v 0.01778554 -0.12676647 0.07496583
v -0.11632793 -0.03112374 -0.01057888
v 0.03703438 -0.11286662 0.06664643
v -0.13055979 -0.04586321 -0.03485118
v -0.13256811 -0.04315151 -0.03876461
v -0.04254953 -0.03664812 -0.16102344
v -0.05029494 -0.01850202 -0.16865256
v -0.15515703 -0.00726908 -0.05925754
v 0.03723082 -0.11899684 0.06149780
v 0.03244993 -0.11696151 0.07158925
v 0.03270823 -0.12221403 0.06624015
v 0.02068361 -0.14579913 0.10113802
v 0.02005649 -0.13555968 0.10160220
v 0.02120100 -0.11393197 0.11053409
v 0.02072632 -0.12063684 0.10729025
v 0.03974805 0.19336459 -0.09721674
v 0.08640986 0.08814134 0.03323168
v 0.08453521 0.07355456 0.04244376
v -0.14300221 0.01374331 -0.02875384
v 0.07527237 0.08455041 0.05667661
v 0.07735675 0.09657154 0.04645485
v 0.08711483 0.10543700 0.02520030
v 0.07802343 0.11156722 0.03694563
v 0.06016561 0.19114265 -0.01315163
v 0.06137960 0.18518344 0.00087901
v 0.04303002 0.19414946 0.00702310
v 0.05434881 0.19554789 -0.03252340
v 0.06591000 0.18374670 -0.05164174
v 0.06919204 0.18262312 -0.01999518
v 0.06977325 0.17708029 -0.00359137
v -0.12453443 -0.03784926 -0.02636849
v -0.12446091 -0.04817875 -0.02432216
v -0.12161882 -0.04716177 -0.02158419
v -0.13514298 0.00342433 -0.02921634
v 0.02858469 -0.12708321 -0.16421774
v 0.06460145 0.06512262 -0.16122511
v 0.06909768 0.17042528 0.01003593
v 0.06120723 0.17712080 0.01397076
v 0.06105138 0.16700421 0.02510584
v 0.06818821 0.16203156 0.02078511
v 0.04338684 0.18471768 0.02037897
v 0.03061928 0.18766633 0.02302658
v 0.02564371 0.01170685 -0.20039988
v 0.02381972 -0.01479503 0.13377160
v 0.05849345 -0.06640403 -0.11985905
v 0.07623411 -0.07137133 -0.08700843
v 0.08566470 -0.17587984 -0.05910645
v 0.10079937 -0.04086739 -0.04644736
v 0.09983514 -0.03979166 -0.04733486
v 0.08260719 -0.10436560 -0.05648578
v 0.08320750 -0.07797495 -0.05402648
v 0.04372782 -0.06187670 -0.14151624
v 0.11524753 -0.02775360 -0.06169786
v 0.11644460 -0.02394074 -0.06198508
v 0.11817116 -0.02888094 -0.06146544
v 0.11912220 -0.02461100 -0.06214179
v 0.11940059 -0.02034889 -0.06135625
v 0.11986697 -0.03085713 -0.06049448
v 0.11642599 0.00403094 -0.03120047
v 0.11957402 0.00562866 -0.02922912
v -0.12909779 -0.02591223 -0.05314192
v -0.12928244 -0.02206532 -0.05461930
v 0.10040053 -0.04389986 -0.03985713
v 0.09986904 -0.04245573 -0.04234138
v -0.10527087 -0.01179635 -0.03027328
v 0.09869431 -0.04303268 -0.04117728
v 0.09866966 -0.04407990 -0.03912162
v 0.10042848 -0.04566035 -0.03754911
v 0.09866688 -0.04526920 -0.03750944
v 0.11408767 0.02805043 -0.01712756
v 0.09590553 -0.04325402 -0.04297040
v 0.09827560 -0.04028752 -0.04664663
v 0.09875007 -0.04137055 -0.04430687
v 0.09796377 -0.04263966 -0.04221729
v 0.09801877 -0.04467560 -0.03923686
v 0.09831521 -0.04645786 -0.03685719
v 0.09939080 -0.04763033 -0.03622142
v -0.13252296 -0.03683558 -0.05052318
v -0.12492877 -0.04724613 -0.04180941
v -0.08978825 -0.14441010 -0.05016693
v -0.08627155 -0.13406439 -0.07802608
v -0.08804638 -0.15710625 -0.07737435
v -0.09049856 -0.17018902 -0.05071506
v -0.11934574 -0.01118575 -0.00858587
v -0.11921653 -0.01960154 -0.01321702
v -0.11875606 -0.02199527 -0.01128478
v 0.12087008 -0.03191173 -0.06140214
v 0.10917356 -0.04536933 -0.04475291
v -0.02310890 -0.21190868 0.00882607
v -0.01843247 -0.23430127 0.00300525
v 0.11358774 -0.00196487 -0.04196985
v 0.11336448 -0.00346148 -0.04547681
v 0.11804407 -0.00197928 -0.04718478
v 0.11807887 -0.00004228 -0.04399155
v 0.07620086 -0.01465430 -0.13226926
v 0.07971935 -0.00290091 -0.13752282
v 0.01463240 -0.12332306 -0.17149580
v 0.01536718 -0.10032551 -0.16703267
v 0.10641211 0.03757960 -0.09700940
v 0.11386552 -0.00070623 -0.03923627
v 0.11851766 0.00156824 -0.04111012
v 0.11709554 -0.01990144 -0.06090627
v 0.10990800 -0.00072104 -0.03963004
v 0.11020336 -0.00216352 -0.04254892
v 0.12081324 0.00385240 -0.04323407
v 0.12041208 0.00180566 -0.04635735
v 0.12003756 -0.00049330 -0.04957288
v 0.11049369 -0.00375023 -0.04574042
v -0.11644001 -0.03105667 -0.00641790
v -0.11457168 -0.03471671 0.00520600
v -0.11740753 -0.01185296 0.00830700
v -0.11767983 -0.01632680 -0.00375684
v 0.11535234 0.00360681 -0.04084051
v 0.11472300 0.08672813 -0.04332129
v 0.11260553 0.08008102 -0.06986012
v 0.10731290 0.11937912 -0.04342784
v 0.10469481 0.11476301 -0.07199293
v 0.09574514 0.10833746 -0.10350403
v 0.10297580 0.07156737 -0.10180347
v 0.11637925 0.00413598 -0.03182012
v 0.12110612 0.00707679 -0.02967174
v 0.08760667 0.12016430 0.01903782
v 0.09579845 0.11359613 0.01085860
v 0.07816144 0.12497959 0.02925035
v 0.07789417 0.13717714 0.02332180
v 0.08637153 0.13405433 0.01376996
v 0.09776176 0.12590173 0.00020586
v 0.11458161 0.06502219 -0.02348558
v 0.11204539 0.09215077 -0.02050372
v 0.10694624 0.09491536 -0.00552287
v -0.08848318 0.01124080 0.05791564
v -0.09253149 0.01298332 0.05059599
v -0.09378962 0.00387586 0.04832945
v -0.08856465 0.00424705 0.05452051
v 0.10448053 0.12334326 -0.01849560
v 0.09023780 0.14493893 -0.00400173
v 0.09549853 0.14323893 -0.02014217
v 0.07971427 0.16194957 -0.00551730
v 0.08173653 0.16337550 -0.02223563
v 0.08054123 0.16360793 -0.04839971
v 0.09743879 0.14075451 -0.04479392
v 0.08338876 0.14638145 0.00922285
v 0.07597523 0.14798167 0.01944247
v 0.07679644 0.15937138 0.00761612
v 0.07357369 0.15703425 0.01614720
v 0.10340919 0.09537895 0.00236213
v 0.08957144 -0.05291170 -0.03717566
v 0.09568015 -0.05525582 -0.03005192
v -0.01503636 0.09320122 0.10221115
v 0.00301682 0.09545054 0.10611872
v 0.00186079 0.11066166 0.09805588
v -0.01685335 0.10817802 0.09377700
v 0.10242195 -0.04145022 -0.01741275
v -0.05438880 -0.00829699 -0.17271501
v -0.05867687 0.00293952 -0.17683281
v -0.02269198 0.00031727 -0.19285709
v -0.02043625 -0.01032904 -0.18750294
v 0.10107367 -0.02231564 0.02277079
v 0.10063528 -0.00925416 0.02234099
v 0.10682197 -0.01557206 0.01055099
v 0.10475618 -0.03058881 0.00944646
v -0.01979531 0.14680719 0.06312865
v -0.00042456 0.14990358 0.06713937
v -0.00160438 0.16272967 0.05274622
v -0.02134527 0.15896139 0.04946980
v -0.07438593 -0.01787892 0.07480576
v -0.07788969 -0.02631693 0.07301240
v -0.07030379 -0.02735470 0.07924838
v -0.06763034 -0.01858598 0.07985230
v 0.09675398 0.00541339 0.02310950
v 0.10427613 -0.00131347 0.01161399
v 0.10342331 0.01839873 0.01228839
v 0.09636818 0.02670574 0.02568110
v 0.08011670 0.10219468 -0.13394433
v 0.08420169 0.06975752 -0.13631830
v -0.12373660 -0.05696326 -0.02082624
v -0.12163867 -0.05542172 -0.01889332
v 0.08547989 0.04576513 -0.13807777
v 0.06763103 0.04417429 0.08181889
v -0.00286873 0.17488523 0.03715225
v -0.02315382 0.17063148 0.03510723
v 0.03511495 0.14630224 -0.16194484
v 0.06751683 0.08989705 0.07083441
v 0.06955763 0.14062500 -0.12598519
v 0.00217617 -0.09842713 -0.16873854
v 0.05630320 0.15358245 -0.13581857
v 0.09524316 0.13646047 -0.07320739
v 0.08894157 0.13083905 -0.09993766
v 0.07544599 0.12308593 -0.13024655
v 0.08431888 0.01805190 -0.14068297
v 0.06869096 0.15194209 0.02723036
v 0.07874508 -0.00151937 0.05977812
v 0.07793145 -0.00529558 0.05772112
v 0.07891272 0.00273376 0.06374629
v 0.07564589 -0.01016090 0.06000277
v 0.03341888 -0.01867925 0.10304514
v 0.03291201 -0.02099345 0.10612047
v 0.03257349 -0.02392221 0.10914772
v 0.03598186 -0.02363107 0.10145156
v 0.03537285 -0.02680406 0.10417593
v 0.02964634 -0.02433103 0.11959679
v 0.03013452 -0.02132873 0.11541039
v 0.03179367 -0.02660401 0.11220405
v 0.03123996 -0.03017692 0.11472174
v 0.02957441 -0.02768890 0.12299132
v 0.03422153 -0.04545840 0.10320872
v 0.03547769 -0.03844184 0.10232605
v 0.03329975 -0.03365933 0.10732898
v 0.03868721 -0.02967325 0.10079387
v 0.03729481 -0.03350040 0.10213253
v 0.03431572 -0.02977419 0.10612422
v 0.03977128 -0.02616624 0.09780666
v 0.03203971 -0.03466249 0.11811566
v 0.03306367 -0.03943417 0.12283197
v 0.02992950 -0.03200385 0.12793967
v 0.02873894 -0.03026729 0.13531470
v 0.02831549 -0.02598990 0.13049220
v 0.03678797 -0.02117151 0.09870173
v 0.04105482 -0.02351875 0.09548526
v 0.04077104 -0.03776398 0.09996662
v 0.04509066 -0.04248169 0.09809162
v 0.04310140 -0.03252768 0.09819341
v 0.04704978 -0.03585742 0.09646009
v 0.04427370 -0.02855091 0.09564984
v 0.04840643 -0.03132875 0.09396600
v 0.04877468 -0.04887934 0.09551367
v 0.05275103 -0.05545517 0.09157176
v 0.05699065 -0.06500866 0.08548133
v 0.05638275 -0.04687604 0.08986890
v 0.06161743 -0.05525459 0.08341342
v 0.05870040 -0.03883335 0.08795495
v 0.06512989 -0.04614250 0.08129038
v 0.00144589 -0.01100619 0.10496160
v 0.00089227 -0.00859081 0.10010257
v -0.00537214 -0.01161421 0.09745845
v -0.00462406 -0.01428306 0.10105607
v 0.00843218 0.04348967 0.11803796
v 0.00659628 0.05785266 0.11507361
v -0.00897807 0.05717368 0.11297308
v -0.00573575 0.04310051 0.11693373
v 0.05145088 -0.04035390 0.09377445
v 0.05326263 -0.03477024 0.09147786
v 0.04968177 -0.02725648 0.09169690
v 0.04568160 -0.02517736 0.09354833
v 0.05972614 -0.02657158 0.08512463
v 0.05968647 -0.03246733 0.08655107
v 0.05423252 -0.02973091 0.08944900
v 0.05482596 -0.02469769 0.08743003
v 0.06713288 -0.03656238 0.08055681
v 0.06628875 -0.02876915 0.08111928
v 0.06454651 -0.02306107 0.08002517
v 0.04966529 -0.01541728 0.08758505
v 0.04463759 -0.01448676 0.08958366
v 0.05280320 -0.01584199 0.08552939
v 0.05916582 -0.02189507 0.08338121
v 0.05527087 -0.02100080 0.08580390
v 0.06949296 -0.01539999 0.06947130
v 0.06625895 -0.01615593 0.07348464
v 0.05875422 -0.01630943 0.08045901
v 0.05575647 -0.01615148 0.08310955
v 0.06240610 -0.01625031 0.07707165
v 0.04016812 -0.01263697 0.09032470
v 0.03556005 -0.01026453 0.09132779
v 0.07482953 -0.09587755 -0.08589276
v 0.02791589 -0.02240937 0.12691578
v 0.02789915 -0.01892599 0.12265596
v 0.03362401 0.00662039 0.09777682
v 0.03114221 0.00441338 0.09600747
v 0.02703487 0.00358689 0.11060022
v 0.03783145 0.00927173 0.10357399
v 0.03251014 -0.00740841 0.09196901
v -0.01345310 -0.01372044 0.09506616
v -0.01181090 -0.01612663 0.09744743
v 0.03062228 -0.00467473 0.09219444
v 0.02955404 -0.00158415 0.09264828
v 0.02961494 0.00177592 0.09410441
v 0.00121749 0.12436779 0.08906841
v -0.01790552 0.12176809 0.08464103
v -0.02518367 0.19977123 -0.01382614
v -0.02576417 0.19696561 -0.00417313
v -0.00476161 0.20328954 -0.00471821
v -0.00704584 0.20597157 -0.02010031
v 0.05015438 0.02371753 0.11123197
v 0.04644051 0.01470897 0.11239293
v 0.08047605 0.05900825 0.05546283
v 0.08631315 0.04526865 0.04598424
v 0.07088112 0.01978036 0.08227687
v 0.07516757 0.01456032 0.07511211
v 0.07794492 0.00839349 0.06852883
v 0.08969665 0.02635621 0.03797192
v 0.09156592 0.00824462 0.03368419
v 0.09453925 -0.00497513 0.03238112
v -0.11735865 0.00061638 -0.09903078
v -0.12229132 -0.00337225 -0.07011877
v -0.12868726 0.00865269 -0.06794421
v -0.12610707 0.01765648 -0.09701712
v 0.06939144 0.11606786 0.05128540
v -0.04328984 -0.19511133 0.00071281
v -0.03832508 -0.21839328 -0.00433725
v 0.00103751 -0.12275319 -0.17306221
v 0.06947511 0.12902662 0.04260229
v 0.06879523 0.10238902 0.06088867
v 0.06087487 0.15595891 0.03493906
v 0.06101275 0.14469504 0.04555727
v 0.06929699 0.14104125 0.03451799
v 0.06140139 0.13252939 0.05527092
v 0.06165199 0.11977123 0.06439625
v 0.06112142 0.10630453 0.07439579
v 0.06017970 0.09344853 0.08392619
v 0.05827410 0.07649310 0.09263787
v 0.05796485 -0.08940670 -0.12039979
v 0.02406061 -0.03661926 0.11992722
v 0.02362490 -0.03679388 0.12056462
v -0.07480706 0.03199366 0.07643867
v -0.07918681 0.04166791 0.07069875
v -0.08578685 0.03209408 0.06270227
v -0.08121664 0.02519265 0.06925306
v 0.02379408 -0.03658002 0.11931331
v 0.02329460 -0.03674900 0.12027228
v 0.02363689 -0.03721398 0.12014301
v 0.02316564 -0.04966389 0.12205397
v 0.02231970 -0.04616041 0.12106299
v 0.02292902 -0.04063164 0.12105577
v 0.10224022 -0.05024943 -0.02155796
v 0.01161911 0.02356127 0.12078862
v -0.00018051 0.02304491 0.12003841
v 0.00314035 0.01597985 0.11785933
v 0.01277915 0.01607455 0.11934615
v -0.08870457 -0.00275103 0.05398641
v -0.09453046 -0.00509861 0.04914977
v -0.09228034 -0.01364269 0.05543035
v -0.08645637 -0.01012887 0.05967077
v -0.07969916 -0.01588217 0.06957869
v -0.08391701 -0.02332091 0.06737790
v -0.01233067 0.07450257 0.10956357
v 0.00473573 0.07612608 0.11222516
v -0.08961005 0.02216803 0.05515817
v -0.08593087 0.01855131 0.06271937
v 0.00582922 -0.00834541 0.11030345
v 0.00472637 -0.00624784 0.10381696
v 0.00872023 -0.00220941 0.10886339
v 0.01421834 -0.00390741 0.12041198
v 0.01469228 0.00043050 0.11742736
v 0.00987277 0.00117910 0.11022187
v -0.03793456 0.04224703 0.10511521
v -0.04182152 0.05525344 0.10052286
v -0.05622486 0.05381471 0.09072571
v -0.05223003 0.04118150 0.09582120
v -0.01880969 0.13440871 0.07465780
v 0.00050879 0.13712406 0.07893185
v 0.01427556 0.00909313 0.11629288
v 0.00793348 0.00979469 0.11231759
v 0.00929377 0.00687797 0.11038335
v 0.01449051 0.00633694 0.11564727
v -0.02065565 -0.01725070 0.09563298
v -0.02229423 -0.01485595 0.09385159
v -0.10645940 -0.05384449 -0.02862634
v -0.10969570 -0.05638311 -0.02722197
v -0.12257930 0.00625358 -0.00147888
v -0.11904301 -0.00436987 -0.00227965
v -0.11974227 0.00145209 0.01012614
v -0.11993614 0.01442568 0.01030818
v -0.12404830 0.02679635 0.00933435
v -0.12749791 0.03717090 0.00621681
v -0.12982304 0.02178156 -0.00386307
v -0.12614268 0.01555019 -0.00167767
v -0.08106966 -0.14658687 -0.10226966
v -0.07660430 -0.12529671 -0.10588579
v 0.01432456 -0.00741588 0.12559372
v 0.01455736 -0.01095951 0.12983520
v -0.02872683 0.05330574 -0.19718011
v -0.02722636 0.03162665 -0.19918960
v -0.06495622 0.03524065 -0.17973489
v -0.06624679 0.05570372 -0.17688254
v -0.11056823 -0.01126500 -0.09638040
v -0.11633740 -0.01377454 -0.06899728
v 0.00613743 -0.04400231 0.12506467
v 0.00988549 -0.03677949 0.11958263
v 0.00890623 -0.04122931 0.12065025
v 0.00968678 -0.03689028 0.11964285
v 0.00519946 -0.04823371 0.12823042
v 0.00165538 -0.04835902 0.13074075
v 0.00821919 -0.04728261 0.11802793
v 0.00948602 -0.04734354 0.11888401
v 0.00979801 -0.04090692 0.12114849
v 0.00950864 -0.03679840 0.11983129
v 0.01572900 -0.05468947 0.13988101
v 0.01547691 -0.05288224 0.14602670
v 0.01126800 -0.05057934 0.14426339
v 0.01282652 -0.05263625 0.13984632
v 0.01093302 -0.03692728 0.12111545
v 0.01197401 -0.04086555 0.12309246
v 0.01241716 -0.04505307 0.13323382
v 0.01034874 -0.03997068 0.12632954
v 0.01051373 -0.03720057 0.12198067
v 0.01017673 -0.04426632 0.13169622
v 0.01109880 -0.05296613 0.12612499
v 0.00822784 -0.04402111 0.12880544
v -0.12850372 -0.03049828 -0.03613394
v -0.08702581 -0.12290247 -0.01539123
v -0.09661009 -0.09237725 -0.02256942
v -0.09522299 -0.09216149 -0.03141874
v -0.08953916 -0.12315001 -0.02896679
v -0.13802294 0.00323111 -0.03121499
v -0.10586667 0.04657833 0.03747794
v -0.11064339 0.06888862 0.03032521
v -0.12154605 0.05235303 0.01723954
v -0.11882178 0.03551153 0.01947342
v -0.11260153 0.08881831 0.02512841
v -0.12328035 0.07287760 0.01293557
v -0.12985460 0.05483140 0.00098922
v -0.13464463 0.02996167 -0.01936644
v -0.05254240 -0.00318891 0.08459222
v -0.05302498 -0.00339860 0.08499362
v -0.05009249 -0.00391411 0.08709484
v -0.05025597 -0.00371935 0.08661193
v -0.05151761 -0.00289277 0.08351048
v -0.04919276 -0.00364884 0.08526215
v -0.05341379 -0.00225333 0.08180651
v -0.05442211 -0.00270565 0.08279244
v -0.05490930 -0.00295340 0.08315731
v -0.02016510 -0.00337440 0.08988734
v -0.02189684 -0.00327369 0.08904210
v -0.02687287 -0.00375991 0.08905224
v -0.02484853 -0.00391132 0.09097199
v -0.01979906 -0.00377818 0.09075020
v -0.02506829 -0.00435890 0.09185059
v -0.02749668 -0.00081727 0.08051164
v -0.02620880 -0.00056481 0.08035299
v -0.02932779 -0.00105866 0.08057085
v -0.01725394 -0.00149462 0.08577317
v -0.01799117 -0.00096762 0.08596925
v -0.02587719 0.00019493 0.08054681
v -0.02531751 -0.00028279 0.08021405
v -0.01839801 -0.00185541 0.08618224
v -0.01500275 -0.00210538 0.08685423
v -0.01289202 -0.00186413 0.08607013
v -0.01330789 -0.00093966 0.08643789
v -0.03476625 -0.00519606 0.09170332
v -0.03531954 -0.00595295 0.09140601
v -0.02658421 -0.00585343 0.09174340
v -0.02577885 -0.00499958 0.09197133
v -0.03420036 -0.00468868 0.09168449
v -0.04070842 -0.00438934 0.09026294
v -0.04102869 -0.00490866 0.09020925
v -0.04136852 -0.00566642 0.08980469
v -0.02052013 -0.00506781 0.09157354
v -0.02028099 -0.00421870 0.09139861
v -0.04138754 -0.00633112 0.08938432
v -0.03596029 -0.00659044 0.09089765
v -0.02703521 -0.00647488 0.09134705
v -0.02038790 -0.00550324 0.09149870
v -0.01520741 -0.00440571 0.09055499
v -0.01737658 -0.00414656 0.09089570
v -0.03595826 -0.00710892 0.08956176
v -0.03569912 -0.00775086 0.08920598
v -0.02686942 -0.00764685 0.09026433
v -0.02710453 -0.00696907 0.09065215
v -0.04121608 -0.00686224 0.08793808
v -0.04105002 -0.00755322 0.08720696
v -0.05721530 -0.00273932 0.08018526
v -0.05842591 -0.00213085 0.07881097
v -0.05823556 -0.00277104 0.07877417
v -0.05739987 -0.00322576 0.07941804
v -0.06337242 -0.00490286 0.07344527
v -0.06549182 -0.00355004 0.07250303
v -0.06904497 -0.00404755 0.06979924
v -0.06656057 -0.00572915 0.07168813
v -0.08391442 -0.01335570 0.06412080
v -0.07162482 -0.00848530 0.07021926
v -0.07449507 -0.00665370 0.06688495
v -0.05606258 -0.00300283 0.08148202
v -0.05474716 -0.00336576 0.08299556
v -0.05617770 -0.00263198 0.08161248
v -0.05727812 -0.00218802 0.08008307
v -0.05630694 -0.00364537 0.08065085
v -0.05473408 -0.00398905 0.08233961
v -0.05297004 -0.00376357 0.08479385
v -0.05285266 -0.00443422 0.08428653
v -0.04986800 -0.00498619 0.08641624
v -0.04994739 -0.00428607 0.08691387
v -0.04623995 -0.00462561 0.08864298
v -0.04670012 -0.00414097 0.08861376
v -0.04631939 -0.00539417 0.08808453
v -0.04984467 -0.00556708 0.08567598
v -0.04615681 -0.00599522 0.08754262
v -0.05278554 -0.00505265 0.08333170
v -0.05490356 -0.00454046 0.08138759
v -0.05658445 -0.00405937 0.07964587
v -0.05805828 -0.00359094 0.07845169
v -0.05914154 -0.00295890 0.07771911
v -0.05738125 -0.00442472 0.07842422
v -0.05882275 -0.00497698 0.07687153
v -0.05611262 -0.00562826 0.07888343
v -0.05523156 -0.00496069 0.08020173
v -0.05932681 -0.00384405 0.07714232
v -0.06108598 -0.00427087 0.07536764
v -0.05287571 -0.00544525 0.08202981
v -0.05313664 -0.00609625 0.08103321
v -0.04963363 -0.00671838 0.08336602
v -0.04959280 -0.00605866 0.08436134
v -0.04500034 -0.00636468 0.08606513
v -0.04521611 -0.00713790 0.08508894
v -0.03371376 -0.00439980 0.09101386
v -0.03340267 -0.00396491 0.08859988
v -0.03939373 -0.00406468 0.08786556
v -0.04098764 -0.00424864 0.08956438
v -0.04684701 -0.00402436 0.08807859
v -0.04492217 -0.00398379 0.08668713
v -0.03955480 -0.00379277 0.08545862
v -0.03665351 -0.00153312 0.07988741
v -0.03885927 -0.00146121 0.07933939
v -0.04398818 -0.00358715 0.08425832
v -0.03418275 -0.00359528 0.08608589
v -0.03416739 -0.00140593 0.07997186
v -0.02866353 -0.00321458 0.08657879
v -0.03170861 -0.00130716 0.08044511
v -0.02392896 -0.00291430 0.08708684
v -0.03582657 0.00555834 0.09626257
v -0.03614298 0.00623999 0.09685276
v -0.04646411 0.00584093 0.09520081
v -0.04483599 0.00529420 0.09468116
v -0.08277477 0.00503298 -0.15424767
v -0.08682010 0.02109800 -0.15891258
v -0.06316932 0.01765873 -0.18011081
v -0.05028351 0.00235258 0.09162362
v -0.05040249 0.00393841 0.09173834
v -0.05514536 0.00343285 0.08807795
v -0.05479471 0.00205868 0.08784576
v -0.05014503 0.00094541 0.09128802
v -0.05417842 0.00060240 0.08741315
v -0.04482675 0.00114507 0.09488799
v -0.04503457 0.00284446 0.09521474
v -0.04511199 0.00446178 0.09493691
v -0.05239489 0.00139565 0.07948613
v -0.05104376 0.00164017 0.08102201
v -0.05264449 0.00098720 0.08341971
v -0.05468300 0.00090420 0.08104721
v -0.05318643 0.00111118 0.07831097
v -0.05553813 0.00076844 0.07937998
v -0.04518427 0.00120699 0.07606172
v -0.04451337 0.00126746 0.07674828
v -0.04343472 0.00136118 0.07776716
v -0.04557290 0.00101286 0.07568729
v -0.04598057 0.00073903 0.07551681
v -0.04616346 0.00042127 0.07555868
v -0.04551282 0.00017904 0.07569227
v -0.08724004 -0.03571137 0.05996082
v -0.08869127 -0.01924482 0.06135967
v -0.09251149 -0.03010235 0.05340805
v -0.05568565 -0.00225226 0.08115804
v -0.05683067 -0.00174407 0.07965777
v -0.05454777 -0.00181920 0.08033492
v -0.05553547 -0.00137833 0.07917454
v -0.05797886 -0.00119249 0.07828491
v -0.05872653 -0.00148093 0.07843058
v -0.05001634 -0.00256329 0.08184087
v -0.04292612 -0.00103745 0.07797941
v -0.04415678 -0.00070267 0.07730533
v -0.05169493 -0.00192681 0.08056016
v -0.04774732 -0.00334200 0.08315338
v -0.04135165 -0.00132469 0.07867450
v -0.04402253 -0.00027440 0.07644933
v -0.04483419 -0.00006952 0.07605195
v -0.05192576 -0.00141787 0.07927336
v -0.05308676 -0.00097721 0.07829658
v -0.05632595 -0.00087355 0.07837895
v -0.05490470 -0.00011482 0.07729282
v -0.05461122 0.00026787 0.07740872
v -0.05726336 -0.00048560 0.07804751
v -0.05738096 0.00000536 0.07807683
v -0.05417427 -0.00051810 0.07751633
v -0.05400466 0.00067823 0.07775071
v -0.05667241 0.00029416 0.07860835
v -0.05907512 -0.00204930 0.07810862
v -0.05939010 -0.00112490 0.07777388
v -0.06069921 -0.00051679 0.07696814
v -0.05991674 -0.00214465 0.07720359
v -0.06134420 -0.00201455 0.07590843
v -0.06063488 -0.00309389 0.07628656
v -0.06217343 0.00016633 0.07635936
v -0.06445576 0.00092403 0.07480418
v -0.06385557 -0.00187642 0.07409228
v -0.06267008 -0.00323001 0.07456090
v -0.05882858 -0.00065827 0.07781856
v -0.05918911 -0.00033653 0.07756214
v -0.06110392 0.00091216 0.07866938
v -0.06236150 0.00185777 0.07836515
v -0.05996123 0.00015977 0.07868704
v -0.05887289 0.00047424 0.08088572
v -0.05974281 0.00135325 0.08117844
v -0.06067701 0.00235945 0.08104590
v -0.05774216 0.00165219 0.08439815
v -0.05842786 0.00288638 0.08439215
v -0.05704799 0.00053613 0.08371639
v -0.05866935 0.00004566 0.07862109
v -0.05770851 0.00031525 0.08021776
v -0.05614038 0.00041334 0.08264509
v -0.05361285 0.00022876 0.08589447
v -0.04965111 0.00039291 0.08957348
v -0.04898256 0.00104654 0.08671568
v -0.04439916 0.00068173 0.09293841
v -0.04382822 0.00095357 0.08991872
v -0.03682194 0.00734474 0.09891239
v -0.04808052 0.00722476 0.09663221
v -0.04337813 0.00157093 0.08591422
v -0.03890015 0.00118557 0.08033282
v -0.03614610 0.00109924 0.08084697
v -0.03780229 0.00121097 0.08794408
v -0.01957505 -0.00062419 0.08697101
v -0.02129520 -0.00013331 0.08831699
v -0.02781257 0.00041189 0.08158167
v -0.02671510 0.00033333 0.08106165
v -0.01607057 -0.00067955 0.08834778
v -0.01872324 -0.00020652 0.09011839
v -0.02796712 0.00040163 0.08928923
v -0.03132832 0.00056448 0.08208197
v -0.02931040 0.00045823 0.08193594
v -0.02452649 0.00017911 0.08881415
v -0.02640604 0.00045928 0.09265584
v -0.02185578 0.00007890 0.09152977
v -0.03777488 0.00082366 0.09215200
v -0.03229576 0.11844725 -0.17668197
v -0.03116046 0.08986714 -0.18955308
v -0.06775355 0.08918961 -0.16975012
v -0.06795522 0.11392478 -0.15913451
v -0.04765537 0.00172089 0.08370234
v -0.04146105 0.00131065 0.07915791
v -0.08659971 0.11282109 -0.14300032
v -0.08504145 0.12824532 -0.13405626
v -0.06888546 0.13447168 -0.14465705
v -0.05159779 -0.09354112 -0.13693887
v -0.03442169 -0.11152342 -0.15482712
v -0.01184620 -0.00106402 0.09005800
v -0.01525798 -0.00041758 0.09146047
v -0.00946244 -0.00171946 0.08889975
v -0.00779988 -0.00178620 0.08893237
v -0.01026784 -0.00099640 0.09030109
v -0.01325940 -0.00020431 0.09165707
v -0.01950274 0.00010527 0.09291048
v -0.01779318 0.00034433 0.09381865
v -0.02417509 0.00082994 0.09624392
v -0.02444742 0.00039547 0.09451570
v -0.03753563 0.00075250 0.09516872
v -0.03758597 0.00135690 0.09690344
v -0.02305960 0.00209394 0.09611256
v -0.01655800 0.00139956 0.09318426
v -0.02155238 0.00371250 0.09540653
v -0.01612820 0.00290351 0.09275235
v -0.03710496 0.00456281 0.09665635
v -0.03795000 0.00303252 0.09717920
v -0.01476686 -0.00343413 0.08997468
v -0.01075519 -0.00321111 0.08939794
v -0.01601097 -0.00301295 0.08953318
v -0.01205284 -0.00276279 0.08884594
v -0.01805990 -0.00271107 0.08835223
v -0.00995555 -0.00243702 0.08833782
v -0.00832378 -0.00272583 0.08885245
v -0.02040236 -0.00245797 0.08691758
v -0.00873110 -0.00081113 0.08941674
v -0.00626601 -0.00181569 0.08864614
v -0.00681822 0.00048270 0.08771360
v -0.00516523 -0.00150433 0.08790816
v -0.01130858 0.00247869 0.08964147
v -0.01173875 0.00056369 0.09050768
v -0.00661848 -0.00286385 0.08860571
v -0.00799212 -0.00337489 0.08904535
v -0.00553568 -0.00269851 0.08823894
v -0.00686019 -0.00331792 0.08863240
v -0.01986627 -0.00615791 0.09130541
v -0.01952812 -0.00651059 0.09076105
v -0.01383918 -0.00496395 0.09040585
v -0.01283140 -0.00504274 0.08974771
v -0.03547082 -0.00854415 0.08874992
v -0.04104946 -0.00841524 0.08704677
v -0.03493199 -0.00963493 0.08871600
v -0.04103812 -0.00959357 0.08680122
v -0.02578539 -0.00939641 0.09049949
v -0.02646678 -0.00844721 0.09024540
v -0.03696567 -0.23352817 -0.00713362
v -0.06068369 -0.00584982 0.07551582
v -0.06324241 -0.00701707 0.07449500
v -0.05964734 -0.00788767 0.07707987
v -0.05758461 -0.00648545 0.07771276
v -0.05408325 -0.00705132 0.08005817
v -0.05531755 -0.00850755 0.07970930
v -0.05055574 -0.00896004 0.08221012
v -0.04973315 -0.00762457 0.08245744
v -0.04537063 -0.00793909 0.08444875
v -0.04630513 -0.00939495 0.08440084
v -0.06722677 -0.00199441 0.07149816
v -0.06854169 0.00144614 0.07092557
v -0.07050711 -0.00231636 0.06837989
v -0.07304962 0.00135851 0.06721483
v -0.00363401 0.00168118 0.08783116
v -0.00320203 -0.00092578 0.08713423
v -0.00104886 0.00271390 0.09006780
v -0.00099062 -0.00008907 0.08895460
v -0.00294019 0.00570214 0.09244777
v -0.00640406 0.00448387 0.08983254
v -0.00422720 -0.00246584 0.08816294
v -0.00583662 -0.00341609 0.08819760
v -0.00246699 -0.00255683 0.08874490
v -0.00451117 -0.00390975 0.08902581
v -0.01882878 -0.00718434 0.09032006
v -0.01801602 -0.00802179 0.09052123
v -0.01201897 -0.00546547 0.08970810
v -0.01061605 -0.00629094 0.08999888
v -0.07808644 -0.00677086 -0.14978284
v -0.08909055 0.03881529 -0.15752688
v -0.06195517 0.01158512 0.09242575
v -0.05717570 0.00904720 0.09286330
v -0.05040411 0.00976059 0.09747113
v -0.05391540 0.01248586 0.09857780
v -0.06828213 0.01499941 0.09036908
v -0.07248296 0.01239371 0.08374535
v -0.06720667 0.00985013 0.08628572
v -0.06240883 0.00784287 0.08767322
v -0.06995822 0.00415643 0.07296123
v -0.06647256 0.00377203 0.07578601
v -0.06643952 0.00528438 0.07858848
v -0.07000607 0.00601866 0.07627941
v -0.07462923 0.00438368 0.06924891
v -0.07525957 0.00691813 0.07317848
v -0.06899727 0.00786462 0.08089491
v -0.06487793 0.00661784 0.08270979
v -0.07468282 0.00933524 0.07845094
v -0.01655561 0.00962653 0.09861800
v -0.01767296 0.00818472 0.09652966
v -0.01306423 0.00619046 0.09316481
v -0.01049586 0.00734160 0.09394260
v -0.01420605 0.01068567 0.10027355
v -0.00673665 0.00822790 0.09547600
v -0.04033936 0.01222155 0.10344990
v -0.03863817 0.01015567 0.10099235
v -0.02089522 0.00508058 0.09507511
v -0.01738811 0.00405717 0.09380040
v -0.01960989 0.00561849 0.09460139
v -0.01575689 0.00426278 0.09294024
v -0.10101767 0.14237596 -0.09587835
v -0.10448627 0.14945200 -0.07062659
v -0.07332862 0.17395128 -0.07967929
v -0.07243850 0.16393851 -0.10525034
v -0.05028925 0.00465887 0.09232745
v -0.05189510 0.00528130 0.09220173
v -0.05671270 0.00479703 0.08837397
v -0.05521152 0.00420871 0.08880426
v -0.05894485 0.00378212 0.08490247
v -0.06035913 0.00442192 0.08443139
v -0.06236780 0.00374407 0.08093885
v -0.06131240 0.00330296 0.08142344
v -0.06256253 0.00286212 0.07901613
v -0.06352468 0.00302390 0.07801583
v -0.01572519 0.00549166 0.09383188
v -0.01917968 0.00657646 0.09544965
v -0.08905187 0.09089691 -0.15001759
v -0.06109687 0.06798420 0.08515672
v -0.07471387 0.06299733 0.07318307
v -0.06912174 0.05041439 0.07986744
v -0.05364687 0.00663749 0.09301232
v -0.05874413 0.00608687 0.08847976
v -0.06210914 0.00538130 0.08396213
v -0.06405671 0.00454805 0.08030152
v -0.06484710 0.00378757 0.07791143
v -0.11781992 -0.02634002 -0.01190957
v -0.11822926 -0.02571646 -0.01419738
v -0.13483953 -0.00634658 -0.05267664
v -0.13179782 -0.00050378 -0.04845894
v -0.12965891 0.00245666 -0.04444831
v -0.13599771 0.00797013 -0.02069640
v -0.13954256 0.01182964 -0.02406073
v -0.13964629 -0.03488543 -0.04637654
v -0.13285798 -0.03929530 -0.04051266
v -0.13949960 -0.03304474 -0.04696518
v -0.15295939 0.00998938 -0.03953700
v -0.15401663 0.00871904 -0.04239039
v -0.15598623 0.00836169 -0.04172266
v -0.06310690 -0.03891502 -0.14025357
v -0.07286967 -0.01779809 -0.14656939
v -0.15462154 0.00729199 -0.04533278
v -0.12170707 -0.01796776 -0.01628184
v -0.13675177 -0.00667999 -0.05314563
v -0.13982734 -0.00672922 -0.05640721
v -0.14113453 -0.01291351 -0.05844411
v -0.13977545 -0.01250169 -0.05715164
v -0.13939855 -0.02096619 -0.05703799
v -0.13826245 -0.01997104 -0.05591807
v -0.14286144 -0.02743903 -0.05050873
v -0.14388520 -0.01970700 -0.05399388
v -0.14160290 0.01259552 -0.02601160
v -0.14159338 0.01166802 -0.02502677
v -0.14308041 0.01273945 -0.02647478
v -0.12317610 -0.01919200 -0.01854762
v -0.13257742 0.00572402 -0.02148486
v -0.13165694 0.00366057 -0.01936922
v -0.13106838 0.00416932 -0.02001671
v -0.11979319 -0.01156266 -0.02362916
v -0.11943051 -0.01054878 -0.02371116
v -0.12199139 -0.01351201 -0.02321427
v -0.12510785 -0.01572103 -0.02015951
v -0.11335836 -0.02640133 -0.02599995
v -0.11267633 -0.02714879 -0.02864691
v -0.11152551 -0.02846769 -0.02778332
v -0.14878955 0.01876596 -0.02816518
v -0.13192567 0.00259377 -0.01901188
v -0.13426271 0.00379539 -0.01915585
v -0.13572702 0.00497670 -0.01929983
v -0.14460568 0.01210755 -0.02664152
v -0.13667426 0.00591962 -0.01933102
v -0.13475300 0.00594683 -0.01976967
v -0.13740821 0.00771733 -0.02045502
v -0.13347720 0.00605286 -0.02039391
v -0.12495387 -0.01859765 -0.04830515
v -0.12273119 -0.01931902 -0.04487998
v -0.12244667 -0.00168890 -0.00750681
v -0.12319664 -0.00308435 -0.01065711
v -0.13054042 -0.04127389 -0.03693353
v -0.12919946 0.00717544 -0.03238384
v -0.13107908 0.01051205 -0.03406201
v -0.14770529 -0.01332080 -0.05465136
v -0.13316226 -0.02519232 -0.04023832
v -0.12870702 -0.02721974 -0.03872419
v -0.13813449 -0.02269957 -0.04198572
v -0.14195317 -0.01825322 -0.04369776
v -0.12566783 -0.00240898 -0.02767840
v -0.14333668 0.00329436 -0.03494704
v -0.14373219 0.00150628 -0.03751247
v -0.14063169 0.00315541 -0.03298011
v -0.13288942 0.01335435 -0.02991774
v -0.13336647 0.01277049 -0.02627003
v -0.12794125 0.00976960 -0.03005629
v -0.13307030 0.01098633 -0.02638423
v -0.11731534 -0.02134544 -0.02440513
v -0.11316039 -0.02922846 -0.03204521
v -0.11680397 -0.02654775 -0.03404730
v -0.11538021 -0.02998362 -0.03393285
v -0.11800283 -0.02785820 -0.03648069
v -0.11872368 -0.02549249 -0.03876709
v -0.11999305 -0.02248191 -0.04039080
v -0.12276575 -0.01929620 -0.03980463
v -0.11725740 -0.01537124 -0.02431147
v -0.13167439 0.01198098 -0.01311890
v -0.11618657 -0.01787091 -0.02486824
v -0.12023245 -0.01325774 -0.02352176
v -0.11995117 -0.01563325 -0.02345919
v -0.11882478 -0.01834036 -0.02366116
v -0.12502612 -0.03397605 -0.02928757
v -0.12546398 -0.03076263 -0.03314710
v -0.12250866 -0.03282749 -0.02803431
v -0.12610926 -0.02913097 -0.03669412
v -0.12040341 -0.03216340 -0.02729473
v -0.13203862 0.00804826 -0.03069742
v -0.13359305 0.01079297 -0.02919194
v -0.11832553 -0.02160404 -0.00906269
v -0.09768674 -0.02130415 0.04654993
v -0.10155648 -0.00913983 0.04067978
v -0.02402771 -0.10982225 0.06468636
v -0.02244294 -0.11551796 0.06432337
v -0.08071643 -0.04096080 0.06632469
v -0.07196341 -0.04676955 0.07358196
v -0.02156839 -0.10439976 0.08725481
v -0.01977439 -0.10609873 0.08710881
v -0.01820261 -0.10495664 0.08798018
v -0.01984364 -0.10421357 0.08735397
v -0.01631154 -0.10270089 0.08512831
v -0.01777670 -0.10290432 0.08365592
v -0.01795806 -0.10328215 0.08603807
v -0.01646094 -0.10350078 0.08739994
v -0.02769397 -0.07532158 0.09640612
v -0.03372030 -0.06809215 0.09454934
v -0.03913064 -0.07668383 0.09058297
v -0.03348684 -0.08307585 0.09231541
v -0.02134929 -0.10431696 0.07009199
v -0.02132977 -0.10100161 0.07144660
v -0.01947382 -0.10126559 0.07669608
v -0.01950006 -0.10300840 0.07565432
v -0.02102232 -0.10660596 0.06975275
v -0.01923029 -0.10394710 0.07558703
v -0.02419209 -0.10616554 0.06521159
v -0.02411503 -0.10099757 0.06661037
v -0.03670364 -0.11798431 0.07823277
v -0.03059763 -0.11325483 0.08152390
v -0.03291989 -0.10709309 0.08406612
v -0.03921571 -0.10894737 0.08107618
v -0.02089169 -0.05241847 0.09904209
v -0.02768203 -0.05962906 0.09730162
v -0.02290546 -0.06760516 0.09786081
v -0.01547882 -0.05873211 0.09936030
v -0.00914445 -0.05037422 0.10216538
v -0.01409782 -0.04460476 0.10106814
v -0.00626927 -0.03759226 0.11172175
v -0.00704763 -0.04360922 0.11287841
v -0.00517415 -0.04612842 0.11885788
v -0.00613864 -0.04216789 0.11742812
v -0.00262582 -0.05236813 0.11455616
v -0.00701482 -0.04684588 0.10932119
v 0.00343937 -0.05479816 0.11509694
v 0.00394043 -0.05410598 0.11714299
v -0.00323094 -0.05285906 0.11152811
v -0.00382385 -0.05422130 0.10762448
v 0.00252461 -0.05565972 0.11269049
v 0.00497781 -0.05334802 0.11914651
v 0.00073618 -0.05264061 0.11930524
v -0.00143742 -0.04932109 0.12285338
v 0.01338819 -0.05346363 0.13517056
v 0.01223831 -0.05175261 0.13940230
v 0.00617644 -0.01095269 0.11557250
v 0.00158809 -0.01391470 0.10922658
v 0.00620615 -0.01415326 0.11938847
v 0.00184803 -0.01672007 0.11271930
v -0.00006200 -0.04652813 0.13016601
v -0.00244845 -0.04316708 0.12805626
v 0.00382460 -0.04582071 0.13758415
v 0.00252219 -0.04130185 0.13785848
v 0.01481855 0.00372254 0.11590756
v 0.01495761 -0.05798782 0.12567121
v 0.01452435 -0.05880439 0.12450602
v 0.01545385 -0.05633263 0.12947032
v -0.03347433 0.15807137 -0.14354452
v -0.03389951 0.17829899 -0.11788400
v -0.03003706 0.19619706 -0.07006505
v -0.02475443 0.20059100 -0.04603607
v 0.01027981 -0.09239067 0.11924452
v 0.01057137 -0.08627909 0.12040384
v -0.00046282 -0.09577462 0.08657327
v 0.00685995 -0.09628396 0.08914484
v 0.00726732 -0.09929641 0.09465229
v 0.00005096 -0.09936497 0.09212571
v -0.00586250 -0.09893432 0.08868547
v -0.00698557 -0.09566792 0.08300352
v -0.00117025 -0.09248348 0.08238532
v 0.00643889 -0.09253767 0.08426575
v 0.00130773 -0.10328635 0.10221478
v 0.00816187 -0.10311528 0.10614001
v 0.00900585 -0.10148750 0.11113031
v 0.00204644 -0.10147845 0.10660148
v -0.00845434 -0.06153777 0.10391571
v -0.00159011 -0.06059517 0.10910679
v 0.00493479 -0.06123627 0.11538713
v 0.00954269 -0.06208210 0.11976234
v 0.01059556 -0.05858714 0.12077983
v 0.00719224 -0.05720681 0.11718667
v 0.01111325 -0.05727449 0.12168430
v 0.00800416 -0.05603801 0.11838690
v 0.00838919 -0.05514930 0.11964592
v 0.00796426 -0.05402390 0.12066359
v 0.01016823 -0.05427635 0.12297028
v 0.00969948 -0.05312105 0.12308361
v 0.01132721 -0.05627610 0.12266631
v 0.01442410 -0.02235319 0.14239079
v 0.01471743 -0.01849584 0.13785151
v 0.00473243 -0.08272669 0.11788131
v 0.01056174 -0.08133525 0.12037940
v 0.01194737 -0.07210597 0.12074134
v 0.00647284 -0.07271535 0.11867731
v -0.00056361 -0.07390893 0.11432829
v -0.00294057 -0.08558400 0.11247329
v 0.01407139 -0.05993538 0.12353819
v 0.00435028 -0.08779141 0.11684736
v 0.00387355 -0.09293485 0.11469419
v -0.00342739 -0.09051580 0.11086971
v -0.00371448 -0.09462261 0.10823298
v -0.01103831 -0.08955749 0.10528575
v -0.00960211 -0.07725514 0.10827995
v -0.01980638 -0.08085779 0.10113725
v -0.01797709 -0.09376159 0.09818871
v -0.03261301 -0.10101315 0.08736815
v -0.02416697 -0.10510264 0.08672523
v -0.02401737 -0.10242544 0.08831313
v -0.02352354 -0.10010444 0.09059972
v -0.03133710 -0.09500144 0.09090916
v -0.03867474 -0.10001811 0.08520047
v -0.03706957 -0.09138568 0.08891453
v -0.02764983 -0.08811252 0.09521428
v -0.02186622 -0.09715478 0.09366746
v -0.02186919 -0.10264476 0.08867659
v -0.02013129 -0.10322879 0.08812168
v -0.02121634 -0.10129789 0.09041465
v -0.01962841 -0.10229220 0.08951047
v -0.02001870 -0.09988140 0.09268305
v -0.01846867 -0.10144842 0.09128837
v -0.01611767 -0.09998255 0.09405159
v -0.01720056 -0.09752544 0.09618966
v -0.01669086 -0.10236783 0.08608334
v -0.01466427 -0.10227621 0.08779845
v -0.01450056 -0.10255696 0.09005062
v -0.01648732 -0.10273574 0.08785237
v -0.01792392 -0.10247817 0.08452371
v -0.01755626 -0.10298418 0.08662105
v -0.01850489 -0.10047932 0.07805850
v -0.01696765 -0.09938538 0.07945690
v -0.01866895 -0.10250081 0.08348741
v -0.01861648 -0.10295051 0.08532902
v -0.01851293 -0.10363346 0.08741185
v -0.01834154 -0.10283614 0.08821070
v -0.01726213 -0.10220937 0.08964112
v -0.01522841 -0.10161836 0.09196359
v -0.00392266 -0.09816020 0.10510600
v -0.01026787 -0.09700107 0.10124421
v -0.01006036 -0.09978473 0.09817304
v -0.00431162 -0.10180606 0.10117801
v -0.00991544 -0.10218067 0.09526185
v -0.00850293 -0.09246336 0.07862449
v -0.00466364 -0.10295472 0.09710093
v -0.01361163 -0.09596892 0.07807061
v -0.01587014 -0.09315786 0.07397686
v -0.01197921 -0.09879487 0.08368953
v -0.02024775 -0.09915484 0.07310706
v -0.01891083 -0.09708427 0.07421118
v -0.02336256 -0.09742850 0.06830621
v -0.02154475 -0.09478209 0.07016623
v -0.01022068 -0.10235390 0.09216204
v -0.01077210 -0.09381387 0.10349667
v 0.00315347 -0.09725522 0.11089045
v 0.00964060 -0.09713104 0.11559269
v 0.01377710 -0.03228477 0.15240003
v 0.01397199 -0.02649163 0.14725995
v -0.01705633 -0.10408983 0.08843514
v -0.00536497 -0.25307971 0.00326578
v -0.02213163 -0.10756226 0.08601788
v -0.01984928 -0.11085603 0.06922178
v -0.01792573 -0.10598350 0.07588455
v -0.03085976 -0.12743697 0.07705903
v -0.02152225 -0.13435239 0.08070916
v -0.01868582 -0.12606709 0.08457007
v -0.02609177 -0.12046245 0.08068642
v -0.01436611 -0.11483655 0.09089677
v -0.01916078 -0.11051477 0.08753921
v -0.01699084 -0.10824911 0.08947711
v -0.01229178 -0.11076322 0.09342219
v -0.01103608 -0.10761553 0.09505658
v -0.01549605 -0.10617291 0.09049925
v -0.00829374 -0.10254170 0.09412410
v -0.00103074 -0.10179061 0.09870127
v -0.00132273 -0.10781752 0.08801322
v -0.00852774 -0.10855684 0.08373760
v -0.01570046 -0.10653898 0.07815941
v -0.01425075 -0.10259824 0.08724495
v -0.00910122 -0.10346008 0.09534904
v -0.01405739 -0.10355101 0.08990432
v -0.00203747 -0.10241281 0.10098586
v -0.01794886 -0.24580976 -0.00091793
v -0.01475107 -0.10449812 0.09059734
v -0.00992863 -0.10477188 0.09530431
v -0.00287966 -0.10454340 0.10154729
v -0.00402106 -0.10860782 0.10151377
v -0.00516210 -0.11306214 0.10069633
v -0.00660487 -0.11863682 0.09847856
v -0.00981223 -0.13270171 0.09076433
v -0.01177460 -0.14272912 0.08660247
v -0.00093721 -0.13541532 0.09724906
v -0.00249888 -0.14629111 0.09528384
v 0.00077020 -0.12060330 0.10479125
v 0.00169334 -0.11399063 0.10766730
v 0.00253878 -0.10883406 0.10790423
v 0.00330563 -0.10450172 0.10733333
v 0.01330618 -0.06263512 0.12205648
v 0.01168529 -0.05439209 0.12552370
v 0.01304224 -0.05414954 0.12991238
v 0.00957684 -0.04951369 0.14152306
v 0.01571839 -0.05546517 0.13431421
v 0.00598362 -0.04669458 0.14102498
v 0.00841139 -0.04789491 0.14368521
v 0.00770054 -0.04522669 0.14584352
v 0.00602668 -0.04381925 0.14370123
v 0.01047109 -0.04908839 0.14590386
v 0.00891871 -0.04582482 0.14778790
v 0.01526526 -0.05115212 0.14904690
v 0.01468979 -0.04619152 0.15390307
v 0.01388862 -0.03768010 0.15499118
v 0.01437353 -0.04280396 0.15516472
v 0.00726332 -0.04274491 0.14734265
v 0.00537159 -0.03942106 0.14463845
v 0.00485088 -0.03448608 0.14155884
v 0.00139418 -0.03670961 0.13405043
v -0.00506944 0.19653955 0.01064103
v 0.00417156 -0.10202157 0.10646586
v 0.00541216 -0.10115808 0.10328890
v -0.00216030 -0.12470195 0.07191217
v -0.00152590 -0.11751586 0.07771885
v 0.00407682 -0.11752475 0.08034547
v 0.00377558 -0.12532783 0.07486777
v 0.01001469 -0.10059367 0.10553465
v 0.00925915 -0.10755263 0.09265127
v 0.00492770 -0.10748431 0.09101094
v 0.00959203 -0.10143621 0.10900362
v 0.00899157 -0.10422460 0.11044605
v 0.00838116 -0.10861434 0.11169094
v 0.00843953 -0.11813159 0.08149377
v 0.00773852 -0.12617487 0.07593382
v -0.01697206 -0.11360224 0.07063594
v -0.01788820 -0.12040322 0.06550537
v -0.00917309 -0.11687972 0.07451124
v -0.01005453 -0.12261455 0.06956461
v 0.00514978 -0.14671475 0.10163805
v 0.00626875 -0.13616483 0.10206687
v 0.00759876 -0.11420261 0.11117959
v 0.00716028 -0.12125057 0.10788547
v -0.03276894 0.18983550 -0.09462842
v -0.10000664 0.07969190 0.04016283
v -0.09534186 0.06538059 0.04887026
v -0.08191210 0.07685932 0.06228346
v -0.08714172 0.08899690 0.05246219
v -0.10226737 0.09628338 0.03256493
v -0.08916803 0.10343580 0.04324881
v -0.06244948 0.18513283 -0.00833032
v -0.06243578 0.17899659 0.00580792
v -0.02590654 0.19096397 0.00956753
v -0.05354152 0.19041781 -0.02870349
v -0.07841291 0.17635757 -0.04646572
v -0.08115856 0.17486313 -0.01423029
v -0.07970597 0.16933978 0.00250265
v -0.03545465 -0.13296787 -0.16051765
v -0.08977379 0.05915822 -0.15479797
v -0.07600929 0.16282928 0.01593411
v -0.06010067 0.17083591 0.01882450
v -0.05806138 0.16090178 0.02980775
v -0.07238467 0.15472268 0.02646006
v -0.02454569 0.18142261 0.02293468
v -0.00396004 0.18608798 0.02424247
v -0.02540041 0.01408536 -0.19809872
v 0.01473735 -0.01438685 0.13358121
v -0.07194336 -0.07329898 -0.11452787
v -0.08944765 -0.08084820 -0.08085421
v -0.09081361 -0.19036773 -0.05243039
v -0.11439165 -0.04487192 -0.03940104
v -0.11390174 -0.04343833 -0.04039435
v -0.09031816 -0.11646064 -0.04927110
v -0.09374768 -0.08898607 -0.04677285
v -0.05484272 -0.06679556 -0.13660482
v -0.13247354 -0.02273180 -0.05492736
v -0.13442890 -0.01689822 -0.05541213
v -0.13479914 -0.02421489 -0.05456451
v -0.13662292 -0.01772765 -0.05541606
v -0.13700208 -0.01150568 -0.05493036
v -0.13578059 -0.02727612 -0.05368965
v -0.13292642 0.01255740 -0.02390625
v -0.13635164 0.01392760 -0.02177060
v -0.11274225 -0.04893832 -0.03261639
v -0.11281092 -0.04716648 -0.03521987
v -0.11141723 -0.04801663 -0.03396159
v -0.11100622 -0.04927982 -0.03185618
v -0.11202508 -0.05098697 -0.03020513
v -0.11037515 -0.05063421 -0.03012411
v -0.13181949 0.02776321 -0.00832992
v -0.10734349 -0.04775670 -0.03567713
v -0.11224027 -0.04432824 -0.03963293
v -0.11201730 -0.04579366 -0.03722114
v -0.11094592 -0.04766832 -0.03502607
v -0.10946731 -0.04982416 -0.03186205
v -0.10924667 -0.05195065 -0.02935623
v -0.11059120 -0.05340238 -0.02875927
v -0.13629933 -0.02898298 -0.05462889
v -0.12110366 -0.05042507 -0.03760415
v -0.13124546 0.00730564 -0.03540349
v -0.13123383 0.00583355 -0.03895134
v -0.13588759 0.00775171 -0.04076755
v -0.13565856 0.00953100 -0.03743013
v -0.09730910 -0.00760291 -0.12609951
v -0.10283066 0.00424713 -0.13083798
v -0.01380763 -0.12623319 -0.17002097
v -0.01264526 -0.10268381 -0.16597971
v -0.13158527 0.03438427 -0.08920395
v -0.13116609 0.00852706 -0.03257385
v -0.13580933 0.01089846 -0.03440579
v -0.13509996 -0.01105003 -0.05459838
v -0.12748113 0.00822571 -0.03300374
v -0.12813760 0.00684804 -0.03595618
v -0.13835642 0.01295419 -0.03659071
v -0.13811751 0.01128490 -0.03989993
v -0.13886268 0.00923790 -0.04330768
v -0.12871084 0.00530791 -0.03920653
v -0.13309309 0.01221137 -0.03344619
v -0.13958453 0.07511435 -0.03459533
v -0.13900602 0.06913832 -0.06129038
v -0.13368016 0.10747479 -0.03485630
v -0.13285291 0.10308572 -0.06353089
v -0.12505546 0.09753083 -0.09527045
v -0.13070993 0.06211773 -0.09350418
v -0.13306680 0.01259103 -0.02442216
v -0.13835920 0.01512909 -0.02226603
v -0.10413980 0.11053789 0.02672094
v -0.11456570 0.10326968 0.01920653
v -0.09032604 0.11647407 0.03582502
v -0.09081423 0.12848498 0.03011280
v -0.10381631 0.12427123 0.02138412
v -0.11882092 0.11502767 0.00873809
v -0.13607648 0.05487032 -0.01479168
v -0.13512588 0.08057316 -0.01142862
v -0.12801781 0.08388558 0.00356396
v -0.12849158 0.11172785 -0.00964727
v -0.11142586 0.13464493 0.00410478
v -0.11974601 0.13232651 -0.01193313
v -0.09834698 0.15261701 0.00181949
v -0.10356061 0.15365133 -0.01512786
v -0.10433067 0.15392934 -0.04162976
v -0.12401200 0.12957218 -0.03682753
v -0.10094282 0.13680428 0.01670767
v -0.08829735 0.13934743 0.02613502
v -0.09167623 0.15053734 0.01445866
v -0.08448575 0.14871469 0.02254404
v -0.12321734 0.08486673 0.01115316
v -0.10080023 -0.06068925 -0.02988460
v -0.10483116 -0.06298308 -0.02188624
v -0.11294271 -0.04548554 -0.00926317
v -0.10675498 -0.01531789 0.03037978
v -0.10812005 -0.00211055 0.03004361
v -0.11568341 -0.00757043 0.01865989
v -0.11133336 -0.02706162 0.01760718
v -0.10571490 0.01148900 0.03051915
v -0.11496022 0.00625662 0.01981540
v -0.11544865 0.02097056 0.02019028
v -0.10613011 0.02536789 0.03280941
v -0.10906002 0.09300591 -0.12653947
v -0.11280330 0.06197696 -0.12879941
v -0.11287733 0.04111297 -0.13058743
v -0.06555422 0.03911924 0.08540618
v -0.03309956 0.14281708 -0.15930080
v -0.06646165 0.08289680 0.07525182
v -0.09457113 0.13200811 -0.11920217
v -0.07017917 0.14700800 -0.13045958
v -0.12353223 0.12539828 -0.06527637
v -0.11819212 0.12032705 -0.09206781
v -0.10341935 0.11389031 -0.12294450
v -0.10995658 0.02298996 -0.13366446
v -0.07263537 0.14458728 0.03279854
v -0.08004607 0.00461538 0.06444141
v -0.07850686 0.00055226 0.06211185
v -0.08080943 0.00862799 0.06833135
v -0.07584533 -0.00429490 0.06442996
v -0.00404848 -0.01677993 0.10417300
v -0.00316766 -0.01894510 0.10727947
v -0.00276916 -0.02181102 0.11024560
v -0.00902666 -0.02105342 0.10268766
v -0.00807621 -0.02467242 0.10520817
v 0.00279085 -0.02267743 0.12067917
v 0.00210398 -0.01966622 0.11638506
v -0.00158436 -0.02486047 0.11333396
v -0.00101435 -0.02904915 0.11599235
v 0.00271798 -0.02637238 0.12406699
v -0.00837285 -0.04653341 0.10526494
v -0.01007816 -0.03870879 0.10396942
v -0.00551374 -0.03300501 0.10879716
v -0.01456190 -0.02789343 0.10200872
v -0.01249401 -0.03276559 0.10343145
v -0.00662719 -0.02834226 0.10725347
v -0.01640099 -0.02335697 0.09938066
v -0.00243994 -0.03422682 0.11959814
v -0.00348319 -0.03964445 0.12434326
v 0.00228010 -0.03127876 0.12904908
v 0.00519414 -0.02942462 0.13628119
v 0.00567983 -0.02470067 0.13140768
v -0.01033847 -0.01858857 0.10007755
v -0.01878665 -0.02024275 0.09755974
v -0.01898633 -0.03805932 0.10149770
v -0.02719994 -0.04388863 0.10020296
v -0.02278179 -0.03132613 0.09994090
v -0.03055639 -0.03563927 0.09874041
v -0.02485232 -0.02589362 0.09792511
v -0.03302864 -0.02937534 0.09654766
v -0.03448752 -0.05140714 0.09789416
v -0.04094365 -0.05898285 0.09438197
v -0.04672659 -0.06945148 0.08898741
v -0.04648588 -0.04949171 0.09315679
v -0.05338278 -0.05943033 0.08723053
v -0.05020027 -0.03964628 0.09148049
v -0.05843125 -0.04910299 0.08542320
v -0.03898159 -0.04143936 0.09664765
v -0.04209851 -0.03403235 0.09446320
v -0.03525858 -0.02371435 0.09432178
v -0.02726891 -0.02152745 0.09607022
v -0.05245271 -0.02223072 0.08825258
v -0.05188223 -0.03044506 0.08995679
v -0.04368061 -0.02671586 0.09227963
v -0.04479668 -0.02037280 0.09005219
v -0.06147366 -0.03644608 0.08477766
v -0.06111059 -0.02460182 0.08503187
v -0.05969891 -0.01785147 0.08376423
v -0.03378152 -0.01163746 0.08960183
v -0.02467325 -0.01128635 0.09115340
v -0.04036345 -0.01177473 0.08777648
v -0.05192961 -0.01702276 0.08650371
v -0.04540393 -0.01645602 0.08838364
v -0.06757377 -0.00989794 0.07401298
v -0.06285276 -0.01087165 0.07757233
v -0.05140546 -0.01159056 0.08356178
v -0.04611386 -0.01177290 0.08567128
v -0.05725438 -0.01126436 0.08073010
v -0.01623899 -0.00987634 0.09163438
v -0.00796497 -0.00816477 0.09217162
v -0.08646391 -0.10696383 -0.07923374
v 0.00644511 -0.02106474 0.12774426
v 0.00639614 -0.01779060 0.12342361
v -0.00209935 0.00818892 0.09825858
v 0.00142798 0.00566950 0.09652800
v 0.01016380 0.00425721 0.11035459
v -0.00831199 0.01103181 0.10408683
v -0.00240000 -0.00573009 0.09263335
v 0.00083850 -0.00334128 0.09277058
v 0.00249959 -0.00054345 0.09331520
v 0.00320964 0.00263844 0.09463312
v -0.02969498 0.02277860 0.11242398
v -0.02263599 0.01573827 0.11305833
v -0.08700971 0.05165236 0.06092964
v -0.09385628 0.03900488 0.05202976
v -0.07074927 0.02003575 0.08677685
v -0.07676621 0.01704270 0.07992022
v -0.08013991 0.01298203 0.07336143
v -0.09717909 0.02484138 0.04432536
v -0.09876861 0.01326593 0.04039926
v -0.10115051 0.00192673 0.03927588
v -0.07265493 0.10926706 0.05646034
v -0.07328996 0.12190633 0.04794693
v -0.07088330 0.09606044 0.06580462
v -0.05658747 0.14996108 0.03941078
v -0.05589698 0.13881752 0.04991308
v -0.07336377 0.13371602 0.03999894
v -0.05595895 0.12685005 0.05949371
v -0.05579903 0.11425732 0.06846341
v -0.05397948 0.10122309 0.07811746
v -0.05060885 0.08761822 0.08769289
v -0.04605697 0.07084082 0.09573665
v -0.07112719 -0.09808595 -0.11461438
v 0.00984183 -0.03656190 0.12007801
v 0.01041678 -0.03678718 0.12091520
v 0.01016179 -0.03655092 0.11969385
v 0.01081717 -0.03674970 0.12065382
v 0.01027149 -0.03724558 0.12055963
v 0.01016741 -0.05021238 0.12256153
v 0.01135504 -0.04658803 0.12150590
v 0.01097141 -0.04087155 0.12145579
v -0.11157922 -0.05695304 -0.01294536
v -0.08916014 -0.17663294 -0.07926832
v -0.08280966 -0.16472372 -0.10437043
v 0.08135473 -0.16275415 -0.08586267
v 0.07284561 -0.15194994 -0.11100197
v 0.02682642 -0.24992043 -0.00673765
v 0.04307702 -0.23819238 -0.01376246
v 0.04447605 -0.25367796 -0.01641579
v 0.02682538 -0.26418015 -0.00965535
v 0.08778746 -0.19463633 -0.10080525
v 0.08392303 -0.17942879 -0.09067175
v 0.07552871 -0.16799313 -0.11807790
v 0.08092493 -0.18216652 -0.13014224
v 0.06092084 -0.15985802 -0.14214379
v 0.06621689 -0.17501806 -0.15575920
v 0.04648536 -0.17250179 -0.17436075
v 0.04351335 -0.15381747 -0.16044439
v 0.02760619 -0.15043548 -0.17275518
v 0.02807922 -0.17215765 -0.18604197
v 0.06268280 -0.22326562 -0.02314591
v 0.07895426 -0.20703334 -0.03946461
v 0.08171715 -0.22420484 -0.04539925
v 0.06466135 -0.23975416 -0.02695930
v 0.08670923 -0.19231981 -0.06273164
v 0.08945148 -0.20856518 -0.07131331
v 0.01368369 -0.17305243 -0.19119999
v 0.01396652 -0.14893016 -0.17868620
v 0.02808692 -0.29997209 -0.01622003
v 0.01309905 -0.30616638 -0.01423982
v 0.01430033 -0.28727224 -0.00945822
v 0.02724362 -0.28108358 -0.01295136
v 0.08092907 -0.29543543 -0.04318198
v 0.10648667 -0.27540433 -0.06563339
v 0.11980875 -0.29290834 -0.06229606
v 0.08955865 -0.31528354 -0.04133459
v 0.16167943 -0.28114104 -0.08497089
v 0.17814499 -0.25033557 -0.12433560
v 0.05224133 -0.30951464 -0.02705074
v 0.05688327 -0.32960528 -0.02572349
v -0.00229625 -0.19666678 -0.20839828
v -0.00108643 -0.17437068 -0.19135083
v 0.15784377 -0.23962450 -0.12782443
v 0.15428849 -0.22380082 -0.17425501
v 0.17922474 -0.23456870 -0.17300373
v 0.07204124 -0.25553605 -0.25790128
v 0.07282644 -0.26790911 -0.26576731
v 0.10187414 -0.25817364 -0.26036027
v 0.09346991 -0.24726607 -0.25094315
v 0.11204378 -0.20436102 -0.16006933
v 0.08965594 -0.20120788 -0.18983044
v 0.10607032 -0.21297404 -0.20310923
v 0.13281530 -0.21333078 -0.16990831
v 0.04053072 -0.22842042 -0.23801844
v 0.07322145 -0.21904410 -0.22475030
v 0.06225590 -0.20579553 -0.21192549
v 0.03418556 -0.21030538 -0.22332856
v 0.13834195 -0.23049504 -0.12744127
v 0.11649469 -0.22091913 -0.12212831
v 0.12496859 -0.25445455 -0.09439801
v 0.10827234 -0.24101137 -0.08982213
v 0.09427810 -0.26016036 -0.06197544
v 0.07588430 -0.18780306 -0.17152046
v 0.05251805 -0.18868126 -0.19187096
v 0.02964776 -0.19134308 -0.20388156
v 0.01331680 -0.19437549 -0.20827046
v -0.00611343 -0.28540766 -0.26344305
v -0.00526660 -0.26218611 -0.25518054
v 0.01449007 -0.23405790 -0.24154070
v 0.01396477 -0.21525942 -0.22802350
v 0.14248815 -0.26660007 -0.09259592
v 0.09601913 -0.22578396 -0.08189546
v 0.08694582 -0.24190269 -0.05378455
v 0.10307790 -0.33219004 -0.02919026
v 0.13758677 -0.31179154 -0.05151273
v 0.06555642 -0.34746987 -0.01767346
v 0.03374478 -0.35913211 -0.01036994
v 0.01508761 -0.25841561 -0.25350243
v 0.01354858 -0.28104421 -0.26259601
v 0.04352918 -0.27344367 -0.26396766
v 0.04950895 -0.24970825 -0.25301927
v 0.07423340 -0.27708232 -0.03854618
v 0.05023266 -0.29046446 -0.02345194
v 0.02801706 -0.31890520 -0.01842362
v 0.09337068 -0.19288602 -0.14403011
v 0.09800944 -0.20823070 -0.11148908
v 0.06900943 -0.25724205 -0.03274116
v 0.04673905 -0.27130279 -0.02007503
v 0.01470980 -0.27161533 -0.00517506
v 0.02972098 -0.33902353 -0.01687665
v 0.15636657 -0.23642595 -0.21665412
v 0.13007316 -0.24708772 -0.24486725
v 0.11580122 -0.24073544 -0.24021351
v -0.00453036 -0.23732919 -0.24314381
v 0.00254493 -0.29020706 -0.00830330
v 0.00124799 -0.30769679 -0.01314089
v 0.00395792 -0.27478257 -0.00313471
v 0.12482364 -0.22724779 -0.21784702
v 0.08466258 -0.23469189 -0.23904932
v 0.00469120 -0.26302290 0.00119761
v -0.00004068 -0.14946085 -0.17954729
v 0.00007798 -0.32875621 -0.01758577
v -0.00053328 -0.35332060 -0.01696269
v -0.00038496 -0.37493339 -0.00928196
v 0.01559558 -0.25898898 -0.00145909
v 0.01235446 -0.34787434 -0.01619388
v 0.01242694 -0.32565847 -0.01720804
v 0.01321670 -0.36967742 -0.00944377
v -0.00338628 -0.21781994 -0.22891475
v -0.01809617 -0.25592166 -0.00388155
v -0.03727645 -0.24656892 -0.00937865
v -0.03890087 -0.26224545 -0.01194118
v -0.01930671 -0.27007291 -0.00694644
v -0.09465164 -0.20991217 -0.09421640
v -0.09109271 -0.19434226 -0.08427159
v -0.08521273 -0.18152216 -0.11136419
v -0.09122278 -0.19591868 -0.12296329
v -0.07337990 -0.17129922 -0.13548011
v -0.07916233 -0.18716827 -0.14854264
v -0.05981674 -0.18195555 -0.16878466
v -0.05609439 -0.16292980 -0.15473950
v -0.03524841 -0.15648407 -0.16918668
v -0.03753519 -0.17858148 -0.18239036
v -0.06006449 -0.23448899 -0.01735740
v -0.07938186 -0.22078513 -0.03332106
v -0.08123200 -0.23755507 -0.03925980
v -0.06176793 -0.25085580 -0.02137286
v -0.09140290 -0.20758128 -0.05634411
v -0.09282735 -0.22436953 -0.06510130
v -0.01616837 -0.17635995 -0.18937692
v -0.01473362 -0.15212515 -0.17695186
v -0.02399833 -0.30490822 -0.01318815
v -0.01016173 -0.30804095 -0.01287465
v -0.00863461 -0.29047000 -0.00826313
v -0.02180356 -0.28740811 -0.01017222
v -0.07652901 -0.30718282 -0.03810617
v -0.10485299 -0.28938693 -0.05898634
v -0.11665173 -0.30783692 -0.05509293
v -0.08442736 -0.32732746 -0.03502158
v -0.16061673 -0.30011511 -0.07545979
v -0.18206707 -0.27071580 -0.11352967
v -0.04803500 -0.31771854 -0.02236853
v -0.05195234 -0.33878839 -0.02062249
v -0.16313455 -0.25804159 -0.11790238
v -0.16409341 -0.24161099 -0.16408983
v -0.18793264 -0.25451607 -0.16170108
v -0.08397451 -0.26588008 -0.25257891
v -0.08426663 -0.27827388 -0.26048708
v -0.11345890 -0.27118349 -0.25342205
v -0.10562357 -0.25970936 -0.24417056
v -0.12357843 -0.21811874 -0.15112039
v -0.10303859 -0.21441546 -0.18304090
v -0.11857508 -0.22698908 -0.19514048
v -0.14337425 -0.22932999 -0.16072291
v -0.05271025 -0.23569700 -0.23430312
v -0.08630243 -0.22946432 -0.21859588
v -0.07524067 -0.21339571 -0.20524301
v -0.04543521 -0.21721163 -0.22000363
v -0.14464523 -0.24716353 -0.11801202
v -0.12364843 -0.23614782 -0.11340325
v -0.12733282 -0.26979989 -0.08594359
v -0.11143863 -0.25602683 -0.08302288
v -0.09431697 -0.27271724 -0.05566458
v -0.08941545 -0.20123960 -0.16450697
v -0.06680518 -0.19940308 -0.18615708
v -0.04097690 -0.19832808 -0.20031586
v -0.01778240 -0.20004404 -0.20760334
v -0.02345099 -0.23951954 -0.24036260
v -0.02130468 -0.21439166 -0.22568558
v -0.14328560 -0.28382230 -0.08388202
v -0.09867355 -0.24136811 -0.07582305
v -0.08637838 -0.25574607 -0.04817639
v -0.09620184 -0.34612462 -0.02115219
v -0.13252449 -0.32828081 -0.04262872
v -0.05863048 -0.35748887 -0.01156385
v -0.02928116 -0.36491168 -0.00624853
v -0.02598696 -0.26199174 -0.25161427
v -0.02546020 -0.28459626 -0.26044813
v -0.05405192 -0.28121752 -0.26037192
v -0.06145076 -0.25791034 -0.24887587
v -0.07096741 -0.28737998 -0.03328557
v -0.04598097 -0.29824781 -0.01864287
v -0.02521972 -0.32447499 -0.01565239
v -0.10389719 -0.20829502 -0.13606302
v -0.10523772 -0.22438061 -0.10481270
v -0.06619398 -0.26891279 -0.02761439
v -0.04210323 -0.28043374 -0.01567071
v -0.00736380 -0.27461281 -0.00396853
v -0.02693576 -0.34447894 -0.01329085
v -0.16723558 -0.25462925 -0.20614618
v -0.14173944 -0.26287353 -0.23591685
v -0.12773690 -0.25533292 -0.23190546
v -0.13680314 -0.24270056 -0.20911136
v -0.09707856 -0.24651667 -0.23259123
v -0.00613106 -0.26192343 -0.00015966
v -0.01286933 -0.35078460 -0.01441459
v -0.01159675 -0.32859600 -0.01605970
v -0.01357522 -0.37194532 -0.00735411
v 0.00973738 -0.03712870 0.11993793
v -0.10774814 -0.06697491 0.00873786
v -0.10670150 -0.07891351 -0.00033920
v -0.09822556 -0.10271353 0.00451408
v -0.10046780 -0.08909597 0.01380618
v -0.08660470 -0.12408032 0.00973081
v -0.09307747 -0.10712857 0.01784519
v -0.07378801 -0.14232689 0.01646461
v -0.08364268 -0.12424761 0.02254963
v -0.06445423 -0.15590882 0.02531922
v -0.07414354 -0.13731173 0.03114066
v -0.03580743 -0.16932859 0.05789597
v -0.03218111 -0.17786008 0.04956365
v -0.01960990 -0.18441796 0.06181520
v -0.02040906 -0.17780429 0.07090034
v -0.00804082 -0.18983576 0.07284523
v -0.00868896 -0.18335642 0.08210632
v 0.00120414 -0.19110763 0.07905428
v 0.00148785 -0.18521622 0.08887731
v 0.01107817 -0.19054584 0.08202031
v 0.01154010 -0.18436033 0.09189755
v 0.01237072 -0.16584328 0.10230502
v 0.00312769 -0.16742098 0.10053007
v 0.00229150 -0.17695099 0.09604685
v 0.01190610 -0.17681596 0.09797393
v -0.00567154 -0.16564035 0.09377783
v -0.00783342 -0.17541075 0.08900504
v -0.01574351 -0.16052942 0.08313657
v -0.01882746 -0.16988288 0.07808456
v -0.02923720 -0.15210283 0.07206511
v -0.03328525 -0.16120395 0.06598760
v -0.04197218 -0.14265965 0.06740072
v -0.04899778 -0.14733481 0.05925267
v 0.00145840 -0.19497433 0.06570167
v 0.01062115 -0.19411318 0.06931157
v -0.00677167 -0.19351503 0.06002758
v -0.01702549 -0.18870962 0.05066716
v -0.02758136 -0.18381058 0.04003258
v -0.05188884 -0.16612798 0.03793696
v -0.04014144 -0.17817783 0.02932207
v -0.05469401 -0.16757733 0.02052080
v -0.06442721 -0.15412314 0.01159001
v -0.07990691 -0.13445860 0.00319382
v -0.09514980 -0.11036737 -0.00388181
v -0.10456078 -0.08525790 -0.00847180
v -0.11031286 -0.06263089 -0.00385019
v -0.00366351 -0.15665181 0.09589364
v 0.00418858 -0.15728337 0.10187560
v -0.01235173 -0.15231672 0.08636511
v -0.02458847 -0.14355108 0.07649231
v -0.03656188 -0.13526957 0.07300476
v -0.04622670 -0.11070876 0.07656988
v -0.04381119 -0.12331537 0.07370228
v -0.04352082 -0.08707509 0.08570960
v -0.04540726 -0.09854467 0.08133667
v -0.05875287 -0.07377613 0.07887402
v -0.06208970 -0.09012635 0.06994805
v -0.05368145 -0.09633312 0.07572544
v -0.05125338 -0.08152552 0.08227556
v -0.06524437 -0.06171032 0.07596699
v -0.07025211 -0.08123989 0.06462468
v 0.00183142 -0.19845361 0.05451724
v 0.01014745 -0.19835253 0.05591317
v -0.00516182 -0.19736424 0.04918338
v -0.01319385 -0.19454996 0.04094770
v -0.02068812 -0.19245081 0.03156711
v -0.02989787 -0.18932912 0.02263616
v -0.04061895 -0.18281716 0.01535875
v -0.05431246 -0.17039466 0.00674779
v -0.07173571 -0.14883021 -0.00301685
v -0.09053188 -0.11813004 -0.01053789
v -0.09942074 -0.09111518 -0.01684119
v -0.01720790 -0.20528322 0.01685790
v -0.01067938 -0.20474777 0.02276680
v -0.00583237 -0.20544711 0.02859791
v -0.00210588 -0.20492810 0.03460177
v 0.00238747 -0.20730151 0.03359384
v 0.00919781 -0.20905834 0.03284632
v 0.00249391 -0.21110532 0.02395321
v 0.00894050 -0.21268854 0.02408441
v -0.00056296 -0.21583949 0.01923116
v 0.00858759 -0.21713601 0.01990850
v -0.00335065 -0.22171932 0.01599367
v 0.00790717 -0.22514728 0.01611665
v -0.05085810 -0.12900612 0.06724125
v -0.05944319 -0.12887976 0.05855942
v -0.06305860 -0.10897624 0.06261547
v -0.07209762 -0.10218765 0.05494677
v -0.06915541 -0.12516578 0.04848348
v -0.05433542 -0.11297120 0.06999675
v -0.08011847 -0.11554836 0.03786469
v -0.08135171 -0.09168607 0.04706832
v -0.07801761 -0.06861386 0.06008966
v -0.08784804 -0.07870907 0.04110828
v -0.08835024 -0.10243860 0.02979612
v -0.08478527 -0.05942803 0.05408632
v -0.09029408 -0.05021634 0.04891544
v -0.09262665 -0.06817248 0.03602008
v -0.09422438 -0.08776069 0.02572249
v -0.05958207 -0.15041921 0.04459259
v -0.09953035 -0.07428689 0.02202284
v -0.09519310 -0.04187643 0.04292280
v -0.09708861 -0.05685896 0.03138650
v -0.10059382 -0.03110317 0.03604150
v -0.10363838 -0.04390276 0.02460637
v -0.10657844 -0.05682160 0.01611990
v -0.11267081 -0.04874866 0.00186007
v 0.01259211 -0.15588668 0.10410536
v -0.10100976 -0.05702205 -0.03681831
v -0.01511090 -0.07224199 0.10273308
v -0.00583904 -0.06870171 0.10906431
v 0.00224143 -0.06757967 0.11504854
v 0.00808453 -0.06726694 0.11922826
v 0.01275509 -0.06720980 0.12132496
v 0.00636102 -0.24572706 0.00920377
v 0.02020316 0.01591487 0.12013462
v 0.00717857 -0.23339905 0.01351065
v 0.01258425 -0.12644207 0.07616962
v 0.01431850 0.18848598 0.02461236
v 0.01285680 -0.14570703 0.10504993
v 0.01316880 -0.11774515 0.08224390
v 0.01958507 -0.02648523 0.15101063
v 0.01307870 -0.13691266 0.10431843
v 0.01425542 -0.11484937 0.11231421
v 0.01469828 -0.10384806 0.11134038
v 0.01966374 0.07641843 0.11315593
v 0.01455069 -0.10857132 0.11297087
v 0.01647897 -0.06302176 0.12264921
v 0.01945205 -0.03182054 0.15600759
v 0.01470598 -0.10087445 0.10913934
v 0.00374042 -0.05590759 -0.16716176
v 0.01381704 -0.12209903 0.10876527
v 0.01375961 -0.10734120 0.09308423
v 0.01455182 -0.10009671 0.10595713
v 0.01447023 -0.09284532 0.08472741
v 0.01639319 -0.06807861 0.12150276
v 0.01996303 -0.00658273 0.12844971
v 0.00494933 -0.00138336 -0.19818141
v 0.01980293 -0.01005676 0.13247709
v 0.01782485 0.12580858 0.09051722
v 0.01908147 0.09642947 0.10713644
v 0.01962088 -0.02188499 0.14590192
v 0.00569370 0.09148028 -0.19829898
v 0.00592735 0.12205032 -0.18534283
v 0.01993376 0.04400061 0.11798076
v 0.01100451 0.20631361 -0.05250537
v 0.01925857 -0.03744244 0.15872867
v 0.01719761 -0.05612264 0.13425165
v 0.01590816 0.16480555 0.05393146
v 0.00540269 0.03068713 -0.20714122
v 0.00824979 0.19655415 -0.10110711
v 0.01507454 -0.10145664 0.11255696
v 0.01511770 0.17712030 0.03784962
v 0.01491052 -0.10291058 0.10681891
v 0.01808974 -0.05235840 0.15018818
v 0.00520347 0.01236806 -0.20509231
v 0.00557666 0.05342785 -0.20535243
v 0.01583122 -0.08176327 0.12013298
v 0.01616202 -0.07339023 0.12066333
v 0.00946072 0.20365059 -0.07723159
v 0.02039505 0.02350206 0.12083450
v 0.01566848 -0.08781026 0.12057607
v 0.01997765 0.00347422 0.11920981
v 0.01551223 -0.09337771 0.12007473
v 0.00551761 -0.25476512 0.00475092
v 0.00677344 0.16460070 -0.15062195
v 0.01527271 -0.09780838 0.11688401
v 0.01462809 -0.09927435 0.09572016
v 0.01975317 -0.01748208 0.14098197
v 0.01453247 -0.09629309 0.09001985
v 0.01977747 0.05776031 0.11551148
v 0.01672002 -0.05936141 0.12560660
v 0.01682770 -0.05869704 0.12695922
v 0.01984514 0.00081567 0.12076224
v 0.01832544 0.11214267 0.09933957
v 0.02017172 0.00580517 0.11898158
v 0.01670022 -0.06024139 0.12441725
v 0.00631625 0.14856644 -0.16693993
v 0.01253587 0.20924109 -0.02220349
v 0.01312979 0.20679250 -0.00554848
v 0.01988423 -0.00300096 0.12461024
v 0.01986374 -0.01346428 0.13634792
v 0.00316423 -0.07382010 -0.16722015
v 0.01863319 -0.04736592 0.15624954
v 0.01894037 -0.04315103 0.15854482
v 0.01666877 0.15166438 0.06868143
v 0.00471040 -0.01194922 -0.19225681
v 0.01360729 0.19986397 0.01090937
v 0.01728318 0.13864127 0.08048370
v 0.00422575 -0.03501470 -0.17711321
v 0.00449450 -0.02015574 -0.18748023
v 0.01779519 -0.05390576 0.14637275
v 0.02001326 0.00868725 0.11866383
v 0.01744656 -0.05539741 0.13977125
v 0.00733170 0.18564388 -0.12419873
v 0.01700506 -0.05737833 0.12970008
v 0.02405892 -0.03714661 0.11943761
v 0.10240580 -0.05846709 0.00051278
v 0.10014071 -0.06867249 -0.00865882
v 0.09466466 -0.09185264 -0.00330611
v 0.09792800 -0.07932492 0.00598553
v 0.08648552 -0.11361305 0.00241706
v 0.09264693 -0.09699806 0.01024886
v 0.07637016 -0.13238209 0.00974233
v 0.08544282 -0.11425442 0.01539325
v 0.01341381 -0.05187599 0.14525577
v 0.01429479 -0.05380606 0.13991697
v 0.07003703 -0.14683902 0.01899275
v 0.07875312 -0.12808888 0.02439293
v -0.00365111 -0.00173482 0.08769324
v 0.00814603 -0.05438400 0.12029943
v 0.01002336 -0.02317645 0.13799733
v -0.00164497 -0.00135697 0.08878525
v 0.04832438 -0.16320807 0.05276299
v 0.04492468 -0.17151983 0.04452593
v 0.03605729 -0.17896670 0.05746177
v 0.03734104 -0.17255908 0.06649527
v 0.00455255 -0.05349132 0.11840963
v 0.02902763 -0.18637240 0.06984529
v 0.03023939 -0.17981276 0.07895541
v 0.02086447 -0.18963268 0.07753015
v 0.02147745 -0.18349294 0.08728951
v 0.01047640 -0.01561051 0.12926522
v 0.00709582 -0.00410862 0.10650234
v 0.02143638 -0.16608372 0.09967699
v 0.02148375 -0.17556766 0.09497531
v 0.01057507 -0.01959594 0.13377589
v -0.00345469 -0.04805543 0.12038480
v -0.00092943 -0.05231182 0.11698394
v 0.01067261 -0.04281821 0.15179972
v 0.00953471 -0.03833193 0.15082663
v 0.02924737 -0.16317526 0.09147977
v 0.00953803 -0.04730349 0.14709938
v 0.01287580 -0.05022291 0.14770398
v 0.03008777 -0.17235354 0.08621025
v -0.00604695 -0.00230521 0.08848836
v -0.02487756 -0.00003503 0.08041785
v 0.01155648 -0.04592856 0.15100132
v 0.01503220 -0.04920816 0.15148646
v -0.01184642 -0.00140373 0.08599132
v -0.00504962 -0.00205225 0.08813481
v 0.00321086 -0.04337335 0.13801247
v 0.00924822 -0.00591696 0.11477451
v 0.03564703 -0.15684381 0.07946295
v 0.03688151 -0.16555180 0.07393718
v 0.04422186 -0.14734094 0.06774478
v 0.04660453 -0.15576446 0.06126534
v -0.00116521 -0.04463572 0.12933463
v 0.05392860 -0.13708210 0.06279051
v 0.05922325 -0.14093426 0.05403523
v 0.01966147 -0.19325569 0.06416754
v -0.00747867 -0.00219258 0.08846489
v -0.00878056 -0.00202349 0.08829287
v 0.00922201 -0.02764547 0.14263569
v 0.02731401 -0.18995589 0.05708834
v 0.03397795 -0.18318538 0.04660144
v 0.04122700 -0.17715922 0.03535664
v 0.06087582 -0.15861639 0.03215636
v -0.01655636 -0.00128773 0.08596472
v 0.01425415 -0.05532426 0.12972869
v 0.00591002 -0.04516059 0.14240263
v 0.00791324 -0.04642155 0.14508303
v 0.01353818 -0.05604994 0.12576647
v 0.05067257 -0.17100692 0.02405997
v 0.06155954 -0.15868239 0.01452793
v 0.00191085 -0.00195053 0.09307557
v 0.06776591 -0.14391245 0.00497332
v 0.01003550 -0.00886257 0.12131473
v 0.01055877 -0.01212045 0.12611738
v 0.08005550 -0.12356208 -0.00415007
v 0.09044387 -0.09844568 -0.01178233
v 0.01453051 -0.05464102 0.13477251
v 0.09731452 -0.07403801 -0.01703228
v 0.10185780 -0.05431095 -0.01223475
v 0.02797829 -0.15457888 0.09402415
v 0.02109688 -0.15609325 0.10131893
v 0.03402959 -0.14935681 0.08348368
v 0.00911077 -0.03294183 0.14786589
v 0.04143637 -0.13942190 0.07300951
v 0.04988210 -0.13037661 0.06901418
v 0.05716708 -0.10518758 0.07194783
v 0.01074943 -0.05488325 0.12313961
v 0.05539759 -0.11797037 0.06953064
v 0.05466481 -0.08215430 0.08149325
v 0.05597468 -0.09318984 0.07676326
v 0.06620492 -0.06821696 0.07409699
v 0.06916916 -0.08361307 0.06447192
v 0.06254163 -0.09026696 0.07060853
v 0.01836068 -0.05022206 0.15335494
v 0.01230157 -0.04839597 0.14948185
v 0.06063772 -0.07614738 0.07788007
v 0.07092407 -0.05676097 0.07098247
v 0.07534395 -0.07459031 0.05894357
v 0.01843313 -0.19634739 0.05284757
v -0.02743233 0.01108040 0.10243341
v -0.02735841 0.00935070 0.09998304
v 0.02521950 -0.19351171 0.04634206
v 0.03095495 -0.18922819 0.03723117
v 0.03536485 -0.18617782 0.02735026
v 0.04170273 -0.18258011 0.01804111
v 0.04930077 -0.17478274 0.01009236
v 0.05865888 -0.16027167 0.00069106
v -0.01474121 0.01296913 0.10871848
v 0.01361155 0.01219145 0.11751948
v 0.00580004 0.01260859 0.11493778
v 0.07284690 -0.13791054 -0.01003996
v -0.03041624 0.00244341 0.09701592
v -0.03170407 0.00067207 0.09240738
v -0.02740736 0.00707172 0.09766294
v -0.03066372 0.00052640 0.09476344
v -0.03068100 0.00097817 0.09683798
v 0.08596969 -0.10622762 -0.01840870
v -0.02765071 0.00567705 0.09637193
v 0.09055369 -0.07897513 -0.02467749
v -0.02770493 0.00497281 0.09654766
v 0.03141091 -0.19978696 0.01327352
v -0.02383261 0.01256301 0.10535094
v 0.02764891 -0.20035933 0.01956866
v 0.02424234 -0.20163600 0.02587275
v -0.02898541 0.00391418 0.09643924
v -0.03254329 0.00068390 0.08919451
v 0.02091619 -0.20154947 0.03225454
v -0.03375679 0.00080629 0.08178459
v 0.01606589 -0.20554382 0.03224272
v 0.02013322 0.01193814 0.11921978
v -0.01396300 0.02278800 0.11749904
v -0.07227625 0.02495991 0.08178341
v 0.01514770 -0.20999330 0.02290484
v -0.07845795 0.02014968 0.07548121
v 0.01730030 -0.21404660 0.01775494
v -0.06509368 -0.01390124 0.07880051
v -0.07060413 -0.01280452 0.07462518
v -0.00852919 0.01577648 0.11624207
v 0.01930606 -0.21917962 0.01434048
v 0.06102548 -0.12283792 0.06222843
v 0.06747423 -0.12174663 0.05270614
v 0.07003218 -0.10181195 0.05670762
v 0.07732768 -0.09440470 0.04865825
v -0.02537117 0.05597833 0.10824194
v -0.04052722 0.15451530 0.04490912
v -0.02196678 0.04276527 0.11255611
v -0.04825837 0.03054554 0.10135747
v 0.07549832 -0.11716306 0.04207192
v -0.03981584 0.14285934 0.05735163
v 0.06338608 -0.10646735 0.06458420
v 0.08364523 -0.10676382 0.03109575
v 0.08428910 -0.08348468 0.04049108
v 0.08126076 -0.06218805 0.05418166
v 0.08894853 -0.07062982 0.03417731
v -0.06272481 0.02930635 0.09054695
v 0.08948636 -0.09328347 0.02254557
v -0.08021295 -0.00678325 0.06256810
v 0.01040357 0.03223123 0.12054202
v -0.08264558 -0.00074427 0.05875340
v 0.08649077 -0.05355112 0.04779619
v -0.00302663 0.03164960 0.12002510
v -0.03832461 0.19572802 -0.02002170
v 0.09060717 -0.04573486 0.04219289
v 0.09218667 -0.06073322 0.02897216
v 0.09374585 -0.07864271 0.01826721
v 0.06779783 -0.14255120 0.03865136
v 0.00063992 0.01047490 0.10783634
v 0.09737232 -0.06586584 0.01433309
v -0.04595530 -0.01380070 0.08690587
v -0.05153745 -0.01387372 0.08477517
v 0.09381065 -0.03967650 0.03584934
v -0.04511458 0.19106154 -0.00545237
v -0.07839651 -0.00925362 0.06590810
v -0.03353035 0.09071753 0.09647712
v 0.00643786 0.00501219 0.10349988
v 0.00389709 0.00771642 0.10383151
v -0.03619697 0.10523659 0.08761655
v 0.09532033 -0.05059081 0.02405654
v 0.09728541 -0.03313311 0.02866987
v 0.09974258 -0.04068455 0.01679716
v -0.03773681 0.11850563 0.07816392
v 0.10180549 -0.05007854 0.00808863
v 0.10394175 -0.04368778 -0.00635748
v -0.04214815 0.16580921 0.03247990
v -0.01497085 -0.01162660 0.09318795
v 0.08893026 -0.04981340 -0.04409280
v 0.03791335 -0.06960978 0.09975558
v 0.03272902 -0.06673878 0.10685979
v -0.08270270 0.01533945 0.06914087
v -0.08403799 0.00962674 0.06425346
v -0.04541765 0.18509704 0.00796269
v -0.03269072 -0.01334827 0.09074117
v -0.08349038 0.00447086 0.06042366
v -0.01626616 0.20328912 -0.03279775
v 0.02797601 -0.06613788 0.11370449
v -0.07511100 -0.01133678 0.07021789
v 0.02405241 -0.06614871 0.11888158
v 0.02000110 -0.06657835 0.12150538
v -0.03413453 0.03143411 0.10970458
v -0.03973622 -0.01367012 0.08895151
v 0.00688167 0.00183221 0.10214907
v -0.00682759 -0.00961910 0.09438574
v -0.00095875 -0.00701012 0.09566744
v -0.03878780 0.13086402 0.06838000
v 0.00301644 -0.00449410 0.09778652
v 0.00606678 -0.00137627 0.10051947
v -0.02364597 -0.01291863 0.09234590
v -0.02977948 0.07275972 0.10391623
v -0.04354208 0.17614007 0.02100649
v -0.05826073 -0.01386452 0.08213788
v 0.01186481 0.20736429 -0.03803039
v 0.02006799 0.03260827 0.11998612
v 0.00475107 -0.00302830 0.09946620
v -0.00380588 0.01275893 0.11230735
v -0.01853219 0.03153945 0.11650720
v 0.01343624 -0.12959863 0.10595041
v -0.02433487 -0.09353480 0.09507863
v -0.02689483 -0.09788772 0.09112384
v -0.02593903 -0.10949360 0.08450741
v -0.01098053 -0.08382666 0.10711399
v -0.01895570 -0.08859213 0.10026826
v -0.00832115 -0.12519005 0.09514159
v -0.02763391 -0.10178277 0.08816944
v -0.00017192 -0.12750781 0.10115597
v -0.02796648 -0.10563774 0.08598755
v 0.00657874 -0.12825239 0.10445627
v 0.01602259 -0.07729379 0.12065767
v 0.00547167 -0.07746806 0.11846434
v 0.01153357 -0.07679506 0.12094866
v -0.00220833 -0.07979739 0.11361541
v -0.02182864 -0.11459191 0.08469943
v -0.01604229 -0.12078371 0.08826745
v 0.02200982 -0.05184121 0.14512748
v 0.02061395 -0.05355611 0.13974707
v 0.03332383 -0.00324864 0.08755648
v 0.02451271 -0.05376493 0.11962747
v 0.02614409 -0.02416689 0.13745734
v 0.03204270 -0.00276693 0.08837280
v 0.02718185 -0.05280216 0.11750421
v 0.02603794 -0.01635002 0.12888597
v 0.02745661 -0.00495189 0.10588916
v 0.02584240 -0.02043965 0.13335356
v 0.03286190 -0.04730665 0.11895354
v 0.03085116 -0.05139120 0.11565773
v 0.02551193 -0.04268358 0.15166110
v 0.02649819 -0.03837597 0.15046266
v 0.02558758 -0.04696839 0.14674273
v 0.02285285 -0.05028769 0.14766185
v 0.03479533 -0.00407403 0.08829392
v 0.04497229 -0.00297363 0.07900898
v 0.02448813 -0.04575887 0.15091307
v 0.02142868 -0.04937356 0.15164268
v 0.03813025 -0.00371621 0.08538299
v 0.03422359 -0.00371062 0.08805507
v 0.02968576 -0.04301003 0.13717598
v 0.02661432 -0.00678366 0.11420161
v 0.03204574 -0.04422336 0.12822428
v 0.03564999 -0.00406679 0.08822600
v 0.03640816 -0.00399858 0.08801106
v 0.02659633 -0.02841021 0.14200267
v 0.04072450 -0.00424876 0.08505869
v 0.01969934 -0.05487331 0.12942068
v 0.02799080 -0.04465456 0.14169449
v 0.02664843 -0.04592840 0.14451951
v 0.02003297 -0.05556428 0.12549925
v 0.02999527 -0.00313363 0.09255642
v 0.02637886 -0.00960260 0.12084766
v 0.02618125 -0.01287910 0.12576701
v 0.01988489 -0.05422153 0.13457938
v 0.02684016 -0.03328448 0.14737578
v 0.02240381 -0.05432726 0.12270349
v 0.02359886 -0.04836215 0.14944914
v 0.04856571 0.00837430 0.10097003
v 0.04828001 0.00603837 0.09869654
v 0.04177054 0.01130348 0.10788471
v 0.02545871 0.01191523 0.11782752
v 0.03026067 0.01188690 0.11497510
v 0.04904602 -0.00065211 0.09560642
v 0.04886688 -0.00227666 0.09003997
v 0.04794699 0.00350395 0.09659348
v 0.04882266 -0.00249020 0.09332263
v 0.04910261 -0.00195831 0.09539023
v 0.04783852 0.00217140 0.09541780
v 0.04777894 0.00172655 0.09560998
v 0.04672868 0.01032709 0.10422862
v 0.04832993 0.00073583 0.09531528
v 0.04928509 -0.00218334 0.08674786
v 0.04981712 -0.00216961 0.07950762
v 0.04196968 0.02368254 0.11688449
v 0.07177953 0.02729859 0.07735074
v 0.07596944 0.01979062 0.07045476
v 0.06814477 -0.01953103 0.07461419
v 0.07221876 -0.01871764 0.06994785
v 0.03875793 0.01543495 0.11565927
v 0.04770530 0.05979288 0.10634273
v 0.05294227 0.15920274 0.04144371
v 0.04607592 0.04584083 0.11078602
v 0.05935038 0.03375746 0.09868956
v 0.05313537 0.14739896 0.05397018
v 0.06609078 0.03278764 0.08689296
v 0.07928360 -0.01282730 0.05761330
v 0.02807556 0.03282847 0.12012662
v 0.08118298 -0.00677760 0.05395427
v 0.03592046 0.03319691 0.11939920
v 0.04713022 0.19942841 -0.02316697
v 0.03274340 0.00919264 0.10765724
v 0.05562508 -0.01826512 0.08429237
v 0.05884558 -0.01869177 0.08169346
v 0.05168077 0.19559318 -0.00926831
v 0.07786776 -0.01538089 0.06075446
v 0.05177636 0.09530674 0.09373330
v 0.02865636 0.00412332 0.10320594
v 0.03038579 0.00652655 0.10355411
v 0.05252864 0.10909592 0.08507816
v 0.05295817 0.12265725 0.07522090
v 0.05310864 0.17061439 0.02883692
v 0.03942333 -0.01426727 0.09160720
v 0.07944108 0.01162717 0.06387309
v 0.08098255 0.00394878 0.05923478
v 0.05290314 0.19000548 0.00409949
v 0.04906203 -0.01707496 0.08862616
v 0.08138222 -0.00178574 0.05547638
v 0.03486890 0.20489235 -0.03459064
v 0.07562485 -0.01741884 0.06518304
v 0.05221133 0.03418309 0.10794741
v 0.05241455 -0.01777956 0.08668029
v 0.02786152 0.00126113 0.10162751
v 0.03484306 -0.01175342 0.09318691
v 0.03168755 -0.00866999 0.09485362
v 0.05309305 0.13518441 0.06516960
v 0.02943841 -0.00571588 0.09712762
v 0.02793836 -0.00226859 0.09989360
v 0.04399428 -0.01603271 0.09051694
v 0.05007779 0.07734282 0.10176501
v 0.05297853 0.18108016 0.01724300
v 0.06319960 -0.01911386 0.07848717
v 0.02852447 -0.00401635 0.09884576
v 0.03578545 0.01164708 0.11186115
v 0.04442212 0.03366044 0.11516431
v 0.04219719 -0.08969073 0.09117349
v 0.04347963 -0.09397881 0.08743934
v 0.04262451 -0.10585548 0.08145200
v 0.03562592 -0.08094343 0.10450694
v 0.03966117 -0.08515543 0.09678513
v 0.03227676 -0.12258978 0.09252989
v 0.04374228 -0.09796865 0.08481473
v 0.02654164 -0.12591028 0.09952030
v 0.04390584 -0.10179316 0.08277672
v 0.02049190 -0.12772976 0.10404061
v 0.02565112 -0.07600933 0.11793504
v 0.02064970 -0.07610622 0.12108409
v 0.03058974 -0.07760084 0.11208877
v 0.04022323 -0.11122239 0.08141270
v 0.03696038 -0.11759639 0.08498253
v 0.04958933 -0.00153803 0.07039850
v -0.03368887 0.00138086 0.07203423
v 0.04831064 -0.00408053 0.09286603
v 0.04668498 -0.00390817 0.09205433
v 0.04522715 -0.00368241 0.09066781
v 0.04393420 -0.00342272 0.08885130
v 0.04836326 -0.00374733 0.09296925
v 0.04678904 -0.00325295 0.09225246
v 0.04537804 -0.00273347 0.09095302
v 0.04412592 -0.00222970 0.08921889
v 0.04847868 -0.00343066 0.09306204
v 0.04701030 -0.00264135 0.09244016
v 0.04570000 -0.00185621 0.09122758
v 0.04453796 -0.00113809 0.08955006
v 0.04865374 -0.00314625 0.09314389
v 0.04734299 -0.00209584 0.09259211
v 0.04618005 -0.00108583 0.09145634
v 0.04516042 -0.00019036 0.08984339
v 0.04888410 -0.00290437 0.09321170
v 0.04777682 -0.00163968 0.09272856
v 0.04679562 -0.00044624 0.09164325
v 0.04595959 0.00059666 0.09007448
v 0.04915757 -0.00271068 0.09325967
v 0.04829854 -0.00128194 0.09281708
v 0.04752807 0.00004977 0.09178174
v 0.04688983 0.00121028 0.09026213
v 0.04946565 -0.00257472 0.09328954
v 0.04889397 -0.00103372 0.09287938
v 0.04836421 0.00039360 0.09186773
v 0.04792180 0.00163883 0.09036659
v 0.04979678 -0.00249886 0.09329580
v 0.04953809 -0.00089947 0.09288941
v 0.04928416 0.00057829 0.09188679
v 0.04905704 0.00187175 0.09039728
v 0.05013537 -0.00248674 0.09328544
v 0.05020475 -0.00088293 0.09287822
v 0.05024883 0.00059798 0.09186482
v 0.05026549 0.00190006 0.09035959
v 0.05046751 -0.00253589 0.09325363
v 0.05085744 -0.00098140 0.09281138
v 0.05119683 0.00045363 0.09177771
v 0.05146191 0.00171638 0.09025760
v 0.05078154 -0.00264674 0.09320673
v 0.05146629 -0.00119265 0.09272671
v 0.05207351 0.00015028 0.09164780
v 0.05255886 0.00133234 0.09008751
v 0.05106261 -0.00281303 0.09313987
v 0.05200531 -0.00150803 0.09259272
v 0.05283907 -0.00030027 0.09146452
v 0.05350760 0.00076275 0.08986096
v 0.05130103 -0.00303192 0.09306365
v 0.05245624 -0.00191848 0.09244774
v 0.05347227 -0.00088137 0.09124514
v 0.05428801 0.00003242 0.08957698
v 0.05149052 -0.00329301 0.09297393
v 0.05280635 -0.00241038 0.09227051
v 0.05396018 -0.00157563 0.09099714
v 0.05489125 -0.00083508 0.08927031
v 0.05162166 -0.00358961 0.09288003
v 0.05304731 -0.00297227 0.09209000
v 0.05429537 -0.00236566 0.09073044
v 0.05530986 -0.00181256 0.08893158
v 0.05169361 -0.00391231 0.09278220
v 0.05317412 -0.00358518 0.09189577
v 0.05447065 -0.00323202 0.09044738
v 0.05553188 -0.00288053 0.08857808
v 0.05170172 -0.00424624 0.09268402
v 0.05318339 -0.00423171 0.09170350
v 0.05448052 -0.00415332 0.09016547
v 0.05554657 -0.00402072 0.08820527
v 0.05164887 -0.00458043 0.09259123
v 0.05307674 -0.00488447 0.09151389
v 0.05432358 -0.00509407 0.08988312
v 0.05535015 -0.00520093 0.08786575
v 0.05153369 -0.00490107 0.09249814
v 0.05285716 -0.00551346 0.09133632
v 0.05400797 -0.00600661 0.08961955
v 0.05494923 -0.00634853 0.08752185
v 0.05136417 -0.00519453 0.09242043
v 0.05253419 -0.00608764 0.09117317
v 0.05354593 -0.00683385 0.08938056
v 0.05436497 -0.00738129 0.08721923
v 0.05114286 -0.00544743 0.09235047
v 0.05211835 -0.00657910 0.09104078
v 0.05295423 -0.00752690 0.08918257
v 0.05362123 -0.00823262 0.08696219
v 0.05088071 -0.00565295 0.09230113
v 0.05162176 -0.00696518 0.09093123
v 0.05225114 -0.00806058 0.08903503
v 0.05274350 -0.00889111 0.08678993
v 0.05058364 -0.00579832 0.09226741
v 0.05105846 -0.00723621 0.09087455
v 0.05145536 -0.00843161 0.08894722
v 0.05175599 -0.00936753 0.08667821
v 0.05026241 -0.00588225 0.09225258
v 0.05044505 -0.00738291 0.09083885
v 0.05058473 -0.00863614 0.08890694
v 0.05067687 -0.00964746 0.08663884
v 0.04993025 -0.00589826 0.09225865
v 0.04980151 -0.00740779 0.09086117
v 0.04966314 -0.00867027 0.08893213
v 0.04952445 -0.00970540 0.08665764
v 0.04959933 -0.00584920 0.09228522
v 0.04915261 -0.00730814 0.09090575
v 0.04872347 -0.00852767 0.08900277
v 0.04834117 -0.00952865 0.08676139
v 0.04928149 -0.00573448 0.09233333
v 0.04852983 -0.00709261 0.09100461
v 0.04781802 -0.00821529 0.08914386
v 0.04720083 -0.00912581 0.08692722
v 0.04899266 -0.00556060 0.09239382
v 0.04796270 -0.00676261 0.09111680
v 0.04700277 -0.00774598 0.08932023
v 0.04619122 -0.00851389 0.08716126
v 0.04874397 -0.00533222 0.09247416
v 0.04748035 -0.00633400 0.09127990
v 0.04632569 -0.00713874 0.08953692
v 0.04536076 -0.00773375 0.08742914
v 0.04854439 -0.00505851 0.09255967
v 0.04710449 -0.00581169 0.09143777
v 0.04580792 -0.00640932 0.08978476
v 0.04471623 -0.00682207 0.08775710
v 0.05004361 -0.00419523 0.09307800
v 0.04840294 -0.00475113 0.09265877
v 0.04684184 -0.00521990 0.09164555
v 0.04544891 -0.00557194 0.09006828
v 0.04424645 -0.00578801 0.08810515
v 0.04832476 -0.00442000 0.09276292
v 0.04670233 -0.00457485 0.09184559
v 0.04525461 -0.00464634 0.09035645
v 0.04397836 -0.00463859 0.08847556
v 0.04271473 -0.00319400 0.08731144
v 0.04088803 -0.00281538 0.08471368
v 0.03914540 -0.00236003 0.08128703
v 0.03785457 -0.00187373 0.07735237
v 0.03701178 -0.00137213 0.07308489
v 0.03662369 -0.00087631 0.06864499
v 0.03674369 -0.00041210 0.06425099
v 0.03733920 0.00001277 0.06001864
v 0.03838080 0.00036705 0.05615903
v 0.03991766 0.00063862 0.05279167
v 0.04165413 0.00081704 0.05002704
v 0.04375298 0.00089625 0.04795020
v 0.04605019 0.00087531 0.04662112
v 0.04294848 -0.00176304 0.08774798
v 0.04117983 -0.00102050 0.08524583
v 0.03948445 -0.00026309 0.08190372
v 0.03823853 0.00043578 0.07803177
v 0.03741237 0.00105475 0.07379427
v 0.03703715 0.00156759 0.06937355
v 0.03714479 0.00195605 0.06494518
v 0.03771742 0.00220478 0.06068540
v 0.03871818 0.00232659 0.05674646
v 0.04021174 0.00228521 0.05328372
v 0.04188348 0.00209825 0.05040929
v 0.04390825 0.00177188 0.04821276
v 0.04613083 0.00131912 0.04675464
v 0.04343363 -0.00046654 0.08814679
v 0.04180098 0.00058115 0.08573879
v 0.04023258 0.00158260 0.08246462
v 0.03904133 0.00245708 0.07864568
v 0.03828287 0.00317646 0.07444608
v 0.03792841 0.00371388 0.07004069
v 0.03801491 0.00405234 0.06559607
v 0.03851985 0.00417583 0.06129063
v 0.03946603 0.00409631 0.05728898
v 0.04082537 0.00378942 0.05373938
v 0.04236863 0.00327868 0.05076093
v 0.04424917 0.00258626 0.04845053
v 0.04630181 0.00173572 0.04687431
v 0.04415498 0.00065162 0.08848876
v 0.04265933 0.00195580 0.08616152
v 0.04137488 0.00317811 0.08295120
v 0.04026119 0.00423214 0.07919585
v 0.03955327 0.00507353 0.07502860
v 0.03923528 0.00566486 0.07062820
v 0.03928745 0.00597630 0.06616442
v 0.03973048 0.00599294 0.06181902
v 0.04060122 0.00572735 0.05776404
v 0.04173610 0.00516699 0.05413916
v 0.04308101 0.00435260 0.05107084
v 0.04475730 0.00332050 0.04866191
v 0.04655723 0.00211082 0.04698208
v 0.04511421 0.00158268 0.08877931
v 0.04383445 0.00312469 0.08651866
v 0.04276394 0.00456605 0.08333586
v 0.04190174 0.00582345 0.07963729
v 0.04125463 0.00681115 0.07550400
v 0.04095145 0.00747304 0.07110840
v 0.04098421 0.00776744 0.06663179
v 0.04136934 0.00767728 0.06225262
v 0.04203347 0.00722215 0.05815288
v 0.04287356 0.00640882 0.05446342
v 0.04400847 0.00530113 0.05132315
v 0.04540497 0.00395770 0.04883288
v 0.04689047 0.00243082 0.04706656
v 0.04626807 0.00232468 0.08900406
v 0.04523177 0.00406816 0.08676019
v 0.04435688 0.00574118 0.08362554
v 0.04367518 0.00720459 0.07996915
v 0.04324874 0.00834185 0.07585780
v 0.04301608 0.00907606 0.07146597
v 0.04299351 0.00935415 0.06697792
v 0.04316826 0.00915894 0.06257745
v 0.04360699 0.00850963 0.05842932
v 0.04426448 0.00746952 0.05470399
v 0.04515185 0.00609216 0.05150804
v 0.04616152 0.00447435 0.04895885
v 0.04728970 0.00268672 0.04713170
v 0.04751462 0.00284344 0.08913632
v 0.04684546 0.00478614 0.08693226
v 0.04621355 0.00664607 0.08381172
v 0.04571684 0.00828856 0.08017484
v 0.04536588 0.00955368 0.07607353
v 0.04516191 0.01034774 0.07168502
v 0.04510234 0.01061074 0.06719553
v 0.04519531 0.01032659 0.06277785
v 0.04545264 0.00952433 0.05860887
v 0.04588506 0.00828225 0.05485041
v 0.04640305 0.00668374 0.05161987
v 0.04700834 0.00484929 0.04903325
v 0.04774383 0.00286669 0.04716792
v 0.04884709 0.00313566 0.08916078
v 0.04852472 0.00520412 0.08700357
v 0.04821320 0.00721125 0.08390264
v 0.04796191 0.00897266 0.08026145
v 0.04774772 0.01032611 0.07615355
v 0.04758447 0.01116209 0.07175899
v 0.04748261 0.01141454 0.06726612
v 0.04744379 0.01106830 0.06284415
v 0.04746602 0.01016035 0.05866795
v 0.04756667 0.00877996 0.05489630
v 0.04771621 0.00703436 0.05165549
v 0.04794046 0.00506281 0.04905809
v 0.04823605 0.00296503 0.04718047
v 0.05028771 0.00317885 0.08911084
v 0.05031282 0.00528888 0.08695138
v 0.05029544 0.00736409 0.08387737
v 0.05024283 0.00917263 0.08021463
v 0.05015517 0.01056385 0.07609938
v 0.05003023 0.01142075 0.07168409
v 0.04988286 0.01166949 0.06719388
v 0.04970832 0.01129973 0.06277829
v 0.04951539 0.01035015 0.05860830
v 0.04931276 0.00891042 0.05484521
v 0.04912689 0.00711430 0.05161215
v 0.04892897 0.00509937 0.04902695
v 0.04874519 0.00297686 0.04716510
v 0.05172564 0.00295948 0.08898523
v 0.05212748 0.00501667 0.08680141
v 0.05243216 0.00705267 0.08371843
v 0.05261100 0.00884729 0.08002904
v 0.05266614 0.01022382 0.07589068
v 0.05259363 0.01107361 0.07148494
v 0.05239370 0.01133278 0.06698740
v 0.05207514 0.01098005 0.06258128
v 0.05164953 0.01005798 0.05843064
v 0.05112981 0.00865744 0.05469359
v 0.05055812 0.00690747 0.05149128
v 0.04991632 0.00495366 0.04894541
v 0.04924871 0.00290116 0.04712324
v 0.05303647 0.00248807 0.08878600
v 0.05376216 0.00440619 0.08655090
v 0.05433865 0.00630294 0.08341505
v 0.05471877 0.00799799 0.07970254
v 0.05490055 0.00930680 0.07554697
v 0.05487420 0.01013041 0.07113956
v 0.05463793 0.01040564 0.06664961
v 0.05420143 0.01011321 0.06226054
v 0.05357956 0.00929010 0.05814217
v 0.05279029 0.00802086 0.05444987
v 0.05185884 0.00642404 0.05131127
v 0.05083707 0.00462990 0.04881106
v 0.04972348 0.00274075 0.04705433
v 0.05415807 0.00179847 0.08850935
v 0.05514621 0.00349436 0.08619705
v 0.05594577 0.00517933 0.08301061
v 0.05649584 0.00668292 0.07925755
v 0.05678184 0.00787471 0.07507968
v 0.05679212 0.00865030 0.07066381
v 0.05652148 0.00895018 0.06618421
v 0.05598472 0.00875504 0.06182419
v 0.05519973 0.00809427 0.05775268
v 0.05419295 0.00703738 0.05412237
v 0.05299180 0.00568519 0.05105652
v 0.05164299 0.00414463 0.04863659
v 0.05014933 0.00250287 0.04696682
v 0.05508070 0.00090606 0.08817536
v 0.05629473 0.00232726 0.08576948
v 0.05730233 0.00373633 0.08250708
v 0.05802017 0.00500507 0.07870275
v 0.05841563 0.00603606 0.07450252
v 0.05846075 0.00674422 0.07007850
v 0.05815120 0.00707207 0.06561453
v 0.05750454 0.00700254 0.06129260
v 0.05655491 0.00655225 0.05727867
v 0.05534542 0.00577101 0.05372243
v 0.05391570 0.00473545 0.05074670
v 0.05229191 0.00352508 0.04844607
v 0.05050785 0.00219565 0.04685669
v 0.05580186 -0.00013948 0.08779538
v 0.05722108 0.00097320 0.08529405
v 0.05842794 0.00207650 0.08194838
v 0.05931292 0.00308354 0.07808030
v 0.05981805 0.00393251 0.07384370
v 0.05989804 0.00455868 0.06941023
v 0.05954530 0.00491555 0.06496355
v 0.05878428 0.00498617 0.06068584
v 0.05766695 0.00477337 0.05673717
v 0.05626199 0.00430595 0.05326857
v 0.05462969 0.00363002 0.05039328
v 0.05280234 0.00279398 0.04820452
v 0.05078991 0.00183307 0.04673518
v 0.05631020 -0.00130546 0.08739058
v 0.05789541 -0.00050715 0.08478211
v 0.05927975 0.00029783 0.08134334
v 0.06031035 0.00104690 0.07740024
v 0.06090957 0.00171237 0.07312171
v 0.06102185 0.00225249 0.06868087
v 0.06063125 0.00263837 0.06426030
v 0.05976785 0.00284728 0.06002795
v 0.05850136 0.00287580 0.05615192
v 0.05692530 0.00273005 0.05277489
v 0.05512688 0.00242664 0.05000900
v 0.05314997 0.00198870 0.04794201
v 0.05098506 0.00142803 0.04659994
v 0.05658818 -0.00256896 0.08695598
v 0.05828509 -0.00208004 0.08422951
v 0.05978536 -0.00155013 0.08070689
v 0.06091999 -0.00102631 0.07669822
v 0.06158535 -0.00051983 0.07237356
v 0.06171715 -0.00004964 0.06792078
v 0.06129983 0.00036380 0.06352237
v 0.06036509 0.00070403 0.05934382
v 0.05899443 0.00095866 0.05554537
v 0.05729979 0.00111718 0.05226481
v 0.05539265 0.00117782 0.04961391
v 0.05333162 0.00113802 0.04767275
v 0.05108942 0.00099505 0.04646296
v 0.05661558 -0.00391864 0.08650490
v 0.05834870 -0.00374252 0.08368010
v 0.05989972 -0.00347750 0.08006486
v 0.06107206 -0.00314165 0.07599424
v 0.06176040 -0.00275332 0.07163581
v 0.06189411 -0.00232483 0.06716155
v 0.06146451 -0.00187172 0.06279028
v 0.06050168 -0.00140290 0.05866417
v 0.05908926 -0.00093663 0.05494119
v 0.05735145 -0.00049162 0.05175900
v 0.05541351 -0.00008467 0.04922213
v 0.05334089 0.00026839 0.04740848
v 0.05110137 0.00055028 0.04632623
v 0.05638321 -0.00532623 0.08609331
v 0.05806888 -0.00550061 0.08315844
v 0.05957838 -0.00551453 0.07945833
v 0.06072493 -0.00537196 0.07531643
v 0.06136753 -0.00508772 0.07086994
v 0.06150845 -0.00467746 0.06644702
v 0.06108509 -0.00415076 0.06209437
v 0.06013836 -0.00353048 0.05801389
v 0.05875669 -0.00283852 0.05436407
v 0.05706172 -0.00209936 0.05127414
v 0.05518092 -0.00134419 0.04884457
v 0.05319749 -0.00060437 0.04711037
v 0.05102076 0.00010871 0.04619307
v 0.05589464 -0.00670712 0.08569080
v 0.05743309 -0.00723743 0.08265957
v 0.05879699 -0.00755598 0.07884610
v 0.05983544 -0.00764047 0.07463697
v 0.06044583 -0.00749277 0.07023332
v 0.06056140 -0.00711486 0.06577332
v 0.06016321 -0.00651843 0.06144182
v 0.05928286 -0.00572741 0.05741641
v 0.05800382 -0.00477987 0.05383636
v 0.05643965 -0.00371734 0.05083097
v 0.05470514 -0.00258857 0.04849959
v 0.05287267 -0.00144786 0.04687004
v 0.05085057 -0.00031515 0.04607146
v 0.05518349 -0.00793568 0.08532806
v 0.05649852 -0.00875727 0.08220857
v 0.05765479 -0.00932709 0.07835104
v 0.05853001 -0.00960396 0.07411334
v 0.05903560 -0.00958388 0.06966042
v 0.05911452 -0.00926801 0.06518839
v 0.05875394 -0.00866357 0.06087235
v 0.05798258 -0.00778375 0.05688209
v 0.05687145 -0.00664412 0.05336060
v 0.05551636 -0.00528575 0.05043748
v 0.05400723 -0.00378627 0.04820031
v 0.05239643 -0.00224247 0.04666459
v 0.05059893 -0.00070558 0.04596760
v 0.05428027 -0.00893848 0.08503498
v 0.05531988 -0.01001602 0.08184023
v 0.05620817 -0.01082692 0.07794976
v 0.05687548 -0.01129442 0.07367571
v 0.05724648 -0.01138181 0.06919681
v 0.05728222 -0.01108569 0.06471607
v 0.05697105 -0.01041949 0.06040929
v 0.05634028 -0.00943049 0.05644761
v 0.05544329 -0.00817454 0.05297655
v 0.05434736 -0.00664589 0.05011401
v 0.05313911 -0.00487891 0.04790116
v 0.05178456 -0.00295498 0.04649362
v 0.05027007 -0.00104605 0.04588097
v 0.05322352 -0.00974075 0.08481698
v 0.05395060 -0.01107837 0.08159883
v 0.05454960 -0.01206719 0.07767904
v 0.05498969 -0.01266065 0.07335556
v 0.05521368 -0.01283630 0.06884763
v 0.05520268 -0.01257097 0.06436218
v 0.05494815 -0.01188417 0.06006561
v 0.05447306 -0.01081455 0.05612814
v 0.05380894 -0.00935944 0.05269141
v 0.05299718 -0.00767107 0.04987686
v 0.05209625 -0.00574097 0.04771776
v 0.05105278 -0.00354429 0.04636951
v 0.04987804 -0.00132470 0.04581885
v 0.04858209 0.00075843 0.04607091
v 0.05204351 -0.01034691 0.08469680
v 0.05245438 -0.01181734 0.08146473
v 0.05277303 -0.01294984 0.07750345
v 0.05298900 -0.01357964 0.07314517
v 0.05307059 -0.01378201 0.06862718
v 0.05301233 -0.01354907 0.06414221
v 0.05281334 -0.01290489 0.05985440
v 0.05248628 -0.01178601 0.05593370
v 0.05204786 -0.01026394 0.05252043
v 0.05154359 -0.00839476 0.04968731
v 0.05092503 -0.00633266 0.04760516
v 0.05022072 -0.00397441 0.04629296
v 0.04943188 -0.00152545 0.04577935
v 0.05075959 -0.01069208 0.08464986
v 0.05086091 -0.01224541 0.08142125
v 0.05091646 -0.01336355 0.07744064
v 0.05092506 -0.01410085 0.07307453
v 0.05087522 -0.01439055 0.06855093
v 0.05077235 -0.01415606 0.06406202
v 0.05061892 -0.01341211 0.05977732
v 0.05042184 -0.01231464 0.05586695
v 0.05018620 -0.01074957 0.05246469
v 0.04994502 -0.00881906 0.04964065
v 0.04964213 -0.00664777 0.04757185
v 0.04930726 -0.00422274 0.04627169
v 0.04894849 -0.00164049 0.04576935
v 0.04939019 -0.01075462 0.08469969
v 0.04916532 -0.01231877 0.08147166
v 0.04894751 -0.01343648 0.07749354
v 0.04875101 -0.01422604 0.07313714
v 0.04857352 -0.01447863 0.06862388
v 0.04841995 -0.01425302 0.06412016
v 0.04830790 -0.01354963 0.05984769
v 0.04823081 -0.01235801 0.05593631
v 0.04819210 -0.01084678 0.05252777
v 0.04822302 -0.00890871 0.04969613
v 0.04826307 -0.00669629 0.04761565
v 0.04833748 -0.00427379 0.04630113
v 0.04844511 -0.00166184 0.04578364
v 0.04797138 -0.01053987 0.08481196
v 0.04738481 -0.01205090 0.08162549
v 0.04686093 -0.01312018 0.07765459
v 0.04643088 -0.01387195 0.07332918
v 0.04610739 -0.01410454 0.06882709
v 0.04590590 -0.01387133 0.06434527
v 0.04583454 -0.01318312 0.06006410
v 0.04589449 -0.01200387 0.05613730
v 0.04610866 -0.01055042 0.05266503
v 0.04642108 -0.00864290 0.04984857
v 0.04684086 -0.00648294 0.04773620
v 0.04735506 -0.00413189 0.04638518
v 0.04794321 -0.00158807 0.04582733
v 0.04660346 -0.01006322 0.08500977
v 0.04566918 -0.01146071 0.08186896
v 0.04486036 -0.01241863 0.07793923
v 0.04422290 -0.01309241 0.07365019
v 0.04377661 -0.01328210 0.06917589
v 0.04353818 -0.01303563 0.06470448
v 0.04351185 -0.01232193 0.06041487
v 0.04370064 -0.01124846 0.05646525
v 0.04412513 -0.00983216 0.05295645
v 0.04472004 -0.00803256 0.05009515
v 0.04549311 -0.00601806 0.04792782
v 0.04641896 -0.00379796 0.04651552
v 0.04746395 -0.00142108 0.04589299
v 0.04541320 -0.00932870 0.08527207
v 0.04421160 -0.01053576 0.08218902
v 0.04315884 -0.01140347 0.07833282
v 0.04232047 -0.01186475 0.07409373
v 0.04174235 -0.01198772 0.06964968
v 0.04145379 -0.01170832 0.06518400
v 0.04146933 -0.01106236 0.06087738
v 0.04178625 -0.01011609 0.05689996
v 0.04241534 -0.00876122 0.05334525
v 0.04326962 -0.00710516 0.05042474
v 0.04433276 -0.00531487 0.04818561
v 0.04559307 -0.00328748 0.04669270
v 0.04703079 -0.00116964 0.04598398
v 0.04443213 -0.00836225 0.08560900
v 0.04294990 -0.00934753 0.08260001
v 0.04164207 -0.01003287 0.07881571
v 0.04066651 -0.01040287 0.07463542
v 0.04000085 -0.01041390 0.07022311
v 0.03968366 -0.01011753 0.06576720
v 0.03973191 -0.00949471 0.06144628
v 0.04016358 -0.00856124 0.05739048
v 0.04090335 -0.00735013 0.05381902
v 0.04197629 -0.00592906 0.05082294
v 0.04335666 -0.00438473 0.04849610
v 0.04491149 -0.00261788 0.04690522
v 0.04666297 -0.00084278 0.04609075
v 0.04362705 -0.00724140 0.08600054
v 0.04193477 -0.00789946 0.08308233
v 0.04048764 -0.00836310 0.07938378
v 0.03943664 -0.00854783 0.07525918
v 0.03868452 -0.00846099 0.07088070
v 0.03833327 -0.00811792 0.06643113
v 0.03841570 -0.00752067 0.06209120
v 0.03890339 -0.00667909 0.05803232
v 0.03976118 -0.00567517 0.05435633
v 0.04098433 -0.00454774 0.05127680
v 0.04253816 -0.00324046 0.04884982
v 0.04438175 -0.00181980 0.04714757
v 0.04637304 -0.00045829 0.04621488
v 0.04304445 -0.00601336 0.08642508
v 0.04124345 -0.00632094 0.08360858
v 0.03972571 -0.00646445 0.07999840
v 0.03845122 -0.00643289 0.07593234
v 0.03760960 -0.00622092 0.07158849
v 0.03723807 -0.00583336 0.06714928
v 0.03734110 -0.00529622 0.06279399
v 0.03792345 -0.00463008 0.05868308
v 0.03897961 -0.00384312 0.05494363
v 0.04029368 -0.00292792 0.05176898
v 0.04197224 -0.00192887 0.04923163
v 0.04400174 -0.00093775 0.04740720
v 0.04617210 -0.00003102 0.04634580
v 0.04274504 -0.00465135 0.08686725
v 0.04091176 -0.00464047 0.08416094
v 0.03923111 -0.00450344 0.08064047
v 0.03790484 -0.00425181 0.07664098
v 0.03707888 -0.00390183 0.07232933
v 0.03670809 -0.00346477 0.06789577
v 0.03681466 -0.00295367 0.06352128
v 0.03738181 -0.00237821 0.05936606
v 0.03846508 -0.00176362 0.05555089
v 0.03997083 -0.00113792 0.05227955
v 0.04168767 -0.00054504 0.04962943
v 0.04378546 -0.00001790 0.04768083
v 0.04606390 0.00041968 0.04648525
v -0.03540762 -0.00069878 0.09445244
v -0.03836950 -0.00051259 0.09365351
v -0.04112940 -0.00027851 0.09228554
v -0.04346925 -0.00001306 0.09047024
v -0.03536489 -0.00039761 0.09454632
v -0.03828856 0.00007193 0.09383865
v -0.04100733 0.00056671 0.09256232
v -0.04331394 0.00104945 0.09083533
v -0.03520719 -0.00013149 0.09463679
v -0.03797682 0.00061052 0.09401674
v -0.04055407 0.00139381 0.09281947
v -0.04274208 0.00212088 0.09115768
v -0.03494105 0.00011766 0.09471503
v -0.03745079 0.00115341 0.09416898
v -0.03978965 0.00217385 0.09304363
v -0.04177529 0.00310893 0.09144150
v -0.03457195 0.00034200 0.09478304
v -0.03672833 0.00161596 0.09430160
v -0.03874151 0.00285975 0.09322776
v -0.04045289 0.00399262 0.09166788
v -0.03412121 0.00053489 0.09483377
v -0.03584145 0.00198635 0.09439386
v -0.03745129 0.00342493 0.09336568
v -0.03882495 0.00466529 0.09184694
v -0.03360347 0.00067387 0.09486723
v -0.03482302 0.00225957 0.09446080
v -0.03597294 0.00381745 0.09345539
v -0.03695878 0.00513077 0.09195332
v -0.03303673 0.00075261 0.09487715
v -0.03371551 0.00241945 0.09447574
v -0.03436274 0.00402971 0.09348342
v -0.03492867 0.00539469 0.09199100
v -0.03244898 0.00076607 0.09487013
v -0.03255945 0.00245158 0.09446447
v -0.03268386 0.00406382 0.09346150
v -0.03281215 0.00544619 0.09196047
v -0.03185774 0.00071742 0.09483737
v -0.03139909 0.00235646 0.09439995
v -0.03100148 0.00392308 0.09337623
v -0.03069658 0.00527151 0.09186881
v -0.03128599 0.00060623 0.09479001
v -0.03028217 0.00213527 0.09431444
v -0.02938215 0.00361266 0.09325103
v -0.02865545 0.00487859 0.09170997
v -0.03075809 0.00043789 0.09472751
v -0.02924685 0.00179855 0.09418608
v -0.02788304 0.00314231 0.09306936
v -0.02676883 0.00428128 0.09148318
v -0.03029304 0.00021603 0.09464835
v -0.02833597 0.00136166 0.09403708
v -0.02656181 0.00252222 0.09284358
v -0.02510111 0.00351489 0.09119039
v -0.02990526 -0.00004635 0.09455474
v -0.02758034 0.00085173 0.09385231
v -0.02546931 0.00176427 0.09258656
v -0.02373082 0.00259664 0.09086904
v -0.02961464 -0.00033303 0.09445594
v -0.02701049 0.00028433 0.09366433
v -0.02464678 0.00091003 0.09230544
v -0.02270043 0.00153067 0.09050584
v -0.02942796 -0.00062532 0.09435597
v -0.02664939 -0.00033545 0.09345599
v -0.02412651 0.00002684 0.09199902
v -0.02204781 0.00038624 0.09012864
v -0.02935619 -0.00091424 0.09424831
v -0.02650807 -0.00093805 0.09325091
v -0.02392617 -0.00089081 0.09169753
v -0.02179248 -0.00076872 0.08974328
v -0.02939884 -0.00120160 0.09414820
v -0.02659392 -0.00150022 0.09304716
v -0.02405375 -0.00171108 0.09139765
v -0.02194940 -0.00182754 0.08938573
v -0.02955654 -0.00149414 0.09405240
v -0.02689821 -0.00209992 0.09286828
v -0.02448790 -0.00260101 0.09114728
v -0.02249947 -0.00293701 0.08905712
v -0.02982000 -0.00178393 0.09397040
v -0.02741569 -0.00265843 0.09269921
v -0.02523065 -0.00337133 0.09091668
v -0.02342770 -0.00389814 0.08878112
v -0.03018042 -0.00204861 0.09391482
v -0.02811629 -0.00311695 0.09259041
v -0.02624546 -0.00400534 0.09073940
v -0.02470254 -0.00467566 0.08854571
v -0.03062537 -0.00223963 0.09386422
v -0.02898599 -0.00346989 0.09249017
v -0.02750277 -0.00449655 0.09060746
v -0.02628715 -0.00533607 0.08838177
v -0.03113632 -0.00237083 0.09384179
v -0.02998760 -0.00370850 0.09244461
v -0.02895308 -0.00486905 0.09052833
v -0.02811169 -0.00581465 0.08827513
v -0.03169931 -0.00244602 0.09382817
v -0.03108395 -0.00383611 0.09241785
v -0.03054234 -0.00508316 0.09049245
v -0.03011207 -0.00606898 0.08823739
v -0.03228579 -0.00245864 0.09383991
v -0.03223587 -0.00385343 0.09244594
v -0.03221250 -0.00512044 0.09052781
v -0.03221314 -0.00610089 0.08826442
v -0.03287836 -0.00241058 0.09386846
v -0.03339903 -0.00375498 0.09249559
v -0.03389781 -0.00497789 0.09060636
v -0.03433837 -0.00591805 0.08837870
v -0.03345258 -0.00230001 0.09392054
v -0.03452230 -0.00354570 0.09259991
v -0.03553107 -0.00466586 0.09074804
v -0.03639695 -0.00553042 0.08854677
v -0.03398552 -0.00213494 0.09398574
v -0.03556868 -0.00323269 0.09272161
v -0.03704935 -0.00419140 0.09092972
v -0.03831434 -0.00494777 0.08877568
v -0.03445405 -0.00191952 0.09406595
v -0.03649196 -0.00283386 0.09288824
v -0.03839310 -0.00357779 0.09115689
v -0.04001481 -0.00417964 0.08904454
v -0.03484791 -0.00166508 0.09415856
v -0.03726079 -0.00235182 0.09306605
v -0.03951294 -0.00286955 0.09142521
v -0.04142644 -0.00325313 0.08937509
v -0.03236087 -0.00082959 0.09465298
v -0.03514247 -0.00136234 0.09425387
v -0.03784406 -0.00178867 0.09326088
v -0.04036233 -0.00209691 0.09170596
v -0.04250184 -0.00226124 0.08973062
v -0.03533209 -0.00102031 0.09435569
v -0.03821880 -0.00118497 0.09345543
v -0.04090875 -0.00122527 0.09198983
v -0.04319490 -0.00119535 0.09011022
v -0.04575332 0.00022017 0.08892313
v -0.04930954 0.00060502 0.08633196
v -0.05239815 0.00107263 0.08292101
v -0.05473993 0.00156355 0.07901365
v -0.05625472 0.00205024 0.07477483
v -0.05686813 0.00250466 0.07036485
v -0.05657782 0.00291828 0.06601640
v -0.05537859 0.00329774 0.06184973
v -0.05331978 0.00364776 0.05803360
v -0.05048649 0.00392369 0.05470958
v -0.04699770 0.00410535 0.05198522
v -0.04299032 0.00420396 0.04994224
v -0.03868546 0.00420759 0.04862249
v -0.04556536 0.00150195 0.08936350
v -0.04906506 0.00224131 0.08686501
v -0.05210175 0.00301812 0.08354368
v -0.05442353 0.00372752 0.07969373
v -0.05592535 0.00435622 0.07548744
v -0.05654577 0.00488306 0.07110064
v -0.05626108 0.00529603 0.06671424
v -0.05507869 0.00557411 0.06249544
v -0.05304895 0.00570531 0.05860692
v -0.05025658 0.00567978 0.05518883
v -0.04681541 0.00550158 0.05235521
v -0.04286695 0.00517703 0.05019192
v -0.03862288 0.00470401 0.04875177
v -0.04487290 0.00280046 0.08975868
v -0.04818512 0.00389803 0.08736049
v -0.05108022 0.00497427 0.08411330
v -0.05327979 0.00590736 0.08032226
v -0.05471364 0.00666803 0.07615195
v -0.05531627 0.00723220 0.07177110
v -0.05505382 0.00758636 0.06736150
v -0.05394170 0.00771858 0.06309350
v -0.05202815 0.00762663 0.05913565
v -0.04939118 0.00731135 0.05563139
v -0.04613700 0.00678498 0.05269711
v -0.04246560 0.00605424 0.05041986
v -0.03838690 0.00516728 0.04887053
v -0.04370727 0.00401724 0.09009184
v -0.04671945 0.00542380 0.08777244
v -0.04933962 0.00670225 0.08460364
v -0.05134904 0.00781495 0.08087480
v -0.05266543 0.00871735 0.07673541
v -0.05322336 0.00935398 0.07235859
v -0.05300063 0.00968753 0.06792580
v -0.05201062 0.00970666 0.06361939
v -0.05029395 0.00940817 0.05959948
v -0.04792098 0.00880742 0.05601977
v -0.04498607 0.00793882 0.05299782
v -0.04160953 0.00685275 0.05062790
v -0.03798783 0.00557658 0.04897458
v -0.04211774 0.00504113 0.09037072
v -0.04470909 0.00667217 0.08812235
v -0.04697390 0.00823125 0.08501966
v -0.04870622 0.00956697 0.08132918
v -0.04985706 0.01060391 0.07721445
v -0.05035819 0.01127700 0.07284099
v -0.05019298 0.01157191 0.06839225
v -0.04936939 0.01148483 0.06405059
v -0.04792143 0.01101643 0.05998097
v -0.04590648 0.01017389 0.05633690
v -0.04340806 0.00899034 0.05324211
v -0.04059744 0.00753031 0.05079349
v -0.03743767 0.00592100 0.04905858
v -0.04015755 0.00583436 0.09057328
v -0.04224718 0.00772230 0.08839732
v -0.04406198 0.00952125 0.08533853
v -0.04546951 0.01097917 0.08168223
v -0.04640680 0.01205497 0.07757136
v -0.04683978 0.01272181 0.07319857
v -0.04673875 0.01297814 0.06873669
v -0.04612031 0.01282093 0.06436792
v -0.04500145 0.01224840 0.06026128
v -0.04342952 0.01125803 0.05657103
v -0.04146703 0.00985843 0.05342115
v -0.03926520 0.00810674 0.05091690
v -0.03676314 0.00619634 0.04912081
v -0.03791692 0.00640612 0.09070054
v -0.03941264 0.00850183 0.08857135
v -0.04072442 0.01041991 0.08554624
v -0.04174802 0.01192426 0.08188680
v -0.04245172 0.01300809 0.07778534
v -0.04280160 0.01367002 0.07341458
v -0.04278152 0.01390348 0.06894474
v -0.04239252 0.01370112 0.06456044
v -0.04165288 0.01306470 0.06043119
v -0.04058624 0.01199242 0.05671049
v -0.03931788 0.01046429 0.05353510
v -0.03773584 0.00853293 0.05098986
v -0.03598437 0.00639247 0.04915699
v -0.03547337 0.00675855 0.09074245
v -0.03632266 0.00896356 0.08863510
v -0.03708787 0.01091053 0.08561811
v -0.03769867 0.01241168 0.08195424
v -0.03814632 0.01349934 0.07785194
v -0.03840991 0.01416375 0.07347804
v -0.03847311 0.01438716 0.06900576
v -0.03833779 0.01415923 0.06461845
v -0.03800907 0.01348774 0.06048184
v -0.03749068 0.01237714 0.05675082
v -0.03689231 0.01080403 0.05356824
v -0.03606777 0.00878092 0.05101237
v -0.03513568 0.00650339 0.04916773
v -0.03293455 0.00683595 0.09071216
v -0.03309799 0.00906093 0.08856773
v -0.03328379 0.01098053 0.08552881
v -0.03348070 0.01246582 0.08187038
v -0.03367016 0.01354923 0.07777093
v -0.03383547 0.01421519 0.07337488
v -0.03399702 0.01443641 0.06892298
v -0.03412342 0.01420568 0.06454219
v -0.03421640 0.01353177 0.06041352
v -0.03435227 0.01242566 0.05670765
v -0.03436099 0.01086543 0.05352314
v -0.03432527 0.00883437 0.05097964
v -0.03424893 0.00652280 0.04915125
v -0.03040073 0.00663273 0.09061325
v -0.02987269 0.00879131 0.08840199
v -0.02946325 0.01064202 0.08528849
v -0.02926362 0.01210016 0.08164022
v -0.02919899 0.01316418 0.07753592
v -0.02928711 0.01382295 0.07316237
v -0.02952957 0.01405333 0.06870377
v -0.02991439 0.01384369 0.06433335
v -0.03042235 0.01320666 0.06022039
v -0.03112679 0.01215253 0.05655263
v -0.03182449 0.01065396 0.05340128
v -0.03257839 0.00869149 0.05089623
v -0.03335876 0.00644844 0.04910849
v -0.02795050 0.00616346 0.09043678
v -0.02678156 0.00818666 0.08814338
v -0.02582256 0.00993802 0.08495390
v -0.02522367 0.01133803 0.08128867
v -0.02491601 0.01236063 0.07717777
v -0.02492366 0.01300280 0.07280332
v -0.02524810 0.01324783 0.06835319
v -0.02587656 0.01308535 0.06400259
v -0.02686196 0.01253215 0.05995506
v -0.02802151 0.01156775 0.05630549
v -0.02938432 0.01018174 0.05320835
v -0.03089434 0.00835700 0.05076322
v -0.03249894 0.00628315 0.04904130
v -0.02568836 0.00540906 0.09015340
v -0.02393845 0.00724596 0.08779565
v -0.02249400 0.00888947 0.08456028
v -0.02152213 0.01020302 0.08084373
v -0.02099037 0.01116681 0.07670636
v -0.02091934 0.01178792 0.07232394
v -0.02131724 0.01205472 0.06788149
v -0.02216610 0.01195981 0.06356039
v -0.02350762 0.01151557 0.05956333
v -0.02516229 0.01068486 0.05597586
v -0.02712959 0.00945893 0.05295119
v -0.02933878 0.00784570 0.05058841
v -0.03170285 0.00603486 0.04895264
v -0.02367807 0.00445525 0.08979717
v -0.02144447 0.00601092 0.08738396
v -0.01958863 0.00749294 0.08409383
v -0.01829035 0.00870251 0.08030838
v -0.01756158 0.00960607 0.07613167
v -0.01742473 0.01020869 0.07173922
v -0.01788529 0.01050619 0.06731109
v -0.01892588 0.01049480 0.06302589
v -0.02056873 0.01018120 0.05908670
v -0.02265312 0.00951522 0.05557517
v -0.02514905 0.00850133 0.05264013
v -0.02796702 0.00717828 0.05037591
v -0.03100238 0.00571294 0.04884503
v -0.02202830 0.00334841 0.08940962
v -0.01939470 0.00454967 0.08690624
v -0.01719909 0.00576774 0.08355774
v -0.01563829 0.00683318 0.07970001
v -0.01474853 0.00767248 0.07547925
v -0.01455927 0.00826630 0.07107679
v -0.01507218 0.00860739 0.06666230
v -0.01627037 0.00869241 0.06242006
v -0.01815456 0.00853341 0.05854536
v -0.02058665 0.00807283 0.05512023
v -0.02351519 0.00733859 0.05228657
v -0.02683390 0.00638872 0.05013519
v -0.03041966 0.00533288 0.04872369
v -0.02079029 0.00210939 0.08898263
v -0.01785513 0.00297593 0.08638573
v -0.01540457 0.00384252 0.08295754
v -0.01365532 0.00466259 0.07902659
v -0.01265164 0.00538198 0.07476755
v -0.01242534 0.00595015 0.07035676
v -0.01297471 0.00634724 0.06596329
v -0.01428331 0.00655398 0.06176759
v -0.01634694 0.00659330 0.05795881
v -0.01903696 0.00640599 0.05462765
v -0.02228653 0.00603514 0.05190457
v -0.02598082 0.00552504 0.04987503
v -0.02998158 0.00490590 0.04859215
v -0.02000708 0.00072363 0.08853103
v -0.01687982 0.00128930 0.08583183
v -0.01426835 0.00188415 0.08233127
v -0.01240365 0.00243890 0.07833827
v -0.01133057 0.00296962 0.07403874
v -0.01108310 0.00346024 0.06961478
v -0.01166090 0.00388620 0.06524183
v -0.01305242 0.00422166 0.06109626
v -0.01520577 0.00451367 0.05735119
v -0.01805638 0.00465683 0.05411804
v -0.02150740 0.00469363 0.05151039
v -0.02543567 0.00462495 0.04960722
v -0.02970082 0.00444385 0.04845680
v -0.01970067 -0.00066395 0.08807416
v -0.01649431 -0.00048461 0.08527783
v -0.01382754 -0.00020744 0.08168782
v -0.01192283 0.00014276 0.07763455
v -0.01082930 0.00056209 0.07330218
v -0.01056182 0.00102262 0.06885447
v -0.01116144 0.00150097 0.06452914
v -0.01257230 0.00201262 0.06042560
v -0.01476676 0.00249321 0.05674751
v -0.01767598 0.00294429 0.05361176
v -0.02120189 0.00334962 0.05111820
v -0.02522220 0.00369271 0.04934010
v -0.02958997 0.00395794 0.04832208
v -0.01989125 -0.00196378 0.08764708
v -0.01673168 -0.00215683 0.08474573
v -0.01410601 -0.00220792 0.08106627
v -0.01223363 -0.00210733 0.07695390
v -0.01115560 -0.00185965 0.07258617
v -0.01090429 -0.00146012 0.06815183
v -0.01148396 -0.00092841 0.06383570
v -0.01288790 -0.00030407 0.05980229
v -0.01504095 0.00041394 0.05617148
v -0.01790709 0.00116924 0.05312770
v -0.02138316 0.00195077 0.05074377
v -0.02534516 0.00272738 0.04908696
v -0.02965222 0.00346452 0.04819509
v -0.02055130 -0.00328488 0.08725795
v -0.01756608 -0.00379761 0.08425894
v -0.01508403 -0.00411757 0.08049853
v -0.01331148 -0.00421167 0.07632588
v -0.01229592 -0.00408067 0.07193047
v -0.01206397 -0.00372958 0.06749406
v -0.01262326 -0.00314228 0.06320064
v -0.01394974 -0.00236257 0.05920900
v -0.01601552 -0.00147274 0.05564190
v -0.01873993 -0.00047847 0.05268424
v -0.02204038 0.00065704 0.05040100
v -0.02580134 0.00182086 0.04885866
v -0.02988629 0.00299141 0.04807713
v -0.02166371 -0.00442125 0.08692040
v -0.01896372 -0.00520352 0.08383562
v -0.01672740 -0.00576907 0.07999956
v -0.01512930 -0.00605433 0.07578036
v -0.01421801 -0.00603802 0.07135748
v -0.01401963 -0.00572438 0.06691855
v -0.01453803 -0.00513660 0.06264742
v -0.01577068 -0.00430890 0.05866101
v -0.01765737 -0.00321967 0.05517935
v -0.02014462 -0.00189502 0.05229796
v -0.02315270 -0.00047933 0.05010073
v -0.02657302 0.00101170 0.04864982
v -0.03028126 0.00257076 0.04797373
v -0.02319531 -0.00537931 0.08664019
v -0.02088718 -0.00646663 0.08348324
v -0.01897657 -0.00725150 0.07958432
v -0.01761868 -0.00768606 0.07532755
v -0.01685366 -0.00776752 0.07088394
v -0.01670394 -0.00749488 0.06644224
v -0.01717409 -0.00687267 0.06218061
v -0.01826184 -0.00590783 0.05823182
v -0.01990976 -0.00463604 0.05480206
v -0.02207362 -0.00318929 0.05198291
v -0.02467857 -0.00147162 0.04985671
v -0.02763152 0.00033281 0.04848176
v -0.03082588 0.00222026 0.04788807
v -0.02509378 -0.00618981 0.08643671
v -0.02326784 -0.00744106 0.08322312
v -0.02176514 -0.00838008 0.07928170
v -0.02070345 -0.00895360 0.07499075
v -0.02011979 -0.00912080 0.07053057
v -0.02002990 -0.00886604 0.06608456
v -0.02044065 -0.00820578 0.06183432
v -0.02134729 -0.00718839 0.05791784
v -0.02269884 -0.00582962 0.05452432
v -0.02445811 -0.00413172 0.05175099
v -0.02656309 -0.00228431 0.04967782
v -0.02893914 -0.00016723 0.04836021
v -0.03149418 0.00193758 0.04782645
v -0.03413650 0.00413239 0.04807697
v -0.02728719 -0.00674201 0.08631629
v -0.02602128 -0.00812527 0.08306808
v -0.02498820 -0.00922507 0.07909332
v -0.02427340 -0.00992004 0.07478085
v -0.02390011 -0.01015455 0.07030853
v -0.02388440 -0.00991436 0.06586309
v -0.02422499 -0.00920971 0.06162385
v -0.02490920 -0.00808475 0.05774983
v -0.02592637 -0.00663338 0.05435658
v -0.02721395 -0.00485888 0.05161184
v -0.02873935 -0.00282387 0.04957108
v -0.03044298 -0.00056132 0.04828801
v -0.03226531 0.00173004 0.04779015
v -0.02968977 -0.00703499 0.08627084
v -0.02904478 -0.00852600 0.08301739
v -0.02853319 -0.00972411 0.07903168
v -0.02820569 -0.01047776 0.07471203
v -0.02806814 -0.01074238 0.07023204
v -0.02813168 -0.01051409 0.06578555
v -0.02839394 -0.00979984 0.06155065
v -0.02884316 -0.00862214 0.05768566
v -0.02947555 -0.00707473 0.05430493
v -0.03024231 -0.00525250 0.05157039
v -0.03112381 -0.00310183 0.04954085
v -0.03209214 -0.00081841 0.04826855
v -0.03310882 0.00161023 0.04778217
v -0.03221477 -0.00707118 0.08630684
v -0.03222686 -0.00860524 0.08308063
v -0.03226880 -0.00982178 0.07909762
v -0.03235105 -0.01057844 0.07478318
v -0.03246882 -0.01084314 0.07031015
v -0.03260874 -0.01061909 0.06584559
v -0.03279273 -0.00990935 0.06162471
v -0.03298929 -0.00872697 0.05775800
v -0.03321496 -0.00714877 0.05437147
v -0.03342577 -0.00530423 0.05162835
v -0.03363046 -0.00314599 0.04958693
v -0.03382096 -0.00085817 0.04830225
v -0.03399020 0.00158725 0.04780708
v -0.03476714 -0.00684982 0.08643033
v -0.03544331 -0.00833570 0.08324046
v -0.03605212 -0.00950664 0.07928485
v -0.03655157 -0.01022626 0.07498816
v -0.03692825 -0.01046883 0.07052486
v -0.03716775 -0.01023678 0.06608594
v -0.03725459 -0.00953611 0.06184168
v -0.03718978 -0.00837586 0.05796179
v -0.03697490 -0.00682091 0.05458077
v -0.03664524 -0.00503098 0.05178282
v -0.03616253 -0.00293314 0.04970795
v -0.03556679 -0.00071239 0.04838383
v -0.03488179 0.00166206 0.04784083
v -0.03724416 -0.00637876 0.08663389
v -0.03856895 -0.00772651 0.08348869
v -0.03973354 -0.00879080 0.07958363
v -0.04064545 -0.00943697 0.07532022
v -0.04127716 -0.00963550 0.07087846
v -0.04160220 -0.00938711 0.06644743
v -0.04160472 -0.00869616 0.06219387
v -0.04128465 -0.00758060 0.05828833
v -0.04065773 -0.00611772 0.05487059
v -0.03977899 -0.00444581 0.05202848
v -0.03861978 -0.00246850 0.04989873
v -0.03725794 -0.00038897 0.04851397
v -0.03574388 0.00182895 0.04790525
v -0.03955095 -0.00568268 0.08690440
v -0.04147884 -0.00681502 0.08382072
v -0.04316555 -0.00770392 0.07998528
v -0.04446888 -0.00823358 0.07577108
v -0.04533535 -0.00836314 0.07135432
v -0.04574244 -0.00808754 0.06692749
v -0.04566029 -0.00741519 0.06266062
v -0.04510421 -0.00638144 0.05872386
v -0.04408967 -0.00507339 0.05525811
v -0.04269834 -0.00356142 0.05235549
v -0.04091145 -0.00178382 0.05015303
v -0.03883182 0.00012009 0.04868804
v -0.03654548 0.00208319 0.04799328
v -0.04159994 -0.00478410 0.08724293
v -0.04406311 -0.00566021 0.08424163
v -0.04621223 -0.00630801 0.08047692
v -0.04786343 -0.00666636 0.07631767
v -0.04894300 -0.00669644 0.07193151
v -0.04941662 -0.00638804 0.06751004
v -0.04926467 -0.00576060 0.06322780
v -0.04849412 -0.00486099 0.05925214
v -0.04713640 -0.00374193 0.05572896
v -0.04524173 -0.00236546 0.05277920
v -0.04294212 -0.00090850 0.05046173
v -0.04022771 0.00077878 0.04889793
v -0.03725181 0.00241625 0.04809970
v -0.04330219 -0.00368555 0.08761931
v -0.04622140 -0.00431405 0.08471549
v -0.04875436 -0.00470415 0.08103973
v -0.05069236 -0.00485451 0.07693849
v -0.05194926 -0.00476085 0.07258685
v -0.05248008 -0.00442739 0.06817424
v -0.05226810 -0.00386690 0.06387246
v -0.05131846 -0.00309841 0.05985455
v -0.04967202 -0.00210994 0.05626369
v -0.04739539 -0.00100585 0.05322971
v -0.04463079 0.00018163 0.05081141
v -0.04138664 0.00150953 0.04913711
v -0.03784199 0.00280561 0.04822076
v -0.04458741 -0.00244792 0.08803733
v -0.04785281 -0.00275424 0.08523297
v -0.05068456 -0.00290348 0.08164737
v -0.05284449 -0.00286875 0.07761441
v -0.05422916 -0.00265520 0.07329696
v -0.05480572 -0.00227143 0.06889443
v -0.05454737 -0.00172717 0.06457260
v -0.05346140 -0.00105416 0.06050960
v -0.05159645 -0.00032403 0.05684521
v -0.04902585 0.00052534 0.05371168
v -0.04585430 0.00148020 0.05121049
v -0.04226306 0.00231495 0.04939428
v -0.03828532 0.00323814 0.04835135
v -0.04542515 -0.00118753 0.08848493
v -0.04891700 -0.00114538 0.08578821
v -0.05193837 -0.00097468 0.08228764
v -0.05422413 -0.00070625 0.07831453
v -0.05568902 -0.00036724 0.07403971
v -0.05628917 0.00004372 0.06964429
v -0.05599896 0.00053197 0.06530146
v -0.05483147 0.00106847 0.06117983
v -0.05282888 0.00167877 0.05743902
v -0.05006983 0.00222990 0.05421046
f 4 2 1
f 8 6 5
f 13 15 14
f 17 19 18
f 32 30 29
f 36 34 33
f 37 39 38
f 21 23 20
f 25 27 24
f 41 43 42
f 48 46 45
f 52 50 49
f 53 55 54
f 60 58 57
f 29 62 61
f 66 64 63
f 67 6 68
f 72 70 69
f 76 74 73
f 77 79 78
f 81 83 82
f 59 86 85
f 88 90 89
f 96 94 93
f 100 98 97
f 101 103 102
f 106 34 87
f 108 115 107
f 117 36 118
f 124 126 125
f 131 129 128
f 132 134 133
f 142 140 139
f 148 60 147
f 144 127 124
f 149 151 150
f 156 154 153
f 159 158 157
f 116 164 105
f 171 169 168
f 174 173 172
f 179 181 180
f 186 188 187
f 194 196 195
f 199 139 198
f 206 208 207
f 213 211 210
f 202 214 201
f 96 216 54
f 92 43 44
f 97 246 100
f 250 229 228
f 252 58 253
f 258 256 255
f 260 229 259
f 110 112 113
f 114 263 109
f 265 267 266
f 56 270 269
f 274 249 250
f 185 63 64
f 280 278 276
f 285 283 157
f 288 211 212
f 141 92 46
f 289 175 176
f 148 105 106
f 312 170 171
f 238 42 43
f 318 160 317
f 310 308 307
f 241 325 324
f 160 240 317
f 47 307 308
f 108 315 164
f 345 86 119
f 348 350 349
f 356 358 357
f 355 353 352
f 363 32 362
f 149 150 176
f 364 253 365
f 366 368 367
f 183 371 63
f 163 161 160
f 209 101 208
f 378 165 166
f 379 381 380
f 383 3 4
f 284 386 385
f 387 389 388
f 391 229 249
f 73 397 396
f 405 407 406
f 203 411 410
f 414 413 412
f 1 357 4
f 277 131 275
f 254 57 58
f 358 415 351
f 417 386 408
f 401 192 420
f 419 127 143
f 421 182 422
f 103 302 409
f 428 368 174
f 380 359 356
f 62 266 323
f 140 431 430
f 357 351 348
f 356 379 380
f 415 403 434
f 437 436 435
f 438 440 439
f 188 450 449
f 452 454 453
f 265 181 421
f 224 64 225
f 237 213 427
f 275 128 458
f 281 460 459
f 50 79 461
f 73 282 281
f 468 466 465
f 390 352 359
f 482 484 483
f 489 487 486
f 493 495 494
f 472 470 469
f 502 500 499
f 220 222 223
f 512 143 66
f 518 511 80
f 513 230 286
f 205 31 244
f 189 451 188
f 163 532 8
f 533 225 251
f 446 447 412
f 335 540 334
f 544 546 545
f 329 291 292
f 199 262 238
f 385 416 550
f 532 191 247
f 363 118 243
f 236 237 250
f 578 580 579
f 573 571 570
f 561 562 272
f 241 259 240
f 590 592 591
f 545 595 594
f 503 155 504
f 606 624 623
f 478 480 479
f 646 648 647
f 590 689 684
f 564 651 650
f 728 184 727
f 714 716 715
f 692 575 693
f 541 581 578
f 346 248 400
f 161 230 160
f 128 94 95
f 698 704 703
f 574 576 575
f 290 401 328
f 630 725 726
f 733 735 734
f 755 496 493
f 759 481 760
f 757 762 761
f 764 466 467
f 768 3808 3809
f 759 488 489
f 492 475 771
f 474 769 473
f 773 465 772
f 771 486 483
f 484 775 491
f 774 489 486
f 495 764 756
f 495 761 494
f 137 784 136
f 325 797 547
f 165 51 52
f 369 29 370
f 730 568 569
f 90 301 89
f 243 516 242
f 800 806 805
f 817 808 816
f 816 823 822
f 306 447 807
f 815 809 808
f 829 828 825
f 726 501 502
f 274 424 423
f 879 881 880
f 884 879 885
f 219 217 211
f 906 904 897
f 455 205 542
f 898 830 829
f 903 880 881
f 906 897 898
f 377 519 165
f 923 948 946
f 946 951 950
f 3519 739 3517
f 900 886 880
f 225 65 144
f 182 442 422
f 809 947 824
f 954 962 961
f 927 965 966
f 885 880 886
f 925 966 967
f 343 341 340
f 965 971 968
f 968 970 969
f 972 969 973
f 963 981 978
f 336 338 339
f 992 827 828
f 810 996 959
f 1007 1002 1008
f 1012 827 1009
f 1011 1007 1008
f 294 292 291
f 907 920 919
f 1017 1019 1018
f 1020 1022 1021
f 1035 1020 1044
f 1061 1047 1046
f 1063 1046 1062
f 1044 1021 1045
f 1102 1097 1109
f 1116 1118 1117
f 1016 1014 1013
f 881 904 903
f 816 1127 817
f 1094 949 1097
f 514 167 515
f 146 81 82
f 1133 1130 1129
f 1102 1126 822
f 822 1116 816
f 1145 1148 1136
f 1076 1151 1069
f 1148 1086 1087
f 1109 1114 1136
f 1154 1156 1155
f 1153 967 1156
f 3464 463 3714
f 1144 1152 1151
f 1156 1163 1162
f 1164 1169 1165
f 1145 1176 1147
f 1114 1154 1171
f 1183 1164 1177
f 1184 1177 1185
f 1069 1062 1064
f 1023 1194 1022
f 1162 1170 1169
f 1195 1185 1191
f 1183 1176 1155
f 1201 1152 1196
f 1061 1201 1202
f 3825 843 3836
f 1203 1195 1034
f 1202 1184 1195
f 1218 1203 1217
f 1060 1202 1203
f 1225 1217 1219
f 671 694 670
f 1219 1024 1035
f 1217 1034 1024
f 1226 1015 1227
f 1243 1234 1233
f 1231 1229 1228
f 847 1233 843
f 843 1244 878
f 1233 1245 1244
f 1923 233 216
f 2100 499 500
f 3914 2135 3900
f 61 323 505
f 210 217 457
f 1299 1309 1300
f 3863 1231 3862
f 1066 1321 1322
f 1322 1228 1229
f 1060 1321 1047
f 1325 1323 1310
f 1244 1332 1330
f 1290 1242 1288
f 1337 1339 1338
f 1330 1340 1339
f 1341 1245 1294
f 1342 1332 1341
f 1343 1341 1344
f 1344 1294 1293
f 3857 1345 1346
f 1347 1342 1343
f 3856 1295 1345
f 1349 1348 1347
f 3861 1347 3853
f 3853 1343 3857
f 906 829 1353
f 905 1353 1354
f 865 1355 1357
f 1355 829 825
f 1357 825 826
f 1356 1353 1355
f 3834 1338 3833
f 866 1356 865
f 1358 1354 1356
f 3828 1337 3834
f 838 1012 841
f 1363 1338 1339
f 1368 1339 1340
f 1348 1340 1342
f 1371 3824 3829
f 524 526 523
f 528 530 527
f 1372 1369 1371
f 535 537 538
f 1367 1348 1350
f 1370 1359 1369
f 1369 3833 3824
f 1373 903 904
f 555 557 558
f 1374 910 1373
f 1373 905 1375
f 1374 1375 1376
f 1375 1354 1370
f 1378 908 1377
f 376 651 1387
f 1388 973 969
f 586 588 585
f 1390 1388 1391
f 1391 969 970
f 597 599 596
f 600 602 603
f 1392 970 979
f 608 610 607
f 612 523 611
f 614 616 613
f 617 25 24
f 620 622 619
f 1397 1391 1392
f 1398 1392 1399
f 1400 920 1378
f 1402 1165 1169
f 636 638 635
f 930 1402 929
f 641 643 644
f 929 1169 1170
f 1404 1403 1402
f 1411 1365 1406
f 1412 1415 1414
f 652 654 655
f 609 657 658
f 659 661 662
f 558 586 585
f 665 667 664
f 1413 1406 1412
f 1418 3810 3813
f 1417 1371 1416
f 1416 3829 3810
f 1419 1416 1418
f 1386 1374 1420
f 677 679 676
f 1385 1420 1421
f 1420 1376 1422
f 685 687 688
f 1421 1422 1423
f 528 691 658
f 1422 1372 1417
f 1018 747 1425
f 699 701 702
f 1424 579 1017
f 3663 1767 3660
f 700 711 712
f 1093 3754 1571
f 717 530 719
f 721 723 720
f 704 3543 3554
f 19 1426 1430
f 1429 1427 1426
f 1658 3542 3544
f 1439 1434 1438
f 1437 1435 1434
f 1426 1433 1432
f 1442 1432 1440
f 742 744 745
f 1432 1441 1440
f 751 753 750
f 1438 1403 1405
f 1446 1444 1443
f 1447 1446 1443
f 3860 1443 3848
f 1415 1445 1446
f 1414 1446 1448
f 2173 469 470
f 777 779 686
f 780 782 783
f 1676 1806 1675
f 3859 1349 3861
f 789 791 788
f 745 793 742
f 652 795 653
f 1455 1457 1456
f 1454 1350 1452
f 610 802 801
f 3831 698 703
f 1352 1045 1351
f 1015 1459 1460
f 811 813 814
f 2118 3817 2117
f 819 821 818
f 1466 1194 1190
f 1467 1465 1466
f 1182 1468 1467
f 832 833 831
f 835 837 834
f 1467 1190 1182
f 1469 1444 1445
f 840 712 690
f 1453 1469 1454
f 599 845 846
f 1226 3849 3855
f 851 853 850
f 855 856 854
f 858 860 857
f 861 863 864
f 1014 3855 3858
f 867 868 869
f 870 872 873
f 874 876 877
f 1310 1471 1309
f 1476 1427 1475
f 1461 1475 1460
f 887 889 890
f 788 892 891
f 894 896 893
f 1460 1227 1015
f 901 524 612
f 1465 1477 1464
f 1865 3500 1864
f 911 913 914
f 916 918 915
f 1850 3507 1851
f 921 895 894
f 1479 1436 1478
f 926 667 601
f 1481 563 1480
f 269 84 1482
f 931 933 916
f 934 614 869
f 936 688 937
f 938 662 939
f 1484 122 123
f 941 835 834
f 320 509 510
f 1849 3505 1850
f 84 1484 83
f 1487 1488 539
f 1757 3502 3509
f 365 1491 364
f 461 80 511
f 117 362 1496
f 1494 541 1495
f 926 957 958
f 1477 1433 1476
f 1709 1585 1700
f 119 1496 345
f 271 504 156
f 511 189 186
f 345 1492 365
f 255 344 254
f 57 299 132
f 1501 268 1500
f 267 1499 145
f 974 976 977
f 1678 1693 1676
f 3846 1807 3840
f 557 663 558
f 983 984 985
f 1443 3849 3848
f 421 268 265
f 989 991 988
f 1490 418 1504
f 279 309 310
f 997 676 679
f 998 999 875
f 1504 38 1505
f 1506 1507 1486
f 360 1508 1506
f 1506 207 360
f 939 1006 938
f 270 1483 269
f 66 546 512
f 1010 793 935
f 367 437 1509
f 244 363 243
f 1670 3534 1669
f 209 1510 226
f 235 1512 1511
f 1511 234 235
f 388 426 425
f 427 250 237
f 161 521 231
f 100 45 44
f 1025 608 1027
f 1029 1031 1028
f 939 1033 1032
f 41 594 99
f 1036 783 1037
f 702 1038 1039
f 1040 1042 1043
f 362 369 1493
f 187 477 186
f 70 539 198
f 1511 1521 234
f 1049 603 1048
f 613 869 614
f 860 1051 857
f 1005 1053 1006
f 753 1056 1054
f 1057 1059 1055
f 293 1522 292
f 288 1521 1522
f 292 1523 329
f 331 1508 1524
f 306 453 305
f 100 41 99
f 462 78 79
f 330 1524 462
f 635 1068 636
f 1485 1526 1528
f 206 1528 1510
f 1070 1072 831
f 942 1073 1074
f 916 1075 917
f 440 1530 439
f 157 1514 285
f 1529 5 1530
f 371 546 63
f 790 663 791
f 1077 857 1078
f 1403 1435 1165
f 1080 1082 1079
f 531 1529 440
f 21 1084 1085
f 272 1531 561
f 137 396 397
f 690 802 691
f 335 3567 581
f 1090 1029 1091
f 1092 794 1042
f 1533 137 138
f 661 1095 1096
f 69 445 72
f 1099 1101 1098
f 38 1536 1505
f 1104 1106 1103
f 852 1108 853
f 1377 909 1386
f 291 411 294
f 316 516 33
f 539 1533 534
f 1505 316 313
f 1110 1112 1113
f 1539 460 264
f 522 1537 1539
f 834 1120 1119
f 1122 1124 1121
f 612 1041 901
f 935 615 614
f 276 130 131
f 1686 3522 1685
f 193 1541 273
f 231 1540 287
f 556 982 557
f 365 85 345
f 190 318 1541
f 1810 3574 3528
f 3924 3512 3791
f 1132 985 1131
f 208 102 132
f 1134 662 661
f 1491 80 77
f 429 1542 147
f 1137 915 918
f 172 428 174
f 1139 1141 1142
f 549 54 55
f 1517 1518 296
f 976 1146 938
f 834 984 941
f 1543 286 115
f 1544 239 513
f 133 1544 1542
f 506 257 258
f 420 328 401
f 1158 1160 1157
f 587 1103 588
f 1513 1514 151
f 607 1027 608
f 304 1545 303
f 364 77 506
f 69 198 139
f 1006 976 938
f 700 1112 701
f 3877 3525 3787
f 1166 657 656
f 1167 858 1077
f 1172 1174 1175
f 218 200 217
f 1179 1181 1178
f 372 97 98
f 89 227 88
f 1186 1188 1189
f 172 1517 1549
f 1482 81 1498
f 1090 1193 1030
f 394 353 1551
f 526 1198 1197
f 811 858 812
f 1199 1026 1025
f 606 697 696
f 1204 1206 743
f 1207 523 526
f 1209 867 613
f 914 685 936
f 1478 1441 1477
f 1029 1161 1091
f 1211 1213 1214
f 3858 1451 3859
f 844 1216 845
f 423 273 274
f 1220 1222 1083
f 22 1224 23
f 882 897 881
f 1519 173 387
f 1189 1232 1178
f 349 550 416
f 1071 1236 1072
f 1237 1239 745
f 1221 1189 1240
f 1510 1512 333
f 939 1241 1005
f 1556 5 67
f 1553 394 1551
f 404 67 347
f 1247 1249 1246
f 142 238 92
f 1251 635 1250
f 850 1253 851
f 1254 1077 1255
f 57 133 429
f 443 552 551
f 1187 1175 1188
f 1256 831 833
f 432 382 383
f 741 747 746
f 434 351 415
f 349 383 348
f 251 1481 1480
f 395 352 353
f 1518 1550 1551
f 1558 378 340
f 109 314 315
f 285 1513 407
f 395 393 392
f 202 410 1558
f 417 405 432
f 1246 1258 1247
f 3 297 2
f 1259 1261 1262
f 403 347 284
f 955 953 952
f 462 51 330
f 1096 687 1263
f 429 60 57
f 896 1265 932
f 1267 1268 1266
f 423 327 420
f 37 180 40
f 20 1187 1186
f 1256 1071 1070
f 155 156 504
f 1188 1269 1232
f 1236 1271 1262
f 1272 535 621
f 565 463 464
f 1273 745 1239
f 876 1255 1274
f 316 164 315
f 437 503 1509
f 194 1495 197
f 1275 864 863
f 624 631 630
f 1277 1137 1278
f 569 567 566
f 1481 125 366
f 324 547 326
f 1279 1107 1280
f 1525 329 1523
f 1281 1137 918
f 171 1553 1552
f 1488 396 1533
f 1557 1562 1559
f 1282 1206 1205
f 1053 1278 1281
f 778 607 1283
f 713 3566 3569
f 251 144 124
f 4 348 383
f 709 707 706
f 728 45 246
f 261 1563 544
f 789 1287 790
f 74 263 282
f 403 385 434
f 1178 1240 1189
f 1223 1289 1224
f 158 150 151
f 1220 1186 1221
f 296 354 433
f 784 1538 1566
f 1181 1291 1222
f 1269 1257 1246
f 1566 438 399
f 136 1566 1564
f 1563 169 1565
f 107 109 108
f 1297 1298 1296
f 1464 1476 1461
f 1520 507 508
f 1301 1303 1304
f 1306 1308 1305
f 175 1532 272
f 1532 200 201
f 1311 1312 1313
f 872 1315 1316
f 1317 1318 1319
f 3836 878 3828
f 1305 864 1276
f 1040 863 1320
f 1564 399 169
f 592 1575 591
f 591 1088 689
f 1581 1583 1582
f 1196 1147 1176
f 710 583 713
f 285 408 386
f 953 961 963
f 1594 1589 1593
f 1585 1587 1586
f 1592 1590 1589
f 3885 944 3899
f 1600 1598 1597
f 1604 1602 1601
f 1399 979 980
f 1589 1596 1595
f 1610 1608 1607
f 298 361 360
f 551 276 277
f 1627 3814 3819
f 859 818 860
f 1078 1328 1329
f 1555 1530 1556
f 572 680 681
f 772 776 774
f 977 918 917
f 404 392 393
f 1054 750 753
f 1644 1643 1642
f 932 1082 933
f 1067 1334 1068
f 1540 264 114
f 597 643 1336
f 471 762 470
f 1642 3831 3842
f 1644 3842 3843
f 923 950 927
f 96 548 95
f 520 522 521
f 445 443 442
f 849 848 842
f 480 755 493
f 1646 481 1639
f 311 1567 170
f 464 3497 3495
f 3497 1361 3495
f 234 236 235
f 190 192 191
f 153 152 149
f 231 286 230
f 1552 1551 1550
f 760 1648 488
f 3832 1649 3830
f 828 826 825
f 52 166 165
f 1663 1661 1660
f 287 115 286
f 668 670 669
f 634 640 639
f 553 559 554
f 118 33 516
f 492 491 490
f 3552 1651 3553
f 582 584 583
f 384 392 415
f 1381 1383 1380
f 1562 435 436
f 952 951 947
f 3529 583 584
f 1660 1667 1666
f 1394 1396 1393
f 1660 1664 1663
f 1671 1669 1668
f 1624 1673 1672
f 1407 1409 1410
f 1677 1675 1674
f 1613 1677 1625
f 1679 1676 1677
f 1626 3811 3814
f 534 198 539
f 176 150 159
f 803 734 800
f 400 191 192
f 65 143 144
f 3526 1656 3540
f 402 157 283
f 629 627 626
f 461 49 50
f 758 495 756
f 796 786 785
f 406 1513 1560
f 342 166 167
f 1694 1658 1695
f 1692 1694 1696
f 3557 1652 3552
f 3921 1703 3923
f 326 302 90
f 3916 1702 1706
f 3919 1698 1701
f 1699 3927 3918
f 1557 1560 1561
f 1127 1117 1128
f 400 289 346
f 1706 1707 1708
f 1707 1599 1600
f 1709 1708 1588
f 1714 1711 1713
f 3919 1709 1700
f 1704 1577 1703
f 1716 1713 1715
f 1559 1549 297
f 1722 1720 1719
f 1335 596 1489
f 410 377 378
f 973 1163 972
f 168 399 398
f 1571 1089 1093
f 1572 682 1571
f 749 647 754
f 1730 1723 1729
f 1594 1729 1592
f 1729 1591 1592
f 1731 1730 1583
f 1384 1377 1379
f 1732 1712 1714
f 1724 1731 1732
f 1712 1731 1580
f 1722 1732 1733
f 1721 1733 1734
f 1734 1716 1717
f 1735 1736 1697
f 1733 1714 1716
f 1663 1741 1668
f 1742 1740 1743
f 1738 1737 1735
f 1665 1666 1740
f 1665 1744 1664
f 1725 1746 1745
f 1591 1745 1590
f 1590 1747 1596
f 1745 1748 1747
f 1659 3538 3542
f 3287 3545 3282
f 1185 1182 1190
f 1664 1749 1741
f 1741 1739 1738
f 1746 1743 1748
f 1726 1742 1746
f 1153 924 925
f 1115 1153 1154
f 1654 3575 1655
f 1896 3549 1686
f 1720 1744 1726
f 1721 1749 1720
f 1750 1701 1698
f 1697 1750 1696
f 1151 1063 1062
f 1751 1670 1671
f 1695 1752 1751
f 961 986 981
f 1770 1768 1767
f 1766 1593 1765
f 1731 1579 1580
f 1579 1774 1578
f 3928 1771 3929
f 1764 3928 3917
f 1777 1775 1774
f 3762 1699 1700
f 1004 1128 1003
f 1774 1771 1772
f 987 1399 980
f 1578 1772 1764
f 1783 1781 1778
f 1597 1770 1767
f 639 3895 3884
f 3928 1769 1770
f 1793 1789 1788
f 3929 1798 1769
f 3508 3773 1806
f 1802 3924 3922
f 1788 1794 1793
f 1793 1795 1776
f 3773 1675 1806
f 1584 1783 1789
f 1771 3920 3929
f 1801 1798 1800
f 1768 1798 1799
f 1775 1797 1771
f 508 515 1520
f 1796 1802 1797
f 1800 3920 3922
f 1794 1804 1795
f 3532 1752 3547
f 485 1807 775
f 3809 1640 768
f 3837 1810 1653
f 485 1640 1808
f 1690 3770 3772
f 487 1648 1811
f 3839 1816 3822
f 3838 1648 3830
f 3839 1811 3838
f 1812 487 1811
f 1641 767 768
f 465 755 776
f 767 3823 3808
f 3822 3826 3847
f 1809 1815 767
f 3837 1651 3840
f 675 3541 3496
f 1814 1822 1821
f 1821 3821 3820
f 1824 1649 1825
f 1827 1850 1805
f 1668 1662 1663
f 1779 1848 1828
f 1790 1805 1794
f 1833 1853 1852
f 3521 693 575
f 1614 1616 1617
f 1852 3498 3501
f 1620 1622 1623
f 1855 1574 1861
f 1847 3501 3513
f 1766 1855 1782
f 1629 1631 1628
f 1633 1634 1632
f 1635 1637 1638
f 1848 1852 1847
f 1855 1863 1862
f 1803 1867 1802
f 1862 1831 1832
f 1782 1862 1781
f 3922 1865 1800
f 1873 1870 1869
f 1874 799 804
f 2045 3897 2044
f 1219 1295 1225
f 1615 1396 1395
f 3884 1877 1876
f 645 3786 3559
f 1345 1035 1346
f 634 3884 3880
f 15 1327 14
f 3910 1878 1893
f 1894 605 1893
f 3506 627 693
f 340 454 1558
f 1897 195 1898
f 1889 1877 1890
f 1901 129 1900
f 196 754 232
f 1705 3921 3916
f 340 166 343
f 1570 563 561
f 1904 194 1897
f 1781 1832 1780
f 1905 55 1906
f 1000 995 996
f 986 920 987
f 1191 1190 1194
f 2094 2075 2093
f 1920 1919 1915
f 453 1912 1911
f 1915 1918 1916
f 3882 2106 3901
f 1916 1926 1925
f 704 3561 703
f 278 1925 1900
f 3565 1818 1820
f 1097 1115 1114
f 1927 727 1923
f 3578 3654 3758
f 1920 307 1929
f 1929 48 728
f 503 1497 1509
f 1902 787 796
f 1816 3820 3826
f 1925 1923 1924
f 1535 1568 1534
f 254 258 255
f 1509 366 367
f 119 35 36
f 219 293 294
f 141 47 431
f 542 244 245
f 1940 430 431
f 1779 1827 1790
f 1701 3915 3919
f 1661 3515 1667
f 270 754 647
f 197 749 196
f 1727 1212 1211
f 53 232 754
f 1465 1479 1478
f 1284 3854 1293
f 1951 412 413
f 168 1554 1553
f 1486 206 207
f 506 78 361
f 994 1007 993
f 951 963 964
f 1013 3861 1351
f 3826 1820 1818
f 1498 1954 1482
f 299 543 132
f 1754 1756 1753
f 1681 1683 1682
f 1696 1695 1697
f 13 738 737
f 473 475 474
f 482 768 1640
f 204 30 205
f 1761 820 819
f 611 1125 612
f 1501 1908 1909
f 1074 711 699
f 1960 82 83
f 120 1960 123
f 35 87 34
f 1773 1025 1031
f 1965 1569 1535
f 494 471 479
f 1966 1969 1968
f 446 1971 1967
f 174 125 126
f 1580 1578 1577
f 1785 1787 1784
f 1972 304 305
f 1254 875 999
f 1973 342 514
f 321 1973 509
f 1910 275 1907
f 509 514 508
f 1486 1527 1485
f 1974 804 1975
f 1977 1974 1978
f 1980 1966 1981
f 379 2 295
f 1718 1710 1701
f 884 992 883
f 1680 1678 1679
f 902 525 524
f 344 256 299
f 135 137 136
f 236 228 333
f 448 1967 1966
f 589 604 584
f 910 908 907
f 1981 1968 1987
f 1982 1987 1979
f 1988 1987 1989
f 1990 1989 1991
f 1991 1993 1992
f 322 320 319
f 992 830 883
f 1144 1086 1143
f 1995 1978 1994
f 1133 1118 1126
f 1997 1994 1996
f 870 1335 1489
f 805 1982 1998
f 727 2000 1999
f 1996 1988 1990
f 1994 1979 1988
f 1829 792 1273
f 1830 941 983
f 798 800 799
f 729 731 730
f 2011 2023 2022
f 1834 846 1159
f 402 284 347
f 2022 2024 2025
f 1838 989 988
f 810 952 809
f 1823 1840 644
f 1430 1432 1431
f 1215 1841 1079
f 149 176 177
f 1316 873 872
f 2112 1384 2106
f 1842 1844 1845
f 1159 845 1160
f 837 1846 1120
f 1971 2030 2027
f 517 370 189
f 858 833 812
f 1471 2027 1888
f 3551 626 627
f 2174 770 490
f 935 1854 1010
f 1613 1611 1618
f 1231 1225 1295
f 1856 891 892
f 1300 748 741
f 1150 1858 1859
f 1643 696 1642
f 1215 1264 1216
f 1320 902 901
f 1956 1944 1960
f 2031 669 1474
f 2034 1310 1299
f 1879 1656 1657
f 40 242 39
f 1992 2039 1456
f 888 957 889
f 1882 1996 1990
f 1078 1255 1077
f 1871 1192 1090
f 294 218 219
f 1323 2026 1471
f 123 83 1484
f 1324 2041 1323
f 384 359 352
f 1324 2038 2036
f 1883 1885 1829
f 287 114 107
f 1096 1134 661
f 915 931 916
f 806 1981 1982
f 3533 584 604
f 1425 2042 1018
f 1018 1948 1017
f 3562 740 3519
f 1948 649 646
f 1881 1990 1991
f 1900 130 278
f 992 994 993
f 923 925 924
f 3878 2047 3876
f 1643 625 606
f 2050 2051 2049
f 2045 1404 2047
f 3876 945 3885
f 1139 1079 1841
f 1037 892 982
f 2055 2057 2056
f 1198 718 717
f 1619 1612 1611
f 2058 1606 2059
f 2059 1607 2058
f 2058 1624 1605
f 71 179 37
f 405 1557 382
f 976 1006 977
f 322 1972 1911
f 2061 2063 2062
f 2066 2067 1825
f 2052 2064 2051
f 1609 2066 1647
f 1515 152 1516
f 1009 993 1007
f 1644 3815 2118
f 279 1916 278
f 1285 3862 1284
f 1647 1825 1649
f 2056 2067 2065
f 319 1953 1952
f 667 1913 1914
f 2070 625 2048
f 2052 2055 2063
f 2038 1655 1458
f 1606 2073 2072
f 1235 1270 1236
f 2072 2075 2074
f 2059 2072 2062
f 2074 2077 2076
f 1601 2078 2073
f 2049 1643 1645
f 1000 1001 994
f 1089 684 689
f 1931 1306 1930
f 1462 1021 1022
f 1932 1934 1935
f 875 1846 998
f 1936 1937 1938
f 44 46 92
f 1534 1956 120
f 1541 317 391
f 2081 2084 2083
f 146 1959 300
f 1360 1942 1361
f 985 1032 1033
f 1995 1892 2043
f 2079 2082 2081
f 2095 2076 2077
f 2081 2078 2079
f 2055 2054 2053
f 501 2095 500
f 2097 2099 2098
f 2098 2094 2083
f 2140 3893 3866
f 2141 3894 3893
f 2051 2048 2049
f 592 2101 1576
f 2071 2076 2096
f 2102 2098 2101
f 593 2102 592
f 1019 746 747
f 1950 12 1327
f 725 2096 501
f 1385 2104 1379
f 1379 2106 1384
f 2107 2100 2097
f 3908 502 3896
f 3896 499 3901
f 940 2109 944
f 928 1170 973
f 3868 684 3899
f 1962 1964 1961
f 3878 573 3897
f 2039 1968 1969
f 1389 2110 2109
f 1398 2113 1397
f 3757 3753 3743
f 3911 2107 2103
f 949 924 1115
f 260 324 326
f 1390 2113 2110
f 2070 2064 2071
f 3867 2103 593
f 2105 1421 2114
f 2114 1423 2115
f 3892 2115 3903
f 3908 2114 3892
f 554 1902 553
f 972 967 966
f 1765 1573 1574
f 1984 1986 1983
f 2053 2069 2057
f 3573 724 714
f 1625 1674 1673
f 3881 2119 2122
f 3903 2123 3904
f 56 1906 55
f 626 3879 629
f 2001 2003 2004
f 3912 2127 3907
f 2006 2008 2009
f 2127 1412 2128
f 2014 2016 2017
f 2018 2020 2021
f 1495 1947 197
f 1379 1386 1385
f 3814 1680 1618
f 2029 1884 2028
f 3902 2120 3887
f 629 3914 3872
f 682 943 1089
f 724 2121 716
f 1757 3821 3845
f 765 3844 3809
f 3851 715 3852
f 706 3870 3872
f 981 987 980
f 1457 1656 1880
f 2017 2032 2033
f 1458 1868 1457
f 1776 1792 1793
f 1959 1946 1958
f 3663 3725 3661
f 3913 2122 3850
f 1093 689 1088
f 966 968 972
f 3852 3881 3913
f 2172 2170 2171
f 670 2137 669
f 3761 1903 233
f 1429 28 1449
f 964 978 971
f 3841 1413 2127
f 1473 669 2137
f 3834 1359 1358
f 2138 1870 2137
f 1872 2137 1870
f 715 3888 3881
f 1881 1992 1880
f 3843 739 740
f 1837 3513 3514
f 253 59 85
f 1808 3840 1807
f 1647 3818 1609
f 3865 671 668
f 2112 3883 2111
f 1405 2044 1438
f 3829 1364 1366
f 273 391 249
f 576 3520 3555
f 3875 668 2031
f 1430 2140 2139
f 2136 3860 28
f 1430 18 19
f 3893 570 695
f 1442 2046 2141
f 1431 2141 2140
f 3869 3850 2136
f 3808 1817 766
f 3866 695 671
f 2142 798 2138
f 571 2142 694
f 3819 1618 1611
f 2143 2025 2142
f 694 2138 670
f 681 2144 572
f 2144 2022 2143
f 328 457 290
f 1572 2011 2144
f 630 3903 624
f 2085 2087 2088
f 2090 2092 2089
f 572 2143 571
f 1875 2153 2149
f 1873 2149 2154
f 2103 2097 2102
f 2157 2155 2156
f 2128 1414 2120
f 3874 589 582
f 3872 628 629
f 2149 2158 2159
f 2159 3905 3890
f 698 3902 705
f 3823 3827 1817
f 2158 3874 3905
f 1438 2046 1439
f 2035 2160 2161
f 2161 3889 3886
f 3871 605 589
f 3873 18 3875
f 370 61 451
f 649 413 648
f 2153 2156 2158
f 1428 1449 1450
f 1490 73 1488
f 3890 710 633
f 2155 3891 3871
f 1456 1880 1992
f 2125 2087 2124
f 2160 3890 3889
f 300 505 323
f 1064 1046 1065
f 2043 1891 2155
f 2129 2004 2003
f 2131 2133 2134
f 3848 1450 1449
f 1998 804 805
f 3879 3864 3914
f 474 490 770
f 1164 1182 1177
f 707 3909 3870
f 708 2162 707
f 2162 3886 3909
f 548 1905 458
f 1145 1114 1171
f 705 1650 704
f 2043 1977 1995
f 737 554 559
f 1034 1191 1023
f 458 1907 275
f 195 232 233
f 2040 1969 1970
f 2145 2147 2148
f 2054 2049 1645
f 3832 1639 3818
f 9 11 10
f 252 506 258
f 472 479 471
f 1865 3791 3503
f 900 910 907
f 1941 2151 1942
f 1921 1927 1919
f 2163 1898 2116
f 271 153 178
f 1904 12 9
f 282 264 460
f 1872 2154 2035
f 1326 1897 2163
f 628 693 627
f 1724 1719 1723
f 1549 436 172
f 1582 1730 1729
f 1921 1929 1928
f 3563 10 11
f 475 774 771
f 769 2171 473
f 2171 476 473
f 476 772 475
f 1791 464 1760
f 2166 2168 2169
f 595 372 98
f 483 1641 482
f 762 2173 470
f 771 484 492
f 486 1809 483
f 297 1517 296
f 763 2174 762
f 776 759 489
f 184 2176 2000
f 412 303 414
f 2005 185 224
f 3811 1682 3846
f 2164 756 764
f 1472 2161 2162
f 950 964 965
f 2177 2179 2180
f 227 1510 333
f 764 467 2164
f 2182 2184 2181
f 2186 2018 2185
f 1985 2181 1986
f 214 729 1531
f 1545 1546 1569
f 865 842 866
f 849 1357 1362
f 452 1558 454
f 559 3188 737
f 16 737 3188
f 560 498 374
f 3193 3195 3194
f 3200 3198 3199
f 3211 3213 3212
f 3215 3217 3216
f 2187 2002 2001
f 2169 2189 2190
f 2192 2085 2191
f 2193 2195 2196
f 2198 2200 2197
f 1998 1979 1975
f 3664 3668 3671
f 2116 1903 1902
f 1859 2009 1150
f 3904 2126 3906
f 1135 1087 1130
f 2201 2015 2014
f 1149 110 1858
f 3221 3218 3215
f 2203 2205 2206
f 579 1895 1019
f 1755 2208 1756
f 3891 1893 605
f 1211 2150 1727
f 868 2210 2209
f 944 930 940
f 2130 2202 2201
f 233 1898 195
f 665 750 666
f 1167 999 618
f 2211 2213 2214
f 2215 2217 2218
f 3867 590 3868
f 2220 220 2219
f 823 948 1094
f 3225 3227 3226
f 266 455 265
f 3882 2107 3883
f 2221 3519 3517
f 2223 2225 2226
f 2207 2124 2208
f 673 3869 3864
f 817 996 815
f 2227 2146 2145
f 1947 646 749
f 3900 17 3873
f 2229 1638 1381
f 1679 1618 1680
f 1637 2232 2230
f 2233 1617 1616
f 2231 2236 2237
f 1381 2238 1382
f 3586 2242 3587
f 1630 2233 1631
f 1681 472 469
f 1408 2243 2244
f 3236 3238 3237
f 3232 3240 3235
f 1637 2238 1638
f 3237 3233 3234
f 1409 1634 2245
f 1380 2247 2246
f 1628 2245 1621
f 2249 1622 1633
f 1632 1408 2244
f 2248 1631 2250
f 2235 1637 1636
f 3245 3199 3198
f 631 2071 725
f 515 52 49
f 782 2251 1251
f 2253 2255 2252
f 397 459 784
f 1456 2040 1455
f 2040 2036 1455
f 1401 2111 1398
f 2041 1970 2026
f 1535 414 1965
f 1586 2080 2079
f 2256 1132 1886
f 1700 3918 3919
f 3815 1686 3817
f 1263 1886 1096
f 598 844 599
f 2257 2259 2260
f 2258 2262 2259
f 2259 2263 2216
f 2260 2216 2215
f 1967 1970 1969
f 2212 1963 2213
f 922 2218 2217
f 1312 1101 2264
f 1307 1286 789
f 1548 1546 1972
f 2266 2268 2265
f 2265 2270 2269
f 2272 2269 2271
f 2273 2265 2272
f 2275 2277 2274
f 2278 2277 2279
f 2284 3617 3639
f 2287 2286 2281
f 2288 2283 2287
f 2290 3639 3620
f 2291 2293 2294
f 2295 2294 2279
f 2296 2291 2295
f 2297 2292 2291
f 2294 2299 2300
f 2279 2300 2278
f 2298 2302 2292
f 2292 2303 2293
f 2293 2304 2299
f 2304 2306 2299
f 2306 2300 2299
f 2308 2310 2307
f 2302 2310 2303
f 2301 2307 2302
f 2312 2307 2311
f 2313 2315 2316
f 2318 2320 2317
f 3748 2322 2323
f 2324 2273 2326
f 2313 2326 2327
f 2328 2313 2316
f 2329 2324 2328
f 2331 2333 2330
f 2330 2267 2266
f 2325 2266 2273
f 2329 2330 2325
f 2333 2335 2267
f 2336 2333 2332
f 2338 2332 2337
f 2331 2337 2332
f 2329 2339 2331
f 2328 2340 2329
f 2316 2341 2328
f 2342 2315 2343
f 2344 2346 2347
f 2341 2347 2340
f 2342 2344 2341
f 2348 2345 2344
f 2350 2352 2353
f 2339 2353 2337
f 2340 2350 2339
f 2347 2351 2350
f 2337 2354 2338
f 2353 2355 2354
f 2356 2276 2357
f 2356 2358 2359
f 2356 2296 2295
f 2279 2356 2295
f 2360 2270 2268
f 2267 2360 2268
f 2362 2364 2365
f 2362 2361 2358
f 2366 2358 2357
f 2366 2363 2362
f 2357 2368 2366
f 2366 2369 2367
f 2276 2370 2368
f 2368 2282 2369
f 2372 2374 2371
f 2375 2377 2007
f 2378 2380 2381
f 2382 2381 2383
f 2384 2378 2382
f 2385 2379 2378
f 2388 2390 2387
f 2387 2392 2391
f 2393 2387 2391
f 2394 2388 2387
f 2186 2402 2400
f 2403 2327 2326
f 2272 2326 2273
f 2271 2403 2272
f 2405 2404 2403
f 2404 2408 2327
f 2409 2411 2412
f 2409 2271 2269
f 2413 2269 2270
f 2413 2410 2409
f 2417 2416 2418
f 2417 2406 2405
f 2412 2405 2271
f 2411 2417 2412
f 2406 2407 2404
f 3569 632 713
f 2420 2397 2421
f 2420 2423 2422
f 2424 2422 2419
f 2424 2398 2420
f 2425 2392 2426
f 2421 2426 2423
f 2397 2425 2421
f 2396 2391 2425
f 2427 2315 2314
f 2427 2408 2428
f 2430 2428 2429
f 2343 2427 2430
f 2432 2430 2431
f 2431 2429 2433
f 2435 2433 2434
f 2436 2431 2435
f 2428 2407 2437
f 2422 2407 2419
f 2438 2422 2423
f 2429 2437 2438
f 2440 2433 2439
f 2441 2433 2429
f 2442 2439 2441
f 2443 2440 2439
f 2445 2444 2443
f 2447 2443 2442
f 2383 2445 2447
f 2381 2446 2445
f 2448 2423 2426
f 2449 2426 2392
f 2441 2449 2442
f 2441 2438 2448
f 2449 2390 2450
f 2450 2389 2451
f 2447 2451 2383
f 2442 2450 2447
f 2451 2453 2452
f 2452 2455 2454
f 2382 2454 2384
f 2383 2452 2382
f 2456 2373 2372
f 2459 2461 2458
f 2463 2465 2462
f 2462 2285 2284
f 2466 2284 2290
f 2467 2462 2466
f 2461 3703 3701
f 2468 2470 2471
f 2472 2471 2473
f 2474 3701 3688
f 2475 2477 2478
f 2458 2453 2479
f 2479 2389 2388
f 2395 2479 2388
f 2480 2458 2479
f 2481 2483 2478
f 2484 2485 221
f 2471 2464 2463
f 2473 2463 2467
f 2487 2466 2486
f 2486 2290 2488
f 2490 2488 2489
f 2491 2486 2490
f 2492 2467 2487
f 2493 2487 2491
f 2494 2492 2493
f 2495 2473 2492
f 3690 2474 3688
f 3691 2496 3690
f 2498 2493 2499
f 2500 2499 2501
f 3700 2498 2500
f 3687 2494 2498
f 2306 2278 2300
f 2305 2504 2306
f 2504 2507 2506
f 2506 2288 2508
f 2274 2508 2275
f 2278 2506 2274
f 3633 2489 2488
f 3620 2488 2290
f 2507 2289 2288
f 2505 2509 2507
f 2508 2287 2511
f 2511 2281 2280
f 2370 2280 2282
f 2275 2511 2370
f 2512 2489 2513
f 2514 2513 2515
f 2517 2514 2516
f 2517 2490 2512
f 2499 2491 2517
f 2499 2516 2501
f 2510 2519 2518
f 2518 2521 2520
f 3616 2520 3621
f 3632 2518 3616
f 2522 2303 2310
f 2523 2310 2309
f 2305 2522 2524
f 2524 2523 2525
f 2519 2525 2521
f 2505 2524 2519
f 2308 2527 2526
f 2526 2529 2528
f 2531 2528 2530
f 2309 2526 2531
f 1214 2151 1211
f 2419 2418 2424
f 2533 2349 2317
f 2534 2317 2320
f 2535 2533 2534
f 2536 2345 2533
f 2537 2346 2536
f 2538 2536 2535
f 2539 2537 2538
f 2540 2351 2537
f 2312 2541 2527
f 2527 2542 2529
f 2543 2434 2544
f 2545 2544 2546
f 2319 2543 2545
f 2318 2435 2543
f 2514 2548 2547
f 2547 2550 2549
f 2552 2549 2551
f 2552 2514 2547
f 2520 2554 2553
f 2553 2556 2555
f 3590 2555 3593
f 3621 2553 3590
f 2523 2531 2557
f 2557 2530 2558
f 2525 2557 2559
f 2559 2558 2560
f 2554 2560 2556
f 2521 2559 2554
f 2561 2007 2006
f 2376 2225 2377
f 2564 2566 2563
f 2563 338 2567
f 2569 2567 2568
f 2570 2563 2569
f 2572 2574 2571
f 2571 2576 2575
f 2544 2575 2546
f 2544 2572 2571
f 2578 2569 2577
f 2579 2569 2568
f 2574 2579 2576
f 2573 2577 2574
f 2581 2583 2580
f 2584 2583 2585
f 3697 2580 2584
f 3676 2580 3675
f 2582 2552 2583
f 2583 2551 2585
f 2500 2589 2588
f 2590 2589 2591
f 3693 2588 2590
f 3695 2500 2588
f 2501 2591 2589
f 2592 2594 2595
f 2386 2503 2502
f 2596 2386 2374
f 2596 2373 2597
f 2599 2597 2598
f 2599 2379 2596
f 2600 2380 2599
f 2600 2598 2601
f 2603 2601 2602
f 2603 2446 2600
f 2604 2602 2605
f 2440 2605 2434
f 2444 2604 2440
f 2606 2581 2607
f 2606 2590 2591
f 2591 2582 2606
f 3676 2456 3689
f 3689 2372 3693
f 2478 2608 2481
f 2609 2611 2199
f 2564 2613 2612
f 2612 2598 2597
f 2457 2597 2373
f 2565 2612 2457
f 2614 2570 2578
f 2615 2578 2573
f 2602 2614 2615
f 2601 2613 2614
f 2572 2605 2616
f 2616 2602 2615
f 2573 2616 2615
f 1459 1045 1021
f 1265 1079 1082
f 1612 1609 1611
f 2067 2069 2068
f 1135 1136 1148
f 1938 2618 2617
f 95 458 128
f 2058 1608 1612
f 1454 1445 1367
f 655 1048 2619
f 722 2621 723
f 1131 1033 1134
f 562 366 1497
f 1723 1725 1591
f 1786 1122 1787
f 267 323 266
f 1325 1654 2038
f 1468 1435 1479
f 658 529 528
f 8 247 7
f 382 1559 3
f 788 1307 789
f 940 929 928
f 911 2623 912
f 2621 655 654
f 2624 2625 2626
f 998 27 26
f 635 2626 2625
f 2627 644 1840
f 2628 1840 2629
f 1200 2627 2628
f 1199 641 2627
f 1520 49 477
f 1452 1349 1451
f 2630 1859 1858
f 644 1335 1823
f 1197 717 2632
f 2632 719 1166
f 2628 1166 1200
f 2629 2632 2628
f 1762 1050 821
f 1823 873 1839
f 2634 794 652
f 1028 1027 1161
f 1042 2635 1043
f 93 1901 1924
f 2036 1458 1455
f 1527 1525 1526
f 877 1274 1277
f 134 797 1544
f 1328 931 1329
f 607 1091 1161
f 1043 2637 2636
f 2636 2639 2638
f 1275 2638 1276
f 1275 1043 2636
f 1272 2626 2640
f 2640 638 637
f 1110 2640 637
f 536 2640 2641
f 1472 1474 1473
f 2042 1951 649
f 1058 1105 1059
f 2642 2643 2644
f 1192 2644 1193
f 912 2642 1192
f 3898 3526 3786
f 1049 2620 2621
f 616 1885 613
f 1331 666 750
f 990 1198 525
f 1911 321 322
f 1298 1205 2645
f 76 1504 75
f 1502 421 422
f 610 658 691
f 1146 659 938
f 2646 914 936
f 1280 1238 1279
f 975 2647 2648
f 2647 975 974
f 1453 1452 1451
f 1514 158 151
f 835 1843 1842
f 1271 1173 1289
f 2649 813 2650
f 1893 1826 1894
f 1050 1937 1051
f 2651 814 813
f 1006 1281 977
f 2653 2654 2655
f 1001 1003 1002
f 585 679 558
f 2624 621 620
f 555 2028 556
f 1207 1197 2629
f 1626 478 472
f 426 419 1567
f 1030 1773 1031
f 3898 634 3880
f 534 138 262
f 1125 1042 1041
f 333 88 227
f 569 561 730
f 1489 871 870
f 1857 620 891
f 1673 3770 3763
f 622 864 1308
f 2647 974 2657
f 619 891 620
f 261 545 262
f 393 1556 404
f 2658 2647 2657
f 1075 2657 917
f 1081 2658 1075
f 1080 2659 2658
f 2644 1141 2660
f 2660 1140 1336
f 642 1336 643
f 1193 2660 642
f 679 555 558
f 1503 1500 1502
f 1318 1101 1100
f 2661 1139 1142
f 2661 2663 2662
f 2662 2659 2661
f 2662 2622 2664
f 2664 911 2646
f 2648 2646 1146
f 2648 2662 2664
f 2083 2093 2081
f 1442 1437 1439
f 519 330 51
f 1885 1209 613
f 799 805 804
f 1946 1952 1953
f 1302 1253 1252
f 566 224 533
f 1389 928 1388
f 683 681 680
f 836 1842 2665
f 2665 1845 1303
f 2666 1303 1302
f 24 2665 2666
f 831 2650 832
f 1845 1304 1303
f 2010 2012 2011
f 1051 2667 2668
f 1522 1511 1523
f 531 441 522
f 782 1251 1250
f 1250 2625 2669
f 2669 1857 1856
f 783 1856 1037
f 782 2669 783
f 720 2671 721
f 1055 1930 1056
f 1333 1251 2251
f 619 1308 1307
f 652 2619 2634
f 521 1539 1540
f 1838 537 2672
f 2672 536 2641
f 1113 2641 1110
f 1113 1838 2672
f 1016 1351 1045
f 3897 570 3894
f 226 104 101
f 3564 3827 1818
f 1036 1884 1883
f 2674 1304 2673
f 2673 1844 2675
f 1334 2675 1039
f 1333 2673 1334
f 2676 1039 2675
f 1843 2675 1844
f 942 2676 1843
f 1074 702 2676
f 811 859 858
f 752 1055 753
f 1200 656 1026
f 1120 874 2677
f 2677 877 1052
f 1241 1052 1005
f 1119 2677 1241
f 1560 151 1515
f 1208 611 523
f 215 736 214
f 1460 1462 1461
f 1208 1839 873
f 854 1282 1297
f 72 182 179
f 544 1565 512
f 217 456 457
f 2047 930 945
f 1204 1937 2633
f 913 686 685
f 840 1113 1112
f 1531 730 561
f 2678 1283 801
f 601 1914 602
f 1537 459 460
f 1819 3509 3527
f 991 862 538
f 2679 1073 1830
f 2680 983 2256
f 779 2256 1263
f 778 2680 779
f 2678 1830 2680
f 180 245 40
f 1886 1131 1134
f 1138 1274 1255
f 1841 1140 1139
f 75 314 74
f 193 420 192
f 2681 1099 1098
f 170 1565 169
f 349 417 432
f 1121 2684 2683
f 547 409 302
f 123 121 120
f 2643 1142 1141
f 1542 513 1543
f 899 907 919
f 1210 676 867
f 791 982 892
f 24 837 836
f 893 932 931
f 1860 863 862
f 535 862 861
f 832 813 812
f 2650 813 832
f 1569 1547 1568
f 181 542 180
f 660 937 688
f 2013 568 2012
f 887 2631 2630
f 1524 361 78
f 520 162 1529
f 2653 854 2685
f 1238 2655 2686
f 718 527 530
f 1492 518 1491
f 792 615 793
f 599 1835 596
f 290 456 175
f 312 1552 425
f 1248 1179 1249
f 153 177 178
f 1240 1222 1221
f 1257 1235 1071
f 1291 1083 1222
f 1052 1277 1053
f 743 2618 1204
f 444 430 443
f 23 1172 1187
f 2687 1180 1179
f 102 409 134
f 1283 610 801
f 373 650 651
f 1180 1084 1291
f 855 2655 1237
f 1173 1917 1174
f 2689 853 2688
f 2688 1108 1279
f 2686 1279 1238
f 2687 2688 2686
f 2691 1252 2690
f 2690 850 2689
f 1248 2689 2687
f 1248 2691 2690
f 2692 24 2666
f 2691 2666 1302
f 1247 2692 2691
f 1258 617 2692
f 394 1555 393
f 2693 1259 1223
f 1072 1262 1261
f 1257 1168 1258
f 398 1555 1554
f 871 1314 872
f 1178 1249 1179
f 1224 1173 1172
f 1010 2618 742
f 1175 1292 1269
f 2654 2686 2655
f 2694 1216 1264
f 71 1487 70
f 701 1111 1038
f 1072 2649 2650
f 1085 22 21
f 895 1264 896
f 1601 1605 1604
f 1259 1271 1289
f 21 1220 1083
f 988 538 537
f 598 1336 1140
f 820 1762 821
f 1050 818 821
f 1298 1761 2652
f 1168 618 617
f 858 1256 833
f 39 516 1536
f 2652 819 814
f 313 315 314
f 2026 1971 2027
f 2656 596 1835
f 814 818 811
f 2696 813 2649
f 1260 2649 1261
f 2693 2696 1260
f 2697 2651 2696
f 381 390 380
f 3818 1611 1609
f 1475 1428 1227
f 1292 1917 1235
f 1551 354 1518
f 1526 1523 1511
f 1593 1595 1573
f 1232 1246 1249
f 2695 1223 22
f 2698 1296 2697
f 2698 2693 2695
f 2685 2695 1085
f 2685 1297 2698
f 562 271 272
f 2652 1296 1298
f 1365 1364 1363
f 1958 1953 1957
f 585 2210 997
f 1561 1515 435
f 975 1146 976
f 347 68 346
f 1038 636 1068
f 2700 780 2699
f 2699 1036 1883
f 2701 1883 1829
f 851 2699 2701
f 2674 2251 2702
f 2702 781 2700
f 1253 2700 851
f 1301 2702 1253
f 1519 388 1550
f 1273 1280 2703
f 2703 1107 852
f 2701 852 851
f 1829 2703 2701
f 91 326 90
f 1784 2656 1785
f 2683 2705 2704
f 1669 3548 1662
f 2062 2060 2059
f 621 861 622
f 2023 732 2024
f 686 1263 687
f 857 2668 1328
f 883 882 879
f 637 1111 1110
f 2668 893 1328
f 2667 894 2668
f 1039 1068 1334
f 313 1504 1505
f 1911 305 453
f 1936 1964 2212
f 2707 2401 2183
f 2708 2183 2182
f 738 2116 554
f 2349 2432 2436
f 2711 2020 2019
f 2400 2019 2186
f 2714 2716 2713
f 2717 2719 2720
f 2721 2723 2724
f 2726 2728 2725
f 2725 2730 2729
f 2731 2729 2709
f 2732 2725 2731
f 2734 2736 2733
f 2738 2740 2737
f 2737 2741 2742
f 2744 2746 2743
f 2745 2748 2747
f 2749 2747 2751
f 2753 2751 2752
f 2250 2246 2248
f 2754 1614 2755
f 3598 2755 3609
f 3608 2747 3609
f 1617 2755 1614
f 2242 1620 2757
f 2191 2760 2759
f 2761 2760 2762
f 3648 2761 3649
f 3623 2759 3648
f 3209 3223 3224
f 1395 2236 2235
f 1395 1636 1615
f 1616 2229 2233
f 1617 2763 2756
f 2756 3628 3608
f 2765 2234 1630
f 2766 3628 3622
f 3202 3246 3247
f 1516 435 1515
f 2768 3552 3553
f 1495 578 1424
f 2135 28 17
f 1690 3926 3925
f 2778 2780 2777
f 2777 2781 2782
f 2784 2777 2783
f 3555 575 576
f 1494 9 540
f 3529 2015 3566
f 451 505 450
f 2786 2788 2785
f 2779 2785 2780
f 2789 2741 2740
f 2790 2752 2789
f 2792 2794 2791
f 2793 2796 2794
f 2796 2750 2749
f 2794 2749 2753
f 2798 1396 2754
f 3591 2754 3598
f 2798 2800 1393
f 3591 2799 2798
f 2797 2795 2801
f 2791 2753 2790
f 216 232 54
f 3804 2807 3803
f 3805 2804 3803
f 2769 3557 3552
f 183 184 97
f 2811 2775 2776
f 2804 2776 2805
f 2809 2811 2804
f 2812 2813 2814
f 3805 2816 3795
f 3796 2815 3795
f 3798 2820 2821
f 3793 2819 3798
f 2824 2735 2819
f 2823 2824 2819
f 2825 2826 2724
f 3793 2827 3792
f 3796 2826 3792
f 2713 2829 2828
f 2828 2831 2830
f 2822 2828 2830
f 2821 2713 2828
f 2832 2822 2830
f 2833 2830 2831
f 2834 2832 2833
f 2835 2827 2832
f 2837 2839 2836
f 2836 2841 2840
f 2842 2840 2727
f 2843 2836 2842
f 2840 2845 2844
f 2718 2845 2719
f 2730 2844 2718
f 2727 2844 2728
f 2846 2719 2845
f 2846 2841 2847
f 2829 2847 2831
f 2829 2716 2846
f 2847 2839 2848
f 2848 2838 2849
f 2833 2849 2834
f 2831 2848 2833
f 2850 2851 2852
f 2853 2852 2854
f 2783 2782 2855
f 2785 2853 2856
f 2780 2856 2781
f 2857 2855 2782
f 2859 2782 2781
f 2861 2842 2860
f 2860 2727 2726
f 2862 2726 2732
f 2863 2860 2862
f 2861 2858 2857
f 2843 2857 2859
f 2856 2854 2864
f 2781 2864 2859
f 2837 2859 2864
f 2838 2864 2854
f 2852 2834 2849
f 2854 2849 2838
f 2865 2818 2835
f 2851 2835 2834
f 2813 2815 2865
f 2814 2865 2851
f 2866 2814 2850
f 2788 2850 2853
f 2866 2787 2867
f 2812 2867 2775
f 1892 1890 1891
f 2720 2846 2870
f 298 256 257
f 2872 2713 2820
f 3794 2735 2734
f 2729 2874 2873
f 2846 2715 2870
f 2876 2878 2875
f 2733 2878 2734
f 3806 2879 2880
f 3806 2872 3794
f 2882 2884 2881
f 2881 2715 2714
f 2880 2714 2872
f 2879 2881 2880
f 2885 2887 2888
f 2888 2890 2885
f 2885 2892 2891
f 2893 2885 2891
f 1942 2532 2894
f 2895 2720 2870
f 2884 2870 2715
f 2883 2895 2884
f 2896 2892 2895
f 2889 2717 2890
f 2890 2720 2892
f 2897 2891 2896
f 2898 2896 2883
f 2899 2883 2882
f 2900 2882 2879
f 3797 2879 3807
f 2876 2901 2877
f 2901 2904 2903
f 1785 1835 1834
f 2905 2899 2900
f 2907 2897 2898
f 3797 2903 3799
f 632 577 633
f 3532 2867 2787
f 434 550 350
f 2768 3640 3643
f 2910 1623 2249
f 2241 2758 2242
f 3640 2913 3652
f 1623 2757 1620
f 3587 2757 3652
f 2229 1380 2250
f 2765 1629 2914
f 2915 1629 2912
f 3642 2914 2915
f 3641 2765 2914
f 2919 3642 3613
f 2918 2912 2241
f 3614 2241 3586
f 3618 3613 3670
f 3541 2180 3496
f 3521 2188 3506
f 3705 714 3851
f 2925 2917 2924
f 2924 2916 2919
f 3610 2919 3618
f 3611 2924 3610
f 2926 2766 2925
f 3658 2925 3611
f 1715 1705 1710
f 785 498 796
f 1387 565 1791
f 374 1899 560
f 3573 2206 3556
f 2929 2886 2893
f 2932 2934 2931
f 1905 1908 1907
f 2930 2936 2937
f 2938 2930 2929
f 1493 517 518
f 1603 1586 1602
f 2939 2929 2908
f 2940 2908 2907
f 3665 1600 3661
f 2886 2937 2887
f 2906 2898 2899
f 2908 2893 2897
f 2942 2933 2941
f 2941 2937 2936
f 3501 2936 3513
f 3498 2941 3501
f 2943 2710 2873
f 2943 2874 2889
f 2945 2889 2888
f 2946 2943 2945
f 2932 2888 2887
f 2931 2945 2932
f 727 1929 728
f 2903 2947 2948
f 545 42 262
f 1480 533 251
f 2907 2949 2940
f 2906 2950 2949
f 1558 215 202
f 3799 2948 3801
f 2054 1644 2118
f 3705 2203 3573
f 1828 1849 1827
f 2953 2955 2952
f 2952 2957 2956
f 2956 2258 2952
f 2953 2258 2257
f 2454 2474 2496
f 3747 2959 3766
f 3747 2131 3737
f 2961 2963 2958
f 2958 2964 2959
f 222 2485 2965
f 2477 2966 2608
f 2631 2006 1859
f 2384 2496 2497
f 2967 2959 2964
f 2968 2970 2969
f 3759 2971 3784
f 3784 2960 3766
f 2972 2033 2032
f 2007 2973 2008
f 3560 2134 2133
f 1836 1832 1831
f 3506 2090 3551
f 955 959 956
f 672 674 673
f 633 713 632
f 2024 733 803
f 2025 803 798
f 425 1550 388
f 2975 888 887
f 1319 1157 2694
f 1212 2977 1213
f 889 2228 2227
f 1978 1975 1979
f 1138 1329 915
f 751 2979 2978
f 1619 1625 1624
f 2252 1728 1727
f 1157 845 1216
f 2706 1938 2617
f 2980 2254 2981
f 2982 887 2630
f 802 711 2679
f 678 2029 2028
f 527 690 528
f 1839 2629 1840
f 2983 602 1914
f 2983 1913 1331
f 2985 1331 1054
f 2986 2983 2985
f 2987 2635 2634
f 2985 2639 2986
f 2990 1318 2989
f 2991 2993 2994
f 2995 2994 2996
f 1106 2991 2995
f 1058 2992 2991
f 1415 1365 1367
f 1317 2217 2997
f 1932 2255 2980
f 926 2999 664
f 3001 2992 3000
f 3000 1057 2978
f 2999 2978 2979
f 2998 3000 2999
f 3002 2209 3003
f 3002 2996 2994
f 2993 3002 2994
f 3001 2998 3002
f 1103 2995 3004
f 3004 2996 3003
f 2209 3004 3003
f 588 3004 2210
f 295 433 381
f 2638 2988 3005
f 3005 1056 1930
f 1305 1930 1306
f 1276 3005 1305
f 1987 1993 1989
f 2633 1761 2645
f 1423 1417 1419
f 3561 739 703
f 2671 2704 2705
f 1473 2035 1472
f 922 2694 895
f 1401 1378 1384
f 556 1884 1037
f 842 3825 3836
f 1854 2617 1010
f 933 1081 1075
f 1440 1436 1437
f 529 719 530
f 1031 1027 1028
f 777 912 1871
f 2645 1204 2633
f 441 1538 1537
f 790 587 586
f 2065 1610 1607
f 1860 990 902
f 60 87 59
f 1424 1948 1947
f 332 1507 331
f 261 138 135
f 187 449 507
f 1719 1726 1725
f 1931 1059 3006
f 3006 1105 1104
f 1287 1104 587
f 1286 3006 1287
f 3007 3009 3010
f 3009 653 795
f 618 26 25
f 2029 1210 1209
f 957 600 2228
f 1049 2228 600
f 2631 3011 2561
f 890 2227 3011
f 3011 2145 3012
f 2561 3012 2375
f 1026 609 608
f 2706 1961 1964
f 3013 2485 3014
f 2148 1267 3015
f 3015 1266 1311
f 2997 1101 1317
f 642 1773 1193
f 186 461 511
f 1041 1320 901
f 1121 3017 1122
f 2984 2987 3018
f 3018 2634 2619
f 1048 3018 2619
f 603 2984 3018
f 2679 801 802
f 2062 2074 2061
f 2061 2076 2064
f 414 1545 1965
f 3016 2683 3019
f 3019 2704 2670
f 3020 2670 720
f 3007 3019 3020
f 1871 1091 777
f 3021 1122 3017
f 3022 3017 3010
f 1314 3022 1315
f 1784 3021 1314
f 1316 1763 611
f 3023 3010 3009
f 3023 795 1092
f 1763 1092 1125
f 1315 3023 1763
f 3016 3010 3017
f 752 2978 1057
f 2986 2637 2987
f 3024 653 3008
f 3020 3008 3007
f 720 3024 3020
f 723 654 3024
f 2681 1268 3025
f 2671 1268 721
f 2705 3025 2671
f 1313 3027 1311
f 3026 3029 3027
f 3027 3030 3031
f 1311 3031 3015
f 2012 731 2023
f 917 974 977
f 743 856 744
f 1888 2030 1425
f 2682 2684 3032
f 3032 1124 2989
f 1100 2989 1318
f 1099 3032 1100
f 1123 2989 1124
f 3033 1159 1158
f 2990 1158 1319
f 1123 3033 2990
f 1786 1834 3033
f 1054 2988 2985
f 2979 664 2999
f 2623 2663 2643
f 1095 688 687
f 3034 2261 2956
f 3036 2956 2957
f 3037 3034 3036
f 3038 3035 3034
f 3040 3026 1313
f 2263 3041 3040
f 3042 3043 3041
f 3041 3028 3026
f 3044 3043 3039
f 3046 3045 3044
f 3047 3049 3045
f 3043 3049 3028
f 3038 3051 3050
f 3050 3053 3052
f 3052 3044 3050
f 3039 3050 3044
f 3054 3039 3042
f 3042 2262 3054
f 2261 3054 2262
f 2216 2997 2217
f 2212 2667 1936
f 3056 2209 3055
f 934 1961 1854
f 2013 3757 567
f 3058 3060 3061
f 3059 3063 3060
f 3060 2213 1963
f 3061 1963 1962
f 3063 2214 2213
f 3062 3064 3063
f 3065 2260 3064
f 3064 2215 2214
f 3066 3031 3030
f 2608 3067 3066
f 2966 3068 3067
f 3031 3068 3015
f 2455 2461 2474
f 2476 2226 2477
f 3551 2089 3525
f 433 355 381
f 2115 1419 2123
f 3509 2922 3527
f 3769 2131 2134
f 3069 2167 2166
f 2971 2928 2960
f 2961 2773 2962
f 3070 2478 2483
f 2610 3071 2954
f 2502 2374 2386
f 3072 2595 3073
f 2964 3052 2967
f 3048 3074 3049
f 2593 3075 3074
f 3075 3029 3074
f 3074 3028 3049
f 3072 3075 2592
f 3076 2482 2481
f 2481 3066 3076
f 3076 3030 3075
f 2967 3053 2970
f 2482 3073 2483
f 479 493 494
f 706 3873 709
f 3561 2221 3517
f 2013 3754 3755
f 3533 2016 3529
f 3562 2222 2974
f 1171 1155 1176
f 2586 2565 2587
f 2982 113 2484
f 2562 3077 3068
f 2376 3012 3077
f 3012 2148 3077
f 3077 3015 3068
f 2963 3046 2964
f 3051 2970 3053
f 1683 491 775
f 3850 1447 3860
f 1986 3734 3768
f 3079 2546 2575
f 3081 2575 2576
f 1983 3768 3765
f 3082 2319 2545
f 3080 2545 2546
f 3734 3082 3080
f 3732 2323 3082
f 1309 1888 748
f 3073 2772 2771
f 2760 3084 2762
f 2760 2088 3083
f 3085 3086 3087
f 3089 3090 3088
f 3089 3084 3085
f 3092 3090 3091
f 3093 2744 2743
f 2751 2748 3093
f 3093 2752 2751
f 2742 3093 3094
f 3094 2743 3095
f 3096 3098 3087
f 3099 3087 3086
f 3097 3095 3098
f 3100 2746 3101
f 3101 3102 3100
f 2764 2927 3101
f 2745 3101 2746
f 3102 3091 3100
f 3100 3095 2743
f 2869 3592 3634
f 3102 3104 3092
f 3658 2869 3634
f 2927 3103 3102
f 3098 3091 3090
f 3087 3090 3085
f 2088 3105 3083
f 3083 3086 3084
f 2483 2771 3070
f 2401 2185 2321
f 3099 3105 3106
f 2125 3106 3105
f 3108 2742 3107
f 3107 3094 3097
f 3110 3107 3109
f 3109 3097 3096
f 3111 3096 3099
f 3112 3109 3111
f 3113 2737 3108
f 3115 2722 3114
f 3117 3114 3116
f 3119 3116 3118
f 3118 3120 3121
f 3116 3113 3120
f 3122 3111 3123
f 3122 1755 1754
f 3124 3126 3127
f 3125 3121 3126
f 3128 3118 3125
f 3129 3125 3124
f 2020 3128 3129
f 3853 1346 1352
f 1065 1047 1066
f 1814 3830 1649
f 2021 3129 3130
f 3111 3106 3123
f 3123 2207 1755
f 2377 2224 2973
f 3014 113 112
f 1756 3782 3767
f 3131 2530 2528
f 3133 2528 2529
f 1753 3767 3775
f 3134 3127 3135
f 2327 2314 2313
f 2436 2317 2349
f 2018 3711 3712
f 2534 3137 2535
f 2320 3136 2534
f 2185 3712 3771
f 3138 2542 2539
f 3134 3744 3745
f 3785 3134 3745
f 3140 2539 2538
f 2535 3140 2538
f 3711 3130 3785
f 2558 3132 3141
f 3782 3141 3132
f 2560 3141 3142
f 3760 3142 3141
f 958 2976 2981
f 1933 2980 3143
f 2399 2418 2416
f 2348 2343 2432
f 2322 2319 2323
f 2718 2874 2730
f 2709 2873 2710
f 2894 1361 1942
f 346 176 347
f 1876 1882 1881
f 2802 3607 3592
f 3104 3088 3092
f 2974 3649 3603
f 3089 2761 2762
f 3088 3145 3089
f 2803 3603 3607
f 3870 692 628
f 2123 1418 2126
f 1365 1368 1367
f 1581 1782 1783
f 3569 2129 3520
f 3555 2002 3521
f 3146 2551 3147
f 3751 3147 3750
f 3742 3146 3751
f 3149 2585 3146
f 3196 3197 3195
f 3604 2191 3623
f 3142 2556 2560
f 3777 3150 3142
f 3646 2550 3593
f 3150 2555 2556
f 3778 3151 3150
f 3788 3152 3646
f 3153 2551 2549
f 3152 2549 2550
f 3781 3153 3152
f 3776 3147 3153
f 3148 2206 2205
f 2183 2321 2184
f 2132 2928 2133
f 3684 2204 2203
f 3719 2197 3721
f 2594 2773 2951
f 2595 2951 2772
f 1870 799 1869
f 3713 2178 3706
f 3706 3736 3790
f 336 3774 3722
f 339 3154 336
f 3789 3149 3742
f 3683 2584 3149
f 2963 3048 3047
f 3722 337 336
f 339 2566 2586
f 3156 2168 2167
f 2610 2167 2611
f 2954 3156 2610
f 3157 2953 2257
f 3707 2169 3709
f 2567 3159 2568
f 337 2567 338
f 3730 2166 3707
f 3764 1983 3765
f 2579 3081 2576
f 2568 3160 2579
f 3709 2190 3764
f 3065 3162 3161
f 3161 1984 2189
f 3157 2189 2168
f 2257 3161 3157
f 734 1922 806
f 3059 2708 3163
f 3163 2182 1985
f 3162 1985 1984
f 3062 3163 3162
f 3203 3205 3204
f 2122 1448 1447
f 3817 1685 3812
f 139 444 69
f 1570 566 533
f 2957 3165 3036
f 2955 3164 2957
f 1912 341 1973
f 3130 3124 3134
f 1548 319 1547
f 1949 1327 1887
f 2969 3078 3167
f 3167 3169 3168
f 3724 2017 3720
f 3720 2033 3759
f 3168 3165 3170
f 3170 3164 3171
f 3779 3171 3756
f 3724 3170 3779
f 3171 3166 3172
f 3172 3071 3173
f 3752 3173 3749
f 3756 3172 3752
f 3169 3036 3165
f 2593 2962 2594
f 3173 2609 3174
f 3174 2199 2198
f 3783 2198 3719
f 3749 3174 3783
f 2190 1984 1983
f 2196 2767 3148
f 2119 1414 1448
f 1464 1466 1465
f 2199 3069 2200
f 2457 2587 2565
f 2226 2562 2966
f 481 1627 1639
f 333 235 236
f 3078 3037 3169
f 3040 2997 2263
f 2219 1933 2220
f 2385 2497 2503
f 221 3175 2484
f 2220 3143 3175
f 3175 2976 2975
f 2484 2975 2982
f 2954 3166 2955
f 2630 110 2982
f 1547 1952 1955
f 2091 2188 2187
f 3733 2178 2177
f 1918 1927 1926
f 955 960 954
f 3143 2981 2976
f 2218 2214 2215
f 672 3787 3541
f 2152 3014 2037
f 1147 1143 1145
f 2248 1409 2245
f 1615 1635 1616
f 1410 2246 2247
f 3241 3242 3240
f 3177 1383 1382
f 2238 3176 1382
f 3176 2230 3178
f 1410 3179 1407
f 3179 2243 1407
f 1633 2800 2249
f 1621 2758 2912
f 1622 2245 1634
f 2236 3181 3182
f 2237 3182 3183
f 2250 2233 2229
f 2912 1628 1621
f 135 1564 1563
f 1567 512 1565
f 1085 2653 2685
f 3184 868 3056
f 869 3057 934
f 1266 1098 1312
f 1267 722 721
f 937 2646 936
f 2146 722 2147
f 2211 921 2667
f 1957 507 449
f 1313 2264 3040
f 1496 1493 1492
f 2681 2705 2682
f 2887 2933 2932
f 1687 1659 1694
f 145 1498 81
f 1317 1319 2694
f 37 418 71
f 1935 3185 2977
f 104 301 103
f 2101 2083 2084
f 543 360 207
f 1934 3186 3185
f 234 212 237
f 3845 1822 1824
f 1976 1874 1974
f 223 2219 220
f 3655 3605 3612
f 468 773 2165
f 1935 1728 1932
f 3240 3226 3235
f 3261 3250 3260
f 3215 3244 3264
f 3265 3215 3264
f 3267 3198 3196
f 3205 3269 3255
f 3214 3265 3270
f 3271 3214 3192
f 3251 3239 3236
f 3222 3266 3272
f 3232 3234 3233
f 3216 3243 3244
f 3196 3268 3267
f 3244 3254 3255
f 3238 3247 3246
f 3264 3255 3269
f 3253 3216 3217
f 3211 3221 3265
f 3257 3218 3256
f 3258 3272 3259
f 3274 3280 3273
f 3228 3262 3263
f 3275 3281 3280
f 3226 3273 3280
f 3236 3260 3251
f 3281 3236 3237
f 3287 3192 3189
f 3235 3280 3234
f 3234 3281 3237
f 3288 3259 3272
f 3289 3278 3284
f 3210 3224 3283
f 3199 3201 3200
f 3228 3230 3229
f 3290 3285 3286
f 3282 3271 3287
f 3260 3262 3261
f 3243 3268 3254
f 3267 3241 3232
f 3194 3208 3193
f 3191 3269 3206
f 3270 3192 3214
f 3275 3230 3231
f 3264 3270 3265
f 3213 3279 3277
f 3272 3289 3288
f 3277 3212 3213
f 3228 3281 3231
f 3220 3253 3219
f 3219 3217 3257
f 3256 3222 3258
f 3247 3252 3248
f 3245 3232 3233
f 3266 3212 3289
f 3208 3255 3254
f 3288 3284 3285
f 3204 3208 3207
f 560 3187 559
f 3209 3201 3202
f 3189 3191 3190
f 448 807 447
f 647 122 270
f 1833 1780 1832
f 510 508 507
f 3210 1887 3201
f 1887 3200 3201
f 15 3197 3200
f 16 3195 3197
f 3195 3187 3194
f 3194 1899 3207
f 3207 375 3204
f 387 126 127
f 3189 1760 3287
f 3577 757 758
f 763 2172 2175
f 3583 3580 3581
f 3581 3579 3578
f 3594 3596 3595
f 3400 3602 3401
f 3626 3625 3627
f 3631 3599 3601
f 3636 3595 3596
f 3647 3588 3645
f 3650 3584 3647
f 3653 3580 3651
f 3653 3654 3579
f 1801 3656 3655
f 3651 3582 3650
f 3644 3595 3637
f 1767 3659 3660
f 1597 3661 1600
f 1708 3665 3664
f 3671 3667 3666
f 3666 3673 3672
f 1588 3664 1587
f 2080 3666 2082
f 2082 3672 2084
f 3674 3635 3631
f 3677 3636 3635
f 3682 3645 3681
f 3692 3650 3686
f 3681 3644 3680
f 786 3692 785
f 3694 3651 3692
f 785 3686 497
f 497 3682 650
f 650 3681 564
f 3696 3681 3680
f 3405 3605 3402
f 3702 3678 3677
f 3699 3679 3678
f 3645 3638 3644
f 1799 3659 1768
f 3708 3458 3460
f 3462 3708 3460
f 3714 564 3696
f 3615 3602 3600
f 3710 3696 3698
f 3635 3596 3599
f 3629 3627 3630
f 3597 3599 3596
f 3630 3715 3629
f 3627 3597 3594
f 3717 3723 3718
f 3715 3660 3629
f 3716 3725 3715
f 3668 3661 3725
f 3668 3717 3667
f 3667 3718 3673
f 3727 3673 3718
f 3728 3672 3673
f 3726 3718 3723
f 1576 2084 3672
f 3727 3731 3729
f 3203 1387 3190
f 3190 1791 3189
f 3283 1949 3210
f 317 259 391
f 2000 3653 3694
f 3601 3600 3602
f 3589 3584 3585
f 3577 756 2170
f 3585 3582 3583
f 3678 3637 3636
f 3204 376 3203
f 1801 3657 1799
f 3729 3728 3727
f 1575 3738 1088
f 3735 1576 3728
f 1776 1796 1775
f 1293 1290 1284
f 1326 1327 12
f 1294 1234 1290
f 878 1330 1337
f 497 374 498
f 122 413 121
f 3699 3704 3708
f 3606 3401 3602
f 3708 3698 3699
f 3464 3710 3462
f 3704 3443 3458
f 439 399 438
f 1512 1526 1511
f 1668 1738 1671
f 839 1362 838
f 1362 826 1012
f 3843 1896 3815
f 2053 2118 2117
f 3888 2120 2119
f 696 3816 3831
f 1826 639 640
f 3740 3729 3731
f 956 886 960
f 1980 1922 807
f 33 105 164
f 1343 3856 3857
f 3907 2128 3902
f 1766 1582 1594
f 14 2163 738
f 595 99 594
f 3233 3246 3245
f 1346 1044 1352
f 748 1425 747
f 3193 3254 3268
f 3190 3206 3203
f 3612 3606 3615
f 3624 3615 3625
f 3631 3443 3674
f 3679 3644 3637
f 3686 3647 3682
f 3702 3674 3704
f 3625 3600 3597
f 3601 3415 3631
f 3739 3735 3729
f 3630 3594 3741
f 3741 3716 3630
f 1284 1288 1285
f 3698 3680 3679
f 1778 1780 1779
f 1792 1584 1789
f 695 571 694
f 3638 3594 3595
f 3741 3588 3589
f 3247 3209 3202
f 3292 3294 3295
f 3296 3298 3299
f 3299 3300 3301
f 3302 3304 3305
f 3306 3308 3309
f 3307 3311 3308
f 3303 3301 3300
f 3312 3304 3313
f 3314 3316 3317
f 3318 3320 3321
f 3324 3321 3325
f 3326 3328 3323
f 3329 3331 3332
f 3333 3335 3336
f 3337 3339 3340
f 3333 3341 3342
f 3342 3343 3344
f 3319 3344 3343
f 3338 3334 3339
f 3346 3302 3347
f 3305 3347 3302
f 3350 3340 3351
f 3312 3348 3305
f 3352 3341 3326
f 3311 3354 3308
f 3341 3327 3326
f 3359 3361 3362
f 3318 3345 3319
f 3364 3318 3324
f 3314 3324 3365
f 3366 3301 3346
f 3299 3367 3296
f 3308 3368 3309
f 3369 3295 3294
f 3317 3364 3314
f 3370 3317 3316
f 3325 3365 3324
f 3352 3319 3343
f 3296 3353 3311
f 3297 3311 3310
f 3363 3354 3345
f 3345 3353 3344
f 3344 3367 3342
f 3366 3342 3367
f 3347 3334 3346
f 3339 3348 3340
f 3348 3351 3340
f 3363 3369 3368
f 3294 3368 3369
f 3293 3309 3294
f 3331 3374 3332
f 3346 3333 3366
f 3323 3352 3326
f 3356 3321 3320
f 3355 3325 3321
f 3357 3371 3325
f 3322 3320 3352
f 3361 3329 3362
f 3373 3375 3374
f 3374 3376 3332
f 3329 3376 3362
f 3327 3372 3328
f 3336 3375 3327
f 3335 3376 3375
f 3376 3337 3362
f 3337 3359 3362
f 3377 3295 3370
f 3277 3315 3278
f 3371 3379 3365
f 3378 3358 3380
f 3365 3315 3314
f 3316 3279 3370
f 3282 3370 3279
f 3378 3284 3379
f 3380 3285 3378
f 3379 3278 3315
f 3276 3351 3291
f 3313 2965 3013
f 2965 3303 222
f 222 3300 223
f 223 3298 3186
f 3298 3185 3186
f 3297 2977 3185
f 3310 1213 2977
f 3307 1214 1213
f 2532 3306 3293
f 2894 3293 3292
f 2871 3292 3377
f 3253 3240 3242
f 1997 1889 1892
f 1237 744 855
f 1535 120 121
f 1531 201 214
f 1119 1032 984
f 946 824 947
f 163 5 162
f 3589 3723 3741
f 1155 1162 1164
f 427 327 424
f 553 796 498
f 3381 2231 2237
f 3381 2230 2232
f 2237 3180 3381
f 3383 3385 3382
f 3384 3387 3385
f 3386 3389 3387
f 3388 3391 3389
f 3392 3394 3395
f 3395 3396 3397
f 3398 3397 3396
f 3400 3399 3398
f 3403 3405 3402
f 3406 3404 3403
f 3408 3407 3406
f 3410 3409 3408
f 3412 3411 3410
f 3415 3398 3414
f 3414 3396 3416
f 3416 3394 3417
f 3417 3393 3418
f 3393 3420 3418
f 3419 3421 3420
f 3390 3422 3421
f 3388 3423 3422
f 3386 3424 3423
f 3384 3425 3424
f 3425 3426 3184
f 2904 3428 2947
f 3429 2904 2902
f 3430 2902 2876
f 2875 3430 2876
f 3432 2733 2736
f 2825 3435 2824
f 3437 3439 3436
f 3441 3436 3440
f 2724 3434 2825
f 3436 3115 3117
f 3440 3117 3119
f 3443 3414 3442
f 3442 3416 3444
f 3444 3417 3445
f 3445 3418 3446
f 3446 3420 3447
f 3420 3448 3447
f 3421 3449 3448
f 3422 3450 3449
f 3423 3451 3450
f 3424 3452 3451
f 3425 3056 3452
f 3451 2253 2252
f 3450 2252 1727
f 3449 1727 2150
f 3448 2150 1941
f 3453 3448 1941
f 3454 3447 3453
f 3455 3446 3454
f 3456 3445 3455
f 3442 3456 3457
f 3443 3457 3458
f 3459 3458 3457
f 3457 3455 3459
f 3459 3454 3461
f 3462 3459 3461
f 3461 3453 3463
f 3464 3461 3463
f 3463 1941 1360
f 3404 3401 3405
f 3407 3399 3404
f 3409 3397 3407
f 3411 3395 3409
f 3465 3413 3412
f 3467 3469 3466
f 3465 3431 3433
f 3470 3466 3465
f 3438 3432 3435
f 3467 3438 3437
f 3468 3437 3441
f 3471 3468 3472
f 3472 3441 3473
f 3473 3440 2712
f 2712 3119 3128
f 3475 3472 3474
f 3474 3473 3476
f 3476 2712 2711
f 3477 2711 2400
f 3478 3476 3477
f 3479 3474 3478
f 3392 3413 3480
f 3466 3480 3413
f 3419 3392 3480
f 3390 3480 3391
f 3469 3391 3480
f 3389 3471 3475
f 3387 3475 3479
f 3385 3479 3481
f 3482 2400 2402
f 3483 3477 3482
f 3481 3478 3483
f 3484 2402 2707
f 3058 2707 2708
f 3061 3484 3058
f 3485 3482 3484
f 3382 3481 3486
f 3486 3483 3485
f 3426 3382 3487
f 3487 3486 1962
f 3486 3061 1962
f 1961 3487 1962
f 3057 3426 3487
f 3428 3402 3488
f 3427 3403 3428
f 3429 3406 3427
f 3430 3408 3429
f 3431 3410 3430
f 3470 3433 3432
f 3434 3438 3435
f 2723 3439 3434
f 2875 3433 3431
f 2736 3435 3432
f 2947 3488 3500
f 3464 1360 3497
f 1900 1924 1901
f 1736 1718 1750
f 1955 1943 1956
f 1671 1735 1751
f 1696 1698 1692
f 1800 1864 1801
f 2063 2056 2060
f 1737 1717 1736
f 1751 1697 1695
f 943 3899 684
f 3656 3402 3605
f 1577 1764 1703
f 3917 1599 3923
f 1945 82 1944
f 68 7 248
f 147 1543 148
f 1109 1133 1102
f 1503 1907 1908
f 1499 1909 1498
f 452 735 215
f 1824 3835 3845
f 1825 2068 1824
f 1463 1022 1194
f 841 1009 1011
f 1568 1955 1534
f 1926 1927 1923
f 1910 1502 1939
f 1939 422 442
f 309 1940 308
f 1804 1866 1803
f 269 1954 56
f 2065 2060 2056
f 3812 1758 3835
f 280 552 1940
f 1875 1869 1874
f 1739 1734 1737
f 1778 1790 1788
f 310 1915 279
f 1909 1906 1954
f 1789 1778 1788
f 978 980 979
f 1584 1731 1583
f 425 311 312
f 148 115 116
f 2044 3894 2046
f 277 1939 551
f 1943 1945 1944
f 1461 1463 1464
f 2253 3056 3055
f 2981 3489 958
f 2209 3489 3055
f 2254 3055 3489
f 2998 958 3489
f 2826 2721 2724
f 3490 2721 2817
f 2816 3490 2817
f 2334 2296 2335
f 2298 2334 2336
f 2301 2336 2338
f 2311 2338 2354
f 2312 2354 2355
f 2359 2361 2360
f 2335 2359 2360
f 2414 2365 2364
f 2413 2361 2365
f 2355 2540 2541
f 2541 2539 2542
f 2722 2739 2738
f 3114 2738 3113
f 3110 3121 3120
f 3108 3120 3113
f 3122 3127 3126
f 3112 3126 3121
f 3127 1753 3135
f 3139 2529 2542
f 3744 3133 3139
f 3490 2740 2739
f 3491 2789 3490
f 228 91 88
f 245 243 242
f 248 247 191
f 2 296 295
f 145 300 267
f 327 210 328
f 329 331 330
f 250 228 236
f 239 240 230
f 373 375 374
f 178 176 175
f 1218 1228 1321
f 3862 1295 3854
f 808 824 823
f 3858 1013 1014
f 3813 1411 1413
f 2154 2159 2160
f 3845 1758 1757
f 306 1922 452
f 2157 1976 1977
f 708 2031 1474
f 1450 1227 1428
f 1672 1605 1624
f 1813 1821 1816
f 1717 1715 1718
f 176 402 347
f 1710 3916 3915
f 1712 1577 1711
f 1705 1711 1704
f 971 979 970
f 822 1094 1102
f 2909 2793 2792
f 2810 2795 2793
f 2799 2249 2800
f 3662 2910 2799
f 2769 2801 2795
f 3177 3178 3179
f 3178 3180 3179
f 3181 1393 2800
f 3181 1632 3182
f 3182 2244 3183
f 3183 2243 3180
f 3492 2790 3491
f 2808 3491 2816
f 2239 3572 2240
f 2202 3566 2015
f 2921 3565 2923
f 3568 2133 2928
f 1777 1759 1792
f 1201 1183 1184
f 3561 2195 2194
f 3553 2770 2768
f 3927 1687 1692
f 1516 154 503
f 3549 2974 2803
f 3550 2779 2778
f 3547 2775 2867
f 1376 1370 1372
f 2767 3556 2206
f 2195 3543 2767
f 2775 3542 2776
f 3377 3545 2871
f 3804 3539 2806
f 2776 3538 2805
f 2240 3535 2920
f 2920 3669 3619
f 3548 2786 2779
f 1805 1851 1804
f 3534 2787 2786
f 1957 320 510
f 306 304 303
f 2770 3528 2913
f 2913 3574 2239
f 2923 3527 2922
f 308 431 47
f 207 132 543
f 1879 1881 1880
f 3733 3525 2089
f 2476 3524 3523
f 3522 2803 2802
f 1959 450 505
f 2003 3520 2129
f 9 334 540
f 3877 673 3879
f 3515 2778 2784
f 2935 3513 2936
f 3510 2935 2938
f 683 3885 943
f 3508 2810 2909
f 736 732 729
f 1795 1803 1796
f 3505 2938 2939
f 3507 2939 2940
f 2950 3504 2949
f 2940 3504 3507
f 3801 3512 2950
f 2868 3502 2869
f 2869 3522 2802
f 1024 1023 1020
f 3500 2948 2947
f 551 442 443
f 2972 3568 2928
f 2032 3499 2972
f 216 1924 1923
f 203 201 200
f 1828 1847 1837
f 1958 449 450
f 272 178 175
f 2871 3495 1361
f 3619 3564 2921
f 2801 3643 3662
f 2005 3654 2176
f 960 899 962
f 3657 3612 3624
f 3780 3646 3151
f 3151 3593 2555
f 2193 3623 2194
f 3607 3145 3144
f 3603 2761 3145
f 3592 3144 3104
f 2926 3634 3103
f 3634 3104 3103
f 3755 3746 3753
f 566 3758 2005
f 3488 1864 3500
f 1602 2079 2078
f 2868 3611 2922
f 2922 3610 2923
f 2923 3618 2921
f 3670 2918 3614
f 3619 3614 2920
f 2921 3670 3619
f 2920 3586 2240
f 3613 2915 2918
f 2917 3622 3641
f 2916 3641 3642
f 2239 3652 2913
f 2911 3652 2757
f 3643 2911 2910
f 2797 3662 3591
f 2797 3598 2750
f 3622 2763 2765
f 3608 2764 2745
f 2194 3648 2221
f 2221 3649 2222
f 2756 3609 2755
f 2750 3609 2747
f 3669 1817 3827
f 3763 1691 1699
f 2515 3590 2548
f 2548 3593 2550
f 2513 3632 3616
f 2513 3621 2515
f 2509 3620 2289
f 2510 3633 2509
f 2289 3639 2283
f 2283 3617 2286
f 2240 3587 2239
f 3659 3624 3626
f 716 3887 3888
f 727 3761 1923
f 2165 2170 2164
f 3660 3626 3629
f 3743 3578 3757
f 2175 769 770
f 2100 2095 2099
f 3758 3757 3578
f 1653 3553 1651
f 746 3537 741
f 1653 3528 3576
f 3762 1604 1672
f 2093 2073 2078
f 959 995 884
f 962 919 986
f 1400 1398 1399
f 1000 1127 1004
f 956 884 885
f 1662 3550 1661
f 3926 3539 3802
f 3535 766 1817
f 3572 765 766
f 334 3571 335
f 1868 3540 1656
f 1684 1652 1678
f 1682 775 1807
f 1585 3762 1700
f 3763 1672 1673
f 2173 490 491
f 1658 3547 1752
f 3556 1650 724
f 1571 2010 1572
f 1587 3671 2080
f 2099 2077 2094
f 787 1999 786
f 2000 786 1999
f 3155 3697 3683
f 3713 3683 3789
f 2180 3685 3684
f 3496 3684 3705
f 1684 3840 1651
f 1760 3495 3545
f 2607 3693 2590
f 2581 3689 2607
f 2371 3700 3695
f 2371 3693 2372
f 2587 3675 2586
f 2586 3697 339
f 2497 3687 2503
f 2502 3687 3700
f 2494 3690 2495
f 3690 2472 2495
f 3688 2468 2472
f 3701 2469 2468
f 726 3892 630
f 1837 3510 1849
f 1299 3558 2034
f 1851 3504 1866
f 3527 1820 1819
f 580 3536 1895
f 1758 3522 3502
f 1693 3508 1806
f 3504 1867 1866
f 2126 3813 3841
f 3906 3841 3912
f 2113 3867 2110
f 2179 3789 3685
f 624 3904 623
f 2192 3788 3780
f 2177 3787 3733
f 1364 3833 1338
f 3858 1470 1453
f 3135 3775 3744
f 2069 3835 2068
f 1351 3853 1352
f 2108 3901 499
f 2089 3736 3733
f 3828 1358 866
f 2001 3783 2187
f 2187 3719 2091
f 2130 3752 2004
f 2004 3749 2001
f 2014 3779 2201
f 2201 3756 2130
f 3167 3759 2969
f 3168 3720 3167
f 3159 3764 3160
f 3160 3765 3081
f 3730 3158 337
f 3158 3709 3159
f 2200 3730 3722
f 3685 3742 2204
f 3722 2197 2200
f 3790 2092 3721
f 3774 3721 2197
f 3154 3790 3774
f 3155 3706 3154
f 2091 3721 2092
f 2196 3750 3776
f 2193 3776 3781
f 3604 3781 3788
f 2086 3780 3778
f 2087 3778 3777
f 2204 3751 2205
f 2205 3750 3148
f 3909 574 692
f 2124 3777 3760
f 2208 3760 3782
f 3711 3140 3137
f 3785 3138 3140
f 3745 3139 3138
f 3771 3136 2322
f 3712 3137 3136
f 3775 3131 3133
f 3767 3132 3131
f 1813 3838 1814
f 1293 3856 1344
f 2184 3748 3732
f 2181 3732 3734
f 3765 3079 3081
f 3768 3080 3079
f 709 3875 2031
f 2774 3737 3769
f 3809 766 765
f 2968 3766 2959
f 2969 3784 2968
f 2958 3737 2961
f 2132 3766 2960
f 2321 3771 3748
f 3860 1449 28
f 3905 582 710
f 3886 577 574
f 3847 1818 3827
f 705 3887 2121
f 3816 3907 698
f 2111 3911 2113
f 3810 1366 1411
f 1812 3822 1815
f 675 3852 674
f 3496 3851 675
f 2110 3868 2109
f 2104 3901 2106
f 2109 3899 944
f 3842 703 739
f 1680 3846 1684
f 1639 3819 3818
f 623 3906 697
f 2139 3866 3865
f 1808 3844 3837
f 3820 1819 1820
f 3872 3900 706
f 1646 3830 1648
f 3889 633 577
f 2139 3875 18
f 2156 3871 3874
f 674 3913 3869
f 2117 3812 2069
f 1815 3847 3823
f 3855 1444 1470
f 697 3912 3816
f 866 3836 3828
f 3864 2136 2135
f 3585 3726 3589
f 3583 3731 3585
f 3753 3738 3739
f 3740 3581 3743
f 1088 3746 1093
f 3739 3743 3753
f 2791 3493 2792
f 3492 2807 3493
f 2792 3494 2909
f 3493 2806 3494
f 3508 3494 3516
f 3516 2806 3539
f 2948 3791 3801
f 2105 3896 2104
f 3538 3804 2805
f 680 3876 683
f 1891 3910 3891
f 2905 3801 2950
f 2900 3799 2905
f 2901 3807 2877
f 2734 3806 3794
f 2877 3806 2878
f 2820 3794 2872
f 2818 3792 2827
f 2823 3792 2826
f 2822 3798 2821
f 2819 3800 3798
f 2817 3795 2816
f 2809 3795 2815
f 2808 3803 2807
f 2805 3803 2804
f 1702 3923 1599
f 3922 1797 1802
f 3915 1706 1709
f 3918 1692 1698
f 1657 3880 1879
f 1890 3895 3910
f 3772 1674 1675
f 1689 3772 3773
f 3926 3538 1688
f 3516 1689 3773
f 3917 1703 1764
f 1598 3928 1770
f 3880 1876 1879
f 1691 3925 3927
f 3925 1688 1687
f 1117 1118 3930
f 1066 1322 3930
f 1243 847 3930
f 3825 848 3930
f 1128 1117 3930
f 1129 1130 3930
f 841 1011 3930
f 1230 3863 3930
f 1242 1243 3930
f 1322 1229 3930
f 1064 1065 3930
f 1003 1128 3930
f 1229 1230 3930
f 3863 1285 3930
f 1285 1288 3930
f 848 839 3930
f 847 3825 3930
f 1118 1129 3930
f 1065 1066 3930
f 1087 1086 3930
f 1008 1002 3930
f 1011 1008 3930
f 1002 1003 3930
f 1076 1069 3930
f 838 841 3930
f 839 838 3930
f 1288 1242 3930
f 1130 1087 3930
f 1086 1076 3930
f 1069 1064 3930
f 2410 2414 3931
f 2411 2410 3931
f 3617 2285 3931
f 2394 2393 3931
f 2393 2396 3931
f 2281 2286 3931
f 2282 2280 3931
f 2398 2399 3931
f 2465 2464 3931
f 2396 2397 3931
f 2470 2469 3931
f 2399 2416 3931
f 2480 2395 3931
f 2459 2480 3931
f 2369 2282 3931
f 2460 2459 3931
f 2415 2411 3931
f 2416 2415 3931
f 2364 2363 3931
f 2286 3617 3931
f 2464 2470 3931
f 2469 3703 3931
f 2285 2465 3931
f 2414 2364 3931
f 2395 2394 3931
f 2363 2367 3931
f 2397 2398 3931
f 2280 2281 3931
f 3703 2460 3931
f 2367 2369 3931
f 3934 3937 3938
f 3934 3939 3935
f 3932 3937 3933
f 3938 3943 3939
f 3937 3940 3941
f 3937 3942 3938
f 3942 3947 3943
f 3941 3944 3945
f 3942 3945 3946
f 3947 3950 3951
f 3944 3949 3945
f 3945 3950 3946
f 3950 3955 3951
f 3949 3952 3953
f 3950 3953 3954
f 3955 3958 3959
f 3953 3956 3957
f 3953 3958 3954
f 3959 3962 3963
f 3957 3960 3961
f 3958 3961 3962
f 3962 3967 3963
f 3960 3965 3961
f 3961 3966 3962
f 3966 3971 3967
f 3965 3968 3969
f 3966 3969 3970
f 3970 3975 3971
f 3968 3973 3969
f 3969 3974 3970
f 3974 3979 3975
f 3973 3976 3977
f 3974 3977 3978
f 3979 3982 3983
f 3976 3981 3977
f 3977 3982 3978
f 3982 3987 3983
f 3981 3984 3985
f 3982 3985 3986
f 3987 3990 3991
f 3984 3989 3985
f 3985 3990 3986
f 3991 3994 3995
f 3989 3992 3993
f 3990 3993 3994
f 3995 3998 3999
f 3992 3997 3993
f 3993 3998 3994
f 3998 4003 3999
f 3997 4000 4001
f 3998 4001 4002
f 4002 4007 4003
f 4000 4005 4001
f 4001 4006 4002
f 4006 4011 4007
f 4005 4008 4009
f 4006 4009 4010
f 4011 4014 4015
f 4008 4013 4009
f 4009 4014 4010
f 4014 4019 4015
f 4013 4016 4017
f 4014 4017 4018
f 4019 4022 4023
f 4016 4021 4017
f 4017 4022 4018
f 4023 4026 4027
f 4021 4024 4025
f 4022 4025 4026
f 4027 4030 4031
f 4024 4029 4025
f 4025 4030 4026
f 4031 4034 4035
f 4029 4032 4033
f 4030 4033 4034
f 4034 4039 4035
f 4032 4037 4033
f 4033 4038 4034
f 4038 4043 4039
f 4037 4040 4041
f 4038 4041 4042
f 4043 4046 4047
f 4040 4045 4041
f 4041 4046 4042
f 4046 4051 4047
f 4045 4048 4049
f 4046 4049 4050
f 4051 4055 4056
f 4048 4054 4049
f 4049 4055 4050
f 4056 4059 4060
f 4053 4058 4054
f 4055 4058 4059
f 3932 4052 3936
f 3936 4052 3940
f 3940 4052 3944
f 3944 4052 3948
f 3948 4052 3952
f 3952 4052 3956
f 3956 4052 3960
f 3960 4052 3964
f 3964 4052 3968
f 3968 4052 3972
f 3972 4052 3976
f 3976 4052 3980
f 3980 4052 3984
f 3984 4052 3988
f 3988 4052 3992
f 3992 4052 3996
f 3996 4052 4000
f 4000 4052 4004
f 4004 4052 4008
f 4008 4052 4012
f 4012 4052 4016
f 4016 4052 4020
f 4020 4052 4024
f 4024 4052 4028
f 4028 4052 4032
f 4032 4052 4036
f 4036 4052 4040
f 4040 4052 4044
f 4044 4052 4048
f 4048 4052 4053
f 4053 4052 4057
f 4060 3934 3935
f 4058 3932 3933
f 4058 3934 4059
f 4057 4052 3932
f 4069 4081 4082
f 4065 4077 4078
f 4063 4075 4076
f 4071 4085 4072
f 4069 4083 4070
f 4067 4081 4068
f 4063 4077 4064
f 4061 4075 4062
f 4072 4086 4073
f 4071 4083 4084
f 4076 4090 4077
f 4074 4088 4075
f 4086 4098 4099
f 4083 4097 4084
f 4082 4094 4095
f 4079 4093 4080
f 4078 4090 4091
f 4076 4088 4089
f 4085 4097 4098
f 4082 4096 4083
f 4080 4094 4081
f 4089 4103 4090
f 4088 4100 4101
f 4098 4112 4099
f 4096 4110 4097
f 4095 4107 4108
f 4090 4104 4091
f 4089 4101 4102
f 4097 4111 4098
f 4095 4109 4096
f 4094 4106 4107
f 4092 4104 4105
f 4103 4115 4116
f 4100 4114 4101
f 4112 4124 4125
f 4110 4122 4123
f 4107 4121 4108
f 4103 4117 4104
f 4101 4115 4102
f 4110 4124 4111
f 4109 4121 4122
f 4107 4119 4120
f 4105 4117 4118
f 4115 4129 4116
f 4114 4126 4127
f 4124 4138 4125
f 4123 4135 4136
f 4120 4134 4121
f 4117 4129 4130
f 4114 4128 4115
f 4124 4136 4137
f 4122 4134 4135
f 4119 4133 4120
f 4117 4131 4118
f 4129 4141 4142
f 4126 4140 4127
f 4138 4150 4151
f 4136 4148 4149
f 4133 4147 4134
f 4130 4142 4143
f 4127 4141 4128
f 4137 4149 4150
f 4135 4147 4148
f 4132 4146 4133
f 4131 4143 4144
f 4142 4154 4155
f 4140 4152 4153
f 4150 4163 4151
f 4149 4160 4161
f 4146 4159 4147
f 4142 4156 4143
f 4140 4154 4141
f 4149 4162 4150
f 4148 4159 4160
f 4146 4157 4158
f 4155 4166 4167
f 4153 4164 4165
f 4162 4176 4163
f 4160 4174 4161
f 4158 4172 4159
f 4155 4168 4156
f 4153 4166 4154
f 4162 4174 4175
f 4160 4172 4173
f 4158 4170 4171
f 4166 4180 4167
f 4164 4178 4165
f 4175 4189 4176
f 4174 4186 4187
f 4172 4184 4185
f 4168 4180 4181
f 4166 4178 4179
f 4174 4188 4175
f 4172 4186 4173
f 4170 4184 4171
f 4169 4181 4182
f 4179 4193 4180
f 4177 4191 4178
f 4189 4201 4202
f 4186 4200 4187
f 4185 4197 4198
f 4181 4193 4194
f 4179 4191 4192
f 4188 4200 4201
f 4185 4199 4186
f 4183 4197 4184
f 4192 4206 4193
f 4191 4203 4204
f 4201 4215 4202
f 4199 4213 4200
f 4198 4210 4211
f 4195 4209 4196
f 4193 4207 4194
f 4192 4204 4205
f 4200 4214 4201
f 4198 4212 4199
f 4197 4209 4210
f 4206 4218 4219
f 4203 4217 4204
f 4215 4227 4228
f 4212 4226 4213
f 4210 4224 4211
f 4208 4222 4209
f 4206 4220 4207
f 4204 4218 4205
f 4213 4227 4214
f 4212 4224 4225
f 4210 4222 4223
f 4218 4232 4219
f 4217 4229 4230
f 4227 4241 4228
f 4225 4239 4226
f 4224 4236 4237
f 4220 4232 4233
f 4217 4231 4218
f 4227 4239 4240
f 4225 4237 4238
f 4222 4236 4223
f 4232 4244 4245
f 4229 4243 4230
f 4241 4253 4254
f 4239 4251 4252
f 4236 4250 4237
f 4233 4245 4246
f 4230 4244 4231
f 4240 4252 4253
f 4238 4250 4251
f 4235 4249 4236
f 4245 4257 4258
f 4243 4255 4256
f 4253 4267 4254
f 4252 4264 4265
f 4249 4263 4250
f 4247 4261 4248
f 4245 4259 4246
f 4243 4257 4244
f 4252 4266 4253
f 4251 4263 4264
f 4249 4261 4262
f 4258 4270 4271
f 4256 4268 4269
f 4266 4280 4267
f 4264 4278 4265
f 4262 4276 4263
f 4258 4272 4259
f 4256 4270 4257
f 4265 4279 4266
f 4264 4276 4277
f 4262 4274 4275
f 4259 4273 4260
f 4270 4284 4271
f 4268 4282 4269
f 4280 4292 4293
f 4278 4290 4291
f 4276 4288 4289
f 4272 4284 4285
f 4270 4282 4283
f 4279 4291 4292
f 4276 4290 4277
f 4274 4288 4275
f 4283 4297 4284
f 4281 4295 4282
f 4293 4305 4306
f 4290 4304 4291
f 4289 4301 4302
f 4286 4300 4287
f 4285 4297 4298
f 4283 4295 4296
f 4292 4304 4305
f 4289 4303 4290
f 4287 4301 4288
f 4296 4310 4297
f 4295 4307 4308
f 4305 4319 4306
f 4303 4317 4304
f 4302 4314 4315
f 4297 4311 4298
f 4296 4308 4309
f 4304 4318 4305
f 4303 4315 4316
f 4301 4313 4314
f 4309 4323 4310
f 4307 4321 4308
f 4319 4331 4332
f 4317 4329 4330
f 4315 4327 4328
f 4312 4326 4313
f 4310 4324 4311
f 4309 4321 4322
f 4317 4331 4318
f 4315 4329 4316
f 4314 4326 4327
f 4322 4336 4323
f 4321 4333 4334
f 4331 4345 4332
f 4329 4343 4330
f 4328 4340 4341
f 4324 4336 4337
f 4321 4335 4322
f 4331 4343 4344
f 4329 4341 4342
f 4326 4340 4327
f 4336 4349 4350
f 4333 4348 4334
f 4345 4358 4359
f 4343 4356 4357
f 4340 4355 4341
f 4337 4350 4351
f 4334 4349 4335
f 4344 4357 4358
f 4342 4355 4356
f 4339 4354 4340
f 4337 4352 4338
f 4350 4362 4363
f 4348 4360 4361
f 4358 4372 4359
f 4357 4369 4370
f 4354 4368 4355
f 4353 4365 4366
f 4350 4364 4351
f 4348 4362 4349
f 4357 4371 4358
f 4356 4368 4369
f 4354 4366 4367
f 4363 4375 4376
f 4361 4373 4374
f 4372 4384 4385
f 4369 4383 4370
f 4367 4381 4368
f 4366 4378 4379
f 4363 4377 4364
f 4361 4375 4362
f 4371 4383 4384
f 4369 4381 4382
f 4367 4379 4380
f 4375 4389 4376
f 4373 4387 4374
f 4384 4398 4385
f 4383 4395 4396
f 4381 4393 4394
f 4378 4392 4379
f 4377 4389 4390
f 4375 4387 4388
f 4383 4397 4384
f 4381 4395 4382
f 4379 4393 4380
f 4388 4402 4389
f 4386 4400 4387
f 4398 4410 4411
f 4395 4409 4396
f 4394 4406 4407
f 4390 4402 4403
f 4388 4400 4401
f 4397 4409 4410
f 4394 4408 4395
f 4392 4406 4393
f 4390 4404 4391
f 4401 4415 4402
f 4400 4412 4413
f 4410 4424 4411
f 4408 4422 4409
f 4407 4419 4420
f 4405 4417 4418
f 4402 4416 4403
f 4401 4413 4414
f 4409 4423 4410
f 4407 4421 4408
f 4406 4418 4419
f 4415 4427 4428
f 4412 4426 4413
f 4424 4436 4437
f 4422 4434 4435
f 4420 4432 4433
f 4417 4431 4418
f 4415 4429 4416
f 4414 4426 4427
f 4422 4436 4423
f 4420 4434 4421
f 4419 4431 4432
f 4427 4441 4428
f 4425 4439 4426
f 4436 4450 4437
f 4434 4448 4435
f 4433 4445 4446
f 4429 4441 4442
f 4426 4440 4427
f 4436 4448 4449
f 4434 4446 4447
f 4431 4445 4432
f 4429 4443 4430
f 4441 4453 4454
f 4438 4452 4439
f 4450 4462 4463
f 4448 4460 4461
f 4445 4459 4446
f 4442 4454 4455
f 4439 4453 4440
f 4449 4461 4462
f 4446 4460 4447
f 4444 4458 4445
f 4454 4466 4467
f 4452 4464 4465
f 4462 4476 4463
f 4461 4473 4474
f 4458 4472 4459
f 4456 4470 4457
f 4454 4468 4455
f 4452 4466 4453
f 4461 4475 4462
f 4460 4472 4473
f 4458 4470 4471
f 4346 4073 4086
f 4346 4086 4099
f 4346 4099 4112
f 4346 4112 4125
f 4346 4125 4138
f 4346 4138 4151
f 4346 4151 4163
f 4346 4163 4176
f 4346 4176 4189
f 4346 4189 4202
f 4346 4202 4215
f 4346 4215 4228
f 4346 4228 4241
f 4346 4241 4254
f 4346 4254 4267
f 4346 4267 4280
f 4346 4280 4293
f 4346 4293 4306
f 4346 4306 4319
f 4346 4319 4332
f 4346 4332 4345
f 4346 4345 4359
f 4346 4359 4372
f 4346 4372 4385
f 4346 4385 4398
f 4346 4398 4411
f 4346 4411 4424
f 4346 4424 4437
f 4346 4437 4450
f 4346 4450 4463
f 4346 4463 4476
f 4467 4063 4064
f 4465 4061 4062
f 4476 4072 4073
f 4473 4071 4474
f 4471 4069 4472
f 4467 4065 4468
f 4465 4063 4466
f 4346 4476 4073
f 4475 4071 4072
f 4473 4069 4070
f 4471 4067 4068
f 3935 4464 4060
f 4464 4056 4060
f 4451 4051 4056
f 4438 4047 4051
f 4047 4412 4043
f 4043 4399 4039
f 4039 4386 4035
f 4386 4031 4035
f 4031 4360 4027
f 4360 4023 4027
f 4347 4019 4023
f 4333 4015 4019
f 4015 4307 4011
f 4011 4294 4007
f 4007 4281 4003
f 4281 3999 4003
f 3999 4255 3995
f 4255 3991 3995
f 4242 3987 3991
f 4229 3983 3987
f 3983 4203 3979
f 3979 4190 3975
f 3975 4177 3971
f 4177 3967 3971
f 3967 4152 3963
f 4152 3959 3963
f 4139 3955 3959
f 4126 3951 3955
f 3951 4100 3947
f 3947 4087 3943
f 3943 4074 3939
f 4074 3935 3939
f 4479 4482 4483
f 4479 4484 4480
f 4478 4481 4482
f 4483 4488 4484
f 4481 4486 4482
f 4482 4487 4483
f 4487 4492 4488
f 4486 4489 4490
f 4487 4490 4491
f 4492 4495 4496
f 4489 4494 4490
f 4490 4495 4491
f 4495 4500 4496
f 4494 4497 4498
f 4495 4498 4499
f 4500 4503 4504
f 4497 4502 4498
f 4498 4503 4499
f 4504 4507 4508
f 4502 4505 4506
f 4503 4506 4507
f 4508 4511 4512
f 4505 4510 4506
f 4506 4511 4507
f 4512 4515 4516
f 4510 4513 4514
f 4511 4514 4515
f 4515 4520 4516
f 4513 4518 4514
f 4514 4519 4515
f 4519 4524 4520
f 4517 4522 4518
f 4519 4522 4523
f 4524 4527 4528
f 4521 4526 4522
f 4522 4527 4523
f 4527 4532 4528
f 4526 4529 4530
f 4527 4530 4531
f 4532 4535 4536
f 4529 4534 4530
f 4530 4535 4531
f 4536 4539 4540
f 4533 4538 4534
f 4535 4538 4539
f 4540 4543 4544
f 4538 4541 4542
f 4538 4543 4539
f 4543 4548 4544
f 4541 4546 4542
f 4543 4546 4547
f 4547 4552 4548
f 4546 4549 4550
f 4546 4551 4547
f 4551 4556 4552
f 4550 4553 4554
f 4551 4554 4555
f 4556 4559 4560
f 4553 4558 4554
f 4554 4559 4555
f 4559 4564 4560
f 4558 4561 4562
f 4559 4562 4563
f 4564 4567 4568
f 4561 4566 4562
f 4562 4567 4563
f 4568 4571 4572
f 4566 4569 4570
f 4567 4570 4571
f 4571 4576 4572
f 4569 4574 4570
f 4570 4575 4571
f 4575 4580 4576
f 4574 4577 4578
f 4575 4578 4579
f 4579 4584 4580
f 4577 4582 4578
f 4578 4583 4579
f 4583 4588 4584
f 4582 4585 4586
f 4583 4586 4587
f 4588 4591 4592
f 4585 4590 4586
f 4586 4591 4587
f 4591 4596 4592
f 4590 4593 4594
f 4591 4594 4595
f 4596 4600 4601
f 4593 4599 4594
f 4594 4600 4595
f 4601 4604 4605
f 4599 4602 4603
f 4600 4603 4604
f 4477 4597 4481
f 4481 4597 4485
f 4485 4597 4489
f 4489 4597 4493
f 4493 4597 4497
f 4497 4597 4501
f 4501 4597 4505
f 4505 4597 4509
f 4509 4597 4513
f 4513 4597 4517
f 4517 4597 4521
f 4521 4597 4525
f 4525 4597 4529
f 4529 4597 4533
f 4533 4597 4537
f 4537 4597 4541
f 4541 4597 4545
f 4545 4597 4549
f 4549 4597 4553
f 4553 4597 4557
f 4557 4597 4561
f 4561 4597 4565
f 4565 4597 4569
f 4569 4597 4573
f 4573 4597 4577
f 4577 4597 4581
f 4581 4597 4585
f 4585 4597 4589
f 4589 4597 4593
f 4593 4597 4598
f 4598 4597 4602
f 4605 4479 4480
f 4602 4478 4603
f 4603 4479 4604
f 4602 4597 4477
f 4614 4626 4627
f 4611 4625 4612
f 4610 4622 4623
f 4608 4620 4621
f 4617 4629 4630
f 4614 4628 4615
f 4612 4626 4613
f 4608 4622 4609
f 4606 4620 4607
f 4618 4630 4631
f 4616 4628 4629
f 4621 4635 4622
f 4619 4633 4620
f 4631 4643 4644
f 4628 4642 4629
f 4627 4639 4640
f 4625 4637 4638
f 4623 4635 4636
f 4621 4633 4634
f 4630 4642 4643
f 4627 4641 4628
f 4625 4639 4626
f 4634 4648 4635
f 4633 4645 4646
f 4643 4657 4644
f 4641 4655 4642
f 4640 4652 4653
f 4635 4649 4636
f 4634 4646 4647
f 4642 4656 4643
f 4641 4653 4654
f 4639 4651 4652
f 4647 4661 4648
f 4645 4659 4646
f 4657 4669 4670
f 4655 4667 4668
f 4652 4666 4653
f 4648 4662 4649
f 4647 4659 4660
f 4655 4669 4656
f 4653 4667 4654
f 4652 4664 4665
f 4650 4662 4663
f 4660 4674 4661
f 4659 4671 4672
f 4669 4683 4670
f 4667 4681 4668
f 4666 4678 4679
f 4664 4676 4677
f 4662 4674 4675
f 4660 4672 4673
f 4669 4681 4682
f 4666 4680 4667
f 4664 4678 4665
f 4674 4686 4687
f 4671 4685 4672
f 4683 4695 4696
f 4681 4693 4694
f 4678 4692 4679
f 4677 4689 4690
f 4675 4687 4688
f 4672 4686 4673
f 4682 4694 4695
f 4680 4692 4693
f 4677 4691 4678
f 4687 4699 4700
f 4685 4697 4698
f 4695 4709 4696
f 4694 4706 4707
f 4691 4705 4692
f 4687 4701 4688
f 4685 4699 4686
f 4694 4708 4695
f 4693 4705 4706
f 4691 4703 4704
f 4700 4712 4713
f 4698 4710 4711
f 4709 4721 4722
f 4706 4720 4707
f 4704 4718 4705
f 4703 4715 4716
f 4700 4714 4701
f 4698 4712 4699
f 4708 4720 4721
f 4706 4718 4719
f 4704 4716 4717
f 4712 4726 4713
f 4710 4724 4711
f 4722 4734 4735
f 4720 4732 4733
f 4718 4730 4731
f 4715 4729 4716
f 4714 4726 4727
f 4712 4724 4725
f 4720 4734 4721
f 4718 4732 4719
f 4716 4730 4717
f 4725 4739 4726
f 4723 4737 4724
f 4735 4747 4748
f 4732 4746 4733
f 4731 4743 4744
f 4727 4739 4740
f 4725 4737 4738
f 4734 4746 4747
f 4731 4745 4732
f 4729 4743 4730
f 4738 4752 4739
f 4737 4749 4750
f 4747 4761 4748
f 4745 4759 4746
f 4744 4756 4757
f 4742 4754 4755
f 4739 4753 4740
f 4738 4750 4751
f 4746 4760 4747
f 4744 4758 4745
f 4743 4755 4756
f 4752 4764 4765
f 4749 4763 4750
f 4761 4773 4774
f 4758 4772 4759
f 4757 4769 4770
f 4754 4768 4755
f 4752 4766 4753
f 4751 4763 4764
f 4759 4773 4760
f 4757 4771 4758
f 4756 4768 4769
f 4764 4778 4765
f 4763 4775 4776
f 4773 4787 4774
f 4771 4785 4772
f 4770 4782 4783
f 4768 4780 4781
f 4766 4778 4779
f 4764 4776 4777
f 4773 4785 4786
f 4770 4784 4771
f 4768 4782 4769
f 4778 4790 4791
f 4775 4789 4776
f 4787 4799 4800
f 4785 4797 4798
f 4782 4796 4783
f 4781 4793 4794
f 4779 4791 4792
f 4776 4790 4777
f 4786 4798 4799
f 4784 4796 4797
f 4781 4795 4782
f 4791 4803 4804
f 4789 4801 4802
f 4799 4813 4800
f 4798 4810 4811
f 4795 4809 4796
f 4794 4806 4807
f 4791 4805 4792
f 4789 4803 4790
f 4798 4812 4799
f 4797 4809 4810
f 4795 4807 4808
f 4804 4816 4817
f 4802 4814 4815
f 4813 4825 4826
f 4810 4824 4811
f 4808 4822 4809
f 4807 4819 4820
f 4804 4818 4805
f 4802 4816 4803
f 4812 4824 4825
f 4810 4822 4823
f 4808 4820 4821
f 4816 4830 4817
f 4814 4828 4815
f 4825 4839 4826
f 4824 4836 4837
f 4822 4834 4835
f 4819 4833 4820
f 4818 4830 4831
f 4816 4828 4829
f 4824 4838 4825
f 4822 4836 4823
f 4820 4834 4821
f 4829 4843 4830
f 4827 4841 4828
f 4839 4851 4852
f 4836 4850 4837
f 4835 4847 4848
f 4831 4843 4844
f 4829 4841 4842
f 4838 4850 4851
f 4835 4849 4836
f 4833 4847 4834
f 4842 4856 4843
f 4841 4853 4854
f 4851 4865 4852
f 4849 4863 4850
f 4848 4860 4861
f 4843 4857 4844
f 4842 4854 4855
f 4850 4864 4851
f 4848 4862 4849
f 4847 4859 4860
f 4844 4858 4845
f 4856 4868 4869
f 4854 4866 4867
f 4865 4876 4877
f 4863 4874 4875
f 4861 4872 4873
f 4856 4870 4857
f 4855 4867 4868
f 4863 4876 4864
f 4861 4874 4862
f 4860 4871 4872
f 4868 4881 4869
f 4867 4878 4879
f 4876 4890 4877
f 4875 4887 4888
f 4872 4886 4873
f 4870 4881 4882
f 4867 4880 4868
f 4876 4888 4889
f 4874 4886 4887
f 4871 4885 4872
f 4881 4894 4895
f 4878 4893 4879
f 4890 4903 4904
f 4888 4901 4902
f 4885 4900 4886
f 4882 4895 4896
f 4879 4894 4880
f 4889 4902 4903
f 4887 4900 4901
f 4884 4899 4885
f 4883 4896 4897
f 4895 4907 4908
f 4893 4905 4906
f 4903 4917 4904
f 4902 4914 4915
f 4899 4913 4900
f 4895 4909 4896
f 4893 4907 4894
f 4902 4916 4903
f 4901 4913 4914
f 4899 4911 4912
f 4897 4909 4910
f 4908 4920 4921
f 4906 4918 4919
f 4917 4929 4930
f 4914 4928 4915
f 4912 4926 4913
f 4908 4922 4909
f 4906 4920 4907
f 4916 4928 4929
f 4914 4926 4927
f 4912 4924 4925
f 4909 4923 4910
f 4920 4934 4921
f 4918 4932 4919
f 4929 4943 4930
f 4928 4940 4941
f 4926 4938 4939
f 4922 4934 4935
f 4920 4932 4933
f 4928 4942 4929
f 4926 4940 4927
f 4924 4938 4925
f 4933 4947 4934
f 4931 4945 4932
f 4943 4955 4956
f 4940 4954 4941
f 4939 4951 4952
f 4936 4950 4937
f 4935 4947 4948
f 4933 4945 4946
f 4942 4954 4955
f 4939 4953 4940
f 4937 4951 4938
f 4946 4960 4947
f 4945 4957 4958
f 4955 4969 4956
f 4953 4967 4954
f 4952 4964 4965
f 4947 4961 4948
f 4946 4958 4959
f 4954 4968 4955
f 4952 4966 4953
f 4951 4963 4964
f 4960 4972 4973
f 4957 4971 4958
f 4969 4980 4981
f 4966 4979 4967
f 4964 4977 4965
f 4962 4975 4963
f 4960 4974 4961
f 4958 4972 4959
f 4967 4980 4968
f 4965 4978 4966
f 4964 4975 4976
f 4973 4984 4985
f 4971 4982 4983
f 4980 4994 4981
f 4978 4992 4979
f 4976 4990 4977
f 4975 4987 4988
f 4974 4985 4986
f 4971 4984 4972
f 4980 4992 4993
f 4978 4990 4991
f 4975 4989 4976
f 4985 4997 4998
f 4982 4996 4983
f 4994 5006 5007
f 4992 5004 5005
f 4989 5003 4990
f 4986 4998 4999
f 4983 4997 4984
f 4993 5005 5006
f 4991 5003 5004
f 4988 5002 4989
f 4998 5010 5011
f 4996 5008 5009
f 5006 5020 5007
f 5005 5017 5018
f 5002 5016 5003
f 4998 5012 4999
f 4996 5010 4997
f 5005 5019 5006
f 5004 5016 5017
f 5002 5014 5015
f 4999 5013 5000
f 4891 4618 4631
f 4891 4631 4644
f 4891 4644 4657
f 4891 4657 4670
f 4891 4670 4683
f 4891 4683 4696
f 4891 4696 4709
f 4891 4709 4722
f 4891 4722 4735
f 4891 4735 4748
f 4891 4748 4761
f 4891 4761 4774
f 4891 4774 4787
f 4891 4787 4800
f 4891 4800 4813
f 4891 4813 4826
f 4891 4826 4839
f 4891 4839 4852
f 4891 4852 4865
f 4891 4865 4877
f 4891 4877 4890
f 4891 4890 4904
f 4891 4904 4917
f 4891 4917 4930
f 4891 4930 4943
f 4891 4943 4956
f 4891 4956 4969
f 4891 4969 4981
f 4891 4981 4994
f 4891 4994 5007
f 4891 5007 5020
f 5011 4608 4609
f 5009 4606 4607
f 5019 4618 5020
f 5017 4616 5018
f 5015 4614 5016
f 5014 4611 4612
f 5011 4610 5012
f 5009 4608 5010
f 4891 5020 4618
f 5018 4617 5019
f 5017 4614 4615
f 5015 4612 4613
f 4480 5008 4605
f 5008 4601 4605
f 4995 4596 4601
f 4982 4592 4596
f 4592 4957 4588
f 4588 4944 4584
f 4584 4931 4580
f 4931 4576 4580
f 4576 4905 4572
f 4905 4568 4572
f 4892 4564 4568
f 4878 4560 4564
f 4560 4853 4556
f 4556 4840 4552
f 4552 4827 4548
f 4827 4544 4548
f 4544 4801 4540
f 4801 4536 4540
f 4788 4532 4536
f 4775 4528 4532
f 4528 4749 4524
f 4524 4736 4520
f 4520 4723 4516
f 4723 4512 4516
f 4512 4697 4508
f 4697 4504 4508
f 4684 4500 4504
f 4671 4496 4500
f 4496 4645 4492
f 4492 4632 4488
f 4488 4619 4484
f 4619 4480 4484
f 4 3 2
f 8 7 6
f 13 16 15
f 17 28 19
f 32 31 30
f 36 35 34
f 37 40 39
f 21 22 23
f 25 26 27
f 41 44 43
f 48 47 46
f 52 51 50
f 53 56 55
f 60 59 58
f 29 30 62
f 66 65 64
f 67 5 6
f 72 71 70
f 76 75 74
f 77 80 79
f 81 84 83
f 59 87 86
f 88 91 90
f 96 95 94
f 100 99 98
f 101 104 103
f 106 105 34
f 108 116 115
f 117 119 36
f 124 127 126
f 131 130 129
f 132 102 134
f 142 141 140
f 148 106 60
f 144 143 127
f 149 152 151
f 156 155 154
f 159 150 158
f 116 108 164
f 171 170 169
f 174 126 173
f 179 182 181
f 186 189 188
f 194 197 196
f 199 142 139
f 206 209 208
f 213 212 211
f 202 215 214
f 96 93 216
f 92 238 43
f 97 184 246
f 250 249 229
f 252 254 58
f 258 257 256
f 260 91 229
f 110 111 112
f 114 264 263
f 265 268 267
f 56 53 270
f 274 273 249
f 185 183 63
f 280 279 278
f 285 284 283
f 288 219 211
f 141 142 92
f 289 290 175
f 148 116 105
f 312 311 170
f 238 262 42
f 318 163 160
f 310 309 308
f 241 239 325
f 160 230 240
f 47 48 307
f 108 109 315
f 345 85 86
f 348 351 350
f 356 359 358
f 355 354 353
f 363 31 32
f 364 252 253
f 366 125 368
f 183 372 371
f 163 162 161
f 209 226 101
f 378 377 165
f 379 295 381
f 383 382 3
f 284 285 386
f 387 127 389
f 391 259 229
f 73 281 397
f 405 408 407
f 203 218 411
f 414 121 413
f 1 356 357
f 277 276 131
f 254 344 57
f 358 384 415
f 417 416 386
f 401 400 192
f 419 389 127
f 421 181 182
f 103 301 302
f 428 367 368
f 380 390 359
f 62 204 266
f 140 141 431
f 357 358 351
f 356 1 379
f 415 392 403
f 437 428 436
f 438 441 440
f 188 451 450
f 265 455 181
f 224 185 64
f 237 212 213
f 275 131 128
f 281 282 460
f 50 462 79
f 73 74 282
f 468 467 466
f 390 355 352
f 482 485 484
f 489 488 487
f 493 496 495
f 472 471 470
f 502 501 500
f 220 221 222
f 512 419 143
f 518 517 511
f 513 239 230
f 205 30 31
f 189 370 451
f 163 318 532
f 533 224 225
f 446 448 447
f 335 541 540
f 544 512 546
f 329 519 291
f 199 534 262
f 385 386 416
f 532 190 191
f 363 117 118
f 578 581 580
f 573 572 571
f 561 563 562
f 241 260 259
f 590 593 592
f 545 546 595
f 503 154 155
f 606 625 624
f 478 481 480
f 646 649 648
f 590 591 689
f 564 565 651
f 728 246 184
f 714 724 716
f 692 574 575
f 541 335 581
f 346 68 248
f 161 231 230
f 128 129 94
f 698 705 704
f 574 577 576
f 290 289 401
f 630 631 725
f 733 736 735
f 755 466 496
f 759 480 481
f 757 763 762
f 764 496 466
f 768 767 3808
f 759 760 488
f 492 474 475
f 474 770 769
f 773 468 465
f 771 774 486
f 484 485 775
f 774 776 489
f 495 496 764
f 495 757 761
f 137 397 784
f 325 239 797
f 165 519 51
f 369 32 29
f 730 731 568
f 90 302 301
f 243 118 516
f 800 734 806
f 817 815 808
f 816 808 823
f 306 303 447
f 815 810 809
f 829 830 828
f 726 725 501
f 274 427 424
f 879 882 881
f 884 883 879
f 219 218 217
f 906 905 904
f 455 204 205
f 898 882 830
f 903 900 880
f 377 291 519
f 923 949 948
f 946 947 951
f 3519 740 739
f 900 899 886
f 225 64 65
f 182 445 442
f 809 952 947
f 954 960 962
f 927 950 965
f 885 879 880
f 925 927 966
f 343 342 341
f 965 964 971
f 968 971 970
f 972 968 969
f 963 961 981
f 336 337 338
f 992 993 827
f 810 815 996
f 1007 1001 1002
f 1012 826 827
f 1011 1009 1007
f 294 293 292
f 907 908 920
f 1017 579 1019
f 1020 1023 1022
f 1035 1024 1020
f 1061 1060 1047
f 1063 1061 1046
f 1044 1020 1021
f 1102 1094 1097
f 1116 1126 1118
f 1016 1015 1014
f 881 897 904
f 816 1116 1127
f 1094 948 949
f 514 342 167
f 146 145 81
f 1133 1135 1130
f 1102 1133 1126
f 822 1126 1116
f 1145 1143 1148
f 1076 1144 1151
f 1148 1143 1086
f 1109 1097 1114
f 1154 1153 1156
f 1153 925 967
f 3464 3497 463
f 1144 1147 1152
f 1156 967 1163
f 1164 1162 1169
f 1145 1171 1176
f 1114 1115 1154
f 1183 1155 1164
f 1184 1183 1177
f 1069 1151 1062
f 1023 1191 1194
f 1162 1163 1170
f 1195 1184 1185
f 1183 1196 1176
f 1201 1063 1152
f 1061 1063 1201
f 3825 847 843
f 1203 1202 1195
f 1202 1201 1184
f 1218 1060 1203
f 1060 1061 1202
f 1225 1218 1217
f 671 695 694
f 1219 1217 1024
f 1217 1203 1034
f 1226 1014 1015
f 1243 1242 1234
f 1231 1230 1229
f 847 1243 1233
f 843 1233 1244
f 1233 1234 1245
f 1923 3761 233
f 2100 2108 499
f 3914 3864 2135
f 61 62 323
f 210 211 217
f 1299 1310 1309
f 3863 1230 1231
f 1066 1047 1321
f 1322 1321 1228
f 1060 1218 1321
f 1325 1324 1323
f 1244 1245 1332
f 1290 1234 1242
f 1337 1330 1339
f 1330 1332 1340
f 1341 1332 1245
f 1342 1340 1332
f 1343 1342 1341
f 1344 1341 1294
f 3857 3856 1345
f 1347 1348 1342
f 3856 3854 1295
f 1349 1350 1348
f 3861 1349 1347
f 3853 1347 1343
f 906 898 829
f 905 906 1353
f 865 1356 1355
f 1355 1353 829
f 1357 1355 825
f 1356 1354 1353
f 3834 1337 1338
f 866 1358 1356
f 1358 1359 1354
f 3828 878 1337
f 838 1362 1012
f 1363 1364 1338
f 1368 1363 1339
f 1348 1368 1340
f 1371 1369 3824
f 524 525 526
f 528 529 530
f 1372 1370 1369
f 535 536 537
f 1367 1368 1348
f 1370 1354 1359
f 1369 1359 3833
f 1373 910 903
f 555 556 557
f 1374 909 910
f 1373 904 905
f 1374 1373 1375
f 1375 905 1354
f 1378 920 908
f 376 373 651
f 1388 928 973
f 586 587 588
f 1390 1389 1388
f 1391 1388 969
f 597 598 599
f 600 601 602
f 1392 1391 970
f 608 609 610
f 612 524 523
f 614 615 616
f 617 618 25
f 620 621 622
f 1397 1390 1391
f 1398 1397 1392
f 1400 987 920
f 1402 1403 1165
f 636 637 638
f 930 1404 1402
f 641 642 643
f 929 1402 1169
f 1404 1405 1403
f 1411 1366 1365
f 1412 1406 1415
f 652 653 654
f 609 656 657
f 659 660 661
f 558 663 586
f 665 666 667
f 1413 1411 1406
f 1418 1416 3810
f 1417 1372 1371
f 1416 1371 3829
f 1419 1417 1416
f 1386 909 1374
f 677 678 679
f 1385 1386 1420
f 1420 1374 1376
f 685 686 687
f 1421 1420 1422
f 528 690 691
f 1422 1376 1372
f 1018 1019 747
f 699 700 701
f 1424 578 579
f 3663 1597 1767
f 700 699 711
f 1093 3746 3754
f 717 718 530
f 721 722 723
f 704 1650 3543
f 19 1429 1426
f 1429 1428 1427
f 1658 1659 3542
f 1439 1437 1434
f 1437 1436 1435
f 1426 1427 1433
f 1442 1431 1432
f 742 743 744
f 1432 1433 1441
f 751 752 753
f 1438 1434 1403
f 1446 1445 1444
f 1447 1448 1446
f 3860 1447 1443
f 1415 1367 1445
f 1414 1415 1446
f 2173 1683 469
f 777 778 779
f 780 781 782
f 1676 1693 1806
f 3859 1451 1349
f 789 790 791
f 745 792 793
f 652 794 795
f 1455 1458 1457
f 1454 1367 1350
f 610 691 802
f 3831 3816 698
f 1352 1044 1045
f 1015 1016 1459
f 811 812 813
f 2118 3815 3817
f 819 820 821
f 1466 1463 1194
f 1467 1468 1465
f 1182 1165 1468
f 832 812 833
f 835 836 837
f 1467 1466 1190
f 1469 1470 1444
f 840 700 712
f 1453 1470 1469
f 599 844 845
f 1226 1450 3849
f 851 852 853
f 855 744 856
f 858 859 860
f 861 862 863
f 1014 1226 3855
f 867 676 868
f 870 871 872
f 874 875 876
f 1310 1323 1471
f 1476 1433 1427
f 1461 1476 1475
f 887 888 889
f 788 791 892
f 894 895 896
f 1460 1475 1227
f 901 902 524
f 1465 1478 1477
f 1865 3503 3500
f 911 912 913
f 916 917 918
f 1850 3505 3507
f 921 922 895
f 1479 1435 1436
f 926 664 667
f 1481 562 563
f 269 1483 84
f 931 932 933
f 934 935 614
f 936 685 688
f 938 659 662
f 1484 270 122
f 941 942 835
f 320 321 509
f 1849 3510 3505
f 84 1483 1484
f 1487 1490 1488
f 1757 1758 3502
f 365 1492 1491
f 461 79 80
f 117 363 362
f 1494 540 541
f 926 601 957
f 1477 1441 1433
f 1709 1588 1585
f 119 117 1496
f 271 1497 504
f 511 517 189
f 345 1496 1492
f 57 344 299
f 1501 1499 268
f 267 268 1499
f 974 975 976
f 1678 1652 1693
f 3846 1682 1807
f 557 982 663
f 983 941 984
f 1443 1444 3849
f 421 1500 268
f 989 990 991
f 1490 1487 418
f 279 280 309
f 997 868 676
f 998 26 999
f 1504 418 38
f 1506 1508 1507
f 360 361 1508
f 1506 1486 207
f 939 1005 1006
f 270 1484 1483
f 66 63 546
f 1010 742 793
f 367 428 437
f 244 31 363
f 1670 3532 3534
f 209 206 1510
f 388 389 426
f 427 274 250
f 161 520 521
f 100 246 45
f 1025 1026 608
f 1029 1030 1031
f 939 662 1033
f 41 42 594
f 1036 780 783
f 702 701 1038
f 1040 1041 1042
f 362 32 369
f 187 1520 477
f 70 1487 539
f 1049 600 603
f 613 867 869
f 860 1050 1051
f 1005 1052 1053
f 753 1055 1056
f 1057 1058 1059
f 293 288 1522
f 288 212 1521
f 292 1522 1523
f 331 1507 1508
f 306 452 453
f 100 44 41
f 462 1524 78
f 330 331 1524
f 635 1067 1068
f 1485 1527 1526
f 206 1485 1528
f 1070 1071 1072
f 942 941 1073
f 916 933 1075
f 440 1529 1530
f 157 158 1514
f 1529 162 5
f 371 595 546
f 790 586 663
f 1077 858 857
f 1403 1434 1435
f 1080 1081 1082
f 531 520 1529
f 21 1083 1084
f 272 1532 1531
f 690 712 802
f 335 3571 3567
f 1090 1030 1029
f 1092 795 794
f 1533 396 137
f 661 660 1095
f 69 444 445
f 1099 1100 1101
f 38 39 1536
f 1104 1105 1106
f 852 1107 1108
f 1377 908 909
f 291 377 411
f 316 1536 516
f 539 1488 1533
f 1505 1536 316
f 1110 1111 1112
f 1539 1537 460
f 522 441 1537
f 834 837 1120
f 1122 1123 1124
f 612 1125 1041
f 935 793 615
f 276 278 130
f 1686 3549 3522
f 193 190 1541
f 231 521 1540
f 556 1037 982
f 365 253 85
f 190 532 318
f 1810 765 3574
f 3924 1867 3512
f 1132 983 985
f 208 101 102
f 1134 1033 662
f 1491 518 80
f 429 133 1542
f 1137 1138 915
f 172 436 428
f 1139 1140 1141
f 549 96 54
f 1517 1519 1518
f 834 1119 984
f 1543 513 286
f 1544 797 239
f 133 134 1544
f 506 361 257
f 420 327 328
f 1158 1159 1160
f 587 1104 1103
f 607 1161 1027
f 304 1546 1545
f 364 1491 77
f 69 70 198
f 700 840 1112
f 3877 626 3525
f 1166 719 657
f 1167 1168 858
f 1172 1173 1174
f 218 203 200
f 1179 1180 1181
f 372 183 97
f 89 104 227
f 1186 1187 1188
f 172 173 1517
f 1482 84 81
f 1090 1192 1193
f 394 395 353
f 526 525 1198
f 1199 1200 1026
f 606 623 697
f 1204 1205 1206
f 1207 1208 523
f 1209 1210 867
f 914 913 685
f 1478 1436 1441
f 1029 1028 1161
f 1211 1212 1213
f 3858 1453 1451
f 844 1215 1216
f 423 193 273
f 1220 1221 1222
f 22 1223 1224
f 882 898 897
f 1519 1517 173
f 1189 1188 1232
f 349 350 550
f 1071 1235 1236
f 1237 1238 1239
f 1221 1186 1189
f 1510 1528 1512
f 939 1032 1241
f 1556 1530 5
f 1553 1554 394
f 404 1556 67
f 1247 1248 1249
f 142 199 238
f 1251 1067 635
f 850 1252 1253
f 1254 1167 1077
f 57 132 133
f 443 430 552
f 1187 1172 1175
f 1256 1070 831
f 432 405 382
f 741 748 747
f 434 350 351
f 349 432 383
f 251 124 1481
f 395 384 352
f 1518 1519 1550
f 1558 410 378
f 109 263 314
f 285 1514 1513
f 395 394 393
f 202 203 410
f 417 408 405
f 1246 1257 1258
f 3 1559 297
f 1259 1260 1261
f 403 404 347
f 955 954 953
f 462 50 51
f 1096 1095 687
f 429 147 60
f 896 1264 1265
f 1267 721 1268
f 423 424 327
f 37 179 180
f 20 23 1187
f 1256 1168 1071
f 1188 1175 1269
f 1236 1270 1271
f 1272 536 535
f 565 564 463
f 1273 792 745
f 876 1254 1255
f 316 33 164
f 437 1516 503
f 194 1494 1495
f 1275 1276 864
f 624 625 631
f 1277 1274 1137
f 569 568 567
f 1481 124 125
f 324 325 547
f 1279 1108 1107
f 1525 332 329
f 1281 1278 1137
f 171 168 1553
f 1488 73 396
f 1557 1561 1562
f 1282 856 1206
f 1053 1277 1278
f 778 777 607
f 713 583 3566
f 251 225 144
f 4 357 348
f 709 708 707
f 728 48 45
f 261 135 1563
f 789 1286 1287
f 74 314 263
f 403 284 385
f 1178 1181 1240
f 1223 1259 1289
f 1220 20 1186
f 296 1518 354
f 784 459 1538
f 1181 1180 1291
f 1269 1292 1257
f 1566 1538 438
f 136 784 1566
f 1563 1564 169
f 107 114 109
f 1297 1282 1298
f 1464 1477 1476
f 1520 187 507
f 1301 1302 1303
f 1306 1307 1308
f 175 456 1532
f 1532 456 200
f 1311 1266 1312
f 872 1314 1315
f 3836 843 878
f 1305 1308 864
f 1040 1275 863
f 1564 1566 399
f 592 1576 1575
f 591 1575 1088
f 1581 1584 1583
f 1196 1152 1147
f 710 582 583
f 285 407 408
f 953 954 961
f 1594 1592 1589
f 1585 1588 1587
f 1592 1591 1590
f 3885 945 944
f 1600 1599 1598
f 1604 1603 1602
f 1399 1392 979
f 1589 1590 1596
f 1610 1609 1608
f 298 257 361
f 551 552 276
f 1627 1626 3814
f 859 811 818
f 1078 857 1328
f 1555 439 1530
f 572 573 680
f 772 465 776
f 977 1281 918
f 404 403 392
f 1054 1331 750
f 1644 1645 1643
f 932 1265 1082
f 1067 1333 1334
f 1540 1539 264
f 597 1335 643
f 471 761 762
f 1642 696 3831
f 1644 1642 3842
f 923 946 950
f 96 549 548
f 520 531 522
f 445 444 443
f 849 839 848
f 480 759 755
f 1646 760 481
f 311 426 1567
f 464 463 3497
f 3497 1360 1361
f 234 237 236
f 190 193 192
f 153 154 152
f 231 287 286
f 1552 1553 1551
f 760 1646 1648
f 3832 1647 1649
f 828 827 826
f 52 167 166
f 1663 1662 1661
f 287 107 115
f 668 671 670
f 634 645 640
f 553 560 559
f 118 36 33
f 492 484 491
f 3552 1652 1651
f 582 589 584
f 384 395 392
f 1381 1382 1383
f 1562 1561 435
f 952 953 951
f 3529 3566 583
f 1660 1661 1667
f 1394 1395 1396
f 1660 1665 1664
f 1671 1670 1669
f 1624 1625 1673
f 1407 1408 1409
f 1677 1676 1675
f 1613 1679 1677
f 1679 1678 1676
f 1626 1681 3811
f 534 199 198
f 803 733 734
f 400 248 191
f 65 66 143
f 3526 1657 1656
f 402 159 157
f 629 628 627
f 461 477 49
f 758 757 495
f 796 787 786
f 406 407 1513
f 342 343 166
f 1694 1659 1658
f 1692 1687 1694
f 3557 1693 1652
f 3921 1704 1703
f 326 547 302
f 3916 3921 1702
f 3919 3918 1698
f 1699 1691 3927
f 1557 406 1560
f 1127 1116 1117
f 400 401 289
f 1706 1702 1707
f 1707 1702 1599
f 1709 1706 1708
f 1714 1712 1711
f 3919 3915 1709
f 1704 1711 1577
f 1716 1714 1713
f 1559 1562 1549
f 1722 1721 1720
f 1335 597 596
f 410 411 377
f 973 1170 1163
f 168 169 399
f 1571 682 1089
f 1572 681 682
f 749 646 647
f 1730 1724 1723
f 1594 1582 1729
f 1729 1723 1591
f 1384 1378 1377
f 1732 1731 1712
f 1724 1730 1731
f 1722 1724 1732
f 1721 1722 1733
f 1734 1733 1716
f 1735 1737 1736
f 1733 1732 1714
f 1663 1664 1741
f 1742 1665 1740
f 1738 1739 1737
f 1665 1660 1666
f 1665 1742 1744
f 1725 1726 1746
f 1591 1725 1745
f 1590 1745 1747
f 1745 1746 1748
f 1659 1688 3538
f 3287 1760 3545
f 1185 1177 1182
f 1664 1744 1749
f 1741 1749 1739
f 1746 1742 1743
f 1726 1744 1742
f 1115 924 1153
f 1896 3562 3549
f 1720 1749 1744
f 1721 1739 1749
f 1750 1718 1701
f 1697 1736 1750
f 1151 1152 1063
f 1751 1752 1670
f 1695 1658 1752
f 961 962 986
f 1770 1769 1768
f 1766 1594 1593
f 1731 1759 1579
f 1579 1777 1774
f 3928 1772 1771
f 1764 1772 3928
f 1777 1776 1775
f 3762 3763 1699
f 1004 1127 1128
f 1774 1775 1771
f 987 1400 1399
f 1578 1774 1772
f 1783 1782 1781
f 1597 1598 1770
f 639 1878 3895
f 3928 3929 1769
f 1793 1792 1789
f 3929 3920 1798
f 3508 3516 3773
f 1802 1867 3924
f 1788 1790 1794
f 1793 1794 1795
f 3773 3772 1675
f 1584 1581 1783
f 1771 1797 3920
f 1801 1799 1798
f 1768 1769 1798
f 1775 1796 1797
f 508 514 515
f 1796 1803 1802
f 1800 1798 3920
f 1794 1805 1804
f 3532 1670 1752
f 485 1808 1807
f 3809 3844 1640
f 3837 3844 1810
f 485 482 1640
f 1690 1691 3770
f 487 488 1648
f 3839 1813 1816
f 3838 1811 1648
f 3839 1812 1811
f 1812 1809 487
f 1641 1809 767
f 465 466 755
f 767 1815 3823
f 3822 1816 3826
f 1809 1812 1815
f 3837 1653 1651
f 675 672 3541
f 1814 1649 1822
f 1821 1822 3821
f 1824 1822 1649
f 1827 1849 1850
f 1668 1669 1662
f 1779 1780 1848
f 1790 1827 1805
f 1833 1836 1853
f 3521 3506 693
f 1614 1615 1616
f 1852 1853 3498
f 1620 1621 1622
f 1855 1765 1574
f 1847 1852 3501
f 1766 1765 1855
f 1629 1630 1631
f 1633 1622 1634
f 1635 1636 1637
f 1848 1833 1852
f 1855 1861 1863
f 1803 1866 1867
f 1862 1863 1831
f 1782 1855 1862
f 3922 3924 1865
f 1873 1872 1870
f 1874 1869 799
f 2045 3878 3897
f 1219 1345 1295
f 1615 1614 1396
f 3884 3895 1877
f 645 3898 3786
f 1345 1219 1035
f 634 639 3884
f 15 1887 1327
f 3910 3895 1878
f 1894 604 605
f 3506 3551 627
f 340 341 454
f 1897 194 195
f 1889 1882 1877
f 1901 94 129
f 196 749 754
f 1705 1704 3921
f 340 378 166
f 1570 1480 563
f 1904 1494 194
f 1781 1862 1832
f 1905 549 55
f 1000 994 995
f 986 919 920
f 1191 1185 1190
f 2094 2077 2075
f 1920 1921 1919
f 453 454 1912
f 1915 1919 1918
f 3882 2112 2106
f 1916 1918 1926
f 704 3554 3561
f 278 1916 1925
f 3565 3564 1818
f 1097 949 1115
f 1927 1928 727
f 3578 3579 3654
f 1920 310 307
f 1929 307 48
f 503 504 1497
f 1902 1903 787
f 1816 1821 3820
f 1925 1926 1923
f 1535 1569 1568
f 254 252 258
f 1509 1497 366
f 119 86 35
f 219 288 293
f 141 46 47
f 542 205 244
f 1940 552 430
f 1779 1828 1827
f 1701 1710 3915
f 1661 3550 3515
f 270 53 754
f 197 1947 749
f 1727 1728 1212
f 53 54 232
f 1465 1468 1479
f 1284 3862 3854
f 1951 446 412
f 168 398 1554
f 1486 1485 206
f 506 77 78
f 994 1001 1007
f 951 953 963
f 1013 3859 3861
f 3826 3820 1820
f 1498 1909 1954
f 299 298 543
f 1754 1755 1756
f 1681 469 1683
f 1696 1694 1695
f 13 14 738
f 473 476 475
f 482 1641 768
f 204 62 30
f 1761 1762 820
f 611 1763 1125
f 1501 1503 1908
f 1074 1073 711
f 1960 1944 82
f 120 1956 1960
f 35 86 87
f 1773 1199 1025
f 1965 1545 1569
f 494 761 471
f 1966 1967 1969
f 446 1951 1971
f 174 368 125
f 1580 1579 1578
f 1785 1786 1787
f 1972 1546 304
f 1254 876 875
f 1973 341 342
f 321 1912 1973
f 1910 277 275
f 509 1973 514
f 1486 1507 1527
f 1974 1874 804
f 1977 1976 1974
f 1980 448 1966
f 379 1 2
f 1718 1715 1710
f 884 995 992
f 1680 1684 1678
f 902 990 525
f 344 255 256
f 135 138 137
f 448 446 1967
f 589 605 604
f 910 909 908
f 1981 1966 1968
f 1982 1981 1987
f 1988 1979 1987
f 1990 1988 1989
f 1991 1989 1993
f 322 321 320
f 992 828 830
f 1144 1076 1086
f 1995 1977 1978
f 1133 1129 1118
f 1997 1995 1994
f 870 1823 1335
f 805 806 1982
f 727 184 2000
f 1996 1994 1988
f 1994 1978 1979
f 1829 616 792
f 1830 1073 941
f 798 803 800
f 729 732 731
f 2011 2012 2023
f 1834 1835 846
f 402 283 284
f 2022 2023 2024
f 1838 718 989
f 810 955 952
f 1823 1839 1840
f 1430 1426 1432
f 1215 844 1841
f 1316 1208 873
f 2112 1401 1384
f 1842 1843 1844
f 1159 846 845
f 837 27 1846
f 1971 1951 2030
f 517 369 370
f 1471 2026 2027
f 3551 3525 626
f 2174 2175 770
f 935 934 1854
f 1613 1619 1611
f 1231 1228 1225
f 1856 1857 891
f 1300 1309 748
f 1150 1149 1858
f 1643 606 696
f 1215 1265 1264
f 1320 1860 902
f 1956 1943 1944
f 2031 668 669
f 2034 1325 1310
f 1879 1880 1656
f 40 245 242
f 1992 1993 2039
f 888 958 957
f 1882 1889 1996
f 1078 1138 1255
f 1871 912 1192
f 294 411 218
f 1323 2041 2026
f 123 1960 83
f 1324 2036 2041
f 384 358 359
f 1324 1325 2038
f 1883 1884 1885
f 287 1540 114
f 1096 1886 1134
f 915 1329 931
f 806 1980 1981
f 3533 3529 584
f 1425 2030 2042
f 1018 2042 1948
f 3562 1896 740
f 1948 2042 649
f 1881 1882 1990
f 1900 129 130
f 992 995 994
f 923 927 925
f 3878 2045 2047
f 1643 2048 625
f 2050 2052 2051
f 2045 1405 1404
f 3876 2047 945
f 1139 1080 1079
f 1037 1856 892
f 2055 2053 2057
f 1198 989 718
f 1619 2058 1612
f 2058 1605 1606
f 2059 2060 1607
f 2058 1619 1624
f 71 72 179
f 405 406 1557
f 322 1548 1972
f 2061 2052 2063
f 2066 2065 2067
f 2052 2061 2064
f 1609 1610 2066
f 1515 151 152
f 1009 827 993
f 1644 3843 3815
f 279 1915 1916
f 1285 3863 3862
f 1647 2066 1825
f 2056 2057 2067
f 319 320 1953
f 667 666 1913
f 2070 631 625
f 2052 2050 2055
f 2038 1654 1655
f 1606 1601 2073
f 1235 1917 1270
f 2072 2073 2075
f 2059 1606 2072
f 2074 2075 2077
f 1601 1602 2078
f 2049 2048 1643
f 1000 1004 1001
f 1089 943 684
f 1931 1286 1306
f 1462 1459 1021
f 1932 1933 1934
f 875 874 1846
f 1936 1051 1937
f 44 45 46
f 1534 1955 1956
f 1541 318 317
f 2081 2082 2084
f 146 1945 1959
f 1360 1941 1942
f 985 984 1032
f 1995 1997 1892
f 2079 2080 2082
f 2095 2096 2076
f 2081 2093 2078
f 2055 2050 2054
f 501 2096 2095
f 2097 2100 2099
f 2098 2099 2094
f 2140 2141 3893
f 2141 2046 3894
f 2051 2070 2048
f 592 2102 2101
f 2071 2064 2076
f 2102 2097 2098
f 593 2103 2102
f 1019 1895 746
f 1950 11 12
f 725 2071 2096
f 1385 2105 2104
f 1379 2104 2106
f 2107 2108 2100
f 3908 726 502
f 3896 502 499
f 940 1389 2109
f 928 929 1170
f 3868 590 684
f 1962 1963 1964
f 3878 680 573
f 2039 1993 1968
f 1389 1390 2110
f 1398 2111 2113
f 3757 3755 3753
f 3911 3883 2107
f 949 923 924
f 260 241 324
f 1390 1397 2113
f 2070 2051 2064
f 3867 3911 2103
f 2105 1385 1421
f 2114 1421 1423
f 3892 2114 2115
f 3908 2105 2114
f 554 2116 1902
f 972 1163 967
f 1765 1593 1573
f 1984 1985 1986
f 2053 2117 2069
f 3573 3556 724
f 1625 1677 1674
f 3881 3888 2119
f 3903 2115 2123
f 56 1954 1906
f 626 3877 3879
f 2001 2002 2003
f 3912 3841 2127
f 2006 2007 2008
f 2127 1413 1412
f 2014 2015 2016
f 2018 2019 2020
f 1495 1424 1947
f 1379 1377 1386
f 3814 3811 1680
f 2029 1885 1884
f 3902 2128 2120
f 629 3879 3914
f 682 683 943
f 724 1650 2121
f 1757 1819 3821
f 765 1810 3844
f 3851 714 715
f 706 707 3870
f 981 986 987
f 1457 1868 1656
f 2017 2016 2032
f 1458 1655 1868
f 1776 1777 1792
f 1959 1945 1946
f 3663 3715 3725
f 3913 3881 2122
f 1093 1089 689
f 966 965 968
f 3852 715 3881
f 2172 3577 2170
f 670 2138 2137
f 3761 787 1903
f 1429 19 28
f 964 963 978
f 3841 3813 1413
f 1473 1474 669
f 3834 3833 1359
f 2138 798 1870
f 1872 1473 2137
f 715 716 3888
f 1881 1991 1992
f 3843 3842 739
f 1837 1847 3513
f 253 58 59
f 1808 3837 3840
f 1647 3832 3818
f 3865 3866 671
f 2112 3882 3883
f 1405 2045 2044
f 3829 3824 1364
f 273 1541 391
f 576 632 3520
f 3875 3865 668
f 1430 1431 2140
f 2136 3850 3860
f 1430 2139 18
f 3893 3894 570
f 1442 1439 2046
f 1431 1442 2141
f 3869 3913 3850
f 3808 3823 1817
f 3866 3893 695
f 2142 2025 798
f 571 2143 2142
f 3819 3814 1618
f 2143 2022 2025
f 694 2142 2138
f 681 1572 2144
f 2144 2011 2022
f 328 210 457
f 1572 2010 2011
f 630 3892 3903
f 2085 2086 2087
f 2090 2091 2092
f 572 2144 2143
f 1875 1976 2153
f 1873 1875 2149
f 2103 2107 2097
f 2157 2043 2155
f 2128 1412 1414
f 3874 3871 589
f 3872 3870 628
f 2149 2153 2158
f 2159 2158 3905
f 698 3907 3902
f 3823 3847 3827
f 2158 2156 3874
f 1438 2044 2046
f 2035 2154 2160
f 2161 2160 3889
f 3871 3891 605
f 3873 17 18
f 370 29 61
f 649 1951 413
f 2153 2157 2156
f 1428 1429 1449
f 1490 76 73
f 3890 3905 710
f 2155 1891 3891
f 1456 1457 1880
f 2125 2088 2087
f 2160 2159 3890
f 300 1959 505
f 1064 1062 1046
f 2043 1892 1891
f 2129 2130 2004
f 2131 2132 2133
f 3848 3849 1450
f 1998 1975 804
f 3879 673 3864
f 474 492 490
f 1164 1165 1182
f 707 2162 3909
f 708 1472 2162
f 2162 2161 3886
f 548 549 1905
f 1145 1136 1114
f 705 2121 1650
f 2043 2157 1977
f 737 738 554
f 1034 1195 1191
f 458 1905 1907
f 195 196 232
f 2040 2039 1969
f 2145 2146 2147
f 2054 2050 2049
f 3832 1646 1639
f 9 12 11
f 252 364 506
f 472 478 479
f 1865 3924 3791
f 900 903 910
f 1941 2150 2151
f 1921 1928 1927
f 2163 1897 1898
f 271 156 153
f 1904 1326 12
f 282 263 264
f 1872 1873 2154
f 1326 1904 1897
f 628 692 693
f 1724 1722 1719
f 1549 1562 436
f 1582 1583 1730
f 1921 1920 1929
f 3563 3511 10
f 475 772 774
f 769 2172 2171
f 2171 2165 476
f 476 773 772
f 1791 565 464
f 2166 2167 2168
f 595 371 372
f 483 1809 1641
f 762 2174 2173
f 771 483 484
f 486 487 1809
f 297 1549 1517
f 763 2175 2174
f 776 755 759
f 184 185 2176
f 412 447 303
f 2005 2176 185
f 3811 1681 1682
f 2164 2170 756
f 1472 2035 2161
f 950 951 964
f 2177 2178 2179
f 227 226 1510
f 2182 2183 2184
f 2186 2019 2018
f 1985 2182 2181
f 214 736 729
f 865 849 842
f 849 865 1357
f 559 3187 3188
f 16 13 737
f 560 553 498
f 3193 3196 3195
f 3200 3197 3198
f 3211 3214 3213
f 3215 3218 3217
f 2187 2188 2002
f 2169 2168 2189
f 2192 2086 2085
f 2193 2194 2195
f 2198 2199 2200
f 1998 1982 1979
f 3664 3665 3668
f 2116 1898 1903
f 1859 2006 2009
f 3904 2123 2126
f 1135 1148 1087
f 2201 2202 2015
f 1149 111 110
f 3221 3222 3218
f 2203 2204 2205
f 579 580 1895
f 1755 2207 2208
f 3891 3910 1893
f 1211 2151 2150
f 868 997 2210
f 944 945 930
f 2130 2129 2202
f 233 1903 1898
f 665 751 750
f 1167 1254 999
f 2211 2212 2213
f 2215 2216 2217
f 3867 593 590
f 2220 221 220
f 823 824 948
f 3225 3220 3227
f 266 204 455
f 3882 2108 2107
f 2221 2222 3519
f 2223 2224 2225
f 2207 2125 2124
f 673 674 3869
f 817 1000 996
f 2227 2228 2146
f 1947 1948 646
f 3900 2135 17
f 2229 1635 1638
f 1679 1613 1618
f 1637 2231 2232
f 2233 2234 1617
f 2231 2235 2236
f 1381 1638 2238
f 3586 2241 2242
f 1630 2234 2233
f 1681 1626 472
f 1408 1407 2243
f 3236 3239 3238
f 3232 3241 3240
f 1637 2230 2238
f 3237 3238 3233
f 1409 1408 1634
f 1380 1383 2247
f 1628 2248 2245
f 2249 1623 1622
f 1632 1634 1408
f 2248 1628 1631
f 2235 2231 1637
f 3245 3246 3199
f 631 2070 2071
f 515 167 52
f 782 781 2251
f 2253 2254 2255
f 397 281 459
f 1456 2039 2040
f 2040 2041 2036
f 1401 2112 2111
f 2041 2040 1970
f 1535 121 414
f 1586 1587 2080
f 2256 983 1132
f 1700 1699 3918
f 3815 1896 1686
f 1263 2256 1886
f 598 1841 844
f 2257 2258 2259
f 2258 2261 2262
f 2259 2262 2263
f 2260 2259 2216
f 1967 1971 1970
f 2212 1964 1963
f 922 921 2218
f 1312 1098 1101
f 1307 1306 1286
f 1548 1569 1546
f 2266 2267 2268
f 2265 2268 2270
f 2272 2265 2269
f 2273 2266 2265
f 2275 2276 2277
f 2278 2274 2277
f 2284 2285 3617
f 2287 2283 2286
f 2288 2289 2283
f 2290 2284 3639
f 2291 2292 2293
f 2295 2291 2294
f 2296 2297 2291
f 2297 2298 2292
f 2294 2293 2299
f 2279 2294 2300
f 2298 2301 2302
f 2292 2302 2303
f 2293 2303 2304
f 2304 2305 2306
f 2308 2309 2310
f 2302 2307 2310
f 2301 2311 2307
f 2312 2308 2307
f 2313 2314 2315
f 2318 2319 2320
f 3748 3771 2322
f 2324 2325 2273
f 2313 2324 2326
f 2328 2324 2313
f 2329 2325 2324
f 2331 2332 2333
f 2330 2333 2267
f 2325 2330 2266
f 2329 2331 2330
f 2333 2334 2335
f 2336 2334 2333
f 2338 2336 2332
f 2331 2339 2337
f 2329 2340 2339
f 2328 2341 2340
f 2316 2342 2341
f 2342 2316 2315
f 2344 2345 2346
f 2341 2344 2347
f 2342 2348 2344
f 2348 2349 2345
f 2350 2351 2352
f 2339 2350 2353
f 2340 2347 2350
f 2347 2346 2351
f 2337 2353 2354
f 2353 2352 2355
f 2356 2277 2276
f 2356 2357 2358
f 2356 2359 2296
f 2279 2277 2356
f 2360 2361 2270
f 2267 2335 2360
f 2362 2363 2364
f 2362 2365 2361
f 2366 2362 2358
f 2366 2367 2363
f 2357 2276 2368
f 2366 2368 2369
f 2276 2275 2370
f 2368 2370 2282
f 2372 2373 2374
f 2375 2376 2377
f 2378 2379 2380
f 2382 2378 2381
f 2384 2385 2378
f 2385 2386 2379
f 2388 2389 2390
f 2387 2390 2392
f 2393 2394 2387
f 2394 2395 2388
f 2186 2401 2402
f 2403 2404 2327
f 2272 2403 2326
f 2271 2405 2403
f 2405 2406 2404
f 2404 2407 2408
f 2409 2410 2411
f 2409 2412 2271
f 2413 2409 2269
f 2413 2414 2410
f 2417 2415 2416
f 2417 2418 2406
f 2412 2417 2405
f 2411 2415 2417
f 2406 2419 2407
f 3569 3520 632
f 2420 2398 2397
f 2420 2421 2423
f 2424 2420 2422
f 2424 2399 2398
f 2425 2391 2392
f 2421 2425 2426
f 2397 2396 2425
f 2396 2393 2391
f 2427 2314 2408
f 2430 2427 2428
f 2343 2315 2427
f 2432 2343 2430
f 2431 2430 2429
f 2435 2431 2433
f 2436 2432 2431
f 2428 2408 2407
f 2422 2437 2407
f 2438 2437 2422
f 2429 2428 2437
f 2440 2434 2433
f 2441 2439 2433
f 2442 2443 2439
f 2443 2444 2440
f 2445 2446 2444
f 2447 2445 2443
f 2383 2381 2445
f 2381 2380 2446
f 2448 2438 2423
f 2449 2448 2426
f 2441 2448 2449
f 2441 2429 2438
f 2449 2392 2390
f 2450 2390 2389
f 2447 2450 2451
f 2442 2449 2450
f 2451 2389 2453
f 2452 2453 2455
f 2382 2452 2454
f 2383 2451 2452
f 2456 2457 2373
f 2459 2460 2461
f 2463 2464 2465
f 2462 2465 2285
f 2466 2462 2284
f 2467 2463 2462
f 2461 2460 3703
f 2468 2469 2470
f 2472 2468 2471
f 2474 2461 3701
f 2475 2476 2477
f 2458 2455 2453
f 2479 2453 2389
f 2395 2480 2479
f 2480 2459 2458
f 2481 2482 2483
f 2484 113 2485
f 2471 2470 2464
f 2473 2471 2463
f 2487 2467 2466
f 2486 2466 2290
f 2490 2486 2488
f 2491 2487 2486
f 2492 2473 2467
f 2493 2492 2487
f 2494 2495 2492
f 2495 2472 2473
f 3690 2496 2474
f 3691 2497 2496
f 2498 2494 2493
f 2500 2498 2499
f 3700 3687 2498
f 3687 3691 2494
f 2306 2504 2278
f 2305 2505 2504
f 2504 2505 2507
f 2506 2507 2288
f 2274 2506 2508
f 2278 2504 2506
f 3633 3632 2489
f 3620 3633 2488
f 2507 2509 2289
f 2505 2510 2509
f 2508 2288 2287
f 2511 2287 2281
f 2370 2511 2280
f 2275 2508 2511
f 2512 2490 2489
f 2514 2512 2513
f 2517 2512 2514
f 2517 2491 2490
f 2499 2493 2491
f 2499 2517 2516
f 2510 2505 2519
f 2518 2519 2521
f 3616 2518 2520
f 3632 2510 2518
f 2522 2304 2303
f 2523 2522 2310
f 2305 2304 2522
f 2524 2522 2523
f 2519 2524 2525
f 2505 2305 2524
f 2308 2312 2527
f 2526 2527 2529
f 2531 2526 2528
f 2309 2308 2526
f 1214 2532 2151
f 2419 2406 2418
f 2533 2345 2349
f 2534 2533 2317
f 2535 2536 2533
f 2536 2346 2345
f 2537 2351 2346
f 2538 2537 2536
f 2539 2540 2537
f 2540 2352 2351
f 2312 2355 2541
f 2527 2541 2542
f 2543 2435 2434
f 2545 2543 2544
f 2319 2318 2543
f 2318 2436 2435
f 2514 2515 2548
f 2547 2548 2550
f 2552 2547 2549
f 2552 2516 2514
f 2520 2521 2554
f 2553 2554 2556
f 3590 2553 2555
f 3621 2520 2553
f 2523 2309 2531
f 2557 2531 2530
f 2525 2523 2557
f 2559 2557 2558
f 2554 2559 2560
f 2521 2525 2559
f 2561 2375 2007
f 2376 2562 2225
f 2564 2565 2566
f 2563 2566 338
f 2569 2563 2567
f 2570 2564 2563
f 2572 2573 2574
f 2571 2574 2576
f 2544 2571 2575
f 2544 2434 2572
f 2578 2570 2569
f 2579 2577 2569
f 2574 2577 2579
f 2573 2578 2577
f 2581 2582 2583
f 2584 2580 2583
f 3697 3675 2580
f 3676 2581 2580
f 2582 2516 2552
f 2583 2552 2551
f 2500 2501 2589
f 2590 2588 2589
f 3693 3695 2588
f 3695 3700 2500
f 2501 2516 2591
f 2592 2593 2594
f 2386 2385 2503
f 2596 2379 2386
f 2596 2374 2373
f 2599 2596 2597
f 2599 2380 2379
f 2600 2446 2380
f 2600 2599 2598
f 2603 2600 2601
f 2603 2444 2446
f 2604 2603 2602
f 2440 2604 2605
f 2444 2603 2604
f 2606 2582 2581
f 2606 2607 2590
f 2591 2516 2582
f 3676 2587 2456
f 3689 2456 2372
f 2478 2477 2608
f 2609 2610 2611
f 2564 2570 2613
f 2612 2613 2598
f 2457 2612 2597
f 2565 2564 2612
f 2614 2613 2570
f 2615 2614 2578
f 2602 2601 2614
f 2601 2598 2613
f 2572 2434 2605
f 2616 2605 2602
f 2573 2572 2616
f 1459 1016 1045
f 1265 1215 1079
f 1612 1608 1609
f 2067 2057 2069
f 1135 1109 1136
f 1938 1937 2618
f 95 548 458
f 2058 1607 1608
f 1454 1469 1445
f 655 2620 1048
f 722 1049 2621
f 1131 985 1033
f 562 1481 366
f 1723 1719 1725
f 1786 1123 1122
f 267 300 323
f 1325 2034 1654
f 1468 1165 1435
f 658 657 529
f 8 532 247
f 382 1557 1559
f 788 619 1307
f 940 930 929
f 911 2622 2623
f 2621 2620 655
f 2624 1857 2625
f 998 1846 27
f 635 638 2626
f 2627 641 644
f 2628 2627 1840
f 1200 1199 2627
f 1199 1773 641
f 1520 515 49
f 1452 1350 1349
f 2630 2631 1859
f 644 643 1335
f 1197 1198 717
f 2632 717 719
f 2628 2632 1166
f 2629 1197 2632
f 1762 2633 1050
f 1823 870 873
f 2634 2635 794
f 1042 794 2635
f 93 94 1901
f 2036 2038 1458
f 1527 332 1525
f 877 876 1274
f 134 409 797
f 1328 893 931
f 607 777 1091
f 1043 2635 2637
f 2636 2637 2639
f 1275 2636 2638
f 1275 1040 1043
f 1272 2624 2626
f 2640 2626 638
f 1110 2641 2640
f 536 1272 2640
f 1472 708 1474
f 2042 2030 1951
f 1058 1106 1105
f 2642 2623 2643
f 1192 2642 2644
f 912 2623 2642
f 3898 1657 3526
f 1049 1048 2620
f 616 1829 1885
f 1331 1913 666
f 990 989 1198
f 1911 1912 321
f 1298 1282 1205
f 76 1490 1504
f 1502 1500 421
f 610 609 658
f 1146 937 659
f 2646 911 914
f 1280 1239 1238
f 1453 1454 1452
f 835 942 1843
f 1271 1270 1173
f 1893 1878 1826
f 1050 2633 1937
f 2651 2652 814
f 1006 1053 1281
f 2653 1084 2654
f 1001 1004 1003
f 585 997 679
f 2624 1272 621
f 555 678 2028
f 1207 526 1197
f 1626 1627 478
f 426 389 419
f 1030 1193 1773
f 3898 645 634
f 534 1533 138
f 1125 1092 1042
f 333 228 88
f 569 1570 561
f 1489 2656 871
f 1857 2624 620
f 1673 1674 3770
f 622 861 864
f 619 788 891
f 261 544 545
f 393 1555 1556
f 2658 2659 2647
f 1075 2658 2657
f 1081 1080 2658
f 1080 1139 2659
f 2644 2643 1141
f 2660 1141 1140
f 642 2660 1336
f 1193 2644 2660
f 679 678 555
f 1503 1501 1500
f 1318 1317 1101
f 2661 2659 1139
f 2661 1142 2663
f 2662 2647 2659
f 2662 2663 2622
f 2664 2622 911
f 2648 2664 2646
f 2648 2647 2662
f 2083 2094 2093
f 1442 1440 1437
f 519 329 330
f 1885 2029 1209
f 799 800 805
f 1946 1943 1952
f 1302 1301 1253
f 566 2005 224
f 1389 940 928
f 683 682 681
f 836 835 1842
f 2665 1842 1845
f 2666 2665 1303
f 24 836 2665
f 831 1072 2650
f 1845 1844 1304
f 2010 2013 2012
f 1051 1936 2667
f 1522 1521 1511
f 531 440 441
f 1250 635 2625
f 2669 2625 1857
f 783 2669 1856
f 782 1250 2669
f 720 2670 2671
f 1055 1931 1930
f 1333 1067 1251
f 619 622 1308
f 652 655 2619
f 521 522 1539
f 1838 988 537
f 2672 537 536
f 1113 2672 2641
f 1113 527 1838
f 1016 1013 1351
f 3897 573 570
f 226 227 104
f 3564 3669 3827
f 1036 1037 1884
f 2674 1301 1304
f 2673 1304 1844
f 1334 2673 2675
f 1333 2674 2673
f 2676 702 1039
f 1843 2676 2675
f 942 1074 2676
f 1074 699 702
f 752 1057 1055
f 1200 1166 656
f 1120 1846 874
f 2677 874 877
f 1241 2677 1052
f 1119 1120 2677
f 1560 1513 151
f 1208 1316 611
f 215 735 736
f 1460 1459 1462
f 1208 1207 1839
f 854 856 1282
f 72 445 182
f 544 1563 1565
f 217 200 456
f 2047 1404 930
f 1204 2618 1937
f 913 777 686
f 840 527 1113
f 1531 729 730
f 2678 778 1283
f 601 667 1914
f 1537 1538 459
f 1819 1757 3509
f 991 1860 862
f 2679 711 1073
f 2680 1830 983
f 779 2680 2256
f 778 2678 2680
f 2678 2679 1830
f 180 542 245
f 1886 1132 1131
f 1138 1137 1274
f 1841 598 1140
f 75 313 314
f 193 423 420
f 2681 2682 1099
f 170 1567 1565
f 349 416 417
f 1121 1124 2684
f 547 797 409
f 123 122 121
f 2643 2663 1142
f 1542 1544 513
f 899 900 907
f 1210 677 676
f 791 663 982
f 24 27 837
f 893 896 932
f 1860 1320 863
f 535 538 862
f 1569 1548 1547
f 181 455 542
f 660 659 937
f 2013 567 568
f 887 890 2631
f 1524 1508 361
f 520 161 162
f 2653 855 854
f 1238 1237 2655
f 718 1838 527
f 1492 1493 518
f 792 616 615
f 599 846 1835
f 290 457 456
f 312 171 1552
f 1248 2687 1179
f 153 149 177
f 1240 1181 1222
f 1257 1292 1235
f 1291 1084 1083
f 1052 877 1277
f 743 742 2618
f 444 140 430
f 23 1224 1172
f 2687 2654 1180
f 102 103 409
f 1283 607 610
f 373 497 650
f 1180 2654 1084
f 855 2653 2655
f 1173 1270 1917
f 2689 850 853
f 2688 853 1108
f 2686 2688 1279
f 2687 2689 2688
f 2691 1302 1252
f 2690 1252 850
f 1248 2690 2689
f 1248 1247 2691
f 2692 617 24
f 2691 2692 2666
f 1247 1258 2692
f 1258 1168 617
f 394 1554 1555
f 2693 1260 1259
f 1072 1236 1262
f 1257 1071 1168
f 398 439 1555
f 871 1784 1314
f 1178 1232 1249
f 1224 1289 1173
f 1010 2617 2618
f 1175 1174 1292
f 2654 2687 2686
f 2694 1157 1216
f 71 418 1487
f 701 1112 1111
f 1072 1261 2649
f 1085 2695 22
f 895 2694 1264
f 1601 1606 1605
f 1259 1262 1271
f 21 20 1220
f 988 991 538
f 598 597 1336
f 1050 860 818
f 1298 2645 1761
f 1168 1167 618
f 858 1168 1256
f 39 242 516
f 2652 1761 819
f 313 316 315
f 2026 1970 1971
f 2656 1489 596
f 814 819 818
f 2696 2651 813
f 1260 2696 2649
f 2693 2697 2696
f 2697 1296 2651
f 381 355 390
f 3818 3819 1611
f 1475 1427 1428
f 1292 1174 1917
f 1551 353 354
f 1526 1525 1523
f 1593 1589 1595
f 1232 1269 1246
f 2695 2693 1223
f 2698 1297 1296
f 2698 2697 2693
f 2685 2698 2695
f 2685 854 1297
f 562 1497 271
f 2652 2651 1296
f 1365 1366 1364
f 1958 1946 1953
f 585 588 2210
f 1561 1560 1515
f 975 2648 1146
f 347 67 68
f 1038 1111 636
f 2700 781 780
f 2699 780 1036
f 2701 2699 1883
f 851 2700 2699
f 2674 1333 2251
f 2702 2251 781
f 1253 2702 2700
f 1301 2674 2702
f 1519 387 388
f 1273 1239 1280
f 2703 1280 1107
f 2701 2703 852
f 1829 1273 2703
f 91 260 326
f 1784 871 2656
f 2683 2684 2705
f 1669 3534 3548
f 2062 2063 2060
f 621 535 861
f 2023 731 732
f 686 779 1263
f 857 1051 2668
f 883 830 882
f 637 636 1111
f 2668 894 893
f 2667 921 894
f 1039 1038 1068
f 313 75 1504
f 1911 1972 305
f 1936 2706 1964
f 2707 2402 2401
f 2708 2707 2183
f 738 2163 2116
f 2349 2348 2432
f 2711 2712 2020
f 2400 2711 2019
f 2714 2715 2716
f 2717 2718 2719
f 2721 2722 2723
f 2726 2727 2728
f 2725 2728 2730
f 2731 2725 2729
f 2732 2726 2725
f 2734 2735 2736
f 2738 2739 2740
f 2737 2740 2741
f 2744 2745 2746
f 2745 2744 2748
f 2749 2750 2747
f 2753 2749 2751
f 2250 1380 2246
f 2754 1396 1614
f 3598 2754 2755
f 3608 2745 2747
f 1617 2756 2755
f 2242 2758 1620
f 2191 2085 2760
f 2761 2759 2760
f 3648 2759 2761
f 3623 2191 2759
f 3209 3248 3223
f 1395 1394 2236
f 1395 2235 1636
f 1616 1635 2229
f 1617 2234 2763
f 2756 2763 3628
f 2765 2763 2234
f 2766 2764 3628
f 3202 3199 3246
f 1516 437 435
f 2768 2769 3552
f 1495 541 578
f 2135 2136 28
f 1690 1689 3926
f 2778 2779 2780
f 2777 2780 2781
f 2784 2778 2777
f 3555 3521 575
f 1494 1904 9
f 3529 2016 2015
f 451 61 505
f 2786 2787 2788
f 2779 2786 2785
f 2789 2752 2741
f 2790 2753 2752
f 2792 2793 2794
f 2793 2795 2796
f 2796 2797 2750
f 2794 2796 2749
f 2798 1393 1396
f 3591 2798 2754
f 2798 2799 2800
f 3591 3662 2799
f 2797 2796 2795
f 2791 2794 2753
f 216 233 232
f 3804 2806 2807
f 3805 2809 2804
f 2769 2810 3557
f 183 185 184
f 2811 2812 2775
f 2804 2811 2776
f 2809 2813 2811
f 2812 2811 2813
f 3805 2808 2816
f 3796 2818 2815
f 3798 3800 2820
f 3793 2823 2819
f 2824 2736 2735
f 2823 2825 2824
f 2825 2823 2826
f 3793 2822 2827
f 3796 2817 2826
f 2713 2716 2829
f 2828 2829 2831
f 2822 2821 2828
f 2821 2820 2713
f 2832 2827 2822
f 2833 2832 2830
f 2834 2835 2832
f 2835 2818 2827
f 2837 2838 2839
f 2836 2839 2841
f 2842 2836 2840
f 2843 2837 2836
f 2840 2841 2845
f 2718 2844 2845
f 2730 2728 2844
f 2727 2840 2844
f 2846 2845 2841
f 2829 2846 2847
f 2847 2841 2839
f 2848 2839 2838
f 2833 2848 2849
f 2831 2847 2848
f 2850 2814 2851
f 2853 2850 2852
f 2783 2777 2782
f 2785 2788 2853
f 2780 2785 2856
f 2857 2858 2855
f 2859 2857 2782
f 2861 2843 2842
f 2860 2842 2727
f 2862 2860 2726
f 2863 2861 2860
f 2861 2863 2858
f 2843 2861 2857
f 2856 2853 2854
f 2781 2856 2864
f 2837 2843 2859
f 2838 2837 2864
f 2852 2851 2834
f 2854 2852 2849
f 2865 2815 2818
f 2851 2865 2835
f 2813 2809 2815
f 2814 2813 2865
f 2866 2812 2814
f 2788 2866 2850
f 2866 2788 2787
f 2812 2866 2867
f 1892 1889 1890
f 2720 2719 2846
f 298 299 256
f 2872 2714 2713
f 3794 3800 2735
f 2729 2730 2874
f 2846 2716 2715
f 2876 2877 2878
f 2733 2875 2878
f 3806 3807 2879
f 3806 2880 2872
f 2882 2883 2884
f 2881 2884 2715
f 2880 2881 2714
f 2879 2882 2881
f 2885 2886 2887
f 2888 2889 2890
f 2885 2890 2892
f 2893 2886 2885
f 1942 2151 2532
f 2895 2892 2720
f 2884 2895 2870
f 2883 2896 2895
f 2896 2891 2892
f 2889 2874 2717
f 2890 2717 2720
f 2897 2893 2891
f 2898 2897 2896
f 2899 2898 2883
f 2900 2899 2882
f 3797 2900 2879
f 2876 2902 2901
f 2901 2902 2904
f 1785 2656 1835
f 2905 2906 2899
f 2907 2908 2897
f 3797 2901 2903
f 632 576 577
f 3532 3547 2867
f 434 385 550
f 2768 2770 3640
f 2910 2911 1623
f 2241 2912 2758
f 3640 2770 2913
f 1623 2911 2757
f 3587 2242 2757
f 2229 1381 1380
f 2765 1630 1629
f 2915 2914 1629
f 3642 3641 2914
f 3641 3622 2765
f 2919 2916 3642
f 2918 2915 2912
f 3614 2918 2241
f 3618 2919 3613
f 3541 2177 2180
f 3521 2002 2188
f 3705 3573 714
f 2925 2766 2917
f 2924 2917 2916
f 3610 2924 2919
f 3611 2925 2924
f 2926 2927 2766
f 3658 2926 2925
f 1715 1713 1705
f 785 497 498
f 1387 651 565
f 374 375 1899
f 3573 2203 2206
f 2929 2930 2886
f 2932 2933 2934
f 1905 1906 1908
f 2930 2935 2936
f 2938 2935 2930
f 1493 369 517
f 1603 1585 1586
f 2939 2938 2929
f 2940 2939 2908
f 3665 1707 1600
f 2886 2930 2937
f 2906 2907 2898
f 2908 2929 2893
f 2942 2934 2933
f 2941 2933 2937
f 3501 2941 2936
f 3498 2942 2941
f 2943 2944 2710
f 2943 2873 2874
f 2945 2943 2889
f 2946 2944 2943
f 2932 2945 2888
f 2931 2946 2945
f 727 1928 1929
f 2903 2904 2947
f 545 594 42
f 1480 1570 533
f 2907 2906 2949
f 2906 2905 2950
f 1558 452 215
f 3799 2903 2948
f 2054 1645 1644
f 3705 3684 2203
f 1828 1837 1849
f 2953 2954 2955
f 2952 2955 2957
f 2956 2261 2258
f 2953 2952 2258
f 2454 2455 2474
f 3747 2958 2959
f 3747 2132 2131
f 2961 2962 2963
f 2958 2963 2964
f 222 221 2485
f 2477 2226 2966
f 2631 2561 2006
f 2384 2454 2496
f 2967 2968 2959
f 2968 2967 2970
f 3759 2033 2971
f 3784 2971 2960
f 2972 2971 2033
f 2007 2377 2973
f 1836 1833 1832
f 3506 2188 2090
f 955 810 959
f 672 675 674
f 633 710 713
f 2024 732 733
f 2025 2024 803
f 425 1552 1550
f 2975 2976 888
f 1319 1158 1157
f 1212 1935 2977
f 889 957 2228
f 1978 1974 1975
f 1138 1078 1329
f 751 665 2979
f 1619 1613 1625
f 2252 2255 1728
f 1157 1160 845
f 2706 1936 1938
f 2980 2255 2254
f 2982 2975 887
f 802 712 711
f 678 677 2029
f 527 840 690
f 1839 1207 2629
f 2983 2984 602
f 2983 1914 1913
f 2985 2983 1331
f 2986 2984 2983
f 2987 2637 2635
f 2985 2988 2639
f 2990 1319 1318
f 2991 2992 2993
f 2995 2991 2994
f 1106 1058 2991
f 1058 1057 2992
f 1415 1406 1365
f 1317 922 2217
f 1932 1728 2255
f 926 2998 2999
f 3001 2993 2992
f 3000 2992 1057
f 2999 3000 2978
f 2998 3001 3000
f 3002 2998 2209
f 3002 3003 2996
f 2993 3001 3002
f 1103 1106 2995
f 3004 2995 2996
f 2209 2210 3004
f 588 1103 3004
f 295 296 433
f 2638 2639 2988
f 3005 2988 1056
f 1305 3005 1930
f 1276 2638 3005
f 1987 1968 1993
f 2633 1762 1761
f 1423 1422 1417
f 3561 3517 739
f 2671 2670 2704
f 1473 1872 2035
f 922 1317 2694
f 1401 1400 1378
f 556 2028 1884
f 842 848 3825
f 1854 2706 2617
f 933 1082 1081
f 1440 1441 1436
f 529 657 719
f 1031 1025 1027
f 777 913 912
f 2645 1205 1204
f 441 438 1538
f 790 1287 587
f 2065 2066 1610
f 1860 991 990
f 60 106 87
f 1424 1017 1948
f 332 1527 1507
f 261 262 138
f 187 188 449
f 1719 1720 1726
f 1931 1055 1059
f 3006 1059 1105
f 1287 3006 1104
f 1286 1931 3006
f 3007 3008 3009
f 3009 3008 653
f 618 999 26
f 2029 677 1210
f 957 601 600
f 1049 2146 2228
f 2631 890 3011
f 890 889 2227
f 3011 2227 2145
f 2561 3011 3012
f 1026 656 609
f 2706 1854 1961
f 3013 2965 2485
f 2148 2147 1267
f 3015 1267 1266
f 2997 2264 1101
f 642 641 1773
f 186 477 461
f 1041 1040 1320
f 1121 3016 3017
f 2984 2986 2987
f 3018 2987 2634
f 1048 603 3018
f 603 602 2984
f 2679 2678 801
f 2062 2072 2074
f 2061 2074 2076
f 414 303 1545
f 3016 1121 2683
f 3019 2683 2704
f 3020 3019 2670
f 3007 3016 3019
f 1871 1090 1091
f 3021 1787 1122
f 3022 3021 3017
f 1314 3021 3022
f 1784 1787 3021
f 1316 1315 1763
f 3023 3022 3010
f 3023 3009 795
f 1763 3023 1092
f 1315 3022 3023
f 3016 3007 3010
f 752 751 2978
f 2986 2639 2637
f 3024 654 653
f 3020 3024 3008
f 720 723 3024
f 723 2621 654
f 2681 1098 1268
f 2671 3025 1268
f 2705 2681 3025
f 1313 3026 3027
f 3026 3028 3029
f 3027 3029 3030
f 1311 3027 3031
f 2012 568 731
f 917 2657 974
f 743 1206 856
f 1888 2027 2030
f 2682 2705 2684
f 3032 2684 1124
f 1100 3032 2989
f 1099 2682 3032
f 1123 2990 2989
f 3033 1834 1159
f 2990 3033 1158
f 1123 1786 3033
f 1786 1785 1834
f 1054 1056 2988
f 2979 665 664
f 2623 2622 2663
f 1095 660 688
f 3034 3035 2261
f 3036 3034 2956
f 3037 3038 3034
f 3038 3039 3035
f 3040 3041 3026
f 2263 3042 3041
f 3042 3039 3043
f 3041 3043 3028
f 3044 3045 3043
f 3046 3047 3045
f 3047 3048 3049
f 3043 3045 3049
f 3038 3037 3051
f 3050 3051 3053
f 3052 3046 3044
f 3039 3038 3050
f 3054 3035 3039
f 3042 2263 2262
f 2261 3035 3054
f 2216 2263 2997
f 2212 2211 2667
f 3056 868 2209
f 934 3057 1961
f 2013 3755 3757
f 3058 3059 3060
f 3059 3062 3063
f 3060 3063 2213
f 3061 3060 1963
f 3063 3064 2214
f 3062 3065 3064
f 3065 2257 2260
f 3064 2260 2215
f 3066 3067 3031
f 2608 2966 3067
f 2966 2562 3068
f 3031 3067 3068
f 2455 2458 2461
f 2476 2223 2226
f 3551 2090 2089
f 433 354 355
f 2115 1423 1419
f 3509 2868 2922
f 3769 3737 2131
f 3069 2611 2167
f 2971 2972 2928
f 2961 2774 2773
f 3070 2475 2478
f 2610 2609 3071
f 2502 2371 2374
f 3072 2592 2595
f 2964 3046 3052
f 3048 2593 3074
f 2593 2592 3075
f 3075 3030 3029
f 3074 3029 3028
f 3072 3076 3075
f 3076 3072 2482
f 2481 2608 3066
f 3076 3066 3030
f 2967 3052 3053
f 2482 3072 3073
f 479 480 493
f 706 3900 3873
f 3561 2194 2221
f 2013 2010 3754
f 3533 2032 2016
f 3562 3519 2222
f 1171 1154 1155
f 2586 2566 2565
f 2982 110 113
f 2562 2376 3077
f 2376 2375 3012
f 3012 2145 2148
f 3077 2148 3015
f 2963 3047 3046
f 3051 3078 2970
f 1683 2173 491
f 3850 2122 1447
f 1986 2181 3734
f 3079 3080 2546
f 3081 3079 2575
f 1983 1986 3768
f 3082 2323 2319
f 3080 3082 2545
f 3734 3732 3082
f 3732 3748 2323
f 1309 1471 1888
f 3073 2595 2772
f 2760 3083 3084
f 2760 2085 2088
f 3085 3084 3086
f 3089 3085 3090
f 3089 2762 3084
f 3092 3088 3090
f 3093 2748 2744
f 2751 2747 2748
f 3093 2741 2752
f 2742 2741 3093
f 3094 3093 2743
f 3096 3097 3098
f 3099 3096 3087
f 3097 3094 3095
f 3100 2743 2746
f 3101 2927 3102
f 2764 2766 2927
f 2745 2764 3101
f 3102 3092 3091
f 3100 3091 3095
f 2869 2802 3592
f 3102 3103 3104
f 3658 2868 2869
f 2927 2926 3103
f 3098 3095 3091
f 3087 3098 3090
f 2088 2125 3105
f 3083 3105 3086
f 2483 3073 2771
f 2401 2186 2185
f 3099 3086 3105
f 2125 2207 3106
f 3108 2737 2742
f 3107 2742 3094
f 3110 3108 3107
f 3109 3107 3097
f 3111 3109 3096
f 3112 3110 3109
f 3113 2738 2737
f 3115 2723 2722
f 3117 3115 3114
f 3119 3117 3116
f 3118 3116 3120
f 3116 3114 3113
f 3122 3112 3111
f 3122 3123 1755
f 3124 3125 3126
f 3125 3118 3121
f 3128 3119 3118
f 3129 3128 3125
f 2020 2712 3128
f 3853 3857 1346
f 1065 1046 1047
f 1814 3838 3830
f 2021 2020 3129
f 3111 3099 3106
f 3123 3106 2207
f 2377 2225 2224
f 3014 2485 113
f 1756 2208 3782
f 3131 3132 2530
f 3133 3131 2528
f 1753 1756 3767
f 3134 3124 3127
f 2327 2408 2314
f 2436 2318 2317
f 2018 2021 3711
f 2534 3136 3137
f 2320 2322 3136
f 2185 2018 3712
f 3138 3139 2542
f 3134 3135 3744
f 3785 3130 3134
f 3140 3138 2539
f 2535 3137 3140
f 3711 2021 3130
f 2558 2530 3132
f 3782 3760 3141
f 2560 2558 3141
f 3760 3777 3142
f 958 888 2976
f 1933 1932 2980
f 2399 2424 2418
f 2348 2342 2343
f 2322 2320 2319
f 2718 2717 2874
f 2709 2729 2873
f 2894 2871 1361
f 346 289 176
f 1876 1877 1882
f 2802 2803 3607
f 3104 3144 3088
f 2974 2222 3649
f 3089 3145 2761
f 3088 3144 3145
f 2803 2974 3603
f 3870 3909 692
f 2123 1419 1418
f 1365 1363 1368
f 1581 1766 1782
f 3569 2202 2129
f 3555 2003 2002
f 3146 2585 2551
f 3751 3146 3147
f 3742 3149 3146
f 3149 2584 2585
f 3196 3198 3197
f 3604 2192 2191
f 3142 3150 2556
f 3777 3778 3150
f 3646 3152 2550
f 3150 3151 2555
f 3778 3780 3151
f 3788 3781 3152
f 3153 3147 2551
f 3152 3153 2549
f 3781 3776 3153
f 3776 3750 3147
f 3148 2767 2206
f 2183 2401 2321
f 2132 2960 2928
f 3684 3685 2204
f 3719 2198 2197
f 2594 2962 2773
f 2595 2594 2951
f 1870 798 799
f 3713 2179 2178
f 3706 2178 3736
f 336 3154 3774
f 339 3155 3154
f 3789 3683 3149
f 3683 3697 2584
f 2963 2962 3048
f 3722 3730 337
f 339 338 2566
f 3156 3157 2168
f 2610 3156 2167
f 2954 2953 3156
f 3157 3156 2953
f 3707 2166 2169
f 2567 3158 3159
f 337 3158 2567
f 3730 3069 2166
f 3764 2190 1983
f 2579 3160 3081
f 2568 3159 3160
f 3709 2169 2190
f 3065 3062 3162
f 3161 3162 1984
f 3157 3161 2189
f 2257 3065 3161
f 734 735 1922
f 3059 3058 2708
f 3163 2708 2182
f 3162 3163 1985
f 3062 3059 3163
f 3203 3206 3205
f 2122 2119 1448
f 3817 1686 1685
f 139 140 444
f 1570 569 566
f 2957 3164 3165
f 2955 3166 3164
f 1912 454 341
f 3130 3129 3124
f 1548 322 319
f 1949 1950 1327
f 2969 2970 3078
f 3167 3078 3169
f 3724 2014 2017
f 3720 2017 2033
f 3168 3169 3165
f 3170 3165 3164
f 3779 3170 3171
f 3724 3168 3170
f 3171 3164 3166
f 3172 3166 3071
f 3752 3172 3173
f 3756 3171 3172
f 3169 3037 3036
f 2593 3048 2962
f 3173 3071 2609
f 3174 2609 2199
f 3783 3174 2198
f 3749 3173 3174
f 2190 2189 1984
f 2196 2195 2767
f 2119 2120 1414
f 1464 1463 1466
f 2199 2611 3069
f 2457 2456 2587
f 2226 2225 2562
f 481 478 1627
f 333 1512 235
f 3078 3051 3037
f 3040 2264 2997
f 2219 1934 1933
f 2385 2384 2497
f 221 2220 3175
f 2220 1933 3143
f 3175 3143 2976
f 2484 3175 2975
f 2954 3071 3166
f 2630 1858 110
f 1547 319 1952
f 2091 2090 2188
f 3733 3736 2178
f 1918 1919 1927
f 955 956 960
f 2037 3014 112
f 3143 2980 2981
f 2218 2211 2214
f 672 3877 3787
f 2152 3013 3014
f 1147 1144 1143
f 2248 2246 1409
f 1615 1636 1635
f 1410 1409 2246
f 3241 3243 3242
f 1382 3176 3177
f 3177 1410 2247
f 2247 1383 3177
f 3176 2238 2230
f 1410 3177 3179
f 3179 3180 2243
f 1633 3181 2800
f 1621 1620 2758
f 1622 1621 2245
f 2236 1394 3181
f 2237 2236 3182
f 2250 1631 2233
f 2912 1629 1628
f 135 136 1564
f 1567 419 512
f 1085 1084 2653
f 3184 869 868
f 869 3184 3057
f 1266 1268 1098
f 1267 2147 722
f 937 1146 2646
f 2146 1049 722
f 2211 2218 921
f 1957 510 507
f 1313 1312 2264
f 1496 362 1493
f 2887 2937 2933
f 1687 1688 1659
f 145 1499 1498
f 37 38 418
f 1935 1934 3185
f 104 89 301
f 2101 2098 2083
f 543 298 360
f 1934 2219 3186
f 234 1521 212
f 3845 3821 1822
f 1976 1875 1874
f 223 3186 2219
f 3655 3656 3605
f 2165 2164 467
f 467 468 2165
f 773 476 2165
f 1935 1212 1728
f 3240 3225 3226
f 3261 3249 3250
f 3215 3216 3244
f 3265 3221 3215
f 3267 3245 3198
f 3205 3206 3269
f 3214 3211 3265
f 3271 3213 3214
f 3251 3252 3239
f 3222 3221 3266
f 3232 3235 3234
f 3216 3242 3243
f 3196 3193 3268
f 3244 3243 3254
f 3238 3239 3247
f 3264 3244 3255
f 3253 3242 3216
f 3211 3266 3221
f 3257 3217 3218
f 3258 3222 3272
f 3274 3275 3280
f 3228 3229 3262
f 3275 3231 3281
f 3226 3227 3273
f 3236 3263 3260
f 3281 3263 3236
f 3287 3271 3192
f 3235 3226 3280
f 3234 3280 3281
f 3288 3290 3259
f 3289 3212 3278
f 3210 3209 3224
f 3199 3202 3201
f 3228 3231 3230
f 3290 3288 3285
f 3282 3279 3271
f 3260 3263 3262
f 3243 3241 3268
f 3267 3268 3241
f 3194 3207 3208
f 3191 3270 3269
f 3270 3191 3192
f 3275 3274 3230
f 3264 3269 3270
f 3213 3271 3279
f 3272 3266 3289
f 3277 3278 3212
f 3228 3263 3281
f 3220 3225 3253
f 3219 3253 3217
f 3256 3218 3222
f 3247 3239 3252
f 3245 3267 3232
f 3266 3211 3212
f 3208 3205 3255
f 3288 3289 3284
f 3204 3205 3208
f 560 1899 3187
f 3209 3210 3201
f 3189 3192 3191
f 448 1980 807
f 647 648 122
f 1833 1848 1780
f 510 509 508
f 3210 1949 1887
f 1887 15 3200
f 15 16 3197
f 16 3188 3195
f 3195 3188 3187
f 3194 3187 1899
f 3207 1899 375
f 387 173 126
f 3189 1791 1760
f 3577 763 757
f 763 3577 2172
f 3583 3582 3580
f 3581 3580 3579
f 3594 3597 3596
f 3400 3601 3602
f 3626 3624 3625
f 3631 3635 3599
f 3636 3637 3595
f 3647 3584 3588
f 3650 3582 3584
f 3653 3579 3580
f 3653 2176 3654
f 1801 1864 3656
f 3651 3580 3582
f 3644 3638 3595
f 1767 1768 3659
f 1597 3663 3661
f 1708 1707 3665
f 3671 3668 3667
f 3666 3667 3673
f 1588 1708 3664
f 2080 3671 3666
f 2082 3666 3672
f 3674 3677 3635
f 3677 3678 3636
f 3682 3647 3645
f 3692 3651 3650
f 3681 3645 3644
f 786 3694 3692
f 3694 3653 3651
f 785 3692 3686
f 497 3686 3682
f 650 3682 3681
f 3696 564 3681
f 3405 3606 3605
f 3702 3699 3678
f 3699 3698 3679
f 3645 3588 3638
f 1799 3657 3659
f 3708 3704 3458
f 3462 3710 3708
f 3714 463 564
f 3615 3606 3602
f 3710 3714 3696
f 3635 3636 3596
f 3629 3626 3627
f 3597 3600 3599
f 3630 3716 3715
f 3627 3625 3597
f 3717 3716 3723
f 3715 3663 3660
f 3716 3717 3725
f 3668 3665 3661
f 3668 3725 3717
f 3667 3717 3718
f 3727 3728 3673
f 3728 1576 3672
f 3726 3727 3718
f 1576 2101 2084
f 3727 3726 3731
f 3203 376 1387
f 3190 1387 1791
f 317 240 259
f 2000 2176 3653
f 3601 3599 3600
f 3589 3588 3584
f 3577 758 756
f 3585 3584 3582
f 3678 3679 3637
f 3204 375 376
f 1801 3655 3657
f 3729 3735 3728
f 1575 3735 3738
f 3735 1575 1576
f 1776 1795 1796
f 1293 1294 1290
f 1326 14 1327
f 1294 1245 1234
f 878 1244 1330
f 497 373 374
f 122 648 413
f 3699 3702 3704
f 3606 3405 3401
f 3708 3710 3698
f 3464 3714 3710
f 3704 3674 3443
f 439 398 399
f 1512 1528 1526
f 1668 1741 1738
f 839 849 1362
f 1362 1357 826
f 3843 740 1896
f 2053 2054 2118
f 3888 3887 2120
f 696 697 3816
f 1826 1878 639
f 3740 3739 3729
f 956 885 886
f 1980 806 1922
f 33 34 105
f 1343 1344 3856
f 3907 2127 2128
f 1766 1581 1582
f 14 1326 2163
f 595 98 99
f 3233 3238 3246
f 1346 1035 1044
f 748 1888 1425
f 3193 3208 3254
f 3190 3191 3206
f 3612 3605 3606
f 3624 3612 3615
f 3631 3415 3443
f 3679 3680 3644
f 3686 3650 3647
f 3702 3677 3674
f 3625 3615 3600
f 3601 3400 3415
f 3739 3738 3735
f 3630 3627 3594
f 3741 3723 3716
f 1284 1290 1288
f 3698 3696 3680
f 1778 1781 1780
f 1792 1759 1584
f 695 570 571
f 3638 3741 3594
f 3741 3638 3588
f 3247 3248 3209
f 3292 3293 3294
f 3296 3297 3298
f 3299 3298 3300
f 3302 3303 3304
f 3306 3307 3308
f 3307 3310 3311
f 3303 3302 3301
f 3312 3305 3304
f 3314 3315 3316
f 3318 3319 3320
f 3324 3318 3321
f 3326 3327 3328
f 3329 3330 3331
f 3333 3334 3335
f 3337 3338 3339
f 3333 3336 3341
f 3342 3341 3343
f 3319 3345 3344
f 3338 3335 3334
f 3346 3301 3302
f 3305 3348 3347
f 3350 3337 3340
f 3312 3349 3348
f 3352 3343 3341
f 3311 3353 3354
f 3341 3336 3327
f 3359 3360 3361
f 3318 3363 3345
f 3364 3363 3318
f 3314 3364 3324
f 3366 3299 3301
f 3299 3366 3367
f 3308 3354 3368
f 3369 3317 3295
f 3317 3369 3364
f 3370 3295 3317
f 3325 3371 3365
f 3352 3320 3319
f 3296 3367 3353
f 3297 3296 3311
f 3363 3368 3354
f 3345 3354 3353
f 3344 3353 3367
f 3366 3333 3342
f 3347 3339 3334
f 3339 3347 3348
f 3348 3349 3351
f 3363 3364 3369
f 3294 3309 3368
f 3293 3306 3309
f 3331 3373 3374
f 3346 3334 3333
f 3323 3322 3352
f 3356 3355 3321
f 3355 3357 3325
f 3357 3358 3371
f 3322 3356 3320
f 3361 3330 3329
f 3373 3372 3375
f 3374 3375 3376
f 3329 3332 3376
f 3327 3375 3372
f 3336 3335 3375
f 3335 3338 3376
f 3376 3338 3337
f 3337 3350 3359
f 3359 3350 3276
f 3377 3292 3295
f 3277 3316 3315
f 3371 3378 3379
f 3378 3371 3358
f 3365 3379 3315
f 3316 3277 3279
f 3282 3377 3370
f 3378 3285 3284
f 3380 3286 3285
f 3379 3284 3278
f 3276 3350 3351
f 3291 3351 3349
f 3313 3304 2965
f 2965 3304 3303
f 222 3303 3300
f 223 3300 3298
f 3298 3297 3185
f 3297 3310 2977
f 3310 3307 1213
f 3307 3306 1214
f 2532 1214 3306
f 2894 2532 3293
f 2871 2894 3292
f 3253 3225 3240
f 1997 1996 1889
f 1237 745 744
f 1535 1534 120
f 1531 1532 201
f 1119 1241 1032
f 946 948 824
f 163 8 5
f 3589 3726 3723
f 1155 1156 1162
f 427 213 327
f 553 1902 796
f 3381 2232 2231
f 3381 3178 2230
f 2237 3183 3180
f 3383 3384 3385
f 3384 3386 3387
f 3386 3388 3389
f 3388 3390 3391
f 3392 3393 3394
f 3395 3394 3396
f 3398 3399 3397
f 3400 3401 3399
f 3403 3404 3405
f 3406 3407 3404
f 3408 3409 3407
f 3410 3411 3409
f 3412 3413 3411
f 3415 3400 3398
f 3414 3398 3396
f 3416 3396 3394
f 3417 3394 3393
f 3393 3419 3420
f 3419 3390 3421
f 3390 3388 3422
f 3388 3386 3423
f 3386 3384 3424
f 3384 3383 3425
f 3425 3383 3426
f 2904 3427 3428
f 3429 3427 2904
f 3430 3429 2902
f 2875 3431 3430
f 3432 3433 2733
f 2825 3434 3435
f 3437 3438 3439
f 3441 3437 3436
f 2724 2723 3434
f 3436 3439 3115
f 3440 3436 3117
f 3443 3415 3414
f 3442 3414 3416
f 3444 3416 3417
f 3445 3417 3418
f 3446 3418 3420
f 3420 3421 3448
f 3421 3422 3449
f 3422 3423 3450
f 3423 3424 3451
f 3424 3425 3452
f 3425 3184 3056
f 3451 3452 2253
f 3450 3451 2252
f 3449 3450 1727
f 3448 3449 2150
f 3453 3447 3448
f 3454 3446 3447
f 3455 3445 3446
f 3456 3444 3445
f 3442 3444 3456
f 3443 3442 3457
f 3459 3460 3458
f 3457 3456 3455
f 3459 3455 3454
f 3462 3460 3459
f 3461 3454 3453
f 3464 3462 3461
f 3463 3453 1941
f 3404 3399 3401
f 3407 3397 3399
f 3409 3395 3397
f 3411 3392 3395
f 3465 3466 3413
f 3467 3468 3469
f 3465 3412 3431
f 3470 3467 3466
f 3438 3470 3432
f 3467 3470 3438
f 3468 3467 3437
f 3471 3469 3468
f 3472 3468 3441
f 3473 3441 3440
f 2712 3440 3119
f 3475 3471 3472
f 3474 3472 3473
f 3476 3473 2712
f 3477 3476 2711
f 3478 3474 3476
f 3479 3475 3474
f 3392 3411 3413
f 3466 3469 3480
f 3419 3393 3392
f 3390 3419 3480
f 3469 3471 3391
f 3389 3391 3471
f 3387 3389 3475
f 3385 3387 3479
f 3482 3477 2400
f 3483 3478 3477
f 3481 3479 3478
f 3484 3482 2402
f 3058 3484 2707
f 3061 3485 3484
f 3485 3483 3482
f 3382 3385 3481
f 3486 3481 3483
f 3426 3383 3382
f 3487 3382 3486
f 3486 3485 3061
f 1961 3057 3487
f 3057 3184 3426
f 3428 3403 3402
f 3427 3406 3403
f 3429 3408 3406
f 3430 3410 3408
f 3431 3412 3410
f 3470 3465 3433
f 3434 3439 3438
f 2723 3115 3439
f 2875 2733 3433
f 2736 2824 3435
f 2947 3428 3488
f 3464 3463 1360
f 1900 1925 1924
f 1736 1717 1718
f 1955 1952 1943
f 1671 1738 1735
f 1696 1750 1698
f 1800 1865 1864
f 2063 2055 2056
f 1737 1734 1717
f 1751 1735 1697
f 943 3885 3899
f 3656 3488 3402
f 1577 1578 1764
f 3917 1598 1599
f 1945 146 82
f 68 6 7
f 147 1542 1543
f 1109 1135 1133
f 1503 1910 1907
f 1499 1501 1909
f 452 1922 735
f 1824 2068 3835
f 1825 2067 2068
f 1463 1462 1022
f 841 1012 1009
f 1568 1547 1955
f 1910 1503 1502
f 1939 1502 422
f 309 280 1940
f 1804 1851 1866
f 269 1482 1954
f 2065 1607 2060
f 3812 1685 1758
f 280 276 552
f 1875 1873 1869
f 1739 1721 1734
f 1778 1779 1790
f 310 1920 1915
f 1909 1908 1906
f 1789 1783 1778
f 978 981 980
f 1584 1759 1731
f 425 426 311
f 148 1543 115
f 2044 3897 3894
f 277 1910 1939
f 1943 1946 1945
f 1461 1462 1463
f 2253 3452 3056
f 2981 2254 3489
f 2209 2998 3489
f 2254 2253 3055
f 2998 926 958
f 2826 2817 2721
f 3490 2739 2721
f 2816 3491 3490
f 2334 2297 2296
f 2298 2297 2334
f 2301 2298 2336
f 2311 2301 2338
f 2312 2311 2354
f 2359 2358 2361
f 2335 2296 2359
f 2414 2413 2365
f 2413 2270 2361
f 2355 2352 2540
f 2541 2540 2539
f 2722 2721 2739
f 3114 2722 2738
f 3110 3112 3121
f 3108 3110 3120
f 3122 1754 3127
f 3112 3122 3126
f 3127 1754 1753
f 3139 3133 2529
f 3744 3775 3133
f 3490 2789 2740
f 3491 2790 2789
f 228 229 91
f 245 244 243
f 248 7 247
f 2 297 296
f 145 146 300
f 327 213 210
f 329 332 331
f 239 241 240
f 373 376 375
f 178 177 176
f 1218 1225 1228
f 3862 1231 1295
f 808 809 824
f 3858 3859 1013
f 3813 3810 1411
f 2154 2149 2159
f 3845 3835 1758
f 306 807 1922
f 2157 2153 1976
f 708 709 2031
f 1450 1226 1227
f 1672 1604 1605
f 1813 1814 1821
f 1717 1716 1715
f 176 159 402
f 1710 1705 3916
f 1712 1580 1577
f 1705 1713 1711
f 971 978 979
f 822 823 1094
f 2909 2810 2793
f 2810 2769 2795
f 2799 2910 2249
f 3662 3643 2910
f 2769 2768 2801
f 3177 3176 3178
f 3178 3381 3180
f 3181 1394 1393
f 3181 1633 1632
f 3182 1632 2244
f 3183 2244 2243
f 3492 2791 2790
f 2808 3492 3491
f 2239 3574 3572
f 2202 3569 3566
f 2921 3564 3565
f 3568 3560 2133
f 1777 1579 1759
f 1201 1196 1183
f 3561 3554 2195
f 3553 3576 2770
f 3927 3925 1687
f 1516 152 154
f 3549 3562 2974
f 3550 3548 2779
f 3070 2771 3546
f 3547 3544 2775
f 1376 1375 1370
f 2767 3543 3556
f 2195 3554 3543
f 2775 3544 3542
f 3377 3282 3545
f 3804 3802 3539
f 2776 3542 3538
f 2240 3572 3535
f 2920 3535 3669
f 3548 3534 2786
f 1805 1850 1851
f 3534 3532 2787
f 2772 2951 3531
f 2973 2224 3530
f 1957 1953 320
f 306 305 304
f 2770 3576 3528
f 2913 3528 3574
f 2923 3565 3527
f 308 1940 431
f 207 208 132
f 1879 1876 1881
f 3733 3787 3525
f 2476 2475 3524
f 2223 2476 3523
f 3522 3549 2803
f 1959 1958 450
f 2003 3555 3520
f 9 10 334
f 2009 2008 3518
f 3877 672 673
f 3515 3550 2778
f 2935 3514 3513
f 111 1149 3570
f 3510 3514 2935
f 683 3876 3885
f 3508 3557 2810
f 736 733 732
f 1795 1804 1803
f 3505 3510 2938
f 3507 3505 2939
f 2950 3512 3504
f 2940 2949 3504
f 3801 3791 3512
f 2868 3509 3502
f 2869 3502 3522
f 1024 1034 1023
f 3500 3503 2948
f 551 1939 442
f 2972 3499 3568
f 2032 3533 3499
f 216 93 1924
f 203 202 201
f 1828 1848 1847
f 1958 1957 449
f 272 271 178
f 2871 3545 3495
f 3619 3669 3564
f 2801 2768 3643
f 2005 3758 3654
f 960 886 899
f 3657 3655 3612
f 3780 3788 3646
f 3151 3646 3593
f 2193 3604 3623
f 3607 3603 3145
f 3603 3649 2761
f 3592 3607 3144
f 2926 3658 3634
f 3634 3592 3104
f 3755 3754 3746
f 566 567 3758
f 3488 3656 1864
f 1602 1586 2079
f 2868 3658 3611
f 2922 3611 3610
f 2923 3610 3618
f 3670 3613 2918
f 3619 3670 3614
f 2921 3618 3670
f 2920 3614 3586
f 3613 3642 2915
f 2917 2766 3622
f 2916 2917 3641
f 2239 3587 3652
f 2911 3640 3652
f 3643 3640 2911
f 2797 2801 3662
f 2797 3591 3598
f 3622 3628 2763
f 3608 3628 2764
f 2194 3623 3648
f 2221 3648 3649
f 2756 3608 3609
f 2750 3598 3609
f 3669 3535 1817
f 3763 3770 1691
f 2515 3621 3590
f 2548 3590 3593
f 2513 2489 3632
f 2513 3616 3621
f 2509 3633 3620
f 2510 3632 3633
f 2289 3620 3639
f 2283 3639 3617
f 2240 3586 3587
f 3659 3657 3624
f 716 2121 3887
f 727 1999 3761
f 2165 2171 2170
f 3660 3659 3626
f 3743 3581 3578
f 2175 2172 769
f 2100 500 2095
f 3758 567 3757
f 1653 3576 3553
f 1653 1810 3528
f 3762 1603 1604
f 2093 2075 2073
f 959 996 995
f 962 899 919
f 1400 1401 1398
f 1000 817 1127
f 956 959 884
f 1662 3548 3550
f 3926 1689 3539
f 3535 3572 766
f 3572 3574 765
f 1684 1651 1652
f 1682 1683 775
f 1585 1603 3762
f 3763 3762 1672
f 2173 2174 490
f 1658 3544 3547
f 3556 3543 1650
f 1571 3754 2010
f 1587 3664 3671
f 2099 2095 2077
f 787 3761 1999
f 2000 3694 786
f 3155 339 3697
f 3713 3155 3683
f 2180 2179 3685
f 3496 2180 3684
f 1684 3846 3840
f 1760 464 3495
f 2607 3689 3693
f 2581 3676 3689
f 2371 2502 3700
f 2371 3695 3693
f 2587 3676 3675
f 2586 3675 3697
f 2497 3691 3687
f 2502 2503 3687
f 2494 3691 3690
f 3690 3688 2472
f 3688 3701 2468
f 3701 3703 2469
f 726 3908 3892
f 1837 3514 3510
f 1851 3507 3504
f 3527 3565 1820
f 1758 1685 3522
f 1693 3557 3508
f 3504 3512 1867
f 2126 1418 3813
f 3906 2126 3841
f 2113 3911 3867
f 2179 3713 3789
f 624 3903 3904
f 2192 3604 3788
f 2177 3541 3787
f 1364 3824 3833
f 3858 3855 1470
f 3135 1753 3775
f 2069 3812 3835
f 1351 3861 3853
f 2108 3882 3901
f 2089 2092 3736
f 3828 3834 1358
f 2001 3749 3783
f 2187 3783 3719
f 2130 3756 3752
f 2004 3752 3749
f 2014 3724 3779
f 2201 3779 3756
f 3167 3720 3759
f 3168 3724 3720
f 3159 3709 3764
f 3160 3764 3765
f 3730 3707 3158
f 3158 3707 3709
f 2200 3069 3730
f 3685 3789 3742
f 3722 3774 2197
f 3790 3736 2092
f 3774 3790 3721
f 3154 3706 3790
f 3155 3713 3706
f 2091 3719 3721
f 2196 3148 3750
f 2193 2196 3776
f 3604 2193 3781
f 2086 2192 3780
f 2087 2086 3778
f 2204 3742 3751
f 2205 3751 3750
f 3909 3886 574
f 2124 2087 3777
f 2208 2124 3760
f 3711 3785 3140
f 3785 3745 3138
f 3745 3744 3139
f 3771 3712 3136
f 3712 3711 3137
f 3775 3767 3131
f 3767 3782 3132
f 1813 3839 3838
f 1293 3854 3856
f 2184 2321 3748
f 2181 2184 3732
f 3765 3768 3079
f 3768 3734 3080
f 709 3873 3875
f 2774 2961 3737
f 3809 3808 766
f 2968 3784 3766
f 2969 3759 3784
f 2958 3747 3737
f 2132 3747 3766
f 2321 2185 3771
f 3860 3848 1449
f 3905 3874 582
f 3886 3889 577
f 3847 3826 1818
f 705 3902 3887
f 3816 3912 3907
f 2111 3883 3911
f 3810 3829 1366
f 1812 3839 3822
f 675 3851 3852
f 3496 3705 3851
f 2110 3867 3868
f 2104 3896 3901
f 2109 3868 3899
f 3842 3831 703
f 1680 3811 3846
f 1639 1627 3819
f 623 3904 3906
f 2139 2140 3866
f 1808 1640 3844
f 3820 3821 1819
f 3872 3914 3900
f 1646 3832 3830
f 3889 3890 633
f 2139 3865 3875
f 2156 2155 3871
f 674 3852 3913
f 2117 3817 3812
f 1815 3822 3847
f 3855 3849 1444
f 697 3906 3912
f 866 842 3836
f 3864 3869 2136
f 3585 3731 3726
f 3583 3740 3731
f 3753 3746 3738
f 3740 3583 3581
f 1088 3738 3746
f 3739 3740 3743
f 2791 3492 3493
f 3492 2808 2807
f 2792 3493 3494
f 3493 2807 2806
f 3508 2909 3494
f 3516 3494 2806
f 2948 3503 3791
f 2105 3908 3896
f 3538 3802 3804
f 680 3878 3876
f 1891 1890 3910
f 2905 3799 3801
f 2900 3797 3799
f 2901 3797 3807
f 2734 2878 3806
f 2877 3807 3806
f 2820 3800 3794
f 2818 3796 3792
f 2823 3793 3792
f 2822 3793 3798
f 2819 2735 3800
f 2817 3796 3795
f 2809 3805 3795
f 2808 3805 3803
f 2805 3804 3803
f 1702 3921 3923
f 3922 3920 1797
f 3915 3916 1706
f 3918 3927 1692
f 1657 3898 3880
f 1890 1877 3895
f 3772 3770 1674
f 1689 1690 3772
f 3926 3802 3538
f 3516 3539 1689
f 3917 3923 1703
f 1598 3917 3928
f 3880 3884 1876
f 1691 1690 3925
f 3925 3926 1688
f 3934 3933 3937
f 3934 3938 3939
f 3932 3936 3937
f 3938 3942 3943
f 3937 3936 3940
f 3937 3941 3942
f 3942 3946 3947
f 3941 3940 3944
f 3942 3941 3945
f 3947 3946 3950
f 3944 3948 3949
f 3945 3949 3950
f 3950 3954 3955
f 3949 3948 3952
f 3950 3949 3953
f 3955 3954 3958
f 3953 3952 3956
f 3953 3957 3958
f 3959 3958 3962
f 3957 3956 3960
f 3958 3957 3961
f 3962 3966 3967
f 3960 3964 3965
f 3961 3965 3966
f 3966 3970 3971
f 3965 3964 3968
f 3966 3965 3969
f 3970 3974 3975
f 3968 3972 3973
f 3969 3973 3974
f 3974 3978 3979
f 3973 3972 3976
f 3974 3973 3977
f 3979 3978 3982
f 3976 3980 3981
f 3977 3981 3982
f 3982 3986 3987
f 3981 3980 3984
f 3982 3981 3985
f 3987 3986 3990
f 3984 3988 3989
f 3985 3989 3990
f 3991 3990 3994
f 3989 3988 3992
f 3990 3989 3993
f 3995 3994 3998
f 3992 3996 3997
f 3993 3997 3998
f 3998 4002 4003
f 3997 3996 4000
f 3998 3997 4001
f 4002 4006 4007
f 4000 4004 4005
f 4001 4005 4006
f 4006 4010 4011
f 4005 4004 4008
f 4006 4005 4009
f 4011 4010 4014
f 4008 4012 4013
f 4009 4013 4014
f 4014 4018 4019
f 4013 4012 4016
f 4014 4013 4017
f 4019 4018 4022
f 4016 4020 4021
f 4017 4021 4022
f 4023 4022 4026
f 4021 4020 4024
f 4022 4021 4025
f 4027 4026 4030
f 4024 4028 4029
f 4025 4029 4030
f 4031 4030 4034
f 4029 4028 4032
f 4030 4029 4033
f 4034 4038 4039
f 4032 4036 4037
f 4033 4037 4038
f 4038 4042 4043
f 4037 4036 4040
f 4038 4037 4041
f 4043 4042 4046
f 4040 4044 4045
f 4041 4045 4046
f 4046 4050 4051
f 4045 4044 4048
f 4046 4045 4049
f 4051 4050 4055
f 4048 4053 4054
f 4049 4054 4055
f 4056 4055 4059
f 4053 4057 4058
f 4055 4054 4058
f 4060 4059 3934
f 4058 4057 3932
f 4058 3933 3934
f 4069 4068 4081
f 4065 4064 4077
f 4063 4062 4075
f 4071 4084 4085
f 4069 4082 4083
f 4067 4080 4081
f 4066 4065 4078
f 4063 4076 4077
f 4061 4074 4075
f 4072 4085 4086
f 4071 4070 4083
f 4076 4089 4090
f 4074 4087 4088
f 4086 4085 4098
f 4083 4096 4097
f 4082 4081 4094
f 4078 4077 4090
f 4076 4075 4088
f 4085 4084 4097
f 4082 4095 4096
f 4080 4093 4094
f 4089 4102 4103
f 4088 4087 4100
f 4098 4111 4112
f 4096 4109 4110
f 4095 4094 4107
f 4090 4103 4104
f 4089 4088 4101
f 4097 4110 4111
f 4095 4108 4109
f 4094 4093 4106
f 4092 4091 4104
f 4103 4102 4115
f 4100 4113 4114
f 4112 4111 4124
f 4110 4109 4122
f 4107 4120 4121
f 4103 4116 4117
f 4101 4114 4115
f 4110 4123 4124
f 4109 4108 4121
f 4107 4106 4119
f 4105 4104 4117
f 4115 4128 4129
f 4114 4113 4126
f 4124 4137 4138
f 4123 4122 4135
f 4120 4133 4134
f 4117 4116 4129
f 4114 4127 4128
f 4124 4123 4136
f 4122 4121 4134
f 4119 4132 4133
f 4117 4130 4131
f 4129 4128 4141
f 4126 4139 4140
f 4138 4137 4150
f 4136 4135 4148
f 4133 4146 4147
f 4130 4129 4142
f 4127 4140 4141
f 4137 4136 4149
f 4135 4134 4147
f 4132 4145 4146
f 4131 4130 4143
f 4142 4141 4154
f 4140 4139 4152
f 4150 4162 4163
f 4149 4148 4160
f 4146 4158 4159
f 4142 4155 4156
f 4140 4153 4154
f 4149 4161 4162
f 4148 4147 4159
f 4146 4145 4157
f 4144 4143 4156
f 4155 4154 4166
f 4153 4152 4164
f 4162 4175 4176
f 4160 4173 4174
f 4158 4171 4172
f 4155 4167 4168
f 4153 4165 4166
f 4162 4161 4174
f 4160 4159 4172
f 4158 4157 4170
f 4156 4168 4169
f 4166 4179 4180
f 4164 4177 4178
f 4175 4188 4189
f 4174 4173 4186
f 4172 4171 4184
f 4168 4167 4180
f 4166 4165 4178
f 4174 4187 4188
f 4172 4185 4186
f 4170 4183 4184
f 4169 4168 4181
f 4179 4192 4193
f 4177 4190 4191
f 4189 4188 4201
f 4186 4199 4200
f 4185 4184 4197
f 4181 4180 4193
f 4179 4178 4191
f 4188 4187 4200
f 4185 4198 4199
f 4183 4196 4197
f 4182 4181 4194
f 4192 4205 4206
f 4191 4190 4203
f 4201 4214 4215
f 4199 4212 4213
f 4198 4197 4210
f 4195 4208 4209
f 4193 4206 4207
f 4192 4191 4204
f 4200 4213 4214
f 4198 4211 4212
f 4197 4196 4209
f 4206 4205 4218
f 4203 4216 4217
f 4215 4214 4227
f 4212 4225 4226
f 4210 4223 4224
f 4208 4221 4222
f 4206 4219 4220
f 4204 4217 4218
f 4213 4226 4227
f 4212 4211 4224
f 4210 4209 4222
f 4218 4231 4232
f 4217 4216 4229
f 4227 4240 4241
f 4225 4238 4239
f 4224 4223 4236
f 4220 4219 4232
f 4217 4230 4231
f 4227 4226 4239
f 4225 4224 4237
f 4222 4235 4236
f 4220 4233 4234
f 4232 4231 4244
f 4229 4242 4243
f 4241 4240 4253
f 4239 4238 4251
f 4236 4249 4250
f 4233 4232 4245
f 4230 4243 4244
f 4240 4239 4252
f 4238 4237 4250
f 4235 4248 4249
f 4234 4233 4246
f 4245 4244 4257
f 4243 4242 4255
f 4253 4266 4267
f 4252 4251 4264
f 4249 4262 4263
f 4245 4258 4259
f 4243 4256 4257
f 4252 4265 4266
f 4251 4250 4263
f 4249 4248 4261
f 4258 4257 4270
f 4256 4255 4268
f 4266 4279 4280
f 4264 4277 4278
f 4262 4275 4276
f 4258 4271 4272
f 4256 4269 4270
f 4265 4278 4279
f 4264 4263 4276
f 4262 4261 4274
f 4259 4272 4273
f 4270 4283 4284
f 4268 4281 4282
f 4280 4279 4292
f 4278 4277 4290
f 4276 4275 4288
f 4272 4271 4284
f 4270 4269 4282
f 4279 4278 4291
f 4276 4289 4290
f 4274 4287 4288
f 4273 4272 4285
f 4283 4296 4297
f 4281 4294 4295
f 4293 4292 4305
f 4290 4303 4304
f 4289 4288 4301
f 4285 4284 4297
f 4283 4282 4295
f 4292 4291 4304
f 4289 4302 4303
f 4287 4300 4301
f 4296 4309 4310
f 4295 4294 4307
f 4305 4318 4319
f 4303 4316 4317
f 4302 4301 4314
f 4297 4310 4311
f 4296 4295 4308
f 4304 4317 4318
f 4303 4302 4315
f 4301 4300 4313
f 4299 4298 4311
f 4309 4322 4323
f 4307 4320 4321
f 4319 4318 4331
f 4317 4316 4329
f 4315 4314 4327
f 4312 4325 4326
f 4310 4323 4324
f 4309 4308 4321
f 4317 4330 4331
f 4315 4328 4329
f 4314 4313 4326
f 4322 4335 4336
f 4321 4320 4333
f 4331 4344 4345
f 4329 4342 4343
f 4328 4327 4340
f 4324 4323 4336
f 4321 4334 4335
f 4331 4330 4343
f 4329 4328 4341
f 4326 4339 4340
f 4324 4337 4338
f 4336 4335 4349
f 4333 4347 4348
f 4345 4344 4358
f 4343 4342 4356
f 4340 4354 4355
f 4337 4336 4350
f 4334 4348 4349
f 4344 4343 4357
f 4342 4341 4355
f 4339 4353 4354
f 4337 4351 4352
f 4350 4349 4362
f 4348 4347 4360
f 4358 4371 4372
f 4357 4356 4369
f 4354 4367 4368
f 4350 4363 4364
f 4348 4361 4362
f 4357 4370 4371
f 4356 4355 4368
f 4354 4353 4366
f 4363 4362 4375
f 4361 4360 4373
f 4372 4371 4384
f 4369 4382 4383
f 4367 4380 4381
f 4366 4365 4378
f 4363 4376 4377
f 4361 4374 4375
f 4371 4370 4383
f 4369 4368 4381
f 4367 4366 4379
f 4375 4388 4389
f 4373 4386 4387
f 4384 4397 4398
f 4383 4382 4395
f 4381 4380 4393
f 4377 4376 4389
f 4375 4374 4387
f 4383 4396 4397
f 4381 4394 4395
f 4379 4392 4393
f 4388 4401 4402
f 4386 4399 4400
f 4398 4397 4410
f 4395 4408 4409
f 4394 4393 4406
f 4390 4389 4402
f 4388 4387 4400
f 4397 4396 4409
f 4394 4407 4408
f 4392 4405 4406
f 4390 4403 4404
f 4401 4414 4415
f 4400 4399 4412
f 4410 4423 4424
f 4408 4421 4422
f 4407 4406 4419
f 4402 4415 4416
f 4401 4400 4413
f 4409 4422 4423
f 4407 4420 4421
f 4406 4405 4418
f 4415 4414 4427
f 4412 4425 4426
f 4424 4423 4436
f 4422 4421 4434
f 4420 4419 4432
f 4415 4428 4429
f 4414 4413 4426
f 4422 4435 4436
f 4420 4433 4434
f 4419 4418 4431
f 4427 4440 4441
f 4425 4438 4439
f 4436 4449 4450
f 4434 4447 4448
f 4433 4432 4445
f 4429 4428 4441
f 4426 4439 4440
f 4436 4435 4448
f 4434 4433 4446
f 4431 4444 4445
f 4429 4442 4443
f 4441 4440 4453
f 4438 4451 4452
f 4450 4449 4462
f 4448 4447 4460
f 4445 4458 4459
f 4442 4441 4454
f 4439 4452 4453
f 4449 4448 4461
f 4446 4459 4460
f 4444 4457 4458
f 4443 4442 4455
f 4454 4453 4466
f 4452 4451 4464
f 4462 4475 4476
f 4461 4460 4473
f 4458 4471 4472
f 4456 4469 4470
f 4454 4467 4468
f 4452 4465 4466
f 4461 4474 4475
f 4460 4459 4472
f 4458 4457 4470
f 4467 4466 4063
f 4465 4464 4061
f 4476 4475 4072
f 4473 4070 4071
f 4471 4068 4069
f 4467 4064 4065
f 4465 4062 4063
f 4475 4474 4071
f 4473 4472 4069
f 4471 4470 4067
f 4468 4065 4066
f 3935 4061 4464
f 4464 4451 4056
f 4451 4438 4051
f 4438 4425 4047
f 4047 4425 4412
f 4043 4412 4399
f 4039 4399 4386
f 4386 4373 4031
f 4031 4373 4360
f 4360 4347 4023
f 4347 4333 4019
f 4333 4320 4015
f 4015 4320 4307
f 4011 4307 4294
f 4007 4294 4281
f 4281 4268 3999
f 3999 4268 4255
f 4255 4242 3991
f 4242 4229 3987
f 4229 4216 3983
f 3983 4216 4203
f 3979 4203 4190
f 3975 4190 4177
f 4177 4164 3967
f 3967 4164 4152
f 4152 4139 3959
f 4139 4126 3955
f 4126 4113 3951
f 3951 4113 4100
f 3947 4100 4087
f 3943 4087 4074
f 4074 4061 3935
f 4479 4478 4482
f 4479 4483 4484
f 4478 4477 4481
f 4483 4487 4488
f 4481 4485 4486
f 4482 4486 4487
f 4487 4491 4492
f 4486 4485 4489
f 4487 4486 4490
f 4492 4491 4495
f 4489 4493 4494
f 4490 4494 4495
f 4495 4499 4500
f 4494 4493 4497
f 4495 4494 4498
f 4500 4499 4503
f 4497 4501 4502
f 4498 4502 4503
f 4504 4503 4507
f 4502 4501 4505
f 4503 4502 4506
f 4508 4507 4511
f 4505 4509 4510
f 4506 4510 4511
f 4512 4511 4515
f 4510 4509 4513
f 4511 4510 4514
f 4515 4519 4520
f 4513 4517 4518
f 4514 4518 4519
f 4519 4523 4524
f 4517 4521 4522
f 4519 4518 4522
f 4524 4523 4527
f 4521 4525 4526
f 4522 4526 4527
f 4527 4531 4532
f 4526 4525 4529
f 4527 4526 4530
f 4532 4531 4535
f 4529 4533 4534
f 4530 4534 4535
f 4536 4535 4539
f 4533 4537 4538
f 4535 4534 4538
f 4540 4539 4543
f 4538 4537 4541
f 4538 4542 4543
f 4543 4547 4548
f 4541 4545 4546
f 4543 4542 4546
f 4547 4551 4552
f 4546 4545 4549
f 4546 4550 4551
f 4551 4555 4556
f 4550 4549 4553
f 4551 4550 4554
f 4556 4555 4559
f 4553 4557 4558
f 4554 4558 4559
f 4559 4563 4564
f 4558 4557 4561
f 4559 4558 4562
f 4564 4563 4567
f 4561 4565 4566
f 4562 4566 4567
f 4568 4567 4571
f 4566 4565 4569
f 4567 4566 4570
f 4571 4575 4576
f 4569 4573 4574
f 4570 4574 4575
f 4575 4579 4580
f 4574 4573 4577
f 4575 4574 4578
f 4579 4583 4584
f 4577 4581 4582
f 4578 4582 4583
f 4583 4587 4588
f 4582 4581 4585
f 4583 4582 4586
f 4588 4587 4591
f 4585 4589 4590
f 4586 4590 4591
f 4591 4595 4596
f 4590 4589 4593
f 4591 4590 4594
f 4596 4595 4600
f 4593 4598 4599
f 4594 4599 4600
f 4601 4600 4604
f 4599 4598 4602
f 4600 4599 4603
f 4605 4604 4479
f 4602 4477 4478
f 4603 4478 4479
f 4614 4613 4626
f 4611 4624 4625
f 4610 4609 4622
f 4608 4607 4620
f 4617 4616 4629
f 4614 4627 4628
f 4612 4625 4626
f 4608 4621 4622
f 4606 4619 4620
f 4618 4617 4630
f 4616 4615 4628
f 4621 4634 4635
f 4619 4632 4633
f 4631 4630 4643
f 4628 4641 4642
f 4627 4626 4639
f 4625 4624 4637
f 4623 4622 4635
f 4621 4620 4633
f 4630 4629 4642
f 4627 4640 4641
f 4625 4638 4639
f 4634 4647 4648
f 4633 4632 4645
f 4643 4656 4657
f 4641 4654 4655
f 4640 4639 4652
f 4635 4648 4649
f 4634 4633 4646
f 4642 4655 4656
f 4641 4640 4653
f 4639 4638 4651
f 4636 4649 4650
f 4647 4660 4661
f 4645 4658 4659
f 4657 4656 4669
f 4655 4654 4667
f 4652 4665 4666
f 4648 4661 4662
f 4647 4646 4659
f 4655 4668 4669
f 4653 4666 4667
f 4652 4651 4664
f 4650 4649 4662
f 4660 4673 4674
f 4659 4658 4671
f 4669 4682 4683
f 4667 4680 4681
f 4666 4665 4678
f 4662 4661 4674
f 4660 4659 4672
f 4669 4668 4681
f 4666 4679 4680
f 4664 4677 4678
f 4674 4673 4686
f 4671 4684 4685
f 4683 4682 4695
f 4681 4680 4693
f 4678 4691 4692
f 4677 4676 4689
f 4675 4674 4687
f 4672 4685 4686
f 4682 4681 4694
f 4680 4679 4692
f 4677 4690 4691
f 4687 4686 4699
f 4685 4684 4697
f 4695 4708 4709
f 4694 4693 4706
f 4691 4704 4705
f 4687 4700 4701
f 4685 4698 4699
f 4694 4707 4708
f 4693 4692 4705
f 4691 4690 4703
f 4688 4701 4702
f 4700 4699 4712
f 4698 4697 4710
f 4709 4708 4721
f 4706 4719 4720
f 4704 4717 4718
f 4700 4713 4714
f 4698 4711 4712
f 4708 4707 4720
f 4706 4705 4718
f 4704 4703 4716
f 4712 4725 4726
f 4710 4723 4724
f 4722 4721 4734
f 4720 4719 4732
f 4718 4717 4730
f 4715 4728 4729
f 4714 4713 4726
f 4712 4711 4724
f 4720 4733 4734
f 4718 4731 4732
f 4716 4729 4730
f 4725 4738 4739
f 4723 4736 4737
f 4735 4734 4747
f 4732 4745 4746
f 4731 4730 4743
f 4727 4726 4739
f 4725 4724 4737
f 4734 4733 4746
f 4731 4744 4745
f 4729 4742 4743
f 4727 4740 4741
f 4738 4751 4752
f 4737 4736 4749
f 4747 4760 4761
f 4745 4758 4759
f 4744 4743 4756
f 4739 4752 4753
f 4738 4737 4750
f 4746 4759 4760
f 4744 4757 4758
f 4743 4742 4755
f 4752 4751 4764
f 4749 4762 4763
f 4761 4760 4773
f 4758 4771 4772
f 4757 4756 4769
f 4754 4767 4768
f 4752 4765 4766
f 4751 4750 4763
f 4759 4772 4773
f 4757 4770 4771
f 4756 4755 4768
f 4764 4777 4778
f 4763 4762 4775
f 4773 4786 4787
f 4771 4784 4785
f 4770 4769 4782
f 4768 4767 4780
f 4766 4765 4778
f 4764 4763 4776
f 4773 4772 4785
f 4770 4783 4784
f 4768 4781 4782
f 4778 4777 4790
f 4775 4788 4789
f 4787 4786 4799
f 4785 4784 4797
f 4782 4795 4796
f 4781 4780 4793
f 4779 4778 4791
f 4776 4789 4790
f 4786 4785 4798
f 4784 4783 4796
f 4781 4794 4795
f 4791 4790 4803
f 4789 4788 4801
f 4799 4812 4813
f 4798 4797 4810
f 4795 4808 4809
f 4794 4793 4806
f 4791 4804 4805
f 4789 4802 4803
f 4798 4811 4812
f 4797 4796 4809
f 4795 4794 4807
f 4804 4803 4816
f 4802 4801 4814
f 4813 4812 4825
f 4810 4823 4824
f 4808 4821 4822
f 4807 4806 4819
f 4804 4817 4818
f 4802 4815 4816
f 4812 4811 4824
f 4810 4809 4822
f 4808 4807 4820
f 4816 4829 4830
f 4814 4827 4828
f 4825 4838 4839
f 4824 4823 4836
f 4822 4821 4834
f 4819 4832 4833
f 4818 4817 4830
f 4816 4815 4828
f 4824 4837 4838
f 4822 4835 4836
f 4820 4833 4834
f 4829 4842 4843
f 4827 4840 4841
f 4839 4838 4851
f 4836 4849 4850
f 4835 4834 4847
f 4831 4830 4843
f 4829 4828 4841
f 4838 4837 4850
f 4835 4848 4849
f 4833 4846 4847
f 4831 4844 4845
f 4842 4855 4856
f 4841 4840 4853
f 4851 4864 4865
f 4849 4862 4863
f 4848 4847 4860
f 4843 4856 4857
f 4842 4841 4854
f 4850 4863 4864
f 4848 4861 4862
f 4847 4846 4859
f 4844 4857 4858
f 4856 4855 4868
f 4854 4853 4866
f 4865 4864 4876
f 4863 4862 4874
f 4861 4860 4872
f 4856 4869 4870
f 4855 4854 4867
f 4863 4875 4876
f 4861 4873 4874
f 4860 4859 4871
f 4858 4857 4870
f 4868 4880 4881
f 4867 4866 4878
f 4876 4889 4890
f 4875 4874 4887
f 4872 4885 4886
f 4870 4869 4881
f 4867 4879 4880
f 4876 4875 4888
f 4874 4873 4886
f 4871 4884 4885
f 4870 4882 4883
f 4881 4880 4894
f 4878 4892 4893
f 4890 4889 4903
f 4888 4887 4901
f 4885 4899 4900
f 4882 4881 4895
f 4879 4893 4894
f 4889 4888 4902
f 4887 4886 4900
f 4884 4898 4899
f 4883 4882 4896
f 4895 4894 4907
f 4893 4892 4905
f 4903 4916 4917
f 4902 4901 4914
f 4899 4912 4913
f 4895 4908 4909
f 4893 4906 4907
f 4902 4915 4916
f 4901 4900 4913
f 4899 4898 4911
f 4897 4896 4909
f 4908 4907 4920
f 4906 4905 4918
f 4917 4916 4929
f 4914 4927 4928
f 4912 4925 4926
f 4908 4921 4922
f 4906 4919 4920
f 4916 4915 4928
f 4914 4913 4926
f 4912 4911 4924
f 4909 4922 4923
f 4920 4933 4934
f 4918 4931 4932
f 4929 4942 4943
f 4928 4927 4940
f 4926 4925 4938
f 4922 4921 4934
f 4920 4919 4932
f 4928 4941 4942
f 4926 4939 4940
f 4924 4937 4938
f 4923 4922 4935
f 4933 4946 4947
f 4931 4944 4945
f 4943 4942 4955
f 4940 4953 4954
f 4939 4938 4951
f 4935 4934 4947
f 4933 4932 4945
f 4942 4941 4954
f 4939 4952 4953
f 4937 4950 4951
f 4946 4959 4960
f 4945 4944 4957
f 4955 4968 4969
f 4953 4966 4967
f 4952 4951 4964
f 4947 4960 4961
f 4946 4945 4958
f 4954 4967 4968
f 4952 4965 4966
f 4951 4950 4963
f 4949 4948 4961
f 4960 4959 4972
f 4957 4970 4971
f 4969 4968 4980
f 4966 4978 4979
f 4964 4976 4977
f 4960 4973 4974
f 4958 4971 4972
f 4967 4979 4980
f 4965 4977 4978
f 4964 4963 4975
f 4973 4972 4984
f 4971 4970 4982
f 4980 4993 4994
f 4978 4991 4992
f 4976 4989 4990
f 4974 4973 4985
f 4971 4983 4984
f 4980 4979 4992
f 4978 4977 4990
f 4975 4988 4989
f 4985 4984 4997
f 4982 4995 4996
f 4994 4993 5006
f 4992 4991 5004
f 4989 5002 5003
f 4986 4985 4998
f 4983 4996 4997
f 4993 4992 5005
f 4991 4990 5003
f 4988 5001 5002
f 4986 4999 5000
f 4998 4997 5010
f 4996 4995 5008
f 5006 5019 5020
f 5005 5004 5017
f 5002 5015 5016
f 4998 5011 5012
f 4996 5009 5010
f 5005 5018 5019
f 5004 5003 5016
f 5002 5001 5014
f 4999 5012 5013
f 5011 5010 4608
f 5009 5008 4606
f 5019 4617 4618
f 5017 4615 4616
f 5015 4613 4614
f 5011 4609 4610
f 5009 4607 4608
f 5018 4616 4617
f 5017 5016 4614
f 5015 5014 4612
f 4480 4606 5008
f 5008 4995 4601
f 4995 4982 4596
f 4982 4970 4592
f 4592 4970 4957
f 4588 4957 4944
f 4584 4944 4931
f 4931 4918 4576
f 4576 4918 4905
f 4905 4892 4568
f 4892 4878 4564
f 4878 4866 4560
f 4560 4866 4853
f 4556 4853 4840
f 4552 4840 4827
f 4827 4814 4544
f 4544 4814 4801
f 4801 4788 4536
f 4788 4775 4532
f 4775 4762 4528
f 4528 4762 4749
f 4524 4749 4736
f 4520 4736 4723
f 4723 4710 4512
f 4512 4710 4697
f 4697 4684 4504
f 4684 4671 4500
f 4671 4658 4496
f 4496 4658 4645
f 4492 4645 4632
f 4488 4632 4619
f 4619 4606 4480