# https://github.com/mikedh/trimesh
v 0.08846845 -0.02346422 -0.03415052
v 0.09500277 -0.02492526 -0.03262864
v 0.09597668 -0.02356672 -0.03163849
v 0.08951060 -0.02258922 -0.03345923
v 0.10748456 -0.02260588 -0.04761721
v 0.10984474 -0.02006808 -0.03910457
v 0.10898501 -0.01780065 -0.03686174
v 0.10781647 -0.01715337 -0.04150495
v 0.03152555 -0.05502034 -0.15753563
v 0.01627663 -0.05409253 -0.16470894
v 0.01569154 -0.07394020 -0.16360028
v 0.02960985 -0.07983063 -0.15527080
v 0.05596317 -0.12697670 -0.12867789
v 0.04688392 -0.11079109 -0.13626942
v 0.04255958 -0.13155565 -0.14692613
v 0.05871737 -0.14141174 -0.13017666
v 0.05775935 0.02304525 0.10087042
v 0.06436072 0.02246006 0.09004822
v 0.06288345 0.01317558 0.09419933
v -0.10010159 -0.01625117 -0.02902809
v -0.10688073 -0.01791053 -0.02698115
v -0.10810839 -0.01600753 -0.02608583
v -0.10122609 -0.01498091 -0.02840275
v -0.12208849 -0.01388256 -0.04270198
v -0.12460567 -0.01052386 -0.03381313
v -0.12350337 -0.00800285 -0.03162673
v -0.12276051 -0.00735928 -0.03661812
v 0.05644035 0.01355976 0.10242768
v 0.13806812 -0.00081228 -0.05498143
v 0.13831139 -0.00319686 -0.05805518
v 0.13995706 -0.00531796 -0.05569606
v 0.13942501 -0.00360335 -0.05236365
v 0.13208708 -0.01679528 -0.06053853
v 0.13236305 -0.00988227 -0.05961853
v 0.13452052 -0.00770396 -0.05969165
v 0.13496616 -0.00978982 -0.05929549
v 0.13200444 -0.02765266 -0.05948044
v 0.12944531 -0.02689859 -0.05884792
v 0.13189104 -0.02224333 -0.06016847
v 0.13496730 -0.02265706 -0.06129811
v 0.10911509 -0.05697253 -0.02733587
v 0.11350256 -0.05143226 -0.03029523
v 0.11400087 -0.05602081 -0.03321166
v 0.10603613 -0.05943795 -0.03072387
v 0.09999694 -0.05560584 -0.03174452
v 0.10761834 -0.05528853 -0.03890629
v 0.10643709 -0.04943741 -0.03976311
v 0.10015145 -0.05020321 -0.03445152
v 0.12954794 0.00759666 -0.03082781
v 0.13074805 0.00253056 -0.03087246
v 0.12865144 0.00080336 -0.02822289
v 0.12703823 0.00538697 -0.02778649
v 0.10207970 -0.02137596 -0.05764238
v 0.09916291 -0.02773342 -0.05724205
v 0.11034505 -0.02313507 -0.06008723
v 0.11135328 -0.02047263 -0.05917512
v 0.12929326 -0.00258240 -0.04280770
v 0.12915251 -0.00133528 -0.04764412
v 0.13003567 -0.00316164 -0.05061091
v 0.12916976 -0.00469321 -0.04721729
v 0.13200754 0.00126128 -0.05591032
v 0.13227050 -0.00156335 -0.05937845
v 0.10543583 -0.04213454 -0.02411194
v 0.10365368 -0.03796958 -0.02214758
v 0.10431824 -0.03620985 -0.02341970
v 0.10460243 -0.03713680 -0.02584817
v 0.10701750 -0.02323389 -0.04229794
v 0.11016051 -0.01931651 -0.03657261
v 0.12644237 -0.03860412 -0.05506625
v 0.12568879 -0.03673710 -0.05262939
v 0.12962265 -0.03264678 -0.05656591
v 0.12985146 -0.03367162 -0.05958672
v 0.11954913 -0.03472657 -0.04854474
v 0.12362737 -0.03168239 -0.05302714
v 0.12534007 -0.03074274 -0.05583761
v 0.12392794 -0.03310087 -0.05316536
v 0.13148797 0.00014308 -0.04417434
v 0.12932323 0.00172005 -0.03558743
v 0.13211687 0.00016488 -0.03410599
v 0.13513252 -0.00139656 -0.04135665
v 0.11488640 -0.00934424 -0.05351150
v 0.11206585 -0.00514229 -0.04804264
v 0.11003982 -0.00569310 -0.04828261
v 0.11214527 -0.00939215 -0.05326979
v 0.13245907 -0.00183024 -0.05279802
v 0.13325067 -0.00375511 -0.05580711
v 0.13084713 -0.00504606 -0.05398852
v 0.11435303 -0.00644029 -0.02656000
v 0.11736415 -0.00515493 -0.02915875
v 0.11748725 -0.00636871 -0.03096840
v 0.11698294 -0.00749180 -0.03025045
v 0.11315077 -0.05629566 -0.03889588
v 0.09786034 -0.03692172 -0.04900862
v 0.10091835 -0.03629082 -0.05199220
v 0.10551002 -0.03198956 -0.05560919
v 0.10220194 -0.03069319 -0.05573441
v 0.10062345 -0.05370560 -0.02374434
v 0.10658151 -0.05335307 -0.02435334
v 0.10758233 -0.05518328 -0.02594462
v 0.10196008 -0.05722554 -0.02633148
v 0.11879538 -0.00228722 -0.02840590
v 0.12248240 -0.00279158 -0.03126109
v 0.11927895 -0.00349991 -0.03073267
v 0.11706457 -0.00325067 -0.02852749
v 0.13032752 -0.01179808 -0.05758294
v 0.12943944 -0.00656725 -0.05114349
v 0.12902674 -0.02145646 -0.05272046
v 0.12912020 -0.02050574 -0.05738452
v 0.12840354 -0.02490918 -0.05618997
v -0.03495463 -0.05819597 -0.15488203
v -0.01119861 -0.05538052 -0.16384378
v -0.01123717 -0.07564693 -0.16269270
v -0.03259901 -0.08375756 -0.15267308
v 0.12740453 -0.02554003 -0.05203298
v 0.12933636 -0.01385820 -0.04932813
v 0.12948169 -0.01314565 -0.05485959
v 0.13590038 -0.00601318 -0.05353630
v 0.13619474 -0.01081556 -0.05755726
v 0.13477179 -0.00515804 -0.05474469
v 0.10860544 -0.00303079 -0.04253097
v 0.10896565 0.00054493 -0.04810746
v 0.10640308 -0.00458901 -0.05382659
v 0.10852151 -0.00479691 -0.04638731
v 0.10549814 -0.03252207 -0.02272143
v 0.10734322 -0.03038494 -0.02391444
v 0.10412438 -0.03184909 -0.02684286
v 0.10247121 -0.03424811 -0.02676970
v 0.10730548 -0.03426253 -0.05437854
v 0.10269000 -0.03766759 -0.05105470
v 0.10400516 -0.03862456 -0.05014661
v 0.10869812 -0.03622536 -0.05249147
v 0.12628937 -0.00187384 -0.03386074
v 0.12688106 -0.00556270 -0.03725759
v 0.12402698 -0.00564020 -0.03530426
v 0.11195157 -0.03505804 -0.03661105
v 0.11220580 -0.03352254 -0.03947394
v 0.11512778 -0.03591929 -0.04216942
v 0.11504001 -0.03841726 -0.03972394
v 0.12032910 -0.04819845 -0.04715824
v 0.11501165 -0.04821349 -0.04851133
v 0.11135560 -0.05231314 -0.04338757
v 0.11690165 -0.05267763 -0.04311405
v 0.10398157 -0.03551957 -0.02635856
v 0.10442234 -0.03476162 -0.02331572
v 0.11874554 -0.00883748 -0.05637011
v 0.11658901 -0.00408557 -0.04955751
v 0.12887672 -0.00623423 -0.04431912
v 0.12931289 -0.00788555 -0.04789739
v 0.10891120 -0.01949674 -0.02574515
v 0.10565204 -0.01866019 -0.02802274
v 0.10626155 -0.01955561 -0.02820048
v 0.11033802 -0.02102195 -0.02589668
v 0.10910477 -0.02013982 -0.02391022
v 0.11011694 -0.02174531 -0.02424407
v 0.10888450 -0.02188388 -0.02318775
v 0.10822168 -0.02109527 -0.02271697
v 0.10419958 -0.01837762 -0.02867243
v 0.10502920 -0.01870763 -0.02839537
v 0.10530285 -0.01821060 -0.02827184
v 0.11167334 -0.01432445 -0.04393268
v 0.11066036 -0.02093032 -0.04976527
v 0.10906817 -0.02205193 -0.05078151
v 0.11232987 -0.01699078 -0.04460028
v 0.13014467 -0.01925148 -0.05963974
v 0.12285628 0.00041766 -0.02343963
v 0.12105944 0.00373431 -0.02241922
v 0.12517235 0.00803426 -0.02684147
v 0.10113522 -0.03109850 -0.04244071
v 0.10777479 -0.03166088 -0.03869884
v 0.10715464 -0.03200093 -0.03604579
v 0.10229981 -0.03154266 -0.03957266
v 0.10536399 -0.02765325 -0.02978853
v 0.10113637 -0.03041695 -0.03046336
v 0.10783990 -0.02962928 -0.02722486
v 0.10920088 -0.01457353 -0.02190017
v 0.10789232 -0.01771984 -0.02644616
v 0.10812786 -0.01877077 -0.02500157
v 0.10830620 -0.01869247 -0.02320349
v 0.13196844 -0.02808137 -0.06214369
v 0.13400915 -0.02248652 -0.06405946
v 0.13062853 -0.02214526 -0.06647744
v 0.12881756 -0.02816206 -0.06472955
v 0.10287290 -0.04770506 -0.02180736
v 0.09412888 -0.04965165 -0.02607605
v 0.10038815 -0.04279563 -0.02110842
v 0.13531239 0.00590057 -0.04421067
v 0.13118808 0.00840379 -0.04402648
v 0.13164046 0.00630780 -0.04836378
v 0.13661647 0.00392801 -0.04823971
v 0.10828845 -0.01238387 -0.03192342
v 0.10764855 -0.01421067 -0.03238362
v 0.10869315 -0.01343743 -0.03008134
v 0.10828228 -0.01137584 -0.02936319
v 0.06345925 -0.03784251 -0.12038840
v 0.07859738 -0.04178617 -0.08577725
v 0.08491883 -0.02619294 -0.09635122
v 0.07133712 -0.02321372 -0.12592632
v 0.12117082 -0.04409349 -0.04482419
v 0.12020626 -0.04776902 -0.04139929
v 0.11255684 -0.00783405 -0.01852074
v 0.11102568 -0.00633814 -0.01721992
v 0.11141350 -0.00108302 -0.01794318
v 0.11391028 -0.00419136 -0.01873604
v 0.13381478 -0.00807388 -0.06508688
v 0.13874778 -0.00910886 -0.06326441
v 0.11798681 -0.00251215 -0.02622715
v 0.12172722 0.00078479 -0.02946299
v 0.11923197 -0.00158010 -0.02849194
v 0.11698772 -0.00305057 -0.02669031
v 0.11775641 -0.01023424 -0.02473298
v 0.11902720 -0.00912281 -0.02433269
v 0.11555590 -0.00811976 -0.02437278
v 0.11369540 -0.00919903 -0.02499551
v 0.10917662 -0.00189378 -0.01526969
v 0.11029153 0.00425521 -0.01759413
v 0.09396700 -0.03711814 -0.04808322
v 0.11651775 -0.00880551 -0.02086854
v 0.11768403 -0.00651285 -0.02062796
v 0.12007271 -0.00760983 -0.02368121
v -0.06801805 -0.13703439 -0.12215896
v -0.05821330 -0.11900914 -0.13014923
v -0.05431701 -0.13991575 -0.14107952
v -0.07062838 -0.15211545 -0.12356783
v 0.10200007 -0.03710907 -0.01955438
v 0.10384564 -0.03533031 -0.02145195
v 0.11628243 -0.00335316 -0.02651057
v 0.11508539 -0.00436238 -0.02666301
v 0.11292946 -0.00793744 -0.02559275
v 0.11426969 -0.00842368 -0.02911148
v 0.12099333 -0.01365112 -0.04219613
v 0.12253808 -0.02138445 -0.04745112
v 0.09126750 -0.02829360 -0.07124424
v 0.08664195 -0.04508440 -0.05037689
v 0.11343242 -0.00760344 -0.02457233
v 0.11379717 -0.00714679 -0.02460480
v 0.11276770 -0.00777322 -0.02445526
v 0.11177849 -0.00844842 -0.02533843
v 0.11834405 -0.05128954 -0.03798637
v 0.12106869 -0.00822205 -0.03680935
v 0.11611050 -0.01035897 -0.03420540
v 0.11907629 -0.00851538 -0.03368913
v 0.13553363 -0.01821692 -0.05980375
v 0.13828728 -0.01122402 -0.05745701
v 0.14082083 -0.01085086 -0.06000233
v 0.13794476 -0.01821227 -0.06198926
v 0.09667335 -0.05369330 -0.02927314
v 0.10721091 -0.01469955 -0.03460510
v 0.10930008 -0.01614449 -0.03416282
v 0.11155161 -0.00969418 -0.03004279
v 0.11059000 -0.00915765 -0.02594821
v 0.10417096 -0.03266219 -0.02021273
v 0.13063604 0.00150587 -0.04673520
v 0.13182327 -0.00002668 -0.04962955
v 0.12901065 0.00001583 -0.04504133
v 0.12872535 0.00090711 -0.04218338
v 0.12775144 0.00341547 -0.03869050
v 0.12648255 0.00396554 -0.03784111
v 0.12962255 0.00296851 -0.04339624
v 0.11558185 -0.00912135 -0.03118654
v 0.11790058 -0.00816907 -0.03197068
v 0.11242105 -0.03654329 -0.03439360
v 0.11473420 -0.04299038 -0.03600390
v 0.12631029 -0.02872847 -0.05391884
v 0.12435780 -0.02857736 -0.04956436
v 0.12543809 -0.01630587 -0.06566060
v 0.12502551 -0.00806405 -0.06237318
v 0.12187524 -0.00854770 -0.05892226
v 0.12298205 -0.01637620 -0.06322543
v 0.11144052 -0.01492280 -0.05699002
v 0.10481992 -0.01404233 -0.05617665
v 0.10768097 -0.02032597 -0.02181348
v 0.10678557 -0.01692766 -0.01851928
v 0.10919466 -0.01070369 -0.02911391
v 0.10958113 -0.00928226 -0.02659342
v 0.11429369 -0.03188922 -0.05811771
v 0.10856485 -0.04000994 -0.04726332
v 0.11513969 -0.03408441 -0.05551413
v 0.10109207 -0.04083784 -0.04382927
v 0.10103717 -0.04262108 -0.04027847
v 0.10565799 -0.04253177 -0.04301093
v 0.11902645 -0.03314878 -0.04656701
v 0.12288378 -0.03166558 -0.05024499
v 0.10532123 -0.01875086 -0.02967448
v 0.10315821 -0.01996655 -0.03264972
v 0.10185952 -0.01876084 -0.02937425
v 0.12668186 -0.01397588 -0.04570661
v 0.12758252 -0.02152850 -0.04950795
v 0.11820903 -0.00704262 -0.02456026
v 0.11290881 -0.01556521 -0.02678199
v 0.11438512 -0.01282346 -0.02329099
v 0.12333706 -0.00468579 -0.02419111
v 0.12124063 -0.00580153 -0.02496741
v 0.11996826 -0.00652867 -0.02477144
v 0.12149958 -0.00627619 -0.02355459
v 0.09335555 -0.02680917 -0.03479149
v 0.09756596 -0.02895873 -0.03259954
v 0.10063295 -0.02625406 -0.03081021
v 0.12598839 0.00246929 -0.03416700
v 0.12718657 0.00065535 -0.03625775
v 0.11993954 -0.00343112 -0.05186935
v 0.11837464 -0.00482498 -0.03035306
v 0.11833554 -0.00583825 -0.03238808
v 0.11448532 0.00929518 -0.03593297
v 0.11570607 0.00523361 -0.03149436
v 0.11521666 0.00543755 -0.02953540
v 0.11432667 0.01188985 -0.02838191
v 0.10050449 -0.04735443 -0.03582014
v 0.10514928 -0.04627725 -0.04015853
v 0.10434216 -0.04432870 -0.04056345
v 0.10104245 -0.04480655 -0.03750242
v 0.10620072 -0.03213880 -0.03501377
v 0.10242130 -0.03185891 -0.03796339
v 0.12746160 -0.02673498 -0.05838710
v 0.12664264 -0.02782012 -0.05686541
v 0.12876429 -0.02352605 -0.05892947
v 0.12897021 -0.02193940 -0.06007654
v 0.10971781 -0.01105584 -0.03666631
v 0.10906123 -0.01239026 -0.03513840
v 0.11284934 0.00009689 -0.03562832
v 0.11722376 0.00232642 -0.03713553
v 0.11746047 0.00416570 -0.03156873
v 0.11392383 0.00235964 -0.03194347
v 0.12313652 -0.00244808 -0.05511252
v 0.11830724 -0.00713173 -0.03289241
v 0.11890120 -0.00687444 -0.03412880
v 0.11805623 -0.00686474 -0.03189523
v 0.11207300 -0.00993825 -0.02565301
v 0.11611088 -0.01118122 -0.02607992
v 0.12300351 -0.00419587 -0.02586352
v 0.12745525 -0.00063001 -0.02863399
v 0.12584898 0.00037029 -0.03022754
v 0.12206084 -0.00329473 -0.02585986
v 0.11507671 -0.00567503 -0.02481492
v 0.01819006 -0.03344148 -0.17356998
v 0.02034687 -0.01965984 -0.18325925
v -0.04459687 0.02232140 0.10316474
v -0.05934794 0.02188516 0.09363279
v -0.05638487 0.01598567 0.09766945
v -0.04195951 0.01576781 0.10428704
v 0.11876041 0.00342004 -0.02186468
v 0.11856739 0.00598347 -0.02574376
v 0.12050061 0.00722949 -0.02628312
v 0.11980315 0.00439231 -0.02235539
v 0.12877735 -0.00043333 -0.04188739
v 0.13357159 -0.00301545 -0.05196033
v 0.11148700 -0.01824546 -0.03316153
v 0.10640665 -0.02069151 -0.03522030
v 0.08902201 -0.02095353 -0.03361998
v 0.08963342 -0.01983985 -0.03287643
v 0.09071235 -0.01999248 -0.03457040
v 0.09055029 -0.02081691 -0.03553539
v 0.09642401 -0.02604215 -0.03885964
v 0.10050339 -0.02714062 -0.03788392
v 0.09899056 -0.02874418 -0.03585556
v 0.09546559 -0.02739288 -0.03802525
v 0.08814548 -0.02335376 -0.03514940
v 0.08860357 -0.02204924 -0.03425748
v 0.08985295 -0.02225860 -0.03674599
v 0.08926743 -0.02359404 -0.03828083
v 0.12459800 0.00274087 -0.03153733
v 0.12749018 0.00287570 -0.03494988
v 0.13749325 -0.00476681 -0.05048378
v 0.13795128 -0.00637246 -0.05334812
v 0.13254540 0.00043360 -0.04578555
v 0.13328367 -0.00128509 -0.04871219
v 0.10762039 -0.02785431 -0.02291409
v 0.10931495 -0.02742022 -0.02500390
v 0.10881387 -0.02899656 -0.02546392
v 0.13942686 -0.00240269 -0.04920666
v 0.13753968 0.00136418 -0.05149233
v 0.10697269 -0.04705234 -0.02403307
v 0.10541081 -0.04983542 -0.02296530
v 0.06327128 -0.18730430 -0.01846724
v 0.07837576 -0.16983193 -0.03344616
v 0.07684331 -0.18986851 -0.03495288
v 0.06147911 -0.20697245 -0.02013866
v 0.12098861 -0.00173339 -0.02206506
v 0.11779346 0.00139465 -0.02136060
v 0.08825144 -0.02530744 -0.03643091
v 0.08822616 -0.02542541 -0.03649212
v 0.09299953 -0.02733228 -0.03679857
v 0.09680755 -0.02224287 -0.03115918
v 0.09018624 -0.02142532 -0.03270425
v 0.09755527 -0.02459324 -0.03811200
v 0.09688981 -0.01978555 -0.03381436
v 0.09647600 -0.01892561 -0.03158297
v 0.09859015 -0.03167525 -0.03240322
v 0.10011040 -0.03231584 -0.03555761
v 0.10339220 -0.03340480 -0.03117141
v 0.08993342 -0.02563807 -0.03905454
v 0.11145639 -0.00998003 -0.03343087
v 0.10258336 -0.02447495 -0.03771691
v 0.10452997 -0.02634680 -0.04172005
v 0.10323717 -0.02819657 -0.04089346
v 0.10142569 -0.02617335 -0.03827083
v 0.11663282 -0.03605250 -0.04455405
v 0.11624713 -0.03435943 -0.04413571
v 0.10135951 -0.03002930 -0.04566963
v 0.10742405 -0.03101643 -0.04322053
v 0.11173569 -0.01566588 -0.03227794
v 0.11440344 -0.01340135 -0.02809599
v 0.10668774 -0.01858799 -0.03045219
v 0.10283419 -0.02257733 -0.03553949
v 0.10569640 -0.02447706 -0.03999633
v 0.09700730 -0.02110016 -0.03102426
v 0.10295282 -0.02113381 -0.02903213
v 0.10240760 -0.02008465 -0.02911851
v 0.09690130 -0.02011347 -0.03107691
v 0.12135212 -0.00564390 -0.03425625
v 0.11550282 -0.00100036 -0.01972184
v 0.11953931 -0.00421703 -0.02110430
v 0.11409438 0.01885436 -0.05407471
v 0.10958454 0.00808105 -0.06579278
v 0.11288675 0.00588473 -0.04306630
v 0.09898096 -0.02309025 -0.03734531
v 0.09005444 -0.01939791 -0.03289695
v 0.09119022 -0.02004244 -0.03269316
v 0.12736717 -0.03147148 -0.05607716
v 0.10445218 -0.03426970 -0.03084327
v 0.11012354 -0.01163049 -0.02682208
v 0.12424850 -0.02152722 -0.06549878
v 0.12285871 -0.02725530 -0.06400152
v 0.10952000 -0.01020396 -0.02664368
v 0.10991491 -0.00920688 -0.02638417
v 0.10148889 -0.03220206 -0.03714553
v 0.10547860 -0.03282620 -0.03332548
v 0.11055922 -0.00901962 -0.02593444
v 0.10952280 -0.02763529 -0.02702486
v 0.12893574 -0.00526003 -0.04175362
v 0.11175977 -0.04427545 -0.04826739
v 0.10874379 -0.04704806 -0.04369442
v 0.09098160 -0.02048825 -0.03219379
v 0.09679683 -0.02858035 -0.03468817
v 0.09744745 -0.02138955 -0.03505945
v 0.10714387 -0.02351915 -0.02844231
v 0.10656891 -0.02563618 -0.02878219
v 0.10971817 -0.02539471 -0.02607043
v 0.10907917 -0.03024338 -0.04574101
v 0.10239604 -0.02768900 -0.04822458
v 0.10430889 -0.02649555 -0.05135754
v 0.11256756 -0.02904651 -0.04736488
v 0.12090091 -0.03248625 -0.06159148
v 0.11801349 -0.03709447 -0.05750955
v 0.12268443 -0.03921853 -0.05824051
v 0.12660946 -0.03396099 -0.06232026
v 0.11343113 0.04977557 -0.06418923
v 0.11544578 0.02640160 -0.04048897
v 0.11491865 0.05810408 -0.04229331
v 0.12222092 0.00522709 -0.04456272
v 0.12191916 0.00275858 -0.04787443
v 0.13183127 0.00392474 -0.05216627
v 0.11355554 0.00824932 -0.02230293
v 0.11468398 0.00535393 -0.02752035
v 0.11833192 0.00492770 -0.02559848
v 0.13228321 -0.01681677 -0.06709547
v 0.11126404 -0.01137168 -0.01946728
v 0.11503315 -0.01101368 -0.02170021
v 0.11212111 -0.03051915 -0.05924374
v 0.11564951 -0.03145004 -0.04390802
v 0.12024599 -0.03051965 -0.04641256
v 0.13335508 0.00312357 -0.03435637
v 0.12958892 0.00019586 -0.03121961
v 0.01808652 -0.22736114 0.01060210
v 0.01685410 -0.23975983 0.00597615
v 0.02444458 -0.03851224 0.12245777
v 0.02528726 -0.03842531 0.12015443
v 0.02398071 -0.03614751 0.11873589
v 0.02371073 -0.03627754 0.11979211
v 0.02431754 -0.05097350 0.11830876
v 0.02377371 -0.04874026 0.11759818
v 0.02495551 -0.04845724 0.11567307
v 0.02592370 -0.05034533 0.11673087
v 0.02287398 -0.03604884 0.11915600
v 0.02199052 -0.03903541 0.12339277
v 0.02290604 -0.03900220 0.12465475
v 0.02320128 -0.03617161 0.11964089
v 0.13346006 0.00741674 -0.03466326
v 0.02823162 -0.04968261 0.11798988
v 0.02713303 -0.04698407 0.11759816
v 0.02753531 -0.04664307 0.12087151
v 0.02967202 -0.04828383 0.12146249
v 0.02152262 -0.05002632 0.13387316
v 0.02270719 -0.04683819 0.13445164
v 0.02153199 -0.04794982 0.13018620
v 0.02127526 -0.05079444 0.12875240
v 0.02458893 -0.04594141 0.13306236
v 0.02661355 -0.04622962 0.13646053
v 0.02810487 -0.04590484 0.13284446
v 0.02596019 -0.04613789 0.12982358
v 0.02171337 -0.04442459 0.12244187
v 0.02242368 -0.04774462 0.12390248
v 0.02131545 -0.04416469 0.12838098
v 0.02711575 -0.04325656 0.11903866
v 0.02674976 -0.04432437 0.11655058
v 0.02530088 -0.03956589 0.11762787
v 0.02555136 -0.03912120 0.11756305
v 0.06847534 -0.15380374 -0.01576319
v 0.07990337 -0.14220759 -0.03228783
v 0.05094014 -0.01974399 0.08627412
v 0.04987978 -0.02285388 0.08762147
v 0.04637559 -0.02157517 0.08947895
v 0.04754698 -0.01877536 0.08797009
v 0.11033792 -0.02361844 -0.02440751
v 0.10892028 -0.02301154 -0.02292359
v 0.12185509 0.00015665 -0.05131796
v 0.13006082 0.00179446 -0.04451812
v 0.12286465 0.00682266 -0.04094451
v 0.12212253 0.00775650 -0.03313439
v 0.11945967 0.00582732 -0.03225177
v 0.11948578 0.00452629 -0.03886081
v 0.13692427 0.00099588 -0.04256204
v 0.10662307 -0.03583090 -0.03104464
v 0.12417838 -0.00871819 -0.04015785
v 0.12133579 0.00775107 -0.02933681
v 0.12712666 0.00949133 -0.02994511
v 0.13232274 -0.01767174 -0.05936179
v 0.13803820 -0.00020666 -0.04597283
v 0.13587636 -0.00215530 -0.04450424
v 0.12504704 -0.00272691 -0.02480381
v 0.10871981 -0.02378231 -0.05201551
v 0.11997411 -0.02470607 -0.04827959
v 0.11654095 -0.02737198 -0.04812966
v -0.15660407 0.01067362 -0.04805505
v -0.15695077 0.00858556 -0.05110521
v -0.15779899 0.00645239 -0.04831262
v -0.15738679 0.00822236 -0.04514262
v -0.14828052 -0.00592257 -0.05391753
v -0.14939779 0.00101617 -0.05330958
v -0.15169668 0.00340888 -0.05330081
v -0.15244494 0.00133611 -0.05273987
v 0.10730770 -0.02570640 -0.05246611
v 0.10831829 -0.01341578 -0.03509897
v 0.10396358 -0.03231326 -0.01774890
v 0.11718652 -0.04158217 -0.04127869
v -0.14732641 -0.02076199 -0.05183252
v -0.14482878 -0.01980384 -0.05177310
v -0.14794584 -0.01277375 -0.05275099
v -0.15123314 -0.01321562 -0.05325617
v 0.11859483 -0.03964920 -0.04479659
v 0.03498998 -0.03415809 -0.16283441
v 0.03891294 -0.02092036 -0.17082815
v 0.13636145 -0.01756281 -0.06496811
v 0.12570897 0.00348102 -0.03345345
v 0.11013248 -0.03630573 -0.03297262
v 0.11131838 -0.04289442 -0.03114161
v 0.10863192 -0.04211865 -0.02854855
v 0.11861146 -0.00648607 -0.03361326
v 0.11048469 -0.02918361 -0.05857338
v 0.10993536 -0.02670835 -0.05993609
v 0.09106824 -0.01945238 -0.03399886
v 0.11618520 -0.03546372 -0.05608714
v 0.11049201 -0.04193483 -0.04754718
v 0.08328611 -0.13095710 -0.05468503
v 0.07550406 -0.11959545 -0.08324943
v -0.11843942 -0.06322993 -0.01903617
v -0.12336405 -0.05707626 -0.02199841
v -0.12378781 -0.06223141 -0.02476748
v -0.11521837 -0.06534197 -0.02289596
v 0.07798091 -0.14224187 -0.08224060
v 0.08412945 -0.15515462 -0.05557163
v 0.10482772 -0.01892869 -0.01573673
v 0.10591092 -0.02554048 -0.01970741
v 0.10533765 -0.02698224 -0.01817836
v 0.03282184 -0.20436689 0.00492871
v 0.02797349 -0.22732666 -0.00008271
v 0.10337372 -0.03212462 -0.01416310
v 0.10321818 -0.03414902 -0.00291209
v 0.10517912 -0.01925691 0.00014814
v 0.10346156 -0.02278563 -0.01154122
v 0.08251765 0.00503461 0.05085588
v 0.08529993 0.00707704 0.04317583
v 0.08711293 -0.00298316 0.04088115
v 0.08346904 -0.00243714 0.04758123
v 0.04198586 0.09452002 0.09884073
v 0.03289204 0.09518516 0.10345930
v 0.03275543 0.10997048 0.09561864
v 0.04241634 0.10879261 0.09053576
v 0.04119423 -0.01253335 -0.17494076
v 0.04359147 -0.00140222 -0.17919531
v 0.02329127 -0.00178690 -0.19335228
v 0.02171347 -0.01213726 -0.18777883
v 0.04304348 0.14769846 0.05941241
v 0.03223715 0.14932223 0.06451432
v 0.03203220 0.16214423 0.05023588
v -0.10955697 -0.06183183 -0.02423459
v -0.11720659 -0.06127924 -0.03117723
v -0.11654241 -0.05482149 -0.03230281
v -0.11042594 -0.05590888 -0.02705722
v 0.04326727 0.15999490 0.04586092
v 0.07434026 -0.02324481 0.06827980
v 0.07809193 -0.02982835 0.06617855
v 0.07203832 -0.03043911 0.07305124
v 0.06912632 -0.02362863 0.07379273
v 0.11192331 -0.04992687 -0.02824054
v 0.10988437 -0.04844991 -0.02633091
v -0.14679660 0.01666263 -0.02336339
v -0.14746742 0.01289441 -0.02342667
v -0.14489728 0.01129666 -0.02078770
v -0.14375453 0.01491167 -0.02012076
v -0.12001875 -0.01352653 -0.05140648
v -0.11638436 -0.02320244 -0.05094637
v -0.12851779 -0.01554788 -0.05347935
v -0.12949778 -0.01168831 -0.05297768
v 0.03177639 0.17428137 0.03495682
v 0.04343845 0.17175120 0.03177902
v 0.03016472 -0.01213132 0.10209737
v -0.14424095 0.00843882 -0.03723247
v -0.14551455 0.00956511 -0.04189872
v -0.14654779 0.00794906 -0.04460698
v -0.14479119 0.00628958 -0.04124193
v -0.15074442 0.01211254 -0.04935683
v -0.15102352 0.00968079 -0.05287920
v -0.11612339 -0.04588076 -0.01602465
v -0.11421905 -0.03970405 -0.01426883
v -0.11502427 -0.03660487 -0.01579883
v -0.11600599 -0.03810331 -0.01809642
v -0.12084980 -0.01467192 -0.03712004
v -0.12414250 -0.00964265 -0.03116229
v -0.13896564 -0.03953689 -0.04720786
v -0.13902959 -0.03669596 -0.04492854
v -0.14389412 -0.02885504 -0.04882269
v -0.14373802 -0.03063675 -0.05191783
v 0.03039933 -0.00958795 0.09742722
v 0.03342087 -0.01321132 0.09431753
v 0.03312206 -0.01590014 0.09792757
v 0.02981552 0.04329868 0.11568185
v 0.03095758 0.05741682 0.11240653
v 0.03887520 0.05821685 0.10972695
v 0.03728605 0.04394114 0.11401935
v 0.03782569 -0.01587827 0.09141357
v 0.03690567 -0.01828581 0.09382059
v 0.03263025 0.12370160 0.08654533
v 0.04273214 0.12252653 0.08116747
v 0.04089109 0.20004430 -0.01524052
v -0.13289247 -0.03334511 -0.04160301
v -0.13802011 -0.02753217 -0.04608257
v -0.13991576 -0.02587273 -0.04886625
v -0.13807729 -0.03018424 -0.04615911
v 0.04176497 0.19769225 -0.00614787
v 0.02911959 0.20219591 -0.00533392
v -0.14788716 0.01116941 -0.03798545
v -0.14519581 0.01234998 -0.02922850
v -0.14817199 0.01110118 -0.02724233
v -0.15150240 0.00995927 -0.03461440
v 0.02999540 0.20459576 -0.02021112
v 0.09366269 -0.00731232 -0.10345791
v 0.10023917 -0.01175281 -0.07552789
v 0.10527316 -0.00082937 -0.07383133
v 0.10049247 0.00962003 -0.10241969
v 0.04803111 -0.18500960 -0.00438776
v 0.04339772 -0.20879596 -0.00874476
v -0.13284707 0.00019091 -0.04726684
v -0.12983543 0.00428041 -0.04171646
v -0.12861569 0.00343724 -0.04184406
v -0.13111912 -0.00005421 -0.04706763
v -0.14963385 0.00935954 -0.04662468
v -0.15053740 0.00761902 -0.04952939
v -0.14746599 0.00604411 -0.04784244
v -0.12855740 0.00310509 -0.02081310
v -0.13220446 0.00469044 -0.02356418
v -0.13168667 0.00345040 -0.02544346
v -0.13132331 0.00206471 -0.02470100
v -0.12290009 -0.06226471 -0.03085570
v -0.11251252 -0.03929102 -0.04226248
v -0.11564843 -0.03797330 -0.04518940
v -0.12145522 -0.03013310 -0.04881565
v -0.11870052 -0.02819740 -0.04906484
v 0.07223859 0.03532687 0.07039131
v 0.07518768 0.04650078 0.06473035
v 0.07942057 0.03543330 0.05551260
v 0.07632478 0.02629253 0.06249120
v 0.02766497 0.02300819 0.11853337
v 0.03415150 0.02283841 0.11779333
v 0.03200294 0.01510164 0.11580147
v 0.02657630 0.01547258 0.11726470
v -0.10975205 -0.06003105 -0.01579801
v -0.11587135 -0.05965882 -0.01595937
v -0.11688867 -0.06151010 -0.01769647
v -0.11099255 -0.06337583 -0.01856305
v 0.08433938 -0.00894655 0.04714275
v 0.08887833 -0.01149609 0.04154300
v 0.08820447 -0.02000758 0.04763364
v 0.08292869 -0.01624632 0.05247286
v 0.07841406 -0.02164007 0.06254507
v -0.13389538 0.00784625 -0.02278749
v -0.13743258 0.00769756 -0.02573683
v -0.13412835 0.00674697 -0.02527072
v -0.13210747 0.00675158 -0.02297597
v 0.08277027 -0.02776304 0.05998805
v -0.14691983 -0.00088709 -0.05111295
v -0.14552516 0.00419253 -0.04493782
v 0.04075402 0.07606072 0.10622130
v 0.03212081 0.07600008 0.10942344
v 0.08286324 0.02113977 0.04768221
v 0.07999874 0.01544745 0.05552640
v 0.02814440 -0.00900727 0.10763773
v 0.02851189 -0.00693578 0.10126968
v 0.02705432 -0.00264455 0.10656343
v -0.14456254 -0.01177278 -0.04559132
v -0.14454353 -0.01060753 -0.05053310
v -0.14359175 -0.01659375 -0.04918739
v -0.14240307 -0.01745949 -0.04473097
v 0.02454216 -0.00379750 0.11847961
v 0.02454571 0.00040816 0.11581096
v 0.02693449 0.00080776 0.10832192
v 0.05328842 0.04482521 0.10087884
v 0.05516060 0.05856345 0.09574297
v 0.06230594 0.05782557 0.08589154
v 0.06040788 0.04451545 0.09085582
v 0.04290458 0.13516840 0.07097468
v -0.14502370 -0.00294421 -0.04252727
v -0.14558178 -0.00222105 -0.04821098
v 0.03244793 0.13651064 0.07628621
v 0.02537129 0.00814395 0.11511554
v 0.02886759 0.00842480 0.11067668
v 0.02786694 0.00569728 0.10880063
v -0.15325797 0.00543058 -0.04677828
v -0.15365760 0.00048491 -0.05061090
v -0.15209422 0.00628602 -0.04823568
v -0.12641077 0.00621048 -0.03577728
v -0.12766424 0.00987318 -0.04105090
v -0.12608787 0.00447470 -0.04698384
v -0.12699163 0.00436230 -0.03966706
v 0.02515445 0.00558994 0.11448912
v 0.04150731 -0.02015268 0.09140017
v 0.04254886 -0.01760781 0.08970384
v 0.09405123 -0.04663657 -0.03504132
v 0.09735704 -0.04909980 -0.03369742
v 0.10690320 -0.00260599 -0.00955158
v 0.10463341 -0.01234452 -0.01010535
v 0.10594641 -0.00667709 0.00183894
v 0.10526463 0.00729717 0.00206383
v 0.10773863 0.02696444 0.00107511
v 0.10802506 0.04232444 -0.00246775
v 0.11147155 0.01693089 -0.01239477
v 0.10931621 0.00805585 -0.01001651
v 0.06852587 -0.13266389 -0.10723190
v 0.06329480 -0.11252098 -0.11074280
v 0.02461896 -0.00738644 0.12370096
v 0.02444216 -0.01089801 0.12800933
v 0.02843742 0.05361984 -0.19766313
v -0.11565350 -0.02965011 -0.01553879
v -0.11804724 -0.02566060 -0.01692431
v -0.11483112 -0.02851051 -0.02009701
v -0.11356241 -0.03326863 -0.01982193
v 0.02682854 0.03055608 -0.19965927
v 0.04798225 0.03511816 -0.18253271
v 0.04941557 0.05800519 -0.17978226
v 0.08845110 -0.01814378 -0.10051402
v -0.12255539 -0.03401221 -0.04731689
v -0.11687838 -0.03995321 -0.04405086
v -0.11774088 -0.04125481 -0.04305740
v -0.12303084 -0.03718880 -0.04535665
v 0.09561382 -0.02062898 -0.07423434
v 0.02639103 -0.04246848 0.12276113
v 0.02382172 -0.03585604 0.11742945
v 0.02429888 -0.03996931 0.11825514
v 0.02390512 -0.03601264 0.11738733
v 0.02709008 -0.04638087 0.12568206
v 0.02954408 -0.04636575 0.12793849
v 0.02439158 -0.04563423 0.11548822
v 0.02344784 -0.04572094 0.11641132
v 0.02366757 -0.03965850 0.11881769
v 0.02410903 -0.03590772 0.11768052
v 0.01938107 -0.05307320 0.13800013
v 0.02027314 -0.05147923 0.14420068
v 0.02360945 -0.04898123 0.14212108
v 0.02186302 -0.05090217 0.13773286
v 0.02306884 -0.03592239 0.11900974
v 0.02216377 -0.03955849 0.12098436
v 0.02217088 -0.04348064 0.13121207
v 0.02366462 -0.03872541 0.12417248
v 0.02346362 -0.03621512 0.11982577
v 0.02384728 -0.04268942 0.12956432
v 0.02215359 -0.05098516 0.12387042
v 0.02517814 -0.04246169 0.12655163
v -0.14071366 0.00891670 -0.02840676
v -0.14143479 0.00517005 -0.03168599
v -0.13867955 0.00484247 -0.02980266
v -0.12469016 -0.03420783 -0.02934072
v -0.12582237 -0.03141413 -0.03230296
v -0.12792645 -0.03562713 -0.03503027
v -0.12698799 -0.03974609 -0.03238674
v 0.11300649 -0.03243010 -0.04195026
v 0.08063287 -0.10950127 -0.02201575
v 0.08520389 -0.07869375 -0.02892768
v 0.08393270 -0.07899819 -0.03744603
v -0.13079995 -0.05298803 -0.03917295
v -0.12602562 -0.05349543 -0.04112493
v -0.12192541 -0.05823582 -0.03583477
v -0.12696061 -0.05825367 -0.03509901
v -0.11565512 -0.03546062 -0.01894712
v -0.11489446 -0.03401210 -0.01594833
v -0.13639688 0.00099693 -0.05036957
v -0.13514096 0.00585429 -0.04336380
v 0.08195809 -0.10918964 -0.03478814
v 0.12134258 -0.00683644 -0.03565313
v 0.09243260 0.05297094 0.02938915
v 0.09336860 0.07615079 0.02175879
v 0.10241441 0.05971204 0.00868831
v -0.14383742 0.00448921 -0.03838144
v -0.14457241 0.00269239 -0.04157404
v 0.10323165 0.04025085 0.01134212
v 0.09376212 0.09671617 0.01665071
v 0.10252590 0.08123630 0.00416715
v 0.10847045 0.06289508 -0.00793202
v 0.11396243 0.03005082 -0.02676529
v 0.05897531 -0.00758159 0.07977205
v 0.05921113 -0.00779477 0.08009182
v 0.05760282 -0.00812607 0.08238687
v -0.12178630 -0.01019766 -0.01946562
v -0.11871527 -0.00940182 -0.02218519
v -0.11921518 -0.01035911 -0.02222235
v -0.12306643 -0.01196465 -0.01939828
v 0.05768516 -0.00796500 0.08189790
v 0.05839592 -0.00704481 0.07879072
v 0.05698599 -0.00754264 0.08079432
v -0.12169780 -0.01102537 -0.01735999
v -0.12257455 -0.01298444 -0.01755071
v -0.12118109 -0.01324171 -0.01642110
v -0.12055005 -0.01226028 -0.01598364
v 0.05940587 -0.00665925 0.07709569
v 0.06005984 -0.00721751 0.07784977
v 0.06038067 -0.00748395 0.07816099
v 0.04198705 -0.00567805 0.08673495
v 0.04300674 -0.00540920 0.08605624
v 0.04564155 -0.00639354 0.08590584
v 0.04466134 -0.00659548 0.08748148
v 0.04182537 -0.00602140 0.08752386
v 0.04485174 -0.00703633 0.08828685
v -0.11733836 -0.00908795 -0.02299199
v -0.11808802 -0.00944474 -0.02261973
v -0.11848603 -0.00884835 -0.02252074
v -0.12657048 -0.00399802 -0.04014007
v -0.12651865 -0.01168854 -0.04535925
v -0.12443686 -0.01327730 -0.04592520
v -0.12696339 -0.00683234 -0.04007269
v 0.04568309 -0.00332225 0.07748435
v 0.04504032 -0.00301213 0.07730925
v -0.14584301 -0.00893010 -0.05291539
v 0.04666317 -0.00370586 0.07755922
v 0.04041593 -0.00391358 0.08306564
v 0.04061295 -0.00309908 0.08313397
v -0.13910110 0.01052451 -0.01559668
v -0.13756236 0.01316208 -0.01444370
v -0.14260405 0.01661162 -0.01908525
v 0.04483444 -0.00231027 0.07730871
v 0.04463040 -0.00283347 0.07717800
v 0.04095426 -0.00405218 0.08342978
v -0.11459238 -0.02781813 -0.03658313
v -0.12139466 -0.02826524 -0.03196875
v -0.11976872 -0.02867914 -0.02920481
v -0.11546732 -0.02849267 -0.03338990
v -0.11716679 -0.02141228 -0.02332451
v -0.11236772 -0.02616942 -0.02411768
v -0.11916628 -0.02439162 -0.02043394
v -0.12207350 -0.00506689 -0.01549174
v -0.12088174 -0.00819580 -0.02041382
v -0.12097037 -0.00949313 -0.01873880
v -0.12093797 -0.00942937 -0.01674687
v -0.14725603 -0.02137398 -0.05465565
v -0.15033415 -0.01303626 -0.05660400
v -0.14729056 -0.01278969 -0.05979278
v -0.14431919 -0.02174429 -0.05792570
v 0.03917227 -0.00436724 0.08394104
v 0.03801150 -0.00415060 0.08342595
v -0.11238021 -0.05316324 -0.01358445
v -0.10367776 -0.05568517 -0.01856669
v -0.11077788 -0.04711810 -0.01305834
v -0.15363921 0.01579402 -0.03714978
v -0.14974257 0.01734709 -0.03700329
v -0.15034981 0.01594146 -0.04152602
v -0.15508015 0.01446156 -0.04130843
v -0.12259948 -0.00290136 -0.02678462
v -0.12168463 -0.00463530 -0.02725946
v -0.12257686 -0.00391927 -0.02472484
v -0.12248369 -0.00208201 -0.02400892
v 0.03816875 -0.00293830 0.08390640
v 0.05007567 -0.00842448 0.08776619
v 0.05031295 -0.00917829 0.08746396
v 0.04558892 -0.00849985 0.08817288
v 0.04520810 -0.00766497 0.08840093
v 0.04977682 -0.00791924 0.08775090
v 0.05293166 -0.00802028 0.08603214
v 0.05304459 -0.00852157 0.08599533
v 0.05318332 -0.00924394 0.08558646
v -0.07936444 -0.04076442 -0.11559027
v -0.09318590 -0.04643101 -0.08031797
v -0.10320124 -0.02186124 -0.09100573
v -0.09066767 -0.01813294 -0.12080088
v -0.13262001 -0.04790685 -0.03694329
v -0.13090423 -0.05254453 -0.03330060
v -0.12638433 0.00131503 -0.01146908
v -0.12499338 0.00269391 -0.00950397
v -0.12665837 0.00828485 -0.00986621
v -0.12840363 0.00544467 -0.01099116
v 0.04228898 -0.00734119 0.08827986
v 0.04216176 -0.00650384 0.08810149
v 0.05318250 -0.00989357 0.08515158
v 0.05058524 -0.00984432 0.08694984
v -0.15220211 0.00303963 -0.05868411
v -0.15675199 0.00235680 -0.05621704
v 0.04578789 -0.00913735 0.08780494
v 0.04217617 -0.00774096 0.08826143
v 0.03934532 -0.00624937 0.08763392
v 0.04052098 -0.00618296 0.08783229
v 0.05057327 -0.01047365 0.08579720
v 0.05033856 -0.01111153 0.08545455
v 0.04561933 -0.01043135 0.08689332
v 0.04575645 -0.00979938 0.08705470
v -0.13278580 0.00758281 -0.02047042
v -0.13652371 0.01102010 -0.02386367
v -0.13389687 0.00868274 -0.02294626
v -0.13177550 0.00694914 -0.02098977
v -0.13184512 -0.00043115 -0.01855724
v -0.13307814 0.00070835 -0.01810054
v -0.12953013 0.00138396 -0.01833943
v -0.12767644 0.00018574 -0.01909036
v 0.05311163 -0.01049755 0.08385380
v 0.05297560 -0.01119851 0.08324145
v -0.12405860 0.00715731 -0.00710159
v -0.12602015 0.01268989 -0.00947539
v 0.06164988 -0.00732990 0.07500798
v 0.06232554 -0.00679276 0.07356521
v 0.06219659 -0.00739505 0.07349870
v -0.10817091 -0.03971346 -0.04125617
v 0.06169181 -0.00779790 0.07420117
v 0.06502259 -0.00973333 0.06770454
v 0.06663077 -0.00856883 0.06677254
v 0.06913583 -0.00927630 0.06385042
v -0.13022880 0.00076212 -0.01433597
v -0.13179275 0.00329768 -0.01372509
v -0.13415948 0.00235747 -0.01727969
v -0.11208186 -0.03852126 -0.01178073
v -0.11395800 -0.03519466 -0.01389784
v -0.13108185 0.00656615 -0.02083903
v -0.12978674 0.00543562 -0.02101317
v -0.12685013 0.00130522 -0.01981986
v -0.12853497 0.00083868 -0.02354977
v 0.06731226 -0.01066833 0.06574421
v -0.13662894 -0.00323213 -0.03651460
v -0.13762957 -0.01175248 -0.04110035
v 0.08125513 -0.01941636 0.05686457
v 0.07110932 -0.01354682 0.06392275
v 0.07317932 -0.01193644 0.06056836
v 0.06101274 -0.00755968 0.07640969
v 0.06028013 -0.00788319 0.07803047
v 0.06108443 -0.00720788 0.07651635
v 0.06168153 -0.00681855 0.07492884
v 0.06104209 -0.00817013 0.07556357
v 0.06022433 -0.00846740 0.07736178
v 0.05916803 -0.00813075 0.07992577
v 0.05902169 -0.00874603 0.07939576
v 0.05739121 -0.00908422 0.08170576
v 0.05746770 -0.00842917 0.08223391
v 0.05551489 -0.00852854 0.08420407
v -0.10845836 -0.02459512 -0.06442976
v -0.09922619 -0.05070449 -0.04309589
v 0.05581256 -0.00812824 0.08413517
v 0.05555713 -0.00924215 0.08365285
v 0.05736111 -0.00962859 0.08093707
v 0.05549123 -0.00983210 0.08308323
v 0.05894982 -0.00931030 0.07839535
v 0.06023460 -0.00897669 0.07632662
v 0.06114001 -0.00858192 0.07449719
v 0.06201288 -0.00819852 0.07315481
v 0.06269656 -0.00762592 0.07235692
v 0.06148977 -0.00899355 0.07316019
v 0.06229448 -0.00959009 0.07149549
v 0.06069139 -0.01005513 0.07370483
v 0.06035520 -0.00942753 0.07510138
v 0.06270236 -0.00852519 0.07175760
v 0.06371768 -0.00905535 0.06977846
v -0.12729195 0.00175207 -0.01870128
v -0.12764326 0.00227508 -0.01871611
v -0.12664883 0.00146555 -0.01852424
v -0.12568043 0.00074313 -0.01960200
v 0.05908399 -0.00974680 0.07719726
v 0.05913969 -0.01037315 0.07614344
v 0.05726296 -0.01076724 0.07872546
v 0.05729131 -0.01011869 0.07976500
v -0.12868243 -0.05676498 -0.02974120
v -0.13580419 0.00173276 -0.03112251
v -0.13114008 -0.00070603 -0.02864366
v -0.13369893 0.00121747 -0.02801910
v 0.05540968 -0.01035952 0.08183637
v 0.05547731 -0.01112231 0.08090049
v -0.15188022 -0.00734502 -0.05203333
v -0.15595230 0.00025083 -0.04974144
v -0.15860347 0.00077024 -0.05208179
v -0.15439190 -0.00717585 -0.05401789
v 0.04953626 -0.00764776 0.08712704
v 0.04908109 -0.00700718 0.08538263
v 0.05209825 -0.00742796 0.08430859
v 0.05309756 -0.00791570 0.08534983
v 0.05591108 -0.00805044 0.08361298
v -0.10618726 -0.05993712 -0.02177423
v -0.12133282 -0.00503697 -0.02963552
v -0.12351694 -0.00633794 -0.02895305
v 0.05481124 -0.00746658 0.08260732
v 0.05220037 -0.00700071 0.08185942
v 0.05073907 -0.00453422 0.07637313
v 0.05201738 -0.00461470 0.07567212
v 0.05431702 -0.00704945 0.08031896
v -0.12573066 -0.00061360 -0.02466213
v -0.12443468 -0.00010313 -0.02023273
v 0.04947794 -0.00651648 0.08287206
v 0.04936526 -0.00427736 0.07665327
v 0.04645661 -0.00580978 0.08365538
v -0.11452283 -0.03029259 -0.01280691
v 0.04797743 -0.00405784 0.07730922
v 0.04400226 -0.00511204 0.08434522
v 0.05163617 0.00137273 0.09282394
v 0.05193260 0.00191811 0.09325263
v 0.05677246 0.00110612 0.09101877
v 0.05591819 0.00067504 0.09067798
v 0.05984105 -0.00090342 -0.15792167
v 0.06182697 0.01495157 -0.16292137
v 0.04621278 0.01210037 -0.18279302
v 0.05834244 -0.00201488 0.08747154
v 0.05843951 -0.00073851 0.08747450
v 0.06082217 -0.00145125 0.08349307
v 0.06066311 -0.00257943 0.08349340
v 0.05816211 -0.00318046 0.08708571
v -0.14722112 0.01219396 -0.04086159
v -0.14874658 0.01095041 -0.04357696
v -0.14501145 0.01084063 -0.03938282
v -0.14465144 0.01157099 -0.03648550
v -0.14353715 0.01360666 -0.03285874
v -0.14241925 0.01405794 -0.03196838
v -0.14600486 0.01338711 -0.03762903
v -0.13023314 0.00023380 -0.02558164
v -0.13217416 0.00147033 -0.02637644
v 0.06031139 -0.00371338 0.08303037
v 0.05569328 -0.00258558 0.09097522
v -0.12474024 -0.03671573 -0.02685462
v -0.12573907 -0.04638543 -0.02825801
v -0.14107868 -0.02245772 -0.04679548
v -0.13956133 -0.02241983 -0.04218817
v -0.14263743 -0.00581407 -0.05907086
v -0.14348358 0.00219540 -0.05593307
v -0.14004837 0.00147359 -0.05269248
v -0.14019738 -0.00602652 -0.05676629
v 0.05590643 -0.00127953 0.09135546
v 0.05600002 -0.00003200 0.09093633
v 0.05857182 -0.00274326 0.07499275
v 0.05786296 -0.00256641 0.07645892
v -0.12989622 -0.00526033 -0.05091355
v -0.12371049 -0.00477639 -0.05015038
v -0.12005326 -0.01139318 -0.01498186
v -0.11903011 -0.00770433 -0.01139475
v -0.12345432 -0.00150827 -0.02370355
v -0.12378173 -0.00027814 -0.02095915
v -0.13012165 -0.02907168 -0.05103203
v -0.12175846 -0.04316633 -0.04020066
v -0.13008395 -0.03309445 -0.04856037
v -0.11389831 -0.04462351 -0.03681071
v -0.11313801 -0.04696746 -0.03319056
v -0.11792909 -0.04672949 -0.03592498
v 0.05885004 -0.00328991 0.07898749
v 0.05992921 -0.00347088 0.07646126
v 0.05904966 -0.00300676 0.07369024
v 0.06045181 -0.00348565 0.07460686
v 0.05484592 -0.00244056 0.07193340
v 0.05454428 -0.00232523 0.07263573
v 0.05403861 -0.00223499 0.07358659
v -0.13293266 -0.03041126 -0.03934097
v -0.13704814 -0.02738081 -0.04307813
v 0.05503440 -0.00264607 0.07148361
v -0.11858805 -0.00941844 -0.02405025
v -0.11624284 -0.01077774 -0.02740659
v -0.11488667 -0.00958475 -0.02383869
v -0.14214626 -0.00326677 -0.03900686
v -0.14271607 -0.01187651 -0.04250892
v -0.13237330 0.00284782 -0.01842519
v 0.05518346 -0.00292694 0.07125562
v -0.12649514 -0.00563677 -0.02084780
v -0.12793428 -0.00294504 -0.01707540
v -0.13834912 0.00586353 -0.01729498
v -0.13585238 0.00450910 -0.01855866
v -0.13417572 0.00361555 -0.01849522
v -0.13574208 0.00401227 -0.01691001
v -0.10505557 -0.02064779 -0.02921263
v -0.10908868 -0.02381063 -0.02666158
v -0.11255077 -0.01952110 -0.02474543
v 0.05535633 -0.00327950 0.07122137
v 0.05503409 -0.00349666 0.07136305
v 0.08622888 -0.03535778 0.05220621
v 0.08603154 -0.02471863 0.05360090
v -0.14140478 0.01277716 -0.02837991
v -0.14239436 0.01122957 -0.03058083
v -0.13775720 0.00694772 -0.04589412
v 0.08994401 -0.03208094 0.04541809
v 0.06075276 -0.00683869 0.07613343
v -0.13335654 0.00514717 -0.02479194
v -0.13271143 0.00414884 -0.02693272
v 0.06136650 -0.00639625 0.07460800
v -0.13147670 0.01688679 -0.02817174
v -0.13206975 0.01382859 -0.02382202
v -0.13135780 0.01399422 -0.02201304
v -0.13076085 0.01848389 -0.02065361
v 0.06003166 -0.00637020 0.07558811
v -0.11129808 -0.05270963 -0.02850981
v -0.11647639 -0.05141395 -0.03291698
v -0.11610617 -0.04907178 -0.03340343
v -0.11238132 -0.04968591 -0.03026849
v -0.11852656 -0.02900435 -0.02823017
v -0.11537962 -0.02903347 -0.03163705
v 0.06054524 -0.00591555 0.07426201
v -0.14282188 -0.01961961 -0.05149173
v -0.14170019 -0.02123921 -0.04992023
v -0.14419319 -0.01472423 -0.05204177
v -0.14500858 -0.01258966 -0.05323649
v 0.06199151 -0.00587917 0.07324155
v 0.06249290 -0.00619166 0.07323770
v 0.05750174 -0.00653497 0.07736574
v 0.05384463 -0.00444676 0.07403341
v 0.05446469 -0.00430808 0.07321133
v -0.12420324 -0.00163347 -0.03193230
v -0.12345068 -0.00273731 -0.03037995
v -0.12964243 0.00959975 -0.02880907
v -0.13404314 0.01195574 -0.03028105
v -0.13376717 0.01344483 -0.02442474
v -0.13046317 0.01164630 -0.02486607
v -0.14129835 0.00817771 -0.04897429
v 0.05839366 -0.00616615 0.07604004
v 0.05611264 -0.00696345 0.07897539
v 0.05303426 -0.00456603 0.07485974
v 0.05435479 -0.00389261 0.07231054
v 0.05474503 -0.00375080 0.07176395
v -0.13279939 0.00264044 -0.02732959
v -0.13355510 0.00298304 -0.02858391
v 0.05848151 -0.00567847 0.07467698
v -0.13238142 0.00292844 -0.02634870
v 0.05909426 -0.00523696 0.07349401
v 0.06092224 -0.00533862 0.07335770
v -0.12614290 -0.00058975 -0.01984668
v -0.13031361 -0.00132995 -0.02008248
v -0.13775274 0.00641881 -0.01938314
v -0.14283696 0.01017307 -0.02191372
v -0.14117491 0.01095820 -0.02402492
v -0.13685703 0.00716715 -0.01958543
v 0.05993764 -0.00441087 0.07247460
v 0.05976379 -0.00393147 0.07260440
v 0.06136611 -0.00498411 0.07307310
v -0.12925825 0.00401545 -0.01888397
v 0.06140502 -0.00447236 0.07315183
v 0.05956431 -0.00474089 0.07268842
v -0.01371908 -0.03391861 -0.17198035
v -0.01713178 -0.01800676 -0.18133816
v 0.05950636 -0.00346311 0.07299331
v 0.06112355 -0.00406428 0.07374078
v 0.06269854 -0.00672499 0.07281774
v 0.06293511 -0.00586016 0.07258824
v 0.06355708 -0.00525910 0.07174450
v 0.06319130 -0.00683087 0.07186323
v -0.13494545 0.01272792 -0.01390484
v -0.13522562 0.01476178 -0.01816625
v -0.13749638 0.01580255 -0.01870549
v -0.13618276 0.01356501 -0.01443388
v -0.14416888 0.01044408 -0.03627066
v 0.06404825 -0.00677975 0.07051084
v 0.06351320 -0.00783760 0.07082941
v 0.06464557 -0.00472174 0.07123961
v 0.06636507 -0.00413742 0.06956577
v -0.15080111 0.00842633 -0.04567483
v -0.12528260 -0.00845344 -0.02764298
v -0.11986130 -0.01149978 -0.02992386
v 0.06565885 -0.00675513 0.06868278
v 0.06467444 -0.00806214 0.06893569
v 0.06260946 -0.00536761 0.07275696
v -0.10093427 -0.01291298 -0.02873462
v -0.10166685 -0.01158213 -0.02808551
v -0.10295597 -0.01171265 -0.02975452
v -0.10274421 -0.01266527 -0.03065571
v 0.06262699 -0.00498523 0.07250863
v 0.06408314 -0.00397962 0.07377349
v -0.10873179 -0.01934858 -0.03304642
v -0.11293376 -0.02079130 -0.03198983
v -0.11091343 -0.02338721 -0.02996396
v -0.10750882 -0.02138599 -0.03229078
v 0.06490482 -0.00319138 0.07333890
v 0.06323974 -0.00453787 0.07376710
v 0.06269538 -0.00415834 0.07613078
v 0.06342407 -0.00352039 0.07652882
v -0.09981053 -0.01612263 -0.03004988
v -0.10038827 -0.01434916 -0.02930973
v -0.10191348 -0.01457053 -0.03172099
v -0.10113078 -0.01642922 -0.03295063
v 0.06388388 -0.00267749 0.07617584
v 0.06234715 -0.00318718 0.07985456
v -0.13999921 0.01293992 -0.02565128
v -0.14315149 0.01324299 -0.02888802
v 0.06264927 -0.00213716 0.07965770
v 0.06175468 -0.00401777 0.07913259
v 0.06234471 -0.00454122 0.07371114
v -0.15479009 0.00693193 -0.04350121
v -0.15539059 0.00516275 -0.04601245
v -0.14924864 0.01145561 -0.03968874
v -0.15032272 0.00996196 -0.04251721
v 0.06181728 -0.00417384 0.07545046
v 0.06099649 -0.00404773 0.07800205
v 0.05971628 -0.00396049 0.08136749
v -0.11880890 -0.02167710 -0.01593040
v -0.12082379 -0.02093054 -0.01812819
v -0.12005904 -0.02333314 -0.01858010
v -0.15723112 0.00931308 -0.04201195
v -0.15597333 0.01246536 -0.04458389
v -0.11672498 -0.05224009 -0.01580125
v -0.11482288 -0.05569179 -0.01452372
v -0.06121441 -0.19767365 -0.01249492
v -0.07994998 -0.18185060 -0.02698362
v -0.07821296 -0.20242368 -0.02886070
v -0.05925683 -0.21749179 -0.01425587
v -0.13668901 0.00847489 -0.01431906
v -0.13399427 0.01103307 -0.01335498
v 0.05782403 -0.00356693 0.08532442
v 0.05700784 -0.00297800 0.08226675
v 0.05536351 -0.00301134 0.08899419
v -0.09984857 -0.01874997 -0.03126760
v -0.09985422 -0.01890381 -0.03125079
v -0.10479444 -0.02142777 -0.03119984
v -0.10915039 -0.01413095 -0.02567740
v -0.10221077 -0.01344214 -0.02771323
v 0.05466226 -0.00272306 0.08504847
v 0.05248178 0.00299791 0.09509508
v 0.05764378 0.00243953 0.09188573
v 0.05413134 -0.00193346 0.08143207
v 0.05193930 -0.00203932 0.07612237
v 0.05055011 -0.00188887 0.07677682
v 0.05154866 -0.00199995 0.08330168
v -0.11009248 -0.01723380 -0.03263709
v 0.04142039 -0.00240948 0.08406595
v 0.04255105 -0.00195165 0.08524743
v -0.10966754 -0.01094338 -0.02889603
v -0.10930221 -0.01003317 -0.02653359
v -0.11037761 -0.02891015 -0.02613467
v -0.11242591 -0.02995394 -0.02925320
v -0.11540551 -0.03173219 -0.02439114
v -0.10167564 -0.01907949 -0.03351101
v -0.12582758 -0.00067962 -0.02839121
v 0.04592057 -0.00204523 0.07818450
v 0.04530277 -0.00211638 0.07773519
v 0.03970499 -0.00247812 0.08563270
v 0.04121044 -0.00189843 0.08729579
v -0.11552665 -0.01678244 -0.03215409
v -0.11780038 -0.01944900 -0.03603282
v -0.11612055 -0.02234498 -0.03506366
v -0.11412008 -0.01928006 -0.03248021
v -0.12935306 -0.03585215 -0.03760609
v -0.12955308 -0.03278553 -0.03703631
v -0.11429390 -0.02570458 -0.04039120
v -0.12101269 -0.02702771 -0.03697461
v -0.12588647 -0.00568179 -0.02694952
v -0.12868077 -0.00343748 -0.02230409
v -0.12006813 -0.00916683 -0.02486164
v -0.11589959 -0.01403035 -0.03017035
v -0.11917866 -0.01659624 -0.03451456
v -0.10948757 -0.01267593 -0.02567698
v -0.11563765 -0.01242692 -0.02319606
v -0.11524212 -0.01109865 -0.02343266
v -0.10953087 -0.01145484 -0.02587201
v -0.13598225 0.00464785 -0.02878474
v -0.13073233 0.00879096 -0.01157153
v -0.13383558 0.00601798 -0.01368859
v -0.13458899 0.02368781 -0.04607573
v -0.13077420 0.01646015 -0.05818373
v -0.13068914 0.01449207 -0.03558331
v -0.11172763 -0.01496013 -0.03200396
v -0.10224527 -0.01098714 -0.02811830
v -0.10350849 -0.01171337 -0.02789130
v -0.14173257 -0.02707288 -0.04899894
v -0.11663768 -0.03321917 -0.02375977
v -0.12414344 -0.00219038 -0.02114655
v -0.14116995 -0.01234508 -0.05890009
v -0.13872166 -0.02076459 -0.05744766
v -0.12366097 -0.00102181 -0.02103501
v -0.12405554 -0.00011024 -0.02076661
v -0.11414833 -0.02974033 -0.03084451
v -0.11746158 -0.03030361 -0.02648007
v -0.12458670 0.00009584 -0.02029089
v -0.12120814 -0.02120265 -0.02023243
v -0.14388478 0.00562782 -0.03598630
v 0.04618864 -0.00194188 0.08556077
v 0.04785481 -0.00202065 0.07836562
v -0.12353586 -0.04870209 -0.04121870
v -0.11984404 -0.05218518 -0.03650144
v 0.04672069 -0.00203054 0.07841355
v -0.10314713 -0.01227044 -0.02725395
v 0.04438588 -0.00192506 0.08543278
v -0.10853275 -0.02317684 -0.02885111
v -0.11015008 -0.01291159 -0.02984569
v 0.04548878 -0.00188457 0.08917920
v 0.04305620 -0.00172651 0.08838330
v 0.05170058 -0.00235359 0.08742628
v -0.11962289 -0.01536500 -0.02211901
v -0.11862738 -0.01842873 -0.02234534
v -0.12176624 -0.01796342 -0.01934554
v 0.03293647 0.11963123 -0.17740691
v 0.03099392 0.09070793 -0.19014151
v -0.12340060 -0.02552832 -0.03946140
v -0.11659220 -0.02193665 -0.04295832
v -0.11971989 -0.02013819 -0.04583948
v -0.12747769 -0.02329039 -0.04080380
v -0.13556081 -0.02949971 -0.05498340
v -0.13166437 -0.03806408 -0.05057437
v -0.13528961 -0.04103065 -0.05099612
v -0.14065938 -0.03160243 -0.05517999
v 0.05129707 0.09282447 -0.17273796
v 0.05231687 0.11799347 -0.16225635
v -0.13736236 0.04244403 -0.05670148
v -0.13506374 0.02762171 -0.03237654
v -0.13777834 0.04895917 -0.03452761
v -0.14025787 0.01464200 -0.03794013
v -0.14000179 0.01276311 -0.04148751
v -0.15057924 0.01424038 -0.04556544
v -0.12962532 0.01595617 -0.01448303
v -0.13084796 0.01396155 -0.02012522
v -0.13457373 0.01385532 -0.01792719
v -0.14947680 -0.00591546 -0.06061036
v 0.05622974 -0.00222942 0.07920194
v 0.05313201 -0.00213510 0.07489974
v 0.06242184 0.11835075 -0.14739710
v 0.06247929 0.13379385 -0.13852631
v 0.05385276 0.13873489 -0.14802192
v 0.04043870 -0.08527277 -0.13958529
v 0.02882482 -0.10382491 -0.15609089
v -0.12440261 -0.00196928 -0.01289338
v -0.12859562 -0.00132749 -0.01537815
v 0.03758521 -0.00275366 0.08789866
v -0.12857465 -0.02683194 -0.05221710
v 0.03958907 -0.00223000 0.08908904
v -0.12974149 -0.02731407 -0.03669181
v -0.13457413 -0.02544308 -0.03906826
v -0.15039259 0.01352527 -0.02699519
v -0.14530928 0.01093851 -0.02437389
v 0.03620934 -0.00328169 0.08684216
v 0.03528477 -0.00325213 0.08694930
v 0.03676802 -0.00257021 0.08813155
v 0.03850089 -0.00189354 0.08941996
v 0.04196543 -0.00190601 0.09026643
v 0.04116751 -0.00157698 0.09130923
v 0.04485147 -0.00155105 0.09332454
v 0.04482014 -0.00199499 0.09167225
v 0.05208518 -0.00253803 0.09152138
v 0.05227494 -0.00200576 0.09335023
v 0.04432587 -0.00045084 0.09325272
v 0.04058649 -0.00066568 0.09077583
v 0.04362324 0.00094150 0.09296578
v 0.04051168 0.00060748 0.09065544
v 0.05225767 0.00054781 0.09307734
v 0.05259608 -0.00072224 0.09360288
v 0.03909020 -0.00531394 0.08711702
v 0.03678839 -0.00487822 0.08691859
v 0.03975925 -0.00501062 0.08666363
v 0.03744226 -0.00457669 0.08631968
v 0.04089190 -0.00467661 0.08533180
v 0.03639394 -0.00410049 0.08609039
v 0.03544591 -0.00421891 0.08664523
v -0.00431862 -0.23001654 0.01214587
v -0.00474831 -0.24241687 0.00745591
v 0.04206973 -0.00444686 0.08412819
v 0.03584847 -0.00229008 0.08732547
v 0.03441775 -0.00317851 0.08675009
v 0.03482329 -0.00100302 0.08612032
v 0.03376459 -0.00273858 0.08627167
v 0.03759705 0.00052738 0.08798353
v 0.03767662 -0.00116121 0.08828554
v 0.03449604 -0.00423381 0.08647671
v 0.03523726 -0.00483628 0.08679906
v 0.03392783 -0.00397205 0.08619900
v 0.03462749 -0.00469644 0.08647910
v 0.04185807 -0.00835253 0.08812119
v 0.04161038 -0.00876286 0.08769746
v 0.03848129 -0.00669129 0.08766192
v 0.03783735 -0.00677859 0.08728009
v 0.05000710 -0.01174261 0.08481624
v 0.05268280 -0.01192038 0.08288165
v 0.04966612 -0.01277551 0.08485879
v 0.00991603 -0.03862057 0.12305875
v 0.00860080 -0.03851505 0.12074092
v 0.01044500 -0.03606620 0.11923569
v 0.01087911 -0.03622717 0.12033266
v 0.05247066 -0.01301452 0.08264521
v 0.04471928 -0.01203440 0.08691108
v 0.04525989 -0.01114558 0.08672354
v 0.04200337 -0.22415759 -0.01122054
v 0.06335124 -0.01044691 0.06999297
v 0.06500065 -0.01165800 0.06868588
v 0.06268809 -0.01234673 0.07153144
v 0.06141308 -0.01086750 0.07238560
v 0.05935011 -0.01124740 0.07491794
v 0.00881916 -0.05158131 0.11907831
v 0.00960345 -0.04924532 0.11834641
v 0.00801016 -0.04899348 0.11666075
v 0.00667589 -0.05094597 0.11781234
v 0.06000399 -0.01272534 0.07446361
v 0.05734939 -0.01293962 0.07740952
v 0.05709016 -0.01162727 0.07773733
v 0.05527972 -0.01184586 0.08015712
v 0.05509201 -0.01315053 0.08003754
v 0.06803285 -0.00704469 0.06591517
v 0.06913137 -0.00394780 0.06562035
v 0.07038504 -0.00758424 0.06272878
v 0.07232390 -0.00429293 0.06169259
v 0.03309945 0.00036768 0.08623180
v 0.01189010 -0.03601727 0.11966147
v 0.01305895 -0.03920497 0.12373738
v 0.01197025 -0.03916537 0.12508559
v 0.01150948 -0.03614101 0.12016509
v 0.03263572 -0.00207811 0.08546689
v 0.03170359 0.00142233 0.08819660
v 0.03137833 -0.00122552 0.08695225
v 0.03330046 0.00378470 0.09054908
v 0.03498342 0.00253314 0.08828235
v 0.03319260 -0.00370677 0.08613352
v 0.03398570 -0.00476661 0.08605111
v 0.03221669 -0.00373074 0.08664245
v 0.03324480 -0.00521173 0.08671468
v 0.04102232 -0.00937217 0.08744856
v 0.04046932 -0.01028856 0.08752183
v 0.03723399 -0.00723056 0.08730987
v 0.03638107 -0.00800662 0.08744076
v 0.05728734 -0.01252467 -0.15284929
v 0.06306950 0.04020884 -0.16175695
v 0.06509655 0.00639957 0.08724973
v 0.06235226 0.00373555 0.08785596
v 0.05900574 0.00486589 0.09269349
v 0.06079382 0.00793244 0.09383748
v 0.06860378 0.01079379 0.08447211
v 0.07167703 0.00717239 0.07776558
v 0.06843903 0.00424838 0.08087331
v 0.06538692 0.00224322 0.08262142
v 0.07020459 -0.00175745 0.06756669
v 0.06778514 -0.00185828 0.07052752
v 0.06784400 -0.00051781 0.07333444
v 0.07021406 -0.00000673 0.07089444
v 0.07336146 -0.00183151 0.06359503
v 0.07379943 0.00058248 0.06749687
v 0.06952047 0.00181592 0.07548074
v 0.06685732 0.00077150 0.07752171
v 0.07325557 0.00324796 0.07255589
v 0.04159707 0.00659821 0.09608457
v 0.04203255 0.00488989 0.09417515
v 0.03898444 0.00341519 0.09123712
v 0.03766332 0.00457767 0.09205271
v 0.04025426 0.00788348 0.09768834
v 0.03577913 0.00580695 0.09334780
v 0.05475368 0.00852646 0.09923451
v 0.05374283 0.00591031 0.09684438
v 0.04341267 0.00201558 0.09278919
v 0.04139147 0.00143757 0.09167603
v 0.04271844 0.00248567 0.09233251
v 0.04043949 0.00169639 0.09090254
v 0.07385758 0.14923798 -0.10098152
v 0.07767781 0.15670328 -0.07575747
v 0.06057748 0.17867845 -0.08275256
v 0.05849985 0.16856557 -0.10861385
v 0.05840977 -0.00018893 0.08798407
v 0.05926787 0.00028694 0.08752650
v 0.06169845 -0.00036404 0.08333164
v 0.06088428 -0.00080803 0.08410806
v 0.06297886 -0.00139061 0.07985574
v 0.06378281 -0.00088585 0.07931259
v 0.06503939 -0.00152873 0.07576920
v 0.06435908 -0.00187124 0.07636486
v 0.06508021 -0.00232921 0.07388683
v 0.06573756 -0.00225807 0.07286811
v 0.04060783 0.00268539 0.09163777
v 0.04265819 0.00323858 0.09324096
v 0.06304295 0.09622785 -0.15436763
v 0.06465627 0.07292147 0.07957872
v 0.07120790 0.06870735 0.06696688
v 0.06870227 0.05524873 0.07485121
v 0.06027007 0.00153255 0.08801039
v 0.06299119 0.00061190 0.08333644
v 0.06495755 -0.00018778 0.07878306
v 0.06619223 -0.00103412 0.07503147
v 0.06666372 -0.00168814 0.07268138
v 0.10502391 -0.02975639 -0.01881201
v 0.10528392 -0.02947528 -0.02070649
v 0.11486149 -0.01556014 -0.05739538
v 0.11048298 -0.00954866 -0.05323964
v 0.10831374 -0.00648335 -0.04957268
v 0.11914217 -0.00239479 -0.02575226
v 0.12250855 0.00136949 -0.02892255
v 0.12417195 -0.03487193 -0.05211844
v 0.11808988 -0.03721358 -0.04628357
v -0.15128566 0.01673140 -0.02718063
v 0.12363920 -0.03390152 -0.05266877
v 0.13433570 -0.00156814 -0.04479305
v 0.13507247 -0.00296681 -0.04770195
v 0.13689898 -0.00346502 -0.04732041
v 0.04773796 -0.03580361 -0.14308837
v 0.05373280 -0.02163561 -0.14946102
v 0.13544668 -0.00439099 -0.05067705
v 0.10792004 -0.02457512 -0.02244529
v 0.11717768 -0.01597901 -0.05793413
v 0.12032183 -0.01618928 -0.06126450
v 0.12227010 -0.02121687 -0.06358429
v 0.12068837 -0.02083059 -0.06223761
v 0.12120808 -0.02656727 -0.06222380
v 0.11972557 -0.02585892 -0.06110997
v 0.12629358 -0.03091914 -0.05611962
v 0.12629747 -0.02600886 -0.05939474
v 0.12435476 0.00210255 -0.03085404
v 0.12425756 0.00107494 -0.02998529
v 0.12584122 0.00214394 -0.03151314
v 0.10939998 -0.02546200 -0.02454827
v 0.11594622 -0.00431504 -0.02630356
v 0.11568728 -0.00614119 -0.02446310
v 0.11508813 -0.00563421 -0.02497501
v 0.10493065 -0.01987949 -0.02856430
v 0.10447613 -0.01901694 -0.02852662
v 0.10728593 -0.02141177 -0.02846140
v 0.11071213 -0.02318065 -0.02594607
v 0.10003988 -0.02984506 -0.03115195
v 0.09922379 -0.03023459 -0.03359028
v 0.09834544 -0.03092884 -0.03278185
v 0.12891944 0.01030356 -0.03443399
v 0.11596597 -0.00705708 -0.02418796
v 0.11816422 -0.00624069 -0.02444581
v 0.11923289 -0.00527431 -0.02461910
v 0.12723748 0.00128351 -0.03194401
v 0.12017005 -0.00449586 -0.02471075
v 0.11816455 -0.00429621 -0.02492451
v 0.12058486 -0.00277762 -0.02566810
v 0.11690028 -0.00407532 -0.02538222
v 0.10791147 -0.02501596 -0.05232130
v 0.10614539 -0.02544907 -0.04898039
v 0.10697685 -0.00996120 -0.01488305
v 0.10816302 -0.01177904 -0.01724120
v 0.11628389 -0.03843651 -0.04292341
v 0.10992829 -0.00244622 -0.03794167
v 0.11188965 0.00084425 -0.03997000
v 0.12950093 -0.02181308 -0.06028136
v 0.11661950 -0.02961261 -0.04606372
v 0.11263420 -0.03067015 -0.04435167
v 0.12089172 -0.02802435 -0.04787556
v 0.12476843 -0.02531189 -0.04952915
v 0.10930741 -0.01152338 -0.03177647
v 0.12641412 -0.00707721 -0.03975177
v 0.12711234 -0.00877332 -0.04252654
v 0.12376697 -0.00701950 -0.03756586
v 0.11405375 0.00436296 -0.03629791
v 0.11461920 0.00359850 -0.03265268
v 0.10895519 0.00031669 -0.03562401
v 0.11431633 0.00139726 -0.03251945
v 0.10351558 -0.02683723 -0.02970921
v 0.09885868 -0.03118225 -0.03685709
v 0.10261989 -0.02998504 -0.03891265
v 0.10067635 -0.03162606 -0.03879395
v 0.10340472 -0.03070264 -0.04132630
v 0.10367771 -0.02936671 -0.04335466
v 0.10445735 -0.02753697 -0.04474059
v 0.10689507 -0.02558774 -0.04412032
v 0.10283770 -0.02271855 -0.02929582
v 0.11366250 0.00277940 -0.02034549
v 0.10199518 -0.02440483 -0.02990784
v 0.10553759 -0.02118954 -0.02861696
v 0.10550319 -0.02298566 -0.02866219
v 0.10465023 -0.02480334 -0.02892342
v 0.10997850 -0.03416237 -0.03554909
v 0.10988368 -0.03241561 -0.03896029
v 0.10820525 -0.03361494 -0.03422734
v 0.11053798 -0.03163458 -0.04225672
v 0.10635598 -0.03318607 -0.03332862
v 0.11288707 -0.00178849 -0.03659033
v 0.11439385 0.00120272 -0.03540248
v 0.10471800 -0.02658694 -0.01635350
v 0.09292653 -0.02618958 0.03842809
v 0.09465834 -0.01591381 0.03256048
v 0.03927285 -0.10662926 0.05875775
v 0.03832386 -0.11264110 0.05841591
v 0.08128043 -0.03863555 0.05922478
v 0.07403731 -0.04312836 0.06701423
v 0.03912657 -0.10026674 0.08278766
v 0.03816410 -0.10210093 0.08254086
v 0.03752094 -0.10126185 0.08332217
v 0.03833735 -0.10038216 0.08283837
v 0.03660939 -0.10018691 0.07997826
v 0.03730841 -0.09997670 0.07853111
v 0.03746125 -0.10016079 0.08111189
v 0.03675757 -0.10044125 0.08259124
v 0.04330523 -0.07071926 0.09130176
v 0.04691311 -0.06348506 0.08995941
v 0.05011447 -0.07141733 0.08534910
v 0.04633801 -0.07794104 0.08681487
v 0.03809612 -0.10174064 0.06447265
v 0.03807851 -0.09876761 0.06598517
v 0.03756294 -0.09892295 0.07142084
v 0.03754317 -0.10073300 0.07036857
v 0.03796710 -0.10371318 0.06381501
v 0.03743667 -0.10123561 0.07000169
v 0.03936573 -0.10321005 0.05948428
v 0.03933472 -0.09838121 0.06100945
v 0.04868373 -0.11249965 0.07297135
v 0.04430907 -0.10826810 0.07687649
v 0.04565800 -0.10182205 0.07913319
v 0.05002401 -0.10319596 0.07555017
v 0.04086423 -0.04949483 0.09530889
v 0.04403683 -0.05583279 0.09326356
v 0.04137342 -0.06359918 0.09314547
v 0.03769546 -0.05557522 0.09542589
v 0.03418557 -0.04800347 0.09866054
v 0.03716856 -0.04264872 0.09761311
v 0.03299674 -0.03674466 0.10809869
v 0.03351502 -0.04194677 0.10920101
v 0.03315540 -0.04429531 0.11545900
v 0.03346091 -0.04067734 0.11389516
v 0.03116019 -0.05023830 0.11143375
v 0.03337614 -0.04489463 0.10575049
v 0.02715870 -0.05285010 0.11242413
v 0.00346133 -0.05044493 0.11914682
v 0.00519157 -0.04759432 0.11861739
v 0.00492979 -0.04718442 0.12192640
v 0.00184580 -0.04902747 0.12266216
v 0.02703004 -0.05231276 0.11449467
v 0.03119317 -0.05055660 0.10823688
v 0.01337793 -0.05046324 0.13420954
v 0.01231883 -0.04725521 0.13478290
v 0.01322211 -0.04840339 0.13054390
v 0.01310666 -0.05132974 0.12916295
v 0.03125847 -0.05179179 0.10424387
v 0.02758541 -0.05363110 0.10992619
v 0.02649548 -0.05142487 0.11636222
v 0.02937366 -0.05053815 0.11628029
v 0.00996340 -0.04643586 0.13357681
v 0.00761630 -0.04687798 0.13716125
v 0.00517357 -0.04661180 0.13371918
v 0.00795840 -0.04674554 0.13050593
v 0.01279545 -0.04477567 0.12289388
v 0.01174287 -0.04822873 0.12444019
v 0.01373285 -0.04449714 0.12868091
v 0.00557495 -0.04365756 0.11997632
v 0.00584489 -0.04476013 0.11764266
v 0.00835446 -0.03969332 0.11841264
v 0.00805467 -0.03921796 0.11831733
v 0.03110185 -0.04734427 0.11980674
v 0.02090448 -0.05158141 0.13302189
v 0.02235565 -0.04993500 0.13730410
v 0.02809169 -0.01167219 0.11287884
v 0.03023114 -0.01508328 0.10633718
v 0.02805900 -0.01494378 0.11667651
v 0.03010631 -0.01776918 0.10983038
v 0.03074727 -0.04471775 0.12727550
v 0.03217946 -0.04165792 0.12494204
v 0.02863499 -0.04398823 0.13489912
v 0.02981773 -0.04001947 0.13511726
v 0.02476819 0.00335839 0.11465301
v 0.01868388 -0.05630288 0.12374993
v 0.01890115 -0.05717487 0.12258692
v 0.01865098 -0.05466627 0.12749143
v 0.03646480 0.15932679 -0.14443901
v 0.03863601 0.17969011 -0.11886255
v 0.04010016 0.19724447 -0.07047781
v 0.03891198 0.20092197 -0.04669980
v 0.02058054 -0.09026265 0.11753540
v 0.02069316 -0.08411080 0.11884217
v 0.02679299 -0.09346575 0.08327520
v 0.02123527 -0.09411468 0.08645865
v 0.02118347 -0.09696312 0.09188695
v 0.02668430 -0.09679559 0.08875997
v 0.03036762 -0.09637635 0.08514655
v 0.03084759 -0.09339704 0.07929257
v 0.02718522 -0.09034518 0.07916290
v 0.02147041 -0.09068496 0.08161423
v 0.02622219 -0.10057414 0.09888221
v 0.02105336 -0.10086170 0.10361538
v 0.02068158 -0.09901252 0.10878982
v 0.02616954 -0.09832765 0.10346355
v 0.03367146 -0.05857724 0.10023881
v 0.02987395 -0.05806854 0.10579349
v 0.02586830 -0.05899289 0.11286563
v 0.02272239 -0.05997302 0.11785986
v 0.02210584 -0.05672048 0.11883552
v 0.02462863 -0.05527948 0.11489240
v 0.02175444 -0.05547638 0.11961377
v 0.02416162 -0.05421211 0.11614917
v 0.02397526 -0.05333100 0.11737284
v 0.02434871 -0.05208876 0.11812205
v 0.02268885 -0.05233914 0.12066147
v 0.02314683 -0.05115385 0.12074221
v 0.02166024 -0.05445308 0.12053879
v 0.02392868 -0.02224733 0.14038223
v 0.02397095 -0.01839227 0.13586797
v 0.02545524 -0.07990378 0.11576636
v 0.02089095 -0.07925331 0.11900207
v 0.02016675 -0.07022612 0.11946022
v 0.02441252 -0.07026897 0.11668566
v 0.02908437 -0.07100248 0.11129977
v 0.03032454 -0.08214789 0.10930732
v 0.01916448 -0.05825686 0.12165115
v 0.02552060 -0.08489582 0.11444227
v 0.02565372 -0.09001701 0.11221914
v 0.03044274 -0.08693594 0.10749589
v 0.03042264 -0.09120369 0.10487857
v 0.03470898 -0.08545176 0.10103465
v 0.03415737 -0.07359932 0.10430998
v 0.03941649 -0.07653536 0.09611624
v 0.03802389 -0.08925774 0.09338333
v 0.04534611 -0.09568731 0.08238894
v 0.04046023 -0.10062325 0.08228484
v 0.04051647 -0.09802878 0.08376828
v 0.04036456 -0.09563436 0.08596058
v 0.04473392 -0.08966922 0.08538023
v 0.04930832 -0.09420661 0.07946153
v 0.04827589 -0.08572272 0.08298218
v 0.04286588 -0.08308671 0.08965528
v 0.03967530 -0.09248818 0.08874043
v 0.03935095 -0.09851144 0.08422287
v 0.03850302 -0.09940553 0.08364961
v 0.03911321 -0.09712297 0.08594010
v 0.03829913 -0.09848417 0.08515252
v 0.03863476 -0.09552159 0.08813459
v 0.03781985 -0.09745155 0.08688429
v 0.03684343 -0.09594177 0.08977570
v 0.03746398 -0.09322269 0.09170766
v 0.03656211 -0.09945571 0.08129796
v 0.03554212 -0.09934735 0.08346571
v 0.03573024 -0.09928228 0.08599157
v 0.03667502 -0.09948521 0.08348633
v 0.03719301 -0.09960839 0.07938095
v 0.03718799 -0.09974834 0.08197545
v 0.03711683 -0.09797375 0.07292207
v 0.03636323 -0.09693778 0.07465313
v -0.06756930 -0.16446477 -0.00924703
v -0.08262989 -0.15420473 -0.02580063
v 0.03760904 -0.09967235 0.07832041
v 0.03773607 -0.09986829 0.08033203
v 0.03771077 -0.10021734 0.08281575
v 0.03762501 -0.09932774 0.08382262
v 0.03714256 -0.09872814 0.08538561
v 0.03621253 -0.09792501 0.08775470
v 0.03025721 -0.09472664 0.10160813
v 0.03392753 -0.09324872 0.09732498
v 0.03362629 -0.09616797 0.09435095
v 0.03010502 -0.09844317 0.09755453
v 0.03332566 -0.09870724 0.09155819
v 0.03156025 -0.09045918 0.07472536
v 0.02997162 -0.10018202 0.09348862
v 0.03454240 -0.09369577 0.07360256
v 0.03560356 -0.09107343 0.06921162
v 0.03378817 -0.09624456 0.07965308
v 0.03777554 -0.09687696 0.06758898
v 0.03708123 -0.09489831 0.06913234
v 0.03893706 -0.09511092 0.06268054
v 0.03816007 -0.09267049 0.06474474
v 0.03317949 -0.09952445 0.08848410
v 0.03434204 -0.08981954 0.09939967
v 0.02577697 -0.09430626 0.10815132
v 0.02066987 -0.09483660 0.11364657
v -0.03706646 -0.01536276 0.08877177
v -0.03544525 -0.01836770 0.09038830
v -0.02792089 -0.01746589 0.09216281
v -0.02976596 -0.01483330 0.09046897
v 0.02404786 -0.03148489 0.15043284
v 0.02404236 -0.02617751 0.14514357
v 0.03702391 -0.10077065 0.08352455
v 0.01604623 -0.24901341 0.00202592
v -0.12255168 -0.01540963 -0.01759555
v -0.12108321 -0.01468202 -0.01606265
v -0.14011063 0.01051660 -0.04518976
v 0.03933850 -0.10334317 0.08153926
v 0.03732407 -0.10803468 0.06321903
v 0.03675761 -0.10248853 0.06948272
v 0.04472611 -0.12233979 0.07205837
v 0.03897021 -0.12982337 0.07591784
v 0.03758589 -0.12190059 0.07989531
v 0.04162890 -0.11566398 0.07587320
v 0.03543309 -0.11106249 0.08618026
v 0.03785118 -0.10650656 0.08291677
v -0.14656988 0.01254525 -0.03868892
v 0.03686508 -0.10462953 0.08472286
v 0.03450473 -0.10740073 0.08863554
v 0.03392547 -0.10433896 0.09028815
v 0.03620811 -0.10291979 0.08569334
v 0.03211987 -0.10046397 0.08937520
v 0.02754801 -0.09964599 0.09478745
v 0.02696612 -0.10606612 0.08393396
v 0.03166306 -0.10640394 0.07904214
v 0.03592198 -0.10550128 0.07348573
v 0.03549791 -0.10060310 0.08229095
v -0.14070725 0.01583163 -0.03415329
v -0.13987616 0.01633264 -0.02603501
v -0.13619678 0.01486484 -0.02516250
v -0.13670266 0.01389637 -0.03208946
v 0.03273836 -0.10050591 0.09063088
v 0.03552151 -0.10083458 0.08497703
v 0.02852196 -0.10006201 0.09707934
v 0.02684489 -0.23883432 -0.00387538
v 0.03593570 -0.10146207 0.08579104
v 0.03334353 -0.10158545 0.09059994
v 0.02922418 -0.10205591 0.09758475
v 0.02987418 -0.10574128 0.09738285
v 0.03045247 -0.11001719 0.09648722
v 0.03105055 -0.11534890 0.09402800
v 0.03286797 -0.12930736 0.08669555
v 0.03375321 -0.13919792 0.08247757
v 0.02642599 -0.13302557 0.09380581
v 0.02715765 -0.14386861 0.09183919
v 0.02598548 -0.11799778 0.10129464
v 0.02578432 -0.11153464 0.10427152
v 0.02530054 -0.10644292 0.10448327
v 0.02481761 -0.10223167 0.10407012
v 0.01959140 -0.06081125 0.12045857
v 0.02156956 -0.05244460 0.12330806
v 0.02074456 -0.05216382 0.12771791
v 0.02468789 -0.04764808 0.13926134
v 0.01885263 -0.05379412 0.13239488
v 0.02738271 -0.04476326 0.13843766
v 0.02580543 -0.04601010 0.14130376
v 0.02675508 -0.04355617 0.14341497
v 0.02787728 -0.04228584 0.14119998
v 0.02446784 -0.04745603 0.14376190
v 0.02603802 -0.04415172 0.14546913
v 0.02094217 -0.04992007 0.14737335
v 0.02225582 -0.04488513 0.15220465
v 0.02374967 -0.03661094 0.15327567
v 0.02298388 -0.04148605 0.15373507
v 0.02737736 -0.04127189 0.14486429
v 0.02866944 -0.03823518 0.14202958
v -0.15432003 0.01202814 -0.03539443
v 0.02897144 -0.03383061 0.13877696
v 0.03030374 -0.03586132 0.13108104
v 0.03059299 0.19574216 0.00954053
v 0.02404479 -0.09979260 0.10318689
v 0.02278334 -0.09898870 0.09995239
v -0.11914025 -0.03585747 -0.02354420
v -0.13893810 0.00145253 -0.03398438
v 0.02653534 -0.12323361 0.06769162
v 0.02664151 -0.11569043 0.07339695
v 0.02159154 -0.11629000 0.07691988
v -0.13872680 0.01627071 -0.02198171
v -0.14500830 0.01781768 -0.02239473
v 0.02150911 -0.12410387 0.07138930
v 0.01881242 -0.09826885 0.10277460
v -0.14867976 -0.00690430 -0.05224221
v -0.15568396 0.01111780 -0.03888902
v -0.15261021 0.00932662 -0.03773740
v -0.14045735 0.00786019 -0.01762006
v -0.12471381 -0.01584252 -0.04664513
v -0.13541020 -0.01638309 -0.04172831
v -0.13185036 -0.02058449 -0.04144782
v -0.12287001 -0.01865637 -0.04666901
v -0.12288024 -0.00374230 -0.03011685
v 0.01819915 -0.10530452 0.08998904
v 0.02213141 -0.10548405 0.08776166
v 0.01934122 -0.09939896 0.10624786
v 0.01989453 -0.10210498 0.10787151
v 0.02031447 -0.10653035 0.10904762
v 0.01752615 -0.11630876 0.07870334
v 0.01731804 -0.12484668 0.07306714
v -0.11441180 -0.02982938 -0.01003683
v 0.03587788 -0.11156371 0.06507592
v -0.12861741 -0.04438738 -0.03368288
v -0.13061297 -0.04170624 -0.03753661
v -0.04095131 -0.03523860 -0.15940621
v -0.04867029 -0.01749139 -0.16703402
v -0.15314870 -0.00650771 -0.05780433
v 0.03599272 -0.11764380 0.05994996
v 0.03166289 -0.11549677 0.06990848
v 0.03185477 -0.12075564 0.06462653
v 0.02036465 -0.14515653 0.09936389
v 0.01972380 -0.13474528 0.09977327
v 0.02079892 -0.11216161 0.10873386
v 0.02037175 -0.11915019 0.10556686
v 0.03980622 0.19111454 -0.09540945
v 0.08499947 0.08629686 0.03217069
v 0.08318025 0.07182840 0.04116854
v -0.14099830 0.01355337 -0.02768323
v 0.07416412 0.08279434 0.05517606
v 0.07617381 0.09470851 0.04511526
v 0.08570443 0.10348746 0.02445714
v 0.07684929 0.10963347 0.03582019
v 0.05918486 0.18899640 -0.01231861
v 0.06042460 0.18301570 0.00104640
v 0.04293096 0.19192460 0.00709224
v 0.05332395 0.19338357 -0.03115725
v 0.06509624 0.18156314 -0.05009881
v 0.06830047 0.18047002 -0.01896279
v 0.06884959 0.17491519 -0.00328560
v -0.12260671 -0.03646691 -0.02536134
v -0.12253198 -0.04668132 -0.02335858
v -0.11969768 -0.04567179 -0.02069078
v -0.13315749 0.00342082 -0.02813189
v 0.02780401 -0.12415399 -0.16197887
v 0.06337687 0.06326623 -0.15925410
v 0.06818191 0.16827060 0.01017757
v 0.06024926 0.17494515 0.01402349
v 0.06011003 0.16485700 0.02455730
v 0.06730464 0.15990096 0.02047783
v 0.04329177 0.18248521 0.02016819
v 0.03128081 0.18543351 0.02265147
v 0.02511779 0.01127679 -0.19835715
v 0.02416953 -0.01437479 0.13173920
v 0.05721590 -0.06485312 -0.11777256
v 0.07476702 -0.06978922 -0.08520664
v 0.08412273 -0.17429414 -0.05735395
v 0.09913255 -0.03989570 -0.04516296
v 0.09817746 -0.03884836 -0.04603767
v 0.08092159 -0.10268337 -0.05486831
v 0.08150752 -0.07629570 -0.05249396
v 0.04267744 -0.06030184 -0.13922480
v 0.11351372 -0.02736783 -0.06024860
v 0.11470626 -0.02362225 -0.06053299
v 0.11642001 -0.02847887 -0.06001968
v 0.11736812 -0.02429589 -0.06069060
v 0.11764849 -0.01995134 -0.05991057
v 0.11810414 -0.03039510 -0.05905673
v 0.11470653 0.00325900 -0.03016118
v 0.11784166 0.00477758 -0.02824568
v -0.12714952 -0.02470168 -0.05174848
v -0.12733592 -0.02092596 -0.05320576
v 0.09872778 -0.04284097 -0.03867318
v 0.09820366 -0.04143131 -0.04111750
v -0.10337022 -0.01102958 -0.02920504
v 0.09703442 -0.04198784 -0.03997100
v 0.09700769 -0.04300994 -0.03795071
v 0.09875108 -0.04455952 -0.03640622
v 0.09700178 -0.04416998 -0.03636638
v 0.11240663 0.02672530 -0.01649185
v 0.09425992 -0.04217733 -0.04173538
v 0.09662554 -0.03931715 -0.04535840
v 0.09709460 -0.04037077 -0.04305228
v 0.09630972 -0.04159880 -0.04099378
v 0.09635633 -0.04358400 -0.03805984
v 0.09664639 -0.04532638 -0.03572093
v 0.09771484 -0.04648351 -0.03510274
v -0.13056839 -0.03546061 -0.04915297
v -0.12300122 -0.04575915 -0.04054345
v -0.08840851 -0.14230561 -0.04890360
v -0.08467044 -0.13181335 -0.07654757
v -0.08642288 -0.15480608 -0.07589145
v -0.08908477 -0.16805966 -0.04941399
v -0.11741006 -0.01038745 -0.00809514
v -0.11728969 -0.01854007 -0.01254182
v -0.11683108 -0.02087710 -0.01068813
v 0.11910331 -0.03141315 -0.05995443
v 0.10744989 -0.04430843 -0.04349585
v -0.02304751 -0.21093574 0.00876740
v -0.01840798 -0.23313624 0.00305954
v 0.11187623 -0.00240111 -0.04074890
v 0.11165378 -0.00378701 -0.04420523
v 0.11631182 -0.00244307 -0.04589790
v 0.11634758 -0.00062623 -0.04274862
v 0.07478080 -0.01440926 -0.13009620
v 0.07826255 -0.00296782 -0.13547996
v 0.01442815 -0.12039305 -0.16906989
v 0.01507373 -0.09779906 -0.16479242
v 0.10468005 0.03619438 -0.09530927
v 0.11215380 -0.00122707 -0.03805841
v 0.11678490 0.00089533 -0.03990918
v 0.11535595 -0.01949444 -0.05946152
v 0.10822378 -0.00122224 -0.03844466
v 0.10851477 -0.00256682 -0.04132073
v 0.11907300 0.00306385 -0.04200624
v 0.11867289 0.00111007 -0.04508663
v 0.11829835 -0.00106451 -0.04826141
v 0.10880132 -0.00403679 -0.04446713
v -0.11452830 -0.02976146 -0.00609220
v -0.11259435 -0.03329914 0.00488388
v -0.11537565 -0.01099991 0.00798002
v -0.11574458 -0.01534485 -0.00354648
v 0.11363930 0.00286596 -0.03962805
v 0.11288334 0.08481221 -0.04203775
v 0.11080304 0.07819298 -0.06831320
v 0.10558824 0.11730101 -0.04211470
v 0.10298660 0.11269058 -0.07043681
v 0.09412593 0.10625797 -0.10180055
v 0.10126206 0.06971352 -0.10006965
v 0.11466177 0.00336199 -0.03076426
v 0.11936796 0.00617234 -0.02868824
v 0.08619742 0.11814689 0.01869706
v 0.09417164 0.11154058 0.01089979
v 0.07699847 0.12298650 0.02839324
v 0.07672229 0.13512787 0.02277685
v 0.08497620 0.13198748 0.01374037
v 0.09613164 0.12382115 0.00030541
v 0.11278812 0.06332761 -0.02260256
v 0.11022530 0.09018366 -0.01964855
v 0.10517165 0.09288479 -0.00529770
v -0.08658478 0.01126538 0.05652073
v -0.09055036 0.01294514 0.04928771
v -0.09182488 0.00390080 0.04702902
v -0.08666509 0.00430842 0.05313442
v 0.10278619 0.12125234 -0.01764044
v 0.08879339 0.14280088 -0.00374567
v 0.09398366 0.14112979 -0.01918936
v 0.07850953 0.15982540 -0.00516616
v 0.08046359 0.16123635 -0.02118451
v 0.07926168 0.16142993 -0.04691843
v 0.09586836 0.13859284 -0.04339670
v 0.08205205 0.14426914 0.00935343
v 0.07483685 0.14588389 0.01917115
v 0.07563630 0.15724075 0.00776558
v 0.07250487 0.15490708 0.01607333
v 0.10165869 0.09334880 0.00243230
v 0.08794586 -0.05162279 -0.03602692
v 0.09400294 -0.05394702 -0.02905663
v -0.01345628 0.09145044 0.10045172
v 0.00437298 0.09368885 0.10432038
v 0.00323215 0.10878292 0.09628631
v -0.01526990 0.10631729 0.09205727
v 0.10072645 -0.04044761 -0.01685718
v -0.05273474 -0.00780758 -0.17107412
v -0.05695101 0.00273069 -0.17510678
v -0.02118518 0.00017884 -0.19112656
v -0.01907127 -0.00980112 -0.18580666
v 0.09934695 -0.02174013 0.02204219
v 0.09892108 -0.00915993 0.02163626
v 0.10504372 -0.01504819 0.01045575
v 0.10302902 -0.03002349 0.00939920
v -0.01819004 0.14480868 0.06157497
v 0.00098120 0.14790569 0.06552341
v -0.00016075 0.16067967 0.05131501
v -0.01971572 0.15691747 0.04812492
v -0.07252697 -0.01707175 0.07320745
v -0.07597867 -0.02525750 0.07141474
v -0.06839713 -0.02629441 0.07760059
v -0.06580792 -0.01778006 0.07821304
v 0.09500507 0.00461268 0.02237111
v 0.10250665 -0.00180253 0.01147955
v 0.10174318 0.01724532 0.01214237
v 0.09466253 0.02538942 0.02481620
v 0.07865009 0.10013083 -0.13216305
v 0.08263911 0.06784140 -0.13446070
v -0.12180620 -0.05538059 -0.01995247
v -0.11971517 -0.05385139 -0.01807801
v 0.08385083 0.04415971 -0.13623282
v 0.06669736 0.04278844 0.08001119
v -0.00142160 0.17276509 0.03607228
v -0.02151786 0.16849679 0.03412511
v 0.03496541 0.14410040 -0.16009656
v 0.06665850 0.08812894 0.06916504
v 0.06851472 0.13840413 -0.12420349
v 0.00244652 -0.09602337 -0.16650428
v 0.05555640 0.15132475 -0.13394910
v 0.09370585 0.13427182 -0.07160538
v 0.08748733 0.12865639 -0.09822928
v 0.07414994 0.12093611 -0.12847707
v 0.08274932 0.01692596 -0.13873753
v 0.06780900 0.14983761 0.02653332
v 0.07741244 -0.00193777 0.05827046
v 0.07655902 -0.00539394 0.05621813
v 0.07758687 0.00204463 0.06218538
v 0.07424552 -0.00988274 0.05847175
v 0.03288125 -0.01836023 0.10110068
v 0.03241219 -0.02060260 0.10417440
v 0.03208842 -0.02345476 0.10716350
v 0.03532108 -0.02323021 0.09948095
v 0.03474360 -0.02629722 0.10217176
v 0.02939064 -0.02376317 0.11765745
v 0.02988231 -0.02088886 0.11343996
v 0.03134210 -0.02600656 0.11025342
v 0.03078809 -0.02944419 0.11284610
v 0.02929552 -0.02699441 0.12106460
v 0.03368796 -0.04450807 0.10159056
v 0.03492080 -0.03764975 0.10051057
v 0.03274804 -0.03289920 0.10549670
v 0.03809173 -0.02915721 0.09874095
v 0.03672237 -0.03285515 0.10015404
v 0.03372617 -0.02914874 0.10417288
v 0.03916101 -0.02575665 0.09578810
v 0.03153661 -0.03381043 0.11632129
v 0.03254007 -0.03842493 0.12107234
v 0.02959533 -0.03114758 0.12607946
v 0.02854084 -0.02944114 0.13342240
v 0.02815816 -0.02534115 0.12854834
v 0.03609152 -0.02085229 0.09674194
v 0.04043974 -0.02319640 0.09348526
v 0.04015315 -0.03710832 0.09791945
v 0.04420730 -0.04180302 0.09598897
v 0.04243010 -0.03202421 0.09606414
v 0.04612474 -0.03533520 0.09427200
v 0.04359829 -0.02815145 0.09354883
v 0.04749060 -0.03091750 0.09181346
v 0.04755067 -0.04812021 0.09339433
v 0.05123099 -0.05460722 0.08947314
v 0.05522254 -0.06405567 0.08342674
v 0.05483028 -0.04614644 0.08769853
v 0.05981839 -0.05438855 0.08130076
v 0.05723151 -0.03822913 0.08586060
v 0.06342804 -0.04538858 0.07927746
v 0.00253933 -0.01071702 0.10305876
v 0.00196892 -0.00827098 0.09824677
v -0.00418077 -0.01130489 0.09561066
v -0.00340119 -0.01394563 0.09914999
v 0.00965249 0.04226576 0.11606473
v 0.00786479 0.05641818 0.11315955
v -0.00750074 0.05576075 0.11112264
v -0.00429016 0.04189364 0.11499177
v 0.05019317 -0.03974538 0.09157618
v 0.05204568 -0.03428149 0.08933383
v 0.04881254 -0.02691085 0.08964810
v 0.04500825 -0.02484500 0.09151965
v 0.05851075 -0.02622331 0.08322386
v 0.05834697 -0.03200749 0.08456714
v 0.05311339 -0.02935184 0.08740937
v 0.05380391 -0.02436524 0.08547364
v 0.06557067 -0.03596231 0.07867793
v 0.06487630 -0.02837451 0.07930902
v 0.06327300 -0.02262834 0.07826883
v 0.04898717 -0.01483167 0.08573811
v 0.04403694 -0.01392690 0.08772837
v 0.05200122 -0.01523681 0.08369058
v 0.05804829 -0.02145799 0.08155942
v 0.05429115 -0.02056441 0.08393764
v 0.06818885 -0.01480315 0.06781571
v 0.06502537 -0.01553836 0.07180056
v 0.05772708 -0.01568808 0.07869846
v 0.05483036 -0.01553613 0.08130453
v 0.06127543 -0.01562150 0.07535676
v 0.03946304 -0.01209117 0.08849199
v 0.03492597 -0.00973048 0.08950968
v 0.07325804 -0.09413064 -0.08416245
v 0.02782889 -0.02188762 0.12495318
v 0.02785706 -0.01850995 0.12069100
v 0.03326261 0.00621131 0.09594228
v 0.03091837 0.00415031 0.09421026
v 0.02716408 0.00348001 0.10872383
v 0.03723662 0.00870392 0.10168162
v 0.03211113 -0.00691836 0.09016649
v -0.01215864 -0.01333453 0.09326192
v -0.01047995 -0.01571366 0.09556249
v 0.03041118 -0.00430037 0.09043404
v 0.02942996 -0.00142161 0.09091736
v 0.02950251 0.00170525 0.09234859
v 0.00259454 0.12244262 0.08734161
v -0.01631533 0.11985103 0.08294503
v -0.02372692 0.19760683 -0.01293566
v -0.02426149 0.19477528 -0.00370616
v -0.00351351 0.20108971 -0.00420897
v -0.00584383 0.20379239 -0.01898299
v 0.04953749 0.02266503 0.10937740
v 0.04573111 0.01390675 0.11052720
v 0.07921644 0.05743809 0.05393932
v 0.08489478 0.04377357 0.04458768
v 0.06981426 0.01872453 0.08052024
v 0.07397626 0.01352986 0.07341734
v 0.07664488 0.00749342 0.06688454
v 0.08807851 0.02507496 0.03672145
v 0.08988518 0.00736994 0.03257117
v 0.09282427 -0.00517895 0.03133267
v -0.11542682 0.00066952 -0.09767820
v -0.12035820 -0.00292658 -0.06859349
v -0.12672842 0.00844062 -0.06642303
v -0.12417579 0.01738979 -0.09577027
v 0.06848643 0.11413178 0.04988553
v -0.04262938 -0.19377202 0.00046580
v -0.03782919 -0.21704186 -0.00427214
v 0.00123720 -0.11990016 -0.17062399
v 0.06858698 0.12703834 0.04138776
v 0.06789938 0.10052887 0.05934527
v 0.05996872 0.15387061 0.03397076
v 0.06015622 0.14267007 0.04431724
v 0.06841656 0.13899964 0.03352944
v 0.06059305 0.13056263 0.05383062
v 0.06087573 0.11784092 0.06282870
v 0.06037584 0.10444042 0.07272123
v 0.05946529 0.09166680 0.08216724
v 0.05759777 0.07483380 0.09081157
v 0.05663144 -0.08752488 -0.11855401
v 0.02388559 -0.03567770 0.11818266
v 0.02348054 -0.03584412 0.11880559
v -0.07294214 0.03111673 0.07484487
v -0.07729047 0.04060285 0.06917860
v -0.08381504 0.03122070 0.06123535
v -0.07927831 0.02452054 0.06770670
v 0.02363464 -0.03563669 0.11755250
v 0.02316669 -0.03579165 0.11850628
v 0.02347957 -0.03624874 0.11836861
v 0.02295726 -0.04844143 0.12024479
v 0.02219125 -0.04499134 0.11927261
v 0.02279487 -0.03957559 0.11927187
v 0.10052775 -0.04904203 -0.02082646
v 0.01270650 0.02272687 0.11881036
v 0.00112841 0.02229895 0.11811920
v 0.00438055 0.01544190 0.11595362
v 0.01380191 0.01544931 0.11742584
v -0.08678570 -0.00260853 0.05254758
v -0.09256791 -0.00483976 0.04779235
v -0.09032778 -0.01290373 0.05396135
v -0.08453273 -0.00960660 0.05814490
v -0.07781790 -0.01511891 0.06800134
v -0.08199145 -0.02230751 0.06582808
v -0.01079644 0.07288106 0.10774396
v 0.00603461 0.07451491 0.11035834
v -0.08761472 0.02167454 0.05377335
v -0.08398240 0.01821104 0.06125214
v 0.00684868 -0.00799409 0.10838537
v 0.00571778 -0.00586061 0.10195225
v 0.00970233 -0.00182144 0.10698330
v 0.01507141 -0.00347946 0.11846969
v 0.01554166 0.00065921 0.11552748
v 0.01085987 0.00139216 0.10834108
v -0.03620521 0.04107543 0.10333808
v -0.04006969 0.05387554 0.09880962
v -0.05438831 0.05249633 0.08904763
v -0.05042739 0.04004790 0.09410021
v -0.01720641 0.13244924 0.07299980
v 0.00189303 0.13516834 0.07723650
v 0.01517546 0.00873473 0.11442192
v 0.00900033 0.00945063 0.11045835
v 0.01031510 0.00671900 0.10852832
v 0.01537159 0.00617413 0.11377119
v -0.01923087 -0.01673136 0.09380169
v -0.02088675 -0.01438608 0.09207952
v -0.10458753 -0.05228051 -0.02758242
v -0.10781134 -0.05480660 -0.02620372
v -0.12063611 0.00613685 -0.00132717
v -0.11710375 -0.00395309 -0.00211985
v -0.11778603 0.00150446 0.00983684
v -0.11806609 0.01431787 0.01004088
v -0.12220608 0.02613718 0.00907514
v -0.12571460 0.03615459 0.00604168
v -0.12786064 0.02148717 -0.00351796
v -0.12417563 0.01545119 -0.00147561
v -0.07935484 -0.14410478 -0.10062309
v -0.07481643 -0.12287670 -0.10421036
v 0.01517233 -0.00694997 0.12365547
v 0.01539615 -0.01054160 0.12785761
v -0.02704785 0.05167209 -0.19522616
v -0.02555338 0.03047023 -0.19729611
v -0.06303953 0.03397439 -0.17790557
v -0.06436692 0.05398200 -0.17503166
v -0.10867826 -0.01050763 -0.09500818
v -0.11442254 -0.01284603 -0.06747503
v 0.00696493 -0.04283316 0.12340750
v 0.01059253 -0.03576778 0.11796454
v 0.00962935 -0.04011134 0.11901201
v 0.01040146 -0.03587978 0.11801805
v 0.00605937 -0.04697483 0.12653127
v 0.00265235 -0.04703871 0.12898895
v 0.00892212 -0.04605866 0.11639238
v 0.01014223 -0.04610895 0.11723888
v 0.01049039 -0.03978650 0.11951157
v 0.01023233 -0.03579178 0.11821493
v 0.01615716 -0.05322760 0.13811290
v 0.01595913 -0.05142788 0.14425880
v 0.01190661 -0.04914418 0.14244249
v 0.01337199 -0.05117648 0.13803640
v 0.01160559 -0.03589539 0.11948343
v 0.01256544 -0.03974113 0.12143848
v 0.01298179 -0.04380786 0.13150103
v 0.01104030 -0.03887358 0.12466793
v 0.01120835 -0.03617690 0.12035342
v 0.01085885 -0.04306000 0.12998824
v 0.01166802 -0.05157014 0.12439930
v 0.00899292 -0.04284325 0.12712203
v -0.12655064 -0.02922358 -0.03495426
v -0.08591142 -0.12113582 -0.01478839
v -0.09532296 -0.09056949 -0.02174003
v -0.09389927 -0.09026829 -0.03036939
v -0.08839659 -0.12122940 -0.02800451
v -0.13602889 0.00324872 -0.03010004
v -0.10391032 0.04531692 0.03646816
v -0.10870382 0.06733583 0.02964260
v -0.11967029 0.05100423 0.01707141
v -0.11699367 0.03451207 0.01927175
v -0.11066933 0.08710901 0.02474716
v -0.12138408 0.07127549 0.01276743
v -0.12801450 0.05349505 0.00105066
v -0.13266636 0.02931813 -0.01844606
v -0.05088936 -0.00294915 0.08281241
v -0.05136457 -0.00315651 0.08321089
v -0.04844326 -0.00365960 0.08529744
v -0.04861233 -0.00347052 0.08481441
v -0.04987267 -0.00265508 0.08175094
v -0.04756296 -0.00340009 0.08348830
v -0.05175614 -0.00202035 0.08005592
v -0.05275813 -0.00247431 0.08102695
v -0.05323953 -0.00272127 0.08138886
v -0.01878404 -0.00302151 0.08810972
v -0.02050368 -0.00293334 0.08726521
v -0.02542626 -0.00345770 0.08726855
v -0.02341660 -0.00358254 0.08919330
v -0.01840464 -0.00340573 0.08897386
v -0.02363198 -0.00402229 0.09007683
v -0.02603939 -0.00045751 0.07880094
v -0.02476242 -0.00020029 0.07864438
v -0.02785409 -0.00070303 0.07885791
v -0.01590746 -0.00112395 0.08402053
v -0.01663032 -0.00054851 0.08422197
v -0.02442667 0.00058480 0.07884261
v -0.02387632 0.00008746 0.07850780
v -0.01704574 -0.00150368 0.08442295
v -0.01368541 -0.00173739 0.08509409
v -0.01159324 -0.00146527 0.08432613
v -0.01200234 -0.00049060 0.08470044
v -0.03321555 -0.00489334 0.08989267
v -0.03375679 -0.00564351 0.08958863
v -0.02511378 -0.00553142 0.08995710
v -0.02432569 -0.00467252 0.09019227
v -0.03266179 -0.00438613 0.08990036
v -0.03911650 -0.00410768 0.08845681
v -0.03941929 -0.00461844 0.08838496
v -0.03975639 -0.00536782 0.08797601
v -0.01912084 -0.00471963 0.08980072
v -0.01888972 -0.00385443 0.08962782
v -0.03977954 -0.00602364 0.08756526
v -0.03439103 -0.00627374 0.08908203
v -0.02555531 -0.00615388 0.08955881
v -0.01898086 -0.00515977 0.08972137
v -0.01386278 -0.00402377 0.08878923
v -0.01600325 -0.00376831 0.08911830
v -0.03439580 -0.00678837 0.08775008
v -0.03412823 -0.00741232 0.08739726
v -0.02539184 -0.00731729 0.08844930
v -0.02562689 -0.00665194 0.08885354
v -0.03961280 -0.00654723 0.08613259
v -0.03943992 -0.00722406 0.08540595
v -0.05553022 -0.00251409 0.07844470
v -0.05673618 -0.00191104 0.07708623
v -0.05654571 -0.00254922 0.07705359
v -0.05571304 -0.00299870 0.07769133
v -0.06164287 -0.00467304 0.07179651
v -0.06375558 -0.00336117 0.07086763
v -0.06727205 -0.00385741 0.06819056
v -0.06480601 -0.00547332 0.07006977
v -0.08200569 -0.01267487 0.06256646
v -0.06982247 -0.00809639 0.06862403
v -0.07266863 -0.00636092 0.06530701
v -0.05438232 -0.00277295 0.07972842
v -0.05307554 -0.00312827 0.08122873
v -0.05450019 -0.00240571 0.07985654
v -0.05559437 -0.00196592 0.07833986
v -0.05462205 -0.00340801 0.07890669
v -0.05305729 -0.00374237 0.08057839
v -0.05130527 -0.00351566 0.08301225
v -0.05117935 -0.00417415 0.08250859
v -0.04820468 -0.00471034 0.08461870
v -0.04828793 -0.00402326 0.08511469
v -0.04459503 -0.00434928 0.08683077
v -0.04506413 -0.00387589 0.08680759
v -0.04467655 -0.00510777 0.08627099
v -0.04818314 -0.00528070 0.08388446
v -0.04451589 -0.00569656 0.08573721
v -0.05111156 -0.00478293 0.08156085
v -0.05321903 -0.00428646 0.07963552
v -0.05489637 -0.00382080 0.07791744
v -0.05636858 -0.00336415 0.07674070
v -0.05744801 -0.00274079 0.07601668
v -0.05568731 -0.00419226 0.07671519
v -0.05711652 -0.00474378 0.07518800
v -0.05441244 -0.00537319 0.07717003
v -0.05354130 -0.00471005 0.07846673
v -0.05762988 -0.00362540 0.07545371
v -0.05937370 -0.00405543 0.07370436
v -0.05119523 -0.00517719 0.08027258
v -0.05144807 -0.00582194 0.07929053
v -0.04796892 -0.00641937 0.08159499
v -0.04793040 -0.00577058 0.08258004
v -0.04336318 -0.00606307 0.08427081
v -0.04357483 -0.00682461 0.08329964
v -0.03219382 -0.00412259 0.08921876
v -0.03189099 -0.00368711 0.08681460
v -0.03783108 -0.00379876 0.08608539
v -0.03940731 -0.00398562 0.08776047
v -0.04522375 -0.00376696 0.08627705
v -0.04331995 -0.00372815 0.08491313
v -0.03799573 -0.00352603 0.08369515
v -0.03511456 -0.00119709 0.07817651
v -0.03730103 -0.00113329 0.07763153
v -0.04238970 -0.00333233 0.08250231
v -0.03266960 -0.00331075 0.08431917
v -0.03265124 -0.00106645 0.07825935
v -0.02720155 -0.00290091 0.08481063
v -0.03021519 -0.00095659 0.07873064
v -0.02251483 -0.00258090 0.08531784
v -0.03425055 0.00577359 0.09445298
v -0.03455773 0.00638785 0.09503874
v -0.04480570 0.00605638 0.09341045
v -0.04319664 0.00555680 0.09288878
v -0.08096188 0.00475433 -0.15260178
v -0.08490142 0.02054708 -0.15720937
v -0.06134341 0.01726686 -0.17830037
v -0.04861381 0.00278308 0.08985665
v -0.04872241 0.00429508 0.08997815
v -0.05343873 0.00377614 0.08634573
v -0.05309965 0.00244589 0.08609932
v -0.04847896 0.00141460 0.08950227
v -0.05248970 0.00102185 0.08564811
v -0.04319832 0.00166156 0.09307973
v -0.04340307 0.00328978 0.09342621
v -0.04347616 0.00479760 0.09314606
v -0.05072375 0.00172454 0.07776551
v -0.04938088 0.00199708 0.07929312
v -0.05097437 0.00136511 0.08166951
v -0.05299956 0.00124821 0.07931123
v -0.05150840 0.00142470 0.07659863
v -0.05384988 0.00108634 0.07765587
v -0.04357211 0.00153418 0.07437415
v -0.04290604 0.00160731 0.07505710
v -0.04183513 0.00171488 0.07607040
v -0.04395986 0.00133268 0.07400125
v -0.04436987 0.00104929 0.07383031
v -0.04454843 0.00072735 0.07387227
v -0.04390414 0.00048111 0.07400566
v -0.08532749 -0.03445064 0.05847399
v -0.08674569 -0.01832387 0.05984529
v -0.09059912 -0.02891179 0.05197635
v -0.05401277 -0.00202679 0.07940346
v -0.05514867 -0.00152082 0.07791469
v -0.05288072 -0.00158526 0.07859599
v -0.05385860 -0.00114419 0.07744616
v -0.05628912 -0.00096014 0.07656060
v -0.05703377 -0.00125795 0.07670665
v -0.04837851 -0.00232525 0.08009844
v -0.04134091 -0.00072886 0.07627833
v -0.04256381 -0.00039950 0.07560651
v -0.05004586 -0.00168757 0.07882524
v -0.04612599 -0.00309503 0.08140443
v -0.03977679 -0.00100888 0.07697009
v -0.04242499 0.00002742 0.07475826
v -0.04323205 0.00023138 0.07436275
v -0.05026997 -0.00117343 0.07755002
v -0.05142099 -0.00072921 0.07658119
v -0.05463881 -0.00062960 0.07666214
v -0.05322275 0.00015827 0.07558554
v -0.05293376 0.00055680 0.07570035
v -0.05557103 -0.00023011 0.07633132
v -0.05568781 0.00028158 0.07635955
v -0.05249812 -0.00026021 0.07580799
v -0.05232631 0.00098110 0.07604116
v -0.05498163 0.00059352 0.07688755
v -0.05738411 -0.00183057 0.07639593
v -0.05769531 -0.00089885 0.07606083
v -0.05899514 -0.00026800 0.07527480
v -0.05822513 -0.00192526 0.07551152
v -0.05964609 -0.00180851 0.07424586
v -0.05893733 -0.00288737 0.07461135
v -0.06045654 0.00041755 0.07469588
v -0.06270973 0.00113890 0.07316144
v -0.06213561 -0.00169509 0.07245934
v -0.06095637 -0.00303619 0.07291293
v -0.05713761 -0.00041640 0.07610171
v -0.05749119 -0.00006798 0.07584934
v -0.05938430 0.00120786 0.07697432
v -0.06062816 0.00213258 0.07668903
v -0.05825145 0.00045633 0.07697568
v -0.05716394 0.00080954 0.07915428
v -0.05802570 0.00167456 0.07946631
v -0.05895125 0.00265681 0.07935369
v -0.05603337 0.00200603 0.08266815
v -0.05670957 0.00320314 0.08268246
v -0.05534641 0.00090926 0.08196892
v -0.05696951 0.00034598 0.07689634
v -0.05600998 0.00064611 0.07847910
v -0.05444787 0.00078593 0.08088677
v -0.05193446 0.00063702 0.08412130
v -0.04799796 0.00085025 0.08778261
v -0.04733995 0.00145980 0.08494649
v -0.04277709 0.00119201 0.09112439
v -0.04221837 0.00140637 0.08813233
v -0.03522104 0.00741394 0.09710682
v -0.04640284 0.00735161 0.09482978
v -0.04177447 0.00198778 0.08415308
v -0.03733590 0.00157007 0.07862024
v -0.03460615 0.00148791 0.07912955
v -0.03624457 0.00163255 0.08617064
v -0.01819774 -0.00018438 0.08521689
v -0.01989964 0.00031703 0.08655256
v -0.02634751 0.00081595 0.07986891
v -0.02525828 0.00073285 0.07935379
v -0.01472980 -0.00021853 0.08659351
v -0.01735253 0.00026963 0.08834829
v -0.02650435 0.00085407 0.08751433
v -0.02983540 0.00096272 0.08035962
v -0.02783402 0.00086110 0.08021827
v -0.02309520 0.00063366 0.08704580
v -0.02495025 0.00096477 0.09086303
v -0.02045072 0.00057376 0.08974732
v -0.03621066 0.00130849 0.09035568
v -0.03064587 0.11627634 -0.17482881
v -0.02949250 0.08786227 -0.18762840
v -0.06584002 0.08715305 -0.16799086
v -0.06605257 0.11174850 -0.15741785
v -0.04601887 0.00210621 0.08195475
v -0.03987648 0.00168077 0.07745289
v -0.08447908 0.11065373 -0.14152889
v -0.08293304 0.12607005 -0.13264616
v -0.06690644 0.13224447 -0.14299136
v -0.04977659 -0.09116107 -0.13512903
v -0.03287004 -0.10866380 -0.15282965
v -0.01055845 -0.00059127 0.08830557
v -0.01392376 0.00007830 0.08969428
v -0.00820842 -0.00126556 0.08716021
v -0.00657293 -0.00133455 0.08719613
v -0.00899802 -0.00052498 0.08855109
v -0.01194617 0.00028222 0.08989617
v -0.01811705 0.00062238 0.09113052
v -0.01642301 0.00085336 0.09204523
v -0.02273080 0.00136485 0.09444907
v -0.02300048 0.00094082 0.09271923
v -0.03596484 0.00130695 0.09333876
v -0.03601745 0.00189147 0.09509072
v -0.02161911 0.00254571 0.09432849
v -0.01519313 0.00184051 0.09141065
v -0.02011502 0.00401366 0.09361303
v -0.01475998 0.00322060 0.09097400
v -0.03553173 0.00487260 0.09484617
v -0.03637727 0.00346513 0.09536827
v -0.01343071 -0.00305054 0.08820970
v -0.00947217 -0.00280923 0.08765124
v -0.01467033 -0.00264887 0.08775707
v -0.01074700 -0.00237518 0.08707171
v -0.01670985 -0.00235867 0.08658011
v -0.00868736 -0.00202179 0.08659831
v -0.00708046 -0.00230251 0.08711781
v -0.01902884 -0.00211528 0.08515166
v -0.00748365 -0.00035205 0.08767368
v -0.00506368 -0.00136930 0.08690916
v -0.00560669 0.00086529 0.08597533
v -0.00398399 -0.00107083 0.08617346
v -0.01001671 0.00278234 0.08788425
v -0.01044351 0.00099937 0.08874771
v -0.00540603 -0.00243372 0.08686724
v -0.00675920 -0.00295980 0.08729665
v -0.00434773 -0.00227044 0.08649459
v -0.00565271 -0.00290317 0.08687532
v -0.01846294 -0.00581913 0.08952816
v -0.01813100 -0.00618564 0.08896826
v -0.01251471 -0.00458025 0.08864094
v -0.01152588 -0.00466934 0.08797267
v -0.03390166 -0.00817534 0.08694723
v -0.03943083 -0.00805199 0.08524896
v -0.03338311 -0.00924156 0.08696455
v -0.03943278 -0.00919267 0.08504535
v -0.02433556 -0.00903538 0.08875151
v -0.02499577 -0.00809325 0.08844642
v -0.03648153 -0.23204044 -0.00682529
v -0.05896227 -0.00558987 0.07384297
v -0.06150670 -0.00671079 0.07285304
v -0.05792647 -0.00754973 0.07540860
v -0.05587178 -0.00620350 0.07600965
v -0.05238229 -0.00674496 0.07832075
v -0.05361707 -0.00814384 0.07799608
v -0.04887982 -0.00858026 0.08046618
v -0.04805781 -0.00728866 0.08068323
v -0.04371733 -0.00759300 0.08266209
v -0.04465676 -0.00900107 0.08265132
v -0.06547217 -0.00184182 0.06987280
v -0.06675190 0.00160870 0.06930177
v -0.06872293 -0.00217680 0.06678548
v -0.07123986 0.00148648 0.06563322
v -0.00249607 0.00191692 0.08611973
v -0.00208805 -0.00055648 0.08542857
v 0.00007268 0.00283038 0.08833614
v 0.00007544 0.00019663 0.08726133
v -0.00173468 0.00565643 0.09067614
v -0.00519141 0.00454331 0.08809751
v -0.00308996 -0.00207384 0.08644177
v -0.00467356 -0.00303004 0.08645970
v -0.00138362 -0.00219098 0.08704553
v -0.00339034 -0.00354935 0.08731460
v -0.01745221 -0.00686348 0.08855326
v -0.01666562 -0.00771457 0.08879766
v -0.01074579 -0.00511418 0.08796138
v -0.00938410 -0.00597382 0.08828399
v -0.07621109 -0.00630467 -0.14813749
v -0.08705132 0.03742383 -0.15587728
v -0.06016557 0.01152414 0.09065540
v -0.05542734 0.00910500 0.09106614
v -0.04869924 0.00975949 0.09563410
v -0.05216955 0.01236473 0.09676687
v -0.06642414 0.01480077 0.08865735
v -0.07061316 0.01232934 0.08205511
v -0.06540312 0.00988096 0.08455589
v -0.06063341 0.00797827 0.08591900
v -0.06815507 0.00432719 0.07132453
v -0.06469204 0.00397088 0.07412691
v -0.06464969 0.00548257 0.07690455
v -0.06819670 0.00619316 0.07462319
v -0.07278860 0.00453277 0.06765646
v -0.07339300 0.00707654 0.07156033
v -0.06717642 0.00799300 0.07919780
v -0.06308880 0.00679906 0.08098976
v -0.07280701 0.00941403 0.07679424
v -0.01516090 0.00952873 0.09678292
v -0.01626938 0.00813656 0.09470692
v -0.01172889 0.00621799 0.09138866
v -0.00919623 0.00726954 0.09214975
v -0.01279540 0.01051431 0.09844188
v -0.00544078 0.00810984 0.09366383
v -0.03870091 0.01206974 0.10160369
v -0.03701468 0.01007340 0.09914405
v -0.01946485 0.00525651 0.09326981
v -0.01599992 0.00428638 0.09200667
v -0.01818046 0.00573886 0.09279972
v -0.01438449 0.00446208 0.09115741
v -0.09896821 0.14031841 -0.09453639
v -0.10246868 0.14745250 -0.06934626
v -0.07134168 0.17186972 -0.07825011
v -0.07042018 0.16177024 -0.10377061
v -0.04860294 0.00496165 0.09055990
v -0.05019916 0.00554604 0.09042425
v -0.05499189 0.00506999 0.08662838
v -0.05349698 0.00451488 0.08706613
v -0.05721822 0.00407141 0.08321810
v -0.05861953 0.00467754 0.08271918
v -0.06061627 0.00399500 0.07924714
v -0.05957332 0.00357628 0.07974023
v -0.06081997 0.00312280 0.07734327
v -0.06177227 0.00326432 0.07634790
v -0.01434884 0.00559521 0.09203375
v -0.01775909 0.00663335 0.09363920
v -0.08694856 0.08882602 -0.14847600
v -0.05923417 0.06651553 0.08351152
v -0.07280814 0.06158369 0.07164566
v -0.06724373 0.04919000 0.07826924
v -0.05193285 0.00682852 0.09122025
v -0.05700385 0.00630300 0.08672518
v -0.06034634 0.00560687 0.08223793
v -0.06228685 0.00477408 0.07860793
v -0.06307834 0.00400964 0.07624208
v -0.11589813 -0.02513494 -0.01129805
v -0.11630660 -0.02452528 -0.01349900
v -0.13287504 -0.00570726 -0.05127320
v -0.12983590 -0.00025156 -0.04711060
v -0.12770383 0.00251004 -0.04314889
v -0.13401401 0.00778130 -0.01978685
v -0.13754985 0.01163142 -0.02308375
v -0.13766998 -0.03353251 -0.04504754
v -0.13089910 -0.03789615 -0.03925924
v -0.13751861 -0.03171780 -0.04563097
v -0.15094164 0.00974394 -0.03829551
v -0.15200025 0.00852472 -0.04111364
v -0.15396842 0.00819336 -0.04045492
v -0.06131300 -0.03758324 -0.13852899
v -0.07101923 -0.01687105 -0.14488247
v -0.15260462 0.00717085 -0.04402163
v -0.11977546 -0.01694243 -0.01550929
v -0.13478354 -0.00601449 -0.05173938
v -0.13785030 -0.00604848 -0.05497473
v -0.13915229 -0.01198816 -0.05700015
v -0.13779792 -0.01159304 -0.05571580
v -0.13742138 -0.01983957 -0.05560602
v -0.13628820 -0.01886727 -0.05449590
v -0.14087102 -0.02619192 -0.04913544
v -0.14188994 -0.01860460 -0.05258453
v -0.13960308 0.01238632 -0.02499635
v -0.13959503 0.01146208 -0.02402821
v -0.14107770 0.01252223 -0.02544934
v -0.12123717 -0.01813348 -0.01771479
v -0.13060068 0.00559572 -0.02055785
v -0.12968421 0.00362815 -0.01848895
v -0.12909679 0.00411074 -0.01912177
v -0.11785530 -0.01075238 -0.02268844
v -0.11749375 -0.00978209 -0.02276807
v -0.12005199 -0.01262406 -0.02227950
v -0.12316324 -0.01475207 -0.01928934
v -0.11143501 -0.02520722 -0.02501086
v -0.11074419 -0.02594538 -0.02761045
v -0.10960363 -0.02724634 -0.02675752
v -0.14678821 0.01857006 -0.02709826
v -0.12995233 0.00261691 -0.01814012
v -0.13228375 0.00376852 -0.01828030
v -0.13374463 0.00490064 -0.01842012
v -0.14260073 0.01187980 -0.02561075
v -0.13468955 0.00580250 -0.01844921
v -0.13277259 0.00582358 -0.01888059
v -0.13542116 0.00753493 -0.01954923
v -0.13149936 0.00592099 -0.01949044
v -0.12299988 -0.01756061 -0.04697158
v -0.12078165 -0.01826693 -0.04358980
v -0.12049732 -0.00143670 -0.00703899
v -0.12124974 -0.00273194 -0.01005206
v -0.12858789 -0.03985336 -0.03573398
v -0.12724471 0.00699339 -0.03124592
v -0.12911761 0.01032552 -0.03289620
v -0.14570174 -0.01237192 -0.05324113
v -0.13119550 -0.02400086 -0.03899541
v -0.12675321 -0.02600113 -0.03750777
v -0.13615471 -0.02154767 -0.04071795
v -0.13996354 -0.01718996 -0.04240972
v -0.12370576 -0.00210614 -0.02662782
v -0.14132902 0.00333582 -0.03377982
v -0.14171812 0.00166744 -0.03631397
v -0.13863026 0.00318816 -0.03184107
v -0.13091679 0.01321397 -0.02880897
v -0.13139698 0.01262678 -0.02522671
v -0.12598798 0.00956826 -0.02895567
v -0.13110197 0.01082055 -0.02534397
v -0.11538456 -0.02024851 -0.02344812
v -0.11123505 -0.02799495 -0.03094602
v -0.11486075 -0.02535279 -0.03291874
v -0.11345368 -0.02873870 -0.03280495
v -0.11606786 -0.02664479 -0.03531259
v -0.11679177 -0.02432155 -0.03756465
v -0.11805555 -0.02136607 -0.03916230
v -0.12081641 -0.01824341 -0.03858339
v -0.11532643 -0.01443319 -0.02335647
v -0.12970079 0.01184905 -0.01239453
v -0.11425735 -0.01686186 -0.02390322
v -0.11829495 -0.01238278 -0.02258246
v -0.11801533 -0.01468140 -0.02252081
v -0.11689110 -0.01731420 -0.02271920
v -0.12309297 -0.03264819 -0.02822479
v -0.12352358 -0.02948608 -0.03201928
v -0.12057759 -0.03152183 -0.02699901
v -0.12416366 -0.02788392 -0.03551025
v -0.11847627 -0.03086884 -0.02627568
v -0.13007687 0.00785762 -0.02958583
v -0.13162573 0.01061905 -0.02809805
v -0.11639814 -0.02048687 -0.00857159
v -0.09578495 -0.02028215 0.04521673
v -0.09965198 -0.00859950 0.03948103
v -0.02268303 -0.10809939 0.06328447
v -0.02113216 -0.11371707 0.06285764
v -0.07879569 -0.03963325 0.06478170
v -0.07000715 -0.04541152 0.07194636
v -0.02029875 -0.10303402 0.08607030
v -0.01854939 -0.10465686 0.08588865
v -0.01700631 -0.10341377 0.08666185
v -0.01861974 -0.10278019 0.08610273
v -0.01509303 -0.10104292 0.08359709
v -0.01651611 -0.10132268 0.08219136
v -0.01671651 -0.10168742 0.08458976
v -0.01527116 -0.10181691 0.08590157
v -0.02619099 -0.07383162 0.09489796
v -0.03203309 -0.06665269 0.09285975
v -0.03741150 -0.07514026 0.08896169
v -0.03192861 -0.08149941 0.09082933
v -0.02004997 -0.10273220 0.06872521
v -0.02003748 -0.09947841 0.07010855
v -0.01821630 -0.09978250 0.07533601
v -0.01822860 -0.10148337 0.07426853
v -0.01972377 -0.10495216 0.06833723
v -0.01795750 -0.10237031 0.07416758
v -0.02284561 -0.10451536 0.06386176
v -0.02277755 -0.09942672 0.06529441
v -0.03523566 -0.11644477 0.07690363
v -0.02917789 -0.11179554 0.08029781
v -0.03142149 -0.10562624 0.08286937
v -0.03763874 -0.10739096 0.07976855
v -0.01933399 -0.05121069 0.09717838
v -0.02603957 -0.05831347 0.09554007
v -0.02140085 -0.06622437 0.09622797
v -0.01407601 -0.05746694 0.09765138
v -0.00786519 -0.04917769 0.10041660
v -0.01267067 -0.04349694 0.09919223
v -0.00501814 -0.03652251 0.10998811
v -0.00577954 -0.04242280 0.11118190
v -0.00393611 -0.04486647 0.11717851
v -0.00488025 -0.04096933 0.11572317
v -0.00147201 -0.05104695 0.11288904
v -0.00577028 -0.04562328 0.10766444
v 0.00439503 -0.05347206 0.11339304
v 0.00488582 -0.05279184 0.11545033
v -0.00208370 -0.05156214 0.10983680
v -0.00270198 -0.05294183 0.10595602
v 0.00346876 -0.05434772 0.11101422
v 0.00579425 -0.05200350 0.11743969
v 0.00168303 -0.05127008 0.11757550
v -0.00039660 -0.04791892 0.12106941
v 0.01388990 -0.05201234 0.13336425
v 0.01280044 -0.05031968 0.13760109
v 0.00719312 -0.01060566 0.11363453
v 0.00268680 -0.01355391 0.10729720
v 0.00722517 -0.01376669 0.11741872
v 0.00295178 -0.01626601 0.11076751
v 0.00097209 -0.04513463 0.12836616
v -0.00125870 -0.04188165 0.12633738
v 0.00475147 -0.04444967 0.13576221
v 0.00359336 -0.04001107 0.13606943
v 0.01568711 0.00374854 0.11401047
v 0.01534531 -0.05657249 0.12388249
v 0.01491325 -0.05742626 0.12268396
v 0.01584798 -0.05490415 0.12767752
v -0.03177027 0.15579146 -0.14177756
v -0.03214379 0.17605184 -0.11622999
v -0.02833095 0.19410333 -0.06858411
v -0.02318312 0.19848460 -0.04472399
v 0.01037334 -0.09085587 0.11796539
v 0.01070823 -0.08484128 0.11913659
v 0.00004804 -0.09416200 0.08502801
v 0.00697445 -0.09458790 0.08751224
v 0.00736991 -0.09752969 0.09294476
v 0.00054137 -0.09769739 0.09049912
v -0.00511887 -0.09739281 0.08715320
v -0.00619409 -0.09415318 0.08154321
v -0.00060231 -0.09094085 0.08089586
v 0.00660608 -0.09091978 0.08269647
v 0.00181139 -0.10158829 0.10046510
v 0.00827238 -0.10134298 0.10433929
v 0.00911095 -0.09976625 0.10935891
v 0.00255573 -0.09977608 0.10481818
v -0.00721612 -0.06024160 0.10225131
v -0.00054484 -0.05928588 0.10748285
v 0.00573716 -0.05988859 0.11374878
v 0.01015496 -0.06071214 0.11808360
v 0.01121641 -0.05722988 0.11904284
v 0.00797632 -0.05586576 0.11547576
v 0.01172775 -0.05591269 0.11993200
v 0.00878170 -0.05469640 0.11666118
v 0.00915771 -0.05381569 0.11794671
v 0.00866791 -0.05267181 0.11895567
v 0.01077942 -0.05288912 0.12123270
v 0.01032571 -0.05175840 0.12138475
v 0.01194829 -0.05489909 0.12093289
v 0.01518313 -0.02169963 0.14032659
v 0.01549019 -0.01801052 0.13578241
v 0.00521508 -0.08128995 0.11651786
v 0.01075588 -0.07993715 0.11907017
v 0.01223664 -0.07076202 0.11921342
v 0.00701568 -0.07135137 0.11722879
v 0.00024583 -0.07255528 0.11286722
v -0.00215268 -0.08409926 0.11100427
v 0.01445702 -0.05858573 0.12172462
v 0.00479927 -0.08626951 0.11547993
v 0.00428987 -0.09130964 0.11323054
v -0.00266209 -0.08893832 0.10935979
v -0.00297692 -0.09299854 0.10665598
v -0.00995639 -0.08800474 0.10372365
v -0.00847905 -0.07588615 0.10676302
v -0.01845160 -0.07939559 0.09962840
v -0.01673471 -0.09218311 0.09666371
v -0.03109767 -0.09954528 0.08612590
v -0.02282040 -0.10373802 0.08557967
v -0.02267389 -0.10106911 0.08709615
v -0.02219254 -0.09871842 0.08927914
v -0.02984718 -0.09346798 0.08954576
v -0.03706970 -0.09845893 0.08388710
v -0.03547566 -0.08979337 0.08749512
v -0.02620923 -0.08654064 0.09377737
v -0.02056937 -0.09565679 0.09224150
v -0.02059291 -0.10130756 0.08741468
v -0.01890015 -0.10186484 0.08685189
v -0.01996178 -0.09996573 0.08907317
v -0.01841670 -0.10098523 0.08818340
v -0.01879368 -0.09848185 0.09127031
v -0.01729411 -0.10013625 0.08989156
v -0.01500263 -0.09858124 0.09257740
v -0.01603759 -0.09600049 0.09469213
v -0.01552834 -0.10095663 0.08468536
v -0.01359694 -0.10087085 0.08636636
v -0.01343485 -0.10119681 0.08859031
v -0.01535018 -0.10137799 0.08645639
v -0.01669399 -0.10102493 0.08312883
v -0.01635962 -0.10156427 0.08524235
v -0.01729830 -0.09903373 0.07670768
v -0.01584136 -0.09795091 0.07809825
v -0.01739090 -0.10098764 0.08206430
v -0.01736484 -0.10144179 0.08392595
v -0.01729539 -0.10213187 0.08605459
v -0.01715152 -0.10147919 0.08686725
v -0.01611591 -0.10090008 0.08824828
v -0.01413588 -0.10028677 0.09049411
v -0.00317136 -0.09654403 0.10341921
v -0.00930999 -0.09546955 0.09966614
v -0.00909938 -0.09833495 0.09656643
v -0.00352487 -0.10023925 0.09944767
v -0.00896279 -0.10075657 0.09366178
v -0.00763644 -0.09099025 0.07721267
v -0.00391175 -0.10140276 0.09544756
v -0.01259270 -0.09450491 0.07669389
v -0.01477624 -0.09170622 0.07263856
v -0.01102022 -0.09733209 0.08225954
v -0.01899865 -0.09767672 0.07178172
v -0.01773398 -0.09562616 0.07288914
v -0.02205599 -0.09591959 0.06700855
v -0.02030179 -0.09331407 0.06887105
v -0.00929794 -0.10090466 0.09063088
v -0.00975849 -0.09221742 0.10192207
v 0.00360494 -0.09553808 0.10920885
v 0.00972216 -0.09544398 0.11403868
v 0.01450818 -0.03120509 0.15039560
v 0.01473018 -0.02563867 0.14523265
v -0.01586534 -0.10245377 0.08701199
v -0.00548355 -0.25178051 0.00341894
v -0.02084442 -0.10617438 0.08485919
v -0.01857733 -0.10912940 0.06775121
v -0.01668157 -0.10431887 0.07439330
v -0.02954415 -0.12599041 0.07559957
v -0.02045492 -0.13300063 0.07933592
v -0.01759784 -0.12472125 0.08324447
v -0.02482288 -0.11906416 0.07935165
v -0.01318608 -0.11340588 0.08942299
v -0.01792988 -0.10909247 0.08627011
v -0.01579560 -0.10674343 0.08812127
v -0.01114392 -0.10918272 0.09185915
v -0.00995912 -0.10584645 0.09344554
v -0.01432649 -0.10453042 0.08904654
v -0.00730315 -0.10073152 0.09234315
v -0.00028247 -0.09994714 0.09677070
v -0.00058636 -0.10595517 0.08616345
v -0.00753913 -0.10674115 0.08201629
v -0.01451332 -0.10479006 0.07657285
v -0.01309342 -0.10084899 0.08562181
v -0.00811100 -0.10160802 0.09360802
v -0.01292908 -0.10174103 0.08828727
v -0.00127363 -0.10058267 0.09910299
v -0.01779419 -0.24442412 -0.00091068
v -0.01360753 -0.10274125 0.08906223
v -0.00890916 -0.10290360 0.09363307
v -0.00208351 -0.10265294 0.09972747
v -0.00317064 -0.10670331 0.09975865
v -0.00421999 -0.11135885 0.09895581
v -0.00560278 -0.11714661 0.09679434
v -0.00900688 -0.13144769 0.08930077
v -0.01100020 -0.14149290 0.08514082
v -0.00040221 -0.13421494 0.09558366
v -0.00200953 -0.14522570 0.09370574
v 0.00144758 -0.11903004 0.10297826
v 0.00229496 -0.11214263 0.10575992
v 0.00308303 -0.10686755 0.10596576
v 0.00382958 -0.10262188 0.10537946
v 0.01369799 -0.06127574 0.12032580
v 0.01222765 -0.05297449 0.12376475
v 0.01354025 -0.05271335 0.12811796
v 0.01027889 -0.04812879 0.13971809
v 0.01611949 -0.05401723 0.13253178
v 0.00684114 -0.04530121 0.13919036
v 0.00917538 -0.04649479 0.14184721
v 0.00859278 -0.04384094 0.14398761
v 0.00698004 -0.04245174 0.14185648
v 0.01115563 -0.04766105 0.14405519
v 0.00976967 -0.04442291 0.14591058
v 0.01578476 -0.04970787 0.14727214
v 0.01530444 -0.04477021 0.15201680
v 0.01459242 -0.03643297 0.15300991
v 0.01502731 -0.04143613 0.15323104
v 0.00818623 -0.04138670 0.14545403
v 0.00636545 -0.03814756 0.14276862
v 0.00590101 -0.03334719 0.13968551
v 0.00250860 -0.03552490 0.13225710
v -0.00370042 0.19434488 0.01065252
v 0.00466233 -0.10017557 0.10447152
v 0.00586206 -0.09927988 0.10126746
v -0.00144868 -0.12273642 0.07018800
v -0.00080822 -0.11559233 0.07593474
v 0.00450064 -0.11555509 0.07846569
v 0.00416245 -0.12331337 0.07303739
v 0.01017368 -0.09870015 0.10344698
v 0.00939545 -0.10562795 0.09064053
v 0.00535315 -0.10558917 0.08905265
v 0.00975710 -0.09955757 0.10692646
v 0.00917647 -0.10234347 0.10838749
v 0.00858095 -0.10668503 0.10969677
v 0.00855265 -0.11613525 0.07955153
v 0.00783912 -0.12412935 0.07402532
v -0.01576028 -0.11181152 0.06908672
v -0.01667769 -0.11854771 0.06397808
v -0.00817620 -0.11501667 0.07284223
v -0.00905078 -0.12071408 0.06794931
v 0.00529334 -0.14574304 0.10001813
v 0.00644884 -0.13511868 0.10027695
v 0.00783022 -0.11229850 0.10926841
v 0.00744521 -0.11956531 0.10602790
v -0.03097766 0.18765102 -0.09300090
v -0.09805399 0.07805743 0.03912261
v -0.09337765 0.06389157 0.04764684
v -0.07997322 0.07528304 0.06086961
v -0.08520801 0.08730651 0.05117187
v -0.10034973 0.09452441 0.03179829
v -0.08723946 0.10163522 0.04213139
v -0.06065239 0.18301547 -0.00769685
v -0.06063690 0.17689539 0.00581290
v -0.02434068 0.18878418 0.00952134
v -0.05173150 0.18831766 -0.02761124
v -0.07648022 0.17430678 -0.04522678
v -0.07928436 0.17283514 -0.01348362
v -0.07783224 0.16729447 0.00262676
v -0.03389418 -0.12958454 -0.15829858
v -0.08774310 0.05734258 -0.15323201
v -0.07412930 0.16079138 0.01590245
v -0.05827788 0.16875355 0.01871852
v -0.05622691 0.15884504 0.02912267
v -0.07050128 0.15271087 0.02600227
v -0.02293275 0.17926197 0.02261865
v -0.00254383 0.18392140 0.02381142
v -0.02380009 0.01380450 -0.19626501
v 0.01554110 -0.01398320 0.13154423
v -0.07003377 -0.07134155 -0.11273643
v -0.08782350 -0.07889177 -0.07938989
v -0.08948646 -0.18819541 -0.05095602
v -0.11249466 -0.04341309 -0.03816669
v -0.11200718 -0.04199550 -0.03914479
v -0.08896557 -0.11442605 -0.04801422
v -0.09229520 -0.08703684 -0.04552977
v -0.05302322 -0.06492047 -0.13472331
v -0.13051589 -0.02157768 -0.05351266
v -0.13246620 -0.01587461 -0.05399022
v -0.13283452 -0.02302929 -0.05315547
v -0.13465357 -0.01667895 -0.05399697
v -0.13503206 -0.01063743 -0.05351225
v -0.13381459 -0.02603547 -0.05228819
v -0.13095586 0.01240847 -0.02290701
v -0.13437346 0.01378124 -0.02082095
v -0.11084944 -0.04743558 -0.03149220
v -0.11091834 -0.04568397 -0.03405180
v -0.10952899 -0.04652299 -0.03281543
v -0.10911883 -0.04777324 -0.03074616
v -0.11013404 -0.04946215 -0.02912475
v -0.10848915 -0.04911180 -0.02904580
v -0.12984651 0.02719930 -0.00774584
v -0.10547300 -0.04625601 -0.03450531
v -0.11035243 -0.04287416 -0.03839468
v -0.11012740 -0.04432424 -0.03602129
v -0.10906034 -0.04617811 -0.03386213
v -0.10758527 -0.04830839 -0.03075282
v -0.10736421 -0.05041310 -0.02829394
v -0.10870453 -0.05185369 -0.02770735
v -0.13433200 -0.02771427 -0.05321791
v -0.11918617 -0.04890784 -0.03639913
v -0.12928520 0.00713720 -0.03421125
v -0.12927617 0.00572424 -0.03770936
v -0.13391984 0.00756464 -0.03949907
v -0.13369021 0.00931404 -0.03620762
v -0.09532037 -0.00702543 -0.12454032
v -0.10090020 0.00403449 -0.12929690
v -0.01277139 -0.12308665 -0.16755688
v -0.01159237 -0.10000640 -0.16383323
v -0.12957427 0.03336932 -0.08809201
v -0.12920475 0.00833643 -0.03142516
v -0.13383903 0.01069149 -0.03322751
v -0.13313508 -0.01020444 -0.05318138
v -0.12552951 0.00803640 -0.03185378
v -0.12618604 0.00668585 -0.03476030
v -0.13638020 0.01274382 -0.03538069
v -0.13614376 0.01105906 -0.03864413
v -0.13688841 0.00900695 -0.04200941
v -0.12675983 0.00521051 -0.03796511
v -0.13112260 0.01204227 -0.03228410
v -0.13766734 0.07340018 -0.03370735
v -0.13701023 0.06742202 -0.06026147
v -0.13169795 0.10563286 -0.03395315
v -0.13082179 0.10119812 -0.06248872
v -0.12293917 0.09556378 -0.09412798
v -0.12860303 0.06038573 -0.09238799
v -0.13109687 0.01244504 -0.02341449
v -0.13637775 0.01498595 -0.02130853
v -0.10224172 0.10871531 0.02627877
v -0.11265634 0.10148801 0.01905922
v -0.08841721 0.11461108 0.03490371
v -0.08890001 0.12656958 0.02945656
v -0.10190859 0.12236887 0.02118921
v -0.11688200 0.11318348 0.00861381
v -0.13420132 0.05349560 -0.01426824
v -0.13322233 0.07887125 -0.01086109
v -0.12609008 0.08219394 0.00357824
v -0.12652442 0.10991058 -0.00905948
v -0.10947871 0.13273798 0.00415244
v -0.11778632 0.13041249 -0.01124028
v -0.09641873 0.15065086 0.00195494
v -0.10162719 0.15169388 -0.01438179
v -0.10239215 0.15196741 -0.04053374
v -0.12209088 0.12764551 -0.03579002
v -0.09902552 0.13487183 0.01663848
v -0.08637477 0.13738079 0.02571760
v -0.08976138 0.14856061 0.01437904
v -0.08257960 0.14674051 0.02229845
v -0.12130916 0.08318968 0.01098592
v -0.09894946 -0.05906559 -0.02881330
v -0.10296351 -0.06134127 -0.02099797
v -0.11104587 -0.04400368 -0.00882505
v -0.10489378 -0.01444044 0.02946695
v -0.10617641 -0.00195912 0.02917208
v -0.11375403 -0.00698902 0.01834834
v -0.10941452 -0.02583261 0.01728286
v -0.10367381 0.01145292 0.02968085
v -0.11299196 0.00616081 0.01950379
v -0.11349887 0.02061020 0.01992377
v -0.10413071 0.02470983 0.03194038
v -0.10683158 0.09098445 -0.12531401
v -0.11064526 0.06015190 -0.12748286
v -0.11082672 0.03967866 -0.12923403
v -0.06370226 0.03806649 0.08373585
v -0.03141769 0.14055930 -0.15746659
v -0.06456424 0.08128506 0.07367578
v -0.09249258 0.12989059 -0.11788587
v -0.06819130 0.14479302 -0.12891136
v -0.12159747 0.12342305 -0.06409839
v -0.11611537 0.11829881 -0.09085811
v -0.10128991 0.11180832 -0.12172224
v -0.10798606 0.02241514 -0.13218838
v -0.07073875 0.14258194 0.03197715
v -0.07820613 0.00473734 0.06292262
v -0.07667708 0.00064873 0.06059434
v -0.07893164 0.00874955 0.06677408
v -0.07401969 -0.00409651 0.06287926
v -0.00282820 -0.01634846 0.10222723
v -0.00195824 -0.01838780 0.10533945
v -0.00156732 -0.02114066 0.10827033
v -0.00769178 -0.02041660 0.10072927
v -0.00674874 -0.02391298 0.10322759
v 0.00389712 -0.02195601 0.11873189
v 0.00320736 -0.01908891 0.11441204
v -0.00040477 -0.02405888 0.11139145
v 0.00011349 -0.02810281 0.11412659
v 0.00381696 -0.02550971 0.12213232
v -0.00710903 -0.04534124 0.10356797
v -0.00875187 -0.03765644 0.10215974
v -0.00427922 -0.03202169 0.10697789
v -0.01310308 -0.02708092 0.10000622
v -0.01108498 -0.03184306 0.10149755
v -0.00533867 -0.02747486 0.10532239
v -0.01492359 -0.02265179 0.09740105
v -0.00126638 -0.03317222 0.11782038
v -0.00228962 -0.03842673 0.12261333
v 0.00338323 -0.03024988 0.12718450
v 0.00628225 -0.02845943 0.13437977
v 0.00674887 -0.02391099 0.12945125
v -0.00899312 -0.01808152 0.09812699
v -0.01731402 -0.01964694 0.09561494
v -0.01743973 -0.03706857 0.09951773
v -0.02551157 -0.04280664 0.09820338
v -0.02117494 -0.03047171 0.09791148
v -0.02883176 -0.03470847 0.09670047
v -0.02325204 -0.02514121 0.09590852
v -0.03131995 -0.02856048 0.09451650
v -0.03269999 -0.05019495 0.09594376
v -0.03908734 -0.05762865 0.09250514
v -0.04481783 -0.06794707 0.08718373
v -0.04457317 -0.04825456 0.09120370
v -0.05140851 -0.05801595 0.08536875
v -0.04830781 -0.03852905 0.08954512
v -0.05647783 -0.04779199 0.08360174
v -0.03714986 -0.04037184 0.09462513
v -0.04028350 -0.03308449 0.09245709
v -0.03362245 -0.02295383 0.09241584
v -0.02571700 -0.02083679 0.09417178
v -0.05070922 -0.02139917 0.08648220
v -0.05005460 -0.02946311 0.08808862
v -0.04193667 -0.02587131 0.09036194
v -0.04314100 -0.01962908 0.08826499
v -0.05956643 -0.03527738 0.08301486
v -0.05927979 -0.02365246 0.08331431
v -0.05794785 -0.01709040 0.08208797
v -0.03225809 -0.01119506 0.08789171
v -0.02323812 -0.01088726 0.08942210
v -0.03878448 -0.01130688 0.08606569
v -0.05024893 -0.01631936 0.08479400
v -0.04378068 -0.01579801 0.08665580
v -0.06579778 -0.00943753 0.07239254
v -0.06111078 -0.01037588 0.07592924
v -0.04974147 -0.01110899 0.08186999
v -0.04449010 -0.01129308 0.08396602
v -0.05555312 -0.01077365 0.07906349
v -0.01492326 -0.00955001 0.08990736
v -0.00678800 -0.00786017 0.09043749
v -0.08488356 -0.10484216 -0.07771799
v 0.00748099 -0.02043843 0.12576389
v 0.00742108 -0.01730991 0.12143874
v -0.00084389 0.00805991 0.09641726
v 0.00261149 0.00563591 0.09471570
v 0.01115920 0.00427782 0.10849551
v -0.00694280 0.01080253 0.10221785
v -0.00132270 -0.00536707 0.09088178
v 0.00186429 -0.00296662 0.09102224
v 0.00355679 -0.00023808 0.09155023
v 0.00431385 0.00276081 0.09283560
v -0.02809541 0.02210062 0.11064757
v -0.02107529 0.01535399 0.11122198
v -0.08504342 0.05036861 0.05952536
v -0.09183288 0.03791145 0.05070616
v -0.06892565 0.01956226 0.08513573
v -0.07491155 0.01674597 0.07830639
v -0.07825180 0.01291557 0.07176985
v -0.09516653 0.02418844 0.04312401
v -0.09670977 0.01319523 0.03926908
v -0.09916136 0.00190823 0.03814577
v -0.07075643 0.10744371 0.05509610
v -0.07139430 0.12000813 0.04671087
v -0.06898744 0.09432863 0.06432952
v -0.05474205 0.14792848 0.03833522
v -0.05405555 0.13684690 0.04861207
v -0.07146427 0.13176742 0.03892345
v -0.05411537 0.12493309 0.05806075
v -0.05395555 0.11240771 0.06693770
v -0.05214101 0.09944710 0.07651685
v -0.04876783 0.08594912 0.08601993
v -0.04427465 0.06930967 0.09404944
v -0.06932236 -0.09582962 -0.11285551
v 0.01056146 -0.03555396 0.11846228
v 0.01111584 -0.03577112 0.11929436
v 0.01086547 -0.03553767 0.11807846
v 0.01149544 -0.03572703 0.11903113
v 0.01097006 -0.03620850 0.11893323
v 0.01078530 -0.04891136 0.12088362
v 0.01193033 -0.04535313 0.11985416
v 0.01161267 -0.03974897 0.11981765
v -0.10967606 -0.05535346 -0.01234829
v -0.08756787 -0.17432603 -0.07766941
v -0.08111158 -0.16226110 -0.10263605
v 0.07966236 -0.16098483 -0.08401641
v 0.07104711 -0.15002301 -0.10915513
v 0.02597995 -0.24889469 -0.00665511
v 0.04186897 -0.23712613 -0.01340403
v 0.04326486 -0.25255877 -0.01607352
v 0.02602072 -0.26301241 -0.00954697
v 0.08583802 -0.19282891 -0.09894276
v 0.08234461 -0.17769837 -0.08878537
v 0.07369720 -0.16607109 -0.11626603
v 0.07873003 -0.18007147 -0.12825219
v 0.05901994 -0.15771252 -0.14048181
v 0.06418765 -0.17241311 -0.15398151
v 0.04492636 -0.16946982 -0.17202204
v 0.04195520 -0.15108979 -0.15858656
v 0.02678407 -0.14727345 -0.17002100
v 0.02720596 -0.16876969 -0.18302031
v 0.06127905 -0.22203477 -0.02228539
v 0.07744094 -0.20562091 -0.03812980
v 0.08031429 -0.22283420 -0.04421378
v 0.06324443 -0.23859669 -0.02616387
v 0.08527505 -0.19077612 -0.06098056
v 0.08809943 -0.20688817 -0.06958095
v 0.01359683 -0.16946405 -0.18783012
v 0.01384848 -0.14553429 -0.17591196
v 0.02708384 -0.29799223 -0.01575560
v 0.01276056 -0.30413586 -0.01378102
v 0.01409732 -0.28582546 -0.00951935
v 0.02641851 -0.27980211 -0.01293778
v 0.07931945 -0.29330593 -0.04199449
v 0.10487085 -0.27329314 -0.06418202
v 0.11802734 -0.29078615 -0.06087472
v 0.08786052 -0.31315535 -0.04022016
v 0.15978742 -0.27902147 -0.08336037
v 0.17625478 -0.24818131 -0.12248906
v 0.05082130 -0.30740929 -0.02625521
v 0.05538552 -0.32746160 -0.02504755
v -0.00221466 -0.19300559 -0.20462027
v -0.00098762 -0.17058918 -0.18810816
v 0.15601328 -0.23745346 -0.12595052
v 0.15246196 -0.22161576 -0.17223714
v 0.17734101 -0.23237960 -0.17099673
v 0.07046308 -0.25316498 -0.25580761
v 0.07121585 -0.26551461 -0.26369315
v 0.10013863 -0.25583184 -0.25827789
v 0.09178449 -0.24493492 -0.24885342
v 0.11035977 -0.20215383 -0.15806872
v 0.08807173 -0.19894354 -0.18772058
v 0.10439128 -0.21073413 -0.20104133
v 0.13107434 -0.21114343 -0.16790044
v 0.03932617 -0.22605422 -0.23583469
v 0.07170492 -0.21673274 -0.22261578
v 0.06083014 -0.20346960 -0.20980926
v 0.03312992 -0.20795798 -0.22119138
v 0.13661063 -0.22833565 -0.12560596
v 0.11480695 -0.21868031 -0.12037567
v 0.12329519 -0.25237119 -0.09276893
v 0.10659046 -0.23892230 -0.08827478
v 0.09263603 -0.25803393 -0.06046388
v 0.07387023 -0.18503612 -0.16922705
v 0.05099077 -0.18547755 -0.18911274
v 0.02876750 -0.18783695 -0.20057690
v 0.01322086 -0.19085166 -0.20447862
v -0.00592906 -0.28291851 -0.26131764
v -0.00513665 -0.25972113 -0.25301537
v 0.01403017 -0.23165119 -0.23929510
v 0.01364402 -0.21272941 -0.22584864
v 0.14068110 -0.26446474 -0.09092363
v 0.09440573 -0.22407986 -0.08024061
v 0.08566727 -0.24042997 -0.05257603
v 0.10129754 -0.33006421 -0.02843296
v 0.13571714 -0.30968410 -0.05024969
v 0.06396410 -0.34533495 -0.01748959
v 0.03249358 -0.35699168 -0.01038498
v 0.01442547 -0.25598621 -0.25133929
v 0.01282829 -0.27860072 -0.26046896
v 0.04217774 -0.27102968 -0.26185805
v 0.04813758 -0.24733379 -0.25087774
v 0.07270330 -0.27501178 -0.03730701
v 0.04888891 -0.28844506 -0.02268499
v 0.02696370 -0.31679916 -0.01800109
v 0.09111760 -0.19045876 -0.14188729
v 0.09577979 -0.20622854 -0.10956632
v 0.06757304 -0.25600749 -0.03204580
v 0.04554987 -0.27010059 -0.01985293
v 0.01453455 -0.27025026 -0.00510624
v 0.02858342 -0.33687487 -0.01663164
v 0.15451191 -0.23418851 -0.21456113
v 0.12825553 -0.24479076 -0.24276870
v 0.11403410 -0.23845176 -0.23811352
v -0.00450048 -0.23489276 -0.24088773
v 0.00245623 -0.28865641 -0.00840310
v 0.00118215 -0.30561632 -0.01276962
v 0.00385766 -0.27322304 -0.00305188
v 0.12304774 -0.22501323 -0.21574382
v 0.08304006 -0.23238482 -0.23692854
v 0.00452519 -0.26166099 0.00136143
v 0.00008758 -0.14611599 -0.17672412
v 0.00006786 -0.32658762 -0.01713830
v -0.00047850 -0.35109490 -0.01662197
v -0.00032871 -0.37270635 -0.00933574
v 0.01538514 -0.25789163 -0.00130403
v 0.01181576 -0.34568441 -0.01593116
v 0.01202252 -0.32352155 -0.01679265
v 0.01252739 -0.36748308 -0.00947199
v -0.00338991 -0.21515812 -0.22666495
v -0.01777974 -0.25438434 -0.00382155
v -0.03672714 -0.24496102 -0.00887163
v -0.03823486 -0.26056188 -0.01118292
v -0.01881237 -0.26844814 -0.00674396
v -0.09275835 -0.20747469 -0.09218225
v -0.08935818 -0.19212681 -0.08250667
v -0.08335990 -0.17904669 -0.10941846
v -0.08927771 -0.19314799 -0.12054590
v -0.07144192 -0.16848998 -0.13324536
v -0.07712605 -0.18415576 -0.14581935
v -0.05779096 -0.17860729 -0.16580358
v -0.05420091 -0.15974444 -0.15230367
v -0.03358012 -0.15284410 -0.16632776
v -0.03579865 -0.17485201 -0.17927706
v -0.05918269 -0.23272541 -0.01632992
v -0.07822621 -0.21877976 -0.03192802
v -0.07998323 -0.23552535 -0.03770483
v -0.06084729 -0.24901417 -0.02016001
v -0.09004229 -0.20541432 -0.05472409
v -0.09110122 -0.22221583 -0.06335923
v -0.01504483 -0.17262696 -0.18590704
v -0.01370204 -0.14844774 -0.17409475
v -0.02311189 -0.30275518 -0.01285017
v -0.00996138 -0.30598825 -0.01254050
v -0.00843616 -0.28881001 -0.00836179
v -0.02114894 -0.28576669 -0.00990910
v -0.07486241 -0.30480906 -0.03683198
v -0.10294525 -0.28692791 -0.05741484
v -0.11479425 -0.30543602 -0.05358689
v -0.08276098 -0.32497880 -0.03385952
v -0.15863104 -0.29766774 -0.07374913
v -0.18002552 -0.26822090 -0.11156977
v -0.04667992 -0.31543863 -0.02155541
v -0.05059629 -0.33649948 -0.01993292
v -0.16112174 -0.25557697 -0.11592110
v -0.16208704 -0.23909868 -0.16196270
v -0.18588686 -0.25197709 -0.15957512
v -0.08232137 -0.26332232 -0.25038242
v -0.08263368 -0.27569413 -0.25831240
v -0.11166714 -0.26860496 -0.25121886
v -0.10384814 -0.25714982 -0.24196327
v -0.12167484 -0.21557608 -0.14901483
v -0.10116710 -0.21190611 -0.18093431
v -0.11668371 -0.22450265 -0.19296665
v -0.14140137 -0.22685486 -0.15859643
v -0.05123871 -0.23320660 -0.23204753
v -0.08456945 -0.22695740 -0.21638191
v -0.07352889 -0.21077254 -0.20300104
v -0.04398390 -0.21463984 -0.21771567
v -0.14267069 -0.24474138 -0.11602932
v -0.12183516 -0.23361349 -0.11141448
v -0.12538110 -0.26740605 -0.08414720
v -0.10949673 -0.25356498 -0.08127806
v -0.09247626 -0.27031910 -0.05413386
v -0.08725177 -0.19809109 -0.16136543
v -0.06476594 -0.19581744 -0.18297997
v -0.03933421 -0.19462532 -0.19695625
v -0.01676155 -0.19650283 -0.20385531
v -0.02255179 -0.23704313 -0.23807074
v -0.02035727 -0.21184874 -0.22338673
v -0.14132220 -0.28139013 -0.08210182
v -0.09683596 -0.23907526 -0.07381405
v -0.08472814 -0.25374120 -0.04656417
v -0.09448928 -0.34378207 -0.02041756
v -0.13064109 -0.32587665 -0.04130992
v -0.05722141 -0.35520571 -0.01143187
v -0.02841274 -0.36267370 -0.00634078
v -0.02512429 -0.25948825 -0.24941850
v -0.02473158 -0.28207025 -0.25830519
v -0.05266953 -0.27866188 -0.25820974
v -0.05994685 -0.25538349 -0.24667011
v -0.06936075 -0.28506941 -0.03200202
v -0.04463963 -0.29605266 -0.01785503
v -0.02434096 -0.32227188 -0.01526070
v -0.10176156 -0.20546529 -0.13317303
v -0.10320046 -0.22179291 -0.10238634
v -0.06504384 -0.26704288 -0.02624311
v -0.04120430 -0.27873906 -0.01471271
v -0.00721628 -0.27301073 -0.00396428
v -0.02609471 -0.34224075 -0.01306709
v -0.16525155 -0.25205430 -0.20395792
v -0.13983765 -0.26029044 -0.23371136
v -0.12587014 -0.25276500 -0.22970787
v -0.13488585 -0.24015889 -0.20692286
v -0.09531889 -0.24398160 -0.23038366
v -0.00611903 -0.26047793 -0.00001772
v -0.01271749 -0.34856328 -0.01416791
v -0.01141772 -0.32643348 -0.01566798
v -0.01341844 -0.36971146 -0.00742364
v 0.01045493 -0.03610238 0.11831489
v -0.10583821 -0.06523825 0.00835185
v -0.10480046 -0.07705556 -0.00052019
v -0.09644338 -0.10078087 0.00408093
v -0.09870112 -0.08723257 0.01344176
v -0.08503805 -0.12220612 0.00935971
v -0.09141116 -0.10524853 0.01729183
v -0.07245126 -0.14058128 0.01580924
v -0.08202115 -0.12238941 0.02164545
v -0.06322327 -0.15426397 0.02416507
v -0.07261755 -0.13552284 0.02988351
v -0.03479104 -0.16789180 0.05618441
v -0.03140938 -0.17656881 0.04794652
v -0.01899988 -0.18323360 0.06011159
v -0.01965902 -0.17650494 0.06915608
v -0.00768206 -0.18870863 0.07109539
v -0.00823583 -0.18214352 0.08040442
v 0.00119637 -0.18999723 0.07732436
v 0.00152879 -0.18407950 0.08720413
v 0.01075797 -0.18957454 0.08034847
v 0.01125972 -0.18345280 0.09029269
v 0.01209792 -0.16510174 0.10074687
v 0.00323330 -0.16649991 0.09896640
v 0.00236282 -0.17591193 0.09441184
v 0.01162931 -0.17598426 0.09637942
v -0.00514959 -0.16454419 0.09223038
v -0.00733204 -0.17422166 0.08739309
v -0.01487297 -0.15925612 0.08152488
v -0.01799093 -0.16854948 0.07636833
v -0.02801332 -0.15065135 0.07039630
v -0.03214648 -0.15974368 0.06427062
v -0.04050718 -0.14108668 0.06574795
v -0.04752873 -0.14568573 0.05758259
v 0.00132634 -0.19407023 0.06402987
v 0.01024799 -0.19318444 0.06761770
v -0.00659574 -0.19258475 0.05838834
v -0.01662341 -0.18766975 0.04909898
v -0.02704996 -0.18271533 0.03863268
v -0.05077532 -0.16459265 0.03644761
v -0.03946814 -0.17696491 0.02812099
v -0.05376355 -0.16615433 0.01961005
v -0.06333254 -0.15254536 0.01115981
v -0.07852562 -0.13269275 0.00277077
v -0.09353143 -0.10847566 -0.00393042
v -0.10287139 -0.08335577 -0.00820364
v -0.10844585 -0.06086673 -0.00382801
v -0.00316004 -0.15564072 0.09436436
v 0.00431399 -0.15637653 0.10033207
v -0.01156272 -0.15113991 0.08486124
v -0.02344495 -0.14217243 0.07496456
v -0.03515051 -0.13375516 0.07141799
v -0.04455502 -0.10906559 0.07511812
v -0.04225510 -0.12170682 0.07222523
v -0.04178180 -0.08546542 0.08416104
v -0.04370097 -0.09692396 0.07992420
v -0.05675246 -0.07219206 0.07708811
v -0.06011861 -0.08843420 0.06825434
v -0.05183301 -0.09466652 0.07411722
v -0.04934480 -0.07991017 0.08056429
v -0.06325869 -0.06022512 0.07422403
v -0.06825458 -0.07957193 0.06296010
v 0.00157693 -0.19767964 0.05298129
v 0.00972024 -0.19759154 0.05437939
v -0.00515695 -0.19651484 0.04768649
v -0.01301099 -0.19361088 0.03953202
v -0.02047174 -0.19153848 0.03038284
v -0.02961570 -0.18841061 0.02178970
v -0.04012648 -0.18172120 0.01488260
v -0.05344785 -0.16896500 0.00648677
v -0.07057241 -0.14715743 -0.00318082
v -0.08918661 -0.11632314 -0.01019823
v -0.09796378 -0.08927446 -0.01619987
v -0.01729028 -0.20447370 0.01633456
v -0.01080795 -0.20391415 0.02186290
v -0.00596853 -0.20454203 0.02741774
v -0.00233300 -0.20409817 0.03328657
v 0.00200329 -0.20644894 0.03229816
v 0.00873449 -0.20820484 0.03156913
v 0.00202169 -0.21015410 0.02289435
v 0.00845777 -0.21179122 0.02302182
v -0.00101972 -0.21494725 0.01847976
v 0.00810045 -0.21625109 0.01905537
v -0.00376357 -0.22085348 0.01551681
v 0.00745852 -0.22428071 0.01558048
v -0.04920973 -0.12734947 0.06564713
v -0.05772460 -0.12711012 0.05693053
v -0.06117018 -0.10719933 0.06099657
v -0.07016464 -0.10040473 0.05339404
v -0.06745531 -0.12334710 0.04699685
v -0.05256671 -0.11127871 0.06841511
v -0.07836013 -0.11370929 0.03654684
v -0.07945041 -0.08993016 0.04563784
v -0.07606471 -0.06702907 0.05853132
v -0.08600844 -0.07702504 0.03982325
v -0.08656818 -0.10060157 0.02871173
v -0.08288494 -0.05789118 0.05265437
v -0.08843376 -0.04875856 0.04756352
v -0.09083771 -0.06655240 0.03486743
v -0.09251298 -0.08597792 0.02484727
v -0.05819317 -0.14871848 0.04301488
v -0.09780887 -0.07256778 0.02137076
v -0.09331867 -0.04049906 0.04164515
v -0.09529726 -0.05531444 0.03037120
v -0.09871782 -0.02985438 0.03490482
v -0.10177370 -0.04246770 0.02393761
v -0.10467827 -0.05519488 0.01577665
v -0.11074850 -0.04713622 0.00162932
v 0.01235145 -0.15510911 0.10251042
v -0.09916371 -0.05542721 -0.03562409
v -0.01378247 -0.07087080 0.10114709
v -0.00473195 -0.06739883 0.10749596
v 0.00305268 -0.06623816 0.11350118
v 0.00866227 -0.06589641 0.11765759
v 0.01309454 -0.06584854 0.11967102
v 0.00605342 -0.24473071 0.00913722
v 0.02096031 0.01520962 0.11821929
v 0.00679657 -0.23251370 0.01320053
v 0.01235836 -0.12441204 0.07423045
v 0.01546069 0.18630424 0.02412001
v 0.01263880 -0.14487290 0.10330169
v 0.01296223 -0.11575283 0.08027510
v 0.02005428 -0.02568116 0.14899150
v 0.01290734 -0.13605103 0.10248549
v 0.01411694 -0.11301844 0.11048289
v 0.01450637 -0.10193454 0.10923631
v 0.02067765 0.07478300 0.11126238
v 0.01436425 -0.10664813 0.11095066
v 0.01659020 -0.06170939 0.12084771
v 0.01988456 -0.03079430 0.15401109
v 0.01452818 -0.09898885 0.10700604
v 0.00417171 -0.05427400 -0.16503750
v 0.01371960 -0.12072974 0.10695202
v 0.01359132 -0.10539864 0.09104882
v 0.01438771 -0.09820827 0.10382671
v 0.01405906 -0.09119628 0.08309846
v 0.01640503 -0.06679910 0.11983436
v 0.02059474 -0.00608759 0.12651943
v 0.00577715 -0.00144843 -0.19637048
v 0.02043322 -0.00957365 0.13050026
v 0.01891796 0.12386965 0.08878608
v 0.02014420 0.09466232 0.10530207
v 0.02013888 -0.02129339 0.14383720
v 0.00682513 0.08946068 -0.19638440
v 0.00706478 0.11991939 -0.18342403
v 0.02086975 0.04275094 0.11602812
v 0.01226371 0.20396182 -0.05094476
v 0.01965986 -0.03623531 0.15679023
v 0.01747032 -0.05469263 0.13244435
v 0.01705599 0.16276504 0.05247381
v 0.00641177 0.02953910 -0.20522934
v 0.00963546 0.19426855 -0.09935488
v 0.01471904 -0.09975682 0.11087355
v 0.01628429 0.17500326 0.03673488
v 0.01451844 -0.10112210 0.10501750
v 0.01840663 -0.05093046 0.14842090
v 0.00608230 0.01209503 -0.20326221
v 0.00667050 0.05183486 -0.20344386
v 0.01567368 -0.08044918 0.11882629
v 0.01610195 -0.07212073 0.11912885
v 0.01081542 0.20139815 -0.07554427
v 0.02120131 0.02259802 0.11887507
v 0.01544768 -0.08643457 0.11934270
v 0.02062383 0.00346475 0.11731718
v 0.01524377 -0.09190374 0.11882263
v 0.00528764 -0.25364995 0.00485740
v 0.00797894 0.16231340 -0.14878222
v 0.01496618 -0.09622256 0.11549889
v 0.01421156 -0.09747715 0.09395579
v 0.02032403 -0.01702301 0.13889928
v 0.01411122 -0.09456491 0.08832338
v 0.02074736 0.05632345 0.11358536
v 0.01693948 -0.05796812 0.12376872
v 0.01706887 -0.05726778 0.12514995
v 0.02048198 0.00098481 0.11887342
v 0.01941172 0.11025657 0.09753703
v 0.02081978 0.00562077 0.11709452
v 0.01687720 -0.05889085 0.12255172
v 0.00740763 0.14630282 -0.16508165
v 0.01343445 0.20697242 -0.02100149
v 0.01408354 0.20461246 -0.00495155
v 0.02052984 -0.00261648 0.12269441
v 0.02046845 -0.01303747 0.13431515
v 0.00347145 -0.07196893 -0.16488498
v 0.01898793 -0.04597004 0.15443353
v 0.01931708 -0.04181105 0.15668009
v 0.01779398 0.14965762 0.06706062
v 0.00544976 -0.01145097 -0.19043386
v 0.01464848 0.19768003 0.01097663
v 0.01838901 0.13667414 0.07876387
v 0.00475466 -0.03381975 -0.17537245
v 0.00511751 -0.01920712 -0.18572883
v 0.01810018 -0.05247369 0.14459552
v 0.02068784 0.00829068 0.11677843
v 0.01773340 -0.05395553 0.13797942
v 0.00868143 0.18336704 -0.12243601
v 0.01726134 -0.05595000 0.12789676
v 0.02387881 -0.03619689 0.11766580
v 0.10072945 -0.05715594 0.00058014
v 0.09839030 -0.06723051 -0.00851953
v 0.09285239 -0.09032205 -0.00326552
v 0.09626134 -0.07790540 0.00592771
v 0.08464984 -0.11212809 0.00240381
v 0.09092887 -0.09558763 0.00994949
v 0.07459103 -0.13101253 0.00932848
v 0.08370156 -0.11288133 0.01470204
v 0.01394969 -0.05041607 0.14342114
v 0.01475454 -0.05233448 0.13809185
v 0.06824251 -0.14553061 0.01799154
v 0.07697622 -0.12676084 0.02326028
v -0.00252485 -0.00134717 0.08597896
v 0.00885181 -0.05301147 0.11854425
v 0.01095273 -0.02246220 0.13597947
v -0.00057625 -0.00102165 0.08709015
v 0.04677777 -0.16211411 0.05102962
v 0.04337392 -0.17049074 0.04296169
v 0.03484878 -0.17804056 0.05576622
v 0.03620946 -0.17167497 0.06473343
v 0.00539225 -0.05213119 0.11663645
v 0.02828508 -0.18553646 0.06809994
v 0.02956067 -0.17904255 0.07724496
v 0.02055167 -0.18877733 0.07582066
v 0.02123524 -0.18276274 0.08574253
v 0.01139489 -0.01519129 0.12724611
v 0.00807485 -0.00370453 0.10462709
v 0.02116798 -0.16548571 0.09816308
v 0.02124773 -0.17493290 0.09350663
v 0.01148712 -0.01905314 0.13173744
v -0.00234957 -0.04668243 0.11859915
v 0.00008070 -0.05091985 0.11521521
v 0.01148553 -0.04145425 0.14985475
v 0.01040956 -0.03707289 0.14887500
v 0.02879483 -0.16259426 0.08998709
v 0.01028002 -0.04587734 0.14521454
v 0.01345504 -0.04877070 0.14585029
v 0.02951618 -0.17172423 0.08463962
v -0.00484698 -0.00186637 0.08675049
v -0.02343560 0.00034555 0.07871405
v 0.01231526 -0.04451096 0.14909472
v 0.01559046 -0.04776584 0.14966616
v -0.01055843 -0.00096130 0.08426854
v -0.00386940 -0.00161855 0.08639587
v 0.00417274 -0.04199794 0.13615245
v 0.01021870 -0.00550273 0.11284527
v 0.03488139 -0.15614459 0.07783386
v 0.03588988 -0.16476735 0.07218511
v 0.04300918 -0.14646001 0.06602064
v 0.04517002 -0.15478560 0.05948281
v -0.00008659 -0.04325522 0.12750769
v 0.05234904 -0.13603574 0.06092480
v 0.05748639 -0.13975722 0.05221976
v 0.01931449 -0.19245127 0.06250642
v -0.00625112 -0.00175439 0.08673774
v -0.00753771 -0.00159006 0.08656797
v 0.01017342 -0.02673626 0.14066103
v 0.02658521 -0.18917824 0.05546907
v 0.03280164 -0.18230425 0.04506207
v 0.03980024 -0.17626277 0.03399916
v 0.05905038 -0.15739344 0.03073523
v -0.01520855 -0.00088120 0.08421877
v 0.01468346 -0.05387712 0.12790538
v 0.00678457 -0.04375711 0.14052674
v 0.00871363 -0.04500742 0.14320244
v 0.01397633 -0.05461321 0.12396558
v 0.04907726 -0.17003646 0.02295228
v 0.05986460 -0.15749654 0.01379045
v 0.00293024 -0.00160124 0.09133052
v 0.06608158 -0.14261822 0.00482924
v 0.01097353 -0.00844737 0.11936782
v 0.01149614 -0.01173574 0.12413917
v 0.07828729 -0.12216080 -0.00412199
v 0.08858831 -0.09693341 -0.01150720
v 0.01495943 -0.05317906 0.13294782
v 0.09555468 -0.07247733 -0.01649737
v 0.10014158 -0.05293647 -0.01199337
v 0.02760266 -0.15406093 0.09245071
v 0.02080034 -0.15552641 0.09968706
v 0.03340708 -0.14873952 0.08188888
v 0.01003144 -0.03184184 0.14591095
v 0.04043751 -0.13863653 0.07137151
v 0.04848228 -0.12941185 0.06716266
v 0.05544839 -0.10414931 0.07017642
v 0.01134429 -0.05347475 0.12136112
v 0.05382516 -0.11696082 0.06770936
v 0.05295669 -0.08109894 0.07972475
v 0.05421016 -0.09213457 0.07506581
v 0.06421754 -0.06721252 0.07204317
v 0.06712840 -0.08249655 0.06251067
v 0.06061704 -0.08919229 0.06872243
v 0.01869290 -0.04880700 0.15157305
v 0.01292826 -0.04694699 0.14758839
v 0.05871990 -0.07510939 0.07588631
v 0.06904930 -0.05584896 0.06905606
v 0.07337053 -0.07352035 0.05711140
v 0.01808409 -0.19564010 0.05134529
v -0.02590958 0.01093420 0.10058032
v -0.02584252 0.00928443 0.09814548
v 0.02460035 -0.19276616 0.04489075
v 0.02994877 -0.18839112 0.03584753
v 0.03420848 -0.18535677 0.02618627
v 0.04044692 -0.18181968 0.01723559
v 0.04788815 -0.17387922 0.00975124
v 0.05709527 -0.15906534 0.00075425
v -0.01330752 0.01266961 0.10688153
v 0.01454655 0.01167621 0.11563869
v 0.00692050 0.01214303 0.11306353
v 0.07123503 -0.13658965 -0.00985022
v -0.02890924 0.00290479 0.09521160
v -0.03019741 0.00116376 0.09061290
v -0.02589426 0.00713298 0.09584953
v -0.02915297 0.00108209 0.09295156
v -0.02917461 0.00152496 0.09501855
v 0.08424196 -0.10479274 -0.01772966
v -0.02614006 0.00583619 0.09455398
v 0.08878823 -0.07744294 -0.02376351
v -0.02619720 0.00519937 0.09473512
v 0.03044390 -0.19896823 0.01272468
v -0.02233078 0.01235432 0.10352797
v 0.02686907 -0.19953114 0.01865616
v 0.02361924 -0.20081972 0.02472338
v -0.02748102 0.00424428 0.09463407
v -0.03103554 0.00112635 0.08741663
v 0.02046636 -0.20081279 0.03098835
v -0.03224108 0.00119947 0.08006133
v 0.01571912 -0.20479339 0.03097938
v 0.02082556 0.01135997 0.11732432
v -0.01249348 0.02211194 0.11567526
v -0.07043888 0.02427888 0.08015180
v 0.01478559 -0.20915756 0.02187178
v -0.07658456 0.01969416 0.07390924
v 0.01696020 -0.21319854 0.01703793
v -0.06332490 -0.01327246 0.07718170
v -0.06879517 -0.01220457 0.07302124
v -0.00711694 0.01534080 0.11441079
v 0.01889883 -0.21831279 0.01384222
v 0.05932075 -0.12175003 0.06036062
v 0.06565388 -0.12053332 0.05093335
v 0.06810522 -0.10062909 0.05488643
v 0.07542037 -0.09320489 0.04698027
v -0.02373211 0.05457029 0.10646877
v -0.03876303 0.15247637 0.04368403
v -0.02036243 0.04156990 0.11069134
v -0.04651133 0.02963937 0.09961118
v 0.07368632 -0.11589185 0.04051352
v -0.03806370 0.14088516 0.05590778
v 0.06159579 -0.10538734 0.06274339
v 0.08187337 -0.10549951 0.02984944
v 0.08246000 -0.08232239 0.03907653
v 0.07944026 -0.06119920 0.05258001
v 0.08724914 -0.06950122 0.03300209
v -0.06092209 0.02846553 0.08885719
v 0.08779331 -0.09201200 0.02162821
v -0.07834320 -0.00648261 0.06102147
v 0.01155392 0.03121062 0.11854771
v -0.08078735 -0.00065964 0.05726578
v 0.08477566 -0.05257557 0.04638555
v -0.00165190 0.03068347 0.11808050
v -0.03670938 0.19360155 -0.01904117
v 0.08891125 -0.04479344 0.04091746
v 0.09056880 -0.05960164 0.02797468
v 0.09214967 -0.07736094 0.01759258
v 0.06594709 -0.14124635 0.03706010
v 0.00186367 0.01018723 0.10596449
v 0.09580122 -0.06456606 0.01391033
v -0.04433986 -0.01324472 0.08520752
v -0.04987667 -0.01328594 0.08309418
v 0.09209949 -0.03880328 0.03470230
v -0.04345194 0.18889830 -0.00490915
v -0.07652997 -0.00881826 0.06433561
v -0.03180332 0.08899429 0.09476568
v 0.00752577 0.00499911 0.10165372
v 0.00504778 0.00755938 0.10197804
v -0.03446066 0.10341457 0.08594266
v 0.09371274 -0.04948857 0.02322834
v 0.09557357 -0.03245583 0.02771727
v 0.09805211 -0.03974864 0.01635685
v -0.03599187 0.11661827 0.07653615
v 0.10017659 -0.04887059 0.00804288
v 0.10225140 -0.04254096 -0.00631792
v -0.04039649 0.16370496 0.03163823
v -0.01367236 -0.01127751 0.09143101
v 0.08732968 -0.04858150 -0.04283547
v 0.03719823 -0.06853606 0.09825842
v 0.03211255 -0.06566441 0.10533487
v -0.08082525 0.01516945 0.06761658
v -0.08216674 0.00972107 0.06276530
v -0.04372054 0.18295172 0.00791795
v -0.03118094 -0.01286408 0.08902220
v -0.08164063 0.00456457 0.05896166
v -0.01489571 0.20109245 -0.03151573
v 0.02737067 -0.06499624 0.11213343
v -0.07327010 -0.01079335 0.06863022
v 0.02358419 -0.06494595 0.11723635
v 0.01977231 -0.06530313 0.11977551
v -0.03246915 0.03049140 0.10791499
v -0.03816883 -0.01314091 0.08724210
v 0.00792602 0.00200079 0.10029863
v -0.00565468 -0.00932000 0.09259188
v 0.00012908 -0.00666920 0.09385452
v -0.03704072 0.12894453 0.06680755
v 0.00403281 -0.00411430 0.09596661
v 0.00709142 -0.00103264 0.09868068
v -0.02223280 -0.01249330 0.09060337
v -0.02808995 0.07114696 0.10217120
v -0.04181391 0.17401442 0.02080953
v -0.05654343 -0.01325761 0.08048731
v 0.01279740 0.20502713 -0.03655013
v 0.02095303 0.03153809 0.11801522
v 0.00576335 -0.00265099 0.09763628
v -0.00251512 0.01237094 0.11044410
v -0.01698826 0.03057688 0.11462692
v 0.01331667 -0.12856798 0.10406046
v -0.02295782 -0.09198990 0.09363697
v -0.02548554 -0.09642510 0.08979176
v -0.02456621 -0.10808802 0.08336851
v -0.00987564 -0.08239062 0.10560338
v -0.01764469 -0.08706325 0.09874416
v -0.00738042 -0.12383933 0.09353521
v -0.02620789 -0.10038687 0.08695475
v 0.00047356 -0.12617041 0.09940128
v -0.02653901 -0.10423136 0.08483505
v 0.00686263 -0.12694651 0.10264271
v 0.01591301 -0.07600712 0.11922978
v 0.00597219 -0.07608609 0.11709485
v 0.01175185 -0.07544757 0.11955586
v -0.00141363 -0.07839751 0.11217836
v -0.02056269 -0.11320043 0.08344571
v -0.01492292 -0.11944491 0.08686252
v 0.02197408 -0.05042488 0.14328232
v 0.02062830 -0.05211408 0.13790217
v 0.03288882 -0.00292222 0.08579281
v 0.02420210 -0.05252005 0.11783040
v 0.02618275 -0.02355121 0.13545161
v 0.03173612 -0.00251661 0.08666205
v 0.02673807 -0.05162419 0.11574496
v 0.02619473 -0.01594202 0.12688525
v 0.02749530 -0.00455516 0.10404484
v 0.02596532 -0.01995043 0.13134035
v 0.03228499 -0.04615619 0.11717711
v 0.03029475 -0.05022615 0.11391091
v 0.02540108 -0.04142852 0.14974335
v 0.02636357 -0.03726040 0.14850841
v 0.02538002 -0.04561373 0.14486586
v 0.02279115 -0.04887935 0.14581008
v 0.03423762 -0.00365146 0.08648937
v 0.04436783 -0.00269719 0.07728685
v 0.02440833 -0.04441875 0.14903936
v 0.02153435 -0.04796935 0.14984854
v 0.03742272 -0.00332457 0.08360445
v 0.03371240 -0.00331599 0.08624832
v 0.02925136 -0.04180919 0.13532355
v 0.02677049 -0.00634003 0.11231071
v 0.03148318 -0.04305837 0.12640192
v 0.03503577 -0.00364822 0.08643184
v 0.03576057 -0.00358120 0.08621844
v 0.02657023 -0.02763089 0.14002806
v 0.03998895 -0.00384010 0.08327738
v 0.01971211 -0.05345696 0.12757546
v 0.02766038 -0.04338349 0.13983503
v 0.02638954 -0.04460858 0.14264923
v 0.02000007 -0.05417076 0.12366609
v 0.02984778 -0.00286355 0.09082759
v 0.02656453 -0.00912467 0.11891577
v 0.02635457 -0.01244014 0.12379698
v 0.01992166 -0.05277761 0.13271937
v 0.02673306 -0.03233220 0.14540422
v 0.02220961 -0.05301047 0.12088451
v 0.02351163 -0.04696478 0.14757362
v 0.04790307 0.00773753 0.09911151
v 0.04761434 0.00552189 0.09686209
v 0.04103304 0.01063828 0.10599790
v 0.02584141 0.01131845 0.11591273
v 0.03028512 0.01127055 0.11305033
v 0.04845822 -0.00065765 0.09376463
v 0.04828128 -0.00207281 0.08822662
v 0.04729819 0.00312632 0.09478989
v 0.04823041 -0.00228094 0.09150593
v 0.04851620 -0.00182424 0.09356813
v 0.04720944 0.00188985 0.09360172
v 0.04714549 0.00149053 0.09378460
v 0.04602604 0.00964445 0.10239212
v 0.04772466 0.00058521 0.09346984
v 0.04871050 -0.00199297 0.08495487
v 0.04923982 -0.00198702 0.07777847
v 0.04135510 0.02270710 0.11498808
v 0.07070325 0.02611207 0.07559475
v 0.07475682 0.01868445 0.06876789
v 0.06683011 -0.01897452 0.07292339
v 0.07083144 -0.01812049 0.06829581
v 0.03825391 0.01469109 0.11373347
v 0.04689746 0.05826730 0.10441960
v 0.05205929 0.15711632 0.04030310
v 0.04531106 0.04445463 0.10880753
v 0.05868961 0.03250745 0.09682995
v 0.05224073 0.14539070 0.05256979
v 0.06519060 0.03154147 0.08507618
v 0.07780118 -0.01239815 0.05607159
v 0.02858450 0.03175183 0.11814728
v 0.07974464 -0.00679134 0.05247874
v 0.03582477 0.03206499 0.11740052
v 0.04655298 0.19726852 -0.02197507
v 0.03250651 0.00867978 0.10574245
v 0.05467524 -0.01773812 0.08246362
v 0.05778186 -0.01814902 0.07990465
v 0.05077638 0.19341968 -0.00857095
v 0.07639168 -0.01481435 0.05917510
v 0.05088735 0.09349911 0.09193079
v 0.02864137 0.00393876 0.10136379
v 0.03027540 0.00616741 0.10169084
v 0.05161443 0.10721521 0.08334322
v 0.05203754 0.12071779 0.07356451
v 0.05220200 0.16845301 0.02810874
v 0.03870525 -0.01378824 0.08975765
v 0.07814806 0.01065579 0.06227526
v 0.07962353 0.00321689 0.05770548
v 0.05196621 0.18781438 0.00419470
v 0.04838262 -0.01658076 0.08675556
v 0.08000750 -0.00219445 0.05401293
v 0.03520108 0.20267192 -0.03318313
v 0.07418329 -0.01681131 0.06356656
v 0.05159429 0.03293757 0.10603757
v 0.05160199 -0.01726768 0.08482040
v 0.02789262 0.00127399 0.09980708
v 0.03422387 -0.01125488 0.09135310
v 0.03133198 -0.00818217 0.09304532
v 0.05218764 0.13323388 0.06359591
v 0.02930636 -0.00529704 0.09533784
v 0.02792936 -0.00203109 0.09809346
v 0.04339062 -0.01555718 0.08865093
v 0.04921816 0.07566215 0.09987502
v 0.05206545 0.17886716 0.01717487
v 0.06200622 -0.01856869 0.07674371
v 0.02847076 -0.00368220 0.09705381
v 0.03538792 0.01101039 0.10993493
v 0.04371959 0.03245259 0.11320977
v 0.04100860 -0.08858322 0.08974862
v 0.04217909 -0.09292663 0.08605658
v 0.04140694 -0.10483766 0.08006586
v 0.03490461 -0.07986231 0.10303383
v 0.03866378 -0.08403900 0.09532540
v 0.03184763 -0.12172462 0.09090983
v 0.04240937 -0.09695075 0.08348029
v 0.02625755 -0.12497394 0.09778658
v 0.04259212 -0.10075432 0.08142155
v 0.02016523 -0.12664557 0.10228071
v 0.02505248 -0.07486498 0.11646861
v 0.02026110 -0.07489768 0.11960154
v 0.02997362 -0.07650389 0.11062682
v 0.03922759 -0.11028094 0.07996231
v 0.03624798 -0.11674886 0.08346311
v 0.04901955 -0.00141143 0.06876332
v -0.03217793 0.00173142 0.07040627
v 0.04767779 -0.00389870 0.09107822
v 0.04605236 -0.00371851 0.09026942
v 0.04457499 -0.00348997 0.08888979
v 0.04325085 -0.00323186 0.08708317
v 0.04772961 -0.00358880 0.09118170
v 0.04615460 -0.00310778 0.09046661
v 0.04472274 -0.00260536 0.08917298
v 0.04343791 -0.00211976 0.08744831
v 0.04784408 -0.00329435 0.09127364
v 0.04637482 -0.00254017 0.09065381
v 0.04504503 -0.00179189 0.08944640
v 0.04385185 -0.00110852 0.08777731
v 0.04801776 -0.00303117 0.09135507
v 0.04670727 -0.00203686 0.09080464
v 0.04552862 -0.00108252 0.08967399
v 0.04448223 -0.00023751 0.08806953
v 0.04824626 -0.00280929 0.09142338
v 0.04714061 -0.00161870 0.09094127
v 0.04614911 -0.00049828 0.08986054
v 0.04529360 0.00047971 0.08829962
v 0.04851753 -0.00263210 0.09147084
v 0.04766133 -0.00129402 0.09102951
v 0.04688574 -0.00004966 0.08999897
v 0.04623623 0.00103416 0.08848709
v 0.04882275 -0.00250951 0.09150080
v 0.04825431 -0.00107202 0.09109215
v 0.04772336 0.00025632 0.09008511
v 0.04727639 0.00141556 0.08859164
v 0.04915031 -0.00244289 0.09150732
v 0.04889416 -0.00095642 0.09110244
v 0.04864080 0.00041410 0.09010467
v 0.04841283 0.00161541 0.08862271
v 0.04948472 -0.00243618 0.09149756
v 0.04955418 -0.00094958 0.09109166
v 0.04959814 0.00041929 0.09008355
v 0.04961462 0.00162567 0.08858585
v 0.04981206 -0.00248536 0.09146585
v 0.05019801 -0.00104957 0.09102573
v 0.05053397 0.00027285 0.08999752
v 0.05079653 0.00143968 0.08848528
v 0.05012087 -0.00259257 0.09141947
v 0.05079594 -0.00125269 0.09094149
v 0.05139409 -0.00001951 0.08986878
v 0.05187189 0.00106857 0.08831675
v 0.05039626 -0.00274994 0.09135288
v 0.05132251 -0.00155204 0.09080869
v 0.05213998 -0.00044689 0.08968695
v 0.05279405 0.00052748 0.08809207
v 0.05062934 -0.00295659 0.09127738
v 0.05176063 -0.00193752 0.09066422
v 0.05275223 -0.00099273 0.08946894
v 0.05354623 -0.00015956 0.08781025
v 0.05081350 -0.00320085 0.09118805
v 0.05209848 -0.00239774 0.09048870
v 0.05322032 -0.00164113 0.08922265
v 0.05412274 -0.00096976 0.08750601
v 0.05094077 -0.00347846 0.09109505
v 0.05232948 -0.00292116 0.09030908
v 0.05353883 -0.00237597 0.08895776
v 0.05451886 -0.00187853 0.08716993
v 0.05100943 -0.00377827 0.09099785
v 0.05244850 -0.00349100 0.09011651
v 0.05370196 -0.00318033 0.08867654
v 0.05472451 -0.00286851 0.08681841
v 0.05101642 -0.00408967 0.09090056
v 0.05245433 -0.00409174 0.08992517
v 0.05370516 -0.00403488 0.08839609
v 0.05473049 -0.00392551 0.08644880
v 0.05096344 -0.00439936 0.09080830
v 0.05234782 -0.00469820 0.08973716
v 0.05354808 -0.00490819 0.08811580
v 0.05453235 -0.00501973 0.08611041
v 0.05085031 -0.00469841 0.09071603
v 0.05213245 -0.00528323 0.08956073
v 0.05323907 -0.00575620 0.08785437
v 0.05413923 -0.00608453 0.08576951
v 0.05068368 -0.00497014 0.09063867
v 0.05181692 -0.00581611 0.08939891
v 0.05278883 -0.00652300 0.08761714
v 0.05357085 -0.00704081 0.08546934
v 0.05046698 -0.00520512 0.09056933
v 0.05141128 -0.00627063 0.08926697
v 0.05221361 -0.00716254 0.08742029
v 0.05284961 -0.00782530 0.08521358
v 0.05020987 -0.00539400 0.09051995
v 0.05092732 -0.00662576 0.08915824
v 0.05153123 -0.00765260 0.08727355
v 0.05199991 -0.00843253 0.08504180
v 0.04991888 -0.00552723 0.09048637
v 0.05037777 -0.00687200 0.08910155
v 0.05075798 -0.00799096 0.08718594
v 0.05104322 -0.00887411 0.08493002
v 0.04960366 -0.00560184 0.09047098
v 0.04977832 -0.00700245 0.08906563
v 0.04990986 -0.00817487 0.08714530
v 0.04999455 -0.00913422 0.08489013
v 0.04927759 -0.00561370 0.09047679
v 0.04914760 -0.00701860 0.08908688
v 0.04900836 -0.00819953 0.08716949
v 0.04886933 -0.00918425 0.08490814
v 0.04895204 -0.00556417 0.09050244
v 0.04850960 -0.00691948 0.08913078
v 0.04808472 -0.00805769 0.08723909
v 0.04770658 -0.00900921 0.08501069
v 0.04863892 -0.00545413 0.09055033
v 0.04789496 -0.00671165 0.08922872
v 0.04718991 -0.00775570 0.08737893
v 0.04657826 -0.00861700 0.08517506
v 0.04835386 -0.00528845 0.09060995
v 0.04733319 -0.00639848 0.08934017
v 0.04637952 -0.00730717 0.08755411
v 0.04557161 -0.00802596 0.08540724
v 0.04810797 -0.00507294 0.09069008
v 0.04685332 -0.00599317 0.08950202
v 0.04570179 -0.00673150 0.08776906
v 0.04473525 -0.00727941 0.08567274
v 0.04791033 -0.00481482 0.09077444
v 0.04647759 -0.00550224 0.08965839
v 0.04517858 -0.00604474 0.08801480
v 0.04407687 -0.00641659 0.08599851
v 0.04939176 -0.00402177 0.09129049
v 0.04776997 -0.00452630 0.09087263
v 0.04621357 -0.00494632 0.08986435
v 0.04481149 -0.00525888 0.08829571
v 0.04358988 -0.00544564 0.08634333
v 0.04769203 -0.00421649 0.09097647
v 0.04607186 -0.00434197 0.09006241
v 0.04460878 -0.00439190 0.08858126
v 0.04330602 -0.00436925 0.08671068
v 0.04199407 -0.00300330 0.08555177
v 0.04011900 -0.00262642 0.08296914
v 0.03839523 -0.00218001 0.07956310
v 0.03712855 -0.00170860 0.07565437
v 0.03631021 -0.00122790 0.07141763
v 0.03593307 -0.00075313 0.06701015
v 0.03604444 -0.00032099 0.06265730
v 0.03661455 0.00007297 0.05846559
v 0.03762875 0.00039398 0.05464701
v 0.03913651 0.00063146 0.05131883
v 0.04091801 0.00077625 0.04858899
v 0.04309182 0.00082353 0.04654039
v 0.04542709 0.00077241 0.04523067
v 0.04222169 -0.00166958 0.08598542
v 0.04040535 -0.00095384 0.08349711
v 0.03872947 -0.00022671 0.08017530
v 0.03750867 0.00044164 0.07632847
v 0.03670823 0.00102960 0.07212117
v 0.03634416 0.00151393 0.06773502
v 0.03644259 0.00187686 0.06334473
v 0.03698970 0.00210444 0.05912534
v 0.03796149 0.00220798 0.05522795
v 0.03942399 0.00215387 0.05180500
v 0.04114066 0.00195938 0.04896633
v 0.04324311 0.00163131 0.04679887
v 0.04550643 0.00118214 0.04536169
v 0.04270956 -0.00046969 0.08638195
v 0.04102135 0.00052614 0.08398705
v 0.03946643 0.00147593 0.08073258
v 0.03829603 0.00230434 0.07693803
v 0.03755850 0.00298428 0.07276785
v 0.03721317 0.00349056 0.06839670
v 0.03729163 0.00380693 0.06398948
v 0.03777518 0.00391805 0.05972456
v 0.03869738 0.00383598 0.05576470
v 0.04003535 0.00353700 0.05225522
v 0.04162934 0.00304428 0.04931358
v 0.04358550 0.00237937 0.04703396
v 0.04567663 0.00156393 0.04548033
v 0.04344244 0.00055632 0.08672209
v 0.04188889 0.00178526 0.08440731
v 0.04058850 0.00293729 0.08121602
v 0.03949372 0.00393229 0.07748479
v 0.03879791 0.00472727 0.07334626
v 0.03848516 0.00528581 0.06897983
v 0.03853209 0.00557904 0.06455313
v 0.03896189 0.00559207 0.06024833
v 0.03981202 0.00533772 0.05623482
v 0.04094636 0.00480337 0.05265033
v 0.04235572 0.00402951 0.04961957
v 0.04409973 0.00305161 0.04724213
v 0.04593158 0.00190753 0.04558606
v 0.04442057 0.00140441 0.08701132
v 0.04308884 0.00285141 0.08476289
v 0.04197402 0.00420726 0.08159845
v 0.04110446 0.00539596 0.07792347
v 0.04046874 0.00633246 0.07381874
v 0.04016833 0.00696127 0.06945638
v 0.04019745 0.00724082 0.06501698
v 0.04057023 0.00715438 0.06067824
v 0.04123151 0.00672134 0.05661978
v 0.04211076 0.00594866 0.05297136
v 0.04330617 0.00490004 0.04986895
v 0.04475620 0.00363350 0.04741113
v 0.04626448 0.00219797 0.04566996
v 0.04559683 0.00207615 0.08723508
v 0.04452189 0.00370855 0.08500337
v 0.04360674 0.00528512 0.08188671
v 0.04289371 0.00667339 0.07825348
v 0.04244760 0.00775654 0.07417054
v 0.04220966 0.00845784 0.06981152
v 0.04218797 0.00872395 0.06536078
v 0.04237626 0.00853778 0.06100015
v 0.04284379 0.00791870 0.05689344
v 0.04354284 0.00693011 0.05320952
v 0.04447675 0.00562630 0.05005187
v 0.04552131 0.00410346 0.04753559
v 0.04666294 0.00242979 0.04573376
v 0.04686134 0.00253982 0.08736733
v 0.04617185 0.00436006 0.08517510
v 0.04551490 0.00611543 0.08207218
v 0.04499494 0.00767850 0.07845848
v 0.04462772 0.00888816 0.07438494
v 0.04441654 0.00964942 0.07002953
v 0.04436016 0.00990279 0.06557658
v 0.04446692 0.00963134 0.06119917
v 0.04474720 0.00886506 0.05707162
v 0.04520708 0.00768219 0.05335472
v 0.04575116 0.00616766 0.05016271
v 0.04637385 0.00444195 0.04760932
v 0.04711569 0.00258953 0.04577010
v 0.04820091 0.00279323 0.08739233
v 0.04787280 0.00473175 0.08524689
v 0.04755343 0.00662954 0.08216336
v 0.04729304 0.00830913 0.07854549
v 0.04707224 0.00960543 0.07446523
v 0.04690615 0.01040812 0.07010379
v 0.04680614 0.01065309 0.06564739
v 0.04677376 0.01032263 0.06126572
v 0.04680593 0.00945420 0.05713067
v 0.04691689 0.00813825 0.05340068
v 0.04707611 0.00648353 0.05019817
v 0.04730707 0.00462979 0.04763394
v 0.04760538 0.00267451 0.04578223
v 0.04963658 0.00281505 0.08734334
v 0.04966083 0.00479171 0.08519563
v 0.04964251 0.00675490 0.08213952
v 0.04958858 0.00848042 0.07849979
v 0.04950019 0.00981369 0.07441269
v 0.04937527 0.01064416 0.07002774
v 0.04922970 0.01087936 0.06557702
v 0.04905732 0.01052680 0.06120114
v 0.04886767 0.00961848 0.05707259
v 0.04866891 0.00824605 0.05335044
v 0.04848620 0.00654449 0.05015578
v 0.04829182 0.00465251 0.04760351
v 0.04811075 0.00267886 0.04576720
v 0.05105764 0.00259303 0.08721957
v 0.05145635 0.00451610 0.08504732
v 0.05175847 0.00644005 0.08198305
v 0.05193617 0.00815029 0.07831644
v 0.05199129 0.00946857 0.07420676
v 0.05191984 0.01028625 0.06983434
v 0.05172244 0.01053760 0.06537336
v 0.05140737 0.01020235 0.06100674
v 0.05098611 0.00932201 0.05689787
v 0.05047197 0.00798929 0.05320112
v 0.04990542 0.00633475 0.05003685
v 0.04927001 0.00450465 0.04752333
v 0.04860914 0.00260244 0.04572603
v 0.05234154 0.00213669 0.08702233
v 0.05305520 0.00392349 0.08479955
v 0.05362166 0.00570986 0.08168282
v 0.05399525 0.00732057 0.07799368
v 0.05417397 0.00857187 0.07386670
v 0.05414794 0.00936317 0.06949309
v 0.05391628 0.00962995 0.06503950
v 0.05348792 0.00935349 0.06069035
v 0.05287710 0.00857101 0.05661336
v 0.05210132 0.00736795 0.05296090
v 0.05118469 0.00586439 0.04985927
v 0.05017709 0.00419106 0.04739089
v 0.04907782 0.00244693 0.04565854
v 0.05342950 0.00147925 0.08674801
v 0.05439369 0.00304982 0.08444903
v 0.05517251 0.00462817 0.08128197
v 0.05570782 0.00604982 0.07755342
v 0.05598616 0.00718445 0.07340431
v 0.05599561 0.00792719 0.06902260
v 0.05573203 0.00821756 0.06457953
v 0.05520894 0.00803653 0.06025957
v 0.05444378 0.00741354 0.05622859
v 0.05346145 0.00641903 0.05263792
v 0.05228768 0.00515470 0.04960817
v 0.05096536 0.00372750 0.04721913
v 0.04949652 0.00222167 0.04557214
v 0.05431639 0.00063768 0.08641672
v 0.05549420 0.00194332 0.08402514
v 0.05647100 0.00325142 0.08078288
v 0.05716655 0.00444152 0.07700369
v 0.05754956 0.00541646 0.07283320
v 0.05759277 0.00609107 0.06844305
v 0.05729182 0.00640778 0.06401635
v 0.05666389 0.00634914 0.05973398
v 0.05574211 0.00593201 0.05576032
v 0.05456810 0.00520680 0.05224322
v 0.05317868 0.00425000 0.04930267
v 0.05159608 0.00314112 0.04703124
v 0.04984798 0.00193180 0.04546390
v 0.05500422 -0.00034056 0.08603977
v 0.05637665 0.00066990 0.08355395
v 0.05754403 0.00168199 0.08022894
v 0.05840082 0.00261571 0.07638679
v 0.05888986 0.00341088 0.07218070
v 0.05896705 0.00400307 0.06778137
v 0.05862432 0.00434634 0.06337228
v 0.05788572 0.00442305 0.05913395
v 0.05680268 0.00423644 0.05522522
v 0.05544181 0.00381523 0.05179523
v 0.05386144 0.00320516 0.04895413
v 0.05208794 0.00245392 0.04679333
v 0.05012301 0.00159327 0.04534405
v 0.05548458 -0.00142486 0.08563815
v 0.05701490 -0.00071016 0.08304606
v 0.05835360 0.00001692 0.07962899
v 0.05935168 0.00070116 0.07571281
v 0.05993282 0.00131674 0.07146485
v 0.06004107 0.00182315 0.06705876
v 0.05966108 0.00219172 0.06267586
v 0.05882269 0.00240035 0.05848320
v 0.05759509 0.00244493 0.05464677
v 0.05607011 0.00233183 0.05130750
v 0.05433249 0.00207686 0.04857484
v 0.05242015 0.00170191 0.04653409
v 0.05031260 0.00121560 0.04521092
v 0.05574248 -0.00259584 0.08520740
v 0.05737941 -0.00216756 0.08249939
v 0.05882935 -0.00169693 0.07899831
v 0.05992856 -0.00122537 0.07501729
v 0.06057446 -0.00076326 0.07072332
v 0.06070213 -0.00032700 0.06630590
v 0.06029581 0.00006606 0.06194524
v 0.05938761 0.00039780 0.05780630
v 0.05805863 0.00065505 0.05404725
v 0.05641961 0.00082846 0.05080372
v 0.05457936 0.00091521 0.04818491
v 0.05259006 0.00091226 0.04626882
v 0.05041267 0.00081471 0.04507588
v 0.05575977 -0.00384552 0.08476120
v 0.05742978 -0.00370440 0.08195531
v 0.05892763 -0.00347565 0.07836308
v 0.06006250 -0.00317687 0.07431960
v 0.06073037 -0.00282391 0.06999247
v 0.06085958 -0.00242171 0.06555085
v 0.06044240 -0.00199868 0.06122030
v 0.05950660 -0.00154901 0.05713380
v 0.05813737 -0.00109640 0.05345004
v 0.05645757 -0.00065817 0.05030419
v 0.05458958 -0.00025112 0.04779862
v 0.05259309 0.00010898 0.04600845
v 0.05042246 0.00040438 0.04494105
v 0.05552467 -0.00514867 0.08435001
v 0.05714732 -0.00533081 0.08143636
v 0.05860279 -0.00535756 0.07775993
v 0.05971207 -0.00523632 0.07364666
v 0.06033489 -0.00497688 0.06923237
v 0.06047164 -0.00459339 0.06484522
v 0.06006000 -0.00409675 0.06053122
v 0.05914084 -0.00350698 0.05649042
v 0.05780271 -0.00284588 0.05287951
v 0.05616643 -0.00213730 0.04982526
v 0.05435650 -0.00140997 0.04742568
v 0.05244866 -0.00069367 0.04571431
v 0.05034215 -0.00000235 0.04480979
v 0.05504477 -0.00642937 0.08395008
v 0.05652115 -0.00693957 0.08093850
v 0.05783341 -0.00724925 0.07715051
v 0.05883585 -0.00733676 0.07297138
v 0.05942658 -0.00720237 0.06860074
v 0.05953773 -0.00684795 0.06417730
v 0.05915093 -0.00628524 0.05988500
v 0.05829813 -0.00553596 0.05589932
v 0.05706185 -0.00463665 0.05235787
v 0.05555498 -0.00362745 0.04938768
v 0.05388937 -0.00255453 0.04708526
v 0.05212990 -0.00146870 0.04547702
v 0.05017466 -0.00039203 0.04468999
v 0.05435265 -0.00756542 0.08358977
v 0.05560969 -0.00834312 0.08049006
v 0.05671772 -0.00888391 0.07665807
v 0.05755879 -0.00914752 0.07245099
v 0.05804563 -0.00913035 0.06803232
v 0.05812095 -0.00883291 0.06359740
v 0.05777139 -0.00826332 0.05932102
v 0.05702635 -0.00743404 0.05537052
v 0.05595605 -0.00635891 0.05188741
v 0.05465467 -0.00507556 0.04899891
v 0.05320931 -0.00365784 0.04678994
v 0.05166487 -0.00219849 0.04527478
v 0.04992753 -0.00074874 0.04458739
v 0.05347702 -0.00848999 0.08329777
v 0.05446601 -0.00951214 0.08012335
v 0.05531149 -0.01028693 0.07625914
v 0.05594789 -0.01073691 0.07201622
v 0.05630220 -0.01082115 0.06757185
v 0.05633464 -0.01053458 0.06312915
v 0.05603443 -0.00989329 0.05886195
v 0.05542797 -0.00894980 0.05494045
v 0.05456769 -0.00776374 0.05150748
v 0.05351998 -0.00632716 0.04867927
v 0.05236651 -0.00466382 0.04649463
v 0.05106958 -0.00285246 0.04510596
v 0.04960538 -0.00106027 0.04450213
v 0.05245490 -0.00923710 0.08308069
v 0.05314163 -0.01052193 0.07988286
v 0.05370538 -0.01148310 0.07599001
v 0.05412058 -0.01206764 0.07169776
v 0.05433115 -0.01224177 0.06722452
v 0.05431766 -0.01197964 0.06277783
v 0.05407300 -0.01130342 0.05852071
v 0.05361874 -0.01025914 0.05462387
v 0.05298590 -0.00885853 0.05122551
v 0.05221368 -0.00726276 0.04844469
v 0.05135649 -0.00545356 0.04631347
v 0.05035781 -0.00339204 0.04498330
v 0.04922097 -0.00131269 0.04444055
v 0.04794874 0.00063521 0.04468815
v 0.05131385 -0.00981116 0.08296083
v 0.05169714 -0.01124007 0.07974919
v 0.05199143 -0.01235716 0.07581511
v 0.05219022 -0.01298750 0.07148775
v 0.05226246 -0.01319061 0.06700490
v 0.05220295 -0.01295881 0.06255887
v 0.05201193 -0.01231713 0.05831070
v 0.05170108 -0.01120749 0.05443059
v 0.05128587 -0.00971672 0.05105613
v 0.05080942 -0.00792446 0.04825703
v 0.05022194 -0.00598916 0.04620189
v 0.04954758 -0.00378326 0.04490758
v 0.04878333 -0.00149411 0.04440176
v 0.05006924 -0.01014128 0.08291344
v 0.05015749 -0.01166441 0.07970518
v 0.05020089 -0.01277805 0.07575186
v 0.05020110 -0.01351830 0.07141644
v 0.05014711 -0.01380999 0.06692849
v 0.05004483 -0.01357610 0.06247836
v 0.04989716 -0.01283257 0.05823373
v 0.04971009 -0.01173714 0.05436356
v 0.04948781 -0.01018764 0.05100040
v 0.04926160 -0.00831608 0.04821041
v 0.04897486 -0.00626670 0.04616879
v 0.04865486 -0.00400404 0.04488647
v 0.04830806 -0.00159430 0.04439144
v 0.04873465 -0.01020018 0.08296229
v 0.04850928 -0.01174184 0.07975475
v 0.04829108 -0.01285978 0.07580322
v 0.04809429 -0.01365457 0.07147792
v 0.04791762 -0.01391647 0.06699988
v 0.04776590 -0.01368863 0.06253204
v 0.04765740 -0.01298030 0.05830259
v 0.04758371 -0.01178812 0.05443170
v 0.04754908 -0.01028438 0.05106192
v 0.04758264 -0.00839388 0.04826478
v 0.04762612 -0.00629678 0.04621164
v 0.04770320 -0.00404113 0.04491530
v 0.04781223 -0.00160890 0.04440576
v 0.04734119 -0.00998914 0.08307292
v 0.04676211 -0.01148085 0.07990691
v 0.04624418 -0.01255405 0.07596189
v 0.04581846 -0.01331133 0.07166772
v 0.04549867 -0.01355428 0.06720015
v 0.04529935 -0.01332096 0.06275691
v 0.04522877 -0.01262374 0.05851566
v 0.04528821 -0.01144240 0.05462990
v 0.04549906 -0.00999801 0.05119633
v 0.04580852 -0.00813089 0.04841486
v 0.04622434 -0.00608332 0.04633023
v 0.04673366 -0.00389808 0.04499784
v 0.04731631 -0.00153371 0.04444827
v 0.04598639 -0.00952216 0.08326880
v 0.04506057 -0.01089820 0.08014780
v 0.04425666 -0.01185928 0.07624359
v 0.04362215 -0.01253821 0.07198513
v 0.04317758 -0.01273335 0.06754516
v 0.04293977 -0.01248673 0.06311195
v 0.04291371 -0.01177065 0.05886215
v 0.04310226 -0.01069559 0.05495349
v 0.04352341 -0.00929044 0.05148378
v 0.04411593 -0.00753617 0.04865777
v 0.04488507 -0.00563591 0.04651903
v 0.04580488 -0.00357689 0.04512636
v 0.04684161 -0.00137366 0.04451337
v 0.04479567 -0.00880525 0.08352866
v 0.04359381 -0.00998531 0.08046478
v 0.04253438 -0.01085206 0.07663368
v 0.04168773 -0.01131637 0.07242439
v 0.04110277 -0.01144365 0.06801458
v 0.04081121 -0.01116483 0.06358629
v 0.04082830 -0.01051817 0.05931981
v 0.04115124 -0.00957271 0.05538285
v 0.04178643 -0.00823768 0.05186747
v 0.04265037 -0.00664057 0.04898275
v 0.04371981 -0.00496806 0.04677287
v 0.04498007 -0.00309145 0.04530069
v 0.04641115 -0.00113417 0.04460242
v 0.04380035 -0.00786944 0.08386275
v 0.04229914 -0.00881674 0.08087219
v 0.04096753 -0.00949126 0.07711221
v 0.03997092 -0.00986103 0.07296112
v 0.03929121 -0.00987508 0.06858224
v 0.03896775 -0.00958022 0.06416343
v 0.03901806 -0.00896079 0.05988215
v 0.03945705 -0.00804072 0.05586735
v 0.04021715 -0.00686429 0.05233511
v 0.04131741 -0.00551921 0.04937552
v 0.04272414 -0.00409087 0.04707902
v 0.04429377 -0.00245887 0.04551009
v 0.04604450 -0.00082693 0.04470812
v 0.04297034 -0.00679863 0.08425173
v 0.04124150 -0.00741096 0.08135071
v 0.03975911 -0.00785162 0.07767586
v 0.03868836 -0.00802887 0.07357940
v 0.03793372 -0.00794265 0.06923340
v 0.03758654 -0.00760546 0.06482045
v 0.03766439 -0.00702257 0.06051990
v 0.03815130 -0.00621130 0.05650181
v 0.03901674 -0.00526260 0.05286610
v 0.04027642 -0.00421874 0.04982334
v 0.04187570 -0.00301506 0.04742769
v 0.04375418 -0.00170810 0.04574868
v 0.04575433 -0.00046585 0.04482979
v 0.04236090 -0.00564175 0.08467340
v 0.04051213 -0.00590853 0.08187288
v 0.03896875 -0.00602672 0.07828533
v 0.03770927 -0.00598483 0.07424627
v 0.03687887 -0.00577482 0.06993456
v 0.03651154 -0.00540170 0.06553106
v 0.03661022 -0.00489197 0.06121502
v 0.03718106 -0.00426965 0.05714466
v 0.03821236 -0.00354203 0.05344594
v 0.03954379 -0.00270036 0.05030898
v 0.04127855 -0.00178422 0.04780429
v 0.04336160 -0.00088182 0.04600501
v 0.04555225 -0.00006796 0.04495936
v 0.04203924 -0.00436648 0.08511149
v 0.04015215 -0.00433335 0.08242048
v 0.03847850 -0.00418460 0.07892199
v 0.03717289 -0.00393270 0.07494870
v 0.03636462 -0.00359368 0.07066855
v 0.03600217 -0.00317851 0.06627070
v 0.03610171 -0.00269764 0.06193463
v 0.03665068 -0.00216217 0.05781998
v 0.03771075 -0.00159509 0.05404599
v 0.03919836 -0.00102405 0.05081312
v 0.04096822 -0.00049000 0.04819664
v 0.04313315 -0.00002415 0.04627426
v 0.04544241 0.00035148 0.04509613
v -0.03390817 -0.00039526 0.09266578
v -0.03684418 -0.00021500 0.09187125
v -0.03958102 0.00001298 0.09051086
v -0.04190235 0.00027343 0.08870614
v -0.03386540 -0.00009252 0.09275902
v -0.03676295 0.00037273 0.09205578
v -0.03945893 0.00086321 0.09078600
v -0.04174690 0.00134322 0.08906823
v -0.03370909 0.00017570 0.09284864
v -0.03645355 0.00091666 0.09223194
v -0.03900798 0.00169683 0.09104122
v -0.04117736 0.00241964 0.08938771
v -0.03344489 0.00042768 0.09292605
v -0.03593059 0.00146220 0.09238278
v -0.03824819 0.00247555 0.09126306
v -0.04021647 0.00339751 0.08966795
v -0.03307895 0.00065475 0.09299345
v -0.03521427 0.00192435 0.09251383
v -0.03720776 0.00315110 0.09144443
v -0.03890341 0.00425524 0.08989155
v -0.03263206 0.00084898 0.09304327
v -0.03433414 0.00229163 0.09260480
v -0.03592759 0.00369925 0.09158098
v -0.03728791 0.00489446 0.09006997
v -0.03211894 0.00098907 0.09307669
v -0.03332482 0.00256013 0.09267143
v -0.03446143 0.00407372 0.09167030
v -0.03543660 0.00532797 0.09017616
v -0.03155760 0.00106853 0.09308612
v -0.03222689 0.00271572 0.09268600
v -0.03286488 0.00427144 0.09169826
v -0.03342341 0.00556764 0.09021410
v -0.03097518 0.00108305 0.09307934
v -0.03108167 0.00274585 0.09267515
v -0.03120130 0.00429753 0.09167702
v -0.03132540 0.00560574 0.09018444
v -0.03038977 0.00103529 0.09304684
v -0.02993213 0.00265179 0.09261128
v -0.02953466 0.00415707 0.09159289
v -0.02922949 0.00543077 0.09009386
v -0.02982341 0.00092534 0.09300025
v -0.02882611 0.00243513 0.09252658
v -0.02793136 0.00385597 0.09146886
v -0.02720843 0.00505073 0.08993642
v -0.02930061 0.00075819 0.09293833
v -0.02780122 0.00210555 0.09239934
v -0.02644772 0.00340238 0.09128866
v -0.02534165 0.00447884 0.08971165
v -0.02884011 0.00053732 0.09285966
v -0.02689993 0.00167702 0.09225132
v -0.02514089 0.00280415 0.09106489
v -0.02369255 0.00374722 0.08942162
v -0.02845676 0.00027521 0.09276662
v -0.02615285 0.00117408 0.09206825
v -0.02406115 0.00206890 0.09080987
v -0.02233879 0.00286870 0.08910260
v -0.02816931 -0.00001217 0.09266875
v -0.02558968 0.00061105 0.09188128
v -0.02324880 0.00123286 0.09053081
v -0.02132164 0.00183873 0.08874252
v -0.02798496 -0.00030679 0.09256940
v -0.02523336 -0.00000778 0.09167460
v -0.02273557 0.00035832 0.09022712
v -0.02067878 0.00071700 0.08836816
v -0.02791495 -0.00059796 0.09246214
v -0.02509498 -0.00061444 0.09147065
v -0.02253960 -0.00055985 0.08992766
v -0.02042910 -0.00043275 0.08798601
v -0.02795779 -0.00088754 0.09236284
v -0.02518179 -0.00118128 0.09126817
v -0.02266842 -0.00138749 0.08962967
v -0.02058725 -0.00149938 0.08763050
v -0.02811502 -0.00118165 0.09226733
v -0.02548479 -0.00178528 0.09109007
v -0.02310069 -0.00228265 0.08937993
v -0.02113423 -0.00261589 0.08730341
v -0.02837671 -0.00147455 0.09218585
v -0.02599825 -0.00234839 0.09092263
v -0.02383735 -0.00305921 0.08915070
v -0.02205488 -0.00358863 0.08702828
v -0.02873381 -0.00174060 0.09213047
v -0.02669266 -0.00281014 0.09081365
v -0.02484284 -0.00370891 0.08897419
v -0.02331791 -0.00439011 0.08679373
v -0.02917501 -0.00193456 0.09207970
v -0.02755437 -0.00317209 0.09071360
v -0.02608828 -0.00421766 0.08884224
v -0.02488715 -0.00507016 0.08662993
v -0.02968109 -0.00206734 0.09205732
v -0.02854655 -0.00341992 0.09066743
v -0.02752479 -0.00460334 0.08876283
v -0.02669389 -0.00555988 0.08652326
v -0.03023893 -0.00214338 0.09204340
v -0.02963242 -0.00355547 0.09064048
v -0.02909881 -0.00482594 0.08872695
v -0.02867503 -0.00581938 0.08648538
v -0.03081974 -0.00215689 0.09205501
v -0.03077348 -0.00357791 0.09066840
v -0.03075295 -0.00486843 0.08876158
v -0.03075597 -0.00585464 0.08651201
v -0.03140668 -0.00210993 0.09208348
v -0.03192528 -0.00348205 0.09071817
v -0.03242195 -0.00472890 0.08883993
v -0.03286098 -0.00567472 0.08662537
v -0.03197511 -0.00200003 0.09213604
v -0.03303787 -0.00327233 0.09082255
v -0.03403951 -0.00441786 0.08898135
v -0.03490017 -0.00529026 0.08679269
v -0.03250236 -0.00183594 0.09220142
v -0.03407309 -0.00295626 0.09094486
v -0.03554280 -0.00394157 0.08916296
v -0.03679926 -0.00470953 0.08702108
v -0.03296579 -0.00162078 0.09228146
v -0.03498704 -0.00255125 0.09111068
v -0.03687310 -0.00332136 0.08938953
v -0.03848366 -0.00393859 0.08728895
v -0.03335456 -0.00136506 0.09237361
v -0.03574636 -0.00206243 0.09128772
v -0.03798083 -0.00260137 0.08965622
v -0.03988088 -0.00300249 0.08761820
v -0.03088815 -0.00052022 0.09286296
v -0.03364608 -0.00106123 0.09246828
v -0.03632418 -0.00149472 0.09148087
v -0.03882160 -0.00181503 0.08993517
v -0.04094510 -0.00199285 0.08797179
v -0.03383314 -0.00071767 0.09256954
v -0.03669424 -0.00088968 0.09167440
v -0.03936235 -0.00093719 0.09021732
v -0.04163115 -0.00091222 0.08834856
v -0.04416998 0.00050127 0.08716835
v -0.04770180 0.00087766 0.08459271
v -0.05076898 0.00133811 0.08120134
v -0.05309574 0.00182349 0.07731810
v -0.05460136 0.00230630 0.07310909
v -0.05521016 0.00275985 0.06873174
v -0.05492094 0.00317500 0.06442238
v -0.05372768 0.00355867 0.06029544
v -0.05168030 0.00391172 0.05651989
v -0.04886425 0.00418986 0.05323483
v -0.04539844 0.00437209 0.05054508
v -0.04141958 0.00446897 0.04853024
v -0.03714756 0.00446981 0.04723016
v -0.04398123 0.00179294 0.08760425
v -0.04745614 0.00252655 0.08512066
v -0.05047181 0.00329596 0.08181760
v -0.05277821 0.00399887 0.07799277
v -0.05427052 0.00461971 0.07381552
v -0.05488643 0.00513883 0.06946277
v -0.05460239 0.00554391 0.06511359
v -0.05342593 0.00581504 0.06093455
v -0.05140773 0.00594074 0.05708685
v -0.04863291 0.00591258 0.05370836
v -0.04521502 0.00573491 0.05091067
v -0.04129551 0.00541451 0.04877680
v -0.03708458 0.00495044 0.04735775
v -0.04329142 0.00309257 0.08799454
v -0.04657940 0.00417336 0.08561040
v -0.04945406 0.00522515 0.08238225
v -0.05163833 0.00613159 0.07861589
v -0.05306213 0.00686512 0.07447462
v -0.05366027 0.00740654 0.07012721
v -0.05339834 0.00774400 0.06575482
v -0.05229221 0.00786757 0.06152666
v -0.05039021 0.00777528 0.05760978
v -0.04777043 0.00746873 0.05414559
v -0.04453914 0.00695944 0.05124815
v -0.04089519 0.00625393 0.04900198
v -0.03684959 0.00539512 0.04747511
v -0.04213288 0.00428564 0.08832456
v -0.04512163 0.00564720 0.08601887
v -0.04772228 0.00687268 0.08286894
v -0.04971668 0.00793491 0.07916413
v -0.05102324 0.00879535 0.07505351
v -0.05157637 0.00940137 0.07070994
v -0.05135398 0.00971821 0.06631422
v -0.05036972 0.00973451 0.06204771
v -0.04866400 0.00944773 0.05806907
v -0.04630747 0.00887271 0.05452964
v -0.04339419 0.00804275 0.05154503
v -0.04004439 0.00700569 0.04920674
v -0.03645298 0.00578418 0.04757732
v -0.04055391 0.00526550 0.08860170
v -0.04312365 0.00682205 0.08636637
v -0.04537022 0.00830453 0.08328220
v -0.04708854 0.00957576 0.07961521
v -0.04822984 0.01056141 0.07552914
v -0.04872633 0.01120073 0.07118875
v -0.04856133 0.01148053 0.06677695
v -0.04774277 0.01139763 0.06247506
v -0.04630477 0.01095247 0.05844670
v -0.04430455 0.01015142 0.05484346
v -0.04182577 0.00902585 0.05178653
v -0.03903824 0.00763898 0.04937054
v -0.03590652 0.00610858 0.04766057
v -0.03860768 0.00600835 0.08880344
v -0.04067812 0.00779979 0.08663984
v -0.04247674 0.00950682 0.08359909
v -0.04387176 0.01088825 0.07996604
v -0.04480079 0.01190522 0.07588386
v -0.04522890 0.01253591 0.07154372
v -0.04512802 0.01277855 0.06711894
v -0.04451325 0.01263215 0.06278982
v -0.04340275 0.01209353 0.05872449
v -0.04184347 0.01115888 0.05507500
v -0.03989765 0.00983435 0.05196347
v -0.03771536 0.00817491 0.04949234
v -0.03523710 0.00636547 0.04772165
v -0.03638416 0.00653714 0.08893027
v -0.03786440 0.00852098 0.08681317
v -0.03916241 0.01033390 0.08380578
v -0.04017599 0.01175105 0.08016996
v -0.04087241 0.01277065 0.07609698
v -0.04121781 0.01339458 0.07175864
v -0.04119752 0.01361610 0.06732578
v -0.04081089 0.01342963 0.06298113
v -0.04007693 0.01283609 0.05889304
v -0.03902005 0.01183121 0.05521351
v -0.03776347 0.01039340 0.05207662
v -0.03619748 0.00856871 0.04956471
v -0.03446436 0.00654657 0.04775776
v -0.03396050 0.00685686 0.08897259
v -0.03479886 0.00893862 0.08687727
v -0.03555385 0.01077094 0.08387782
v -0.03615732 0.01217947 0.08023787
v -0.03659928 0.01319936 0.07616393
v -0.03685895 0.01382454 0.07182264
v -0.03692091 0.01403753 0.06738724
v -0.03678627 0.01382922 0.06303955
v -0.03646040 0.01320656 0.05894379
v -0.03594802 0.01217173 0.05525398
v -0.03535660 0.01069910 0.05210960
v -0.03454261 0.00879377 0.04958689
v -0.03362274 0.00664673 0.04776815
v -0.03144360 0.00691685 0.08894318
v -0.03160153 0.00901231 0.08681085
v -0.03178195 0.01081185 0.08379016
v -0.03197408 0.01220169 0.08015535
v -0.03215993 0.01321560 0.07608437
v -0.03232162 0.01383977 0.07172008
v -0.03248096 0.01405345 0.06730624
v -0.03260604 0.01384434 0.06296466
v -0.03269887 0.01322220 0.05887706
v -0.03283469 0.01219711 0.05521192
v -0.03284630 0.01074216 0.05206549
v -0.03281476 0.00883528 0.04955494
v -0.03274360 0.00666060 0.04775221
v -0.02893328 0.00671256 0.08884555
v -0.02840590 0.00874117 0.08664685
v -0.02799680 0.01047136 0.08355280
v -0.02779549 0.01183284 0.07992771
v -0.02772929 0.01282674 0.07585248
v -0.02781493 0.01344531 0.07151194
v -0.02805412 0.01366656 0.06708991
v -0.02843479 0.01347891 0.06275857
v -0.02893901 0.01289408 0.05868700
v -0.02963795 0.01192159 0.05505924
v -0.03033245 0.01052922 0.05194557
v -0.03108354 0.00869171 0.04947292
v -0.03186143 0.00658623 0.04771026
v -0.02650725 0.00625857 0.08867079
v -0.02534579 0.00815651 0.08639091
v -0.02439289 0.00979157 0.08322166
v -0.02379640 0.01109661 0.07958002
v -0.02348919 0.01205045 0.07549815
v -0.02349514 0.01265262 0.07115638
v -0.02381535 0.01288796 0.06674337
v -0.02443725 0.01274581 0.06243210
v -0.02541284 0.01224253 0.05842537
v -0.02656299 0.01135635 0.05481557
v -0.02791568 0.01007265 0.05175543
v -0.02941542 0.00836823 0.04934198
v -0.03100953 0.00642659 0.04764419
v -0.02426909 0.00553639 0.08839004
v -0.02253354 0.00725682 0.08604641
v -0.02110133 0.00879193 0.08283141
v -0.02013652 0.01001597 0.07913938
v -0.01960800 0.01091377 0.07503088
v -0.01953587 0.01149561 0.07068221
v -0.01992815 0.01175128 0.06627669
v -0.02076787 0.01167376 0.06199525
v -0.02209501 0.01127411 0.05803851
v -0.02373416 0.01051460 0.05449028
v -0.02568433 0.00938197 0.05150189
v -0.02787551 0.00787895 0.04916970
v -0.03022133 0.00618906 0.04755674
v -0.02228202 0.00462860 0.08803663
v -0.02006936 0.00608212 0.08563799
v -0.01823140 0.00746685 0.08236908
v -0.01694522 0.00859566 0.07860872
v -0.01622272 0.00943839 0.07446183
v -0.01608573 0.01000330 0.07010324
v -0.01653981 0.01028798 0.06571245
v -0.01756769 0.01028908 0.06146673
v -0.01919162 0.01001178 0.05756759
v -0.02125425 0.00940601 0.05409474
v -0.02372600 0.00847177 0.05119509
v -0.02651840 0.00724401 0.04896030
v -0.02952781 0.00588285 0.04745084
v -0.02065280 0.00357740 0.08765229
v -0.01804636 0.00469692 0.08516444
v -0.01587441 0.00583292 0.08183716
v -0.01433057 0.00682881 0.07800542
v -0.01345031 0.00761442 0.07381545
v -0.01326156 0.00817306 0.06944700
v -0.01376711 0.00849944 0.06507043
v -0.01494936 0.00859052 0.06086764
v -0.01680982 0.00845662 0.05703241
v -0.01921451 0.00804171 0.05364564
v -0.02211202 0.00736988 0.05084636
v -0.02539841 0.00649588 0.04872316
v -0.02895163 0.00552190 0.04733128
v -0.01943169 0.00239398 0.08722839
v -0.01652926 0.00320842 0.08464773
v -0.01410741 0.00401394 0.08124159
v -0.01237952 0.00477821 0.07733778
v -0.01138794 0.00545226 0.07310991
v -0.01116304 0.00598869 0.06873371
v -0.01170423 0.00636863 0.06437829
v -0.01299425 0.00657389 0.06022230
v -0.01502958 0.00662533 0.05645262
v -0.01768690 0.00646689 0.05315920
v -0.02089984 0.00613814 0.05046950
v -0.02455581 0.00568012 0.04846643
v -0.02851844 0.00511649 0.04720172
v -0.01866074 0.00104904 0.08678035
v -0.01557028 0.00159603 0.08409838
v -0.01299171 0.00216070 0.08062025
v -0.01115169 0.00268177 0.07665497
v -0.01009293 0.00317962 0.07238731
v -0.00984762 0.00364308 0.06799871
v -0.01041596 0.00405040 0.06366408
v -0.01178643 0.00437739 0.05955810
v -0.01390889 0.00466595 0.05585206
v -0.01672269 0.00481908 0.05265595
v -0.02013284 0.00487420 0.05008057
v -0.02401871 0.00483028 0.04820268
v -0.02824166 0.00467646 0.04706836
v -0.01836111 -0.00032448 0.08632748
v -0.01519445 -0.00014183 0.08354835
v -0.01256283 0.00013355 0.07998172
v -0.01068447 0.00047690 0.07595660
v -0.00960651 0.00088467 0.07165672
v -0.00934158 0.00133019 0.06724387
v -0.00993091 0.00179485 0.06295830
v -0.01131929 0.00229095 0.05889432
v -0.01348171 0.00275959 0.05525533
v -0.01635182 0.00320197 0.05215590
v -0.01983435 0.00360241 0.04969361
v -0.02380950 0.00394422 0.04793902
v -0.02813269 0.00421131 0.04693561
v -0.01855335 -0.00163136 0.08590252
v -0.01543361 -0.00181793 0.08301987
v -0.01284346 -0.00186327 0.07936435
v -0.01099764 -0.00175816 0.07528104
v -0.00993533 -0.00150715 0.07094652
v -0.00968693 -0.00110790 0.06654884
v -0.01025636 -0.00057980 0.06227133
v -0.01163757 0.00003760 0.05827755
v -0.01375809 0.00074557 0.05468581
v -0.01658469 0.00148761 0.05167780
v -0.02001702 0.00225383 0.04932408
v -0.02393370 0.00301425 0.04768974
v -0.02819572 0.00373569 0.04681051
v -0.01920948 -0.00296104 0.08551507
v -0.01626220 -0.00346804 0.08253551
v -0.01381374 -0.00378425 0.07880016
v -0.01206646 -0.00387529 0.07465749
v -0.01106536 -0.00374148 0.07029574
v -0.01083627 -0.00338993 0.06589647
v -0.01138559 -0.00280251 0.06164201
v -0.01269076 -0.00202450 0.05769039
v -0.01472513 -0.00113805 0.05416215
v -0.01741173 -0.00014702 0.05123979
v -0.02066996 0.00097920 0.04898583
v -0.02438697 0.00212778 0.04746453
v -0.02842827 0.00327633 0.04669426
v -0.02031219 -0.00411631 0.08517918
v -0.01764656 -0.00490835 0.08211441
v -0.01544042 -0.00548084 0.07830404
v -0.01386461 -0.00576953 0.07411543
v -0.01296623 -0.00575371 0.06972703
v -0.01276976 -0.00543697 0.06532565
v -0.01327898 -0.00484122 0.06109437
v -0.01449194 -0.00400086 0.05714787
v -0.01635052 -0.00289901 0.05370465
v -0.01880347 -0.00157419 0.05085827
v -0.02177281 -0.00016122 0.04868943
v -0.02515276 0.00132493 0.04725860
v -0.02882067 0.00286488 0.04659225
v -0.02182906 -0.00510352 0.08490036
v -0.01955034 -0.00620053 0.08176372
v -0.01766508 -0.00698751 0.07789151
v -0.01632581 -0.00742196 0.07366551
v -0.01557112 -0.00750458 0.06925678
v -0.01542263 -0.00723535 0.06485299
v -0.01588471 -0.00661660 0.06063125
v -0.01695504 -0.00565087 0.05672278
v -0.01857898 -0.00436503 0.05333146
v -0.02071305 -0.00289094 0.05054682
v -0.02328445 -0.00116129 0.04844842
v -0.02620198 0.00064267 0.04709261
v -0.02936061 0.00251939 0.04650776
v -0.02370870 -0.00593035 0.08469741
v -0.02190606 -0.00717978 0.08150462
v -0.02042336 -0.00810924 0.07759018
v -0.01937585 -0.00867460 0.07333058
v -0.01879988 -0.00883993 0.06890534
v -0.01871033 -0.00859103 0.06449786
v -0.01911385 -0.00794297 0.06028758
v -0.02000656 -0.00694059 0.05641159
v -0.02133833 -0.00558819 0.05305667
v -0.02307325 -0.00387353 0.05031737
v -0.02515080 -0.00198847 0.04827172
v -0.02749789 0.00013628 0.04697256
v -0.03002357 0.00223868 0.04644683
v -0.03263459 0.00438965 0.04669228
v -0.02588019 -0.00648706 0.08457701
v -0.02463105 -0.00785588 0.08134986
v -0.02361203 -0.00893596 0.07740259
v -0.02290697 -0.00961593 0.07312149
v -0.02253855 -0.00984537 0.06868483
v -0.02252256 -0.00961171 0.06427734
v -0.02285731 -0.00892416 0.06007861
v -0.02353052 -0.00782293 0.05624478
v -0.02453231 -0.00639507 0.05289036
v -0.02580149 -0.00462404 0.05017959
v -0.02730615 -0.00255298 0.04816611
v -0.02898785 -0.00026363 0.04690124
v -0.03078777 0.00203123 0.04641108
v -0.02825919 -0.00677952 0.08453132
v -0.02762401 -0.00824641 0.08129892
v -0.02712070 -0.00941774 0.07734066
v -0.02679839 -0.01015091 0.07305217
v -0.02666342 -0.01040785 0.06860813
v -0.02672578 -0.01018641 0.06420018
v -0.02698332 -0.00949261 0.06000539
v -0.02742428 -0.00834477 0.05618043
v -0.02804606 -0.00683033 0.05283877
v -0.02880024 -0.00502706 0.05013820
v -0.02966817 -0.00285164 0.04813604
v -0.03062217 -0.00052545 0.04688184
v -0.03162409 0.00191043 0.04640298
v -0.03075977 -0.00681549 0.08456679
v -0.03077522 -0.00831935 0.08136141
v -0.03081959 -0.00950538 0.07740527
v -0.03090299 -0.01023845 0.07312210
v -0.03102074 -0.01049352 0.06868446
v -0.03115832 -0.01027753 0.06425722
v -0.03133881 -0.00958933 0.06007793
v -0.03153036 -0.00844071 0.05625141
v -0.03174971 -0.00690041 0.05290371
v -0.03195388 -0.00508299 0.05019497
v -0.03215165 -0.00290829 0.04818114
v -0.03233513 -0.00056977 0.04691501
v -0.03249741 0.00188579 0.04642791
v -0.03328786 -0.00659736 0.08468905
v -0.03396156 -0.00805164 0.08151981
v -0.03456718 -0.00919117 0.07759039
v -0.03506453 -0.00988706 0.07332488
v -0.03543864 -0.01011967 0.06889661
v -0.03567522 -0.00989452 0.06449567
v -0.03575979 -0.00921737 0.06029178
v -0.03569253 -0.00809190 0.05645242
v -0.03547528 -0.00657531 0.05310981
v -0.03514411 -0.00481424 0.05034707
v -0.03466087 -0.00270129 0.04830011
v -0.03406541 -0.00042774 0.04699494
v -0.03338119 0.00195893 0.04646049
v -0.03574172 -0.00613235 0.08489147
v -0.03705851 -0.00745272 0.08176599
v -0.03821538 -0.00848836 0.07788651
v -0.03912184 -0.00911341 0.07365354
v -0.03974905 -0.00930349 0.06924641
v -0.04007038 -0.00906213 0.06485283
v -0.04007190 -0.00839378 0.06063951
v -0.03975154 -0.00731106 0.05677445
v -0.03912587 -0.00588339 0.05339558
v -0.03825041 -0.00423490 0.05058903
v -0.03709641 -0.00223641 0.04848805
v -0.03574135 -0.00010753 0.04712326
v -0.03423527 0.00212406 0.04652409
v -0.03802744 -0.00544333 0.08516051
v -0.03994242 -0.00655772 0.08209532
v -0.04161784 -0.00742478 0.07828481
v -0.04291222 -0.00793811 0.07410017
v -0.04377300 -0.00806265 0.06971750
v -0.04417589 -0.00779459 0.06532779
v -0.04409344 -0.00714237 0.06110095
v -0.04353881 -0.00613637 0.05720454
v -0.04252887 -0.00485596 0.05377810
v -0.04114480 -0.00335466 0.05091145
v -0.03936814 -0.00154413 0.04873853
v -0.03730129 0.00040008 0.04729445
v -0.03502964 0.00237646 0.04661039
v -0.04005790 -0.00454945 0.08549710
v -0.04250404 -0.00542100 0.08251329
v -0.04463883 -0.00605749 0.07877249
v -0.04627862 -0.00640664 0.07464194
v -0.04735096 -0.00643575 0.07028914
v -0.04782078 -0.00613552 0.06590452
v -0.04766868 -0.00552418 0.06166170
v -0.04690136 -0.00464442 0.05772651
v -0.04555111 -0.00353915 0.05424284
v -0.04366709 -0.00215244 0.05132925
v -0.04138130 -0.00065402 0.04904270
v -0.03868455 0.00105844 0.04750125
v -0.03572918 0.00270714 0.04671554
v -0.04174436 -0.00344741 0.08587104
v -0.04464280 -0.00408625 0.08298339
v -0.04715931 -0.00447878 0.07933079
v -0.04908451 -0.00462927 0.07525769
v -0.05033331 -0.00453913 0.07093854
v -0.05086037 -0.00421304 0.06656232
v -0.05064849 -0.00366227 0.06229941
v -0.04970353 -0.00289992 0.05832192
v -0.04806609 -0.00190426 0.05477097
v -0.04580278 -0.00077120 0.05177359
v -0.04305520 0.00044823 0.04938746
v -0.03983290 0.00178957 0.04773668
v -0.03631382 0.00309324 0.04683436
v -0.04301676 -0.00219366 0.08628745
v -0.04625947 -0.00251925 0.08349846
v -0.04907245 -0.00268243 0.07993422
v -0.05121895 -0.00265681 0.07592852
v -0.05259526 -0.00244960 0.07164264
v -0.05316770 -0.00206887 0.06727573
v -0.05291007 -0.00152286 0.06299240
v -0.05182938 -0.00083896 0.05896959
v -0.04997462 -0.00008722 0.05534540
v -0.04741923 0.00078286 0.05224944
v -0.04426796 0.00174839 0.04978100
v -0.04070110 0.00259772 0.04799061
v -0.03675257 0.00352054 0.04696342
v -0.04384543 -0.00091176 0.08673277
v -0.04731388 -0.00088305 0.08405187
v -0.05031452 -0.00072484 0.08057106
v -0.05258627 -0.00046536 0.07662384
v -0.05404270 -0.00012968 0.07237954
v -0.05463884 0.00028272 0.06801900
v -0.05434943 0.00077554 0.06371431
v -0.05318747 0.00131651 0.05963256
v -0.05119586 0.00193324 0.05593217
v -0.04845328 0.00249280 0.05274194
f 4 2 1
f 8 6 5
f 13 15 14
f 17 19 18
f 32 30 29
f 36 34 33
f 37 39 38
f 21 23 20
f 25 27 24
f 41 43 42
f 48 46 45
f 52 50 49
f 53 55 54
f 60 58 57
f 29 62 61
f 66 64 63
f 67 6 68
f 72 70 69
f 76 74 73
f 77 79 78
f 81 83 82
f 59 86 85
f 88 90 89
f 96 94 93
f 100 98 97
f 101 103 102
f 106 34 87
f 108 115 107
f 117 36 118
f 124 126 125
f 131 129 128
f 132 134 133
f 142 140 139
f 148 60 147
f 144 127 124
f 149 151 150
f 156 154 153
f 159 158 157
f 116 164 105
f 171 169 168
f 174 173 172
f 179 181 180
f 186 188 187
f 194 196 195
f 199 139 198
f 206 208 207
f 213 211 210
f 202 214 201
f 96 216 54
f 92 43 44
f 97 246 100
f 250 229 228
f 252 58 253
f 258 256 255
f 260 229 259
f 110 112 113
f 114 263 109
f 265 267 266
f 56 270 269
f 274 249 250
f 185 63 64
f 280 278 276
f 285 283 157
f 288 211 212
f 141 92 46
f 289 175 176
f 148 105 106
f 312 170 171
f 238 42 43
f 318 160 317
f 310 308 307
f 241 325 324
f 160 240 317
f 47 307 308
f 108 315 164
f 345 86 119
f 348 350 349
f 356 358 357
f 355 353 352
f 363 32 362
f 149 150 176
f 364 253 365
f 366 368 367
f 183 371 63
f 163 161 160
f 209 101 208
f 378 165 166
f 379 381 380
f 383 3 4
f 284 386 385
f 387 389 388
f 391 229 249
f 73 397 396
f 405 407 406
f 203 411 410
f 414 413 412
f 1 357 4
f 277 131 275
f 254 57 58
f 358 415 351
f 417 386 408
f 401 192 420
f 419 127 143
f 421 182 422
f 103 302 409
f 428 368 174
f 380 359 356
f 62 266 323
f 140 431 430
f 357 351 348
f 356 379 380
f 415 403 434
f 437 436 435
f 438 440 439
f 188 450 449
f 452 454 453
f 265 181 421
f 224 64 225
f 237 213 427
f 275 128 458
f 281 460 459
f 50 79 461
f 73 282 281
f 468 466 465
f 390 352 359
f 482 484 483
f 489 487 486
f 493 495 494
f 472 470 469
f 502 500 499
f 220 222 223
f 512 143 66
f 518 511 80
f 513 230 286
f 205 31 244
f 189 451 188
f 163 532 8
f 533 225 251
f 446 447 412
f 335 540 334
f 544 546 545
f 329 291 292
f 199 262 238
f 385 416 550
f 532 191 247
f 363 118 243
f 236 237 250
f 578 580 579
f 573 571 570
f 561 562 272
f 241 259 240
f 590 592 591
f 545 595 594
f 503 155 504
f 606 624 623
f 478 480 479
f 646 648 647
f 590 689 684
f 564 651 650
f 728 184 727
f 714 716 715
f 692 575 693
f 541 581 578
f 346 248 400
f 161 230 160
f 128 94 95
f 698 704 703
f 574 576 575
f 290 401 328
f 630 725 726
f 733 735 734
f 755 496 493
f 759 481 760
f 757 762 761
f 764 466 467
f 768 3808 3809
f 759 488 489
f 492 475 771
f 474 769 473
f 773 465 772
f 771 486 483
f 484 775 491
f 774 489 486
f 495 764 756
f 495 761 494
f 137 784 136
f 325 797 547
f 165 51 52
f 369 29 370
f 730 568 569
f 90 301 89
f 243 516 242
f 800 806 805
f 817 808 816
f 816 823 822
f 306 447 807
f 815 809 808
f 829 828 825
f 726 501 502
f 274 424 423
f 879 881 880
f 884 879 885
f 219 217 211
f 906 904 897
f 455 205 542
f 898 830 829
f 903 880 881
f 906 897 898
f 377 519 165
f 923 948 946
f 946 951 950
f 3519 739 3517
f 900 886 880
f 225 65 144
f 182 442 422
f 809 947 824
f 954 962 961
f 927 965 966
f 885 880 886
f 925 966 967
f 343 341 340
f 965 971 968
f 968 970 969
f 972 969 973
f 963 981 978
f 336 338 339
f 992 827 828
f 810 996 959
f 1007 1002 1008
f 1012 827 1009
f 1011 1007 1008
f 294 292 291
f 907 920 919
f 1017 1019 1018
f 1020 1022 1021
f 1035 1020 1044
f 1061 1047 1046
f 1063 1046 1062
f 1044 1021 1045
f 1102 1097 1109
f 1116 1118 1117
f 1016 1014 1013
f 881 904 903
f 816 1127 817
f 1094 949 1097
f 514 167 515
f 146 81 82
f 1133 1130 1129
f 1102 1126 822
f 822 1116 816
f 1145 1148 1136
f 1076 1151 1069
f 1148 1086 1087
f 1109 1114 1136
f 1154 1156 1155
f 1153 967 1156
f 3464 463 3714
f 1144 1152 1151
f 1156 1163 1162
f 1164 1169 1165
f 1145 1176 1147
f 1114 1154 1171
f 1183 1164 1177
f 1184 1177 1185
f 1069 1062 1064
f 1023 1194 1022
f 1162 1170 1169
f 1195 1185 1191
f 1183 1176 1155
f 1201 1152 1196
f 1061 1201 1202
f 3825 843 3836
f 1203 1195 1034
f 1202 1184 1195
f 1218 1203 1217
f 1060 1202 1203
f 1225 1217 1219
f 671 694 670
f 1219 1024 1035
f 1217 1034 1024
f 1226 1015 1227
f 1243 1234 1233
f 1231 1229 1228
f 847 1233 843
f 843 1244 878
f 1233 1245 1244
f 1923 233 216
f 2100 499 500
f 3914 2135 3900
f 61 323 505
f 210 217 457
f 1299 1309 1300
f 3863 1231 3862
f 1066 1321 1322
f 1322 1228 1229
f 1060 1321 1047
f 1325 1323 1310
f 1244 1332 1330
f 1290 1242 1288
f 1337 1339 1338
f 1330 1340 1339
f 1341 1245 1294
f 1342 1332 1341
f 1343 1341 1344
f 1344 1294 1293
f 3857 1345 1346
f 1347 1342 1343
f 3856 1295 1345
f 1349 1348 1347
f 3861 1347 3853
f 3853 1343 3857
f 906 829 1353
f 905 1353 1354
f 865 1355 1357
f 1355 829 825
f 1357 825 826
f 1356 1353 1355
f 3834 1338 3833
f 866 1356 865
f 1358 1354 1356
f 3828 1337 3834
f 838 1012 841
f 1363 1338 1339
f 1368 1339 1340
f 1348 1340 1342
f 1371 3824 3829
f 524 526 523
f 528 530 527
f 1372 1369 1371
f 535 537 538
f 1367 1348 1350
f 1370 1359 1369
f 1369 3833 3824
f 1373 903 904
f 555 557 558
f 1374 910 1373
f 1373 905 1375
f 1374 1375 1376
f 1375 1354 1370
f 1378 908 1377
f 376 651 1387
f 1388 973 969
f 586 588 585
f 1390 1388 1391
f 1391 969 970
f 597 599 596
f 600 602 603
f 1392 970 979
f 608 610 607
f 612 523 611
f 614 616 613
f 617 25 24
f 620 622 619
f 1397 1391 1392
f 1398 1392 1399
f 1400 920 1378
f 1402 1165 1169
f 636 638 635
f 930 1402 929
f 641 643 644
f 929 1169 1170
f 1404 1403 1402
f 1411 1365 1406
f 1412 1415 1414
f 652 654 655
f 609 657 658
f 659 661 662
f 558 586 585
f 665 667 664
f 1413 1406 1412
f 1418 3810 3813
f 1417 1371 1416
f 1416 3829 3810
f 1419 1416 1418
f 1386 1374 1420
f 677 679 676
f 1385 1420 1421
f 1420 1376 1422
f 685 687 688
f 1421 1422 1423
f 528 691 658
f 1422 1372 1417
f 1018 747 1425
f 699 701 702
f 1424 579 1017
f 3663 1767 3660
f 700 711 712
f 1093 3754 1571
f 717 530 719
f 721 723 720
f 704 3543 3554
f 19 1426 1430
f 1429 1427 1426
f 1658 3542 3544
f 1439 1434 1438
f 1437 1435 1434
f 1426 1433 1432
f 1442 1432 1440
f 742 744 745
f 1432 1441 1440
f 751 753 750
f 1438 1403 1405
f 1446 1444 1443
f 1447 1446 1443
f 3860 1443 3848
f 1415 1445 1446
f 1414 1446 1448
f 2173 469 470
f 777 779 686
f 780 782 783
f 1676 1806 1675
f 3859 1349 3861
f 789 791 788
f 745 793 742
f 652 795 653
f 1455 1457 1456
f 1454 1350 1452
f 610 802 801
f 3831 698 703
f 1352 1045 1351
f 1015 1459 1460
f 811 813 814
f 2118 3817 2117
f 819 821 818
f 1466 1194 1190
f 1467 1465 1466
f 1182 1468 1467
f 832 833 831
f 835 837 834
f 1467 1190 1182
f 1469 1444 1445
f 840 712 690
f 1453 1469 1454
f 599 845 846
f 1226 3849 3855
f 851 853 850
f 855 856 854
f 858 860 857
f 861 863 864
f 1014 3855 3858
f 867 868 869
f 870 872 873
f 874 876 877
f 1310 1471 1309
f 1476 1427 1475
f 1461 1475 1460
f 887 889 890
f 788 892 891
f 894 896 893
f 1460 1227 1015
f 901 524 612
f 1465 1477 1464
f 1865 3500 1864
f 911 913 914
f 916 918 915
f 1850 3507 1851
f 921 895 894
f 1479 1436 1478
f 926 667 601
f 1481 563 1480
f 269 84 1482
f 931 933 916
f 934 614 869
f 936 688 937
f 938 662 939
f 1484 122 123
f 941 835 834
f 320 509 510
f 1849 3505 1850
f 84 1484 83
f 1487 1488 539
f 1757 3502 3509
f 365 1491 364
f 461 80 511
f 117 362 1496
f 1494 541 1495
f 926 957 958
f 1477 1433 1476
f 1709 1585 1700
f 119 1496 345
f 271 504 156
f 511 189 186
f 345 1492 365
f 255 344 254
f 57 299 132
f 1501 268 1500
f 267 1499 145
f 974 976 977
f 1678 1693 1676
f 3846 1807 3840
f 557 663 558
f 983 984 985
f 1443 3849 3848
f 421 268 265
f 989 991 988
f 1490 418 1504
f 279 309 310
f 997 676 679
f 998 999 875
f 1504 38 1505
f 1506 1507 1486
f 360 1508 1506
f 1506 207 360
f 939 1006 938
f 270 1483 269
f 66 546 512
f 1010 793 935
f 367 437 1509
f 244 363 243
f 1670 3534 1669
f 209 1510 226
f 235 1512 1511
f 1511 234 235
f 388 426 425
f 427 250 237
f 161 521 231
f 100 45 44
f 1025 608 1027
f 1029 1031 1028
f 939 1033 1032
f 41 594 99
f 1036 783 1037
f 702 1038 1039
f 1040 1042 1043
f 362 369 1493
f 187 477 186
f 70 539 198
f 1511 1521 234
f 1049 603 1048
f 613 869 614
f 860 1051 857
f 1005 1053 1006
f 753 1056 1054
f 1057 1059 1055
f 293 1522 292
f 288 1521 1522
f 292 1523 329
f 331 1508 1524
f 306 453 305
f 100 41 99
f 462 78 79
f 330 1524 462
f 635 1068 636
f 1485 1526 1528
f 206 1528 1510
f 1070 1072 831
f 942 1073 1074
f 916 1075 917
f 440 1530 439
f 157 1514 285
f 1529 5 1530
f 371 546 63
f 790 663 791
f 1077 857 1078
f 1403 1435 1165
f 1080 1082 1079
f 531 1529 440
f 21 1084 1085
f 272 1531 561
f 137 396 397
f 690 802 691
f 335 3567 581
f 1090 1029 1091
f 1092 794 1042
f 1533 137 138
f 661 1095 1096
f 69 445 72
f 1099 1101 1098
f 38 1536 1505
f 1104 1106 1103
f 852 1108 853
f 1377 909 1386
f 291 411 294
f 316 516 33
f 539 1533 534
f 1505 316 313
f 1110 1112 1113
f 1539 460 264
f 522 1537 1539
f 834 1120 1119
f 1122 1124 1121
f 612 1041 901
f 935 615 614
f 276 130 131
f 1686 3522 1685
f 193 1541 273
f 231 1540 287
f 556 982 557
f 365 85 345
f 190 318 1541
f 1810 3574 3528
f 3924 3512 3791
f 1132 985 1131
f 208 102 132
f 1134 662 661
f 1491 80 77
f 429 1542 147
f 1137 915 918
f 172 428 174
f 1139 1141 1142
f 549 54 55
f 1517 1518 296
f 976 1146 938
f 834 984 941
f 1543 286 115
f 1544 239 513
f 133 1544 1542
f 506 257 258
f 420 328 401
f 1158 1160 1157
f 587 1103 588
f 1513 1514 151
f 607 1027 608
f 304 1545 303
f 364 77 506
f 69 198 139
f 1006 976 938
f 700 1112 701
f 3877 3525 3787
f 1166 657 656
f 1167 858 1077
f 1172 1174 1175
f 218 200 217
f 1179 1181 1178
f 372 97 98
f 89 227 88
f 1186 1188 1189
f 172 1517 1549
f 1482 81 1498
f 1090 1193 1030
f 394 353 1551
f 526 1198 1197
f 811 858 812
f 1199 1026 1025
f 606 697 696
f 1204 1206 743
f 1207 523 526
f 1209 867 613
f 914 685 936
f 1478 1441 1477
f 1029 1161 1091
f 1211 1213 1214
f 3858 1451 3859
f 844 1216 845
f 423 273 274
f 1220 1222 1083
f 22 1224 23
f 882 897 881
f 1519 173 387
f 1189 1232 1178
f 349 550 416
f 1071 1236 1072
f 1237 1239 745
f 1221 1189 1240
f 1510 1512 333
f 939 1241 1005
f 1556 5 67
f 1553 394 1551
f 404 67 347
f 1247 1249 1246
f 142 238 92
f 1251 635 1250
f 850 1253 851
f 1254 1077 1255
f 57 133 429
f 443 552 551
f 1187 1175 1188
f 1256 831 833
f 432 382 383
f 741 747 746
f 434 351 415
f 349 383 348
f 251 1481 1480
f 395 352 353
f 1518 1550 1551
f 1558 378 340
f 109 314 315
f 285 1513 407
f 395 393 392
f 202 410 1558
f 417 405 432
f 1246 1258 1247
f 3 297 2
f 1259 1261 1262
f 403 347 284
f 955 953 952
f 462 51 330
f 1096 687 1263
f 429 60 57
f 896 1265 932
f 1267 1268 1266
f 423 327 420
f 37 180 40
f 20 1187 1186
f 1256 1071 1070
f 155 156 504
f 1188 1269 1232
f 1236 1271 1262
f 1272 535 621
f 565 463 464
f 1273 745 1239
f 876 1255 1274
f 316 164 315
f 437 503 1509
f 194 1495 197
f 1275 864 863
f 624 631 630
f 1277 1137 1278
f 569 567 566
f 1481 125 366
f 324 547 326
f 1279 1107 1280
f 1525 329 1523
f 1281 1137 918
f 171 1553 1552
f 1488 396 1533
f 1557 1562 1559
f 1282 1206 1205
f 1053 1278 1281
f 778 607 1283
f 713 3566 3569
f 251 144 124
f 4 348 383
f 709 707 706
f 728 45 246
f 261 1563 544
f 789 1287 790
f 74 263 282
f 403 385 434
f 1178 1240 1189
f 1223 1289 1224
f 158 150 151
f 1220 1186 1221
f 296 354 433
f 784 1538 1566
f 1181 1291 1222
f 1269 1257 1246
f 1566 438 399
f 136 1566 1564
f 1563 169 1565
f 107 109 108
f 1297 1298 1296
f 1464 1476 1461
f 1520 507 508
f 1301 1303 1304
f 1306 1308 1305
f 175 1532 272
f 1532 200 201
f 1311 1312 1313
f 872 1315 1316
f 1317 1318 1319
f 3836 878 3828
f 1305 864 1276
f 1040 863 1320
f 1564 399 169
f 592 1575 591
f 591 1088 689
f 1581 1583 1582
f 1196 1147 1176
f 710 583 713
f 285 408 386
f 953 961 963
f 1594 1589 1593
f 1585 1587 1586
f 1592 1590 1589
f 3885 944 3899
f 1600 1598 1597
f 1604 1602 1601
f 1399 979 980
f 1589 1596 1595
f 1610 1608 1607
f 298 361 360
f 551 276 277
f 1627 3814 3819
f 859 818 860
f 1078 1328 1329
f 1555 1530 1556
f 572 680 681
f 772 776 774
f 977 918 917
f 404 392 393
f 1054 750 753
f 1644 1643 1642
f 932 1082 933
f 1067 1334 1068
f 1540 264 114
f 597 643 1336
f 471 762 470
f 1642 3831 3842
f 1644 3842 3843
f 923 950 927
f 96 548 95
f 520 522 521
f 445 443 442
f 849 848 842
f 480 755 493
f 1646 481 1639
f 311 1567 170
f 464 3497 3495
f 3497 1361 3495
f 234 236 235
f 190 192 191
f 153 152 149
f 231 286 230
f 1552 1551 1550
f 760 1648 488
f 3832 1649 3830
f 828 826 825
f 52 166 165
f 1663 1661 1660
f 287 115 286
f 668 670 669
f 634 640 639
f 553 559 554
f 118 33 516
f 492 491 490
f 3552 1651 3553
f 582 584 583
f 384 392 415
f 1381 1383 1380
f 1562 435 436
f 952 951 947
f 3529 583 584
f 1660 1667 1666
f 1394 1396 1393
f 1660 1664 1663
f 1671 1669 1668
f 1624 1673 1672
f 1407 1409 1410
f 1677 1675 1674
f 1613 1677 1625
f 1679 1676 1677
f 1626 3811 3814
f 534 198 539
f 176 150 159
f 803 734 800
f 400 191 192
f 65 143 144
f 3526 1656 3540
f 402 157 283
f 629 627 626
f 461 49 50
f 758 495 756
f 796 786 785
f 406 1513 1560
f 342 166 167
f 1694 1658 1695
f 1692 1694 1696
f 3557 1652 3552
f 3921 1703 3923
f 326 302 90
f 3916 1702 1706
f 3919 1698 1701
f 1699 3927 3918
f 1557 1560 1561
f 1127 1117 1128
f 400 289 346
f 1706 1707 1708
f 1707 1599 1600
f 1709 1708 1588
f 1714 1711 1713
f 3919 1709 1700
f 1704 1577 1703
f 1716 1713 1715
f 1559 1549 297
f 1722 1720 1719
f 1335 596 1489
f 410 377 378
f 973 1163 972
f 168 399 398
f 1571 1089 1093
f 1572 682 1571
f 749 647 754
f 1730 1723 1729
f 1594 1729 1592
f 1729 1591 1592
f 1731 1730 1583
f 1384 1377 1379
f 1732 1712 1714
f 1724 1731 1732
f 1712 1731 1580
f 1722 1732 1733
f 1721 1733 1734
f 1734 1716 1717
f 1735 1736 1697
f 1733 1714 1716
f 1663 1741 1668
f 1742 1740 1743
f 1738 1737 1735
f 1665 1666 1740
f 1665 1744 1664
f 1725 1746 1745
f 1591 1745 1590
f 1590 1747 1596
f 1745 1748 1747
f 1659 3538 3542
f 3287 3545 3282
f 1185 1182 1190
f 1664 1749 1741
f 1741 1739 1738
f 1746 1743 1748
f 1726 1742 1746
f 1153 924 925
f 1115 1153 1154
f 1654 3575 1655
f 1896 3549 1686
f 1720 1744 1726
f 1721 1749 1720
f 1750 1701 1698
f 1697 1750 1696
f 1151 1063 1062
f 1751 1670 1671
f 1695 1752 1751
f 961 986 981
f 1770 1768 1767
f 1766 1593 1765
f 1731 1579 1580
f 1579 1774 1578
f 3928 1771 3929
f 1764 3928 3917
f 1777 1775 1774
f 3762 1699 1700
f 1004 1128 1003
f 1774 1771 1772
f 987 1399 980
f 1578 1772 1764
f 1783 1781 1778
f 1597 1770 1767
f 639 3895 3884
f 3928 1769 1770
f 1793 1789 1788
f 3929 1798 1769
f 3508 3773 1806
f 1802 3924 3922
f 1788 1794 1793
f 1793 1795 1776
f 3773 1675 1806
f 1584 1783 1789
f 1771 3920 3929
f 1801 1798 1800
f 1768 1798 1799
f 1775 1797 1771
f 508 515 1520
f 1796 1802 1797
f 1800 3920 3922
f 1794 1804 1795
f 3532 1752 3547
f 485 1807 775
f 3809 1640 768
f 3837 1810 1653
f 485 1640 1808
f 1690 3770 3772
f 487 1648 1811
f 3839 1816 3822
f 3838 1648 3830
f 3839 1811 3838
f 1812 487 1811
f 1641 767 768
f 465 755 776
f 767 3823 3808
f 3822 3826 3847
f 1809 1815 767
f 3837 1651 3840
f 675 3541 3496
f 1814 1822 1821
f 1821 3821 3820
f 1824 1649 1825
f 1827 1850 1805
f 1668 1662 1663
f 1779 1848 1828
f 1790 1805 1794
f 1833 1853 1852
f 3521 693 575
f 1614 1616 1617
f 1852 3498 3501
f 1620 1622 1623
f 1855 1574 1861
f 1847 3501 3513
f 1766 1855 1782
f 1629 1631 1628
f 1633 1634 1632
f 1635 1637 1638
f 1848 1852 1847
f 1855 1863 1862
f 1803 1867 1802
f 1862 1831 1832
f 1782 1862 1781
f 3922 1865 1800
f 1873 1870 1869
f 1874 799 804
f 2045 3897 2044
f 1219 1295 1225
f 1615 1396 1395
f 3884 1877 1876
f 645 3786 3559
f 1345 1035 1346
f 634 3884 3880
f 15 1327 14
f 3910 1878 1893
f 1894 605 1893
f 3506 627 693
f 340 454 1558
f 1897 195 1898
f 1889 1877 1890
f 1901 129 1900
f 196 754 232
f 1705 3921 3916
f 340 166 343
f 1570 563 561
f 1904 194 1897
f 1781 1832 1780
f 1905 55 1906
f 1000 995 996
f 986 920 987
f 1191 1190 1194
f 2094 2075 2093
f 1920 1919 1915
f 453 1912 1911
f 1915 1918 1916
f 3882 2106 3901
f 1916 1926 1925
f 704 3561 703
f 278 1925 1900
f 3565 1818 1820
f 1097 1115 1114
f 1927 727 1923
f 3578 3654 3758
f 1920 307 1929
f 1929 48 728
f 503 1497 1509
f 1902 787 796
f 1816 3820 3826
f 1925 1923 1924
f 1535 1568 1534
f 254 258 255
f 1509 366 367
f 119 35 36
f 219 293 294
f 141 47 431
f 542 244 245
f 1940 430 431
f 1779 1827 1790
f 1701 3915 3919
f 1661 3515 1667
f 270 754 647
f 197 749 196
f 1727 1212 1211
f 53 232 754
f 1465 1479 1478
f 1284 3854 1293
f 1951 412 413
f 168 1554 1553
f 1486 206 207
f 506 78 361
f 994 1007 993
f 951 963 964
f 1013 3861 1351
f 3826 1820 1818
f 1498 1954 1482
f 299 543 132
f 1754 1756 1753
f 1681 1683 1682
f 1696 1695 1697
f 13 738 737
f 473 475 474
f 482 768 1640
f 204 30 205
f 1761 820 819
f 611 1125 612
f 1501 1908 1909
f 1074 711 699
f 1960 82 83
f 120 1960 123
f 35 87 34
f 1773 1025 1031
f 1965 1569 1535
f 494 471 479
f 1966 1969 1968
f 446 1971 1967
f 174 125 126
f 1580 1578 1577
f 1785 1787 1784
f 1972 304 305
f 1254 875 999
f 1973 342 514
f 321 1973 509
f 1910 275 1907
f 509 514 508
f 1486 1527 1485
f 1974 804 1975
f 1977 1974 1978
f 1980 1966 1981
f 379 2 295
f 1718 1710 1701
f 884 992 883
f 1680 1678 1679
f 902 525 524
f 344 256 299
f 135 137 136
f 236 228 333
f 448 1967 1966
f 589 604 584
f 910 908 907
f 1981 1968 1987
f 1982 1987 1979
f 1988 1987 1989
f 1990 1989 1991
f 1991 1993 1992
f 322 320 319
f 992 830 883
f 1144 1086 1143
f 1995 1978 1994
f 1133 1118 1126
f 1997 1994 1996
f 870 1335 1489
f 805 1982 1998
f 727 2000 1999
f 1996 1988 1990
f 1994 1979 1988
f 1829 792 1273
f 1830 941 983
f 798 800 799
f 729 731 730
f 2011 2023 2022
f 1834 846 1159
f 402 284 347
f 2022 2024 2025
f 1838 989 988
f 810 952 809
f 1823 1840 644
f 1430 1432 1431
f 1215 1841 1079
f 149 176 177
f 1316 873 872
f 2112 1384 2106
f 1842 1844 1845
f 1159 845 1160
f 837 1846 1120
f 1971 2030 2027
f 517 370 189
f 858 833 812
f 1471 2027 1888
f 3551 626 627
f 2174 770 490
f 935 1854 1010
f 1613 1611 1618
f 1231 1225 1295
f 1856 891 892
f 1300 748 741
f 1150 1858 1859
f 1643 696 1642
f 1215 1264 1216
f 1320 902 901
f 1956 1944 1960
f 2031 669 1474
f 2034 1310 1299
f 1879 1656 1657
f 40 242 39
f 1992 2039 1456
f 888 957 889
f 1882 1996 1990
f 1078 1255 1077
f 1871 1192 1090
f 294 218 219
f 1323 2026 1471
f 123 83 1484
f 1324 2041 1323
f 384 359 352
f 1324 2038 2036
f 1883 1885 1829
f 287 114 107
f 1096 1134 661
f 915 931 916
f 806 1981 1982
f 3533 584 604
f 1425 2042 1018
f 1018 1948 1017
f 3562 740 3519
f 1948 649 646
f 1881 1990 1991
f 1900 130 278
f 992 994 993
f 923 925 924
f 3878 2047 3876
f 1643 625 606
f 2050 2051 2049
f 2045 1404 2047
f 3876 945 3885
f 1139 1079 1841
f 1037 892 982
f 2055 2057 2056
f 1198 718 717
f 1619 1612 1611
f 2058 1606 2059
f 2059 1607 2058
f 2058 1624 1605
f 71 179 37
f 405 1557 382
f 976 1006 977
f 322 1972 1911
f 2061 2063 2062
f 2066 2067 1825
f 2052 2064 2051
f 1609 2066 1647
f 1515 152 1516
f 1009 993 1007
f 1644 3815 2118
f 279 1916 278
f 1285 3862 1284
f 1647 1825 1649
f 2056 2067 2065
f 319 1953 1952
f 667 1913 1914
f 2070 625 2048
f 2052 2055 2063
f 2038 1655 1458
f 1606 2073 2072
f 1235 1270 1236
f 2072 2075 2074
f 2059 2072 2062
f 2074 2077 2076
f 1601 2078 2073
f 2049 1643 1645
f 1000 1001 994
f 1089 684 689
f 1931 1306 1930
f 1462 1021 1022
f 1932 1934 1935
f 875 1846 998
f 1936 1937 1938
f 44 46 92
f 1534 1956 120
f 1541 317 391
f 2081 2084 2083
f 146 1959 300
f 1360 1942 1361
f 985 1032 1033
f 1995 1892 2043
f 2079 2082 2081
f 2095 2076 2077
f 2081 2078 2079
f 2055 2054 2053
f 501 2095 500
f 2097 2099 2098
f 2098 2094 2083
f 2140 3893 3866
f 2141 3894 3893
f 2051 2048 2049
f 592 2101 1576
f 2071 2076 2096
f 2102 2098 2101
f 593 2102 592
f 1019 746 747
f 1950 12 1327
f 725 2096 501
f 1385 2104 1379
f 1379 2106 1384
f 2107 2100 2097
f 3908 502 3896
f 3896 499 3901
f 940 2109 944
f 928 1170 973
f 3868 684 3899
f 1962 1964 1961
f 3878 573 3897
f 2039 1968 1969
f 1389 2110 2109
f 1398 2113 1397
f 3757 3753 3743
f 3911 2107 2103
f 949 924 1115
f 260 324 326
f 1390 2113 2110
f 2070 2064 2071
f 3867 2103 593
f 2105 1421 2114
f 2114 1423 2115
f 3892 2115 3903
f 3908 2114 3892
f 554 1902 553
f 972 967 966
f 1765 1573 1574
f 1984 1986 1983
f 2053 2069 2057
f 3573 724 714
f 1625 1674 1673
f 3881 2119 2122
f 3903 2123 3904
f 56 1906 55
f 626 3879 629
f 2001 2003 2004
f 3912 2127 3907
f 2006 2008 2009
f 2127 1412 2128
f 2014 2016 2017
f 2018 2020 2021
f 1495 1947 197
f 1379 1386 1385
f 3814 1680 1618
f 2029 1884 2028
f 3902 2120 3887
f 629 3914 3872
f 682 943 1089
f 724 2121 716
f 1757 3821 3845
f 765 3844 3809
f 3851 715 3852
f 706 3870 3872
f 981 987 980
f 1457 1656 1880
f 2017 2032 2033
f 1458 1868 1457
f 1776 1792 1793
f 1959 1946 1958
f 3663 3725 3661
f 3913 2122 3850
f 1093 689 1088
f 966 968 972
f 3852 3881 3913
f 2172 2170 2171
f 670 2137 669
f 3761 1903 233
f 1429 28 1449
f 964 978 971
f 3841 1413 2127
f 1473 669 2137
f 3834 1359 1358
f 2138 1870 2137
f 1872 2137 1870
f 715 3888 3881
f 1881 1992 1880
f 3843 739 740
f 1837 3513 3514
f 253 59 85
f 1808 3840 1807
f 1647 3818 1609
f 3865 671 668
f 2112 3883 2111
f 1405 2044 1438
f 3829 1364 1366
f 273 391 249
f 576 3520 3555
f 3875 668 2031
f 1430 2140 2139
f 2136 3860 28
f 1430 18 19
f 3893 570 695
f 1442 2046 2141
f 1431 2141 2140
f 3869 3850 2136
f 3808 1817 766
f 3866 695 671
f 2142 798 2138
f 571 2142 694
f 3819 1618 1611
f 2143 2025 2142
f 694 2138 670
f 681 2144 572
f 2144 2022 2143
f 328 457 290
f 1572 2011 2144
f 630 3903 624
f 2085 2087 2088
f 2090 2092 2089
f 572 2143 571
f 1875 2153 2149
f 1873 2149 2154
f 2103 2097 2102
f 2157 2155 2156
f 2128 1414 2120
f 3874 589 582
f 3872 628 629
f 2149 2158 2159
f 2159 3905 3890
f 698 3902 705
f 3823 3827 1817
f 2158 3874 3905
f 1438 2046 1439
f 2035 2160 2161
f 2161 3889 3886
f 3871 605 589
f 3873 18 3875
f 370 61 451
f 649 413 648
f 2153 2156 2158
f 1428 1449 1450
f 1490 73 1488
f 3890 710 633
f 2155 3891 3871
f 1456 1880 1992
f 2125 2087 2124
f 2160 3890 3889
f 300 505 323
f 1064 1046 1065
f 2043 1891 2155
f 2129 2004 2003
f 2131 2133 2134
f 3848 1450 1449
f 1998 804 805
f 3879 3864 3914
f 474 490 770
f 1164 1182 1177
f 707 3909 3870
f 708 2162 707
f 2162 3886 3909
f 548 1905 458
f 1145 1114 1171
f 705 1650 704
f 2043 1977 1995
f 737 554 559
f 1034 1191 1023
f 458 1907 275
f 195 232 233
f 2040 1969 1970
f 2145 2147 2148
f 2054 2049 1645
f 3832 1639 3818
f 9 11 10
f 252 506 258
f 472 479 471
f 1865 3791 3503
f 900 910 907
f 1941 2151 1942
f 1921 1927 1919
f 2163 1898 2116
f 271 153 178
f 1904 12 9
f 282 264 460
f 1872 2154 2035
f 1326 1897 2163
f 628 693 627
f 1724 1719 1723
f 1549 436 172
f 1582 1730 1729
f 1921 1929 1928
f 3563 10 11
f 475 774 771
f 769 2171 473
f 2171 476 473
f 476 772 475
f 1791 464 1760
f 2166 2168 2169
f 595 372 98
f 483 1641 482
f 762 2173 470
f 771 484 492
f 486 1809 483
f 297 1517 296
f 763 2174 762
f 776 759 489
f 184 2176 2000
f 412 303 414
f 2005 185 224
f 3811 1682 3846
f 2164 756 764
f 1472 2161 2162
f 950 964 965
f 2177 2179 2180
f 227 1510 333
f 764 467 2164
f 2182 2184 2181
f 2186 2018 2185
f 1985 2181 1986
f 214 729 1531
f 1545 1546 1569
f 865 842 866
f 849 1357 1362
f 452 1558 454
f 559 3188 737
f 16 737 3188
f 560 498 374
f 3193 3195 3194
f 3200 3198 3199
f 3211 3213 3212
f 3215 3217 3216
f 2187 2002 2001
f 2169 2189 2190
f 2192 2085 2191
f 2193 2195 2196
f 2198 2200 2197
f 1998 1979 1975
f 3664 3668 3671
f 2116 1903 1902
f 1859 2009 1150
f 3904 2126 3906
f 1135 1087 1130
f 2201 2015 2014
f 1149 110 1858
f 3221 3218 3215
f 2203 2205 2206
f 579 1895 1019
f 1755 2208 1756
f 3891 1893 605
f 1211 2150 1727
f 868 2210 2209
f 944 930 940
f 2130 2202 2201
f 233 1898 195
f 665 750 666
f 1167 999 618
f 2211 2213 2214
f 2215 2217 2218
f 3867 590 3868
f 2220 220 2219
f 823 948 1094
f 3225 3227 3226
f 266 455 265
f 3882 2107 3883
f 2221 3519 3517
f 2223 2225 2226
f 2207 2124 2208
f 673 3869 3864
f 817 996 815
f 2227 2146 2145
f 1947 646 749
f 3900 17 3873
f 2229 1638 1381
f 1679 1618 1680
f 1637 2232 2230
f 2233 1617 1616
f 2231 2236 2237
f 1381 2238 1382
f 3586 2242 3587
f 1630 2233 1631
f 1681 472 469
f 1408 2243 2244
f 3236 3238 3237
f 3232 3240 3235
f 1637 2238 1638
f 3237 3233 3234
f 1409 1634 2245
f 1380 2247 2246
f 1628 2245 1621
f 2249 1622 1633
f 1632 1408 2244
f 2248 1631 2250
f 2235 1637 1636
f 3245 3199 3198
f 631 2071 725
f 515 52 49
f 782 2251 1251
f 2253 2255 2252
f 397 459 784
f 1456 2040 1455
f 2040 2036 1455
f 1401 2111 1398
f 2041 1970 2026
f 1535 414 1965
f 1586 2080 2079
f 2256 1132 1886
f 1700 3918 3919
f 3815 1686 3817
f 1263 1886 1096
f 598 844 599
f 2257 2259 2260
f 2258 2262 2259
f 2259 2263 2216
f 2260 2216 2215
f 1967 1970 1969
f 2212 1963 2213
f 922 2218 2217
f 1312 1101 2264
f 1307 1286 789
f 1548 1546 1972
f 2266 2268 2265
f 2265 2270 2269
f 2272 2269 2271
f 2273 2265 2272
f 2275 2277 2274
f 2278 2277 2279
f 2284 3617 3639
f 2287 2286 2281
f 2288 2283 2287
f 2290 3639 3620
f 2291 2293 2294
f 2295 2294 2279
f 2296 2291 2295
f 2297 2292 2291
f 2294 2299 2300
f 2279 2300 2278
f 2298 2302 2292
f 2292 2303 2293
f 2293 2304 2299
f 2304 2306 2299
f 2306 2300 2299
f 2308 2310 2307
f 2302 2310 2303
f 2301 2307 2302
f 2312 2307 2311
f 2313 2315 2316
f 2318 2320 2317
f 3748 2322 2323
f 2324 2273 2326
f 2313 2326 2327
f 2328 2313 2316
f 2329 2324 2328
f 2331 2333 2330
f 2330 2267 2266
f 2325 2266 2273
f 2329 2330 2325
f 2333 2335 2267
f 2336 2333 2332
f 2338 2332 2337
f 2331 2337 2332
f 2329 2339 2331
f 2328 2340 2329
f 2316 2341 2328
f 2342 2315 2343
f 2344 2346 2347
f 2341 2347 2340
f 2342 2344 2341
f 2348 2345 2344
f 2350 2352 2353
f 2339 2353 2337
f 2340 2350 2339
f 2347 2351 2350
f 2337 2354 2338
f 2353 2355 2354
f 2356 2276 2357
f 2356 2358 2359
f 2356 2296 2295
f 2279 2356 2295
f 2360 2270 2268
f 2267 2360 2268
f 2362 2364 2365
f 2362 2361 2358
f 2366 2358 2357
f 2366 2363 2362
f 2357 2368 2366
f 2366 2369 2367
f 2276 2370 2368
f 2368 2282 2369
f 2372 2374 2371
f 2375 2377 2007
f 2378 2380 2381
f 2382 2381 2383
f 2384 2378 2382
f 2385 2379 2378
f 2388 2390 2387
f 2387 2392 2391
f 2393 2387 2391
f 2394 2388 2387
f 2186 2402 2400
f 2403 2327 2326
f 2272 2326 2273
f 2271 2403 2272
f 2405 2404 2403
f 2404 2408 2327
f 2409 2411 2412
f 2409 2271 2269
f 2413 2269 2270
f 2413 2410 2409
f 2417 2416 2418
f 2417 2406 2405
f 2412 2405 2271
f 2411 2417 2412
f 2406 2407 2404
f 3569 632 713
f 2420 2397 2421
f 2420 2423 2422
f 2424 2422 2419
f 2424 2398 2420
f 2425 2392 2426
f 2421 2426 2423
f 2397 2425 2421
f 2396 2391 2425
f 2427 2315 2314
f 2427 2408 2428
f 2430 2428 2429
f 2343 2427 2430
f 2432 2430 2431
f 2431 2429 2433
f 2435 2433 2434
f 2436 2431 2435
f 2428 2407 2437
f 2422 2407 2419
f 2438 2422 2423
f 2429 2437 2438
f 2440 2433 2439
f 2441 2433 2429
f 2442 2439 2441
f 2443 2440 2439
f 2445 2444 2443
f 2447 2443 2442
f 2383 2445 2447
f 2381 2446 2445
f 2448 2423 2426
f 2449 2426 2392
f 2441 2449 2442
f 2441 2438 2448
f 2449 2390 2450
f 2450 2389 2451
f 2447 2451 2383
f 2442 2450 2447
f 2451 2453 2452
f 2452 2455 2454
f 2382 2454 2384
f 2383 2452 2382
f 2456 2373 2372
f 2459 2461 2458
f 2463 2465 2462
f 2462 2285 2284
f 2466 2284 2290
f 2467 2462 2466
f 2461 3703 3701
f 2468 2470 2471
f 2472 2471 2473
f 2474 3701 3688
f 2475 2477 2478
f 2458 2453 2479
f 2479 2389 2388
f 2395 2479 2388
f 2480 2458 2479
f 2481 2483 2478
f 2484 2485 221
f 2471 2464 2463
f 2473 2463 2467
f 2487 2466 2486
f 2486 2290 2488
f 2490 2488 2489
f 2491 2486 2490
f 2492 2467 2487
f 2493 2487 2491
f 2494 2492 2493
f 2495 2473 2492
f 3690 2474 3688
f 3691 2496 3690
f 2498 2493 2499
f 2500 2499 2501
f 3700 2498 2500
f 3687 2494 2498
f 2306 2278 2300
f 2305 2504 2306
f 2504 2507 2506
f 2506 2288 2508
f 2274 2508 2275
f 2278 2506 2274
f 3633 2489 2488
f 3620 2488 2290
f 2507 2289 2288
f 2505 2509 2507
f 2508 2287 2511
f 2511 2281 2280
f 2370 2280 2282
f 2275 2511 2370
f 2512 2489 2513
f 2514 2513 2515
f 2517 2514 2516
f 2517 2490 2512
f 2499 2491 2517
f 2499 2516 2501
f 2510 2519 2518
f 2518 2521 2520
f 3616 2520 3621
f 3632 2518 3616
f 2522 2303 2310
f 2523 2310 2309
f 2305 2522 2524
f 2524 2523 2525
f 2519 2525 2521
f 2505 2524 2519
f 2308 2527 2526
f 2526 2529 2528
f 2531 2528 2530
f 2309 2526 2531
f 1214 2151 1211
f 2419 2418 2424
f 2533 2349 2317
f 2534 2317 2320
f 2535 2533 2534
f 2536 2345 2533
f 2537 2346 2536
f 2538 2536 2535
f 2539 2537 2538
f 2540 2351 2537
f 2312 2541 2527
f 2527 2542 2529
f 2543 2434 2544
f 2545 2544 2546
f 2319 2543 2545
f 2318 2435 2543
f 2514 2548 2547
f 2547 2550 2549
f 2552 2549 2551
f 2552 2514 2547
f 2520 2554 2553
f 2553 2556 2555
f 3590 2555 3593
f 3621 2553 3590
f 2523 2531 2557
f 2557 2530 2558
f 2525 2557 2559
f 2559 2558 2560
f 2554 2560 2556
f 2521 2559 2554
f 2561 2007 2006
f 2376 2225 2377
f 2564 2566 2563
f 2563 338 2567
f 2569 2567 2568
f 2570 2563 2569
f 2572 2574 2571
f 2571 2576 2575
f 2544 2575 2546
f 2544 2572 2571
f 2578 2569 2577
f 2579 2569 2568
f 2574 2579 2576
f 2573 2577 2574
f 2581 2583 2580
f 2584 2583 2585
f 3697 2580 2584
f 3676 2580 3675
f 2582 2552 2583
f 2583 2551 2585
f 2500 2589 2588
f 2590 2589 2591
f 3693 2588 2590
f 3695 2500 2588
f 2501 2591 2589
f 2592 2594 2595
f 2386 2503 2502
f 2596 2386 2374
f 2596 2373 2597
f 2599 2597 2598
f 2599 2379 2596
f 2600 2380 2599
f 2600 2598 2601
f 2603 2601 2602
f 2603 2446 2600
f 2604 2602 2605
f 2440 2605 2434
f 2444 2604 2440
f 2606 2581 2607
f 2606 2590 2591
f 2591 2582 2606
f 3676 2456 3689
f 3689 2372 3693
f 2478 2608 2481
f 2609 2611 2199
f 2564 2613 2612
f 2612 2598 2597
f 2457 2597 2373
f 2565 2612 2457
f 2614 2570 2578
f 2615 2578 2573
f 2602 2614 2615
f 2601 2613 2614
f 2572 2605 2616
f 2616 2602 2615
f 2573 2616 2615
f 1459 1045 1021
f 1265 1079 1082
f 1612 1609 1611
f 2067 2069 2068
f 1135 1136 1148
f 1938 2618 2617
f 95 458 128
f 2058 1608 1612
f 1454 1445 1367
f 655 1048 2619
f 722 2621 723
f 1131 1033 1134
f 562 366 1497
f 1723 1725 1591
f 1786 1122 1787
f 267 323 266
f 1325 1654 2038
f 1468 1435 1479
f 658 529 528
f 8 247 7
f 382 1559 3
f 788 1307 789
f 940 929 928
f 911 2623 912
f 2621 655 654
f 2624 2625 2626
f 998 27 26
f 635 2626 2625
f 2627 644 1840
f 2628 1840 2629
f 1200 2627 2628
f 1199 641 2627
f 1520 49 477
f 1452 1349 1451
f 2630 1859 1858
f 644 1335 1823
f 1197 717 2632
f 2632 719 1166
f 2628 1166 1200
f 2629 2632 2628
f 1762 1050 821
f 1823 873 1839
f 2634 794 652
f 1028 1027 1161
f 1042 2635 1043
f 93 1901 1924
f 2036 1458 1455
f 1527 1525 1526
f 877 1274 1277
f 134 797 1544
f 1328 931 1329
f 607 1091 1161
f 1043 2637 2636
f 2636 2639 2638
f 1275 2638 1276
f 1275 1043 2636
f 1272 2626 2640
f 2640 638 637
f 1110 2640 637
f 536 2640 2641
f 1472 1474 1473
f 2042 1951 649
f 1058 1105 1059
f 2642 2643 2644
f 1192 2644 1193
f 912 2642 1192
f 3898 3526 3786
f 1049 2620 2621
f 616 1885 613
f 1331 666 750
f 990 1198 525
f 1911 321 322
f 1298 1205 2645
f 76 1504 75
f 1502 421 422
f 610 658 691
f 1146 659 938
f 2646 914 936
f 1280 1238 1279
f 975 2647 2648
f 2647 975 974
f 1453 1452 1451
f 1514 158 151
f 835 1843 1842
f 1271 1173 1289
f 2649 813 2650
f 1893 1826 1894
f 1050 1937 1051
f 2651 814 813
f 1006 1281 977
f 2653 2654 2655
f 1001 1003 1002
f 585 679 558
f 2624 621 620
f 555 2028 556
f 1207 1197 2629
f 1626 478 472
f 426 419 1567
f 1030 1773 1031
f 3898 634 3880
f 534 138 262
f 1125 1042 1041
f 333 88 227
f 569 561 730
f 1489 871 870
f 1857 620 891
f 1673 3770 3763
f 622 864 1308
f 2647 974 2657
f 619 891 620
f 261 545 262
f 393 1556 404
f 2658 2647 2657
f 1075 2657 917
f 1081 2658 1075
f 1080 2659 2658
f 2644 1141 2660
f 2660 1140 1336
f 642 1336 643
f 1193 2660 642
f 679 555 558
f 1503 1500 1502
f 1318 1101 1100
f 2661 1139 1142
f 2661 2663 2662
f 2662 2659 2661
f 2662 2622 2664
f 2664 911 2646
f 2648 2646 1146
f 2648 2662 2664
f 2083 2093 2081
f 1442 1437 1439
f 519 330 51
f 1885 1209 613
f 799 805 804
f 1946 1952 1953
f 1302 1253 1252
f 566 224 533
f 1389 928 1388
f 683 681 680
f 836 1842 2665
f 2665 1845 1303
f 2666 1303 1302
f 24 2665 2666
f 831 2650 832
f 1845 1304 1303
f 2010 2012 2011
f 1051 2667 2668
f 1522 1511 1523
f 531 441 522
f 782 1251 1250
f 1250 2625 2669
f 2669 1857 1856
f 783 1856 1037
f 782 2669 783
f 720 2671 721
f 1055 1930 1056
f 1333 1251 2251
f 619 1308 1307
f 652 2619 2634
f 521 1539 1540
f 1838 537 2672
f 2672 536 2641
f 1113 2641 1110
f 1113 1838 2672
f 1016 1351 1045
f 3897 570 3894
f 226 104 101
f 3564 3827 1818
f 1036 1884 1883
f 2674 1304 2673
f 2673 1844 2675
f 1334 2675 1039
f 1333 2673 1334
f 2676 1039 2675
f 1843 2675 1844
f 942 2676 1843
f 1074 702 2676
f 811 859 858
f 752 1055 753
f 1200 656 1026
f 1120 874 2677
f 2677 877 1052
f 1241 1052 1005
f 1119 2677 1241
f 1560 151 1515
f 1208 611 523
f 215 736 214
f 1460 1462 1461
f 1208 1839 873
f 854 1282 1297
f 72 182 179
f 544 1565 512
f 217 456 457
f 2047 930 945
f 1204 1937 2633
f 913 686 685
f 840 1113 1112
f 1531 730 561
f 2678 1283 801
f 601 1914 602
f 1537 459 460
f 1819 3509 3527
f 991 862 538
f 2679 1073 1830
f 2680 983 2256
f 779 2256 1263
f 778 2680 779
f 2678 1830 2680
f 180 245 40
f 1886 1131 1134
f 1138 1274 1255
f 1841 1140 1139
f 75 314 74
f 193 420 192
f 2681 1099 1098
f 170 1565 169
f 349 417 432
f 1121 2684 2683
f 547 409 302
f 123 121 120
f 2643 1142 1141
f 1542 513 1543
f 899 907 919
f 1210 676 867
f 791 982 892
f 24 837 836
f 893 932 931
f 1860 863 862
f 535 862 861
f 832 813 812
f 2650 813 832
f 1569 1547 1568
f 181 542 180
f 660 937 688
f 2013 568 2012
f 887 2631 2630
f 1524 361 78
f 520 162 1529
f 2653 854 2685
f 1238 2655 2686
f 718 527 530
f 1492 518 1491
f 792 615 793
f 599 1835 596
f 290 456 175
f 312 1552 425
f 1248 1179 1249
f 153 177 178
f 1240 1222 1221
f 1257 1235 1071
f 1291 1083 1222
f 1052 1277 1053
f 743 2618 1204
f 444 430 443
f 23 1172 1187
f 2687 1180 1179
f 102 409 134
f 1283 610 801
f 373 650 651
f 1180 1084 1291
f 855 2655 1237
f 1173 1917 1174
f 2689 853 2688
f 2688 1108 1279
f 2686 1279 1238
f 2687 2688 2686
f 2691 1252 2690
f 2690 850 2689
f 1248 2689 2687
f 1248 2691 2690
f 2692 24 2666
f 2691 2666 1302
f 1247 2692 2691
f 1258 617 2692
f 394 1555 393
f 2693 1259 1223
f 1072 1262 1261
f 1257 1168 1258
f 398 1555 1554
f 871 1314 872
f 1178 1249 1179
f 1224 1173 1172
f 1010 2618 742
f 1175 1292 1269
f 2654 2686 2655
f 2694 1216 1264
f 71 1487 70
f 701 1111 1038
f 1072 2649 2650
f 1085 22 21
f 895 1264 896
f 1601 1605 1604
f 1259 1271 1289
f 21 1220 1083
f 988 538 537
f 598 1336 1140
f 820 1762 821
f 1050 818 821
f 1298 1761 2652
f 1168 618 617
f 858 1256 833
f 39 516 1536
f 2652 819 814
f 313 315 314
f 2026 1971 2027
f 2656 596 1835
f 814 818 811
f 2696 813 2649
f 1260 2649 1261
f 2693 2696 1260
f 2697 2651 2696
f 381 390 380
f 3818 1611 1609
f 1475 1428 1227
f 1292 1917 1235
f 1551 354 1518
f 1526 1523 1511
f 1593 1595 1573
f 1232 1246 1249
f 2695 1223 22
f 2698 1296 2697
f 2698 2693 2695
f 2685 2695 1085
f 2685 1297 2698
f 562 271 272
f 2652 1296 1298
f 1365 1364 1363
f 1958 1953 1957
f 585 2210 997
f 1561 1515 435
f 975 1146 976
f 347 68 346
f 1038 636 1068
f 2700 780 2699
f 2699 1036 1883
f 2701 1883 1829
f 851 2699 2701
f 2674 2251 2702
f 2702 781 2700
f 1253 2700 851
f 1301 2702 1253
f 1519 388 1550
f 1273 1280 2703
f 2703 1107 852
f 2701 852 851
f 1829 2703 2701
f 91 326 90
f 1784 2656 1785
f 2683 2705 2704
f 1669 3548 1662
f 2062 2060 2059
f 621 861 622
f 2023 732 2024
f 686 1263 687
f 857 2668 1328
f 883 882 879
f 637 1111 1110
f 2668 893 1328
f 2667 894 2668
f 1039 1068 1334
f 313 1504 1505
f 1911 305 453
f 1936 1964 2212
f 2707 2401 2183
f 2708 2183 2182
f 738 2116 554
f 2349 2432 2436
f 2711 2020 2019
f 2400 2019 2186
f 2714 2716 2713
f 2717 2719 2720
f 2721 2723 2724
f 2726 2728 2725
f 2725 2730 2729
f 2731 2729 2709
f 2732 2725 2731
f 2734 2736 2733
f 2738 2740 2737
f 2737 2741 2742
f 2744 2746 2743
f 2745 2748 2747
f 2749 2747 2751
f 2753 2751 2752
f 2250 2246 2248
f 2754 1614 2755
f 3598 2755 3609
f 3608 2747 3609
f 1617 2755 1614
f 2242 1620 2757
f 2191 2760 2759
f 2761 2760 2762
f 3648 2761 3649
f 3623 2759 3648
f 3209 3223 3224
f 1395 2236 2235
f 1395 1636 1615
f 1616 2229 2233
f 1617 2763 2756
f 2756 3628 3608
f 2765 2234 1630
f 2766 3628 3622
f 3202 3246 3247
f 1516 435 1515
f 2768 3552 3553
f 1495 578 1424
f 2135 28 17
f 1690 3926 3925
f 2778 2780 2777
f 2777 2781 2782
f 2784 2777 2783
f 3555 575 576
f 1494 9 540
f 3529 2015 3566
f 451 505 450
f 2786 2788 2785
f 2779 2785 2780
f 2789 2741 2740
f 2790 2752 2789
f 2792 2794 2791
f 2793 2796 2794
f 2796 2750 2749
f 2794 2749 2753
f 2798 1396 2754
f 3591 2754 3598
f 2798 2800 1393
f 3591 2799 2798
f 2797 2795 2801
f 2791 2753 2790
f 216 232 54
f 3804 2807 3803
f 3805 2804 3803
f 2769 3557 3552
f 183 184 97
f 2811 2775 2776
f 2804 2776 2805
f 2809 2811 2804
f 2812 2813 2814
f 3805 2816 3795
f 3796 2815 3795
f 3798 2820 2821
f 3793 2819 3798
f 2824 2735 2819
f 2823 2824 2819
f 2825 2826 2724
f 3793 2827 3792
f 3796 2826 3792
f 2713 2829 2828
f 2828 2831 2830
f 2822 2828 2830
f 2821 2713 2828
f 2832 2822 2830
f 2833 2830 2831
f 2834 2832 2833
f 2835 2827 2832
f 2837 2839 2836
f 2836 2841 2840
f 2842 2840 2727
f 2843 2836 2842
f 2840 2845 2844
f 2718 2845 2719
f 2730 2844 2718
f 2727 2844 2728
f 2846 2719 2845
f 2846 2841 2847
f 2829 2847 2831
f 2829 2716 2846
f 2847 2839 2848
f 2848 2838 2849
f 2833 2849 2834
f 2831 2848 2833
f 2850 2851 2852
f 2853 2852 2854
f 2783 2782 2855
f 2785 2853 2856
f 2780 2856 2781
f 2857 2855 2782
f 2859 2782 2781
f 2861 2842 2860
f 2860 2727 2726
f 2862 2726 2732
f 2863 2860 2862
f 2861 2858 2857
f 2843 2857 2859
f 2856 2854 2864
f 2781 2864 2859
f 2837 2859 2864
f 2838 2864 2854
f 2852 2834 2849
f 2854 2849 2838
f 2865 2818 2835
f 2851 2835 2834
f 2813 2815 2865
f 2814 2865 2851
f 2866 2814 2850
f 2788 2850 2853
f 2866 2787 2867
f 2812 2867 2775
f 1892 1890 1891
f 2720 2846 2870
f 298 256 257
f 2872 2713 2820
f 3794 2735 2734
f 2729 2874 2873
f 2846 2715 2870
f 2876 2878 2875
f 2733 2878 2734
f 3806 2879 2880
f 3806 2872 3794
f 2882 2884 2881
f 2881 2715 2714
f 2880 2714 2872
f 2879 2881 2880
f 2885 2887 2888
f 2888 2890 2885
f 2885 2892 2891
f 2893 2885 2891
f 1942 2532 2894
f 2895 2720 2870
f 2884 2870 2715
f 2883 2895 2884
f 2896 2892 2895
f 2889 2717 2890
f 2890 2720 2892
f 2897 2891 2896
f 2898 2896 2883
f 2899 2883 2882
f 2900 2882 2879
f 3797 2879 3807
f 2876 2901 2877
f 2901 2904 2903
f 1785 1835 1834
f 2905 2899 2900
f 2907 2897 2898
f 3797 2903 3799
f 632 577 633
f 3532 2867 2787
f 434 550 350
f 2768 3640 3643
f 2910 1623 2249
f 2241 2758 2242
f 3640 2913 3652
f 1623 2757 1620
f 3587 2757 3652
f 2229 1380 2250
f 2765 1629 2914
f 2915 1629 2912
f 3642 2914 2915
f 3641 2765 2914
f 2919 3642 3613
f 2918 2912 2241
f 3614 2241 3586
f 3618 3613 3670
f 3541 2180 3496
f 3521 2188 3506
f 3705 714 3851
f 2925 2917 2924
f 2924 2916 2919
f 3610 2919 3618
f 3611 2924 3610
f 2926 2766 2925
f 3658 2925 3611
f 1715 1705 1710
f 785 498 796
f 1387 565 1791
f 374 1899 560
f 3573 2206 3556
f 2929 2886 2893
f 2932 2934 2931
f 1905 1908 1907
f 2930 2936 2937
f 2938 2930 2929
f 1493 517 518
f 1603 1586 1602
f 2939 2929 2908
f 2940 2908 2907
f 3665 1600 3661
f 2886 2937 2887
f 2906 2898 2899
f 2908 2893 2897
f 2942 2933 2941
f 2941 2937 2936
f 3501 2936 3513
f 3498 2941 3501
f 2943 2710 2873
f 2943 2874 2889
f 2945 2889 2888
f 2946 2943 2945
f 2932 2888 2887
f 2931 2945 2932
f 727 1929 728
f 2903 2947 2948
f 545 42 262
f 1480 533 251
f 2907 2949 2940
f 2906 2950 2949
f 1558 215 202
f 3799 2948 3801
f 2054 1644 2118
f 3705 2203 3573
f 1828 1849 1827
f 2953 2955 2952
f 2952 2957 2956
f 2956 2258 2952
f 2953 2258 2257
f 2454 2474 2496
f 3747 2959 3766
f 3747 2131 3737
f 2961 2963 2958
f 2958 2964 2959
f 222 2485 2965
f 2477 2966 2608
f 2631 2006 1859
f 2384 2496 2497
f 2967 2959 2964
f 2968 2970 2969
f 3759 2971 3784
f 3784 2960 3766
f 2972 2033 2032
f 2007 2973 2008
f 3560 2134 2133
f 1836 1832 1831
f 3506 2090 3551
f 955 959 956
f 672 674 673
f 633 713 632
f 2024 733 803
f 2025 803 798
f 425 1550 388
f 2975 888 887
f 1319 1157 2694
f 1212 2977 1213
f 889 2228 2227
f 1978 1975 1979
f 1138 1329 915
f 751 2979 2978
f 1619 1625 1624
f 2252 1728 1727
f 1157 845 1216
f 2706 1938 2617
f 2980 2254 2981
f 2982 887 2630
f 802 711 2679
f 678 2029 2028
f 527 690 528
f 1839 2629 1840
f 2983 602 1914
f 2983 1913 1331
f 2985 1331 1054
f 2986 2983 2985
f 2987 2635 2634
f 2985 2639 2986
f 2990 1318 2989
f 2991 2993 2994
f 2995 2994 2996
f 1106 2991 2995
f 1058 2992 2991
f 1415 1365 1367
f 1317 2217 2997
f 1932 2255 2980
f 926 2999 664
f 3001 2992 3000
f 3000 1057 2978
f 2999 2978 2979
f 2998 3000 2999
f 3002 2209 3003
f 3002 2996 2994
f 2993 3002 2994
f 3001 2998 3002
f 1103 2995 3004
f 3004 2996 3003
f 2209 3004 3003
f 588 3004 2210
f 295 433 381
f 2638 2988 3005
f 3005 1056 1930
f 1305 1930 1306
f 1276 3005 1305
f 1987 1993 1989
f 2633 1761 2645
f 1423 1417 1419
f 3561 739 703
f 2671 2704 2705
f 1473 2035 1472
f 922 2694 895
f 1401 1378 1384
f 556 1884 1037
f 842 3825 3836
f 1854 2617 1010
f 933 1081 1075
f 1440 1436 1437
f 529 719 530
f 1031 1027 1028
f 777 912 1871
f 2645 1204 2633
f 441 1538 1537
f 790 587 586
f 2065 1610 1607
f 1860 990 902
f 60 87 59
f 1424 1948 1947
f 332 1507 331
f 261 138 135
f 187 449 507
f 1719 1726 1725
f 1931 1059 3006
f 3006 1105 1104
f 1287 1104 587
f 1286 3006 1287
f 3007 3009 3010
f 3009 653 795
f 618 26 25
f 2029 1210 1209
f 957 600 2228
f 1049 2228 600
f 2631 3011 2561
f 890 2227 3011
f 3011 2145 3012
f 2561 3012 2375
f 1026 609 608
f 2706 1961 1964
f 3013 2485 3014
f 2148 1267 3015
f 3015 1266 1311
f 2997 1101 1317
f 642 1773 1193
f 186 461 511
f 1041 1320 901
f 1121 3017 1122
f 2984 2987 3018
f 3018 2634 2619
f 1048 3018 2619
f 603 2984 3018
f 2679 801 802
f 2062 2074 2061
f 2061 2076 2064
f 414 1545 1965
f 3016 2683 3019
f 3019 2704 2670
f 3020 2670 720
f 3007 3019 3020
f 1871 1091 777
f 3021 1122 3017
f 3022 3017 3010
f 1314 3022 1315
f 1784 3021 1314
f 1316 1763 611
f 3023 3010 3009
f 3023 795 1092
f 1763 1092 1125
f 1315 3023 1763
f 3016 3010 3017
f 752 2978 1057
f 2986 2637 2987
f 3024 653 3008
f 3020 3008 3007
f 720 3024 3020
f 723 654 3024
f 2681 1268 3025
f 2671 1268 721
f 2705 3025 2671
f 1313 3027 1311
f 3026 3029 3027
f 3027 3030 3031
f 1311 3031 3015
f 2012 731 2023
f 917 974 977
f 743 856 744
f 1888 2030 1425
f 2682 2684 3032
f 3032 1124 2989
f 1100 2989 1318
f 1099 3032 1100
f 1123 2989 1124
f 3033 1159 1158
f 2990 1158 1319
f 1123 3033 2990
f 1786 1834 3033
f 1054 2988 2985
f 2979 664 2999
f 2623 2663 2643
f 1095 688 687
f 3034 2261 2956
f 3036 2956 2957
f 3037 3034 3036
f 3038 3035 3034
f 3040 3026 1313
f 2263 3041 3040
f 3042 3043 3041
f 3041 3028 3026
f 3044 3043 3039
f 3046 3045 3044
f 3047 3049 3045
f 3043 3049 3028
f 3038 3051 3050
f 3050 3053 3052
f 3052 3044 3050
f 3039 3050 3044
f 3054 3039 3042
f 3042 2262 3054
f 2261 3054 2262
f 2216 2997 2217
f 2212 2667 1936
f 3056 2209 3055
f 934 1961 1854
f 2013 3757 567
f 3058 3060 3061
f 3059 3063 3060
f 3060 2213 1963
f 3061 1963 1962
f 3063 2214 2213
f 3062 3064 3063
f 3065 2260 3064
f 3064 2215 2214
f 3066 3031 3030
f 2608 3067 3066
f 2966 3068 3067
f 3031 3068 3015
f 2455 2461 2474
f 2476 2226 2477
f 3551 2089 3525
f 433 355 381
f 2115 1419 2123
f 3509 2922 3527
f 3769 2131 2134
f 3069 2167 2166
f 2971 2928 2960
f 2961 2773 2962
f 3070 2478 2483
f 2610 3071 2954
f 2502 2374 2386
f 3072 2595 3073
f 2964 3052 2967
f 3048 3074 3049
f 2593 3075 3074
f 3075 3029 3074
f 3074 3028 3049
f 3072 3075 2592
f 3076 2482 2481
f 2481 3066 3076
f 3076 3030 3075
f 2967 3053 2970
f 2482 3073 2483
f 479 493 494
f 706 3873 709
f 3561 2221 3517
f 2013 3754 3755
f 3533 2016 3529
f 3562 2222 2974
f 1171 1155 1176
f 2586 2565 2587
f 2982 113 2484
f 2562 3077 3068
f 2376 3012 3077
f 3012 2148 3077
f 3077 3015 3068
f 2963 3046 2964
f 3051 2970 3053
f 1683 491 775
f 3850 1447 3860
f 1986 3734 3768
f 3079 2546 2575
f 3081 2575 2576
f 1983 3768 3765
f 3082 2319 2545
f 3080 2545 2546
f 3734 3082 3080
f 3732 2323 3082
f 1309 1888 748
f 3073 2772 2771
f 2760 3084 2762
f 2760 2088 3083
f 3085 3086 3087
f 3089 3090 3088
f 3089 3084 3085
f 3092 3090 3091
f 3093 2744 2743
f 2751 2748 3093
f 3093 2752 2751
f 2742 3093 3094
f 3094 2743 3095
f 3096 3098 3087
f 3099 3087 3086
f 3097 3095 3098
f 3100 2746 3101
f 3101 3102 3100
f 2764 2927 3101
f 2745 3101 2746
f 3102 3091 3100
f 3100 3095 2743
f 2869 3592 3634
f 3102 3104 3092
f 3658 2869 3634
f 2927 3103 3102
f 3098 3091 3090
f 3087 3090 3085
f 2088 3105 3083
f 3083 3086 3084
f 2483 2771 3070
f 2401 2185 2321
f 3099 3105 3106
f 2125 3106 3105
f 3108 2742 3107
f 3107 3094 3097
f 3110 3107 3109
f 3109 3097 3096
f 3111 3096 3099
f 3112 3109 3111
f 3113 2737 3108
f 3115 2722 3114
f 3117 3114 3116
f 3119 3116 3118
f 3118 3120 3121
f 3116 3113 3120
f 3122 3111 3123
f 3122 1755 1754
f 3124 3126 3127
f 3125 3121 3126
f 3128 3118 3125
f 3129 3125 3124
f 2020 3128 3129
f 3853 1346 1352
f 1065 1047 1066
f 1814 3830 1649
f 2021 3129 3130
f 3111 3106 3123
f 3123 2207 1755
f 2377 2224 2973
f 3014 113 112
f 1756 3782 3767
f 3131 2530 2528
f 3133 2528 2529
f 1753 3767 3775
f 3134 3127 3135
f 2327 2314 2313
f 2436 2317 2349
f 2018 3711 3712
f 2534 3137 2535
f 2320 3136 2534
f 2185 3712 3771
f 3138 2542 2539
f 3134 3744 3745
f 3785 3134 3745
f 3140 2539 2538
f 2535 3140 2538
f 3711 3130 3785
f 2558 3132 3141
f 3782 3141 3132
f 2560 3141 3142
f 3760 3142 3141
f 958 2976 2981
f 1933 2980 3143
f 2399 2418 2416
f 2348 2343 2432
f 2322 2319 2323
f 2718 2874 2730
f 2709 2873 2710
f 2894 1361 1942
f 346 176 347
f 1876 1882 1881
f 2802 3607 3592
f 3104 3088 3092
f 2974 3649 3603
f 3089 2761 2762
f 3088 3145 3089
f 2803 3603 3607
f 3870 692 628
f 2123 1418 2126
f 1365 1368 1367
f 1581 1782 1783
f 3569 2129 3520
f 3555 2002 3521
f 3146 2551 3147
f 3751 3147 3750
f 3742 3146 3751
f 3149 2585 3146
f 3196 3197 3195
f 3604 2191 3623
f 3142 2556 2560
f 3777 3150 3142
f 3646 2550 3593
f 3150 2555 2556
f 3778 3151 3150
f 3788 3152 3646
f 3153 2551 2549
f 3152 2549 2550
f 3781 3153 3152
f 3776 3147 3153
f 3148 2206 2205
f 2183 2321 2184
f 2132 2928 2133
f 3684 2204 2203
f 3719 2197 3721
f 2594 2773 2951
f 2595 2951 2772
f 1870 799 1869
f 3713 2178 3706
f 3706 3736 3790
f 336 3774 3722
f 339 3154 336
f 3789 3149 3742
f 3683 2584 3149
f 2963 3048 3047
f 3722 337 336
f 339 2566 2586
f 3156 2168 2167
f 2610 2167 2611
f 2954 3156 2610
f 3157 2953 2257
f 3707 2169 3709
f 2567 3159 2568
f 337 2567 338
f 3730 2166 3707
f 3764 1983 3765
f 2579 3081 2576
f 2568 3160 2579
f 3709 2190 3764
f 3065 3162 3161
f 3161 1984 2189
f 3157 2189 2168
f 2257 3161 3157
f 734 1922 806
f 3059 2708 3163
f 3163 2182 1985
f 3162 1985 1984
f 3062 3163 3162
f 3203 3205 3204
f 2122 1448 1447
f 3817 1685 3812
f 139 444 69
f 1570 566 533
f 2957 3165 3036
f 2955 3164 2957
f 1912 341 1973
f 3130 3124 3134
f 1548 319 1547
f 1949 1327 1887
f 2969 3078 3167
f 3167 3169 3168
f 3724 2017 3720
f 3720 2033 3759
f 3168 3165 3170
f 3170 3164 3171
f 3779 3171 3756
f 3724 3170 3779
f 3171 3166 3172
f 3172 3071 3173
f 3752 3173 3749
f 3756 3172 3752
f 3169 3036 3165
f 2593 2962 2594
f 3173 2609 3174
f 3174 2199 2198
f 3783 2198 3719
f 3749 3174 3783
f 2190 1984 1983
f 2196 2767 3148
f 2119 1414 1448
f 1464 1466 1465
f 2199 3069 2200
f 2457 2587 2565
f 2226 2562 2966
f 481 1627 1639
f 333 235 236
f 3078 3037 3169
f 3040 2997 2263
f 2219 1933 2220
f 2385 2497 2503
f 221 3175 2484
f 2220 3143 3175
f 3175 2976 2975
f 2484 2975 2982
f 2954 3166 2955
f 2630 110 2982
f 1547 1952 1955
f 2091 2188 2187
f 3733 2178 2177
f 1918 1927 1926
f 955 960 954
f 3143 2981 2976
f 2218 2214 2215
f 672 3787 3541
f 2152 3014 2037
f 1147 1143 1145
f 2248 1409 2245
f 1615 1635 1616
f 1410 2246 2247
f 3241 3242 3240
f 3177 1383 1382
f 2238 3176 1382
f 3176 2230 3178
f 1410 3179 1407
f 3179 2243 1407
f 1633 2800 2249
f 1621 2758 2912
f 1622 2245 1634
f 2236 3181 3182
f 2237 3182 3183
f 2250 2233 2229
f 2912 1628 1621
f 135 1564 1563
f 1567 512 1565
f 1085 2653 2685
f 3184 868 3056
f 869 3057 934
f 1266 1098 1312
f 1267 722 721
f 937 2646 936
f 2146 722 2147
f 2211 921 2667
f 1957 507 449
f 1313 2264 3040
f 1496 1493 1492
f 2681 2705 2682
f 2887 2933 2932
f 1687 1659 1694
f 145 1498 81
f 1317 1319 2694
f 37 418 71
f 1935 3185 2977
f 104 301 103
f 2101 2083 2084
f 543 360 207
f 1934 3186 3185
f 234 212 237
f 3845 1822 1824
f 1976 1874 1974
f 223 2219 220
f 3655 3605 3612
f 468 773 2165
f 1935 1728 1932
f 3240 3226 3235
f 3261 3250 3260
f 3215 3244 3264
f 3265 3215 3264
f 3267 3198 3196
f 3205 3269 3255
f 3214 3265 3270
f 3271 3214 3192
f 3251 3239 3236
f 3222 3266 3272
f 3232 3234 3233
f 3216 3243 3244
f 3196 3268 3267
f 3244 3254 3255
f 3238 3247 3246
f 3264 3255 3269
f 3253 3216 3217
f 3211 3221 3265
f 3257 3218 3256
f 3258 3272 3259
f 3274 3280 3273
f 3228 3262 3263
f 3275 3281 3280
f 3226 3273 3280
f 3236 3260 3251
f 3281 3236 3237
f 3287 3192 3189
f 3235 3280 3234
f 3234 3281 3237
f 3288 3259 3272
f 3289 3278 3284
f 3210 3224 3283
f 3199 3201 3200
f 3228 3230 3229
f 3290 3285 3286
f 3282 3271 3287
f 3260 3262 3261
f 3243 3268 3254
f 3267 3241 3232
f 3194 3208 3193
f 3191 3269 3206
f 3270 3192 3214
f 3275 3230 3231
f 3264 3270 3265
f 3213 3279 3277
f 3272 3289 3288
f 3277 3212 3213
f 3228 3281 3231
f 3220 3253 3219
f 3219 3217 3257
f 3256 3222 3258
f 3247 3252 3248
f 3245 3232 3233
f 3266 3212 3289
f 3208 3255 3254
f 3288 3284 3285
f 3204 3208 3207
f 560 3187 559
f 3209 3201 3202
f 3189 3191 3190
f 448 807 447
f 647 122 270
f 1833 1780 1832
f 510 508 507
f 3210 1887 3201
f 1887 3200 3201
f 15 3197 3200
f 16 3195 3197
f 3195 3187 3194
f 3194 1899 3207
f 3207 375 3204
f 387 126 127
f 3189 1760 3287
f 3577 757 758
f 763 2172 2175
f 3583 3580 3581
f 3581 3579 3578
f 3594 3596 3595
f 3400 3602 3401
f 3626 3625 3627
f 3631 3599 3601
f 3636 3595 3596
f 3647 3588 3645
f 3650 3584 3647
f 3653 3580 3651
f 3653 3654 3579
f 1801 3656 3655
f 3651 3582 3650
f 3644 3595 3637
f 1767 3659 3660
f 1597 3661 1600
f 1708 3665 3664
f 3671 3667 3666
f 3666 3673 3672
f 1588 3664 1587
f 2080 3666 2082
f 2082 3672 2084
f 3674 3635 3631
f 3677 3636 3635
f 3682 3645 3681
f 3692 3650 3686
f 3681 3644 3680
f 786 3692 785
f 3694 3651 3692
f 785 3686 497
f 497 3682 650
f 650 3681 564
f 3696 3681 3680
f 3405 3605 3402
f 3702 3678 3677
f 3699 3679 3678
f 3645 3638 3644
f 1799 3659 1768
f 3708 3458 3460
f 3462 3708 3460
f 3714 564 3696
f 3615 3602 3600
f 3710 3696 3698
f 3635 3596 3599
f 3629 3627 3630
f 3597 3599 3596
f 3630 3715 3629
f 3627 3597 3594
f 3717 3723 3718
f 3715 3660 3629
f 3716 3725 3715
f 3668 3661 3725
f 3668 3717 3667
f 3667 3718 3673
f 3727 3673 3718
f 3728 3672 3673
f 3726 3718 3723
f 1576 2084 3672
f 3727 3731 3729
f 3203 1387 3190
f 3190 1791 3189
f 3283 1949 3210
f 317 259 391
f 2000 3653 3694
f 3601 3600 3602
f 3589 3584 3585
f 3577 756 2170
f 3585 3582 3583
f 3678 3637 3636
f 3204 376 3203
f 1801 3657 1799
f 3729 3728 3727
f 1575 3738 1088
f 3735 1576 3728
f 1776 1796 1775
f 1293 1290 1284
f 1326 1327 12
f 1294 1234 1290
f 878 1330 1337
f 497 374 498
f 122 413 121
f 3699 3704 3708
f 3606 3401 3602
f 3708 3698 3699
f 3464 3710 3462
f 3704 3443 3458
f 439 399 438
f 1512 1526 1511
f 1668 1738 1671
f 839 1362 838
f 1362 826 1012
f 3843 1896 3815
f 2053 2118 2117
f 3888 2120 2119
f 696 3816 3831
f 1826 639 640
f 3740 3729 3731
f 956 886 960
f 1980 1922 807
f 33 105 164
f 1343 3856 3857
f 3907 2128 3902
f 1766 1582 1594
f 14 2163 738
f 595 99 594
f 3233 3246 3245
f 1346 1044 1352
f 748 1425 747
f 3193 3254 3268
f 3190 3206 3203
f 3612 3606 3615
f 3624 3615 3625
f 3631 3443 3674
f 3679 3644 3637
f 3686 3647 3682
f 3702 3674 3704
f 3625 3600 3597
f 3601 3415 3631
f 3739 3735 3729
f 3630 3594 3741
f 3741 3716 3630
f 1284 1288 1285
f 3698 3680 3679
f 1778 1780 1779
f 1792 1584 1789
f 695 571 694
f 3638 3594 3595
f 3741 3588 3589
f 3247 3209 3202
f 3292 3294 3295
f 3296 3298 3299
f 3299 3300 3301
f 3302 3304 3305
f 3306 3308 3309
f 3307 3311 3308
f 3303 3301 3300
f 3312 3304 3313
f 3314 3316 3317
f 3318 3320 3321
f 3324 3321 3325
f 3326 3328 3323
f 3329 3331 3332
f 3333 3335 3336
f 3337 3339 3340
f 3333 3341 3342
f 3342 3343 3344
f 3319 3344 3343
f 3338 3334 3339
f 3346 3302 3347
f 3305 3347 3302
f 3350 3340 3351
f 3312 3348 3305
f 3352 3341 3326
f 3311 3354 3308
f 3341 3327 3326
f 3359 3361 3362
f 3318 3345 3319
f 3364 3318 3324
f 3314 3324 3365
f 3366 3301 3346
f 3299 3367 3296
f 3308 3368 3309
f 3369 3295 3294
f 3317 3364 3314
f 3370 3317 3316
f 3325 3365 3324
f 3352 3319 3343
f 3296 3353 3311
f 3297 3311 3310
f 3363 3354 3345
f 3345 3353 3344
f 3344 3367 3342
f 3366 3342 3367
f 3347 3334 3346
f 3339 3348 3340
f 3348 3351 3340
f 3363 3369 3368
f 3294 3368 3369
f 3293 3309 3294
f 3331 3374 3332
f 3346 3333 3366
f 3323 3352 3326
f 3356 3321 3320
f 3355 3325 3321
f 3357 3371 3325
f 3322 3320 3352
f 3361 3329 3362
f 3373 3375 3374
f 3374 3376 3332
f 3329 3376 3362
f 3327 3372 3328
f 3336 3375 3327
f 3335 3376 3375
f 3376 3337 3362
f 3337 3359 3362
f 3377 3295 3370
f 3277 3315 3278
f 3371 3379 3365
f 3378 3358 3380
f 3365 3315 3314
f 3316 3279 3370
f 3282 3370 3279
f 3378 3284 3379
f 3380 3285 3378
f 3379 3278 3315
f 3276 3351 3291
f 3313 2965 3013
f 2965 3303 222
f 222 3300 223
f 223 3298 3186
f 3298 3185 3186
f 3297 2977 3185
f 3310 1213 2977
f 3307 1214 1213
f 2532 3306 3293
f 2894 3293 3292
f 2871 3292 3377
f 3253 3240 3242
f 1997 1889 1892
f 1237 744 855
f 1535 120 121
f 1531 201 214
f 1119 1032 984
f 946 824 947
f 163 5 162
f 3589 3723 3741
f 1155 1162 1164
f 427 327 424
f 553 796 498
f 3381 2231 2237
f 3381 2230 2232
f 2237 3180 3381
f 3383 3385 3382
f 3384 3387 3385
f 3386 3389 3387
f 3388 3391 3389
f 3392 3394 3395
f 3395 3396 3397
f 3398 3397 3396
f 3400 3399 3398
f 3403 3405 3402
f 3406 3404 3403
f 3408 3407 3406
f 3410 3409 3408
f 3412 3411 3410
f 3415 3398 3414
f 3414 3396 3416
f 3416 3394 3417
f 3417 3393 3418
f 3393 3420 3418
f 3419 3421 3420
f 3390 3422 3421
f 3388 3423 3422
f 3386 3424 3423
f 3384 3425 3424
f 3425 3426 3184
f 2904 3428 2947
f 3429 2904 2902
f 3430 2902 2876
f 2875 3430 2876
f 3432 2733 2736
f 2825 3435 2824
f 3437 3439 3436
f 3441 3436 3440
f 2724 3434 2825
f 3436 3115 3117
f 3440 3117 3119
f 3443 3414 3442
f 3442 3416 3444
f 3444 3417 3445
f 3445 3418 3446
f 3446 3420 3447
f 3420 3448 3447
f 3421 3449 3448
f 3422 3450 3449
f 3423 3451 3450
f 3424 3452 3451
f 3425 3056 3452
f 3451 2253 2252
f 3450 2252 1727
f 3449 1727 2150
f 3448 2150 1941
f 3453 3448 1941
f 3454 3447 3453
f 3455 3446 3454
f 3456 3445 3455
f 3442 3456 3457
f 3443 3457 3458
f 3459 3458 3457
f 3457 3455 3459
f 3459 3454 3461
f 3462 3459 3461
f 3461 3453 3463
f 3464 3461 3463
f 3463 1941 1360
f 3404 3401 3405
f 3407 3399 3404
f 3409 3397 3407
f 3411 3395 3409
f 3465 3413 3412
f 3467 3469 3466
f 3465 3431 3433
f 3470 3466 3465
f 3438 3432 3435
f 3467 3438 3437
f 3468 3437 3441
f 3471 3468 3472
f 3472 3441 3473
f 3473 3440 2712
f 2712 3119 3128
f 3475 3472 3474
f 3474 3473 3476
f 3476 2712 2711
f 3477 2711 2400
f 3478 3476 3477
f 3479 3474 3478
f 3392 3413 3480
f 3466 3480 3413
f 3419 3392 3480
f 3390 3480 3391
f 3469 3391 3480
f 3389 3471 3475
f 3387 3475 3479
f 3385 3479 3481
f 3482 2400 2402
f 3483 3477 3482
f 3481 3478 3483
f 3484 2402 2707
f 3058 2707 2708
f 3061 3484 3058
f 3485 3482 3484
f 3382 3481 3486
f 3486 3483 3485
f 3426 3382 3487
f 3487 3486 1962
f 3486 3061 1962
f 1961 3487 1962
f 3057 3426 3487
f 3428 3402 3488
f 3427 3403 3428
f 3429 3406 3427
f 3430 3408 3429
f 3431 3410 3430
f 3470 3433 3432
f 3434 3438 3435
f 2723 3439 3434
f 2875 3433 3431
f 2736 3435 3432
f 2947 3488 3500
f 3464 1360 3497
f 1900 1924 1901
f 1736 1718 1750
f 1955 1943 1956
f 1671 1735 1751
f 1696 1698 1692
f 1800 1864 1801
f 2063 2056 2060
f 1737 1717 1736
f 1751 1697 1695
f 943 3899 684
f 3656 3402 3605
f 1577 1764 1703
f 3917 1599 3923
f 1945 82 1944
f 68 7 248
f 147 1543 148
f 1109 1133 1102
f 1503 1907 1908
f 1499 1909 1498
f 452 735 215
f 1824 3835 3845
f 1825 2068 1824
f 1463 1022 1194
f 841 1009 1011
f 1568 1955 1534
f 1926 1927 1923
f 1910 1502 1939
f 1939 422 442
f 309 1940 308
f 1804 1866 1803
f 269 1954 56
f 2065 2060 2056
f 3812 1758 3835
f 280 552 1940
f 1875 1869 1874
f 1739 1734 1737
f 1778 1790 1788
f 310 1915 279
f 1909 1906 1954
f 1789 1778 1788
f 978 980 979
f 1584 1731 1583
f 425 311 312
f 148 115 116
f 2044 3894 2046
f 277 1939 551
f 1943 1945 1944
f 1461 1463 1464
f 2253 3056 3055
f 2981 3489 958
f 2209 3489 3055
f 2254 3055 3489
f 2998 958 3489
f 2826 2721 2724
f 3490 2721 2817
f 2816 3490 2817
f 2334 2296 2335
f 2298 2334 2336
f 2301 2336 2338
f 2311 2338 2354
f 2312 2354 2355
f 2359 2361 2360
f 2335 2359 2360
f 2414 2365 2364
f 2413 2361 2365
f 2355 2540 2541
f 2541 2539 2542
f 2722 2739 2738
f 3114 2738 3113
f 3110 3121 3120
f 3108 3120 3113
f 3122 3127 3126
f 3112 3126 3121
f 3127 1753 3135
f 3139 2529 2542
f 3744 3133 3139
f 3490 2740 2739
f 3491 2789 3490
f 228 91 88
f 245 243 242
f 248 247 191
f 2 296 295
f 145 300 267
f 327 210 328
f 329 331 330
f 250 228 236
f 239 240 230
f 373 375 374
f 178 176 175
f 1218 1228 1321
f 3862 1295 3854
f 808 824 823
f 3858 1013 1014
f 3813 1411 1413
f 2154 2159 2160
f 3845 1758 1757
f 306 1922 452
f 2157 1976 1977
f 708 2031 1474
f 1450 1227 1428
f 1672 1605 1624
f 1813 1821 1816
f 1717 1715 1718
f 176 402 347
f 1710 3916 3915
f 1712 1577 1711
f 1705 1711 1704
f 971 979 970
f 822 1094 1102
f 2909 2793 2792
f 2810 2795 2793
f 2799 2249 2800
f 3662 2910 2799
f 2769 2801 2795
f 3177 3178 3179
f 3178 3180 3179
f 3181 1393 2800
f 3181 1632 3182
f 3182 2244 3183
f 3183 2243 3180
f 3492 2790 3491
f 2808 3491 2816
f 2239 3572 2240
f 2202 3566 2015
f 2921 3565 2923
f 3568 2133 2928
f 1777 1759 1792
f 1201 1183 1184
f 3561 2195 2194
f 3553 2770 2768
f 3927 1687 1692
f 1516 154 503
f 3549 2974 2803
f 3550 2779 2778
f 3547 2775 2867
f 1376 1370 1372
f 2767 3556 2206
f 2195 3543 2767
f 2775 3542 2776
f 3377 3545 2871
f 3804 3539 2806
f 2776 3538 2805
f 2240 3535 2920
f 2920 3669 3619
f 3548 2786 2779
f 1805 1851 1804
f 3534 2787 2786
f 1957 320 510
f 306 304 303
f 2770 3528 2913
f 2913 3574 2239
f 2923 3527 2922
f 308 431 47
f 207 132 543
f 1879 1881 1880
f 3733 3525 2089
f 2476 3524 3523
f 3522 2803 2802
f 1959 450 505
f 2003 3520 2129
f 9 334 540
f 3877 673 3879
f 3515 2778 2784
f 2935 3513 2936
f 3510 2935 2938
f 683 3885 943
f 3508 2810 2909
f 736 732 729
f 1795 1803 1796
f 3505 2938 2939
f 3507 2939 2940
f 2950 3504 2949
f 2940 3504 3507
f 3801 3512 2950
f 2868 3502 2869
f 2869 3522 2802
f 1024 1023 1020
f 3500 2948 2947
f 551 442 443
f 2972 3568 2928
f 2032 3499 2972
f 216 1924 1923
f 203 201 200
f 1828 1847 1837
f 1958 449 450
f 272 178 175
f 2871 3495 1361
f 3619 3564 2921
f 2801 3643 3662
f 2005 3654 2176
f 960 899 962
f 3657 3612 3624
f 3780 3646 3151
f 3151 3593 2555
f 2193 3623 2194
f 3607 3145 3144
f 3603 2761 3145
f 3592 3144 3104
f 2926 3634 3103
f 3634 3104 3103
f 3755 3746 3753
f 566 3758 2005
f 3488 1864 3500
f 1602 2079 2078
f 2868 3611 2922
f 2922 3610 2923
f 2923 3618 2921
f 3670 2918 3614
f 3619 3614 2920
f 2921 3670 3619
f 2920 3586 2240
f 3613 2915 2918
f 2917 3622 3641
f 2916 3641 3642
f 2239 3652 2913
f 2911 3652 2757
f 3643 2911 2910
f 2797 3662 3591
f 2797 3598 2750
f 3622 2763 2765
f 3608 2764 2745
f 2194 3648 2221
f 2221 3649 2222
f 2756 3609 2755
f 2750 3609 2747
f 3669 1817 3827
f 3763 1691 1699
f 2515 3590 2548
f 2548 3593 2550
f 2513 3632 3616
f 2513 3621 2515
f 2509 3620 2289
f 2510 3633 2509
f 2289 3639 2283
f 2283 3617 2286
f 2240 3587 2239
f 3659 3624 3626
f 716 3887 3888
f 727 3761 1923
f 2165 2170 2164
f 3660 3626 3629
f 3743 3578 3757
f 2175 769 770
f 2100 2095 2099
f 3758 3757 3578
f 1653 3553 1651
f 746 3537 741
f 1653 3528 3576
f 3762 1604 1672
f 2093 2073 2078
f 959 995 884
f 962 919 986
f 1400 1398 1399
f 1000 1127 1004
f 956 884 885
f 1662 3550 1661
f 3926 3539 3802
f 3535 766 1817
f 3572 765 766
f 334 3571 335
f 1868 3540 1656
f 1684 1652 1678
f 1682 775 1807
f 1585 3762 1700
f 3763 1672 1673
f 2173 490 491
f 1658 3547 1752
f 3556 1650 724
f 1571 2010 1572
f 1587 3671 2080
f 2099 2077 2094
f 787 1999 786
f 2000 786 1999
f 3155 3697 3683
f 3713 3683 3789
f 2180 3685 3684
f 3496 3684 3705
f 1684 3840 1651
f 1760 3495 3545
f 2607 3693 2590
f 2581 3689 2607
f 2371 3700 3695
f 2371 3693 2372
f 2587 3675 2586
f 2586 3697 339
f 2497 3687 2503
f 2502 3687 3700
f 2494 3690 2495
f 3690 2472 2495
f 3688 2468 2472
f 3701 2469 2468
f 726 3892 630
f 1837 3510 1849
f 1299 3558 2034
f 1851 3504 1866
f 3527 1820 1819
f 580 3536 1895
f 1758 3522 3502
f 1693 3508 1806
f 3504 1867 1866
f 2126 3813 3841
f 3906 3841 3912
f 2113 3867 2110
f 2179 3789 3685
f 624 3904 623
f 2192 3788 3780
f 2177 3787 3733
f 1364 3833 1338
f 3858 1470 1453
f 3135 3775 3744
f 2069 3835 2068
f 1351 3853 1352
f 2108 3901 499
f 2089 3736 3733
f 3828 1358 866
f 2001 3783 2187
f 2187 3719 2091
f 2130 3752 2004
f 2004 3749 2001
f 2014 3779 2201
f 2201 3756 2130
f 3167 3759 2969
f 3168 3720 3167
f 3159 3764 3160
f 3160 3765 3081
f 3730 3158 337
f 3158 3709 3159
f 2200 3730 3722
f 3685 3742 2204
f 3722 2197 2200
f 3790 2092 3721
f 3774 3721 2197
f 3154 3790 3774
f 3155 3706 3154
f 2091 3721 2092
f 2196 3750 3776
f 2193 3776 3781
f 3604 3781 3788
f 2086 3780 3778
f 2087 3778 3777
f 2204 3751 2205
f 2205 3750 3148
f 3909 574 692
f 2124 3777 3760
f 2208 3760 3782
f 3711 3140 3137
f 3785 3138 3140
f 3745 3139 3138
f 3771 3136 2322
f 3712 3137 3136
f 3775 3131 3133
f 3767 3132 3131
f 1813 3838 1814
f 1293 3856 1344
f 2184 3748 3732
f 2181 3732 3734
f 3765 3079 3081
f 3768 3080 3079
f 709 3875 2031
f 2774 3737 3769
f 3809 766 765
f 2968 3766 2959
f 2969 3784 2968
f 2958 3737 2961
f 2132 3766 2960
f 2321 3771 3748
f 3860 1449 28
f 3905 582 710
f 3886 577 574
f 3847 1818 3827
f 705 3887 2121
f 3816 3907 698
f 2111 3911 2113
f 3810 1366 1411
f 1812 3822 1815
f 675 3852 674
f 3496 3851 675
f 2110 3868 2109
f 2104 3901 2106
f 2109 3899 944
f 3842 703 739
f 1680 3846 1684
f 1639 3819 3818
f 623 3906 697
f 2139 3866 3865
f 1808 3844 3837
f 3820 1819 1820
f 3872 3900 706
f 1646 3830 1648
f 3889 633 577
f 2139 3875 18
f 2156 3871 3874
f 674 3913 3869
f 2117 3812 2069
f 1815 3847 3823
f 3855 1444 1470
f 697 3912 3816
f 866 3836 3828
f 3864 2136 2135
f 3585 3726 3589
f 3583 3731 3585
f 3753 3738 3739
f 3740 3581 3743
f 1088 3746 1093
f 3739 3743 3753
f 2791 3493 2792
f 3492 2807 3493
f 2792 3494 2909
f 3493 2806 3494
f 3508 3494 3516
f 3516 2806 3539
f 2948 3791 3801
f 2105 3896 2104
f 3538 3804 2805
f 680 3876 683
f 1891 3910 3891
f 2905 3801 2950
f 2900 3799 2905
f 2901 3807 2877
f 2734 3806 3794
f 2877 3806 2878
f 2820 3794 2872
f 2818 3792 2827
f 2823 3792 2826
f 2822 3798 2821
f 2819 3800 3798
f 2817 3795 2816
f 2809 3795 2815
f 2808 3803 2807
f 2805 3803 2804
f 1702 3923 1599
f 3922 1797 1802
f 3915 1706 1709
f 3918 1692 1698
f 1657 3880 1879
f 1890 3895 3910
f 3772 1674 1675
f 1689 3772 3773
f 3926 3538 1688
f 3516 1689 3773
f 3917 1703 1764
f 1598 3928 1770
f 3880 1876 1879
f 1691 3925 3927
f 3925 1688 1687
f 1117 1118 3930
f 1066 1322 3930
f 1243 847 3930
f 3825 848 3930
f 1128 1117 3930
f 1129 1130 3930
f 841 1011 3930
f 1230 3863 3930
f 1242 1243 3930
f 1322 1229 3930
f 1064 1065 3930
f 1003 1128 3930
f 1229 1230 3930
f 3863 1285 3930
f 1285 1288 3930
f 848 839 3930
f 847 3825 3930
f 1118 1129 3930
f 1065 1066 3930
f 1087 1086 3930
f 1008 1002 3930
f 1011 1008 3930
f 1002 1003 3930
f 1076 1069 3930
f 838 841 3930
f 839 838 3930
f 1288 1242 3930
f 1130 1087 3930
f 1086 1076 3930
f 1069 1064 3930
f 2410 2414 3931
f 2411 2410 3931
f 3617 2285 3931
f 2394 2393 3931
f 2393 2396 3931
f 2281 2286 3931
f 2282 2280 3931
f 2398 2399 3931
f 2465 2464 3931
f 2396 2397 3931
f 2470 2469 3931
f 2399 2416 3931
f 2480 2395 3931
f 2459 2480 3931
f 2369 2282 3931
f 2460 2459 3931
f 2415 2411 3931
f 2416 2415 3931
f 2364 2363 3931
f 2286 3617 3931
f 2464 2470 3931
f 2469 3703 3931
f 2285 2465 3931
f 2414 2364 3931
f 2395 2394 3931
f 2363 2367 3931
f 2397 2398 3931
f 2280 2281 3931
f 3703 2460 3931
f 2367 2369 3931
f 3934 3937 3938
f 3934 3939 3935
f 3932 3937 3933
f 3938 3943 3939
f 3937 3940 3941
f 3937 3942 3938
f 3942 3947 3943
f 3941 3944 3945
f 3942 3945 3946
f 3947 3950 3951
f 3944 3949 3945
f 3945 3950 3946
f 3950 3955 3951
f 3949 3952 3953
f 3950 3953 3954
f 3955 3958 3959
f 3953 3956 3957
f 3953 3958 3954
f 3959 3962 3963
f 3957 3960 3961
f 3958 3961 3962
f 3962 3967 3963
f 3960 3965 3961
f 3961 3966 3962
f 3966 3971 3967
f 3965 3968 3969
f 3966 3969 3970
f 3970 3975 3971
f 3968 3973 3969
f 3969 3974 3970
f 3974 3979 3975
f 3973 3976 3977
f 3974 3977 3978
f 3979 3982 3983
f 3976 3981 3977
f 3977 3982 3978
f 3982 3987 3983
f 3981 3984 3985
f 3982 3985 3986
f 3987 3990 3991
f 3984 3989 3985
f 3985 3990 3986
f 3991 3994 3995
f 3989 3992 3993
f 3990 3993 3994
f 3995 3998 3999
f 3992 3997 3993
f 3993 3998 3994
f 3998 4003 3999
f 3997 4000 4001
f 3998 4001 4002
f 4002 4007 4003
f 4000 4005 4001
f 4001 4006 4002
f 4006 4011 4007
f 4005 4008 4009
f 4006 4009 4010
f 4011 4014 4015
f 4008 4013 4009
f 4009 4014 4010
f 4014 4019 4015
f 4013 4016 4017
f 4014 4017 4018
f 4019 4022 4023
f 4016 4021 4017
f 4017 4022 4018
f 4023 4026 4027
f 4021 4024 4025
f 4022 4025 4026
f 4027 4030 4031
f 4024 4029 4025
f 4025 4030 4026
f 4031 4034 4035
f 4029 4032 4033
f 4030 4033 4034
f 4034 4039 4035
f 4032 4037 4033
f 4033 4038 4034
f 4038 4043 4039
f 4037 4040 4041
f 4038 4041 4042
f 4043 4046 4047
f 4040 4045 4041
f 4041 4046 4042
f 4046 4051 4047
f 4045 4048 4049
f 4046 4049 4050
f 4051 4055 4056
f 4048 4054 4049
f 4049 4055 4050
f 4056 4059 4060
f 4053 4058 4054
f 4055 4058 4059
f 3932 4052 3936
f 3936 4052 3940
f 3940 4052 3944
f 3944 4052 3948
f 3948 4052 3952
f 3952 4052 3956
f 3956 4052 3960
f 3960 4052 3964
f 3964 4052 3968
f 3968 4052 3972
f 3972 4052 3976
f 3976 4052 3980
f 3980 4052 3984
f 3984 4052 3988
f 3988 4052 3992
f 3992 4052 3996
f 3996 4052 4000
f 4000 4052 4004
f 4004 4052 4008
f 4008 4052 4012
f 4012 4052 4016
f 4016 4052 4020
f 4020 4052 4024
f 4024 4052 4028
f 4028 4052 4032
f 4032 4052 4036
f 4036 4052 4040
f 4040 4052 4044
f 4044 4052 4048
f 4048 4052 4053
f 4053 4052 4057
f 4060 3934 3935
f 4058 3932 3933
f 4058 3934 4059
f 4057 4052 3932
f 4069 4081 4082
f 4065 4077 4078
f 4063 4075 4076
f 4071 4085 4072
f 4069 4083 4070
f 4067 4081 4068
f 4063 4077 4064
f 4061 4075 4062
f 4072 4086 4073
f 4071 4083 4084
f 4076 4090 4077
f 4074 4088 4075
f 4086 4098 4099
f 4083 4097 4084
f 4082 4094 4095
f 4079 4093 4080
f 4078 4090 4091
f 4076 4088 4089
f 4085 4097 4098
f 4082 4096 4083
f 4080 4094 4081
f 4089 4103 4090
f 4088 4100 4101
f 4098 4112 4099
f 4096 4110 4097
f 4095 4107 4108
f 4090 4104 4091
f 4089 4101 4102
f 4097 4111 4098
f 4095 4109 4096
f 4094 4106 4107
f 4092 4104 4105
f 4103 4115 4116
f 4100 4114 4101
f 4112 4124 4125
f 4110 4122 4123
f 4107 4121 4108
f 4103 4117 4104
f 4101 4115 4102
f 4110 4124 4111
f 4109 4121 4122
f 4107 4119 4120
f 4105 4117 4118
f 4115 4129 4116
f 4114 4126 4127
f 4124 4138 4125
f 4123 4135 4136
f 4120 4134 4121
f 4117 4129 4130
f 4114 4128 4115
f 4124 4136 4137
f 4122 4134 4135
f 4119 4133 4120
f 4117 4131 4118
f 4129 4141 4142
f 4126 4140 4127
f 4138 4150 4151
f 4136 4148 4149
f 4133 4147 4134
f 4130 4142 4143
f 4127 4141 4128
f 4137 4149 4150
f 4135 4147 4148
f 4132 4146 4133
f 4131 4143 4144
f 4142 4154 4155
f 4140 4152 4153
f 4150 4163 4151
f 4149 4160 4161
f 4146 4159 4147
f 4142 4156 4143
f 4140 4154 4141
f 4149 4162 4150
f 4148 4159 4160
f 4146 4157 4158
f 4155 4166 4167
f 4153 4164 4165
f 4162 4176 4163
f 4160 4174 4161
f 4158 4172 4159
f 4155 4168 4156
f 4153 4166 4154
f 4162 4174 4175
f 4160 4172 4173
f 4158 4170 4171
f 4166 4180 4167
f 4164 4178 4165
f 4175 4189 4176
f 4174 4186 4187
f 4172 4184 4185
f 4168 4180 4181
f 4166 4178 4179
f 4174 4188 4175
f 4172 4186 4173
f 4170 4184 4171
f 4169 4181 4182
f 4179 4193 4180
f 4177 4191 4178
f 4189 4201 4202
f 4186 4200 4187
f 4185 4197 4198
f 4181 4193 4194
f 4179 4191 4192
f 4188 4200 4201
f 4185 4199 4186
f 4183 4197 4184
f 4192 4206 4193
f 4191 4203 4204
f 4201 4215 4202
f 4199 4213 4200
f 4198 4210 4211
f 4195 4209 4196
f 4193 4207 4194
f 4192 4204 4205
f 4200 4214 4201
f 4198 4212 4199
f 4197 4209 4210
f 4206 4218 4219
f 4203 4217 4204
f 4215 4227 4228
f 4212 4226 4213
f 4210 4224 4211
f 4208 4222 4209
f 4206 4220 4207
f 4204 4218 4205
f 4213 4227 4214
f 4212 4224 4225
f 4210 4222 4223
f 4218 4232 4219
f 4217 4229 4230
f 4227 4241 4228
f 4225 4239 4226
f 4224 4236 4237
f 4220 4232 4233
f 4217 4231 4218
f 4227 4239 4240
f 4225 4237 4238
f 4222 4236 4223
f 4232 4244 4245
f 4229 4243 4230
f 4241 4253 4254
f 4239 4251 4252
f 4236 4250 4237
f 4233 4245 4246
f 4230 4244 4231
f 4240 4252 4253
f 4238 4250 4251
f 4235 4249 4236
f 4245 4257 4258
f 4243 4255 4256
f 4253 4267 4254
f 4252 4264 4265
f 4249 4263 4250
f 4247 4261 4248
f 4245 4259 4246
f 4243 4257 4244
f 4252 4266 4253
f 4251 4263 4264
f 4249 4261 4262
f 4258 4270 4271
f 4256 4268 4269
f 4266 4280 4267
f 4264 4278 4265
f 4262 4276 4263
f 4258 4272 4259
f 4256 4270 4257
f 4265 4279 4266
f 4264 4276 4277
f 4262 4274 4275
f 4259 4273 4260
f 4270 4284 4271
f 4268 4282 4269
f 4280 4292 4293
f 4278 4290 4291
f 4276 4288 4289
f 4272 4284 4285
f 4270 4282 4283
f 4279 4291 4292
f 4276 4290 4277
f 4274 4288 4275
f 4283 4297 4284
f 4281 4295 4282
f 4293 4305 4306
f 4290 4304 4291
f 4289 4301 4302
f 4286 4300 4287
f 4285 4297 4298
f 4283 4295 4296
f 4292 4304 4305
f 4289 4303 4290
f 4287 4301 4288
f 4296 4310 4297
f 4295 4307 4308
f 4305 4319 4306
f 4303 4317 4304
f 4302 4314 4315
f 4297 4311 4298
f 4296 4308 4309
f 4304 4318 4305
f 4303 4315 4316
f 4301 4313 4314
f 4309 4323 4310
f 4307 4321 4308
f 4319 4331 4332
f 4317 4329 4330
f 4315 4327 4328
f 4312 4326 4313
f 4310 4324 4311
f 4309 4321 4322
f 4317 4331 4318
f 4315 4329 4316
f 4314 4326 4327
f 4322 4336 4323
f 4321 4333 4334
f 4331 4345 4332
f 4329 4343 4330
f 4328 4340 4341
f 4324 4336 4337
f 4321 4335 4322
f 4331 4343 4344
f 4329 4341 4342
f 4326 4340 4327
f 4336 4349 4350
f 4333 4348 4334
f 4345 4358 4359
f 4343 4356 4357
f 4340 4355 4341
f 4337 4350 4351
f 4334 4349 4335
f 4344 4357 4358
f 4342 4355 4356
f 4339 4354 4340
f 4337 4352 4338
f 4350 4362 4363
f 4348 4360 4361
f 4358 4372 4359
f 4357 4369 4370
f 4354 4368 4355
f 4353 4365 4366
f 4350 4364 4351
f 4348 4362 4349
f 4357 4371 4358
f 4356 4368 4369
f 4354 4366 4367
f 4363 4375 4376
f 4361 4373 4374
f 4372 4384 4385
f 4369 4383 4370
f 4367 4381 4368
f 4366 4378 4379
f 4363 4377 4364
f 4361 4375 4362
f 4371 4383 4384
f 4369 4381 4382
f 4367 4379 4380
f 4375 4389 4376
f 4373 4387 4374
f 4384 4398 4385
f 4383 4395 4396
f 4381 4393 4394
f 4378 4392 4379
f 4377 4389 4390
f 4375 4387 4388
f 4383 4397 4384
f 4381 4395 4382
f 4379 4393 4380
f 4388 4402 4389
f 4386 4400 4387
f 4398 4410 4411
f 4395 4409 4396
f 4394 4406 4407
f 4390 4402 4403
f 4388 4400 4401
f 4397 4409 4410
f 4394 4408 4395
f 4392 4406 4393
f 4390 4404 4391
f 4401 4415 4402
f 4400 4412 4413
f 4410 4424 4411
f 4408 4422 4409
f 4407 4419 4420
f 4405 4417 4418
f 4402 4416 4403
f 4401 4413 4414
f 4409 4423 4410
f 4407 4421 4408
f 4406 4418 4419
f 4415 4427 4428
f 4412 4426 4413
f 4424 4436 4437
f 4422 4434 4435
f 4420 4432 4433
f 4417 4431 4418
f 4415 4429 4416
f 4414 4426 4427
f 4422 4436 4423
f 4420 4434 4421
f 4419 4431 4432
f 4427 4441 4428
f 4425 4439 4426
f 4436 4450 4437
f 4434 4448 4435
f 4433 4445 4446
f 4429 4441 4442
f 4426 4440 4427
f 4436 4448 4449
f 4434 4446 4447
f 4431 4445 4432
f 4429 4443 4430
f 4441 4453 4454
f 4438 4452 4439
f 4450 4462 4463
f 4448 4460 4461
f 4445 4459 4446
f 4442 4454 4455
f 4439 4453 4440
f 4449 4461 4462
f 4446 4460 4447
f 4444 4458 4445
f 4454 4466 4467
f 4452 4464 4465
f 4462 4476 4463
f 4461 4473 4474
f 4458 4472 4459
f 4456 4470 4457
f 4454 4468 4455
f 4452 4466 4453
f 4461 4475 4462
f 4460 4472 4473
f 4458 4470 4471
f 4346 4073 4086
f 4346 4086 4099
f 4346 4099 4112
f 4346 4112 4125
f 4346 4125 4138
f 4346 4138 4151
f 4346 4151 4163
f 4346 4163 4176
f 4346 4176 4189
f 4346 4189 4202
f 4346 4202 4215
f 4346 4215 4228
f 4346 4228 4241
f 4346 4241 4254
f 4346 4254 4267
f 4346 4267 4280
f 4346 4280 4293
f 4346 4293 4306
f 4346 4306 4319
f 4346 4319 4332
f 4346 4332 4345
f 4346 4345 4359
f 4346 4359 4372
f 4346 4372 4385
f 4346 4385 4398
f 4346 4398 4411
f 4346 4411 4424
f 4346 4424 4437
f 4346 4437 4450
f 4346 4450 4463
f 4346 4463 4476
f 4467 4063 4064
f 4465 4061 4062
f 4476 4072 4073
f 4473 4071 4474
f 4471 4069 4472
f 4467 4065 4468
f 4465 4063 4466
f 4346 4476 4073
f 4475 4071 4072
f 4473 4069 4070
f 4471 4067 4068
f 3935 4464 4060
f 4464 4056 4060
f 4451 4051 4056
f 4438 4047 4051
f 4047 4412 4043
f 4043 4399 4039
f 4039 4386 4035
f 4386 4031 4035
f 4031 4360 4027
f 4360 4023 4027
f 4347 4019 4023
f 4333 4015 4019
f 4015 4307 4011
f 4011 4294 4007
f 4007 4281 4003
f 4281 3999 4003
f 3999 4255 3995
f 4255 3991 3995
f 4242 3987 3991
f 4229 3983 3987
f 3983 4203 3979
f 3979 4190 3975
f 3975 4177 3971
f 4177 3967 3971
f 3967 4152 3963
f 4152 3959 3963
f 4139 3955 3959
f 4126 3951 3955
f 3951 4100 3947
f 3947 4087 3943
f 3943 4074 3939
f 4074 3935 3939
f 4479 4482 4483
f 4479 4484 4480
f 4478 4481 4482
f 4483 4488 4484
f 4481 4486 4482
f 4482 4487 4483
f 4487 4492 4488
f 4486 4489 4490
f 4487 4490 4491
f 4492 4495 4496
f 4489 4494 4490
f 4490 4495 4491
f 4495 4500 4496
f 4494 4497 4498
f 4495 4498 4499
f 4500 4503 4504
f 4497 4502 4498
f 4498 4503 4499
f 4504 4507 4508
f 4502 4505 4506
f 4503 4506 4507
f 4508 4511 4512
f 4505 4510 4506
f 4506 4511 4507
f 4512 4515 4516
f 4510 4513 4514
f 4511 4514 4515
f 4515 4520 4516
f 4513 4518 4514
f 4514 4519 4515
f 4519 4524 4520
f 4517 4522 4518
f 4519 4522 4523
f 4524 4527 4528
f 4521 4526 4522
f 4522 4527 4523
f 4527 4532 4528
f 4526 4529 4530
f 4527 4530 4531
f 4532 4535 4536
f 4529 4534 4530
f 4530 4535 4531
f 4536 4539 4540
f 4533 4538 4534
f 4535 4538 4539
f 4540 4543 4544
f 4538 4541 4542
f 4538 4543 4539
f 4543 4548 4544
f 4541 4546 4542
f 4543 4546 4547
f 4547 4552 4548
f 4546 4549 4550
f 4546 4551 4547
f 4551 4556 4552
f 4550 4553 4554
f 4551 4554 4555
f 4556 4559 4560
f 4553 4558 4554
f 4554 4559 4555
f 4559 4564 4560
f 4558 4561 4562
f 4559 4562 4563
f 4564 4567 4568
f 4561 4566 4562
f 4562 4567 4563
f 4568 4571 4572
f 4566 4569 4570
f 4567 4570 4571
f 4571 4576 4572
f 4569 4574 4570
f 4570 4575 4571
f 4575 4580 4576
f 4574 4577 4578
f 4575 4578 4579
f 4579 4584 4580
f 4577 4582 4578
f 4578 4583 4579
f 4583 4588 4584
f 4582 4585 4586
f 4583 4586 4587
f 4588 4591 4592
f 4585 4590 4586
f 4586 4591 4587
f 4591 4596 4592
f 4590 4593 4594
f 4591 4594 4595
f 4596 4600 4601
f 4593 4599 4594
f 4594 4600 4595
f 4601 4604 4605
f 4599 4602 4603
f 4600 4603 4604
f 4477 4597 4481
f 4481 4597 4485
f 4485 4597 4489
f 4489 4597 4493
f 4493 4597 4497
f 4497 4597 4501
f 4501 4597 4505
f 4505 4597 4509
f 4509 4597 4513
f 4513 4597 4517
f 4517 4597 4521
f 4521 4597 4525
f 4525 4597 4529
f 4529 4597 4533
f 4533 4597 4537
f 4537 4597 4541
f 4541 4597 4545
f 4545 4597 4549
f 4549 4597 4553
f 4553 4597 4557
f 4557 4597 4561
f 4561 4597 4565
f 4565 4597 4569
f 4569 4597 4573
f 4573 4597 4577
f 4577 4597 4581
f 4581 4597 4585
f 4585 4597 4589
f 4589 4597 4593
f 4593 4597 4598
f 4598 4597 4602
f 4605 4479 4480
f 4602 4478 4603
f 4603 4479 4604
f 4602 4597 4477
f 4614 4626 4627
f 4611 4625 4612
f 4610 4622 4623
f 4608 4620 4621
f 4617 4629 4630
f 4614 4628 4615
f 4612 4626 4613
f 4608 4622 4609
f 4606 4620 4607
f 4618 4630 4631
f 4616 4628 4629
f 4621 4635 4622
f 4619 4633 4620
f 4631 4643 4644
f 4628 4642 4629
f 4627 4639 4640
f 4625 4637 4638
f 4623 4635 4636
f 4621 4633 4634
f 4630 4642 4643
f 4627 4641 4628
f 4625 4639 4626
f 4634 4648 4635
f 4633 4645 4646
f 4643 4657 4644
f 4641 4655 4642
f 4640 4652 4653
f 4635 4649 4636
f 4634 4646 4647
f 4642 4656 4643
f 4641 4653 4654
f 4639 4651 4652
f 4647 4661 4648
f 4645 4659 4646
f 4657 4669 4670
f 4655 4667 4668
f 4652 4666 4653
f 4648 4662 4649
f 4647 4659 4660
f 4655 4669 4656
f 4653 4667 4654
f 4652 4664 4665
f 4650 4662 4663
f 4660 4674 4661
f 4659 4671 4672
f 4669 4683 4670
f 4667 4681 4668
f 4666 4678 4679
f 4664 4676 4677
f 4662 4674 4675
f 4660 4672 4673
f 4669 4681 4682
f 4666 4680 4667
f 4664 4678 4665
f 4674 4686 4687
f 4671 4685 4672
f 4683 4695 4696
f 4681 4693 4694
f 4678 4692 4679
f 4677 4689 4690
f 4675 4687 4688
f 4672 4686 4673
f 4682 4694 4695
f 4680 4692 4693
f 4677 4691 4678
f 4687 4699 4700
f 4685 4697 4698
f 4695 4709 4696
f 4694 4706 4707
f 4691 4705 4692
f 4687 4701 4688
f 4685 4699 4686
f 4694 4708 4695
f 4693 4705 4706
f 4691 4703 4704
f 4700 4712 4713
f 4698 4710 4711
f 4709 4721 4722
f 4706 4720 4707
f 4704 4718 4705
f 4703 4715 4716
f 4700 4714 4701
f 4698 4712 4699
f 4708 4720 4721
f 4706 4718 4719
f 4704 4716 4717
f 4712 4726 4713
f 4710 4724 4711
f 4722 4734 4735
f 4720 4732 4733
f 4718 4730 4731
f 4715 4729 4716
f 4714 4726 4727
f 4712 4724 4725
f 4720 4734 4721
f 4718 4732 4719
f 4716 4730 4717
f 4725 4739 4726
f 4723 4737 4724
f 4735 4747 4748
f 4732 4746 4733
f 4731 4743 4744
f 4727 4739 4740
f 4725 4737 4738
f 4734 4746 4747
f 4731 4745 4732
f 4729 4743 4730
f 4738 4752 4739
f 4737 4749 4750
f 4747 4761 4748
f 4745 4759 4746
f 4744 4756 4757
f 4742 4754 4755
f 4739 4753 4740
f 4738 4750 4751
f 4746 4760 4747
f 4744 4758 4745
f 4743 4755 4756
f 4752 4764 4765
f 4749 4763 4750
f 4761 4773 4774
f 4758 4772 4759
f 4757 4769 4770
f 4754 4768 4755
f 4752 4766 4753
f 4751 4763 4764
f 4759 4773 4760
f 4757 4771 4758
f 4756 4768 4769
f 4764 4778 4765
f 4763 4775 4776
f 4773 4787 4774
f 4771 4785 4772
f 4770 4782 4783
f 4768 4780 4781
f 4766 4778 4779
f 4764 4776 4777
f 4773 4785 4786
f 4770 4784 4771
f 4768 4782 4769
f 4778 4790 4791
f 4775 4789 4776
f 4787 4799 4800
f 4785 4797 4798
f 4782 4796 4783
f 4781 4793 4794
f 4779 4791 4792
f 4776 4790 4777
f 4786 4798 4799
f 4784 4796 4797
f 4781 4795 4782
f 4791 4803 4804
f 4789 4801 4802
f 4799 4813 4800
f 4798 4810 4811
f 4795 4809 4796
f 4794 4806 4807
f 4791 4805 4792
f 4789 4803 4790
f 4798 4812 4799
f 4797 4809 4810
f 4795 4807 4808
f 4804 4816 4817
f 4802 4814 4815
f 4813 4825 4826
f 4810 4824 4811
f 4808 4822 4809
f 4807 4819 4820
f 4804 4818 4805
f 4802 4816 4803
f 4812 4824 4825
f 4810 4822 4823
f 4808 4820 4821
f 4816 4830 4817
f 4814 4828 4815
f 4825 4839 4826
f 4824 4836 4837
f 4822 4834 4835
f 4819 4833 4820
f 4818 4830 4831
f 4816 4828 4829
f 4824 4838 4825
f 4822 4836 4823
f 4820 4834 4821
f 4829 4843 4830
f 4827 4841 4828
f 4839 4851 4852
f 4836 4850 4837
f 4835 4847 4848
f 4831 4843 4844
f 4829 4841 4842
f 4838 4850 4851
f 4835 4849 4836
f 4833 4847 4834
f 4842 4856 4843
f 4841 4853 4854
f 4851 4865 4852
f 4849 4863 4850
f 4848 4860 4861
f 4843 4857 4844
f 4842 4854 4855
f 4850 4864 4851
f 4848 4862 4849
f 4847 4859 4860
f 4844 4858 4845
f 4856 4868 4869
f 4854 4866 4867
f 4865 4876 4877
f 4863 4874 4875
f 4861 4872 4873
f 4856 4870 4857
f 4855 4867 4868
f 4863 4876 4864
f 4861 4874 4862
f 4860 4871 4872
f 4868 4881 4869
f 4867 4878 4879
f 4876 4890 4877
f 4875 4887 4888
f 4872 4886 4873
f 4870 4881 4882
f 4867 4880 4868
f 4876 4888 4889
f 4874 4886 4887
f 4871 4885 4872
f 4881 4894 4895
f 4878 4893 4879
f 4890 4903 4904
f 4888 4901 4902
f 4885 4900 4886
f 4882 4895 4896
f 4879 4894 4880
f 4889 4902 4903
f 4887 4900 4901
f 4884 4899 4885
f 4883 4896 4897
f 4895 4907 4908
f 4893 4905 4906
f 4903 4917 4904
f 4902 4914 4915
f 4899 4913 4900
f 4895 4909 4896
f 4893 4907 4894
f 4902 4916 4903
f 4901 4913 4914
f 4899 4911 4912
f 4897 4909 4910
f 4908 4920 4921
f 4906 4918 4919
f 4917 4929 4930
f 4914 4928 4915
f 4912 4926 4913
f 4908 4922 4909
f 4906 4920 4907
f 4916 4928 4929
f 4914 4926 4927
f 4912 4924 4925
f 4909 4923 4910
f 4920 4934 4921
f 4918 4932 4919
f 4929 4943 4930
f 4928 4940 4941
f 4926 4938 4939
f 4922 4934 4935
f 4920 4932 4933
f 4928 4942 4929
f 4926 4940 4927
f 4924 4938 4925
f 4933 4947 4934
f 4931 4945 4932
f 4943 4955 4956
f 4940 4954 4941
f 4939 4951 4952
f 4936 4950 4937
f 4935 4947 4948
f 4933 4945 4946
f 4942 4954 4955
f 4939 4953 4940
f 4937 4951 4938
f 4946 4960 4947
f 4945 4957 4958
f 4955 4969 4956
f 4953 4967 4954
f 4952 4964 4965
f 4947 4961 4948
f 4946 4958 4959
f 4954 4968 4955
f 4952 4966 4953
f 4951 4963 4964
f 4960 4972 4973
f 4957 4971 4958
f 4969 4980 4981
f 4966 4979 4967
f 4964 4977 4965
f 4962 4975 4963
f 4960 4974 4961
f 4958 4972 4959
f 4967 4980 4968
f 4965 4978 4966
f 4964 4975 4976
f 4973 4984 4985
f 4971 4982 4983
f 4980 4994 4981
f 4978 4992 4979
f 4976 4990 4977
f 4975 4987 4988
f 4974 4985 4986
f 4971 4984 4972
f 4980 4992 4993
f 4978 4990 4991
f 4975 4989 4976
f 4985 4997 4998
f 4982 4996 4983
f 4994 5006 5007
f 4992 5004 5005
f 4989 5003 4990
f 4986 4998 4999
f 4983 4997 4984
f 4993 5005 5006
f 4991 5003 5004
f 4988 5002 4989
f 4998 5010 5011
f 4996 5008 5009
f 5006 5020 5007
f 5005 5017 5018
f 5002 5016 5003
f 4998 5012 4999
f 4996 5010 4997
f 5005 5019 5006
f 5004 5016 5017
f 5002 5014 5015
f 4999 5013 5000
f 4891 4618 4631
f 4891 4631 4644
f 4891 4644 4657
f 4891 4657 4670
f 4891 4670 4683
f 4891 4683 4696
f 4891 4696 4709
f 4891 4709 4722
f 4891 4722 4735
f 4891 4735 4748
f 4891 4748 4761
f 4891 4761 4774
f 4891 4774 4787
f 4891 4787 4800
f 4891 4800 4813
f 4891 4813 4826
f 4891 4826 4839
f 4891 4839 4852
f 4891 4852 4865
f 4891 4865 4877
f 4891 4877 4890
f 4891 4890 4904
f 4891 4904 4917
f 4891 4917 4930
f 4891 4930 4943
f 4891 4943 4956
f 4891 4956 4969
f 4891 4969 4981
f 4891 4981 4994
f 4891 4994 5007
f 4891 5007 5020
f 5011 4608 4609
f 5009 4606 4607
f 5019 4618 5020
f 5017 4616 5018
f 5015 4614 5016
f 5014 4611 4612
f 5011 4610 5012
f 5009 4608 5010
f 4891 5020 4618
f 5018 4617 5019
f 5017 4614 4615
f 5015 4612 4613
f 4480 5008 4605
f 5008 4601 4605
f 4995 4596 4601
f 4982 4592 4596
f 4592 4957 4588
f 4588 4944 4584
f 4584 4931 4580
f 4931 4576 4580
f 4576 4905 4572
f 4905 4568 4572
f 4892 4564 4568
f 4878 4560 4564
f 4560 4853 4556
f 4556 4840 4552
f 4552 4827 4548
f 4827 4544 4548
f 4544 4801 4540
f 4801 4536 4540
f 4788 4532 4536
f 4775 4528 4532
f 4528 4749 4524
f 4524 4736 4520
f 4520 4723 4516
f 4723 4512 4516
f 4512 4697 4508
f 4697 4504 4508
f 4684 4500 4504
f 4671 4496 4500
f 4496 4645 4492
f 4492 4632 4488
f 4488 4619 4484
f 4619 4480 4484
f 4 3 2
f 8 7 6
f 13 16 15
f 17 28 19
f 32 31 30
f 36 35 34
f 37 40 39
f 21 22 23
f 25 26 27
f 41 44 43
f 48 47 46
f 52 51 50
f 53 56 55
f 60 59 58
f 29 30 62
f 66 65 64
f 67 5 6
f 72 71 70
f 76 75 74
f 77 80 79
f 81 84 83
f 59 87 86
f 88 91 90
f 96 95 94
f 100 99 98
f 101 104 103
f 106 105 34
f 108 116 115
f 117 119 36
f 124 127 126
f 131 130 129
f 132 102 134
f 142 141 140
f 148 106 60
f 144 143 127
f 149 152 151
f 156 155 154
f 159 150 158
f 116 108 164
f 171 170 169
f 174 126 173
f 179 182 181
f 186 189 188
f 194 197 196
f 199 142 139
f 206 209 208
f 213 212 211
f 202 215 214
f 96 93 216
f 92 238 43
f 97 184 246
f 250 249 229
f 252 254 58
f 258 257 256
f 260 91 229
f 110 111 112
f 114 264 263
f 265 268 267
f 56 53 270
f 274 273 249
f 185 183 63
f 280 279 278
f 285 284 283
f 288 219 211
f 141 142 92
f 289 290 175
f 148 116 105
f 312 311 170
f 238 262 42
f 318 163 160
f 310 309 308
f 241 239 325
f 160 230 240
f 47 48 307
f 108 109 315
f 345 85 86
f 348 351 350
f 356 359 358
f 355 354 353
f 363 31 32
f 364 252 253
f 366 125 368
f 183 372 371
f 163 162 161
f 209 226 101
f 378 377 165
f 379 295 381
f 383 382 3
f 284 285 386
f 387 127 389
f 391 259 229
f 73 281 397
f 405 408 407
f 203 218 411
f 414 121 413
f 1 356 357
f 277 276 131
f 254 344 57
f 358 384 415
f 417 416 386
f 401 400 192
f 419 389 127
f 421 181 182
f 103 301 302
f 428 367 368
f 380 390 359
f 62 204 266
f 140 141 431
f 357 358 351
f 356 1 379
f 415 392 403
f 437 428 436
f 438 441 440
f 188 451 450
f 265 455 181
f 224 185 64
f 237 212 213
f 275 131 128
f 281 282 460
f 50 462 79
f 73 74 282
f 468 467 466
f 390 355 352
f 482 485 484
f 489 488 487
f 493 496 495
f 472 471 470
f 502 501 500
f 220 221 222
f 512 419 143
f 518 517 511
f 513 239 230
f 205 30 31
f 189 370 451
f 163 318 532
f 533 224 225
f 446 448 447
f 335 541 540
f 544 512 546
f 329 519 291
f 199 534 262
f 385 386 416
f 532 190 191
f 363 117 118
f 578 581 580
f 573 572 571
f 561 563 562
f 241 260 259
f 590 593 592
f 545 546 595
f 503 154 155
f 606 625 624
f 478 481 480
f 646 649 648
f 590 591 689
f 564 565 651
f 728 246 184
f 714 724 716
f 692 574 575
f 541 335 581
f 346 68 248
f 161 231 230
f 128 129 94
f 698 705 704
f 574 577 576
f 290 289 401
f 630 631 725
f 733 736 735
f 755 466 496
f 759 480 481
f 757 763 762
f 764 496 466
f 768 767 3808
f 759 760 488
f 492 474 475
f 474 770 769
f 773 468 465
f 771 774 486
f 484 485 775
f 774 776 489
f 495 496 764
f 495 757 761
f 137 397 784
f 325 239 797
f 165 519 51
f 369 32 29
f 730 731 568
f 90 302 301
f 243 118 516
f 800 734 806
f 817 815 808
f 816 808 823
f 306 303 447
f 815 810 809
f 829 830 828
f 726 725 501
f 274 427 424
f 879 882 881
f 884 883 879
f 219 218 217
f 906 905 904
f 455 204 205
f 898 882 830
f 903 900 880
f 377 291 519
f 923 949 948
f 946 947 951
f 3519 740 739
f 900 899 886
f 225 64 65
f 182 445 442
f 809 952 947
f 954 960 962
f 927 950 965
f 885 879 880
f 925 927 966
f 343 342 341
f 965 964 971
f 968 971 970
f 972 968 969
f 963 961 981
f 336 337 338
f 992 993 827
f 810 815 996
f 1007 1001 1002
f 1012 826 827
f 1011 1009 1007
f 294 293 292
f 907 908 920
f 1017 579 1019
f 1020 1023 1022
f 1035 1024 1020
f 1061 1060 1047
f 1063 1061 1046
f 1044 1020 1021
f 1102 1094 1097
f 1116 1126 1118
f 1016 1015 1014
f 881 897 904
f 816 1116 1127
f 1094 948 949
f 514 342 167
f 146 145 81
f 1133 1135 1130
f 1102 1133 1126
f 822 1126 1116
f 1145 1143 1148
f 1076 1144 1151
f 1148 1143 1086
f 1109 1097 1114
f 1154 1153 1156
f 1153 925 967
f 3464 3497 463
f 1144 1147 1152
f 1156 967 1163
f 1164 1162 1169
f 1145 1171 1176
f 1114 1115 1154
f 1183 1155 1164
f 1184 1183 1177
f 1069 1151 1062
f 1023 1191 1194
f 1162 1163 1170
f 1195 1184 1185
f 1183 1196 1176
f 1201 1063 1152
f 1061 1063 1201
f 3825 847 843
f 1203 1202 1195
f 1202 1201 1184
f 1218 1060 1203
f 1060 1061 1202
f 1225 1218 1217
f 671 695 694
f 1219 1217 1024
f 1217 1203 1034
f 1226 1014 1015
f 1243 1242 1234
f 1231 1230 1229
f 847 1243 1233
f 843 1233 1244
f 1233 1234 1245
f 1923 3761 233
f 2100 2108 499
f 3914 3864 2135
f 61 62 323
f 210 211 217
f 1299 1310 1309
f 3863 1230 1231
f 1066 1047 1321
f 1322 1321 1228
f 1060 1218 1321
f 1325 1324 1323
f 1244 1245 1332
f 1290 1234 1242
f 1337 1330 1339
f 1330 1332 1340
f 1341 1332 1245
f 1342 1340 1332
f 1343 1342 1341
f 1344 1341 1294
f 3857 3856 1345
f 1347 1348 1342
f 3856 3854 1295
f 1349 1350 1348
f 3861 1349 1347
f 3853 1347 1343
f 906 898 829
f 905 906 1353
f 865 1356 1355
f 1355 1353 829
f 1357 1355 825
f 1356 1354 1353
f 3834 1337 1338
f 866 1358 1356
f 1358 1359 1354
f 3828 878 1337
f 838 1362 1012
f 1363 1364 1338
f 1368 1363 1339
f 1348 1368 1340
f 1371 1369 3824
f 524 525 526
f 528 529 530
f 1372 1370 1369
f 535 536 537
f 1367 1368 1348
f 1370 1354 1359
f 1369 1359 3833
f 1373 910 903
f 555 556 557
f 1374 909 910
f 1373 904 905
f 1374 1373 1375
f 1375 905 1354
f 1378 920 908
f 376 373 651
f 1388 928 973
f 586 587 588
f 1390 1389 1388
f 1391 1388 969
f 597 598 599
f 600 601 602
f 1392 1391 970
f 608 609 610
f 612 524 523
f 614 615 616
f 617 618 25
f 620 621 622
f 1397 1390 1391
f 1398 1397 1392
f 1400 987 920
f 1402 1403 1165
f 636 637 638
f 930 1404 1402
f 641 642 643
f 929 1402 1169
f 1404 1405 1403
f 1411 1366 1365
f 1412 1406 1415
f 652 653 654
f 609 656 657
f 659 660 661
f 558 663 586
f 665 666 667
f 1413 1411 1406
f 1418 1416 3810
f 1417 1372 1371
f 1416 1371 3829
f 1419 1417 1416
f 1386 909 1374
f 677 678 679
f 1385 1386 1420
f 1420 1374 1376
f 685 686 687
f 1421 1420 1422
f 528 690 691
f 1422 1376 1372
f 1018 1019 747
f 699 700 701
f 1424 578 579
f 3663 1597 1767
f 700 699 711
f 1093 3746 3754
f 717 718 530
f 721 722 723
f 704 1650 3543
f 19 1429 1426
f 1429 1428 1427
f 1658 1659 3542
f 1439 1437 1434
f 1437 1436 1435
f 1426 1427 1433
f 1442 1431 1432
f 742 743 744
f 1432 1433 1441
f 751 752 753
f 1438 1434 1403
f 1446 1445 1444
f 1447 1448 1446
f 3860 1447 1443
f 1415 1367 1445
f 1414 1415 1446
f 2173 1683 469
f 777 778 779
f 780 781 782
f 1676 1693 1806
f 3859 1451 1349
f 789 790 791
f 745 792 793
f 652 794 795
f 1455 1458 1457
f 1454 1367 1350
f 610 691 802
f 3831 3816 698
f 1352 1044 1045
f 1015 1016 1459
f 811 812 813
f 2118 3815 3817
f 819 820 821
f 1466 1463 1194
f 1467 1468 1465
f 1182 1165 1468
f 832 812 833
f 835 836 837
f 1467 1466 1190
f 1469 1470 1444
f 840 700 712
f 1453 1470 1469
f 599 844 845
f 1226 1450 3849
f 851 852 853
f 855 744 856
f 858 859 860
f 861 862 863
f 1014 1226 3855
f 867 676 868
f 870 871 872
f 874 875 876
f 1310 1323 1471
f 1476 1433 1427
f 1461 1476 1475
f 887 888 889
f 788 791 892
f 894 895 896
f 1460 1475 1227
f 901 902 524
f 1465 1478 1477
f 1865 3503 3500
f 911 912 913
f 916 917 918
f 1850 3505 3507
f 921 922 895
f 1479 1435 1436
f 926 664 667
f 1481 562 563
f 269 1483 84
f 931 932 933
f 934 935 614
f 936 685 688
f 938 659 662
f 1484 270 122
f 941 942 835
f 320 321 509
f 1849 3510 3505
f 84 1483 1484
f 1487 1490 1488
f 1757 1758 3502
f 365 1492 1491
f 461 79 80
f 117 363 362
f 1494 540 541
f 926 601 957
f 1477 1441 1433
f 1709 1588 1585
f 119 117 1496
f 271 1497 504
f 511 517 189
f 345 1496 1492
f 57 344 299
f 1501 1499 268
f 267 268 1499
f 974 975 976
f 1678 1652 1693
f 3846 1682 1807
f 557 982 663
f 983 941 984
f 1443 1444 3849
f 421 1500 268
f 989 990 991
f 1490 1487 418
f 279 280 309
f 997 868 676
f 998 26 999
f 1504 418 38
f 1506 1508 1507
f 360 361 1508
f 1506 1486 207
f 939 1005 1006
f 270 1484 1483
f 66 63 546
f 1010 742 793
f 367 428 437
f 244 31 363
f 1670 3532 3534
f 209 206 1510
f 388 389 426
f 427 274 250
f 161 520 521
f 100 246 45
f 1025 1026 608
f 1029 1030 1031
f 939 662 1033
f 41 42 594
f 1036 780 783
f 702 701 1038
f 1040 1041 1042
f 362 32 369
f 187 1520 477
f 70 1487 539
f 1049 600 603
f 613 867 869
f 860 1050 1051
f 1005 1052 1053
f 753 1055 1056
f 1057 1058 1059
f 293 288 1522
f 288 212 1521
f 292 1522 1523
f 331 1507 1508
f 306 452 453
f 100 44 41
f 462 1524 78
f 330 331 1524
f 635 1067 1068
f 1485 1527 1526
f 206 1485 1528
f 1070 1071 1072
f 942 941 1073
f 916 933 1075
f 440 1529 1530
f 157 158 1514
f 1529 162 5
f 371 595 546
f 790 586 663
f 1077 858 857
f 1403 1434 1435
f 1080 1081 1082
f 531 520 1529
f 21 1083 1084
f 272 1532 1531
f 690 712 802
f 335 3571 3567
f 1090 1030 1029
f 1092 795 794
f 1533 396 137
f 661 660 1095
f 69 444 445
f 1099 1100 1101
f 38 39 1536
f 1104 1105 1106
f 852 1107 1108
f 1377 908 909
f 291 377 411
f 316 1536 516
f 539 1488 1533
f 1505 1536 316
f 1110 1111 1112
f 1539 1537 460
f 522 441 1537
f 834 837 1120
f 1122 1123 1124
f 612 1125 1041
f 935 793 615
f 276 278 130
f 1686 3549 3522
f 193 190 1541
f 231 521 1540
f 556 1037 982
f 365 253 85
f 190 532 318
f 1810 765 3574
f 3924 1867 3512
f 1132 983 985
f 208 101 102
f 1134 1033 662
f 1491 518 80
f 429 133 1542
f 1137 1138 915
f 172 436 428
f 1139 1140 1141
f 549 96 54
f 1517 1519 1518
f 834 1119 984
f 1543 513 286
f 1544 797 239
f 133 134 1544
f 506 361 257
f 420 327 328
f 1158 1159 1160
f 587 1104 1103
f 607 1161 1027
f 304 1546 1545
f 364 1491 77
f 69 70 198
f 700 840 1112
f 3877 626 3525
f 1166 719 657
f 1167 1168 858
f 1172 1173 1174
f 218 203 200
f 1179 1180 1181
f 372 183 97
f 89 104 227
f 1186 1187 1188
f 172 173 1517
f 1482 84 81
f 1090 1192 1193
f 394 395 353
f 526 525 1198
f 1199 1200 1026
f 606 623 697
f 1204 1205 1206
f 1207 1208 523
f 1209 1210 867
f 914 913 685
f 1478 1436 1441
f 1029 1028 1161
f 1211 1212 1213
f 3858 1453 1451
f 844 1215 1216
f 423 193 273
f 1220 1221 1222
f 22 1223 1224
f 882 898 897
f 1519 1517 173
f 1189 1188 1232
f 349 350 550
f 1071 1235 1236
f 1237 1238 1239
f 1221 1186 1189
f 1510 1528 1512
f 939 1032 1241
f 1556 1530 5
f 1553 1554 394
f 404 1556 67
f 1247 1248 1249
f 142 199 238
f 1251 1067 635
f 850 1252 1253
f 1254 1167 1077
f 57 132 133
f 443 430 552
f 1187 1172 1175
f 1256 1070 831
f 432 405 382
f 741 748 747
f 434 350 351
f 349 432 383
f 251 124 1481
f 395 384 352
f 1518 1519 1550
f 1558 410 378
f 109 263 314
f 285 1514 1513
f 395 394 393
f 202 203 410
f 417 408 405
f 1246 1257 1258
f 3 1559 297
f 1259 1260 1261
f 403 404 347
f 955 954 953
f 462 50 51
f 1096 1095 687
f 429 147 60
f 896 1264 1265
f 1267 721 1268
f 423 424 327
f 37 179 180
f 20 23 1187
f 1256 1168 1071
f 1188 1175 1269
f 1236 1270 1271
f 1272 536 535
f 565 564 463
f 1273 792 745
f 876 1254 1255
f 316 33 164
f 437 1516 503
f 194 1494 1495
f 1275 1276 864
f 624 625 631
f 1277 1274 1137
f 569 568 567
f 1481 124 125
f 324 325 547
f 1279 1108 1107
f 1525 332 329
f 1281 1278 1137
f 171 168 1553
f 1488 73 396
f 1557 1561 1562
f 1282 856 1206
f 1053 1277 1278
f 778 777 607
f 713 583 3566
f 251 225 144
f 4 357 348
f 709 708 707
f 728 48 45
f 261 135 1563
f 789 1286 1287
f 74 314 263
f 403 284 385
f 1178 1181 1240
f 1223 1259 1289
f 1220 20 1186
f 296 1518 354
f 784 459 1538
f 1181 1180 1291
f 1269 1292 1257
f 1566 1538 438
f 136 784 1566
f 1563 1564 169
f 107 114 109
f 1297 1282 1298
f 1464 1477 1476
f 1520 187 507
f 1301 1302 1303
f 1306 1307 1308
f 175 456 1532
f 1532 456 200
f 1311 1266 1312
f 872 1314 1315
f 3836 843 878
f 1305 1308 864
f 1040 1275 863
f 1564 1566 399
f 592 1576 1575
f 591 1575 1088
f 1581 1584 1583
f 1196 1152 1147
f 710 582 583
f 285 407 408
f 953 954 961
f 1594 1592 1589
f 1585 1588 1587
f 1592 1591 1590
f 3885 945 944
f 1600 1599 1598
f 1604 1603 1602
f 1399 1392 979
f 1589 1590 1596
f 1610 1609 1608
f 298 257 361
f 551 552 276
f 1627 1626 3814
f 859 811 818
f 1078 857 1328
f 1555 439 1530
f 572 573 680
f 772 465 776
f 977 1281 918
f 404 403 392
f 1054 1331 750
f 1644 1645 1643
f 932 1265 1082
f 1067 1333 1334
f 1540 1539 264
f 597 1335 643
f 471 761 762
f 1642 696 3831
f 1644 1642 3842
f 923 946 950
f 96 549 548
f 520 531 522
f 445 444 443
f 849 839 848
f 480 759 755
f 1646 760 481
f 311 426 1567
f 464 463 3497
f 3497 1360 1361
f 234 237 236
f 190 193 192
f 153 154 152
f 231 287 286
f 1552 1553 1551
f 760 1646 1648
f 3832 1647 1649
f 828 827 826
f 52 167 166
f 1663 1662 1661
f 287 107 115
f 668 671 670
f 634 645 640
f 553 560 559
f 118 36 33
f 492 484 491
f 3552 1652 1651
f 582 589 584
f 384 395 392
f 1381 1382 1383
f 1562 1561 435
f 952 953 951
f 3529 3566 583
f 1660 1661 1667
f 1394 1395 1396
f 1660 1665 1664
f 1671 1670 1669
f 1624 1625 1673
f 1407 1408 1409
f 1677 1676 1675
f 1613 1679 1677
f 1679 1678 1676
f 1626 1681 3811
f 534 199 198
f 803 733 734
f 400 248 191
f 65 66 143
f 3526 1657 1656
f 402 159 157
f 629 628 627
f 461 477 49
f 758 757 495
f 796 787 786
f 406 407 1513
f 342 343 166
f 1694 1659 1658
f 1692 1687 1694
f 3557 1693 1652
f 3921 1704 1703
f 326 547 302
f 3916 3921 1702
f 3919 3918 1698
f 1699 1691 3927
f 1557 406 1560
f 1127 1116 1117
f 400 401 289
f 1706 1702 1707
f 1707 1702 1599
f 1709 1706 1708
f 1714 1712 1711
f 3919 3915 1709
f 1704 1711 1577
f 1716 1714 1713
f 1559 1562 1549
f 1722 1721 1720
f 1335 597 596
f 410 411 377
f 973 1170 1163
f 168 169 399
f 1571 682 1089
f 1572 681 682
f 749 646 647
f 1730 1724 1723
f 1594 1582 1729
f 1729 1723 1591
f 1384 1378 1377
f 1732 1731 1712
f 1724 1730 1731
f 1722 1724 1732
f 1721 1722 1733
f 1734 1733 1716
f 1735 1737 1736
f 1733 1732 1714
f 1663 1664 1741
f 1742 1665 1740
f 1738 1739 1737
f 1665 1660 1666
f 1665 1742 1744
f 1725 1726 1746
f 1591 1725 1745
f 1590 1745 1747
f 1745 1746 1748
f 1659 1688 3538
f 3287 1760 3545
f 1185 1177 1182
f 1664 1744 1749
f 1741 1749 1739
f 1746 1742 1743
f 1726 1744 1742
f 1115 924 1153
f 1896 3562 3549
f 1720 1749 1744
f 1721 1739 1749
f 1750 1718 1701
f 1697 1736 1750
f 1151 1152 1063
f 1751 1752 1670
f 1695 1658 1752
f 961 962 986
f 1770 1769 1768
f 1766 1594 1593
f 1731 1759 1579
f 1579 1777 1774
f 3928 1772 1771
f 1764 1772 3928
f 1777 1776 1775
f 3762 3763 1699
f 1004 1127 1128
f 1774 1775 1771
f 987 1400 1399
f 1578 1774 1772
f 1783 1782 1781
f 1597 1598 1770
f 639 1878 3895
f 3928 3929 1769
f 1793 1792 1789
f 3929 3920 1798
f 3508 3516 3773
f 1802 1867 3924
f 1788 1790 1794
f 1793 1794 1795
f 3773 3772 1675
f 1584 1581 1783
f 1771 1797 3920
f 1801 1799 1798
f 1768 1769 1798
f 1775 1796 1797
f 508 514 515
f 1796 1803 1802
f 1800 1798 3920
f 1794 1805 1804
f 3532 1670 1752
f 485 1808 1807
f 3809 3844 1640
f 3837 3844 1810
f 485 482 1640
f 1690 1691 3770
f 487 488 1648
f 3839 1813 1816
f 3838 1811 1648
f 3839 1812 1811
f 1812 1809 487
f 1641 1809 767
f 465 466 755
f 767 1815 3823
f 3822 1816 3826
f 1809 1812 1815
f 3837 1653 1651
f 675 672 3541
f 1814 1649 1822
f 1821 1822 3821
f 1824 1822 1649
f 1827 1849 1850
f 1668 1669 1662
f 1779 1780 1848
f 1790 1827 1805
f 1833 1836 1853
f 3521 3506 693
f 1614 1615 1616
f 1852 1853 3498
f 1620 1621 1622
f 1855 1765 1574
f 1847 1852 3501
f 1766 1765 1855
f 1629 1630 1631
f 1633 1622 1634
f 1635 1636 1637
f 1848 1833 1852
f 1855 1861 1863
f 1803 1866 1867
f 1862 1863 1831
f 1782 1855 1862
f 3922 3924 1865
f 1873 1872 1870
f 1874 1869 799
f 2045 3878 3897
f 1219 1345 1295
f 1615 1614 1396
f 3884 3895 1877
f 645 3898 3786
f 1345 1219 1035
f 634 639 3884
f 15 1887 1327
f 3910 3895 1878
f 1894 604 605
f 3506 3551 627
f 340 341 454
f 1897 194 195
f 1889 1882 1877
f 1901 94 129
f 196 749 754
f 1705 1704 3921
f 340 378 166
f 1570 1480 563
f 1904 1494 194
f 1781 1862 1832
f 1905 549 55
f 1000 994 995
f 986 919 920
f 1191 1185 1190
f 2094 2077 2075
f 1920 1921 1919
f 453 454 1912
f 1915 1919 1918
f 3882 2112 2106
f 1916 1918 1926
f 704 3554 3561
f 278 1916 1925
f 3565 3564 1818
f 1097 949 1115
f 1927 1928 727
f 3578 3579 3654
f 1920 310 307
f 1929 307 48
f 503 504 1497
f 1902 1903 787
f 1816 1821 3820
f 1925 1926 1923
f 1535 1569 1568
f 254 252 258
f 1509 1497 366
f 119 86 35
f 219 288 293
f 141 46 47
f 542 205 244
f 1940 552 430
f 1779 1828 1827
f 1701 1710 3915
f 1661 3550 3515
f 270 53 754
f 197 1947 749
f 1727 1728 1212
f 53 54 232
f 1465 1468 1479
f 1284 3862 3854
f 1951 446 412
f 168 398 1554
f 1486 1485 206
f 506 77 78
f 994 1001 1007
f 951 953 963
f 1013 3859 3861
f 3826 3820 1820
f 1498 1909 1954
f 299 298 543
f 1754 1755 1756
f 1681 469 1683
f 1696 1694 1695
f 13 14 738
f 473 476 475
f 482 1641 768
f 204 62 30
f 1761 1762 820
f 611 1763 1125
f 1501 1503 1908
f 1074 1073 711
f 1960 1944 82
f 120 1956 1960
f 35 86 87
f 1773 1199 1025
f 1965 1545 1569
f 494 761 471
f 1966 1967 1969
f 446 1951 1971
f 174 368 125
f 1580 1579 1578
f 1785 1786 1787
f 1972 1546 304
f 1254 876 875
f 1973 341 342
f 321 1912 1973
f 1910 277 275
f 509 1973 514
f 1486 1507 1527
f 1974 1874 804
f 1977 1976 1974
f 1980 448 1966
f 379 1 2
f 1718 1715 1710
f 884 995 992
f 1680 1684 1678
f 902 990 525
f 344 255 256
f 135 138 137
f 448 446 1967
f 589 605 604
f 910 909 908
f 1981 1966 1968
f 1982 1981 1987
f 1988 1979 1987
f 1990 1988 1989
f 1991 1989 1993
f 322 321 320
f 992 828 830
f 1144 1076 1086
f 1995 1977 1978
f 1133 1129 1118
f 1997 1995 1994
f 870 1823 1335
f 805 806 1982
f 727 184 2000
f 1996 1994 1988
f 1994 1978 1979
f 1829 616 792
f 1830 1073 941
f 798 803 800
f 729 732 731
f 2011 2012 2023
f 1834 1835 846
f 402 283 284
f 2022 2023 2024
f 1838 718 989
f 810 955 952
f 1823 1839 1840
f 1430 1426 1432
f 1215 844 1841
f 1316 1208 873
f 2112 1401 1384
f 1842 1843 1844
f 1159 846 845
f 837 27 1846
f 1971 1951 2030
f 517 369 370
f 1471 2026 2027
f 3551 3525 626
f 2174 2175 770
f 935 934 1854
f 1613 1619 1611
f 1231 1228 1225
f 1856 1857 891
f 1300 1309 748
f 1150 1149 1858
f 1643 606 696
f 1215 1265 1264
f 1320 1860 902
f 1956 1943 1944
f 2031 668 669
f 2034 1325 1310
f 1879 1880 1656
f 40 245 242
f 1992 1993 2039
f 888 958 957
f 1882 1889 1996
f 1078 1138 1255
f 1871 912 1192
f 294 411 218
f 1323 2041 2026
f 123 1960 83
f 1324 2036 2041
f 384 358 359
f 1324 1325 2038
f 1883 1884 1885
f 287 1540 114
f 1096 1886 1134
f 915 1329 931
f 806 1980 1981
f 3533 3529 584
f 1425 2030 2042
f 1018 2042 1948
f 3562 1896 740
f 1948 2042 649
f 1881 1882 1990
f 1900 129 130
f 992 995 994
f 923 927 925
f 3878 2045 2047
f 1643 2048 625
f 2050 2052 2051
f 2045 1405 1404
f 3876 2047 945
f 1139 1080 1079
f 1037 1856 892
f 2055 2053 2057
f 1198 989 718
f 1619 2058 1612
f 2058 1605 1606
f 2059 2060 1607
f 2058 1619 1624
f 71 72 179
f 405 406 1557
f 322 1548 1972
f 2061 2052 2063
f 2066 2065 2067
f 2052 2061 2064
f 1609 1610 2066
f 1515 151 152
f 1009 827 993
f 1644 3843 3815
f 279 1915 1916
f 1285 3863 3862
f 1647 2066 1825
f 2056 2057 2067
f 319 320 1953
f 667 666 1913
f 2070 631 625
f 2052 2050 2055
f 2038 1654 1655
f 1606 1601 2073
f 1235 1917 1270
f 2072 2073 2075
f 2059 1606 2072
f 2074 2075 2077
f 1601 1602 2078
f 2049 2048 1643
f 1000 1004 1001
f 1089 943 684
f 1931 1286 1306
f 1462 1459 1021
f 1932 1933 1934
f 875 874 1846
f 1936 1051 1937
f 44 45 46
f 1534 1955 1956
f 1541 318 317
f 2081 2082 2084
f 146 1945 1959
f 1360 1941 1942
f 985 984 1032
f 1995 1997 1892
f 2079 2080 2082
f 2095 2096 2076
f 2081 2093 2078
f 2055 2050 2054
f 501 2096 2095
f 2097 2100 2099
f 2098 2099 2094
f 2140 2141 3893
f 2141 2046 3894
f 2051 2070 2048
f 592 2102 2101
f 2071 2064 2076
f 2102 2097 2098
f 593 2103 2102
f 1019 1895 746
f 1950 11 12
f 725 2071 2096
f 1385 2105 2104
f 1379 2104 2106
f 2107 2108 2100
f 3908 726 502
f 3896 502 499
f 940 1389 2109
f 928 929 1170
f 3868 590 684
f 1962 1963 1964
f 3878 680 573
f 2039 1993 1968
f 1389 1390 2110
f 1398 2111 2113
f 3757 3755 3753
f 3911 3883 2107
f 949 923 924
f 260 241 324
f 1390 1397 2113
f 2070 2051 2064
f 3867 3911 2103
f 2105 1385 1421
f 2114 1421 1423
f 3892 2114 2115
f 3908 2105 2114
f 554 2116 1902
f 972 1163 967
f 1765 1593 1573
f 1984 1985 1986
f 2053 2117 2069
f 3573 3556 724
f 1625 1677 1674
f 3881 3888 2119
f 3903 2115 2123
f 56 1954 1906
f 626 3877 3879
f 2001 2002 2003
f 3912 3841 2127
f 2006 2007 2008
f 2127 1413 1412
f 2014 2015 2016
f 2018 2019 2020
f 1495 1424 1947
f 1379 1377 1386
f 3814 3811 1680
f 2029 1885 1884
f 3902 2128 2120
f 629 3879 3914
f 682 683 943
f 724 1650 2121
f 1757 1819 3821
f 765 1810 3844
f 3851 714 715
f 706 707 3870
f 981 986 987
f 1457 1868 1656
f 2017 2016 2032
f 1458 1655 1868
f 1776 1777 1792
f 1959 1945 1946
f 3663 3715 3725
f 3913 3881 2122
f 1093 1089 689
f 966 965 968
f 3852 715 3881
f 2172 3577 2170
f 670 2138 2137
f 3761 787 1903
f 1429 19 28
f 964 963 978
f 3841 3813 1413
f 1473 1474 669
f 3834 3833 1359
f 2138 798 1870
f 1872 1473 2137
f 715 716 3888
f 1881 1991 1992
f 3843 3842 739
f 1837 1847 3513
f 253 58 59
f 1808 3837 3840
f 1647 3832 3818
f 3865 3866 671
f 2112 3882 3883
f 1405 2045 2044
f 3829 3824 1364
f 273 1541 391
f 576 632 3520
f 3875 3865 668
f 1430 1431 2140
f 2136 3850 3860
f 1430 2139 18
f 3893 3894 570
f 1442 1439 2046
f 1431 1442 2141
f 3869 3913 3850
f 3808 3823 1817
f 3866 3893 695
f 2142 2025 798
f 571 2143 2142
f 3819 3814 1618
f 2143 2022 2025
f 694 2142 2138
f 681 1572 2144
f 2144 2011 2022
f 328 210 457
f 1572 2010 2011
f 630 3892 3903
f 2085 2086 2087
f 2090 2091 2092
f 572 2144 2143
f 1875 1976 2153
f 1873 1875 2149
f 2103 2107 2097
f 2157 2043 2155
f 2128 1412 1414
f 3874 3871 589
f 3872 3870 628
f 2149 2153 2158
f 2159 2158 3905
f 698 3907 3902
f 3823 3847 3827
f 2158 2156 3874
f 1438 2044 2046
f 2035 2154 2160
f 2161 2160 3889
f 3871 3891 605
f 3873 17 18
f 370 29 61
f 649 1951 413
f 2153 2157 2156
f 1428 1429 1449
f 1490 76 73
f 3890 3905 710
f 2155 1891 3891
f 1456 1457 1880
f 2125 2088 2087
f 2160 2159 3890
f 300 1959 505
f 1064 1062 1046
f 2043 1892 1891
f 2129 2130 2004
f 2131 2132 2133
f 3848 3849 1450
f 1998 1975 804
f 3879 673 3864
f 474 492 490
f 1164 1165 1182
f 707 2162 3909
f 708 1472 2162
f 2162 2161 3886
f 548 549 1905
f 1145 1136 1114
f 705 2121 1650
f 2043 2157 1977
f 737 738 554
f 1034 1195 1191
f 458 1905 1907
f 195 196 232
f 2040 2039 1969
f 2145 2146 2147
f 2054 2050 2049
f 3832 1646 1639
f 9 12 11
f 252 364 506
f 472 478 479
f 1865 3924 3791
f 900 903 910
f 1941 2150 2151
f 1921 1928 1927
f 2163 1897 1898
f 271 156 153
f 1904 1326 12
f 282 263 264
f 1872 1873 2154
f 1326 1904 1897
f 628 692 693
f 1724 1722 1719
f 1549 1562 436
f 1582 1583 1730
f 1921 1920 1929
f 3563 3511 10
f 475 772 774
f 769 2172 2171
f 2171 2165 476
f 476 773 772
f 1791 565 464
f 2166 2167 2168
f 595 371 372
f 483 1809 1641
f 762 2174 2173
f 771 483 484
f 486 487 1809
f 297 1549 1517
f 763 2175 2174
f 776 755 759
f 184 185 2176
f 412 447 303
f 2005 2176 185
f 3811 1681 1682
f 2164 2170 756
f 1472 2035 2161
f 950 951 964
f 2177 2178 2179
f 227 226 1510
f 2182 2183 2184
f 2186 2019 2018
f 1985 2182 2181
f 214 736 729
f 865 849 842
f 849 865 1357
f 559 3187 3188
f 16 13 737
f 560 553 498
f 3193 3196 3195
f 3200 3197 3198
f 3211 3214 3213
f 3215 3218 3217
f 2187 2188 2002
f 2169 2168 2189
f 2192 2086 2085
f 2193 2194 2195
f 2198 2199 2200
f 1998 1982 1979
f 3664 3665 3668
f 2116 1898 1903
f 1859 2006 2009
f 3904 2123 2126
f 1135 1148 1087
f 2201 2202 2015
f 1149 111 110
f 3221 3222 3218
f 2203 2204 2205
f 579 580 1895
f 1755 2207 2208
f 3891 3910 1893
f 1211 2151 2150
f 868 997 2210
f 944 945 930
f 2130 2129 2202
f 233 1903 1898
f 665 751 750
f 1167 1254 999
f 2211 2212 2213
f 2215 2216 2217
f 3867 593 590
f 2220 221 220
f 823 824 948
f 3225 3220 3227
f 266 204 455
f 3882 2108 2107
f 2221 2222 3519
f 2223 2224 2225
f 2207 2125 2124
f 673 674 3869
f 817 1000 996
f 2227 2228 2146
f 1947 1948 646
f 3900 2135 17
f 2229 1635 1638
f 1679 1613 1618
f 1637 2231 2232
f 2233 2234 1617
f 2231 2235 2236
f 1381 1638 2238
f 3586 2241 2242
f 1630 2234 2233
f 1681 1626 472
f 1408 1407 2243
f 3236 3239 3238
f 3232 3241 3240
f 1637 2230 2238
f 3237 3238 3233
f 1409 1408 1634
f 1380 1383 2247
f 1628 2248 2245
f 2249 1623 1622
f 1632 1634 1408
f 2248 1628 1631
f 2235 2231 1637
f 3245 3246 3199
f 631 2070 2071
f 515 167 52
f 782 781 2251
f 2253 2254 2255
f 397 281 459
f 1456 2039 2040
f 2040 2041 2036
f 1401 2112 2111
f 2041 2040 1970
f 1535 121 414
f 1586 1587 2080
f 2256 983 1132
f 1700 1699 3918
f 3815 1896 1686
f 1263 2256 1886
f 598 1841 844
f 2257 2258 2259
f 2258 2261 2262
f 2259 2262 2263
f 2260 2259 2216
f 1967 1971 1970
f 2212 1964 1963
f 922 921 2218
f 1312 1098 1101
f 1307 1306 1286
f 1548 1569 1546
f 2266 2267 2268
f 2265 2268 2270
f 2272 2265 2269
f 2273 2266 2265
f 2275 2276 2277
f 2278 2274 2277
f 2284 2285 3617
f 2287 2283 2286
f 2288 2289 2283
f 2290 2284 3639
f 2291 2292 2293
f 2295 2291 2294
f 2296 2297 2291
f 2297 2298 2292
f 2294 2293 2299
f 2279 2294 2300
f 2298 2301 2302
f 2292 2302 2303
f 2293 2303 2304
f 2304 2305 2306
f 2308 2309 2310
f 2302 2307 2310
f 2301 2311 2307
f 2312 2308 2307
f 2313 2314 2315
f 2318 2319 2320
f 3748 3771 2322
f 2324 2325 2273
f 2313 2324 2326
f 2328 2324 2313
f 2329 2325 2324
f 2331 2332 2333
f 2330 2333 2267
f 2325 2330 2266
f 2329 2331 2330
f 2333 2334 2335
f 2336 2334 2333
f 2338 2336 2332
f 2331 2339 2337
f 2329 2340 2339
f 2328 2341 2340
f 2316 2342 2341
f 2342 2316 2315
f 2344 2345 2346
f 2341 2344 2347
f 2342 2348 2344
f 2348 2349 2345
f 2350 2351 2352
f 2339 2350 2353
f 2340 2347 2350
f 2347 2346 2351
f 2337 2353 2354
f 2353 2352 2355
f 2356 2277 2276
f 2356 2357 2358
f 2356 2359 2296
f 2279 2277 2356
f 2360 2361 2270
f 2267 2335 2360
f 2362 2363 2364
f 2362 2365 2361
f 2366 2362 2358
f 2366 2367 2363
f 2357 2276 2368
f 2366 2368 2369
f 2276 2275 2370
f 2368 2370 2282
f 2372 2373 2374
f 2375 2376 2377
f 2378 2379 2380
f 2382 2378 2381
f 2384 2385 2378
f 2385 2386 2379
f 2388 2389 2390
f 2387 2390 2392
f 2393 2394 2387
f 2394 2395 2388
f 2186 2401 2402
f 2403 2404 2327
f 2272 2403 2326
f 2271 2405 2403
f 2405 2406 2404
f 2404 2407 2408
f 2409 2410 2411
f 2409 2412 2271
f 2413 2409 2269
f 2413 2414 2410
f 2417 2415 2416
f 2417 2418 2406
f 2412 2417 2405
f 2411 2415 2417
f 2406 2419 2407
f 3569 3520 632
f 2420 2398 2397
f 2420 2421 2423
f 2424 2420 2422
f 2424 2399 2398
f 2425 2391 2392
f 2421 2425 2426
f 2397 2396 2425
f 2396 2393 2391
f 2427 2314 2408
f 2430 2427 2428
f 2343 2315 2427
f 2432 2343 2430
f 2431 2430 2429
f 2435 2431 2433
f 2436 2432 2431
f 2428 2408 2407
f 2422 2437 2407
f 2438 2437 2422
f 2429 2428 2437
f 2440 2434 2433
f 2441 2439 2433
f 2442 2443 2439
f 2443 2444 2440
f 2445 2446 2444
f 2447 2445 2443
f 2383 2381 2445
f 2381 2380 2446
f 2448 2438 2423
f 2449 2448 2426
f 2441 2448 2449
f 2441 2429 2438
f 2449 2392 2390
f 2450 2390 2389
f 2447 2450 2451
f 2442 2449 2450
f 2451 2389 2453
f 2452 2453 2455
f 2382 2452 2454
f 2383 2451 2452
f 2456 2457 2373
f 2459 2460 2461
f 2463 2464 2465
f 2462 2465 2285
f 2466 2462 2284
f 2467 2463 2462
f 2461 2460 3703
f 2468 2469 2470
f 2472 2468 2471
f 2474 2461 3701
f 2475 2476 2477
f 2458 2455 2453
f 2479 2453 2389
f 2395 2480 2479
f 2480 2459 2458
f 2481 2482 2483
f 2484 113 2485
f 2471 2470 2464
f 2473 2471 2463
f 2487 2467 2466
f 2486 2466 2290
f 2490 2486 2488
f 2491 2487 2486
f 2492 2473 2467
f 2493 2492 2487
f 2494 2495 2492
f 2495 2472 2473
f 3690 2496 2474
f 3691 2497 2496
f 2498 2494 2493
f 2500 2498 2499
f 3700 3687 2498
f 3687 3691 2494
f 2306 2504 2278
f 2305 2505 2504
f 2504 2505 2507
f 2506 2507 2288
f 2274 2506 2508
f 2278 2504 2506
f 3633 3632 2489
f 3620 3633 2488
f 2507 2509 2289
f 2505 2510 2509
f 2508 2288 2287
f 2511 2287 2281
f 2370 2511 2280
f 2275 2508 2511
f 2512 2490 2489
f 2514 2512 2513
f 2517 2512 2514
f 2517 2491 2490
f 2499 2493 2491
f 2499 2517 2516
f 2510 2505 2519
f 2518 2519 2521
f 3616 2518 2520
f 3632 2510 2518
f 2522 2304 2303
f 2523 2522 2310
f 2305 2304 2522
f 2524 2522 2523
f 2519 2524 2525
f 2505 2305 2524
f 2308 2312 2527
f 2526 2527 2529
f 2531 2526 2528
f 2309 2308 2526
f 1214 2532 2151
f 2419 2406 2418
f 2533 2345 2349
f 2534 2533 2317
f 2535 2536 2533
f 2536 2346 2345
f 2537 2351 2346
f 2538 2537 2536
f 2539 2540 2537
f 2540 2352 2351
f 2312 2355 2541
f 2527 2541 2542
f 2543 2435 2434
f 2545 2543 2544
f 2319 2318 2543
f 2318 2436 2435
f 2514 2515 2548
f 2547 2548 2550
f 2552 2547 2549
f 2552 2516 2514
f 2520 2521 2554
f 2553 2554 2556
f 3590 2553 2555
f 3621 2520 2553
f 2523 2309 2531
f 2557 2531 2530
f 2525 2523 2557
f 2559 2557 2558
f 2554 2559 2560
f 2521 2525 2559
f 2561 2375 2007
f 2376 2562 2225
f 2564 2565 2566
f 2563 2566 338
f 2569 2563 2567
f 2570 2564 2563
f 2572 2573 2574
f 2571 2574 2576
f 2544 2571 2575
f 2544 2434 2572
f 2578 2570 2569
f 2579 2577 2569
f 2574 2577 2579
f 2573 2578 2577
f 2581 2582 2583
f 2584 2580 2583
f 3697 3675 2580
f 3676 2581 2580
f 2582 2516 2552
f 2583 2552 2551
f 2500 2501 2589
f 2590 2588 2589
f 3693 3695 2588
f 3695 3700 2500
f 2501 2516 2591
f 2592 2593 2594
f 2386 2385 2503
f 2596 2379 2386
f 2596 2374 2373
f 2599 2596 2597
f 2599 2380 2379
f 2600 2446 2380
f 2600 2599 2598
f 2603 2600 2601
f 2603 2444 2446
f 2604 2603 2602
f 2440 2604 2605
f 2444 2603 2604
f 2606 2582 2581
f 2606 2607 2590
f 2591 2516 2582
f 3676 2587 2456
f 3689 2456 2372
f 2478 2477 2608
f 2609 2610 2611
f 2564 2570 2613
f 2612 2613 2598
f 2457 2612 2597
f 2565 2564 2612
f 2614 2613 2570
f 2615 2614 2578
f 2602 2601 2614
f 2601 2598 2613
f 2572 2434 2605
f 2616 2605 2602
f 2573 2572 2616
f 1459 1016 1045
f 1265 1215 1079
f 1612 1608 1609
f 2067 2057 2069
f 1135 1109 1136
f 1938 1937 2618
f 95 548 458
f 2058 1607 1608
f 1454 1469 1445
f 655 2620 1048
f 722 1049 2621
f 1131 985 1033
f 562 1481 366
f 1723 1719 1725
f 1786 1123 1122
f 267 300 323
f 1325 2034 1654
f 1468 1165 1435
f 658 657 529
f 8 532 247
f 382 1557 1559
f 788 619 1307
f 940 930 929
f 911 2622 2623
f 2621 2620 655
f 2624 1857 2625
f 998 1846 27
f 635 638 2626
f 2627 641 644
f 2628 2627 1840
f 1200 1199 2627
f 1199 1773 641
f 1520 515 49
f 1452 1350 1349
f 2630 2631 1859
f 644 643 1335
f 1197 1198 717
f 2632 717 719
f 2628 2632 1166
f 2629 1197 2632
f 1762 2633 1050
f 1823 870 873
f 2634 2635 794
f 1042 794 2635
f 93 94 1901
f 2036 2038 1458
f 1527 332 1525
f 877 876 1274
f 134 409 797
f 1328 893 931
f 607 777 1091
f 1043 2635 2637
f 2636 2637 2639
f 1275 2636 2638
f 1275 1040 1043
f 1272 2624 2626
f 2640 2626 638
f 1110 2641 2640
f 536 1272 2640
f 1472 708 1474
f 2042 2030 1951
f 1058 1106 1105
f 2642 2623 2643
f 1192 2642 2644
f 912 2623 2642
f 3898 1657 3526
f 1049 1048 2620
f 616 1829 1885
f 1331 1913 666
f 990 989 1198
f 1911 1912 321
f 1298 1282 1205
f 76 1490 1504
f 1502 1500 421
f 610 609 658
f 1146 937 659
f 2646 911 914
f 1280 1239 1238
f 1453 1454 1452
f 835 942 1843
f 1271 1270 1173
f 1893 1878 1826
f 1050 2633 1937
f 2651 2652 814
f 1006 1053 1281
f 2653 1084 2654
f 1001 1004 1003
f 585 997 679
f 2624 1272 621
f 555 678 2028
f 1207 526 1197
f 1626 1627 478
f 426 389 419
f 1030 1193 1773
f 3898 645 634
f 534 1533 138
f 1125 1092 1042
f 333 228 88
f 569 1570 561
f 1489 2656 871
f 1857 2624 620
f 1673 1674 3770
f 622 861 864
f 619 788 891
f 261 544 545
f 393 1555 1556
f 2658 2659 2647
f 1075 2658 2657
f 1081 1080 2658
f 1080 1139 2659
f 2644 2643 1141
f 2660 1141 1140
f 642 2660 1336
f 1193 2644 2660
f 679 678 555
f 1503 1501 1500
f 1318 1317 1101
f 2661 2659 1139
f 2661 1142 2663
f 2662 2647 2659
f 2662 2663 2622
f 2664 2622 911
f 2648 2664 2646
f 2648 2647 2662
f 2083 2094 2093
f 1442 1440 1437
f 519 329 330
f 1885 2029 1209
f 799 800 805
f 1946 1943 1952
f 1302 1301 1253
f 566 2005 224
f 1389 940 928
f 683 682 681
f 836 835 1842
f 2665 1842 1845
f 2666 2665 1303
f 24 836 2665
f 831 1072 2650
f 1845 1844 1304
f 2010 2013 2012
f 1051 1936 2667
f 1522 1521 1511
f 531 440 441
f 1250 635 2625
f 2669 2625 1857
f 783 2669 1856
f 782 1250 2669
f 720 2670 2671
f 1055 1931 1930
f 1333 1067 1251
f 619 622 1308
f 652 655 2619
f 521 522 1539
f 1838 988 537
f 2672 537 536
f 1113 2672 2641
f 1113 527 1838
f 1016 1013 1351
f 3897 573 570
f 226 227 104
f 3564 3669 3827
f 1036 1037 1884
f 2674 1301 1304
f 2673 1304 1844
f 1334 2673 2675
f 1333 2674 2673
f 2676 702 1039
f 1843 2676 2675
f 942 1074 2676
f 1074 699 702
f 752 1057 1055
f 1200 1166 656
f 1120 1846 874
f 2677 874 877
f 1241 2677 1052
f 1119 1120 2677
f 1560 1513 151
f 1208 1316 611
f 215 735 736
f 1460 1459 1462
f 1208 1207 1839
f 854 856 1282
f 72 445 182
f 544 1563 1565
f 217 200 456
f 2047 1404 930
f 1204 2618 1937
f 913 777 686
f 840 527 1113
f 1531 729 730
f 2678 778 1283
f 601 667 1914
f 1537 1538 459
f 1819 1757 3509
f 991 1860 862
f 2679 711 1073
f 2680 1830 983
f 779 2680 2256
f 778 2678 2680
f 2678 2679 1830
f 180 542 245
f 1886 1132 1131
f 1138 1137 1274
f 1841 598 1140
f 75 313 314
f 193 423 420
f 2681 2682 1099
f 170 1567 1565
f 349 416 417
f 1121 1124 2684
f 547 797 409
f 123 122 121
f 2643 2663 1142
f 1542 1544 513
f 899 900 907
f 1210 677 676
f 791 663 982
f 24 27 837
f 893 896 932
f 1860 1320 863
f 535 538 862
f 1569 1548 1547
f 181 455 542
f 660 659 937
f 2013 567 568
f 887 890 2631
f 1524 1508 361
f 520 161 162
f 2653 855 854
f 1238 1237 2655
f 718 1838 527
f 1492 1493 518
f 792 616 615
f 599 846 1835
f 290 457 456
f 312 171 1552
f 1248 2687 1179
f 153 149 177
f 1240 1181 1222
f 1257 1292 1235
f 1291 1084 1083
f 1052 877 1277
f 743 742 2618
f 444 140 430
f 23 1224 1172
f 2687 2654 1180
f 102 103 409
f 1283 607 610
f 373 497 650
f 1180 2654 1084
f 855 2653 2655
f 1173 1270 1917
f 2689 850 853
f 2688 853 1108
f 2686 2688 1279
f 2687 2689 2688
f 2691 1302 1252
f 2690 1252 850
f 1248 2690 2689
f 1248 1247 2691
f 2692 617 24
f 2691 2692 2666
f 1247 1258 2692
f 1258 1168 617
f 394 1554 1555
f 2693 1260 1259
f 1072 1236 1262
f 1257 1071 1168
f 398 439 1555
f 871 1784 1314
f 1178 1232 1249
f 1224 1289 1173
f 1010 2617 2618
f 1175 1174 1292
f 2654 2687 2686
f 2694 1157 1216
f 71 418 1487
f 701 1112 1111
f 1072 1261 2649
f 1085 2695 22
f 895 2694 1264
f 1601 1606 1605
f 1259 1262 1271
f 21 20 1220
f 988 991 538
f 598 597 1336
f 1050 860 818
f 1298 2645 1761
f 1168 1167 618
f 858 1168 1256
f 39 242 516
f 2652 1761 819
f 313 316 315
f 2026 1970 1971
f 2656 1489 596
f 814 819 818
f 2696 2651 813
f 1260 2696 2649
f 2693 2697 2696
f 2697 1296 2651
f 381 355 390
f 3818 3819 1611
f 1475 1427 1428
f 1292 1174 1917
f 1551 353 354
f 1526 1525 1523
f 1593 1589 1595
f 1232 1269 1246
f 2695 2693 1223
f 2698 1297 1296
f 2698 2697 2693
f 2685 2698 2695
f 2685 854 1297
f 562 1497 271
f 2652 2651 1296
f 1365 1366 1364
f 1958 1946 1953
f 585 588 2210
f 1561 1560 1515
f 975 2648 1146
f 347 67 68
f 1038 1111 636
f 2700 781 780
f 2699 780 1036
f 2701 2699 1883
f 851 2700 2699
f 2674 1333 2251
f 2702 2251 781
f 1253 2702 2700
f 1301 2674 2702
f 1519 387 388
f 1273 1239 1280
f 2703 1280 1107
f 2701 2703 852
f 1829 1273 2703
f 91 260 326
f 1784 871 2656
f 2683 2684 2705
f 1669 3534 3548
f 2062 2063 2060
f 621 535 861
f 2023 731 732
f 686 779 1263
f 857 1051 2668
f 883 830 882
f 637 636 1111
f 2668 894 893
f 2667 921 894
f 1039 1038 1068
f 313 75 1504
f 1911 1972 305
f 1936 2706 1964
f 2707 2402 2401
f 2708 2707 2183
f 738 2163 2116
f 2349 2348 2432
f 2711 2712 2020
f 2400 2711 2019
f 2714 2715 2716
f 2717 2718 2719
f 2721 2722 2723
f 2726 2727 2728
f 2725 2728 2730
f 2731 2725 2729
f 2732 2726 2725
f 2734 2735 2736
f 2738 2739 2740
f 2737 2740 2741
f 2744 2745 2746
f 2745 2744 2748
f 2749 2750 2747
f 2753 2749 2751
f 2250 1380 2246
f 2754 1396 1614
f 3598 2754 2755
f 3608 2745 2747
f 1617 2756 2755
f 2242 2758 1620
f 2191 2085 2760
f 2761 2759 2760
f 3648 2759 2761
f 3623 2191 2759
f 3209 3248 3223
f 1395 1394 2236
f 1395 2235 1636
f 1616 1635 2229
f 1617 2234 2763
f 2756 2763 3628
f 2765 2763 2234
f 2766 2764 3628
f 3202 3199 3246
f 1516 437 435
f 2768 2769 3552
f 1495 541 578
f 2135 2136 28
f 1690 1689 3926
f 2778 2779 2780
f 2777 2780 2781
f 2784 2778 2777
f 3555 3521 575
f 1494 1904 9
f 3529 2016 2015
f 451 61 505
f 2786 2787 2788
f 2779 2786 2785
f 2789 2752 2741
f 2790 2753 2752
f 2792 2793 2794
f 2793 2795 2796
f 2796 2797 2750
f 2794 2796 2749
f 2798 1393 1396
f 3591 2798 2754
f 2798 2799 2800
f 3591 3662 2799
f 2797 2796 2795
f 2791 2794 2753
f 216 233 232
f 3804 2806 2807
f 3805 2809 2804
f 2769 2810 3557
f 183 185 184
f 2811 2812 2775
f 2804 2811 2776
f 2809 2813 2811
f 2812 2811 2813
f 3805 2808 2816
f 3796 2818 2815
f 3798 3800 2820
f 3793 2823 2819
f 2824 2736 2735
f 2823 2825 2824
f 2825 2823 2826
f 3793 2822 2827
f 3796 2817 2826
f 2713 2716 2829
f 2828 2829 2831
f 2822 2821 2828
f 2821 2820 2713
f 2832 2827 2822
f 2833 2832 2830
f 2834 2835 2832
f 2835 2818 2827
f 2837 2838 2839
f 2836 2839 2841
f 2842 2836 2840
f 2843 2837 2836
f 2840 2841 2845
f 2718 2844 2845
f 2730 2728 2844
f 2727 2840 2844
f 2846 2845 2841
f 2829 2846 2847
f 2847 2841 2839
f 2848 2839 2838
f 2833 2848 2849
f 2831 2847 2848
f 2850 2814 2851
f 2853 2850 2852
f 2783 2777 2782
f 2785 2788 2853
f 2780 2785 2856
f 2857 2858 2855
f 2859 2857 2782
f 2861 2843 2842
f 2860 2842 2727
f 2862 2860 2726
f 2863 2861 2860
f 2861 2863 2858
f 2843 2861 2857
f 2856 2853 2854
f 2781 2856 2864
f 2837 2843 2859
f 2838 2837 2864
f 2852 2851 2834
f 2854 2852 2849
f 2865 2815 2818
f 2851 2865 2835
f 2813 2809 2815
f 2814 2813 2865
f 2866 2812 2814
f 2788 2866 2850
f 2866 2788 2787
f 2812 2866 2867
f 1892 1889 1890
f 2720 2719 2846
f 298 299 256
f 2872 2714 2713
f 3794 3800 2735
f 2729 2730 2874
f 2846 2716 2715
f 2876 2877 2878
f 2733 2875 2878
f 3806 3807 2879
f 3806 2880 2872
f 2882 2883 2884
f 2881 2884 2715
f 2880 2881 2714
f 2879 2882 2881
f 2885 2886 2887
f 2888 2889 2890
f 2885 2890 2892
f 2893 2886 2885
f 1942 2151 2532
f 2895 2892 2720
f 2884 2895 2870
f 2883 2896 2895
f 2896 2891 2892
f 2889 2874 2717
f 2890 2717 2720
f 2897 2893 2891
f 2898 2897 2896
f 2899 2898 2883
f 2900 2899 2882
f 3797 2900 2879
f 2876 2902 2901
f 2901 2902 2904
f 1785 2656 1835
f 2905 2906 2899
f 2907 2908 2897
f 3797 2901 2903
f 632 576 577
f 3532 3547 2867
f 434 385 550
f 2768 2770 3640
f 2910 2911 1623
f 2241 2912 2758
f 3640 2770 2913
f 1623 2911 2757
f 3587 2242 2757
f 2229 1381 1380
f 2765 1630 1629
f 2915 2914 1629
f 3642 3641 2914
f 3641 3622 2765
f 2919 2916 3642
f 2918 2915 2912
f 3614 2918 2241
f 3618 2919 3613
f 3541 2177 2180
f 3521 2002 2188
f 3705 3573 714
f 2925 2766 2917
f 2924 2917 2916
f 3610 2924 2919
f 3611 2925 2924
f 2926 2927 2766
f 3658 2926 2925
f 1715 1713 1705
f 785 497 498
f 1387 651 565
f 374 375 1899
f 3573 2203 2206
f 2929 2930 2886
f 2932 2933 2934
f 1905 1906 1908
f 2930 2935 2936
f 2938 2935 2930
f 1493 369 517
f 1603 1585 1586
f 2939 2938 2929
f 2940 2939 2908
f 3665 1707 1600
f 2886 2930 2937
f 2906 2907 2898
f 2908 2929 2893
f 2942 2934 2933
f 2941 2933 2937
f 3501 2941 2936
f 3498 2942 2941
f 2943 2944 2710
f 2943 2873 2874
f 2945 2943 2889
f 2946 2944 2943
f 2932 2945 2888
f 2931 2946 2945
f 727 1928 1929
f 2903 2904 2947
f 545 594 42
f 1480 1570 533
f 2907 2906 2949
f 2906 2905 2950
f 1558 452 215
f 3799 2903 2948
f 2054 1645 1644
f 3705 3684 2203
f 1828 1837 1849
f 2953 2954 2955
f 2952 2955 2957
f 2956 2261 2258
f 2953 2952 2258
f 2454 2455 2474
f 3747 2958 2959
f 3747 2132 2131
f 2961 2962 2963
f 2958 2963 2964
f 222 221 2485
f 2477 2226 2966
f 2631 2561 2006
f 2384 2454 2496
f 2967 2968 2959
f 2968 2967 2970
f 3759 2033 2971
f 3784 2971 2960
f 2972 2971 2033
f 2007 2377 2973
f 1836 1833 1832
f 3506 2188 2090
f 955 810 959
f 672 675 674
f 633 710 713
f 2024 732 733
f 2025 2024 803
f 425 1552 1550
f 2975 2976 888
f 1319 1158 1157
f 1212 1935 2977
f 889 957 2228
f 1978 1974 1975
f 1138 1078 1329
f 751 665 2979
f 1619 1613 1625
f 2252 2255 1728
f 1157 1160 845
f 2706 1936 1938
f 2980 2255 2254
f 2982 2975 887
f 802 712 711
f 678 677 2029
f 527 840 690
f 1839 1207 2629
f 2983 2984 602
f 2983 1914 1913
f 2985 2983 1331
f 2986 2984 2983
f 2987 2637 2635
f 2985 2988 2639
f 2990 1319 1318
f 2991 2992 2993
f 2995 2991 2994
f 1106 1058 2991
f 1058 1057 2992
f 1415 1406 1365
f 1317 922 2217
f 1932 1728 2255
f 926 2998 2999
f 3001 2993 2992
f 3000 2992 1057
f 2999 3000 2978
f 2998 3001 3000
f 3002 2998 2209
f 3002 3003 2996
f 2993 3001 3002
f 1103 1106 2995
f 3004 2995 2996
f 2209 2210 3004
f 588 1103 3004
f 295 296 433
f 2638 2639 2988
f 3005 2988 1056
f 1305 3005 1930
f 1276 2638 3005
f 1987 1968 1993
f 2633 1762 1761
f 1423 1422 1417
f 3561 3517 739
f 2671 2670 2704
f 1473 1872 2035
f 922 1317 2694
f 1401 1400 1378
f 556 2028 1884
f 842 848 3825
f 1854 2706 2617
f 933 1082 1081
f 1440 1441 1436
f 529 657 719
f 1031 1025 1027
f 777 913 912
f 2645 1205 1204
f 441 438 1538
f 790 1287 587
f 2065 2066 1610
f 1860 991 990
f 60 106 87
f 1424 1017 1948
f 332 1527 1507
f 261 262 138
f 187 188 449
f 1719 1720 1726
f 1931 1055 1059
f 3006 1059 1105
f 1287 3006 1104
f 1286 1931 3006
f 3007 3008 3009
f 3009 3008 653
f 618 999 26
f 2029 677 1210
f 957 601 600
f 1049 2146 2228
f 2631 890 3011
f 890 889 2227
f 3011 2227 2145
f 2561 3011 3012
f 1026 656 609
f 2706 1854 1961
f 3013 2965 2485
f 2148 2147 1267
f 3015 1267 1266
f 2997 2264 1101
f 642 641 1773
f 186 477 461
f 1041 1040 1320
f 1121 3016 3017
f 2984 2986 2987
f 3018 2987 2634
f 1048 603 3018
f 603 602 2984
f 2679 2678 801
f 2062 2072 2074
f 2061 2074 2076
f 414 303 1545
f 3016 1121 2683
f 3019 2683 2704
f 3020 3019 2670
f 3007 3016 3019
f 1871 1090 1091
f 3021 1787 1122
f 3022 3021 3017
f 1314 3021 3022
f 1784 1787 3021
f 1316 1315 1763
f 3023 3022 3010
f 3023 3009 795
f 1763 3023 1092
f 1315 3022 3023
f 3016 3007 3010
f 752 751 2978
f 2986 2639 2637
f 3024 654 653
f 3020 3024 3008
f 720 723 3024
f 723 2621 654
f 2681 1098 1268
f 2671 3025 1268
f 2705 2681 3025
f 1313 3026 3027
f 3026 3028 3029
f 3027 3029 3030
f 1311 3027 3031
f 2012 568 731
f 917 2657 974
f 743 1206 856
f 1888 2027 2030
f 2682 2705 2684
f 3032 2684 1124
f 1100 3032 2989
f 1099 2682 3032
f 1123 2990 2989
f 3033 1834 1159
f 2990 3033 1158
f 1123 1786 3033
f 1786 1785 1834
f 1054 1056 2988
f 2979 665 664
f 2623 2622 2663
f 1095 660 688
f 3034 3035 2261
f 3036 3034 2956
f 3037 3038 3034
f 3038 3039 3035
f 3040 3041 3026
f 2263 3042 3041
f 3042 3039 3043
f 3041 3043 3028
f 3044 3045 3043
f 3046 3047 3045
f 3047 3048 3049
f 3043 3045 3049
f 3038 3037 3051
f 3050 3051 3053
f 3052 3046 3044
f 3039 3038 3050
f 3054 3035 3039
f 3042 2263 2262
f 2261 3035 3054
f 2216 2263 2997
f 2212 2211 2667
f 3056 868 2209
f 934 3057 1961
f 2013 3755 3757
f 3058 3059 3060
f 3059 3062 3063
f 3060 3063 2213
f 3061 3060 1963
f 3063 3064 2214
f 3062 3065 3064
f 3065 2257 2260
f 3064 2260 2215
f 3066 3067 3031
f 2608 2966 3067
f 2966 2562 3068
f 3031 3067 3068
f 2455 2458 2461
f 2476 2223 2226
f 3551 2090 2089
f 433 354 355
f 2115 1423 1419
f 3509 2868 2922
f 3769 3737 2131
f 3069 2611 2167
f 2971 2972 2928
f 2961 2774 2773
f 3070 2475 2478
f 2610 2609 3071
f 2502 2371 2374
f 3072 2592 2595
f 2964 3046 3052
f 3048 2593 3074
f 2593 2592 3075
f 3075 3030 3029
f 3074 3029 3028
f 3072 3076 3075
f 3076 3072 2482
f 2481 2608 3066
f 3076 3066 3030
f 2967 3052 3053
f 2482 3072 3073
f 479 480 493
f 706 3900 3873
f 3561 2194 2221
f 2013 2010 3754
f 3533 2032 2016
f 3562 3519 2222
f 1171 1154 1155
f 2586 2566 2565
f 2982 110 113
f 2562 2376 3077
f 2376 2375 3012
f 3012 2145 2148
f 3077 2148 3015
f 2963 3047 3046
f 3051 3078 2970
f 1683 2173 491
f 3850 2122 1447
f 1986 2181 3734
f 3079 3080 2546
f 3081 3079 2575
f 1983 1986 3768
f 3082 2323 2319
f 3080 3082 2545
f 3734 3732 3082
f 3732 3748 2323
f 1309 1471 1888
f 3073 2595 2772
f 2760 3083 3084
f 2760 2085 2088
f 3085 3084 3086
f 3089 3085 3090
f 3089 2762 3084
f 3092 3088 3090
f 3093 2748 2744
f 2751 2747 2748
f 3093 2741 2752
f 2742 2741 3093
f 3094 3093 2743
f 3096 3097 3098
f 3099 3096 3087
f 3097 3094 3095
f 3100 2743 2746
f 3101 2927 3102
f 2764 2766 2927
f 2745 2764 3101
f 3102 3092 3091
f 3100 3091 3095
f 2869 2802 3592
f 3102 3103 3104
f 3658 2868 2869
f 2927 2926 3103
f 3098 3095 3091
f 3087 3098 3090
f 2088 2125 3105
f 3083 3105 3086
f 2483 3073 2771
f 2401 2186 2185
f 3099 3086 3105
f 2125 2207 3106
f 3108 2737 2742
f 3107 2742 3094
f 3110 3108 3107
f 3109 3107 3097
f 3111 3109 3096
f 3112 3110 3109
f 3113 2738 2737
f 3115 2723 2722
f 3117 3115 3114
f 3119 3117 3116
f 3118 3116 3120
f 3116 3114 3113
f 3122 3112 3111
f 3122 3123 1755
f 3124 3125 3126
f 3125 3118 3121
f 3128 3119 3118
f 3129 3128 3125
f 2020 2712 3128
f 3853 3857 1346
f 1065 1046 1047
f 1814 3838 3830
f 2021 2020 3129
f 3111 3099 3106
f 3123 3106 2207
f 2377 2225 2224
f 3014 2485 113
f 1756 2208 3782
f 3131 3132 2530
f 3133 3131 2528
f 1753 1756 3767
f 3134 3124 3127
f 2327 2408 2314
f 2436 2318 2317
f 2018 2021 3711
f 2534 3136 3137
f 2320 2322 3136
f 2185 2018 3712
f 3138 3139 2542
f 3134 3135 3744
f 3785 3130 3134
f 3140 3138 2539
f 2535 3137 3140
f 3711 2021 3130
f 2558 2530 3132
f 3782 3760 3141
f 2560 2558 3141
f 3760 3777 3142
f 958 888 2976
f 1933 1932 2980
f 2399 2424 2418
f 2348 2342 2343
f 2322 2320 2319
f 2718 2717 2874
f 2709 2729 2873
f 2894 2871 1361
f 346 289 176
f 1876 1877 1882
f 2802 2803 3607
f 3104 3144 3088
f 2974 2222 3649
f 3089 3145 2761
f 3088 3144 3145
f 2803 2974 3603
f 3870 3909 692
f 2123 1419 1418
f 1365 1363 1368
f 1581 1766 1782
f 3569 2202 2129
f 3555 2003 2002
f 3146 2585 2551
f 3751 3146 3147
f 3742 3149 3146
f 3149 2584 2585
f 3196 3198 3197
f 3604 2192 2191
f 3142 3150 2556
f 3777 3778 3150
f 3646 3152 2550
f 3150 3151 2555
f 3778 3780 3151
f 3788 3781 3152
f 3153 3147 2551
f 3152 3153 2549
f 3781 3776 3153
f 3776 3750 3147
f 3148 2767 2206
f 2183 2401 2321
f 2132 2960 2928
f 3684 3685 2204
f 3719 2198 2197
f 2594 2962 2773
f 2595 2594 2951
f 1870 798 799
f 3713 2179 2178
f 3706 2178 3736
f 336 3154 3774
f 339 3155 3154
f 3789 3683 3149
f 3683 3697 2584
f 2963 2962 3048
f 3722 3730 337
f 339 338 2566
f 3156 3157 2168
f 2610 3156 2167
f 2954 2953 3156
f 3157 3156 2953
f 3707 2166 2169
f 2567 3158 3159
f 337 3158 2567
f 3730 3069 2166
f 3764 2190 1983
f 2579 3160 3081
f 2568 3159 3160
f 3709 2169 2190
f 3065 3062 3162
f 3161 3162 1984
f 3157 3161 2189
f 2257 3065 3161
f 734 735 1922
f 3059 3058 2708
f 3163 2708 2182
f 3162 3163 1985
f 3062 3059 3163
f 3203 3206 3205
f 2122 2119 1448
f 3817 1686 1685
f 139 140 444
f 1570 569 566
f 2957 3164 3165
f 2955 3166 3164
f 1912 454 341
f 3130 3129 3124
f 1548 322 319
f 1949 1950 1327
f 2969 2970 3078
f 3167 3078 3169
f 3724 2014 2017
f 3720 2017 2033
f 3168 3169 3165
f 3170 3165 3164
f 3779 3170 3171
f 3724 3168 3170
f 3171 3164 3166
f 3172 3166 3071
f 3752 3172 3173
f 3756 3171 3172
f 3169 3037 3036
f 2593 3048 2962
f 3173 3071 2609
f 3174 2609 2199
f 3783 3174 2198
f 3749 3173 3174
f 2190 2189 1984
f 2196 2195 2767
f 2119 2120 1414
f 1464 1463 1466
f 2199 2611 3069
f 2457 2456 2587
f 2226 2225 2562
f 481 478 1627
f 333 1512 235
f 3078 3051 3037
f 3040 2264 2997
f 2219 1934 1933
f 2385 2384 2497
f 221 2220 3175
f 2220 1933 3143
f 3175 3143 2976
f 2484 3175 2975
f 2954 3071 3166
f 2630 1858 110
f 1547 319 1952
f 2091 2090 2188
f 3733 3736 2178
f 1918 1919 1927
f 955 956 960
f 2037 3014 112
f 3143 2980 2981
f 2218 2211 2214
f 672 3877 3787
f 2152 3013 3014
f 1147 1144 1143
f 2248 2246 1409
f 1615 1636 1635
f 1410 1409 2246
f 3241 3243 3242
f 1382 3176 3177
f 3177 1410 2247
f 2247 1383 3177
f 3176 2238 2230
f 1410 3177 3179
f 3179 3180 2243
f 1633 3181 2800
f 1621 1620 2758
f 1622 1621 2245
f 2236 1394 3181
f 2237 2236 3182
f 2250 1631 2233
f 2912 1629 1628
f 135 136 1564
f 1567 419 512
f 1085 1084 2653
f 3184 869 868
f 869 3184 3057
f 1266 1268 1098
f 1267 2147 722
f 937 1146 2646
f 2146 1049 722
f 2211 2218 921
f 1957 510 507
f 1313 1312 2264
f 1496 362 1493
f 2887 2937 2933
f 1687 1688 1659
f 145 1499 1498
f 37 38 418
f 1935 1934 3185
f 104 89 301
f 2101 2098 2083
f 543 298 360
f 1934 2219 3186
f 234 1521 212
f 3845 3821 1822
f 1976 1875 1874
f 223 3186 2219
f 3655 3656 3605
f 2165 2164 467
f 467 468 2165
f 773 476 2165
f 1935 1212 1728
f 3240 3225 3226
f 3261 3249 3250
f 3215 3216 3244
f 3265 3221 3215
f 3267 3245 3198
f 3205 3206 3269
f 3214 3211 3265
f 3271 3213 3214
f 3251 3252 3239
f 3222 3221 3266
f 3232 3235 3234
f 3216 3242 3243
f 3196 3193 3268
f 3244 3243 3254
f 3238 3239 3247
f 3264 3244 3255
f 3253 3242 3216
f 3211 3266 3221
f 3257 3217 3218
f 3258 3222 3272
f 3274 3275 3280
f 3228 3229 3262
f 3275 3231 3281
f 3226 3227 3273
f 3236 3263 3260
f 3281 3263 3236
f 3287 3271 3192
f 3235 3226 3280
f 3234 3280 3281
f 3288 3290 3259
f 3289 3212 3278
f 3210 3209 3224
f 3199 3202 3201
f 3228 3231 3230
f 3290 3288 3285
f 3282 3279 3271
f 3260 3263 3262
f 3243 3241 3268
f 3267 3268 3241
f 3194 3207 3208
f 3191 3270 3269
f 3270 3191 3192
f 3275 3274 3230
f 3264 3269 3270
f 3213 3271 3279
f 3272 3266 3289
f 3277 3278 3212
f 3228 3263 3281
f 3220 3225 3253
f 3219 3253 3217
f 3256 3218 3222
f 3247 3239 3252
f 3245 3267 3232
f 3266 3211 3212
f 3208 3205 3255
f 3288 3289 3284
f 3204 3205 3208
f 560 1899 3187
f 3209 3210 3201
f 3189 3192 3191
f 448 1980 807
f 647 648 122
f 1833 1848 1780
f 510 509 508
f 3210 1949 1887
f 1887 15 3200
f 15 16 3197
f 16 3188 3195
f 3195 3188 3187
f 3194 3187 1899
f 3207 1899 375
f 387 173 126
f 3189 1791 1760
f 3577 763 757
f 763 3577 2172
f 3583 3582 3580
f 3581 3580 3579
f 3594 3597 3596
f 3400 3601 3602
f 3626 3624 3625
f 3631 3635 3599
f 3636 3637 3595
f 3647 3584 3588
f 3650 3582 3584
f 3653 3579 3580
f 3653 2176 3654
f 1801 1864 3656
f 3651 3580 3582
f 3644 3638 3595
f 1767 1768 3659
f 1597 3663 3661
f 1708 1707 3665
f 3671 3668 3667
f 3666 3667 3673
f 1588 1708 3664
f 2080 3671 3666
f 2082 3666 3672
f 3674 3677 3635
f 3677 3678 3636
f 3682 3647 3645
f 3692 3651 3650
f 3681 3645 3644
f 786 3694 3692
f 3694 3653 3651
f 785 3692 3686
f 497 3686 3682
f 650 3682 3681
f 3696 564 3681
f 3405 3606 3605
f 3702 3699 3678
f 3699 3698 3679
f 3645 3588 3638
f 1799 3657 3659
f 3708 3704 3458
f 3462 3710 3708
f 3714 463 564
f 3615 3606 3602
f 3710 3714 3696
f 3635 3636 3596
f 3629 3626 3627
f 3597 3600 3599
f 3630 3716 3715
f 3627 3625 3597
f 3717 3716 3723
f 3715 3663 3660
f 3716 3717 3725
f 3668 3665 3661
f 3668 3725 3717
f 3667 3717 3718
f 3727 3728 3673
f 3728 1576 3672
f 3726 3727 3718
f 1576 2101 2084
f 3727 3726 3731
f 3203 376 1387
f 3190 1387 1791
f 317 240 259
f 2000 2176 3653
f 3601 3599 3600
f 3589 3588 3584
f 3577 758 756
f 3585 3584 3582
f 3678 3679 3637
f 3204 375 376
f 1801 3655 3657
f 3729 3735 3728
f 1575 3735 3738
f 3735 1575 1576
f 1776 1795 1796
f 1293 1294 1290
f 1326 14 1327
f 1294 1245 1234
f 878 1244 1330
f 497 373 374
f 122 648 413
f 3699 3702 3704
f 3606 3405 3401
f 3708 3710 3698
f 3464 3714 3710
f 3704 3674 3443
f 439 398 399
f 1512 1528 1526
f 1668 1741 1738
f 839 849 1362
f 1362 1357 826
f 3843 740 1896
f 2053 2054 2118
f 3888 3887 2120
f 696 697 3816
f 1826 1878 639
f 3740 3739 3729
f 956 885 886
f 1980 806 1922
f 33 34 105
f 1343 1344 3856
f 3907 2127 2128
f 1766 1581 1582
f 14 1326 2163
f 595 98 99
f 3233 3238 3246
f 1346 1035 1044
f 748 1888 1425
f 3193 3208 3254
f 3190 3191 3206
f 3612 3605 3606
f 3624 3612 3615
f 3631 3415 3443
f 3679 3680 3644
f 3686 3650 3647
f 3702 3677 3674
f 3625 3615 3600
f 3601 3400 3415
f 3739 3738 3735
f 3630 3627 3594
f 3741 3723 3716
f 1284 1290 1288
f 3698 3696 3680
f 1778 1781 1780
f 1792 1759 1584
f 695 570 571
f 3638 3741 3594
f 3741 3638 3588
f 3247 3248 3209
f 3292 3293 3294
f 3296 3297 3298
f 3299 3298 3300
f 3302 3303 3304
f 3306 3307 3308
f 3307 3310 3311
f 3303 3302 3301
f 3312 3305 3304
f 3314 3315 3316
f 3318 3319 3320
f 3324 3318 3321
f 3326 3327 3328
f 3329 3330 3331
f 3333 3334 3335
f 3337 3338 3339
f 3333 3336 3341
f 3342 3341 3343
f 3319 3345 3344
f 3338 3335 3334
f 3346 3301 3302
f 3305 3348 3347
f 3350 3337 3340
f 3312 3349 3348
f 3352 3343 3341
f 3311 3353 3354
f 3341 3336 3327
f 3359 3360 3361
f 3318 3363 3345
f 3364 3363 3318
f 3314 3364 3324
f 3366 3299 3301
f 3299 3366 3367
f 3308 3354 3368
f 3369 3317 3295
f 3317 3369 3364
f 3370 3295 3317
f 3325 3371 3365
f 3352 3320 3319
f 3296 3367 3353
f 3297 3296 3311
f 3363 3368 3354
f 3345 3354 3353
f 3344 3353 3367
f 3366 3333 3342
f 3347 3339 3334
f 3339 3347 3348
f 3348 3349 3351
f 3363 3364 3369
f 3294 3309 3368
f 3293 3306 3309
f 3331 3373 3374
f 3346 3334 3333
f 3323 3322 3352
f 3356 3355 3321
f 3355 3357 3325
f 3357 3358 3371
f 3322 3356 3320
f 3361 3330 3329
f 3373 3372 3375
f 3374 3375 3376
f 3329 3332 3376
f 3327 3375 3372
f 3336 3335 3375
f 3335 3338 3376
f 3376 3338 3337
f 3337 3350 3359
f 3359 3350 3276
f 3377 3292 3295
f 3277 3316 3315
f 3371 3378 3379
f 3378 3371 3358
f 3365 3379 3315
f 3316 3277 3279
f 3282 3377 3370
f 3378 3285 3284
f 3380 3286 3285
f 3379 3284 3278
f 3276 3350 3351
f 3291 3351 3349
f 3313 3304 2965
f 2965 3304 3303
f 222 3303 3300
f 223 3300 3298
f 3298 3297 3185
f 3297 3310 2977
f 3310 3307 1213
f 3307 3306 1214
f 2532 1214 3306
f 2894 2532 3293
f 2871 2894 3292
f 3253 3225 3240
f 1997 1996 1889
f 1237 745 744
f 1535 1534 120
f 1531 1532 201
f 1119 1241 1032
f 946 948 824
f 163 8 5
f 3589 3726 3723
f 1155 1156 1162
f 427 213 327
f 553 1902 796
f 3381 2232 2231
f 3381 3178 2230
f 2237 3183 3180
f 3383 3384 3385
f 3384 3386 3387
f 3386 3388 3389
f 3388 3390 3391
f 3392 3393 3394
f 3395 3394 3396
f 3398 3399 3397
f 3400 3401 3399
f 3403 3404 3405
f 3406 3407 3404
f 3408 3409 3407
f 3410 3411 3409
f 3412 3413 3411
f 3415 3400 3398
f 3414 3398 3396
f 3416 3396 3394
f 3417 3394 3393
f 3393 3419 3420
f 3419 3390 3421
f 3390 3388 3422
f 3388 3386 3423
f 3386 3384 3424
f 3384 3383 3425
f 3425 3383 3426
f 2904 3427 3428
f 3429 3427 2904
f 3430 3429 2902
f 2875 3431 3430
f 3432 3433 2733
f 2825 3434 3435
f 3437 3438 3439
f 3441 3437 3436
f 2724 2723 3434
f 3436 3439 3115
f 3440 3436 3117
f 3443 3415 3414
f 3442 3414 3416
f 3444 3416 3417
f 3445 3417 3418
f 3446 3418 3420
f 3420 3421 3448
f 3421 3422 3449
f 3422 3423 3450
f 3423 3424 3451
f 3424 3425 3452
f 3425 3184 3056
f 3451 3452 2253
f 3450 3451 2252
f 3449 3450 1727
f 3448 3449 2150
f 3453 3447 3448
f 3454 3446 3447
f 3455 3445 3446
f 3456 3444 3445
f 3442 3444 3456
f 3443 3442 3457
f 3459 3460 3458
f 3457 3456 3455
f 3459 3455 3454
f 3462 3460 3459
f 3461 3454 3453
f 3464 3462 3461
f 3463 3453 1941
f 3404 3399 3401
f 3407 3397 3399
f 3409 3395 3397
f 3411 3392 3395
f 3465 3466 3413
f 3467 3468 3469
f 3465 3412 3431
f 3470 3467 3466
f 3438 3470 3432
f 3467 3470 3438
f 3468 3467 3437
f 3471 3469 3468
f 3472 3468 3441
f 3473 3441 3440
f 2712 3440 3119
f 3475 3471 3472
f 3474 3472 3473
f 3476 3473 2712
f 3477 3476 2711
f 3478 3474 3476
f 3479 3475 3474
f 3392 3411 3413
f 3466 3469 3480
f 3419 3393 3392
f 3390 3419 3480
f 3469 3471 3391
f 3389 3391 3471
f 3387 3389 3475
f 3385 3387 3479
f 3482 3477 2400
f 3483 3478 3477
f 3481 3479 3478
f 3484 3482 2402
f 3058 3484 2707
f 3061 3485 3484
f 3485 3483 3482
f 3382 3385 3481
f 3486 3481 3483
f 3426 3383 3382
f 3487 3382 3486
f 3486 3485 3061
f 1961 3057 3487
f 3057 3184 3426
f 3428 3403 3402
f 3427 3406 3403
f 3429 3408 3406
f 3430 3410 3408
f 3431 3412 3410
f 3470 3465 3433
f 3434 3439 3438
f 2723 3115 3439
f 2875 2733 3433
f 2736 2824 3435
f 2947 3428 3488
f 3464 3463 1360
f 1900 1925 1924
f 1736 1717 1718
f 1955 1952 1943
f 1671 1738 1735
f 1696 1750 1698
f 1800 1865 1864
f 2063 2055 2056
f 1737 1734 1717
f 1751 1735 1697
f 943 3885 3899
f 3656 3488 3402
f 1577 1578 1764
f 3917 1598 1599
f 1945 146 82
f 68 6 7
f 147 1542 1543
f 1109 1135 1133
f 1503 1910 1907
f 1499 1501 1909
f 452 1922 735
f 1824 2068 3835
f 1825 2067 2068
f 1463 1462 1022
f 841 1012 1009
f 1568 1547 1955
f 1910 1503 1502
f 1939 1502 422
f 309 280 1940
f 1804 1851 1866
f 269 1482 1954
f 2065 1607 2060
f 3812 1685 1758
f 280 276 552
f 1875 1873 1869
f 1739 1721 1734
f 1778 1779 1790
f 310 1920 1915
f 1909 1908 1906
f 1789 1783 1778
f 978 981 980
f 1584 1759 1731
f 425 426 311
f 148 1543 115
f 2044 3897 3894
f 277 1910 1939
f 1943 1946 1945
f 1461 1462 1463
f 2253 3452 3056
f 2981 2254 3489
f 2209 2998 3489
f 2254 2253 3055
f 2998 926 958
f 2826 2817 2721
f 3490 2739 2721
f 2816 3491 3490
f 2334 2297 2296
f 2298 2297 2334
f 2301 2298 2336
f 2311 2301 2338
f 2312 2311 2354
f 2359 2358 2361
f 2335 2296 2359
f 2414 2413 2365
f 2413 2270 2361
f 2355 2352 2540
f 2541 2540 2539
f 2722 2721 2739
f 3114 2722 2738
f 3110 3112 3121
f 3108 3110 3120
f 3122 1754 3127
f 3112 3122 3126
f 3127 1754 1753
f 3139 3133 2529
f 3744 3775 3133
f 3490 2789 2740
f 3491 2790 2789
f 228 229 91
f 245 244 243
f 248 7 247
f 2 297 296
f 145 146 300
f 327 213 210
f 329 332 331
f 239 241 240
f 373 376 375
f 178 177 176
f 1218 1225 1228
f 3862 1231 1295
f 808 809 824
f 3858 3859 1013
f 3813 3810 1411
f 2154 2149 2159
f 3845 3835 1758
f 306 807 1922
f 2157 2153 1976
f 708 709 2031
f 1450 1226 1227
f 1672 1604 1605
f 1813 1814 1821
f 1717 1716 1715
f 176 159 402
f 1710 1705 3916
f 1712 1580 1577
f 1705 1713 1711
f 971 978 979
f 822 823 1094
f 2909 2810 2793
f 2810 2769 2795
f 2799 2910 2249
f 3662 3643 2910
f 2769 2768 2801
f 3177 3176 3178
f 3178 3381 3180
f 3181 1394 1393
f 3181 1633 1632
f 3182 1632 2244
f 3183 2244 2243
f 3492 2791 2790
f 2808 3492 3491
f 2239 3574 3572
f 2202 3569 3566
f 2921 3564 3565
f 3568 3560 2133
f 1777 1579 1759
f 1201 1196 1183
f 3561 3554 2195
f 3553 3576 2770
f 3927 3925 1687
f 1516 152 154
f 3549 3562 2974
f 3550 3548 2779
f 3070 2771 3546
f 3547 3544 2775
f 1376 1375 1370
f 2767 3543 3556
f 2195 3554 3543
f 2775 3544 3542
f 3377 3282 3545
f 3804 3802 3539
f 2776 3542 3538
f 2240 3572 3535
f 2920 3535 3669
f 3548 3534 2786
f 1805 1850 1851
f 3534 3532 2787
f 2772 2951 3531
f 2973 2224 3530
f 1957 1953 320
f 306 305 304
f 2770 3576 3528
f 2913 3528 3574
f 2923 3565 3527
f 308 1940 431
f 207 208 132
f 1879 1876 1881
f 3733 3787 3525
f 2476 2475 3524
f 2223 2476 3523
f 3522 3549 2803
f 1959 1958 450
f 2003 3555 3520
f 9 10 334
f 2009 2008 3518
f 3877 672 673
f 3515 3550 2778
f 2935 3514 3513
f 111 1149 3570
f 3510 3514 2935
f 683 3876 3885
f 3508 3557 2810
f 736 733 732
f 1795 1804 1803
f 3505 3510 2938
f 3507 3505 2939
f 2950 3512 3504
f 2940 2949 3504
f 3801 3791 3512
f 2868 3509 3502
f 2869 3502 3522
f 1024 1034 1023
f 3500 3503 2948
f 551 1939 442
f 2972 3499 3568
f 2032 3533 3499
f 216 93 1924
f 203 202 201
f 1828 1848 1847
f 1958 1957 449
f 272 271 178
f 2871 3545 3495
f 3619 3669 3564
f 2801 2768 3643
f 2005 3758 3654
f 960 886 899
f 3657 3655 3612
f 3780 3788 3646
f 3151 3646 3593
f 2193 3604 3623
f 3607 3603 3145
f 3603 3649 2761
f 3592 3607 3144
f 2926 3658 3634
f 3634 3592 3104
f 3755 3754 3746
f 566 567 3758
f 3488 3656 1864
f 1602 1586 2079
f 2868 3658 3611
f 2922 3611 3610
f 2923 3610 3618
f 3670 3613 2918
f 3619 3670 3614
f 2921 3618 3670
f 2920 3614 3586
f 3613 3642 2915
f 2917 2766 3622
f 2916 2917 3641
f 2239 3587 3652
f 2911 3640 3652
f 3643 3640 2911
f 2797 2801 3662
f 2797 3591 3598
f 3622 3628 2763
f 3608 3628 2764
f 2194 3623 3648
f 2221 3648 3649
f 2756 3608 3609
f 2750 3598 3609
f 3669 3535 1817
f 3763 3770 1691
f 2515 3621 3590
f 2548 3590 3593
f 2513 2489 3632
f 2513 3616 3621
f 2509 3633 3620
f 2510 3632 3633
f 2289 3620 3639
f 2283 3639 3617
f 2240 3586 3587
f 3659 3657 3624
f 716 2121 3887
f 727 1999 3761
f 2165 2171 2170
f 3660 3659 3626
f 3743 3581 3578
f 2175 2172 769
f 2100 500 2095
f 3758 567 3757
f 1653 3576 3553
f 1653 1810 3528
f 3762 1603 1604
f 2093 2075 2073
f 959 996 995
f 962 899 919
f 1400 1401 1398
f 1000 817 1127
f 956 959 884
f 1662 3548 3550
f 3926 1689 3539
f 3535 3572 766
f 3572 3574 765
f 1684 1651 1652
f 1682 1683 775
f 1585 1603 3762
f 3763 3762 1672
f 2173 2174 490
f 1658 3544 3547
f 3556 3543 1650
f 1571 3754 2010
f 1587 3664 3671
f 2099 2095 2077
f 787 3761 1999
f 2000 3694 786
f 3155 339 3697
f 3713 3155 3683
f 2180 2179 3685
f 3496 2180 3684
f 1684 3846 3840
f 1760 464 3495
f 2607 3689 3693
f 2581 3676 3689
f 2371 2502 3700
f 2371 3695 3693
f 2587 3676 3675
f 2586 3675 3697
f 2497 3691 3687
f 2502 2503 3687
f 2494 3691 3690
f 3690 3688 2472
f 3688 3701 2468
f 3701 3703 2469
f 726 3908 3892
f 1837 3514 3510
f 1851 3507 3504
f 3527 3565 1820
f 1758 1685 3522
f 1693 3557 3508
f 3504 3512 1867
f 2126 1418 3813
f 3906 2126 3841
f 2113 3911 3867
f 2179 3713 3789
f 624 3903 3904
f 2192 3604 3788
f 2177 3541 3787
f 1364 3824 3833
f 3858 3855 1470
f 3135 1753 3775
f 2069 3812 3835
f 1351 3861 3853
f 2108 3882 3901
f 2089 2092 3736
f 3828 3834 1358
f 2001 3749 3783
f 2187 3783 3719
f 2130 3756 3752
f 2004 3752 3749
f 2014 3724 3779
f 2201 3779 3756
f 3167 3720 3759
f 3168 3724 3720
f 3159 3709 3764
f 3160 3764 3765
f 3730 3707 3158
f 3158 3707 3709
f 2200 3069 3730
f 3685 3789 3742
f 3722 3774 2197
f 3790 3736 2092
f 3774 3790 3721
f 3154 3706 3790
f 3155 3713 3706
f 2091 3719 3721
f 2196 3148 3750
f 2193 2196 3776
f 3604 2193 3781
f 2086 2192 3780
f 2087 2086 3778
f 2204 3742 3751
f 2205 3751 3750
f 3909 3886 574
f 2124 2087 3777
f 2208 2124 3760
f 3711 3785 3140
f 3785 3745 3138
f 3745 3744 3139
f 3771 3712 3136
f 3712 3711 3137
f 3775 3767 3131
f 3767 3782 3132
f 1813 3839 3838
f 1293 3854 3856
f 2184 2321 3748
f 2181 2184 3732
f 3765 3768 3079
f 3768 3734 3080
f 709 3873 3875
f 2774 2961 3737
f 3809 3808 766
f 2968 3784 3766
f 2969 3759 3784
f 2958 3747 3737
f 2132 3747 3766
f 2321 2185 3771
f 3860 3848 1449
f 3905 3874 582
f 3886 3889 577
f 3847 3826 1818
f 705 3902 3887
f 3816 3912 3907
f 2111 3883 3911
f 3810 3829 1366
f 1812 3839 3822
f 675 3851 3852
f 3496 3705 3851
f 2110 3867 3868
f 2104 3896 3901
f 2109 3868 3899
f 3842 3831 703
f 1680 3811 3846
f 1639 1627 3819
f 623 3904 3906
f 2139 2140 3866
f 1808 1640 3844
f 3820 3821 1819
f 3872 3914 3900
f 1646 3832 3830
f 3889 3890 633
f 2139 3865 3875
f 2156 2155 3871
f 674 3852 3913
f 2117 3817 3812
f 1815 3822 3847
f 3855 3849 1444
f 697 3906 3912
f 866 842 3836
f 3864 3869 2136
f 3585 3731 3726
f 3583 3740 3731
f 3753 3746 3738
f 3740 3583 3581
f 1088 3738 3746
f 3739 3740 3743
f 2791 3492 3493
f 3492 2808 2807
f 2792 3493 3494
f 3493 2807 2806
f 3508 2909 3494
f 3516 3494 2806
f 2948 3503 3791
f 2105 3908 3896
f 3538 3802 3804
f 680 3878 3876
f 1891 1890 3910
f 2905 3799 3801
f 2900 3797 3799
f 2901 3797 3807
f 2734 2878 3806
f 2877 3807 3806
f 2820 3800 3794
f 2818 3796 3792
f 2823 3793 3792
f 2822 3793 3798
f 2819 2735 3800
f 2817 3796 3795
f 2809 3805 3795
f 2808 3805 3803
f 2805 3804 3803
f 1702 3921 3923
f 3922 3920 1797
f 3915 3916 1706
f 3918 3927 1692
f 1657 3898 3880
f 1890 1877 3895
f 3772 3770 1674
f 1689 1690 3772
f 3926 3802 3538
f 3516 3539 1689
f 3917 3923 1703
f 1598 3917 3928
f 3880 3884 1876
f 1691 1690 3925
f 3925 3926 1688
f 3934 3933 3937
f 3934 3938 3939
f 3932 3936 3937
f 3938 3942 3943
f 3937 3936 3940
f 3937 3941 3942
f 3942 3946 3947
f 3941 3940 3944
f 3942 3941 3945
f 3947 3946 3950
f 3944 3948 3949
f 3945 3949 3950
f 3950 3954 3955
f 3949 3948 3952
f 3950 3949 3953
f 3955 3954 3958
f 3953 3952 3956
f 3953 3957 3958
f 3959 3958 3962
f 3957 3956 3960
f 3958 3957 3961
f 3962 3966 3967
f 3960 3964 3965
f 3961 3965 3966
f 3966 3970 3971
f 3965 3964 3968
f 3966 3965 3969
f 3970 3974 3975
f 3968 3972 3973
f 3969 3973 3974
f 3974 3978 3979
f 3973 3972 3976
f 3974 3973 3977
f 3979 3978 3982
f 3976 3980 3981
f 3977 3981 3982
f 3982 3986 3987
f 3981 3980 3984
f 3982 3981 3985
f 3987 3986 3990
f 3984 3988 3989
f 3985 3989 3990
f 3991 3990 3994
f 3989 3988 3992
f 3990 3989 3993
f 3995 3994 3998
f 3992 3996 3997
f 3993 3997 3998
f 3998 4002 4003
f 3997 3996 4000
f 3998 3997 4001
f 4002 4006 4007
f 4000 4004 4005
f 4001 4005 4006
f 4006 4010 4011
f 4005 4004 4008
f 4006 4005 4009
f 4011 4010 4014
f 4008 4012 4013
f 4009 4013 4014
f 4014 4018 4019
f 4013 4012 4016
f 4014 4013 4017
f 4019 4018 4022
f 4016 4020 4021
f 4017 4021 4022
f 4023 4022 4026
f 4021 4020 4024
f 4022 4021 4025
f 4027 4026 4030
f 4024 4028 4029
f 4025 4029 4030
f 4031 4030 4034
f 4029 4028 4032
f 4030 4029 4033
f 4034 4038 4039
f 4032 4036 4037
f 4033 4037 4038
f 4038 4042 4043
f 4037 4036 4040
f 4038 4037 4041
f 4043 4042 4046
f 4040 4044 4045
f 4041 4045 4046
f 4046 4050 4051
f 4045 4044 4048
f 4046 4045 4049
f 4051 4050 4055
f 4048 4053 4054
f 4049 4054 4055
f 4056 4055 4059
f 4053 4057 4058
f 4055 4054 4058
f 4060 4059 3934
f 4058 4057 3932
f 4058 3933 3934
f 4069 4068 4081
f 4065 4064 4077
f 4063 4062 4075
f 4071 4084 4085
f 4069 4082 4083
f 4067 4080 4081
f 4066 4065 4078
f 4063 4076 4077
f 4061 4074 4075
f 4072 4085 4086
f 4071 4070 4083
f 4076 4089 4090
f 4074 4087 4088
f 4086 4085 4098
f 4083 4096 4097
f 4082 4081 4094
f 4078 4077 4090
f 4076 4075 4088
f 4085 4084 4097
f 4082 4095 4096
f 4080 4093 4094
f 4089 4102 4103
f 4088 4087 4100
f 4098 4111 4112
f 4096 4109 4110
f 4095 4094 4107
f 4090 4103 4104
f 4089 4088 4101
f 4097 4110 4111
f 4095 4108 4109
f 4094 4093 4106
f 4092 4091 4104
f 4103 4102 4115
f 4100 4113 4114
f 4112 4111 4124
f 4110 4109 4122
f 4107 4120 4121
f 4103 4116 4117
f 4101 4114 4115
f 4110 4123 4124
f 4109 4108 4121
f 4107 4106 4119
f 4105 4104 4117
f 4115 4128 4129
f 4114 4113 4126
f 4124 4137 4138
f 4123 4122 4135
f 4120 4133 4134
f 4117 4116 4129
f 4114 4127 4128
f 4124 4123 4136
f 4122 4121 4134
f 4119 4132 4133
f 4117 4130 4131
f 4129 4128 4141
f 4126 4139 4140
f 4138 4137 4150
f 4136 4135 4148
f 4133 4146 4147
f 4130 4129 4142
f 4127 4140 4141
f 4137 4136 4149
f 4135 4134 4147
f 4132 4145 4146
f 4131 4130 4143
f 4142 4141 4154
f 4140 4139 4152
f 4150 4162 4163
f 4149 4148 4160
f 4146 4158 4159
f 4142 4155 4156
f 4140 4153 4154
f 4149 4161 4162
f 4148 4147 4159
f 4146 4145 4157
f 4144 4143 4156
f 4155 4154 4166
f 4153 4152 4164
f 4162 4175 4176
f 4160 4173 4174
f 4158 4171 4172
f 4155 4167 4168
f 4153 4165 4166
f 4162 4161 4174
f 4160 4159 4172
f 4158 4157 4170
f 4156 4168 4169
f 4166 4179 4180
f 4164 4177 4178
f 4175 4188 4189
f 4174 4173 4186
f 4172 4171 4184
f 4168 4167 4180
f 4166 4165 4178
f 4174 4187 4188
f 4172 4185 4186
f 4170 4183 4184
f 4169 4168 4181
f 4179 4192 4193
f 4177 4190 4191
f 4189 4188 4201
f 4186 4199 4200
f 4185 4184 4197
f 4181 4180 4193
f 4179 4178 4191
f 4188 4187 4200
f 4185 4198 4199
f 4183 4196 4197
f 4182 4181 4194
f 4192 4205 4206
f 4191 4190 4203
f 4201 4214 4215
f 4199 4212 4213
f 4198 4197 4210
f 4195 4208 4209
f 4193 4206 4207
f 4192 4191 4204
f 4200 4213 4214
f 4198 4211 4212
f 4197 4196 4209
f 4206 4205 4218
f 4203 4216 4217
f 4215 4214 4227
f 4212 4225 4226
f 4210 4223 4224
f 4208 4221 4222
f 4206 4219 4220
f 4204 4217 4218
f 4213 4226 4227
f 4212 4211 4224
f 4210 4209 4222
f 4218 4231 4232
f 4217 4216 4229
f 4227 4240 4241
f 4225 4238 4239
f 4224 4223 4236
f 4220 4219 4232
f 4217 4230 4231
f 4227 4226 4239
f 4225 4224 4237
f 4222 4235 4236
f 4220 4233 4234
f 4232 4231 4244
f 4229 4242 4243
f 4241 4240 4253
f 4239 4238 4251
f 4236 4249 4250
f 4233 4232 4245
f 4230 4243 4244
f 4240 4239 4252
f 4238 4237 4250
f 4235 4248 4249
f 4234 4233 4246
f 4245 4244 4257
f 4243 4242 4255
f 4253 4266 4267
f 4252 4251 4264
f 4249 4262 4263
f 4245 4258 4259
f 4243 4256 4257
f 4252 4265 4266
f 4251 4250 4263
f 4249 4248 4261
f 4258 4257 4270
f 4256 4255 4268
f 4266 4279 4280
f 4264 4277 4278
f 4262 4275 4276
f 4258 4271 4272
f 4256 4269 4270
f 4265 4278 4279
f 4264 4263 4276
f 4262 4261 4274
f 4259 4272 4273
f 4270 4283 4284
f 4268 4281 4282
f 4280 4279 4292
f 4278 4277 4290
f 4276 4275 4288
f 4272 4271 4284
f 4270 4269 4282
f 4279 4278 4291
f 4276 4289 4290
f 4274 4287 4288
f 4273 4272 4285
f 4283 4296 4297
f 4281 4294 4295
f 4293 4292 4305
f 4290 4303 4304
f 4289 4288 4301
f 4285 4284 4297
f 4283 4282 4295
f 4292 4291 4304
f 4289 4302 4303
f 4287 4300 4301
f 4296 4309 4310
f 4295 4294 4307
f 4305 4318 4319
f 4303 4316 4317
f 4302 4301 4314
f 4297 4310 4311
f 4296 4295 4308
f 4304 4317 4318
f 4303 4302 4315
f 4301 4300 4313
f 4299 4298 4311
f 4309 4322 4323
f 4307 4320 4321
f 4319 4318 4331
f 4317 4316 4329
f 4315 4314 4327
f 4312 4325 4326
f 4310 4323 4324
f 4309 4308 4321
f 4317 4330 4331
f 4315 4328 4329
f 4314 4313 4326
f 4322 4335 4336
f 4321 4320 4333
f 4331 4344 4345
f 4329 4342 4343
f 4328 4327 4340
f 4324 4323 4336
f 4321 4334 4335
f 4331 4330 4343
f 4329 4328 4341
f 4326 4339 4340
f 4324 4337 4338
f 4336 4335 4349
f 4333 4347 4348
f 4345 4344 4358
f 4343 4342 4356
f 4340 4354 4355
f 4337 4336 4350
f 4334 4348 4349
f 4344 4343 4357
f 4342 4341 4355
f 4339 4353 4354
f 4337 4351 4352
f 4350 4349 4362
f 4348 4347 4360
f 4358 4371 4372
f 4357 4356 4369
f 4354 4367 4368
f 4350 4363 4364
f 4348 4361 4362
f 4357 4370 4371
f 4356 4355 4368
f 4354 4353 4366
f 4363 4362 4375
f 4361 4360 4373
f 4372 4371 4384
f 4369 4382 4383
f 4367 4380 4381
f 4366 4365 4378
f 4363 4376 4377
f 4361 4374 4375
f 4371 4370 4383
f 4369 4368 4381
f 4367 4366 4379
f 4375 4388 4389
f 4373 4386 4387
f 4384 4397 4398
f 4383 4382 4395
f 4381 4380 4393
f 4377 4376 4389
f 4375 4374 4387
f 4383 4396 4397
f 4381 4394 4395
f 4379 4392 4393
f 4388 4401 4402
f 4386 4399 4400
f 4398 4397 4410
f 4395 4408 4409
f 4394 4393 4406
f 4390 4389 4402
f 4388 4387 4400
f 4397 4396 4409
f 4394 4407 4408
f 4392 4405 4406
f 4390 4403 4404
f 4401 4414 4415
f 4400 4399 4412
f 4410 4423 4424
f 4408 4421 4422
f 4407 4406 4419
f 4402 4415 4416
f 4401 4400 4413
f 4409 4422 4423
f 4407 4420 4421
f 4406 4405 4418
f 4415 4414 4427
f 4412 4425 4426
f 4424 4423 4436
f 4422 4421 4434
f 4420 4419 4432
f 4415 4428 4429
f 4414 4413 4426
f 4422 4435 4436
f 4420 4433 4434
f 4419 4418 4431
f 4427 4440 4441
f 4425 4438 4439
f 4436 4449 4450
f 4434 4447 4448
f 4433 4432 4445
f 4429 4428 4441
f 4426 4439 4440
f 4436 4435 4448
f 4434 4433 4446
f 4431 4444 4445
f 4429 4442 4443
f 4441 4440 4453
f 4438 4451 4452
f 4450 4449 4462
f 4448 4447 4460
f 4445 4458 4459
f 4442 4441 4454
f 4439 4452 4453
f 4449 4448 4461
f 4446 4459 4460
f 4444 4457 4458
f 4443 4442 4455
f 4454 4453 4466
f 4452 4451 4464
f 4462 4475 4476
f 4461 4460 4473
f 4458 4471 4472
f 4456 4469 4470
f 4454 4467 4468
f 4452 4465 4466
f 4461 4474 4475
f 4460 4459 4472
f 4458 4457 4470
f 4467 4466 4063
f 4465 4464 4061
f 4476 4475 4072
f 4473 4070 4071
f 4471 4068 4069
f 4467 4064 4065
f 4465 4062 4063
f 4475 4474 4071
f 4473 4472 4069
f 4471 4470 4067
f 4468 4065 4066
f 3935 4061 4464
f 4464 4451 4056
f 4451 4438 4051
f 4438 4425 4047
f 4047 4425 4412
f 4043 4412 4399
f 4039 4399 4386
f 4386 4373 4031
f 4031 4373 4360
f 4360 4347 4023
f 4347 4333 4019
f 4333 4320 4015
f 4015 4320 4307
f 4011 4307 4294
f 4007 4294 4281
f 4281 4268 3999
f 3999 4268 4255
f 4255 4242 3991
f 4242 4229 3987
f 4229 4216 3983
f 3983 4216 4203
f 3979 4203 4190
f 3975 4190 4177
f 4177 4164 3967
f 3967 4164 4152
f 4152 4139 3959
f 4139 4126 3955
f 4126 4113 3951
f 3951 4113 4100
f 3947 4100 4087
f 3943 4087 4074
f 4074 4061 3935
f 4479 4478 4482
f 4479 4483 4484
f 4478 4477 4481
f 4483 4487 4488
f 4481 4485 4486
f 4482 4486 4487
f 4487 4491 4492
f 4486 4485 4489
f 4487 4486 4490
f 4492 4491 4495
f 4489 4493 4494
f 4490 4494 4495
f 4495 4499 4500
f 4494 4493 4497
f 4495 4494 4498
f 4500 4499 4503
f 4497 4501 4502
f 4498 4502 4503
f 4504 4503 4507
f 4502 4501 4505
f 4503 4502 4506
f 4508 4507 4511
f 4505 4509 4510
f 4506 4510 4511
f 4512 4511 4515
f 4510 4509 4513
f 4511 4510 4514
f 4515 4519 4520
f 4513 4517 4518
f 4514 4518 4519
f 4519 4523 4524
f 4517 4521 4522
f 4519 4518 4522
f 4524 4523 4527
f 4521 4525 4526
f 4522 4526 4527
f 4527 4531 4532
f 4526 4525 4529
f 4527 4526 4530
f 4532 4531 4535
f 4529 4533 4534
f 4530 4534 4535
f 4536 4535 4539
f 4533 4537 4538
f 4535 4534 4538
f 4540 4539 4543
f 4538 4537 4541
f 4538 4542 4543
f 4543 4547 4548
f 4541 4545 4546
f 4543 4542 4546
f 4547 4551 4552
f 4546 4545 4549
f 4546 4550 4551
f 4551 4555 4556
f 4550 4549 4553
f 4551 4550 4554
f 4556 4555 4559
f 4553 4557 4558
f 4554 4558 4559
f 4559 4563 4564
f 4558 4557 4561
f 4559 4558 4562
f 4564 4563 4567
f 4561 4565 4566
f 4562 4566 4567
f 4568 4567 4571
f 4566 4565 4569
f 4567 4566 4570
f 4571 4575 4576
f 4569 4573 4574
f 4570 4574 4575
f 4575 4579 4580
f 4574 4573 4577
f 4575 4574 4578
f 4579 4583 4584
f 4577 4581 4582
f 4578 4582 4583
f 4583 4587 4588
f 4582 4581 4585
f 4583 4582 4586
f 4588 4587 4591
f 4585 4589 4590
f 4586 4590 4591
f 4591 4595 4596
f 4590 4589 4593
f 4591 4590 4594
f 4596 4595 4600
f 4593 4598 4599
f 4594 4599 4600
f 4601 4600 4604
f 4599 4598 4602
f 4600 4599 4603
f 4605 4604 4479
f 4602 4477 4478
f 4603 4478 4479
f 4614 4613 4626
f 4611 4624 4625
f 4610 4609 4622
f 4608 4607 4620
f 4617 4616 4629
f 4614 4627 4628
f 4612 4625 4626
f 4608 4621 4622
f 4606 4619 4620
f 4618 4617 4630
f 4616 4615 4628
f 4621 4634 4635
f 4619 4632 4633
f 4631 4630 4643
f 4628 4641 4642
f 4627 4626 4639
f 4625 4624 4637
f 4623 4622 4635
f 4621 4620 4633
f 4630 4629 4642
f 4627 4640 4641
f 4625 4638 4639
f 4634 4647 4648
f 4633 4632 4645
f 4643 4656 4657
f 4641 4654 4655
f 4640 4639 4652
f 4635 4648 4649
f 4634 4633 4646
f 4642 4655 4656
f 4641 4640 4653
f 4639 4638 4651
f 4636 4649 4650
f 4647 4660 4661
f 4645 4658 4659
f 4657 4656 4669
f 4655 4654 4667
f 4652 4665 4666
f 4648 4661 4662
f 4647 4646 4659
f 4655 4668 4669
f 4653 4666 4667
f 4652 4651 4664
f 4650 4649 4662
f 4660 4673 4674
f 4659 4658 4671
f 4669 4682 4683
f 4667 4680 4681
f 4666 4665 4678
f 4662 4661 4674
f 4660 4659 4672
f 4669 4668 4681
f 4666 4679 4680
f 4664 4677 4678
f 4674 4673 4686
f 4671 4684 4685
f 4683 4682 4695
f 4681 4680 4693
f 4678 4691 4692
f 4677 4676 4689
f 4675 4674 4687
f 4672 4685 4686
f 4682 4681 4694
f 4680 4679 4692
f 4677 4690 4691
f 4687 4686 4699
f 4685 4684 4697
f 4695 4708 4709
f 4694 4693 4706
f 4691 4704 4705
f 4687 4700 4701
f 4685 4698 4699
f 4694 4707 4708
f 4693 4692 4705
f 4691 4690 4703
f 4688 4701 4702
f 4700 4699 4712
f 4698 4697 4710
f 4709 4708 4721
f 4706 4719 4720
f 4704 4717 4718
f 4700 4713 4714
f 4698 4711 4712
f 4708 4707 4720
f 4706 4705 4718
f 4704 4703 4716
f 4712 4725 4726
f 4710 4723 4724
f 4722 4721 4734
f 4720 4719 4732
f 4718 4717 4730
f 4715 4728 4729
f 4714 4713 4726
f 4712 4711 4724
f 4720 4733 4734
f 4718 4731 4732
f 4716 4729 4730
f 4725 4738 4739
f 4723 4736 4737
f 4735 4734 4747
f 4732 4745 4746
f 4731 4730 4743
f 4727 4726 4739
f 4725 4724 4737
f 4734 4733 4746
f 4731 4744 4745
f 4729 4742 4743
f 4727 4740 4741
f 4738 4751 4752
f 4737 4736 4749
f 4747 4760 4761
f 4745 4758 4759
f 4744 4743 4756
f 4739 4752 4753
f 4738 4737 4750
f 4746 4759 4760
f 4744 4757 4758
f 4743 4742 4755
f 4752 4751 4764
f 4749 4762 4763
f 4761 4760 4773
f 4758 4771 4772
f 4757 4756 4769
f 4754 4767 4768
f 4752 4765 4766
f 4751 4750 4763
f 4759 4772 4773
f 4757 4770 4771
f 4756 4755 4768
f 4764 4777 4778
f 4763 4762 4775
f 4773 4786 4787
f 4771 4784 4785
f 4770 4769 4782
f 4768 4767 4780
f 4766 4765 4778
f 4764 4763 4776
f 4773 4772 4785
f 4770 4783 4784
f 4768 4781 4782
f 4778 4777 4790
f 4775 4788 4789
f 4787 4786 4799
f 4785 4784 4797
f 4782 4795 4796
f 4781 4780 4793
f 4779 4778 4791
f 4776 4789 4790
f 4786 4785 4798
f 4784 4783 4796
f 4781 4794 4795
f 4791 4790 4803
f 4789 4788 4801
f 4799 4812 4813
f 4798 4797 4810
f 4795 4808 4809
f 4794 4793 4806
f 4791 4804 4805
f 4789 4802 4803
f 4798 4811 4812
f 4797 4796 4809
f 4795 4794 4807
f 4804 4803 4816
f 4802 4801 4814
f 4813 4812 4825
f 4810 4823 4824
f 4808 4821 4822
f 4807 4806 4819
f 4804 4817 4818
f 4802 4815 4816
f 4812 4811 4824
f 4810 4809 4822
f 4808 4807 4820
f 4816 4829 4830
f 4814 4827 4828
f 4825 4838 4839
f 4824 4823 4836
f 4822 4821 4834
f 4819 4832 4833
f 4818 4817 4830
f 4816 4815 4828
f 4824 4837 4838
f 4822 4835 4836
f 4820 4833 4834
f 4829 4842 4843
f 4827 4840 4841
f 4839 4838 4851
f 4836 4849 4850
f 4835 4834 4847
f 4831 4830 4843
f 4829 4828 4841
f 4838 4837 4850
f 4835 4848 4849
f 4833 4846 4847
f 4831 4844 4845
f 4842 4855 4856
f 4841 4840 4853
f 4851 4864 4865
f 4849 4862 4863
f 4848 4847 4860
f 4843 4856 4857
f 4842 4841 4854
f 4850 4863 4864
f 4848 4861 4862
f 4847 4846 4859
f 4844 4857 4858
f 4856 4855 4868
f 4854 4853 4866
f 4865 4864 4876
f 4863 4862 4874
f 4861 4860 4872
f 4856 4869 4870
f 4855 4854 4867
f 4863 4875 4876
f 4861 4873 4874
f 4860 4859 4871
f 4858 4857 4870
f 4868 4880 4881
f 4867 4866 4878
f 4876 4889 4890
f 4875 4874 4887
f 4872 4885 4886
f 4870 4869 4881
f 4867 4879 4880
f 4876 4875 4888
f 4874 4873 4886
f 4871 4884 4885
f 4870 4882 4883
f 4881 4880 4894
f 4878 4892 4893
f 4890 4889 4903
f 4888 4887 4901
f 4885 4899 4900
f 4882 4881 4895
f 4879 4893 4894
f 4889 4888 4902
f 4887 4886 4900
f 4884 4898 4899
f 4883 4882 4896
f 4895 4894 4907
f 4893 4892 4905
f 4903 4916 4917
f 4902 4901 4914
f 4899 4912 4913
f 4895 4908 4909
f 4893 4906 4907
f 4902 4915 4916
f 4901 4900 4913
f 4899 4898 4911
f 4897 4896 4909
f 4908 4907 4920
f 4906 4905 4918
f 4917 4916 4929
f 4914 4927 4928
f 4912 4925 4926
f 4908 4921 4922
f 4906 4919 4920
f 4916 4915 4928
f 4914 4913 4926
f 4912 4911 4924
f 4909 4922 4923
f 4920 4933 4934
f 4918 4931 4932
f 4929 4942 4943
f 4928 4927 4940
f 4926 4925 4938
f 4922 4921 4934
f 4920 4919 4932
f 4928 4941 4942
f 4926 4939 4940
f 4924 4937 4938
f 4923 4922 4935
f 4933 4946 4947
f 4931 4944 4945
f 4943 4942 4955
f 4940 4953 4954
f 4939 4938 4951
f 4935 4934 4947
f 4933 4932 4945
f 4942 4941 4954
f 4939 4952 4953
f 4937 4950 4951
f 4946 4959 4960
f 4945 4944 4957
f 4955 4968 4969
f 4953 4966 4967
f 4952 4951 4964
f 4947 4960 4961
f 4946 4945 4958
f 4954 4967 4968
f 4952 4965 4966
f 4951 4950 4963
f 4949 4948 4961
f 4960 4959 4972
f 4957 4970 4971
f 4969 4968 4980
f 4966 4978 4979
f 4964 4976 4977
f 4960 4973 4974
f 4958 4971 4972
f 4967 4979 4980
f 4965 4977 4978
f 4964 4963 4975
f 4973 4972 4984
f 4971 4970 4982
f 4980 4993 4994
f 4978 4991 4992
f 4976 4989 4990
f 4974 4973 4985
f 4971 4983 4984
f 4980 4979 4992
f 4978 4977 4990
f 4975 4988 4989
f 4985 4984 4997
f 4982 4995 4996
f 4994 4993 5006
f 4992 4991 5004
f 4989 5002 5003
f 4986 4985 4998
f 4983 4996 4997
f 4993 4992 5005
f 4991 4990 5003
f 4988 5001 5002
f 4986 4999 5000
f 4998 4997 5010
f 4996 4995 5008
f 5006 5019 5020
f 5005 5004 5017
f 5002 5015 5016
f 4998 5011 5012
f 4996 5009 5010
f 5005 5018 5019
f 5004 5003 5016
f 5002 5001 5014
f 4999 5012 5013
f 5011 5010 4608
f 5009 5008 4606
f 5019 4617 4618
f 5017 4615 4616
f 5015 4613 4614
f 5011 4609 4610
f 5009 4607 4608
f 5018 4616 4617
f 5017 5016 4614
f 5015 5014 4612
f 4480 4606 5008
f 5008 4995 4601
f 4995 4982 4596
f 4982 4970 4592
f 4592 4970 4957
f 4588 4957 4944
f 4584 4944 4931
f 4931 4918 4576
f 4576 4918 4905
f 4905 4892 4568
f 4892 4878 4564
f 4878 4866 4560
f 4560 4866 4853
f 4556 4853 4840
f 4552 4840 4827
f 4827 4814 4544
f 4544 4814 4801
f 4801 4788 4536
f 4788 4775 4532
f 4775 4762 4528
f 4528 4762 4749
f 4524 4749 4736
f 4520 4736 4723
f 4723 4710 4512
f 4512 4710 4697
f 4697 4684 4504
f 4684 4671 4500
f 4671 4658 4496
f 4496 4658 4645
f 4492 4645 4632
f 4488 4632 4619
f 4619 4606 4480